solid OpenSCAD_Model
  facet normal 0.980786 -0.195087 0
    outer loop
      vertex -77.9097 19.0612 2
      vertex -77.7566 19.8309 0
      vertex -77.7566 19.8309 2
    endloop
  endfacet
  facet normal 0.980786 -0.195087 0
    outer loop
      vertex -77.7566 19.8309 0
      vertex -77.9097 19.0612 2
      vertex -77.9097 19.0612 0
    endloop
  endfacet
  facet normal 0.997862 -0.0653605 0
    outer loop
      vertex -77.961 18.278 2
      vertex -77.9097 19.0612 0
      vertex -77.9097 19.0612 2
    endloop
  endfacet
  facet normal 0.997862 -0.0653605 0
    outer loop
      vertex -77.9097 19.0612 0
      vertex -77.961 18.278 2
      vertex -77.961 18.278 0
    endloop
  endfacet
  facet normal -0.659406 -0.751787 0
    outer loop
      vertex -68.3084 23.0381 0
      vertex -67.7184 22.5206 2
      vertex -68.3084 23.0381 2
    endloop
  endfacet
  facet normal -0.659406 -0.751787 -0
    outer loop
      vertex -67.7184 22.5206 2
      vertex -68.3084 23.0381 0
      vertex -67.7184 22.5206 0
    endloop
  endfacet
  facet normal 0.0653605 0.997862 -0
    outer loop
      vertex -71.961 12.278 0
      vertex -72.7442 12.3293 2
      vertex -71.961 12.278 2
    endloop
  endfacet
  facet normal 0.0653605 0.997862 0
    outer loop
      vertex -72.7442 12.3293 2
      vertex -71.961 12.278 0
      vertex -72.7442 12.3293 0
    endloop
  endfacet
  facet normal -0.946923 0.32146 0
    outer loop
      vertex -66.4177 15.9819 0
      vertex -66.1654 16.7251 2
      vertex -66.1654 16.7251 0
    endloop
  endfacet
  facet normal -0.946923 0.32146 0
    outer loop
      vertex -66.1654 16.7251 2
      vertex -66.4177 15.9819 0
      vertex -66.4177 15.9819 2
    endloop
  endfacet
  facet normal 0.980786 0.195087 0
    outer loop
      vertex -77.7566 16.7251 2
      vertex -77.9097 17.4948 0
      vertex -77.9097 17.4948 2
    endloop
  endfacet
  facet normal 0.980786 0.195087 0
    outer loop
      vertex -77.9097 17.4948 0
      vertex -77.7566 16.7251 2
      vertex -77.7566 16.7251 0
    endloop
  endfacet
  facet normal -0.997862 -0.0653605 0
    outer loop
      vertex -65.961 18.278 0
      vertex -66.0123 19.0612 2
      vertex -66.0123 19.0612 0
    endloop
  endfacet
  facet normal -0.997862 -0.0653605 0
    outer loop
      vertex -66.0123 19.0612 2
      vertex -65.961 18.278 0
      vertex -65.961 18.278 2
    endloop
  endfacet
  facet normal 0.195087 0.980786 -0
    outer loop
      vertex -72.7442 12.3293 0
      vertex -73.5139 12.4824 2
      vertex -72.7442 12.3293 2
    endloop
  endfacet
  facet normal 0.195087 0.980786 0
    outer loop
      vertex -73.5139 12.4824 2
      vertex -72.7442 12.3293 0
      vertex -73.5139 12.4824 0
    endloop
  endfacet
  facet normal -0.980786 -0.195087 0
    outer loop
      vertex -66.0123 19.0612 0
      vertex -66.1654 19.8309 2
      vertex -66.1654 19.8309 0
    endloop
  endfacet
  facet normal -0.980786 -0.195087 0
    outer loop
      vertex -66.1654 19.8309 2
      vertex -66.0123 19.0612 0
      vertex -66.0123 19.0612 2
    endloop
  endfacet
  facet normal 0.442263 -0.896885 0
    outer loop
      vertex -74.961 23.4742 0
      vertex -74.2571 23.8213 2
      vertex -74.961 23.4742 2
    endloop
  endfacet
  facet normal 0.442263 -0.896885 0
    outer loop
      vertex -74.2571 23.8213 2
      vertex -74.961 23.4742 0
      vertex -74.2571 23.8213 0
    endloop
  endfacet
  facet normal -0.831442 -0.555611 0
    outer loop
      vertex -66.7648 21.278 0
      vertex -67.2009 21.9306 2
      vertex -67.2009 21.9306 0
    endloop
  endfacet
  facet normal -0.831442 -0.555611 0
    outer loop
      vertex -67.2009 21.9306 2
      vertex -66.7648 21.278 0
      vertex -66.7648 21.278 2
    endloop
  endfacet
  facet normal 0.831442 0.555611 0
    outer loop
      vertex -76.7211 14.6254 2
      vertex -77.1572 15.278 0
      vertex -77.1572 15.278 2
    endloop
  endfacet
  facet normal 0.831442 0.555611 0
    outer loop
      vertex -77.1572 15.278 0
      vertex -76.7211 14.6254 2
      vertex -76.7211 14.6254 0
    endloop
  endfacet
  facet normal 0.442263 0.896885 -0
    outer loop
      vertex -74.2571 12.7347 0
      vertex -74.961 13.0818 2
      vertex -74.2571 12.7347 2
    endloop
  endfacet
  facet normal 0.442263 0.896885 0
    outer loop
      vertex -74.961 13.0818 2
      vertex -74.2571 12.7347 0
      vertex -74.961 13.0818 0
    endloop
  endfacet
  facet normal 0.751787 0.659406 0
    outer loop
      vertex -76.2036 14.0354 2
      vertex -76.7211 14.6254 0
      vertex -76.7211 14.6254 2
    endloop
  endfacet
  facet normal 0.751787 0.659406 0
    outer loop
      vertex -76.7211 14.6254 0
      vertex -76.2036 14.0354 2
      vertex -76.2036 14.0354 0
    endloop
  endfacet
  facet normal 0.32146 -0.946923 0
    outer loop
      vertex -74.2571 23.8213 0
      vertex -73.5139 24.0736 2
      vertex -74.2571 23.8213 2
    endloop
  endfacet
  facet normal 0.32146 -0.946923 0
    outer loop
      vertex -73.5139 24.0736 2
      vertex -74.2571 23.8213 0
      vertex -73.5139 24.0736 0
    endloop
  endfacet
  facet normal -0.442263 -0.896885 0
    outer loop
      vertex -69.6649 23.8213 0
      vertex -68.961 23.4742 2
      vertex -69.6649 23.8213 2
    endloop
  endfacet
  facet normal -0.442263 -0.896885 -0
    outer loop
      vertex -68.961 23.4742 2
      vertex -69.6649 23.8213 0
      vertex -68.961 23.4742 0
    endloop
  endfacet
  facet normal -0.751787 -0.659406 0
    outer loop
      vertex -67.2009 21.9306 0
      vertex -67.7184 22.5206 2
      vertex -67.7184 22.5206 0
    endloop
  endfacet
  facet normal -0.751787 -0.659406 0
    outer loop
      vertex -67.7184 22.5206 2
      vertex -67.2009 21.9306 0
      vertex -67.2009 21.9306 2
    endloop
  endfacet
  facet normal -0.555611 0.831442 0
    outer loop
      vertex -68.3084 13.5179 0
      vertex -68.961 13.0818 2
      vertex -68.3084 13.5179 2
    endloop
  endfacet
  facet normal -0.555611 0.831442 0
    outer loop
      vertex -68.961 13.0818 2
      vertex -68.3084 13.5179 0
      vertex -68.961 13.0818 0
    endloop
  endfacet
  facet normal 0.32146 0.946923 -0
    outer loop
      vertex -73.5139 12.4824 0
      vertex -74.2571 12.7347 2
      vertex -73.5139 12.4824 2
    endloop
  endfacet
  facet normal 0.32146 0.946923 0
    outer loop
      vertex -74.2571 12.7347 2
      vertex -73.5139 12.4824 0
      vertex -74.2571 12.7347 0
    endloop
  endfacet
  facet normal 0.0653605 -0.997862 0
    outer loop
      vertex -72.7442 24.2267 0
      vertex -71.961 24.278 2
      vertex -72.7442 24.2267 2
    endloop
  endfacet
  facet normal 0.0653605 -0.997862 0
    outer loop
      vertex -71.961 24.278 2
      vertex -72.7442 24.2267 0
      vertex -71.961 24.278 0
    endloop
  endfacet
  facet normal -0.896885 0.442263 0
    outer loop
      vertex -66.7648 15.278 0
      vertex -66.4177 15.9819 2
      vertex -66.4177 15.9819 0
    endloop
  endfacet
  facet normal -0.896885 0.442263 0
    outer loop
      vertex -66.4177 15.9819 2
      vertex -66.7648 15.278 0
      vertex -66.7648 15.278 2
    endloop
  endfacet
  facet normal -0.896885 -0.442263 0
    outer loop
      vertex -66.4177 20.5741 0
      vertex -66.7648 21.278 2
      vertex -66.7648 21.278 0
    endloop
  endfacet
  facet normal -0.896885 -0.442263 0
    outer loop
      vertex -66.7648 21.278 2
      vertex -66.4177 20.5741 0
      vertex -66.4177 20.5741 2
    endloop
  endfacet
  facet normal -0.555611 -0.831442 0
    outer loop
      vertex -68.961 23.4742 0
      vertex -68.3084 23.0381 2
      vertex -68.961 23.4742 2
    endloop
  endfacet
  facet normal -0.555611 -0.831442 -0
    outer loop
      vertex -68.3084 23.0381 2
      vertex -68.961 23.4742 0
      vertex -68.3084 23.0381 0
    endloop
  endfacet
  facet normal 0.555611 0.831442 -0
    outer loop
      vertex -74.961 13.0818 0
      vertex -75.6136 13.5179 2
      vertex -74.961 13.0818 2
    endloop
  endfacet
  facet normal 0.555611 0.831442 0
    outer loop
      vertex -75.6136 13.5179 2
      vertex -74.961 13.0818 0
      vertex -75.6136 13.5179 0
    endloop
  endfacet
  facet normal -0.659406 0.751787 0
    outer loop
      vertex -67.7184 14.0354 0
      vertex -68.3084 13.5179 2
      vertex -67.7184 14.0354 2
    endloop
  endfacet
  facet normal -0.659406 0.751787 0
    outer loop
      vertex -68.3084 13.5179 2
      vertex -67.7184 14.0354 0
      vertex -68.3084 13.5179 0
    endloop
  endfacet
  facet normal -0.195087 0.980786 0
    outer loop
      vertex -70.4081 12.4824 0
      vertex -71.1778 12.3293 2
      vertex -70.4081 12.4824 2
    endloop
  endfacet
  facet normal -0.195087 0.980786 0
    outer loop
      vertex -71.1778 12.3293 2
      vertex -70.4081 12.4824 0
      vertex -71.1778 12.3293 0
    endloop
  endfacet
  facet normal 0.997862 0.0653605 0
    outer loop
      vertex -77.9097 17.4948 2
      vertex -77.961 18.278 0
      vertex -77.961 18.278 2
    endloop
  endfacet
  facet normal 0.997862 0.0653605 0
    outer loop
      vertex -77.961 18.278 0
      vertex -77.9097 17.4948 2
      vertex -77.9097 17.4948 0
    endloop
  endfacet
  facet normal 0.659406 -0.751787 0
    outer loop
      vertex -76.2036 22.5206 0
      vertex -75.6136 23.0381 2
      vertex -76.2036 22.5206 2
    endloop
  endfacet
  facet normal 0.659406 -0.751787 0
    outer loop
      vertex -75.6136 23.0381 2
      vertex -76.2036 22.5206 0
      vertex -75.6136 23.0381 0
    endloop
  endfacet
  facet normal -0.195087 -0.980786 0
    outer loop
      vertex -71.1778 24.2267 0
      vertex -70.4081 24.0736 2
      vertex -71.1778 24.2267 2
    endloop
  endfacet
  facet normal -0.195087 -0.980786 -0
    outer loop
      vertex -70.4081 24.0736 2
      vertex -71.1778 24.2267 0
      vertex -70.4081 24.0736 0
    endloop
  endfacet
  facet normal -0.32146 -0.946923 0
    outer loop
      vertex -70.4081 24.0736 0
      vertex -69.6649 23.8213 2
      vertex -70.4081 24.0736 2
    endloop
  endfacet
  facet normal -0.32146 -0.946923 -0
    outer loop
      vertex -69.6649 23.8213 2
      vertex -70.4081 24.0736 0
      vertex -69.6649 23.8213 0
    endloop
  endfacet
  facet normal 0.831442 -0.555611 0
    outer loop
      vertex -77.1572 21.278 2
      vertex -76.7211 21.9306 0
      vertex -76.7211 21.9306 2
    endloop
  endfacet
  facet normal 0.831442 -0.555611 0
    outer loop
      vertex -76.7211 21.9306 0
      vertex -77.1572 21.278 2
      vertex -77.1572 21.278 0
    endloop
  endfacet
  facet normal 0.659406 0.751787 -0
    outer loop
      vertex -75.6136 13.5179 0
      vertex -76.2036 14.0354 2
      vertex -75.6136 13.5179 2
    endloop
  endfacet
  facet normal 0.659406 0.751787 0
    outer loop
      vertex -76.2036 14.0354 2
      vertex -75.6136 13.5179 0
      vertex -76.2036 14.0354 0
    endloop
  endfacet
  facet normal 0.896885 -0.442263 0
    outer loop
      vertex -77.5043 20.5741 2
      vertex -77.1572 21.278 0
      vertex -77.1572 21.278 2
    endloop
  endfacet
  facet normal 0.896885 -0.442263 0
    outer loop
      vertex -77.1572 21.278 0
      vertex -77.5043 20.5741 2
      vertex -77.5043 20.5741 0
    endloop
  endfacet
  facet normal -0.831442 0.555611 0
    outer loop
      vertex -67.2009 14.6254 0
      vertex -66.7648 15.278 2
      vertex -66.7648 15.278 0
    endloop
  endfacet
  facet normal -0.831442 0.555611 0
    outer loop
      vertex -66.7648 15.278 2
      vertex -67.2009 14.6254 0
      vertex -67.2009 14.6254 2
    endloop
  endfacet
  facet normal -0.0653605 0.997862 0
    outer loop
      vertex -71.1778 12.3293 0
      vertex -71.961 12.278 2
      vertex -71.1778 12.3293 2
    endloop
  endfacet
  facet normal -0.0653605 0.997862 0
    outer loop
      vertex -71.961 12.278 2
      vertex -71.1778 12.3293 0
      vertex -71.961 12.278 0
    endloop
  endfacet
  facet normal 0.555611 -0.831442 0
    outer loop
      vertex -75.6136 23.0381 0
      vertex -74.961 23.4742 2
      vertex -75.6136 23.0381 2
    endloop
  endfacet
  facet normal 0.555611 -0.831442 0
    outer loop
      vertex -74.961 23.4742 2
      vertex -75.6136 23.0381 0
      vertex -74.961 23.4742 0
    endloop
  endfacet
  facet normal 0.896885 0.442263 0
    outer loop
      vertex -77.1572 15.278 2
      vertex -77.5043 15.9819 0
      vertex -77.5043 15.9819 2
    endloop
  endfacet
  facet normal 0.896885 0.442263 0
    outer loop
      vertex -77.5043 15.9819 0
      vertex -77.1572 15.278 2
      vertex -77.1572 15.278 0
    endloop
  endfacet
  facet normal -0.980786 0.195087 0
    outer loop
      vertex -66.1654 16.7251 0
      vertex -66.0123 17.4948 2
      vertex -66.0123 17.4948 0
    endloop
  endfacet
  facet normal -0.980786 0.195087 0
    outer loop
      vertex -66.0123 17.4948 2
      vertex -66.1654 16.7251 0
      vertex -66.1654 16.7251 2
    endloop
  endfacet
  facet normal -0.0653605 -0.997862 0
    outer loop
      vertex -71.961 24.278 0
      vertex -71.1778 24.2267 2
      vertex -71.961 24.278 2
    endloop
  endfacet
  facet normal -0.0653605 -0.997862 -0
    outer loop
      vertex -71.1778 24.2267 2
      vertex -71.961 24.278 0
      vertex -71.1778 24.2267 0
    endloop
  endfacet
  facet normal 0.751787 -0.659406 0
    outer loop
      vertex -76.7211 21.9306 2
      vertex -76.2036 22.5206 0
      vertex -76.2036 22.5206 2
    endloop
  endfacet
  facet normal 0.751787 -0.659406 0
    outer loop
      vertex -76.2036 22.5206 0
      vertex -76.7211 21.9306 2
      vertex -76.7211 21.9306 0
    endloop
  endfacet
  facet normal -0.751787 0.659406 0
    outer loop
      vertex -67.7184 14.0354 0
      vertex -67.2009 14.6254 2
      vertex -67.2009 14.6254 0
    endloop
  endfacet
  facet normal -0.751787 0.659406 0
    outer loop
      vertex -67.2009 14.6254 2
      vertex -67.7184 14.0354 0
      vertex -67.7184 14.0354 2
    endloop
  endfacet
  facet normal 0.946923 -0.32146 0
    outer loop
      vertex -77.7566 19.8309 2
      vertex -77.5043 20.5741 0
      vertex -77.5043 20.5741 2
    endloop
  endfacet
  facet normal 0.946923 -0.32146 0
    outer loop
      vertex -77.5043 20.5741 0
      vertex -77.7566 19.8309 2
      vertex -77.7566 19.8309 0
    endloop
  endfacet
  facet normal -0.997862 0.0653605 0
    outer loop
      vertex -66.0123 17.4948 0
      vertex -65.961 18.278 2
      vertex -65.961 18.278 0
    endloop
  endfacet
  facet normal -0.997862 0.0653605 0
    outer loop
      vertex -65.961 18.278 2
      vertex -66.0123 17.4948 0
      vertex -66.0123 17.4948 2
    endloop
  endfacet
  facet normal -0.32146 0.946923 0
    outer loop
      vertex -69.6649 12.7347 0
      vertex -70.4081 12.4824 2
      vertex -69.6649 12.7347 2
    endloop
  endfacet
  facet normal -0.32146 0.946923 0
    outer loop
      vertex -70.4081 12.4824 2
      vertex -69.6649 12.7347 0
      vertex -70.4081 12.4824 0
    endloop
  endfacet
  facet normal 0.195087 -0.980786 0
    outer loop
      vertex -73.5139 24.0736 0
      vertex -72.7442 24.2267 2
      vertex -73.5139 24.0736 2
    endloop
  endfacet
  facet normal 0.195087 -0.980786 0
    outer loop
      vertex -72.7442 24.2267 2
      vertex -73.5139 24.0736 0
      vertex -72.7442 24.2267 0
    endloop
  endfacet
  facet normal 0.946923 0.32146 0
    outer loop
      vertex -77.5043 15.9819 2
      vertex -77.7566 16.7251 0
      vertex -77.7566 16.7251 2
    endloop
  endfacet
  facet normal 0.946923 0.32146 0
    outer loop
      vertex -77.7566 16.7251 0
      vertex -77.5043 15.9819 2
      vertex -77.5043 15.9819 0
    endloop
  endfacet
  facet normal -0.946923 -0.32146 0
    outer loop
      vertex -66.1654 19.8309 0
      vertex -66.4177 20.5741 2
      vertex -66.4177 20.5741 0
    endloop
  endfacet
  facet normal -0.946923 -0.32146 0
    outer loop
      vertex -66.4177 20.5741 2
      vertex -66.1654 19.8309 0
      vertex -66.1654 19.8309 2
    endloop
  endfacet
  facet normal -0.442263 0.896885 0
    outer loop
      vertex -68.961 13.0818 0
      vertex -69.6649 12.7347 2
      vertex -68.961 13.0818 2
    endloop
  endfacet
  facet normal -0.442263 0.896885 0
    outer loop
      vertex -69.6649 12.7347 2
      vertex -68.961 13.0818 0
      vertex -69.6649 12.7347 0
    endloop
  endfacet
  facet normal 0.83163 -0.55533 0
    outer loop
      vertex -62.3164 10.978 2
      vertex -62.2147 11.1303 0
      vertex -62.2147 11.1303 2
    endloop
  endfacet
  facet normal 0.83163 -0.55533 0
    outer loop
      vertex -62.2147 11.1303 0
      vertex -62.3164 10.978 2
      vertex -62.3164 10.978 0
    endloop
  endfacet
  facet normal 0.980811 -0.194961 0
    outer loop
      vertex -62.492 10.4607 2
      vertex -62.4563 10.6403 0
      vertex -62.4563 10.6403 2
    endloop
  endfacet
  facet normal 0.980811 -0.194961 0
    outer loop
      vertex -62.4563 10.6403 0
      vertex -62.492 10.4607 2
      vertex -62.492 10.4607 0
    endloop
  endfacet
  facet normal -0.99785 -0.0655402 0
    outer loop
      vertex -59.704 10.278 0
      vertex -59.716 10.4607 2
      vertex -59.716 10.4607 0
    endloop
  endfacet
  facet normal -0.99785 -0.0655402 0
    outer loop
      vertex -59.716 10.4607 2
      vertex -59.704 10.278 0
      vertex -59.704 10.278 2
    endloop
  endfacet
  facet normal 0.195066 0.98079 -0
    outer loop
      vertex -61.2867 8.88998 0
      vertex -61.4663 8.9257 2
      vertex -61.2867 8.88998 2
    endloop
  endfacet
  facet normal 0.195066 0.98079 0
    outer loop
      vertex -61.4663 8.9257 2
      vertex -61.2867 8.88998 0
      vertex -61.4663 8.9257 0
    endloop
  endfacet
  facet normal 0.946922 -0.321462 0
    outer loop
      vertex -62.4563 10.6403 2
      vertex -62.3974 10.8138 0
      vertex -62.3974 10.8138 2
    endloop
  endfacet
  facet normal 0.946922 -0.321462 0
    outer loop
      vertex -62.3974 10.8138 0
      vertex -62.4563 10.6403 2
      vertex -62.4563 10.6403 0
    endloop
  endfacet
  facet normal 0.321462 -0.946922 0
    outer loop
      vertex -61.6398 11.5714 0
      vertex -61.4663 11.6303 2
      vertex -61.6398 11.5714 2
    endloop
  endfacet
  facet normal 0.321462 -0.946922 0
    outer loop
      vertex -61.4663 11.6303 2
      vertex -61.6398 11.5714 0
      vertex -61.4663 11.6303 0
    endloop
  endfacet
  facet normal -0.321462 -0.946922 0
    outer loop
      vertex -60.7417 11.6303 0
      vertex -60.5682 11.5714 2
      vertex -60.7417 11.6303 2
    endloop
  endfacet
  facet normal -0.321462 -0.946922 -0
    outer loop
      vertex -60.5682 11.5714 2
      vertex -60.7417 11.6303 0
      vertex -60.5682 11.5714 0
    endloop
  endfacet
  facet normal 0.321316 0.946972 -0
    outer loop
      vertex -61.4663 8.9257 0
      vertex -61.6398 8.98457 2
      vertex -61.4663 8.9257 2
    endloop
  endfacet
  facet normal 0.321316 0.946972 0
    outer loop
      vertex -61.6398 8.98457 2
      vertex -61.4663 8.9257 0
      vertex -61.6398 8.98457 0
    endloop
  endfacet
  facet normal 0.659741 -0.751493 0
    outer loop
      vertex -62.0939 11.2679 0
      vertex -61.9563 11.3887 2
      vertex -62.0939 11.2679 2
    endloop
  endfacet
  facet normal 0.659741 -0.751493 0
    outer loop
      vertex -61.9563 11.3887 2
      vertex -62.0939 11.2679 0
      vertex -61.9563 11.3887 0
    endloop
  endfacet
  facet normal 0.831579 0.555406 0
    outer loop
      vertex -62.2147 9.42573 2
      vertex -62.3164 9.578 0
      vertex -62.3164 9.578 2
    endloop
  endfacet
  facet normal 0.831579 0.555406 0
    outer loop
      vertex -62.3164 9.578 0
      vertex -62.2147 9.42573 2
      vertex -62.2147 9.42573 0
    endloop
  endfacet
  facet normal 0.751683 0.659524 0
    outer loop
      vertex -62.0939 9.28805 2
      vertex -62.2147 9.42573 0
      vertex -62.2147 9.42573 2
    endloop
  endfacet
  facet normal 0.751683 0.659524 0
    outer loop
      vertex -62.2147 9.42573 0
      vertex -62.0939 9.28805 2
      vertex -62.0939 9.28805 0
    endloop
  endfacet
  facet normal 0.442401 -0.896817 0
    outer loop
      vertex -61.804 11.4904 0
      vertex -61.6398 11.5714 2
      vertex -61.804 11.4904 2
    endloop
  endfacet
  facet normal 0.442401 -0.896817 0
    outer loop
      vertex -61.6398 11.5714 2
      vertex -61.804 11.4904 0
      vertex -61.6398 11.5714 0
    endloop
  endfacet
  facet normal 0.99785 -0.0655402 0
    outer loop
      vertex -62.504 10.278 2
      vertex -62.492 10.4607 0
      vertex -62.492 10.4607 2
    endloop
  endfacet
  facet normal 0.99785 -0.0655402 0
    outer loop
      vertex -62.492 10.4607 0
      vertex -62.504 10.278 2
      vertex -62.504 10.278 0
    endloop
  endfacet
  facet normal 0.89686 0.442314 0
    outer loop
      vertex -62.3164 9.578 2
      vertex -62.3974 9.74224 0
      vertex -62.3974 9.74224 2
    endloop
  endfacet
  facet normal 0.89686 0.442314 0
    outer loop
      vertex -62.3974 9.74224 0
      vertex -62.3164 9.578 2
      vertex -62.3164 9.578 0
    endloop
  endfacet
  facet normal 0.0655402 -0.99785 0
    outer loop
      vertex -61.2867 11.666 0
      vertex -61.104 11.678 2
      vertex -61.2867 11.666 2
    endloop
  endfacet
  facet normal 0.0655402 -0.99785 0
    outer loop
      vertex -61.104 11.678 2
      vertex -61.2867 11.666 0
      vertex -61.104 11.678 0
    endloop
  endfacet
  facet normal -0.946922 -0.321462 0
    outer loop
      vertex -59.7517 10.6403 0
      vertex -59.8106 10.8138 2
      vertex -59.8106 10.8138 0
    endloop
  endfacet
  facet normal -0.946922 -0.321462 0
    outer loop
      vertex -59.8106 10.8138 2
      vertex -59.7517 10.6403 0
      vertex -59.7517 10.6403 2
    endloop
  endfacet
  facet normal -0.980811 -0.194961 0
    outer loop
      vertex -59.716 10.4607 0
      vertex -59.7517 10.6403 2
      vertex -59.7517 10.6403 0
    endloop
  endfacet
  facet normal -0.980811 -0.194961 0
    outer loop
      vertex -59.7517 10.6403 2
      vertex -59.716 10.4607 0
      vertex -59.716 10.4607 2
    endloop
  endfacet
  facet normal 0.55533 -0.83163 0
    outer loop
      vertex -61.9563 11.3887 0
      vertex -61.804 11.4904 2
      vertex -61.9563 11.3887 2
    endloop
  endfacet
  facet normal 0.55533 -0.83163 0
    outer loop
      vertex -61.804 11.4904 2
      vertex -61.9563 11.3887 0
      vertex -61.804 11.4904 0
    endloop
  endfacet
  facet normal -0.896817 -0.442401 0
    outer loop
      vertex -59.8106 10.8138 0
      vertex -59.8916 10.978 2
      vertex -59.8916 10.978 0
    endloop
  endfacet
  facet normal -0.896817 -0.442401 0
    outer loop
      vertex -59.8916 10.978 2
      vertex -59.8106 10.8138 0
      vertex -59.8106 10.8138 2
    endloop
  endfacet
  facet normal 0.555481 0.831529 -0
    outer loop
      vertex -61.804 9.06556 0
      vertex -61.9563 9.1673 2
      vertex -61.804 9.06556 2
    endloop
  endfacet
  facet normal 0.555481 0.831529 0
    outer loop
      vertex -61.9563 9.1673 2
      vertex -61.804 9.06556 0
      vertex -61.9563 9.1673 0
    endloop
  endfacet
  facet normal 0.99785 0.0655402 0
    outer loop
      vertex -62.492 10.0953 2
      vertex -62.504 10.278 0
      vertex -62.504 10.278 2
    endloop
  endfacet
  facet normal 0.99785 0.0655402 0
    outer loop
      vertex -62.504 10.278 0
      vertex -62.492 10.0953 2
      vertex -62.492 10.0953 0
    endloop
  endfacet
  facet normal -0.751493 -0.659741 0
    outer loop
      vertex -59.9933 11.1303 0
      vertex -60.1141 11.2679 2
      vertex -60.1141 11.2679 0
    endloop
  endfacet
  facet normal -0.751493 -0.659741 0
    outer loop
      vertex -60.1141 11.2679 2
      vertex -59.9933 11.1303 0
      vertex -59.9933 11.1303 2
    endloop
  endfacet
  facet normal -0.946872 0.321612 0
    outer loop
      vertex -59.8106 9.74224 0
      vertex -59.7517 9.91565 2
      vertex -59.7517 9.91565 0
    endloop
  endfacet
  facet normal -0.946872 0.321612 0
    outer loop
      vertex -59.7517 9.91565 2
      vertex -59.8106 9.74224 0
      vertex -59.8106 9.74224 2
    endloop
  endfacet
  facet normal -0.89686 0.442314 0
    outer loop
      vertex -59.8916 9.578 0
      vertex -59.8106 9.74224 2
      vertex -59.8106 9.74224 0
    endloop
  endfacet
  facet normal -0.89686 0.442314 0
    outer loop
      vertex -59.8106 9.74224 2
      vertex -59.8916 9.578 0
      vertex -59.8916 9.578 2
    endloop
  endfacet
  facet normal 0.751493 -0.659741 0
    outer loop
      vertex -62.2147 11.1303 2
      vertex -62.0939 11.2679 0
      vertex -62.0939 11.2679 2
    endloop
  endfacet
  facet normal 0.751493 -0.659741 0
    outer loop
      vertex -62.0939 11.2679 0
      vertex -62.2147 11.1303 2
      vertex -62.2147 11.1303 0
    endloop
  endfacet
  facet normal 0.980821 0.194909 0
    outer loop
      vertex -62.4563 9.91565 2
      vertex -62.492 10.0953 0
      vertex -62.492 10.0953 2
    endloop
  endfacet
  facet normal 0.980821 0.194909 0
    outer loop
      vertex -62.492 10.0953 0
      vertex -62.4563 9.91565 2
      vertex -62.4563 9.91565 0
    endloop
  endfacet
  facet normal -0.751683 0.659524 0
    outer loop
      vertex -60.1141 9.28805 0
      vertex -59.9933 9.42573 2
      vertex -59.9933 9.42573 0
    endloop
  endfacet
  facet normal -0.751683 0.659524 0
    outer loop
      vertex -59.9933 9.42573 2
      vertex -60.1141 9.28805 0
      vertex -60.1141 9.28805 2
    endloop
  endfacet
  facet normal -0.99785 0.0655402 0
    outer loop
      vertex -59.716 10.0953 0
      vertex -59.704 10.278 2
      vertex -59.704 10.278 0
    endloop
  endfacet
  facet normal -0.99785 0.0655402 0
    outer loop
      vertex -59.704 10.278 2
      vertex -59.716 10.0953 0
      vertex -59.716 10.0953 2
    endloop
  endfacet
  facet normal 0.896817 -0.442401 0
    outer loop
      vertex -62.3974 10.8138 2
      vertex -62.3164 10.978 0
      vertex -62.3164 10.978 2
    endloop
  endfacet
  facet normal 0.896817 -0.442401 0
    outer loop
      vertex -62.3164 10.978 0
      vertex -62.3974 10.8138 2
      vertex -62.3974 10.8138 0
    endloop
  endfacet
  facet normal -0.659741 -0.751493 0
    outer loop
      vertex -60.2517 11.3887 0
      vertex -60.1141 11.2679 2
      vertex -60.2517 11.3887 2
    endloop
  endfacet
  facet normal -0.659741 -0.751493 -0
    outer loop
      vertex -60.1141 11.2679 2
      vertex -60.2517 11.3887 0
      vertex -60.1141 11.2679 0
    endloop
  endfacet
  facet normal -0.980821 0.194909 0
    outer loop
      vertex -59.7517 9.91565 0
      vertex -59.716 10.0953 2
      vertex -59.716 10.0953 0
    endloop
  endfacet
  facet normal -0.980821 0.194909 0
    outer loop
      vertex -59.716 10.0953 2
      vertex -59.7517 9.91565 0
      vertex -59.7517 9.91565 2
    endloop
  endfacet
  facet normal -0.442401 -0.896817 0
    outer loop
      vertex -60.5682 11.5714 0
      vertex -60.404 11.4904 2
      vertex -60.5682 11.5714 2
    endloop
  endfacet
  facet normal -0.442401 -0.896817 -0
    outer loop
      vertex -60.404 11.4904 2
      vertex -60.5682 11.5714 0
      vertex -60.404 11.4904 0
    endloop
  endfacet
  facet normal -0.555481 0.831529 0
    outer loop
      vertex -60.2517 9.1673 0
      vertex -60.404 9.06556 2
      vertex -60.2517 9.1673 2
    endloop
  endfacet
  facet normal -0.555481 0.831529 0
    outer loop
      vertex -60.404 9.06556 2
      vertex -60.2517 9.1673 0
      vertex -60.404 9.06556 0
    endloop
  endfacet
  facet normal -0.659587 0.751628 0
    outer loop
      vertex -60.1141 9.28805 0
      vertex -60.2517 9.1673 2
      vertex -60.1141 9.28805 2
    endloop
  endfacet
  facet normal -0.659587 0.751628 0
    outer loop
      vertex -60.2517 9.1673 2
      vertex -60.1141 9.28805 0
      vertex -60.2517 9.1673 0
    endloop
  endfacet
  facet normal 0.659587 0.751628 -0
    outer loop
      vertex -61.9563 9.1673 0
      vertex -62.0939 9.28805 2
      vertex -61.9563 9.1673 2
    endloop
  endfacet
  facet normal 0.659587 0.751628 0
    outer loop
      vertex -62.0939 9.28805 2
      vertex -61.9563 9.1673 0
      vertex -62.0939 9.28805 0
    endloop
  endfacet
  facet normal -0.195066 0.98079 0
    outer loop
      vertex -60.7417 8.9257 0
      vertex -60.9213 8.88998 2
      vertex -60.7417 8.9257 2
    endloop
  endfacet
  facet normal -0.195066 0.98079 0
    outer loop
      vertex -60.9213 8.88998 2
      vertex -60.7417 8.9257 0
      vertex -60.9213 8.88998 0
    endloop
  endfacet
  facet normal -0.442357 0.896839 0
    outer loop
      vertex -60.404 9.06556 0
      vertex -60.5682 8.98457 2
      vertex -60.404 9.06556 2
    endloop
  endfacet
  facet normal -0.442357 0.896839 0
    outer loop
      vertex -60.5682 8.98457 2
      vertex -60.404 9.06556 0
      vertex -60.5682 8.98457 0
    endloop
  endfacet
  facet normal -0.55533 -0.83163 0
    outer loop
      vertex -60.404 11.4904 0
      vertex -60.2517 11.3887 2
      vertex -60.404 11.4904 2
    endloop
  endfacet
  facet normal -0.55533 -0.83163 -0
    outer loop
      vertex -60.2517 11.3887 2
      vertex -60.404 11.4904 0
      vertex -60.2517 11.3887 0
    endloop
  endfacet
  facet normal 0.946872 0.321612 0
    outer loop
      vertex -62.3974 9.74224 2
      vertex -62.4563 9.91565 0
      vertex -62.4563 9.91565 2
    endloop
  endfacet
  facet normal 0.946872 0.321612 0
    outer loop
      vertex -62.4563 9.91565 0
      vertex -62.3974 9.74224 2
      vertex -62.3974 9.74224 0
    endloop
  endfacet
  facet normal 0.194961 -0.980811 0
    outer loop
      vertex -61.4663 11.6303 0
      vertex -61.2867 11.666 2
      vertex -61.4663 11.6303 2
    endloop
  endfacet
  facet normal 0.194961 -0.980811 0
    outer loop
      vertex -61.2867 11.666 2
      vertex -61.4663 11.6303 0
      vertex -61.2867 11.666 0
    endloop
  endfacet
  facet normal -0.321316 0.946972 0
    outer loop
      vertex -60.5682 8.98457 0
      vertex -60.7417 8.9257 2
      vertex -60.5682 8.98457 2
    endloop
  endfacet
  facet normal -0.321316 0.946972 0
    outer loop
      vertex -60.7417 8.9257 2
      vertex -60.5682 8.98457 0
      vertex -60.7417 8.9257 0
    endloop
  endfacet
  facet normal -0.194961 -0.980811 0
    outer loop
      vertex -60.9213 11.666 0
      vertex -60.7417 11.6303 2
      vertex -60.9213 11.666 2
    endloop
  endfacet
  facet normal -0.194961 -0.980811 -0
    outer loop
      vertex -60.7417 11.6303 2
      vertex -60.9213 11.666 0
      vertex -60.7417 11.6303 0
    endloop
  endfacet
  facet normal -0.0654315 0.997857 0
    outer loop
      vertex -60.9213 8.88998 0
      vertex -61.104 8.878 2
      vertex -60.9213 8.88998 2
    endloop
  endfacet
  facet normal -0.0654315 0.997857 0
    outer loop
      vertex -61.104 8.878 2
      vertex -60.9213 8.88998 0
      vertex -61.104 8.878 0
    endloop
  endfacet
  facet normal -0.831579 0.555406 0
    outer loop
      vertex -59.9933 9.42573 0
      vertex -59.8916 9.578 2
      vertex -59.8916 9.578 0
    endloop
  endfacet
  facet normal -0.831579 0.555406 0
    outer loop
      vertex -59.8916 9.578 2
      vertex -59.9933 9.42573 0
      vertex -59.9933 9.42573 2
    endloop
  endfacet
  facet normal 0.0654315 0.997857 -0
    outer loop
      vertex -61.104 8.878 0
      vertex -61.2867 8.88998 2
      vertex -61.104 8.878 2
    endloop
  endfacet
  facet normal 0.0654315 0.997857 0
    outer loop
      vertex -61.2867 8.88998 2
      vertex -61.104 8.878 0
      vertex -61.2867 8.88998 0
    endloop
  endfacet
  facet normal -0.83163 -0.55533 0
    outer loop
      vertex -59.8916 10.978 0
      vertex -59.9933 11.1303 2
      vertex -59.9933 11.1303 0
    endloop
  endfacet
  facet normal -0.83163 -0.55533 0
    outer loop
      vertex -59.9933 11.1303 2
      vertex -59.8916 10.978 0
      vertex -59.8916 10.978 2
    endloop
  endfacet
  facet normal 0.442357 0.896839 -0
    outer loop
      vertex -61.6398 8.98457 0
      vertex -61.804 9.06556 2
      vertex -61.6398 8.98457 2
    endloop
  endfacet
  facet normal 0.442357 0.896839 0
    outer loop
      vertex -61.804 9.06556 2
      vertex -61.6398 8.98457 0
      vertex -61.804 9.06556 0
    endloop
  endfacet
  facet normal -0.0655402 -0.99785 0
    outer loop
      vertex -61.104 11.678 0
      vertex -60.9213 11.666 2
      vertex -61.104 11.678 2
    endloop
  endfacet
  facet normal -0.0655402 -0.99785 -0
    outer loop
      vertex -60.9213 11.666 2
      vertex -61.104 11.678 0
      vertex -60.9213 11.666 0
    endloop
  endfacet
  facet normal 0.946922 0.321462 0
    outer loop
      vertex -62.3974 25.7422 2
      vertex -62.4563 25.9157 0
      vertex -62.4563 25.9157 2
    endloop
  endfacet
  facet normal 0.946922 0.321462 0
    outer loop
      vertex -62.4563 25.9157 0
      vertex -62.3974 25.7422 2
      vertex -62.3974 25.7422 0
    endloop
  endfacet
  facet normal 0.194961 0.980811 -0
    outer loop
      vertex -61.2867 24.89 0
      vertex -61.4663 24.9257 2
      vertex -61.2867 24.89 2
    endloop
  endfacet
  facet normal 0.194961 0.980811 0
    outer loop
      vertex -61.4663 24.9257 2
      vertex -61.2867 24.89 0
      vertex -61.4663 24.9257 0
    endloop
  endfacet
  facet normal 0.980811 -0.194961 0
    outer loop
      vertex -62.492 26.4607 2
      vertex -62.4563 26.6403 0
      vertex -62.4563 26.6403 2
    endloop
  endfacet
  facet normal 0.980811 -0.194961 0
    outer loop
      vertex -62.4563 26.6403 0
      vertex -62.492 26.4607 2
      vertex -62.492 26.4607 0
    endloop
  endfacet
  facet normal 0.99785 -0.0655402 0
    outer loop
      vertex -62.504 26.278 2
      vertex -62.492 26.4607 0
      vertex -62.492 26.4607 2
    endloop
  endfacet
  facet normal 0.99785 -0.0655402 0
    outer loop
      vertex -62.492 26.4607 0
      vertex -62.504 26.278 2
      vertex -62.504 26.278 0
    endloop
  endfacet
  facet normal -0.83163 0.55533 0
    outer loop
      vertex -59.9933 25.4257 0
      vertex -59.8916 25.578 2
      vertex -59.8916 25.578 0
    endloop
  endfacet
  facet normal -0.83163 0.55533 0
    outer loop
      vertex -59.8916 25.578 2
      vertex -59.9933 25.4257 0
      vertex -59.9933 25.4257 2
    endloop
  endfacet
  facet normal 0.980811 0.194961 0
    outer loop
      vertex -62.4563 25.9157 2
      vertex -62.492 26.0953 0
      vertex -62.492 26.0953 2
    endloop
  endfacet
  facet normal 0.980811 0.194961 0
    outer loop
      vertex -62.492 26.0953 0
      vertex -62.4563 25.9157 2
      vertex -62.4563 25.9157 0
    endloop
  endfacet
  facet normal -0.751493 -0.659741 0
    outer loop
      vertex -59.9933 27.1303 0
      vertex -60.1141 27.2679 2
      vertex -60.1141 27.2679 0
    endloop
  endfacet
  facet normal -0.751493 -0.659741 0
    outer loop
      vertex -60.1141 27.2679 2
      vertex -59.9933 27.1303 0
      vertex -59.9933 27.1303 2
    endloop
  endfacet
  facet normal -0.194961 0.980811 0
    outer loop
      vertex -60.7417 24.9257 0
      vertex -60.9213 24.89 2
      vertex -60.7417 24.9257 2
    endloop
  endfacet
  facet normal -0.194961 0.980811 0
    outer loop
      vertex -60.9213 24.89 2
      vertex -60.7417 24.9257 0
      vertex -60.9213 24.89 0
    endloop
  endfacet
  facet normal -0.99785 0.0655402 0
    outer loop
      vertex -59.716 26.0953 0
      vertex -59.704 26.278 2
      vertex -59.704 26.278 0
    endloop
  endfacet
  facet normal -0.99785 0.0655402 0
    outer loop
      vertex -59.704 26.278 2
      vertex -59.716 26.0953 0
      vertex -59.716 26.0953 2
    endloop
  endfacet
  facet normal 0.659741 -0.751493 0
    outer loop
      vertex -62.0939 27.2679 0
      vertex -61.9563 27.3887 2
      vertex -62.0939 27.2679 2
    endloop
  endfacet
  facet normal 0.659741 -0.751493 0
    outer loop
      vertex -61.9563 27.3887 2
      vertex -62.0939 27.2679 0
      vertex -61.9563 27.3887 0
    endloop
  endfacet
  facet normal -0.659741 -0.751493 0
    outer loop
      vertex -60.2517 27.3887 0
      vertex -60.1141 27.2679 2
      vertex -60.2517 27.3887 2
    endloop
  endfacet
  facet normal -0.659741 -0.751493 -0
    outer loop
      vertex -60.1141 27.2679 2
      vertex -60.2517 27.3887 0
      vertex -60.1141 27.2679 0
    endloop
  endfacet
  facet normal -0.55533 0.83163 0
    outer loop
      vertex -60.2517 25.1673 0
      vertex -60.404 25.0656 2
      vertex -60.2517 25.1673 2
    endloop
  endfacet
  facet normal -0.55533 0.83163 0
    outer loop
      vertex -60.404 25.0656 2
      vertex -60.2517 25.1673 0
      vertex -60.404 25.0656 0
    endloop
  endfacet
  facet normal 0.83163 0.55533 0
    outer loop
      vertex -62.2147 25.4257 2
      vertex -62.3164 25.578 0
      vertex -62.3164 25.578 2
    endloop
  endfacet
  facet normal 0.83163 0.55533 0
    outer loop
      vertex -62.3164 25.578 0
      vertex -62.2147 25.4257 2
      vertex -62.2147 25.4257 0
    endloop
  endfacet
  facet normal -0.896817 0.442401 0
    outer loop
      vertex -59.8916 25.578 0
      vertex -59.8106 25.7422 2
      vertex -59.8106 25.7422 0
    endloop
  endfacet
  facet normal -0.896817 0.442401 0
    outer loop
      vertex -59.8106 25.7422 2
      vertex -59.8916 25.578 0
      vertex -59.8916 25.578 2
    endloop
  endfacet
  facet normal 0.321462 -0.946922 0
    outer loop
      vertex -61.6398 27.5714 0
      vertex -61.4663 27.6303 2
      vertex -61.6398 27.5714 2
    endloop
  endfacet
  facet normal 0.321462 -0.946922 0
    outer loop
      vertex -61.4663 27.6303 2
      vertex -61.6398 27.5714 0
      vertex -61.4663 27.6303 0
    endloop
  endfacet
  facet normal 0.55533 -0.83163 0
    outer loop
      vertex -61.9563 27.3887 0
      vertex -61.804 27.4904 2
      vertex -61.9563 27.3887 2
    endloop
  endfacet
  facet normal 0.55533 -0.83163 0
    outer loop
      vertex -61.804 27.4904 2
      vertex -61.9563 27.3887 0
      vertex -61.804 27.4904 0
    endloop
  endfacet
  facet normal -0.946922 0.321462 0
    outer loop
      vertex -59.8106 25.7422 0
      vertex -59.7517 25.9157 2
      vertex -59.7517 25.9157 0
    endloop
  endfacet
  facet normal -0.946922 0.321462 0
    outer loop
      vertex -59.7517 25.9157 2
      vertex -59.8106 25.7422 0
      vertex -59.8106 25.7422 2
    endloop
  endfacet
  facet normal 0.442401 -0.896817 0
    outer loop
      vertex -61.804 27.4904 0
      vertex -61.6398 27.5714 2
      vertex -61.804 27.4904 2
    endloop
  endfacet
  facet normal 0.442401 -0.896817 0
    outer loop
      vertex -61.6398 27.5714 2
      vertex -61.804 27.4904 0
      vertex -61.6398 27.5714 0
    endloop
  endfacet
  facet normal -0.980811 0.194961 0
    outer loop
      vertex -59.7517 25.9157 0
      vertex -59.716 26.0953 2
      vertex -59.716 26.0953 0
    endloop
  endfacet
  facet normal -0.980811 0.194961 0
    outer loop
      vertex -59.716 26.0953 2
      vertex -59.7517 25.9157 0
      vertex -59.7517 25.9157 2
    endloop
  endfacet
  facet normal 0.946922 -0.321462 0
    outer loop
      vertex -62.4563 26.6403 2
      vertex -62.3974 26.8138 0
      vertex -62.3974 26.8138 2
    endloop
  endfacet
  facet normal 0.946922 -0.321462 0
    outer loop
      vertex -62.3974 26.8138 0
      vertex -62.4563 26.6403 2
      vertex -62.4563 26.6403 0
    endloop
  endfacet
  facet normal 0.99785 0.0655402 0
    outer loop
      vertex -62.492 26.0953 2
      vertex -62.504 26.278 0
      vertex -62.504 26.278 2
    endloop
  endfacet
  facet normal 0.99785 0.0655402 0
    outer loop
      vertex -62.504 26.278 0
      vertex -62.492 26.0953 2
      vertex -62.492 26.0953 0
    endloop
  endfacet
  facet normal -0.194961 -0.980811 0
    outer loop
      vertex -60.9213 27.666 0
      vertex -60.7417 27.6303 2
      vertex -60.9213 27.666 2
    endloop
  endfacet
  facet normal -0.194961 -0.980811 -0
    outer loop
      vertex -60.7417 27.6303 2
      vertex -60.9213 27.666 0
      vertex -60.7417 27.6303 0
    endloop
  endfacet
  facet normal 0.194961 -0.980811 0
    outer loop
      vertex -61.4663 27.6303 0
      vertex -61.2867 27.666 2
      vertex -61.4663 27.6303 2
    endloop
  endfacet
  facet normal 0.194961 -0.980811 0
    outer loop
      vertex -61.2867 27.666 2
      vertex -61.4663 27.6303 0
      vertex -61.2867 27.666 0
    endloop
  endfacet
  facet normal -0.751731 0.65947 0
    outer loop
      vertex -60.1141 25.288 0
      vertex -59.9933 25.4257 2
      vertex -59.9933 25.4257 0
    endloop
  endfacet
  facet normal -0.751731 0.65947 0
    outer loop
      vertex -59.9933 25.4257 2
      vertex -60.1141 25.288 0
      vertex -60.1141 25.288 2
    endloop
  endfacet
  facet normal -0.55533 -0.83163 0
    outer loop
      vertex -60.404 27.4904 0
      vertex -60.2517 27.3887 2
      vertex -60.404 27.4904 2
    endloop
  endfacet
  facet normal -0.55533 -0.83163 -0
    outer loop
      vertex -60.2517 27.3887 2
      vertex -60.404 27.4904 0
      vertex -60.2517 27.3887 0
    endloop
  endfacet
  facet normal -0.321462 -0.946922 0
    outer loop
      vertex -60.7417 27.6303 0
      vertex -60.5682 27.5714 2
      vertex -60.7417 27.6303 2
    endloop
  endfacet
  facet normal -0.321462 -0.946922 -0
    outer loop
      vertex -60.5682 27.5714 2
      vertex -60.7417 27.6303 0
      vertex -60.5682 27.5714 0
    endloop
  endfacet
  facet normal 0.83163 -0.55533 0
    outer loop
      vertex -62.3164 26.978 2
      vertex -62.2147 27.1303 0
      vertex -62.2147 27.1303 2
    endloop
  endfacet
  facet normal 0.83163 -0.55533 0
    outer loop
      vertex -62.2147 27.1303 0
      vertex -62.3164 26.978 2
      vertex -62.3164 26.978 0
    endloop
  endfacet
  facet normal -0.99785 -0.0655402 0
    outer loop
      vertex -59.704 26.278 0
      vertex -59.716 26.4607 2
      vertex -59.716 26.4607 0
    endloop
  endfacet
  facet normal -0.99785 -0.0655402 0
    outer loop
      vertex -59.716 26.4607 2
      vertex -59.704 26.278 0
      vertex -59.704 26.278 2
    endloop
  endfacet
  facet normal -0.0655402 -0.99785 0
    outer loop
      vertex -61.104 27.678 0
      vertex -60.9213 27.666 2
      vertex -61.104 27.678 2
    endloop
  endfacet
  facet normal -0.0655402 -0.99785 -0
    outer loop
      vertex -60.9213 27.666 2
      vertex -61.104 27.678 0
      vertex -60.9213 27.666 0
    endloop
  endfacet
  facet normal -0.442401 -0.896817 0
    outer loop
      vertex -60.5682 27.5714 0
      vertex -60.404 27.4904 2
      vertex -60.5682 27.5714 2
    endloop
  endfacet
  facet normal -0.442401 -0.896817 -0
    outer loop
      vertex -60.404 27.4904 2
      vertex -60.5682 27.5714 0
      vertex -60.404 27.4904 0
    endloop
  endfacet
  facet normal -0.980811 -0.194961 0
    outer loop
      vertex -59.716 26.4607 0
      vertex -59.7517 26.6403 2
      vertex -59.7517 26.6403 0
    endloop
  endfacet
  facet normal -0.980811 -0.194961 0
    outer loop
      vertex -59.7517 26.6403 2
      vertex -59.716 26.4607 0
      vertex -59.716 26.4607 2
    endloop
  endfacet
  facet normal 0.896817 -0.442401 0
    outer loop
      vertex -62.3974 26.8138 2
      vertex -62.3164 26.978 0
      vertex -62.3164 26.978 2
    endloop
  endfacet
  facet normal 0.896817 -0.442401 0
    outer loop
      vertex -62.3164 26.978 0
      vertex -62.3974 26.8138 2
      vertex -62.3974 26.8138 0
    endloop
  endfacet
  facet normal -0.896817 -0.442401 0
    outer loop
      vertex -59.8106 26.8138 0
      vertex -59.8916 26.978 2
      vertex -59.8916 26.978 0
    endloop
  endfacet
  facet normal -0.896817 -0.442401 0
    outer loop
      vertex -59.8916 26.978 2
      vertex -59.8106 26.8138 0
      vertex -59.8106 26.8138 2
    endloop
  endfacet
  facet normal -0.659432 0.751764 0
    outer loop
      vertex -60.1141 25.288 0
      vertex -60.2517 25.1673 2
      vertex -60.1141 25.288 2
    endloop
  endfacet
  facet normal -0.659432 0.751764 0
    outer loop
      vertex -60.2517 25.1673 2
      vertex -60.1141 25.288 0
      vertex -60.2517 25.1673 0
    endloop
  endfacet
  facet normal 0.659432 0.751764 -0
    outer loop
      vertex -61.9563 25.1673 0
      vertex -62.0939 25.288 2
      vertex -61.9563 25.1673 2
    endloop
  endfacet
  facet normal 0.659432 0.751764 0
    outer loop
      vertex -62.0939 25.288 2
      vertex -61.9563 25.1673 0
      vertex -62.0939 25.288 0
    endloop
  endfacet
  facet normal 0.55533 0.83163 -0
    outer loop
      vertex -61.804 25.0656 0
      vertex -61.9563 25.1673 2
      vertex -61.804 25.0656 2
    endloop
  endfacet
  facet normal 0.55533 0.83163 0
    outer loop
      vertex -61.9563 25.1673 2
      vertex -61.804 25.0656 0
      vertex -61.9563 25.1673 0
    endloop
  endfacet
  facet normal 0.751731 0.65947 0
    outer loop
      vertex -62.0939 25.288 2
      vertex -62.2147 25.4257 0
      vertex -62.2147 25.4257 2
    endloop
  endfacet
  facet normal 0.751731 0.65947 0
    outer loop
      vertex -62.2147 25.4257 0
      vertex -62.0939 25.288 2
      vertex -62.0939 25.288 0
    endloop
  endfacet
  facet normal -0.0655402 0.99785 0
    outer loop
      vertex -60.9213 24.89 0
      vertex -61.104 24.878 2
      vertex -60.9213 24.89 2
    endloop
  endfacet
  facet normal -0.0655402 0.99785 0
    outer loop
      vertex -61.104 24.878 2
      vertex -60.9213 24.89 0
      vertex -61.104 24.878 0
    endloop
  endfacet
  facet normal 0.896817 0.442401 0
    outer loop
      vertex -62.3164 25.578 2
      vertex -62.3974 25.7422 0
      vertex -62.3974 25.7422 2
    endloop
  endfacet
  facet normal 0.896817 0.442401 0
    outer loop
      vertex -62.3974 25.7422 0
      vertex -62.3164 25.578 2
      vertex -62.3164 25.578 0
    endloop
  endfacet
  facet normal 0.442401 0.896817 -0
    outer loop
      vertex -61.6398 24.9846 0
      vertex -61.804 25.0656 2
      vertex -61.6398 24.9846 2
    endloop
  endfacet
  facet normal 0.442401 0.896817 0
    outer loop
      vertex -61.804 25.0656 2
      vertex -61.6398 24.9846 0
      vertex -61.804 25.0656 0
    endloop
  endfacet
  facet normal 0.0655402 0.99785 -0
    outer loop
      vertex -61.104 24.878 0
      vertex -61.2867 24.89 2
      vertex -61.104 24.878 2
    endloop
  endfacet
  facet normal 0.0655402 0.99785 0
    outer loop
      vertex -61.2867 24.89 2
      vertex -61.104 24.878 0
      vertex -61.2867 24.89 0
    endloop
  endfacet
  facet normal 0.751493 -0.659741 0
    outer loop
      vertex -62.2147 27.1303 2
      vertex -62.0939 27.2679 0
      vertex -62.0939 27.2679 2
    endloop
  endfacet
  facet normal 0.751493 -0.659741 0
    outer loop
      vertex -62.0939 27.2679 0
      vertex -62.2147 27.1303 2
      vertex -62.2147 27.1303 0
    endloop
  endfacet
  facet normal 0.0655402 -0.99785 0
    outer loop
      vertex -61.2867 27.666 0
      vertex -61.104 27.678 2
      vertex -61.2867 27.666 2
    endloop
  endfacet
  facet normal 0.0655402 -0.99785 0
    outer loop
      vertex -61.104 27.678 2
      vertex -61.2867 27.666 0
      vertex -61.104 27.678 0
    endloop
  endfacet
  facet normal 0.321462 0.946922 -0
    outer loop
      vertex -61.4663 24.9257 0
      vertex -61.6398 24.9846 2
      vertex -61.4663 24.9257 2
    endloop
  endfacet
  facet normal 0.321462 0.946922 0
    outer loop
      vertex -61.6398 24.9846 2
      vertex -61.4663 24.9257 0
      vertex -61.6398 24.9846 0
    endloop
  endfacet
  facet normal -0.946922 -0.321462 0
    outer loop
      vertex -59.7517 26.6403 0
      vertex -59.8106 26.8138 2
      vertex -59.8106 26.8138 0
    endloop
  endfacet
  facet normal -0.946922 -0.321462 0
    outer loop
      vertex -59.8106 26.8138 2
      vertex -59.7517 26.6403 0
      vertex -59.7517 26.6403 2
    endloop
  endfacet
  facet normal -0.321462 0.946922 0
    outer loop
      vertex -60.5682 24.9846 0
      vertex -60.7417 24.9257 2
      vertex -60.5682 24.9846 2
    endloop
  endfacet
  facet normal -0.321462 0.946922 0
    outer loop
      vertex -60.7417 24.9257 2
      vertex -60.5682 24.9846 0
      vertex -60.7417 24.9257 0
    endloop
  endfacet
  facet normal -0.442401 0.896817 0
    outer loop
      vertex -60.404 25.0656 0
      vertex -60.5682 24.9846 2
      vertex -60.404 25.0656 2
    endloop
  endfacet
  facet normal -0.442401 0.896817 0
    outer loop
      vertex -60.5682 24.9846 2
      vertex -60.404 25.0656 0
      vertex -60.5682 24.9846 0
    endloop
  endfacet
  facet normal -0.83163 -0.55533 0
    outer loop
      vertex -59.8916 26.978 0
      vertex -59.9933 27.1303 2
      vertex -59.9933 27.1303 0
    endloop
  endfacet
  facet normal -0.83163 -0.55533 0
    outer loop
      vertex -59.9933 27.1303 2
      vertex -59.8916 26.978 0
      vertex -59.8916 26.978 2
    endloop
  endfacet
  facet normal 0.980825 0.194891 0
    outer loop
      vertex -57.6141 51.8684 2
      vertex -57.6447 52.0224 0
      vertex -57.6447 52.0224 2
    endloop
  endfacet
  facet normal 0.980825 0.194891 0
    outer loop
      vertex -57.6447 52.0224 0
      vertex -57.6141 51.8684 2
      vertex -57.6141 51.8684 0
    endloop
  endfacet
  facet normal 0.0656309 0.997844 -0
    outer loop
      vertex -56.455 50.979 0
      vertex -56.6116 50.9893 2
      vertex -56.455 50.979 2
    endloop
  endfacet
  facet normal 0.0656309 0.997844 0
    outer loop
      vertex -56.6116 50.9893 2
      vertex -56.455 50.979 0
      vertex -56.6116 50.9893 0
    endloop
  endfacet
  facet normal 0.980825 -0.194891 0
    outer loop
      vertex -57.6447 52.3356 2
      vertex -57.6141 52.4896 0
      vertex -57.6141 52.4896 2
    endloop
  endfacet
  facet normal 0.980825 -0.194891 0
    outer loop
      vertex -57.6141 52.4896 0
      vertex -57.6447 52.3356 2
      vertex -57.6447 52.3356 0
    endloop
  endfacet
  facet normal 0.997844 -0.0656309 0
    outer loop
      vertex -57.655 52.179 2
      vertex -57.6447 52.3356 0
      vertex -57.6447 52.3356 2
    endloop
  endfacet
  facet normal 0.997844 -0.0656309 0
    outer loop
      vertex -57.6447 52.3356 0
      vertex -57.655 52.179 2
      vertex -57.655 52.179 0
    endloop
  endfacet
  facet normal 0.831462 0.555582 0
    outer loop
      vertex -57.407 51.4485 2
      vertex -57.4942 51.579 0
      vertex -57.4942 51.579 2
    endloop
  endfacet
  facet normal 0.831462 0.555582 0
    outer loop
      vertex -57.4942 51.579 0
      vertex -57.407 51.4485 2
      vertex -57.407 51.4485 0
    endloop
  endfacet
  facet normal -0.194891 -0.980825 0
    outer loop
      vertex -56.2984 53.3687 0
      vertex -56.1444 53.3381 2
      vertex -56.2984 53.3687 2
    endloop
  endfacet
  facet normal -0.194891 -0.980825 -0
    outer loop
      vertex -56.1444 53.3381 2
      vertex -56.2984 53.3687 0
      vertex -56.1444 53.3381 0
    endloop
  endfacet
  facet normal 0.896708 0.442622 0
    outer loop
      vertex -57.4942 51.579 2
      vertex -57.5637 51.7198 0
      vertex -57.5637 51.7198 2
    endloop
  endfacet
  facet normal 0.896708 0.442622 0
    outer loop
      vertex -57.5637 51.7198 0
      vertex -57.4942 51.579 2
      vertex -57.4942 51.579 0
    endloop
  endfacet
  facet normal -0.442622 -0.896708 0
    outer loop
      vertex -55.9958 53.2877 0
      vertex -55.855 53.2182 2
      vertex -55.9958 53.2877 2
    endloop
  endfacet
  facet normal -0.442622 -0.896708 -0
    outer loop
      vertex -55.855 53.2182 2
      vertex -55.9958 53.2877 0
      vertex -55.855 53.2182 0
    endloop
  endfacet
  facet normal 0.659406 0.751787 -0
    outer loop
      vertex -57.1855 51.227 0
      vertex -57.3035 51.3305 2
      vertex -57.1855 51.227 2
    endloop
  endfacet
  facet normal 0.659406 0.751787 0
    outer loop
      vertex -57.3035 51.3305 2
      vertex -57.1855 51.227 0
      vertex -57.3035 51.3305 0
    endloop
  endfacet
  facet normal 0.555582 -0.831462 0
    outer loop
      vertex -57.1855 53.131 0
      vertex -57.055 53.2182 2
      vertex -57.1855 53.131 2
    endloop
  endfacet
  facet normal 0.555582 -0.831462 0
    outer loop
      vertex -57.055 53.2182 2
      vertex -57.1855 53.131 0
      vertex -57.055 53.2182 0
    endloop
  endfacet
  facet normal -0.321194 0.947013 0
    outer loop
      vertex -55.9958 51.0703 0
      vertex -56.1444 51.0199 2
      vertex -55.9958 51.0703 2
    endloop
  endfacet
  facet normal -0.321194 0.947013 0
    outer loop
      vertex -56.1444 51.0199 2
      vertex -55.9958 51.0703 0
      vertex -56.1444 51.0199 0
    endloop
  endfacet
  facet normal -0.947013 -0.321194 0
    outer loop
      vertex -55.2959 52.4896 0
      vertex -55.3463 52.6382 2
      vertex -55.3463 52.6382 0
    endloop
  endfacet
  facet normal -0.947013 -0.321194 0
    outer loop
      vertex -55.3463 52.6382 2
      vertex -55.2959 52.4896 0
      vertex -55.2959 52.4896 2
    endloop
  endfacet
  facet normal 0.194891 -0.980825 0
    outer loop
      vertex -56.7656 53.3381 0
      vertex -56.6116 53.3687 2
      vertex -56.7656 53.3381 2
    endloop
  endfacet
  facet normal 0.194891 -0.980825 0
    outer loop
      vertex -56.6116 53.3687 2
      vertex -56.7656 53.3381 0
      vertex -56.6116 53.3687 0
    endloop
  endfacet
  facet normal -0.997844 0.0656309 0
    outer loop
      vertex -55.2653 52.0224 0
      vertex -55.255 52.179 2
      vertex -55.255 52.179 0
    endloop
  endfacet
  facet normal -0.997844 0.0656309 0
    outer loop
      vertex -55.255 52.179 2
      vertex -55.2653 52.0224 0
      vertex -55.2653 52.0224 2
    endloop
  endfacet
  facet normal -0.947013 0.321194 0
    outer loop
      vertex -55.3463 51.7198 0
      vertex -55.2959 51.8684 2
      vertex -55.2959 51.8684 0
    endloop
  endfacet
  facet normal -0.947013 0.321194 0
    outer loop
      vertex -55.2959 51.8684 2
      vertex -55.3463 51.7198 0
      vertex -55.3463 51.7198 2
    endloop
  endfacet
  facet normal -0.896708 -0.442622 0
    outer loop
      vertex -55.3463 52.6382 0
      vertex -55.4158 52.779 2
      vertex -55.4158 52.779 0
    endloop
  endfacet
  facet normal -0.896708 -0.442622 0
    outer loop
      vertex -55.4158 52.779 2
      vertex -55.3463 52.6382 0
      vertex -55.3463 52.6382 2
    endloop
  endfacet
  facet normal 0.751787 0.659406 0
    outer loop
      vertex -57.3035 51.3305 2
      vertex -57.407 51.4485 0
      vertex -57.407 51.4485 2
    endloop
  endfacet
  facet normal 0.751787 0.659406 0
    outer loop
      vertex -57.407 51.4485 0
      vertex -57.3035 51.3305 2
      vertex -57.3035 51.3305 0
    endloop
  endfacet
  facet normal -0.442622 0.896708 0
    outer loop
      vertex -55.855 51.1398 0
      vertex -55.9958 51.0703 2
      vertex -55.855 51.1398 2
    endloop
  endfacet
  facet normal -0.442622 0.896708 0
    outer loop
      vertex -55.9958 51.0703 2
      vertex -55.855 51.1398 0
      vertex -55.9958 51.0703 0
    endloop
  endfacet
  facet normal -0.555582 -0.831462 0
    outer loop
      vertex -55.855 53.2182 0
      vertex -55.7245 53.131 2
      vertex -55.855 53.2182 2
    endloop
  endfacet
  facet normal -0.555582 -0.831462 -0
    outer loop
      vertex -55.7245 53.131 2
      vertex -55.855 53.2182 0
      vertex -55.7245 53.131 0
    endloop
  endfacet
  facet normal 0.947013 0.321194 0
    outer loop
      vertex -57.5637 51.7198 2
      vertex -57.6141 51.8684 0
      vertex -57.6141 51.8684 2
    endloop
  endfacet
  facet normal 0.947013 0.321194 0
    outer loop
      vertex -57.6141 51.8684 0
      vertex -57.5637 51.7198 2
      vertex -57.5637 51.7198 0
    endloop
  endfacet
  facet normal 0.831462 -0.555582 0
    outer loop
      vertex -57.4942 52.779 2
      vertex -57.407 52.9095 0
      vertex -57.407 52.9095 2
    endloop
  endfacet
  facet normal 0.831462 -0.555582 0
    outer loop
      vertex -57.407 52.9095 0
      vertex -57.4942 52.779 2
      vertex -57.4942 52.779 0
    endloop
  endfacet
  facet normal 0.442622 -0.896708 0
    outer loop
      vertex -57.055 53.2182 0
      vertex -56.9142 53.2877 2
      vertex -57.055 53.2182 2
    endloop
  endfacet
  facet normal 0.442622 -0.896708 0
    outer loop
      vertex -56.9142 53.2877 2
      vertex -57.055 53.2182 0
      vertex -56.9142 53.2877 0
    endloop
  endfacet
  facet normal 0.751787 -0.659406 0
    outer loop
      vertex -57.407 52.9095 2
      vertex -57.3035 53.0275 0
      vertex -57.3035 53.0275 2
    endloop
  endfacet
  facet normal 0.751787 -0.659406 0
    outer loop
      vertex -57.3035 53.0275 0
      vertex -57.407 52.9095 2
      vertex -57.407 52.9095 0
    endloop
  endfacet
  facet normal 0.321194 0.947013 -0
    outer loop
      vertex -56.7656 51.0199 0
      vertex -56.9142 51.0703 2
      vertex -56.7656 51.0199 2
    endloop
  endfacet
  facet normal 0.321194 0.947013 0
    outer loop
      vertex -56.9142 51.0703 2
      vertex -56.7656 51.0199 0
      vertex -56.9142 51.0703 0
    endloop
  endfacet
  facet normal 0.659406 -0.751787 0
    outer loop
      vertex -57.3035 53.0275 0
      vertex -57.1855 53.131 2
      vertex -57.3035 53.0275 2
    endloop
  endfacet
  facet normal 0.659406 -0.751787 0
    outer loop
      vertex -57.1855 53.131 2
      vertex -57.3035 53.0275 0
      vertex -57.1855 53.131 0
    endloop
  endfacet
  facet normal 0.997844 0.0656309 0
    outer loop
      vertex -57.6447 52.0224 2
      vertex -57.655 52.179 0
      vertex -57.655 52.179 2
    endloop
  endfacet
  facet normal 0.997844 0.0656309 0
    outer loop
      vertex -57.655 52.179 0
      vertex -57.6447 52.0224 2
      vertex -57.6447 52.0224 0
    endloop
  endfacet
  facet normal -0.0656309 -0.997844 0
    outer loop
      vertex -56.455 53.379 0
      vertex -56.2984 53.3687 2
      vertex -56.455 53.379 2
    endloop
  endfacet
  facet normal -0.0656309 -0.997844 -0
    outer loop
      vertex -56.2984 53.3687 2
      vertex -56.455 53.379 0
      vertex -56.2984 53.3687 0
    endloop
  endfacet
  facet normal -0.555582 0.831462 0
    outer loop
      vertex -55.7245 51.227 0
      vertex -55.855 51.1398 2
      vertex -55.7245 51.227 2
    endloop
  endfacet
  facet normal -0.555582 0.831462 0
    outer loop
      vertex -55.855 51.1398 2
      vertex -55.7245 51.227 0
      vertex -55.855 51.1398 0
    endloop
  endfacet
  facet normal -0.321194 -0.947013 0
    outer loop
      vertex -56.1444 53.3381 0
      vertex -55.9958 53.2877 2
      vertex -56.1444 53.3381 2
    endloop
  endfacet
  facet normal -0.321194 -0.947013 -0
    outer loop
      vertex -55.9958 53.2877 2
      vertex -56.1444 53.3381 0
      vertex -55.9958 53.2877 0
    endloop
  endfacet
  facet normal -0.659406 0.751787 0
    outer loop
      vertex -55.6065 51.3305 0
      vertex -55.7245 51.227 2
      vertex -55.6065 51.3305 2
    endloop
  endfacet
  facet normal -0.659406 0.751787 0
    outer loop
      vertex -55.7245 51.227 2
      vertex -55.6065 51.3305 0
      vertex -55.7245 51.227 0
    endloop
  endfacet
  facet normal -0.896708 0.442622 0
    outer loop
      vertex -55.4158 51.579 0
      vertex -55.3463 51.7198 2
      vertex -55.3463 51.7198 0
    endloop
  endfacet
  facet normal -0.896708 0.442622 0
    outer loop
      vertex -55.3463 51.7198 2
      vertex -55.4158 51.579 0
      vertex -55.4158 51.579 2
    endloop
  endfacet
  facet normal -0.997844 -0.0656309 0
    outer loop
      vertex -55.255 52.179 0
      vertex -55.2653 52.3356 2
      vertex -55.2653 52.3356 0
    endloop
  endfacet
  facet normal -0.997844 -0.0656309 0
    outer loop
      vertex -55.2653 52.3356 2
      vertex -55.255 52.179 0
      vertex -55.255 52.179 2
    endloop
  endfacet
  facet normal 0.442622 0.896708 -0
    outer loop
      vertex -56.9142 51.0703 0
      vertex -57.055 51.1398 2
      vertex -56.9142 51.0703 2
    endloop
  endfacet
  facet normal 0.442622 0.896708 0
    outer loop
      vertex -57.055 51.1398 2
      vertex -56.9142 51.0703 0
      vertex -57.055 51.1398 0
    endloop
  endfacet
  facet normal -0.751787 -0.659406 0
    outer loop
      vertex -55.503 52.9095 0
      vertex -55.6065 53.0275 2
      vertex -55.6065 53.0275 0
    endloop
  endfacet
  facet normal -0.751787 -0.659406 0
    outer loop
      vertex -55.6065 53.0275 2
      vertex -55.503 52.9095 0
      vertex -55.503 52.9095 2
    endloop
  endfacet
  facet normal 0.555582 0.831462 -0
    outer loop
      vertex -57.055 51.1398 0
      vertex -57.1855 51.227 2
      vertex -57.055 51.1398 2
    endloop
  endfacet
  facet normal 0.555582 0.831462 0
    outer loop
      vertex -57.1855 51.227 2
      vertex -57.055 51.1398 0
      vertex -57.1855 51.227 0
    endloop
  endfacet
  facet normal 0.0656309 -0.997844 0
    outer loop
      vertex -56.6116 53.3687 0
      vertex -56.455 53.379 2
      vertex -56.6116 53.3687 2
    endloop
  endfacet
  facet normal 0.0656309 -0.997844 0
    outer loop
      vertex -56.455 53.379 2
      vertex -56.6116 53.3687 0
      vertex -56.455 53.379 0
    endloop
  endfacet
  facet normal -0.659406 -0.751787 0
    outer loop
      vertex -55.7245 53.131 0
      vertex -55.6065 53.0275 2
      vertex -55.7245 53.131 2
    endloop
  endfacet
  facet normal -0.659406 -0.751787 -0
    outer loop
      vertex -55.6065 53.0275 2
      vertex -55.7245 53.131 0
      vertex -55.6065 53.0275 0
    endloop
  endfacet
  facet normal 0.896708 -0.442622 0
    outer loop
      vertex -57.5637 52.6382 2
      vertex -57.4942 52.779 0
      vertex -57.4942 52.779 2
    endloop
  endfacet
  facet normal 0.896708 -0.442622 0
    outer loop
      vertex -57.4942 52.779 0
      vertex -57.5637 52.6382 2
      vertex -57.5637 52.6382 0
    endloop
  endfacet
  facet normal 0.321194 -0.947013 0
    outer loop
      vertex -56.9142 53.2877 0
      vertex -56.7656 53.3381 2
      vertex -56.9142 53.2877 2
    endloop
  endfacet
  facet normal 0.321194 -0.947013 0
    outer loop
      vertex -56.7656 53.3381 2
      vertex -56.9142 53.2877 0
      vertex -56.7656 53.3381 0
    endloop
  endfacet
  facet normal 0.947013 -0.321194 0
    outer loop
      vertex -57.6141 52.4896 2
      vertex -57.5637 52.6382 0
      vertex -57.5637 52.6382 2
    endloop
  endfacet
  facet normal 0.947013 -0.321194 0
    outer loop
      vertex -57.5637 52.6382 0
      vertex -57.6141 52.4896 2
      vertex -57.6141 52.4896 0
    endloop
  endfacet
  facet normal -0.980825 0.194891 0
    outer loop
      vertex -55.2959 51.8684 0
      vertex -55.2653 52.0224 2
      vertex -55.2653 52.0224 0
    endloop
  endfacet
  facet normal -0.980825 0.194891 0
    outer loop
      vertex -55.2653 52.0224 2
      vertex -55.2959 51.8684 0
      vertex -55.2959 51.8684 2
    endloop
  endfacet
  facet normal -0.980825 -0.194891 0
    outer loop
      vertex -55.2653 52.3356 0
      vertex -55.2959 52.4896 2
      vertex -55.2959 52.4896 0
    endloop
  endfacet
  facet normal -0.980825 -0.194891 0
    outer loop
      vertex -55.2959 52.4896 2
      vertex -55.2653 52.3356 0
      vertex -55.2653 52.3356 2
    endloop
  endfacet
  facet normal -0.0656309 0.997844 0
    outer loop
      vertex -56.2984 50.9893 0
      vertex -56.455 50.979 2
      vertex -56.2984 50.9893 2
    endloop
  endfacet
  facet normal -0.0656309 0.997844 0
    outer loop
      vertex -56.455 50.979 2
      vertex -56.2984 50.9893 0
      vertex -56.455 50.979 0
    endloop
  endfacet
  facet normal 0.194891 0.980825 -0
    outer loop
      vertex -56.6116 50.9893 0
      vertex -56.7656 51.0199 2
      vertex -56.6116 50.9893 2
    endloop
  endfacet
  facet normal 0.194891 0.980825 0
    outer loop
      vertex -56.7656 51.0199 2
      vertex -56.6116 50.9893 0
      vertex -56.7656 51.0199 0
    endloop
  endfacet
  facet normal -0.831462 0.555582 0
    outer loop
      vertex -55.503 51.4485 0
      vertex -55.4158 51.579 2
      vertex -55.4158 51.579 0
    endloop
  endfacet
  facet normal -0.831462 0.555582 0
    outer loop
      vertex -55.4158 51.579 2
      vertex -55.503 51.4485 0
      vertex -55.503 51.4485 2
    endloop
  endfacet
  facet normal -0.751787 0.659406 0
    outer loop
      vertex -55.6065 51.3305 0
      vertex -55.503 51.4485 2
      vertex -55.503 51.4485 0
    endloop
  endfacet
  facet normal -0.751787 0.659406 0
    outer loop
      vertex -55.503 51.4485 2
      vertex -55.6065 51.3305 0
      vertex -55.6065 51.3305 2
    endloop
  endfacet
  facet normal -0.194891 0.980825 0
    outer loop
      vertex -56.1444 51.0199 0
      vertex -56.2984 50.9893 2
      vertex -56.1444 51.0199 2
    endloop
  endfacet
  facet normal -0.194891 0.980825 0
    outer loop
      vertex -56.2984 50.9893 2
      vertex -56.1444 51.0199 0
      vertex -56.2984 50.9893 0
    endloop
  endfacet
  facet normal -0.831462 -0.555582 0
    outer loop
      vertex -55.4158 52.779 0
      vertex -55.503 52.9095 2
      vertex -55.503 52.9095 0
    endloop
  endfacet
  facet normal -0.831462 -0.555582 0
    outer loop
      vertex -55.503 52.9095 2
      vertex -55.4158 52.779 0
      vertex -55.4158 52.779 2
    endloop
  endfacet
  facet normal 0.980335 0.19734 0
    outer loop
      vertex -129.944 24.3074 2
      vertex -129.975 24.4614 0
      vertex -129.975 24.4614 2
    endloop
  endfacet
  facet normal 0.980335 0.19734 0
    outer loop
      vertex -129.975 24.4614 0
      vertex -129.944 24.3074 2
      vertex -129.944 24.3074 0
    endloop
  endfacet
  facet normal 0.0654644 0.997855 -0
    outer loop
      vertex -128.785 23.418 0
      vertex -128.942 23.4283 2
      vertex -128.785 23.418 2
    endloop
  endfacet
  facet normal 0.0654644 0.997855 0
    outer loop
      vertex -128.942 23.4283 2
      vertex -128.785 23.418 0
      vertex -128.942 23.4283 0
    endloop
  endfacet
  facet normal 0.980335 -0.19734 0
    outer loop
      vertex -129.975 24.7746 2
      vertex -129.944 24.9286 0
      vertex -129.944 24.9286 2
    endloop
  endfacet
  facet normal 0.980335 -0.19734 0
    outer loop
      vertex -129.944 24.9286 0
      vertex -129.975 24.7746 2
      vertex -129.975 24.7746 0
    endloop
  endfacet
  facet normal 0.997967 -0.0637272 0
    outer loop
      vertex -129.985 24.618 2
      vertex -129.975 24.7746 0
      vertex -129.975 24.7746 2
    endloop
  endfacet
  facet normal 0.997967 -0.0637272 0
    outer loop
      vertex -129.975 24.7746 0
      vertex -129.985 24.618 2
      vertex -129.985 24.618 0
    endloop
  endfacet
  facet normal -0.322361 0.946617 0
    outer loop
      vertex -128.326 23.5093 0
      vertex -128.474 23.4589 2
      vertex -128.326 23.5093 2
    endloop
  endfacet
  facet normal -0.322361 0.946617 0
    outer loop
      vertex -128.474 23.4589 2
      vertex -128.326 23.5093 0
      vertex -128.474 23.4589 0
    endloop
  endfacet
  facet normal -0.753367 -0.6576 0
    outer loop
      vertex -127.833 25.3485 0
      vertex -127.936 25.4665 2
      vertex -127.936 25.4665 0
    endloop
  endfacet
  facet normal -0.753367 -0.6576 0
    outer loop
      vertex -127.936 25.4665 2
      vertex -127.833 25.3485 0
      vertex -127.833 25.3485 2
    endloop
  endfacet
  facet normal 0.0654644 -0.997855 0
    outer loop
      vertex -128.942 25.8077 0
      vertex -128.785 25.818 2
      vertex -128.942 25.8077 2
    endloop
  endfacet
  facet normal 0.0654644 -0.997855 0
    outer loop
      vertex -128.785 25.818 2
      vertex -128.942 25.8077 0
      vertex -128.785 25.818 0
    endloop
  endfacet
  facet normal -0.980335 -0.19734 0
    outer loop
      vertex -127.595 24.7746 0
      vertex -127.626 24.9286 2
      vertex -127.626 24.9286 0
    endloop
  endfacet
  facet normal -0.980335 -0.19734 0
    outer loop
      vertex -127.626 24.9286 2
      vertex -127.595 24.7746 0
      vertex -127.595 24.7746 2
    endloop
  endfacet
  facet normal -0.442117 -0.896957 0
    outer loop
      vertex -128.326 25.7267 0
      vertex -128.185 25.6572 2
      vertex -128.326 25.7267 2
    endloop
  endfacet
  facet normal -0.442117 -0.896957 -0
    outer loop
      vertex -128.185 25.6572 2
      vertex -128.326 25.7267 0
      vertex -128.185 25.6572 0
    endloop
  endfacet
  facet normal 0.659406 -0.751787 0
    outer loop
      vertex -129.634 25.4665 0
      vertex -129.516 25.57 2
      vertex -129.634 25.4665 2
    endloop
  endfacet
  facet normal 0.659406 -0.751787 0
    outer loop
      vertex -129.516 25.57 2
      vertex -129.634 25.4665 0
      vertex -129.516 25.57 0
    endloop
  endfacet
  facet normal -0.895442 -0.445177 0
    outer loop
      vertex -127.676 25.0772 0
      vertex -127.746 25.218 2
      vertex -127.746 25.218 0
    endloop
  endfacet
  facet normal -0.895442 -0.445177 0
    outer loop
      vertex -127.746 25.218 2
      vertex -127.676 25.0772 0
      vertex -127.676 25.0772 2
    endloop
  endfacet
  facet normal -0.997967 0.0637272 0
    outer loop
      vertex -127.595 24.4614 0
      vertex -127.585 24.618 2
      vertex -127.585 24.618 0
    endloop
  endfacet
  facet normal -0.997967 0.0637272 0
    outer loop
      vertex -127.585 24.618 2
      vertex -127.595 24.4614 0
      vertex -127.595 24.4614 2
    endloop
  endfacet
  facet normal -0.997967 -0.0637272 0
    outer loop
      vertex -127.585 24.618 0
      vertex -127.595 24.7746 2
      vertex -127.595 24.7746 0
    endloop
  endfacet
  facet normal -0.997967 -0.0637272 0
    outer loop
      vertex -127.595 24.7746 2
      vertex -127.585 24.618 0
      vertex -127.585 24.618 2
    endloop
  endfacet
  facet normal -0.659406 -0.751787 0
    outer loop
      vertex -128.054 25.57 0
      vertex -127.936 25.4665 2
      vertex -128.054 25.57 2
    endloop
  endfacet
  facet normal -0.659406 -0.751787 -0
    outer loop
      vertex -127.936 25.4665 2
      vertex -128.054 25.57 0
      vertex -127.936 25.4665 0
    endloop
  endfacet
  facet normal -0.947787 -0.318905 0
    outer loop
      vertex -127.626 24.9286 0
      vertex -127.676 25.0772 2
      vertex -127.676 25.0772 0
    endloop
  endfacet
  facet normal -0.947787 -0.318905 0
    outer loop
      vertex -127.676 25.0772 2
      vertex -127.626 24.9286 0
      vertex -127.626 24.9286 2
    endloop
  endfacet
  facet normal -0.554113 0.832441 0
    outer loop
      vertex -128.054 23.666 0
      vertex -128.185 23.5788 2
      vertex -128.054 23.666 2
    endloop
  endfacet
  facet normal -0.554113 0.832441 0
    outer loop
      vertex -128.185 23.5788 2
      vertex -128.054 23.666 0
      vertex -128.185 23.5788 0
    endloop
  endfacet
  facet normal -0.442117 0.896957 0
    outer loop
      vertex -128.185 23.5788 0
      vertex -128.326 23.5093 2
      vertex -128.185 23.5788 2
    endloop
  endfacet
  facet normal -0.442117 0.896957 0
    outer loop
      vertex -128.326 23.5093 2
      vertex -128.185 23.5788 0
      vertex -128.326 23.5093 0
    endloop
  endfacet
  facet normal 0.947787 0.318905 0
    outer loop
      vertex -129.894 24.1588 2
      vertex -129.944 24.3074 0
      vertex -129.944 24.3074 2
    endloop
  endfacet
  facet normal 0.947787 0.318905 0
    outer loop
      vertex -129.944 24.3074 0
      vertex -129.894 24.1588 2
      vertex -129.894 24.1588 0
    endloop
  endfacet
  facet normal 0.322361 -0.946617 0
    outer loop
      vertex -129.244 25.7267 0
      vertex -129.096 25.7771 2
      vertex -129.244 25.7267 2
    endloop
  endfacet
  facet normal 0.322361 -0.946617 0
    outer loop
      vertex -129.096 25.7771 2
      vertex -129.244 25.7267 0
      vertex -129.096 25.7771 0
    endloop
  endfacet
  facet normal 0.83205 -0.5547 0
    outer loop
      vertex -129.824 25.218 2
      vertex -129.737 25.3485 0
      vertex -129.737 25.3485 2
    endloop
  endfacet
  facet normal 0.83205 -0.5547 0
    outer loop
      vertex -129.737 25.3485 0
      vertex -129.824 25.218 2
      vertex -129.824 25.218 0
    endloop
  endfacet
  facet normal -0.322361 -0.946617 0
    outer loop
      vertex -128.474 25.7771 0
      vertex -128.326 25.7267 2
      vertex -128.474 25.7771 2
    endloop
  endfacet
  facet normal -0.322361 -0.946617 -0
    outer loop
      vertex -128.326 25.7267 2
      vertex -128.474 25.7771 0
      vertex -128.326 25.7267 0
    endloop
  endfacet
  facet normal 0.442117 -0.896957 0
    outer loop
      vertex -129.385 25.6572 0
      vertex -129.244 25.7267 2
      vertex -129.385 25.6572 2
    endloop
  endfacet
  facet normal 0.442117 -0.896957 0
    outer loop
      vertex -129.244 25.7267 2
      vertex -129.385 25.6572 0
      vertex -129.244 25.7267 0
    endloop
  endfacet
  facet normal 0.83205 0.5547 0
    outer loop
      vertex -129.737 23.8875 2
      vertex -129.824 24.018 0
      vertex -129.824 24.018 2
    endloop
  endfacet
  facet normal 0.83205 0.5547 0
    outer loop
      vertex -129.824 24.018 0
      vertex -129.737 23.8875 2
      vertex -129.737 23.8875 0
    endloop
  endfacet
  facet normal 0.753367 -0.6576 0
    outer loop
      vertex -129.737 25.3485 2
      vertex -129.634 25.4665 0
      vertex -129.634 25.4665 2
    endloop
  endfacet
  facet normal 0.753367 -0.6576 0
    outer loop
      vertex -129.634 25.4665 0
      vertex -129.737 25.3485 2
      vertex -129.737 25.3485 0
    endloop
  endfacet
  facet normal -0.659406 0.751787 0
    outer loop
      vertex -127.936 23.7695 0
      vertex -128.054 23.666 2
      vertex -127.936 23.7695 2
    endloop
  endfacet
  facet normal -0.659406 0.751787 0
    outer loop
      vertex -128.054 23.666 2
      vertex -127.936 23.7695 0
      vertex -128.054 23.666 0
    endloop
  endfacet
  facet normal 0.997967 0.0637272 0
    outer loop
      vertex -129.975 24.4614 2
      vertex -129.985 24.618 0
      vertex -129.985 24.618 2
    endloop
  endfacet
  facet normal 0.997967 0.0637272 0
    outer loop
      vertex -129.985 24.618 0
      vertex -129.975 24.4614 2
      vertex -129.975 24.4614 0
    endloop
  endfacet
  facet normal 0.554113 -0.832441 0
    outer loop
      vertex -129.516 25.57 0
      vertex -129.385 25.6572 2
      vertex -129.516 25.57 2
    endloop
  endfacet
  facet normal 0.554113 -0.832441 0
    outer loop
      vertex -129.385 25.6572 2
      vertex -129.516 25.57 0
      vertex -129.385 25.6572 0
    endloop
  endfacet
  facet normal -0.895442 0.445177 0
    outer loop
      vertex -127.746 24.018 0
      vertex -127.676 24.1588 2
      vertex -127.676 24.1588 0
    endloop
  endfacet
  facet normal -0.895442 0.445177 0
    outer loop
      vertex -127.676 24.1588 2
      vertex -127.746 24.018 0
      vertex -127.746 24.018 2
    endloop
  endfacet
  facet normal -0.554113 -0.832441 0
    outer loop
      vertex -128.185 25.6572 0
      vertex -128.054 25.57 2
      vertex -128.185 25.6572 2
    endloop
  endfacet
  facet normal -0.554113 -0.832441 -0
    outer loop
      vertex -128.054 25.57 2
      vertex -128.185 25.6572 0
      vertex -128.054 25.57 0
    endloop
  endfacet
  facet normal -0.0654644 -0.997855 0
    outer loop
      vertex -128.785 25.818 0
      vertex -128.628 25.8077 2
      vertex -128.785 25.818 2
    endloop
  endfacet
  facet normal -0.0654644 -0.997855 -0
    outer loop
      vertex -128.628 25.8077 2
      vertex -128.785 25.818 0
      vertex -128.628 25.8077 0
    endloop
  endfacet
  facet normal 0.753367 0.6576 0
    outer loop
      vertex -129.634 23.7695 2
      vertex -129.737 23.8875 0
      vertex -129.737 23.8875 2
    endloop
  endfacet
  facet normal 0.753367 0.6576 0
    outer loop
      vertex -129.737 23.8875 0
      vertex -129.634 23.7695 2
      vertex -129.634 23.7695 0
    endloop
  endfacet
  facet normal -0.753367 0.6576 0
    outer loop
      vertex -127.936 23.7695 0
      vertex -127.833 23.8875 2
      vertex -127.833 23.8875 0
    endloop
  endfacet
  facet normal -0.753367 0.6576 0
    outer loop
      vertex -127.833 23.8875 2
      vertex -127.936 23.7695 0
      vertex -127.936 23.7695 2
    endloop
  endfacet
  facet normal 0.442117 0.896957 -0
    outer loop
      vertex -129.244 23.5093 0
      vertex -129.385 23.5788 2
      vertex -129.244 23.5093 2
    endloop
  endfacet
  facet normal 0.442117 0.896957 0
    outer loop
      vertex -129.385 23.5788 2
      vertex -129.244 23.5093 0
      vertex -129.385 23.5788 0
    endloop
  endfacet
  facet normal -0.0654644 0.997855 0
    outer loop
      vertex -128.628 23.4283 0
      vertex -128.785 23.418 2
      vertex -128.628 23.4283 2
    endloop
  endfacet
  facet normal -0.0654644 0.997855 0
    outer loop
      vertex -128.785 23.418 2
      vertex -128.628 23.4283 0
      vertex -128.785 23.418 0
    endloop
  endfacet
  facet normal 0.895442 -0.445177 0
    outer loop
      vertex -129.894 25.0772 2
      vertex -129.824 25.218 0
      vertex -129.824 25.218 2
    endloop
  endfacet
  facet normal 0.895442 -0.445177 0
    outer loop
      vertex -129.824 25.218 0
      vertex -129.894 25.0772 2
      vertex -129.894 25.0772 0
    endloop
  endfacet
  facet normal -0.194891 0.980825 0
    outer loop
      vertex -128.474 23.4589 0
      vertex -128.628 23.4283 2
      vertex -128.474 23.4589 2
    endloop
  endfacet
  facet normal -0.194891 0.980825 0
    outer loop
      vertex -128.628 23.4283 2
      vertex -128.474 23.4589 0
      vertex -128.628 23.4283 0
    endloop
  endfacet
  facet normal 0.947787 -0.318905 0
    outer loop
      vertex -129.944 24.9286 2
      vertex -129.894 25.0772 0
      vertex -129.894 25.0772 2
    endloop
  endfacet
  facet normal 0.947787 -0.318905 0
    outer loop
      vertex -129.894 25.0772 0
      vertex -129.944 24.9286 2
      vertex -129.944 24.9286 0
    endloop
  endfacet
  facet normal -0.83205 -0.5547 0
    outer loop
      vertex -127.746 25.218 0
      vertex -127.833 25.3485 2
      vertex -127.833 25.3485 0
    endloop
  endfacet
  facet normal -0.83205 -0.5547 0
    outer loop
      vertex -127.833 25.3485 2
      vertex -127.746 25.218 0
      vertex -127.746 25.218 2
    endloop
  endfacet
  facet normal 0.895442 0.445177 0
    outer loop
      vertex -129.824 24.018 2
      vertex -129.894 24.1588 0
      vertex -129.894 24.1588 2
    endloop
  endfacet
  facet normal 0.895442 0.445177 0
    outer loop
      vertex -129.894 24.1588 0
      vertex -129.824 24.018 2
      vertex -129.824 24.018 0
    endloop
  endfacet
  facet normal -0.194891 -0.980825 0
    outer loop
      vertex -128.628 25.8077 0
      vertex -128.474 25.7771 2
      vertex -128.628 25.8077 2
    endloop
  endfacet
  facet normal -0.194891 -0.980825 -0
    outer loop
      vertex -128.474 25.7771 2
      vertex -128.628 25.8077 0
      vertex -128.474 25.7771 0
    endloop
  endfacet
  facet normal 0.322361 0.946617 -0
    outer loop
      vertex -129.096 23.4589 0
      vertex -129.244 23.5093 2
      vertex -129.096 23.4589 2
    endloop
  endfacet
  facet normal 0.322361 0.946617 0
    outer loop
      vertex -129.244 23.5093 2
      vertex -129.096 23.4589 0
      vertex -129.244 23.5093 0
    endloop
  endfacet
  facet normal 0.194891 0.980825 -0
    outer loop
      vertex -128.942 23.4283 0
      vertex -129.096 23.4589 2
      vertex -128.942 23.4283 2
    endloop
  endfacet
  facet normal 0.194891 0.980825 0
    outer loop
      vertex -129.096 23.4589 2
      vertex -128.942 23.4283 0
      vertex -129.096 23.4589 0
    endloop
  endfacet
  facet normal -0.947787 0.318905 0
    outer loop
      vertex -127.676 24.1588 0
      vertex -127.626 24.3074 2
      vertex -127.626 24.3074 0
    endloop
  endfacet
  facet normal -0.947787 0.318905 0
    outer loop
      vertex -127.626 24.3074 2
      vertex -127.676 24.1588 0
      vertex -127.676 24.1588 2
    endloop
  endfacet
  facet normal -0.980335 0.19734 0
    outer loop
      vertex -127.626 24.3074 0
      vertex -127.595 24.4614 2
      vertex -127.595 24.4614 0
    endloop
  endfacet
  facet normal -0.980335 0.19734 0
    outer loop
      vertex -127.595 24.4614 2
      vertex -127.626 24.3074 0
      vertex -127.626 24.3074 2
    endloop
  endfacet
  facet normal 0.659406 0.751787 -0
    outer loop
      vertex -129.516 23.666 0
      vertex -129.634 23.7695 2
      vertex -129.516 23.666 2
    endloop
  endfacet
  facet normal 0.659406 0.751787 0
    outer loop
      vertex -129.634 23.7695 2
      vertex -129.516 23.666 0
      vertex -129.634 23.7695 0
    endloop
  endfacet
  facet normal -0.83205 0.5547 0
    outer loop
      vertex -127.833 23.8875 0
      vertex -127.746 24.018 2
      vertex -127.746 24.018 0
    endloop
  endfacet
  facet normal -0.83205 0.5547 0
    outer loop
      vertex -127.746 24.018 2
      vertex -127.833 23.8875 0
      vertex -127.833 23.8875 2
    endloop
  endfacet
  facet normal 0.194891 -0.980825 0
    outer loop
      vertex -129.096 25.7771 0
      vertex -128.942 25.8077 2
      vertex -129.096 25.7771 2
    endloop
  endfacet
  facet normal 0.194891 -0.980825 0
    outer loop
      vertex -128.942 25.8077 2
      vertex -129.096 25.7771 0
      vertex -128.942 25.8077 0
    endloop
  endfacet
  facet normal 0.554113 0.832441 -0
    outer loop
      vertex -129.385 23.5788 0
      vertex -129.516 23.666 2
      vertex -129.385 23.5788 2
    endloop
  endfacet
  facet normal 0.554113 0.832441 0
    outer loop
      vertex -129.516 23.666 2
      vertex -129.385 23.5788 0
      vertex -129.516 23.666 0
    endloop
  endfacet
  facet normal 0.0656309 0.997844 -0
    outer loop
      vertex -57.292 93.78 0
      vertex -57.4486 93.7903 2
      vertex -57.292 93.78 2
    endloop
  endfacet
  facet normal 0.0656309 0.997844 0
    outer loop
      vertex -57.4486 93.7903 2
      vertex -57.292 93.78 0
      vertex -57.4486 93.7903 0
    endloop
  endfacet
  facet normal 0.980825 -0.194891 0
    outer loop
      vertex -58.4817 95.1366 2
      vertex -58.4511 95.2906 0
      vertex -58.4511 95.2906 2
    endloop
  endfacet
  facet normal 0.980825 -0.194891 0
    outer loop
      vertex -58.4511 95.2906 0
      vertex -58.4817 95.1366 2
      vertex -58.4817 95.1366 0
    endloop
  endfacet
  facet normal 0.997844 -0.0656309 0
    outer loop
      vertex -58.492 94.98 2
      vertex -58.4817 95.1366 0
      vertex -58.4817 95.1366 2
    endloop
  endfacet
  facet normal 0.997844 -0.0656309 0
    outer loop
      vertex -58.4817 95.1366 0
      vertex -58.492 94.98 2
      vertex -58.492 94.98 0
    endloop
  endfacet
  facet normal -0.555582 -0.831462 0
    outer loop
      vertex -56.692 96.0192 0
      vertex -56.5615 95.932 2
      vertex -56.692 96.0192 2
    endloop
  endfacet
  facet normal -0.555582 -0.831462 -0
    outer loop
      vertex -56.5615 95.932 2
      vertex -56.692 96.0192 0
      vertex -56.5615 95.932 0
    endloop
  endfacet
  facet normal 0.442622 0.896708 -0
    outer loop
      vertex -57.7512 93.8713 0
      vertex -57.892 93.9408 2
      vertex -57.7512 93.8713 2
    endloop
  endfacet
  facet normal 0.442622 0.896708 0
    outer loop
      vertex -57.892 93.9408 2
      vertex -57.7512 93.8713 0
      vertex -57.892 93.9408 0
    endloop
  endfacet
  facet normal 0.194891 0.980825 -0
    outer loop
      vertex -57.4486 93.7903 0
      vertex -57.6026 93.8209 2
      vertex -57.4486 93.7903 2
    endloop
  endfacet
  facet normal 0.194891 0.980825 0
    outer loop
      vertex -57.6026 93.8209 2
      vertex -57.4486 93.7903 0
      vertex -57.6026 93.8209 0
    endloop
  endfacet
  facet normal -0.947013 -0.321194 0
    outer loop
      vertex -56.1329 95.2906 0
      vertex -56.1833 95.4392 2
      vertex -56.1833 95.4392 0
    endloop
  endfacet
  facet normal -0.947013 -0.321194 0
    outer loop
      vertex -56.1833 95.4392 2
      vertex -56.1329 95.2906 0
      vertex -56.1329 95.2906 2
    endloop
  endfacet
  facet normal -0.997844 0.0656309 0
    outer loop
      vertex -56.1023 94.8234 0
      vertex -56.092 94.98 2
      vertex -56.092 94.98 0
    endloop
  endfacet
  facet normal -0.997844 0.0656309 0
    outer loop
      vertex -56.092 94.98 2
      vertex -56.1023 94.8234 0
      vertex -56.1023 94.8234 2
    endloop
  endfacet
  facet normal -0.194891 0.980825 0
    outer loop
      vertex -56.9814 93.8209 0
      vertex -57.1354 93.7903 2
      vertex -56.9814 93.8209 2
    endloop
  endfacet
  facet normal -0.194891 0.980825 0
    outer loop
      vertex -57.1354 93.7903 2
      vertex -56.9814 93.8209 0
      vertex -57.1354 93.7903 0
    endloop
  endfacet
  facet normal -0.659406 0.751787 0
    outer loop
      vertex -56.4435 94.1315 0
      vertex -56.5615 94.028 2
      vertex -56.4435 94.1315 2
    endloop
  endfacet
  facet normal -0.659406 0.751787 0
    outer loop
      vertex -56.5615 94.028 2
      vertex -56.4435 94.1315 0
      vertex -56.5615 94.028 0
    endloop
  endfacet
  facet normal 0.321194 0.947013 -0
    outer loop
      vertex -57.6026 93.8209 0
      vertex -57.7512 93.8713 2
      vertex -57.6026 93.8209 2
    endloop
  endfacet
  facet normal 0.321194 0.947013 0
    outer loop
      vertex -57.7512 93.8713 2
      vertex -57.6026 93.8209 0
      vertex -57.7512 93.8713 0
    endloop
  endfacet
  facet normal 0.831462 -0.555582 0
    outer loop
      vertex -58.3312 95.58 2
      vertex -58.244 95.7105 0
      vertex -58.244 95.7105 2
    endloop
  endfacet
  facet normal 0.831462 -0.555582 0
    outer loop
      vertex -58.244 95.7105 0
      vertex -58.3312 95.58 2
      vertex -58.3312 95.58 0
    endloop
  endfacet
  facet normal -0.0656309 0.997844 0
    outer loop
      vertex -57.1354 93.7903 0
      vertex -57.292 93.78 2
      vertex -57.1354 93.7903 2
    endloop
  endfacet
  facet normal -0.0656309 0.997844 0
    outer loop
      vertex -57.292 93.78 2
      vertex -57.1354 93.7903 0
      vertex -57.292 93.78 0
    endloop
  endfacet
  facet normal -0.997844 -0.0656309 0
    outer loop
      vertex -56.092 94.98 0
      vertex -56.1023 95.1366 2
      vertex -56.1023 95.1366 0
    endloop
  endfacet
  facet normal -0.997844 -0.0656309 0
    outer loop
      vertex -56.1023 95.1366 2
      vertex -56.092 94.98 0
      vertex -56.092 94.98 2
    endloop
  endfacet
  facet normal 0.321194 -0.947013 0
    outer loop
      vertex -57.7512 96.0887 0
      vertex -57.6026 96.1391 2
      vertex -57.7512 96.0887 2
    endloop
  endfacet
  facet normal 0.321194 -0.947013 0
    outer loop
      vertex -57.6026 96.1391 2
      vertex -57.7512 96.0887 0
      vertex -57.6026 96.1391 0
    endloop
  endfacet
  facet normal 0.659406 -0.751787 0
    outer loop
      vertex -58.1405 95.8285 0
      vertex -58.0225 95.932 2
      vertex -58.1405 95.8285 2
    endloop
  endfacet
  facet normal 0.659406 -0.751787 0
    outer loop
      vertex -58.0225 95.932 2
      vertex -58.1405 95.8285 0
      vertex -58.0225 95.932 0
    endloop
  endfacet
  facet normal 0.831462 0.555582 0
    outer loop
      vertex -58.244 94.2495 2
      vertex -58.3312 94.38 0
      vertex -58.3312 94.38 2
    endloop
  endfacet
  facet normal 0.831462 0.555582 0
    outer loop
      vertex -58.3312 94.38 0
      vertex -58.244 94.2495 2
      vertex -58.244 94.2495 0
    endloop
  endfacet
  facet normal 0.997844 0.0656309 0
    outer loop
      vertex -58.4817 94.8234 2
      vertex -58.492 94.98 0
      vertex -58.492 94.98 2
    endloop
  endfacet
  facet normal 0.997844 0.0656309 0
    outer loop
      vertex -58.492 94.98 0
      vertex -58.4817 94.8234 2
      vertex -58.4817 94.8234 0
    endloop
  endfacet
  facet normal -0.659406 -0.751787 0
    outer loop
      vertex -56.5615 95.932 0
      vertex -56.4435 95.8285 2
      vertex -56.5615 95.932 2
    endloop
  endfacet
  facet normal -0.659406 -0.751787 -0
    outer loop
      vertex -56.4435 95.8285 2
      vertex -56.5615 95.932 0
      vertex -56.4435 95.8285 0
    endloop
  endfacet
  facet normal -0.751787 -0.659406 0
    outer loop
      vertex -56.34 95.7105 0
      vertex -56.4435 95.8285 2
      vertex -56.4435 95.8285 0
    endloop
  endfacet
  facet normal -0.751787 -0.659406 0
    outer loop
      vertex -56.4435 95.8285 2
      vertex -56.34 95.7105 0
      vertex -56.34 95.7105 2
    endloop
  endfacet
  facet normal -0.831462 0.555582 0
    outer loop
      vertex -56.34 94.2495 0
      vertex -56.2528 94.38 2
      vertex -56.2528 94.38 0
    endloop
  endfacet
  facet normal -0.831462 0.555582 0
    outer loop
      vertex -56.2528 94.38 2
      vertex -56.34 94.2495 0
      vertex -56.34 94.2495 2
    endloop
  endfacet
  facet normal -0.194891 -0.980825 0
    outer loop
      vertex -57.1354 96.1697 0
      vertex -56.9814 96.1391 2
      vertex -57.1354 96.1697 2
    endloop
  endfacet
  facet normal -0.194891 -0.980825 -0
    outer loop
      vertex -56.9814 96.1391 2
      vertex -57.1354 96.1697 0
      vertex -56.9814 96.1391 0
    endloop
  endfacet
  facet normal -0.442622 -0.896708 0
    outer loop
      vertex -56.8328 96.0887 0
      vertex -56.692 96.0192 2
      vertex -56.8328 96.0887 2
    endloop
  endfacet
  facet normal -0.442622 -0.896708 -0
    outer loop
      vertex -56.692 96.0192 2
      vertex -56.8328 96.0887 0
      vertex -56.692 96.0192 0
    endloop
  endfacet
  facet normal -0.321194 -0.947013 0
    outer loop
      vertex -56.9814 96.1391 0
      vertex -56.8328 96.0887 2
      vertex -56.9814 96.1391 2
    endloop
  endfacet
  facet normal -0.321194 -0.947013 -0
    outer loop
      vertex -56.8328 96.0887 2
      vertex -56.9814 96.1391 0
      vertex -56.8328 96.0887 0
    endloop
  endfacet
  facet normal -0.980825 0.194891 0
    outer loop
      vertex -56.1329 94.6694 0
      vertex -56.1023 94.8234 2
      vertex -56.1023 94.8234 0
    endloop
  endfacet
  facet normal -0.980825 0.194891 0
    outer loop
      vertex -56.1023 94.8234 2
      vertex -56.1329 94.6694 0
      vertex -56.1329 94.6694 2
    endloop
  endfacet
  facet normal 0.555582 -0.831462 0
    outer loop
      vertex -58.0225 95.932 0
      vertex -57.892 96.0192 2
      vertex -58.0225 95.932 2
    endloop
  endfacet
  facet normal 0.555582 -0.831462 0
    outer loop
      vertex -57.892 96.0192 2
      vertex -58.0225 95.932 0
      vertex -57.892 96.0192 0
    endloop
  endfacet
  facet normal 0.555582 0.831462 -0
    outer loop
      vertex -57.892 93.9408 0
      vertex -58.0225 94.028 2
      vertex -57.892 93.9408 2
    endloop
  endfacet
  facet normal 0.555582 0.831462 0
    outer loop
      vertex -58.0225 94.028 2
      vertex -57.892 93.9408 0
      vertex -58.0225 94.028 0
    endloop
  endfacet
  facet normal 0.980825 0.194891 0
    outer loop
      vertex -58.4511 94.6694 2
      vertex -58.4817 94.8234 0
      vertex -58.4817 94.8234 2
    endloop
  endfacet
  facet normal 0.980825 0.194891 0
    outer loop
      vertex -58.4817 94.8234 0
      vertex -58.4511 94.6694 2
      vertex -58.4511 94.6694 0
    endloop
  endfacet
  facet normal -0.751787 0.659406 0
    outer loop
      vertex -56.4435 94.1315 0
      vertex -56.34 94.2495 2
      vertex -56.34 94.2495 0
    endloop
  endfacet
  facet normal -0.751787 0.659406 0
    outer loop
      vertex -56.34 94.2495 2
      vertex -56.4435 94.1315 0
      vertex -56.4435 94.1315 2
    endloop
  endfacet
  facet normal 0.659406 0.751787 -0
    outer loop
      vertex -58.0225 94.028 0
      vertex -58.1405 94.1315 2
      vertex -58.0225 94.028 2
    endloop
  endfacet
  facet normal 0.659406 0.751787 0
    outer loop
      vertex -58.1405 94.1315 2
      vertex -58.0225 94.028 0
      vertex -58.1405 94.1315 0
    endloop
  endfacet
  facet normal -0.947013 0.321194 0
    outer loop
      vertex -56.1833 94.5208 0
      vertex -56.1329 94.6694 2
      vertex -56.1329 94.6694 0
    endloop
  endfacet
  facet normal -0.947013 0.321194 0
    outer loop
      vertex -56.1329 94.6694 2
      vertex -56.1833 94.5208 0
      vertex -56.1833 94.5208 2
    endloop
  endfacet
  facet normal 0.751787 0.659406 0
    outer loop
      vertex -58.1405 94.1315 2
      vertex -58.244 94.2495 0
      vertex -58.244 94.2495 2
    endloop
  endfacet
  facet normal 0.751787 0.659406 0
    outer loop
      vertex -58.244 94.2495 0
      vertex -58.1405 94.1315 2
      vertex -58.1405 94.1315 0
    endloop
  endfacet
  facet normal 0.194891 -0.980825 0
    outer loop
      vertex -57.6026 96.1391 0
      vertex -57.4486 96.1697 2
      vertex -57.6026 96.1391 2
    endloop
  endfacet
  facet normal 0.194891 -0.980825 0
    outer loop
      vertex -57.4486 96.1697 2
      vertex -57.6026 96.1391 0
      vertex -57.4486 96.1697 0
    endloop
  endfacet
  facet normal 0.442622 -0.896708 0
    outer loop
      vertex -57.892 96.0192 0
      vertex -57.7512 96.0887 2
      vertex -57.892 96.0192 2
    endloop
  endfacet
  facet normal 0.442622 -0.896708 0
    outer loop
      vertex -57.7512 96.0887 2
      vertex -57.892 96.0192 0
      vertex -57.7512 96.0887 0
    endloop
  endfacet
  facet normal 0.896708 -0.442622 0
    outer loop
      vertex -58.4007 95.4392 2
      vertex -58.3312 95.58 0
      vertex -58.3312 95.58 2
    endloop
  endfacet
  facet normal 0.896708 -0.442622 0
    outer loop
      vertex -58.3312 95.58 0
      vertex -58.4007 95.4392 2
      vertex -58.4007 95.4392 0
    endloop
  endfacet
  facet normal 0.0656309 -0.997844 0
    outer loop
      vertex -57.4486 96.1697 0
      vertex -57.292 96.18 2
      vertex -57.4486 96.1697 2
    endloop
  endfacet
  facet normal 0.0656309 -0.997844 0
    outer loop
      vertex -57.292 96.18 2
      vertex -57.4486 96.1697 0
      vertex -57.292 96.18 0
    endloop
  endfacet
  facet normal 0.751787 -0.659406 0
    outer loop
      vertex -58.244 95.7105 2
      vertex -58.1405 95.8285 0
      vertex -58.1405 95.8285 2
    endloop
  endfacet
  facet normal 0.751787 -0.659406 0
    outer loop
      vertex -58.1405 95.8285 0
      vertex -58.244 95.7105 2
      vertex -58.244 95.7105 0
    endloop
  endfacet
  facet normal 0.947013 -0.321194 0
    outer loop
      vertex -58.4511 95.2906 2
      vertex -58.4007 95.4392 0
      vertex -58.4007 95.4392 2
    endloop
  endfacet
  facet normal 0.947013 -0.321194 0
    outer loop
      vertex -58.4007 95.4392 0
      vertex -58.4511 95.2906 2
      vertex -58.4511 95.2906 0
    endloop
  endfacet
  facet normal -0.0656309 -0.997844 0
    outer loop
      vertex -57.292 96.18 0
      vertex -57.1354 96.1697 2
      vertex -57.292 96.18 2
    endloop
  endfacet
  facet normal -0.0656309 -0.997844 -0
    outer loop
      vertex -57.1354 96.1697 2
      vertex -57.292 96.18 0
      vertex -57.1354 96.1697 0
    endloop
  endfacet
  facet normal 0.947013 0.321194 0
    outer loop
      vertex -58.4007 94.5208 2
      vertex -58.4511 94.6694 0
      vertex -58.4511 94.6694 2
    endloop
  endfacet
  facet normal 0.947013 0.321194 0
    outer loop
      vertex -58.4511 94.6694 0
      vertex -58.4007 94.5208 2
      vertex -58.4007 94.5208 0
    endloop
  endfacet
  facet normal -0.980825 -0.194891 0
    outer loop
      vertex -56.1023 95.1366 0
      vertex -56.1329 95.2906 2
      vertex -56.1329 95.2906 0
    endloop
  endfacet
  facet normal -0.980825 -0.194891 0
    outer loop
      vertex -56.1329 95.2906 2
      vertex -56.1023 95.1366 0
      vertex -56.1023 95.1366 2
    endloop
  endfacet
  facet normal -0.321194 0.947013 0
    outer loop
      vertex -56.8328 93.8713 0
      vertex -56.9814 93.8209 2
      vertex -56.8328 93.8713 2
    endloop
  endfacet
  facet normal -0.321194 0.947013 0
    outer loop
      vertex -56.9814 93.8209 2
      vertex -56.8328 93.8713 0
      vertex -56.9814 93.8209 0
    endloop
  endfacet
  facet normal 0.896708 0.442622 0
    outer loop
      vertex -58.3312 94.38 2
      vertex -58.4007 94.5208 0
      vertex -58.4007 94.5208 2
    endloop
  endfacet
  facet normal 0.896708 0.442622 0
    outer loop
      vertex -58.4007 94.5208 0
      vertex -58.3312 94.38 2
      vertex -58.3312 94.38 0
    endloop
  endfacet
  facet normal -0.896708 0.442622 0
    outer loop
      vertex -56.2528 94.38 0
      vertex -56.1833 94.5208 2
      vertex -56.1833 94.5208 0
    endloop
  endfacet
  facet normal -0.896708 0.442622 0
    outer loop
      vertex -56.1833 94.5208 2
      vertex -56.2528 94.38 0
      vertex -56.2528 94.38 2
    endloop
  endfacet
  facet normal -0.442622 0.896708 0
    outer loop
      vertex -56.692 93.9408 0
      vertex -56.8328 93.8713 2
      vertex -56.692 93.9408 2
    endloop
  endfacet
  facet normal -0.442622 0.896708 0
    outer loop
      vertex -56.8328 93.8713 2
      vertex -56.692 93.9408 0
      vertex -56.8328 93.8713 0
    endloop
  endfacet
  facet normal -0.896708 -0.442622 0
    outer loop
      vertex -56.1833 95.4392 0
      vertex -56.2528 95.58 2
      vertex -56.2528 95.58 0
    endloop
  endfacet
  facet normal -0.896708 -0.442622 0
    outer loop
      vertex -56.2528 95.58 2
      vertex -56.1833 95.4392 0
      vertex -56.1833 95.4392 2
    endloop
  endfacet
  facet normal -0.831462 -0.555582 0
    outer loop
      vertex -56.2528 95.58 0
      vertex -56.34 95.7105 2
      vertex -56.34 95.7105 0
    endloop
  endfacet
  facet normal -0.831462 -0.555582 0
    outer loop
      vertex -56.34 95.7105 2
      vertex -56.2528 95.58 0
      vertex -56.2528 95.58 2
    endloop
  endfacet
  facet normal -0.555582 0.831462 0
    outer loop
      vertex -56.5615 94.028 0
      vertex -56.692 93.9408 2
      vertex -56.5615 94.028 2
    endloop
  endfacet
  facet normal -0.555582 0.831462 0
    outer loop
      vertex -56.692 93.9408 2
      vertex -56.5615 94.028 0
      vertex -56.692 93.9408 0
    endloop
  endfacet
  facet normal -0.0656309 0.997844 0
    outer loop
      vertex -18.6164 24.9383 0
      vertex -18.773 24.928 2
      vertex -18.6164 24.9383 2
    endloop
  endfacet
  facet normal -0.0656309 0.997844 0
    outer loop
      vertex -18.773 24.928 2
      vertex -18.6164 24.9383 0
      vertex -18.773 24.928 0
    endloop
  endfacet
  facet normal 0.980825 -0.194891 0
    outer loop
      vertex -19.9627 26.2846 2
      vertex -19.9321 26.4386 0
      vertex -19.9321 26.4386 2
    endloop
  endfacet
  facet normal 0.980825 -0.194891 0
    outer loop
      vertex -19.9321 26.4386 0
      vertex -19.9627 26.2846 2
      vertex -19.9627 26.2846 0
    endloop
  endfacet
  facet normal 0.997844 -0.0656309 0
    outer loop
      vertex -19.973 26.128 2
      vertex -19.9627 26.2846 0
      vertex -19.9627 26.2846 2
    endloop
  endfacet
  facet normal 0.997844 -0.0656309 0
    outer loop
      vertex -19.9627 26.2846 0
      vertex -19.973 26.128 2
      vertex -19.973 26.128 0
    endloop
  endfacet
  facet normal -0.947013 -0.321194 0
    outer loop
      vertex -17.6139 26.4386 0
      vertex -17.6643 26.5872 2
      vertex -17.6643 26.5872 0
    endloop
  endfacet
  facet normal -0.947013 -0.321194 0
    outer loop
      vertex -17.6643 26.5872 2
      vertex -17.6139 26.4386 0
      vertex -17.6139 26.4386 2
    endloop
  endfacet
  facet normal 0.555582 -0.831462 0
    outer loop
      vertex -19.5035 27.08 0
      vertex -19.373 27.1672 2
      vertex -19.5035 27.08 2
    endloop
  endfacet
  facet normal 0.555582 -0.831462 0
    outer loop
      vertex -19.373 27.1672 2
      vertex -19.5035 27.08 0
      vertex -19.373 27.1672 0
    endloop
  endfacet
  facet normal -0.194891 -0.980825 0
    outer loop
      vertex -18.6164 27.3177 0
      vertex -18.4624 27.2871 2
      vertex -18.6164 27.3177 2
    endloop
  endfacet
  facet normal -0.194891 -0.980825 -0
    outer loop
      vertex -18.4624 27.2871 2
      vertex -18.6164 27.3177 0
      vertex -18.4624 27.2871 0
    endloop
  endfacet
  facet normal 0.659406 -0.751787 0
    outer loop
      vertex -19.6215 26.9765 0
      vertex -19.5035 27.08 2
      vertex -19.6215 26.9765 2
    endloop
  endfacet
  facet normal 0.659406 -0.751787 0
    outer loop
      vertex -19.5035 27.08 2
      vertex -19.6215 26.9765 0
      vertex -19.5035 27.08 0
    endloop
  endfacet
  facet normal 0.947013 0.321194 0
    outer loop
      vertex -19.8817 25.6688 2
      vertex -19.9321 25.8174 0
      vertex -19.9321 25.8174 2
    endloop
  endfacet
  facet normal 0.947013 0.321194 0
    outer loop
      vertex -19.9321 25.8174 0
      vertex -19.8817 25.6688 2
      vertex -19.8817 25.6688 0
    endloop
  endfacet
  facet normal 0.321194 -0.947013 0
    outer loop
      vertex -19.2322 27.2367 0
      vertex -19.0836 27.2871 2
      vertex -19.2322 27.2367 2
    endloop
  endfacet
  facet normal 0.321194 -0.947013 0
    outer loop
      vertex -19.0836 27.2871 2
      vertex -19.2322 27.2367 0
      vertex -19.0836 27.2871 0
    endloop
  endfacet
  facet normal 0.997844 0.0656309 0
    outer loop
      vertex -19.9627 25.9714 2
      vertex -19.973 26.128 0
      vertex -19.973 26.128 2
    endloop
  endfacet
  facet normal 0.997844 0.0656309 0
    outer loop
      vertex -19.973 26.128 0
      vertex -19.9627 25.9714 2
      vertex -19.9627 25.9714 0
    endloop
  endfacet
  facet normal 0.980825 0.194891 0
    outer loop
      vertex -19.9321 25.8174 2
      vertex -19.9627 25.9714 0
      vertex -19.9627 25.9714 2
    endloop
  endfacet
  facet normal 0.980825 0.194891 0
    outer loop
      vertex -19.9627 25.9714 0
      vertex -19.9321 25.8174 2
      vertex -19.9321 25.8174 0
    endloop
  endfacet
  facet normal -0.831462 -0.555582 0
    outer loop
      vertex -17.7338 26.728 0
      vertex -17.821 26.8585 2
      vertex -17.821 26.8585 0
    endloop
  endfacet
  facet normal -0.831462 -0.555582 0
    outer loop
      vertex -17.821 26.8585 2
      vertex -17.7338 26.728 0
      vertex -17.7338 26.728 2
    endloop
  endfacet
  facet normal -0.555582 -0.831462 0
    outer loop
      vertex -18.173 27.1672 0
      vertex -18.0425 27.08 2
      vertex -18.173 27.1672 2
    endloop
  endfacet
  facet normal -0.555582 -0.831462 -0
    outer loop
      vertex -18.0425 27.08 2
      vertex -18.173 27.1672 0
      vertex -18.0425 27.08 0
    endloop
  endfacet
  facet normal -0.659406 0.751787 0
    outer loop
      vertex -17.9245 25.2795 0
      vertex -18.0425 25.176 2
      vertex -17.9245 25.2795 2
    endloop
  endfacet
  facet normal -0.659406 0.751787 0
    outer loop
      vertex -18.0425 25.176 2
      vertex -17.9245 25.2795 0
      vertex -18.0425 25.176 0
    endloop
  endfacet
  facet normal 0.442622 0.896708 -0
    outer loop
      vertex -19.2322 25.0193 0
      vertex -19.373 25.0888 2
      vertex -19.2322 25.0193 2
    endloop
  endfacet
  facet normal 0.442622 0.896708 0
    outer loop
      vertex -19.373 25.0888 2
      vertex -19.2322 25.0193 0
      vertex -19.373 25.0888 0
    endloop
  endfacet
  facet normal 0.659406 0.751787 -0
    outer loop
      vertex -19.5035 25.176 0
      vertex -19.6215 25.2795 2
      vertex -19.5035 25.176 2
    endloop
  endfacet
  facet normal 0.659406 0.751787 0
    outer loop
      vertex -19.6215 25.2795 2
      vertex -19.5035 25.176 0
      vertex -19.6215 25.2795 0
    endloop
  endfacet
  facet normal 0.896708 -0.442622 0
    outer loop
      vertex -19.8817 26.5872 2
      vertex -19.8122 26.728 0
      vertex -19.8122 26.728 2
    endloop
  endfacet
  facet normal 0.896708 -0.442622 0
    outer loop
      vertex -19.8122 26.728 0
      vertex -19.8817 26.5872 2
      vertex -19.8817 26.5872 0
    endloop
  endfacet
  facet normal 0.194891 0.980825 -0
    outer loop
      vertex -18.9296 24.9383 0
      vertex -19.0836 24.9689 2
      vertex -18.9296 24.9383 2
    endloop
  endfacet
  facet normal 0.194891 0.980825 0
    outer loop
      vertex -19.0836 24.9689 2
      vertex -18.9296 24.9383 0
      vertex -19.0836 24.9689 0
    endloop
  endfacet
  facet normal -0.997844 -0.0656309 0
    outer loop
      vertex -17.573 26.128 0
      vertex -17.5833 26.2846 2
      vertex -17.5833 26.2846 0
    endloop
  endfacet
  facet normal -0.997844 -0.0656309 0
    outer loop
      vertex -17.5833 26.2846 2
      vertex -17.573 26.128 0
      vertex -17.573 26.128 2
    endloop
  endfacet
  facet normal 0.831462 -0.555582 0
    outer loop
      vertex -19.8122 26.728 2
      vertex -19.725 26.8585 0
      vertex -19.725 26.8585 2
    endloop
  endfacet
  facet normal 0.831462 -0.555582 0
    outer loop
      vertex -19.725 26.8585 0
      vertex -19.8122 26.728 2
      vertex -19.8122 26.728 0
    endloop
  endfacet
  facet normal -0.751787 0.659406 0
    outer loop
      vertex -17.9245 25.2795 0
      vertex -17.821 25.3975 2
      vertex -17.821 25.3975 0
    endloop
  endfacet
  facet normal -0.751787 0.659406 0
    outer loop
      vertex -17.821 25.3975 2
      vertex -17.9245 25.2795 0
      vertex -17.9245 25.2795 2
    endloop
  endfacet
  facet normal -0.659406 -0.751787 0
    outer loop
      vertex -18.0425 27.08 0
      vertex -17.9245 26.9765 2
      vertex -18.0425 27.08 2
    endloop
  endfacet
  facet normal -0.659406 -0.751787 -0
    outer loop
      vertex -17.9245 26.9765 2
      vertex -18.0425 27.08 0
      vertex -17.9245 26.9765 0
    endloop
  endfacet
  facet normal -0.997844 0.0656309 0
    outer loop
      vertex -17.5833 25.9714 0
      vertex -17.573 26.128 2
      vertex -17.573 26.128 0
    endloop
  endfacet
  facet normal -0.997844 0.0656309 0
    outer loop
      vertex -17.573 26.128 2
      vertex -17.5833 25.9714 0
      vertex -17.5833 25.9714 2
    endloop
  endfacet
  facet normal -0.980825 -0.194891 0
    outer loop
      vertex -17.5833 26.2846 0
      vertex -17.6139 26.4386 2
      vertex -17.6139 26.4386 0
    endloop
  endfacet
  facet normal -0.980825 -0.194891 0
    outer loop
      vertex -17.6139 26.4386 2
      vertex -17.5833 26.2846 0
      vertex -17.5833 26.2846 2
    endloop
  endfacet
  facet normal 0.442622 -0.896708 0
    outer loop
      vertex -19.373 27.1672 0
      vertex -19.2322 27.2367 2
      vertex -19.373 27.1672 2
    endloop
  endfacet
  facet normal 0.442622 -0.896708 0
    outer loop
      vertex -19.2322 27.2367 2
      vertex -19.373 27.1672 0
      vertex -19.2322 27.2367 0
    endloop
  endfacet
  facet normal 0.321194 0.947013 -0
    outer loop
      vertex -19.0836 24.9689 0
      vertex -19.2322 25.0193 2
      vertex -19.0836 24.9689 2
    endloop
  endfacet
  facet normal 0.321194 0.947013 0
    outer loop
      vertex -19.2322 25.0193 2
      vertex -19.0836 24.9689 0
      vertex -19.2322 25.0193 0
    endloop
  endfacet
  facet normal -0.896708 -0.442622 0
    outer loop
      vertex -17.6643 26.5872 0
      vertex -17.7338 26.728 2
      vertex -17.7338 26.728 0
    endloop
  endfacet
  facet normal -0.896708 -0.442622 0
    outer loop
      vertex -17.7338 26.728 2
      vertex -17.6643 26.5872 0
      vertex -17.6643 26.5872 2
    endloop
  endfacet
  facet normal 0.555582 0.831462 -0
    outer loop
      vertex -19.373 25.0888 0
      vertex -19.5035 25.176 2
      vertex -19.373 25.0888 2
    endloop
  endfacet
  facet normal 0.555582 0.831462 0
    outer loop
      vertex -19.5035 25.176 2
      vertex -19.373 25.0888 0
      vertex -19.5035 25.176 0
    endloop
  endfacet
  facet normal -0.442622 -0.896708 0
    outer loop
      vertex -18.3138 27.2367 0
      vertex -18.173 27.1672 2
      vertex -18.3138 27.2367 2
    endloop
  endfacet
  facet normal -0.442622 -0.896708 -0
    outer loop
      vertex -18.173 27.1672 2
      vertex -18.3138 27.2367 0
      vertex -18.173 27.1672 0
    endloop
  endfacet
  facet normal 0.831462 0.555582 0
    outer loop
      vertex -19.725 25.3975 2
      vertex -19.8122 25.528 0
      vertex -19.8122 25.528 2
    endloop
  endfacet
  facet normal 0.831462 0.555582 0
    outer loop
      vertex -19.8122 25.528 0
      vertex -19.725 25.3975 2
      vertex -19.725 25.3975 0
    endloop
  endfacet
  facet normal 0.751787 0.659406 0
    outer loop
      vertex -19.6215 25.2795 2
      vertex -19.725 25.3975 0
      vertex -19.725 25.3975 2
    endloop
  endfacet
  facet normal 0.751787 0.659406 0
    outer loop
      vertex -19.725 25.3975 0
      vertex -19.6215 25.2795 2
      vertex -19.6215 25.2795 0
    endloop
  endfacet
  facet normal -0.751787 -0.659406 0
    outer loop
      vertex -17.821 26.8585 0
      vertex -17.9245 26.9765 2
      vertex -17.9245 26.9765 0
    endloop
  endfacet
  facet normal -0.751787 -0.659406 0
    outer loop
      vertex -17.9245 26.9765 2
      vertex -17.821 26.8585 0
      vertex -17.821 26.8585 2
    endloop
  endfacet
  facet normal 0.896708 0.442622 0
    outer loop
      vertex -19.8122 25.528 2
      vertex -19.8817 25.6688 0
      vertex -19.8817 25.6688 2
    endloop
  endfacet
  facet normal 0.896708 0.442622 0
    outer loop
      vertex -19.8817 25.6688 0
      vertex -19.8122 25.528 2
      vertex -19.8122 25.528 0
    endloop
  endfacet
  facet normal -0.980825 0.194891 0
    outer loop
      vertex -17.6139 25.8174 0
      vertex -17.5833 25.9714 2
      vertex -17.5833 25.9714 0
    endloop
  endfacet
  facet normal -0.980825 0.194891 0
    outer loop
      vertex -17.5833 25.9714 2
      vertex -17.6139 25.8174 0
      vertex -17.6139 25.8174 2
    endloop
  endfacet
  facet normal 0.0656309 0.997844 -0
    outer loop
      vertex -18.773 24.928 0
      vertex -18.9296 24.9383 2
      vertex -18.773 24.928 2
    endloop
  endfacet
  facet normal 0.0656309 0.997844 0
    outer loop
      vertex -18.9296 24.9383 2
      vertex -18.773 24.928 0
      vertex -18.9296 24.9383 0
    endloop
  endfacet
  facet normal 0.194891 -0.980825 0
    outer loop
      vertex -19.0836 27.2871 0
      vertex -18.9296 27.3177 2
      vertex -19.0836 27.2871 2
    endloop
  endfacet
  facet normal 0.194891 -0.980825 0
    outer loop
      vertex -18.9296 27.3177 2
      vertex -19.0836 27.2871 0
      vertex -18.9296 27.3177 0
    endloop
  endfacet
  facet normal -0.831462 0.555582 0
    outer loop
      vertex -17.821 25.3975 0
      vertex -17.7338 25.528 2
      vertex -17.7338 25.528 0
    endloop
  endfacet
  facet normal -0.831462 0.555582 0
    outer loop
      vertex -17.7338 25.528 2
      vertex -17.821 25.3975 0
      vertex -17.821 25.3975 2
    endloop
  endfacet
  facet normal 0.751787 -0.659406 0
    outer loop
      vertex -19.725 26.8585 2
      vertex -19.6215 26.9765 0
      vertex -19.6215 26.9765 2
    endloop
  endfacet
  facet normal 0.751787 -0.659406 0
    outer loop
      vertex -19.6215 26.9765 0
      vertex -19.725 26.8585 2
      vertex -19.725 26.8585 0
    endloop
  endfacet
  facet normal 0.947013 -0.321194 0
    outer loop
      vertex -19.9321 26.4386 2
      vertex -19.8817 26.5872 0
      vertex -19.8817 26.5872 2
    endloop
  endfacet
  facet normal 0.947013 -0.321194 0
    outer loop
      vertex -19.8817 26.5872 0
      vertex -19.9321 26.4386 2
      vertex -19.9321 26.4386 0
    endloop
  endfacet
  facet normal -0.321194 -0.947013 0
    outer loop
      vertex -18.4624 27.2871 0
      vertex -18.3138 27.2367 2
      vertex -18.4624 27.2871 2
    endloop
  endfacet
  facet normal -0.321194 -0.947013 -0
    outer loop
      vertex -18.3138 27.2367 2
      vertex -18.4624 27.2871 0
      vertex -18.3138 27.2367 0
    endloop
  endfacet
  facet normal 0.0656309 -0.997844 0
    outer loop
      vertex -18.9296 27.3177 0
      vertex -18.773 27.328 2
      vertex -18.9296 27.3177 2
    endloop
  endfacet
  facet normal 0.0656309 -0.997844 0
    outer loop
      vertex -18.773 27.328 2
      vertex -18.9296 27.3177 0
      vertex -18.773 27.328 0
    endloop
  endfacet
  facet normal -0.442622 0.896708 0
    outer loop
      vertex -18.173 25.0888 0
      vertex -18.3138 25.0193 2
      vertex -18.173 25.0888 2
    endloop
  endfacet
  facet normal -0.442622 0.896708 0
    outer loop
      vertex -18.3138 25.0193 2
      vertex -18.173 25.0888 0
      vertex -18.3138 25.0193 0
    endloop
  endfacet
  facet normal -0.947013 0.321194 0
    outer loop
      vertex -17.6643 25.6688 0
      vertex -17.6139 25.8174 2
      vertex -17.6139 25.8174 0
    endloop
  endfacet
  facet normal -0.947013 0.321194 0
    outer loop
      vertex -17.6139 25.8174 2
      vertex -17.6643 25.6688 0
      vertex -17.6643 25.6688 2
    endloop
  endfacet
  facet normal -0.555582 0.831462 0
    outer loop
      vertex -18.0425 25.176 0
      vertex -18.173 25.0888 2
      vertex -18.0425 25.176 2
    endloop
  endfacet
  facet normal -0.555582 0.831462 0
    outer loop
      vertex -18.173 25.0888 2
      vertex -18.0425 25.176 0
      vertex -18.173 25.0888 0
    endloop
  endfacet
  facet normal -0.0656309 -0.997844 0
    outer loop
      vertex -18.773 27.328 0
      vertex -18.6164 27.3177 2
      vertex -18.773 27.328 2
    endloop
  endfacet
  facet normal -0.0656309 -0.997844 -0
    outer loop
      vertex -18.6164 27.3177 2
      vertex -18.773 27.328 0
      vertex -18.6164 27.3177 0
    endloop
  endfacet
  facet normal -0.194891 0.980825 0
    outer loop
      vertex -18.4624 24.9689 0
      vertex -18.6164 24.9383 2
      vertex -18.4624 24.9689 2
    endloop
  endfacet
  facet normal -0.194891 0.980825 0
    outer loop
      vertex -18.6164 24.9383 2
      vertex -18.4624 24.9689 0
      vertex -18.6164 24.9383 0
    endloop
  endfacet
  facet normal -0.896708 0.442622 0
    outer loop
      vertex -17.7338 25.528 0
      vertex -17.6643 25.6688 2
      vertex -17.6643 25.6688 0
    endloop
  endfacet
  facet normal -0.896708 0.442622 0
    outer loop
      vertex -17.6643 25.6688 2
      vertex -17.7338 25.528 0
      vertex -17.7338 25.528 2
    endloop
  endfacet
  facet normal -0.321194 0.947013 0
    outer loop
      vertex -18.3138 25.0193 0
      vertex -18.4624 24.9689 2
      vertex -18.3138 25.0193 2
    endloop
  endfacet
  facet normal -0.321194 0.947013 0
    outer loop
      vertex -18.4624 24.9689 2
      vertex -18.3138 25.0193 0
      vertex -18.4624 24.9689 0
    endloop
  endfacet
  facet normal 0.442622 0.896708 -0
    outer loop
      vertex -19.2322 82.1703 0
      vertex -19.373 82.2398 2
      vertex -19.2322 82.1703 2
    endloop
  endfacet
  facet normal 0.442622 0.896708 0
    outer loop
      vertex -19.373 82.2398 2
      vertex -19.2322 82.1703 0
      vertex -19.373 82.2398 0
    endloop
  endfacet
  facet normal 0.659406 -0.751787 0
    outer loop
      vertex -19.6215 84.1275 0
      vertex -19.5035 84.231 2
      vertex -19.6215 84.1275 2
    endloop
  endfacet
  facet normal 0.659406 -0.751787 0
    outer loop
      vertex -19.5035 84.231 2
      vertex -19.6215 84.1275 0
      vertex -19.5035 84.231 0
    endloop
  endfacet
  facet normal 0.896708 0.442622 0
    outer loop
      vertex -19.8122 82.679 2
      vertex -19.8817 82.8198 0
      vertex -19.8817 82.8198 2
    endloop
  endfacet
  facet normal 0.896708 0.442622 0
    outer loop
      vertex -19.8817 82.8198 0
      vertex -19.8122 82.679 2
      vertex -19.8122 82.679 0
    endloop
  endfacet
  facet normal -0.980825 0.194891 0
    outer loop
      vertex -17.6139 82.9684 0
      vertex -17.5833 83.1224 2
      vertex -17.5833 83.1224 0
    endloop
  endfacet
  facet normal -0.980825 0.194891 0
    outer loop
      vertex -17.5833 83.1224 2
      vertex -17.6139 82.9684 0
      vertex -17.6139 82.9684 2
    endloop
  endfacet
  facet normal 0.194891 0.980825 -0
    outer loop
      vertex -18.9296 82.0893 0
      vertex -19.0836 82.1199 2
      vertex -18.9296 82.0893 2
    endloop
  endfacet
  facet normal 0.194891 0.980825 0
    outer loop
      vertex -19.0836 82.1199 2
      vertex -18.9296 82.0893 0
      vertex -19.0836 82.1199 0
    endloop
  endfacet
  facet normal -0.659406 0.751787 0
    outer loop
      vertex -17.9245 82.4305 0
      vertex -18.0425 82.327 2
      vertex -17.9245 82.4305 2
    endloop
  endfacet
  facet normal -0.659406 0.751787 0
    outer loop
      vertex -18.0425 82.327 2
      vertex -17.9245 82.4305 0
      vertex -18.0425 82.327 0
    endloop
  endfacet
  facet normal -0.997844 0.0656309 0
    outer loop
      vertex -17.5833 83.1224 0
      vertex -17.573 83.279 2
      vertex -17.573 83.279 0
    endloop
  endfacet
  facet normal -0.997844 0.0656309 0
    outer loop
      vertex -17.573 83.279 2
      vertex -17.5833 83.1224 0
      vertex -17.5833 83.1224 2
    endloop
  endfacet
  facet normal 0.997844 -0.0656309 0
    outer loop
      vertex -19.973 83.279 2
      vertex -19.9627 83.4356 0
      vertex -19.9627 83.4356 2
    endloop
  endfacet
  facet normal 0.997844 -0.0656309 0
    outer loop
      vertex -19.9627 83.4356 0
      vertex -19.973 83.279 2
      vertex -19.973 83.279 0
    endloop
  endfacet
  facet normal 0.831462 -0.555582 0
    outer loop
      vertex -19.8122 83.879 2
      vertex -19.725 84.0095 0
      vertex -19.725 84.0095 2
    endloop
  endfacet
  facet normal 0.831462 -0.555582 0
    outer loop
      vertex -19.725 84.0095 0
      vertex -19.8122 83.879 2
      vertex -19.8122 83.879 0
    endloop
  endfacet
  facet normal -0.0656309 -0.997844 0
    outer loop
      vertex -18.773 84.479 0
      vertex -18.6164 84.4687 2
      vertex -18.773 84.479 2
    endloop
  endfacet
  facet normal -0.0656309 -0.997844 -0
    outer loop
      vertex -18.6164 84.4687 2
      vertex -18.773 84.479 0
      vertex -18.6164 84.4687 0
    endloop
  endfacet
  facet normal -0.751787 -0.659406 0
    outer loop
      vertex -17.821 84.0095 0
      vertex -17.9245 84.1275 2
      vertex -17.9245 84.1275 0
    endloop
  endfacet
  facet normal -0.751787 -0.659406 0
    outer loop
      vertex -17.9245 84.1275 2
      vertex -17.821 84.0095 0
      vertex -17.821 84.0095 2
    endloop
  endfacet
  facet normal -0.194891 -0.980825 0
    outer loop
      vertex -18.6164 84.4687 0
      vertex -18.4624 84.4381 2
      vertex -18.6164 84.4687 2
    endloop
  endfacet
  facet normal -0.194891 -0.980825 -0
    outer loop
      vertex -18.4624 84.4381 2
      vertex -18.6164 84.4687 0
      vertex -18.4624 84.4381 0
    endloop
  endfacet
  facet normal -0.896708 0.442622 0
    outer loop
      vertex -17.7338 82.679 0
      vertex -17.6643 82.8198 2
      vertex -17.6643 82.8198 0
    endloop
  endfacet
  facet normal -0.896708 0.442622 0
    outer loop
      vertex -17.6643 82.8198 2
      vertex -17.7338 82.679 0
      vertex -17.7338 82.679 2
    endloop
  endfacet
  facet normal 0.980825 -0.194891 0
    outer loop
      vertex -19.9627 83.4356 2
      vertex -19.9321 83.5896 0
      vertex -19.9321 83.5896 2
    endloop
  endfacet
  facet normal 0.980825 -0.194891 0
    outer loop
      vertex -19.9321 83.5896 0
      vertex -19.9627 83.4356 2
      vertex -19.9627 83.4356 0
    endloop
  endfacet
  facet normal 0.555582 0.831462 -0
    outer loop
      vertex -19.373 82.2398 0
      vertex -19.5035 82.327 2
      vertex -19.373 82.2398 2
    endloop
  endfacet
  facet normal 0.555582 0.831462 0
    outer loop
      vertex -19.5035 82.327 2
      vertex -19.373 82.2398 0
      vertex -19.5035 82.327 0
    endloop
  endfacet
  facet normal 0.659406 0.751787 -0
    outer loop
      vertex -19.5035 82.327 0
      vertex -19.6215 82.4305 2
      vertex -19.5035 82.327 2
    endloop
  endfacet
  facet normal 0.659406 0.751787 0
    outer loop
      vertex -19.6215 82.4305 2
      vertex -19.5035 82.327 0
      vertex -19.6215 82.4305 0
    endloop
  endfacet
  facet normal 0.896708 -0.442622 0
    outer loop
      vertex -19.8817 83.7382 2
      vertex -19.8122 83.879 0
      vertex -19.8122 83.879 2
    endloop
  endfacet
  facet normal 0.896708 -0.442622 0
    outer loop
      vertex -19.8122 83.879 0
      vertex -19.8817 83.7382 2
      vertex -19.8817 83.7382 0
    endloop
  endfacet
  facet normal 0.947013 -0.321194 0
    outer loop
      vertex -19.9321 83.5896 2
      vertex -19.8817 83.7382 0
      vertex -19.8817 83.7382 2
    endloop
  endfacet
  facet normal 0.947013 -0.321194 0
    outer loop
      vertex -19.8817 83.7382 0
      vertex -19.9321 83.5896 2
      vertex -19.9321 83.5896 0
    endloop
  endfacet
  facet normal -0.831462 0.555582 0
    outer loop
      vertex -17.821 82.5485 0
      vertex -17.7338 82.679 2
      vertex -17.7338 82.679 0
    endloop
  endfacet
  facet normal -0.831462 0.555582 0
    outer loop
      vertex -17.7338 82.679 2
      vertex -17.821 82.5485 0
      vertex -17.821 82.5485 2
    endloop
  endfacet
  facet normal 0.0656309 0.997844 -0
    outer loop
      vertex -18.773 82.079 0
      vertex -18.9296 82.0893 2
      vertex -18.773 82.079 2
    endloop
  endfacet
  facet normal 0.0656309 0.997844 0
    outer loop
      vertex -18.9296 82.0893 2
      vertex -18.773 82.079 0
      vertex -18.9296 82.0893 0
    endloop
  endfacet
  facet normal 0.751787 0.659406 0
    outer loop
      vertex -19.6215 82.4305 2
      vertex -19.725 82.5485 0
      vertex -19.725 82.5485 2
    endloop
  endfacet
  facet normal 0.751787 0.659406 0
    outer loop
      vertex -19.725 82.5485 0
      vertex -19.6215 82.4305 2
      vertex -19.6215 82.4305 0
    endloop
  endfacet
  facet normal -0.659406 -0.751787 0
    outer loop
      vertex -18.0425 84.231 0
      vertex -17.9245 84.1275 2
      vertex -18.0425 84.231 2
    endloop
  endfacet
  facet normal -0.659406 -0.751787 -0
    outer loop
      vertex -17.9245 84.1275 2
      vertex -18.0425 84.231 0
      vertex -17.9245 84.1275 0
    endloop
  endfacet
  facet normal -0.947013 0.321194 0
    outer loop
      vertex -17.6643 82.8198 0
      vertex -17.6139 82.9684 2
      vertex -17.6139 82.9684 0
    endloop
  endfacet
  facet normal -0.947013 0.321194 0
    outer loop
      vertex -17.6139 82.9684 2
      vertex -17.6643 82.8198 0
      vertex -17.6643 82.8198 2
    endloop
  endfacet
  facet normal 0.751787 -0.659406 0
    outer loop
      vertex -19.725 84.0095 2
      vertex -19.6215 84.1275 0
      vertex -19.6215 84.1275 2
    endloop
  endfacet
  facet normal 0.751787 -0.659406 0
    outer loop
      vertex -19.6215 84.1275 0
      vertex -19.725 84.0095 2
      vertex -19.725 84.0095 0
    endloop
  endfacet
  facet normal -0.997844 -0.0656309 0
    outer loop
      vertex -17.573 83.279 0
      vertex -17.5833 83.4356 2
      vertex -17.5833 83.4356 0
    endloop
  endfacet
  facet normal -0.997844 -0.0656309 0
    outer loop
      vertex -17.5833 83.4356 2
      vertex -17.573 83.279 0
      vertex -17.573 83.279 2
    endloop
  endfacet
  facet normal 0.997844 0.0656309 0
    outer loop
      vertex -19.9627 83.1224 2
      vertex -19.973 83.279 0
      vertex -19.973 83.279 2
    endloop
  endfacet
  facet normal 0.997844 0.0656309 0
    outer loop
      vertex -19.973 83.279 0
      vertex -19.9627 83.1224 2
      vertex -19.9627 83.1224 0
    endloop
  endfacet
  facet normal 0.321194 -0.947013 0
    outer loop
      vertex -19.2322 84.3877 0
      vertex -19.0836 84.4381 2
      vertex -19.2322 84.3877 2
    endloop
  endfacet
  facet normal 0.321194 -0.947013 0
    outer loop
      vertex -19.0836 84.4381 2
      vertex -19.2322 84.3877 0
      vertex -19.0836 84.4381 0
    endloop
  endfacet
  facet normal -0.555582 -0.831462 0
    outer loop
      vertex -18.173 84.3182 0
      vertex -18.0425 84.231 2
      vertex -18.173 84.3182 2
    endloop
  endfacet
  facet normal -0.555582 -0.831462 -0
    outer loop
      vertex -18.0425 84.231 2
      vertex -18.173 84.3182 0
      vertex -18.0425 84.231 0
    endloop
  endfacet
  facet normal -0.980825 -0.194891 0
    outer loop
      vertex -17.5833 83.4356 0
      vertex -17.6139 83.5896 2
      vertex -17.6139 83.5896 0
    endloop
  endfacet
  facet normal -0.980825 -0.194891 0
    outer loop
      vertex -17.6139 83.5896 2
      vertex -17.5833 83.4356 0
      vertex -17.5833 83.4356 2
    endloop
  endfacet
  facet normal 0.831462 0.555582 0
    outer loop
      vertex -19.725 82.5485 2
      vertex -19.8122 82.679 0
      vertex -19.8122 82.679 2
    endloop
  endfacet
  facet normal 0.831462 0.555582 0
    outer loop
      vertex -19.8122 82.679 0
      vertex -19.725 82.5485 2
      vertex -19.725 82.5485 0
    endloop
  endfacet
  facet normal -0.442622 -0.896708 0
    outer loop
      vertex -18.3138 84.3877 0
      vertex -18.173 84.3182 2
      vertex -18.3138 84.3877 2
    endloop
  endfacet
  facet normal -0.442622 -0.896708 -0
    outer loop
      vertex -18.173 84.3182 2
      vertex -18.3138 84.3877 0
      vertex -18.173 84.3182 0
    endloop
  endfacet
  facet normal -0.896708 -0.442622 0
    outer loop
      vertex -17.6643 83.7382 0
      vertex -17.7338 83.879 2
      vertex -17.7338 83.879 0
    endloop
  endfacet
  facet normal -0.896708 -0.442622 0
    outer loop
      vertex -17.7338 83.879 2
      vertex -17.6643 83.7382 0
      vertex -17.6643 83.7382 2
    endloop
  endfacet
  facet normal 0.980825 0.194891 0
    outer loop
      vertex -19.9321 82.9684 2
      vertex -19.9627 83.1224 0
      vertex -19.9627 83.1224 2
    endloop
  endfacet
  facet normal 0.980825 0.194891 0
    outer loop
      vertex -19.9627 83.1224 0
      vertex -19.9321 82.9684 2
      vertex -19.9321 82.9684 0
    endloop
  endfacet
  facet normal 0.442622 -0.896708 0
    outer loop
      vertex -19.373 84.3182 0
      vertex -19.2322 84.3877 2
      vertex -19.373 84.3182 2
    endloop
  endfacet
  facet normal 0.442622 -0.896708 0
    outer loop
      vertex -19.2322 84.3877 2
      vertex -19.373 84.3182 0
      vertex -19.2322 84.3877 0
    endloop
  endfacet
  facet normal 0.321194 0.947013 -0
    outer loop
      vertex -19.0836 82.1199 0
      vertex -19.2322 82.1703 2
      vertex -19.0836 82.1199 2
    endloop
  endfacet
  facet normal 0.321194 0.947013 0
    outer loop
      vertex -19.2322 82.1703 2
      vertex -19.0836 82.1199 0
      vertex -19.2322 82.1703 0
    endloop
  endfacet
  facet normal 0.555582 -0.831462 0
    outer loop
      vertex -19.5035 84.231 0
      vertex -19.373 84.3182 2
      vertex -19.5035 84.231 2
    endloop
  endfacet
  facet normal 0.555582 -0.831462 0
    outer loop
      vertex -19.373 84.3182 2
      vertex -19.5035 84.231 0
      vertex -19.373 84.3182 0
    endloop
  endfacet
  facet normal -0.751787 0.659406 0
    outer loop
      vertex -17.9245 82.4305 0
      vertex -17.821 82.5485 2
      vertex -17.821 82.5485 0
    endloop
  endfacet
  facet normal -0.751787 0.659406 0
    outer loop
      vertex -17.821 82.5485 2
      vertex -17.9245 82.4305 0
      vertex -17.9245 82.4305 2
    endloop
  endfacet
  facet normal 0.194891 -0.980825 0
    outer loop
      vertex -19.0836 84.4381 0
      vertex -18.9296 84.4687 2
      vertex -19.0836 84.4381 2
    endloop
  endfacet
  facet normal 0.194891 -0.980825 0
    outer loop
      vertex -18.9296 84.4687 2
      vertex -19.0836 84.4381 0
      vertex -18.9296 84.4687 0
    endloop
  endfacet
  facet normal -0.947013 -0.321194 0
    outer loop
      vertex -17.6139 83.5896 0
      vertex -17.6643 83.7382 2
      vertex -17.6643 83.7382 0
    endloop
  endfacet
  facet normal -0.947013 -0.321194 0
    outer loop
      vertex -17.6643 83.7382 2
      vertex -17.6139 83.5896 0
      vertex -17.6139 83.5896 2
    endloop
  endfacet
  facet normal -0.0656309 0.997844 0
    outer loop
      vertex -18.6164 82.0893 0
      vertex -18.773 82.079 2
      vertex -18.6164 82.0893 2
    endloop
  endfacet
  facet normal -0.0656309 0.997844 0
    outer loop
      vertex -18.773 82.079 2
      vertex -18.6164 82.0893 0
      vertex -18.773 82.079 0
    endloop
  endfacet
  facet normal -0.321194 -0.947013 0
    outer loop
      vertex -18.4624 84.4381 0
      vertex -18.3138 84.3877 2
      vertex -18.4624 84.4381 2
    endloop
  endfacet
  facet normal -0.321194 -0.947013 -0
    outer loop
      vertex -18.3138 84.3877 2
      vertex -18.4624 84.4381 0
      vertex -18.3138 84.3877 0
    endloop
  endfacet
  facet normal -0.321194 0.947013 0
    outer loop
      vertex -18.3138 82.1703 0
      vertex -18.4624 82.1199 2
      vertex -18.3138 82.1703 2
    endloop
  endfacet
  facet normal -0.321194 0.947013 0
    outer loop
      vertex -18.4624 82.1199 2
      vertex -18.3138 82.1703 0
      vertex -18.4624 82.1199 0
    endloop
  endfacet
  facet normal 0.947013 0.321194 0
    outer loop
      vertex -19.8817 82.8198 2
      vertex -19.9321 82.9684 0
      vertex -19.9321 82.9684 2
    endloop
  endfacet
  facet normal 0.947013 0.321194 0
    outer loop
      vertex -19.9321 82.9684 0
      vertex -19.8817 82.8198 2
      vertex -19.8817 82.8198 0
    endloop
  endfacet
  facet normal -0.555582 0.831462 0
    outer loop
      vertex -18.0425 82.327 0
      vertex -18.173 82.2398 2
      vertex -18.0425 82.327 2
    endloop
  endfacet
  facet normal -0.555582 0.831462 0
    outer loop
      vertex -18.173 82.2398 2
      vertex -18.0425 82.327 0
      vertex -18.173 82.2398 0
    endloop
  endfacet
  facet normal -0.442622 0.896708 0
    outer loop
      vertex -18.173 82.2398 0
      vertex -18.3138 82.1703 2
      vertex -18.173 82.2398 2
    endloop
  endfacet
  facet normal -0.442622 0.896708 0
    outer loop
      vertex -18.3138 82.1703 2
      vertex -18.173 82.2398 0
      vertex -18.3138 82.1703 0
    endloop
  endfacet
  facet normal 0.0656309 -0.997844 0
    outer loop
      vertex -18.9296 84.4687 0
      vertex -18.773 84.479 2
      vertex -18.9296 84.4687 2
    endloop
  endfacet
  facet normal 0.0656309 -0.997844 0
    outer loop
      vertex -18.773 84.479 2
      vertex -18.9296 84.4687 0
      vertex -18.773 84.479 0
    endloop
  endfacet
  facet normal -0.831462 -0.555582 0
    outer loop
      vertex -17.7338 83.879 0
      vertex -17.821 84.0095 2
      vertex -17.821 84.0095 0
    endloop
  endfacet
  facet normal -0.831462 -0.555582 0
    outer loop
      vertex -17.821 84.0095 2
      vertex -17.7338 83.879 0
      vertex -17.7338 83.879 2
    endloop
  endfacet
  facet normal -0.194891 0.980825 0
    outer loop
      vertex -18.4624 82.1199 0
      vertex -18.6164 82.0893 2
      vertex -18.4624 82.1199 2
    endloop
  endfacet
  facet normal -0.194891 0.980825 0
    outer loop
      vertex -18.6164 82.0893 2
      vertex -18.4624 82.1199 0
      vertex -18.6164 82.0893 0
    endloop
  endfacet
  facet normal 0.980825 -0.194891 0
    outer loop
      vertex -95.7457 92.6356 2
      vertex -95.7151 92.7896 0
      vertex -95.7151 92.7896 2
    endloop
  endfacet
  facet normal 0.980825 -0.194891 0
    outer loop
      vertex -95.7151 92.7896 0
      vertex -95.7457 92.6356 2
      vertex -95.7457 92.6356 0
    endloop
  endfacet
  facet normal 0.997844 -0.0656309 0
    outer loop
      vertex -95.756 92.479 2
      vertex -95.7457 92.6356 0
      vertex -95.7457 92.6356 2
    endloop
  endfacet
  facet normal 0.997844 -0.0656309 0
    outer loop
      vertex -95.7457 92.6356 0
      vertex -95.756 92.479 2
      vertex -95.756 92.479 0
    endloop
  endfacet
  facet normal -0.947013 -0.321194 0
    outer loop
      vertex -93.3969 92.7896 0
      vertex -93.4473 92.9382 2
      vertex -93.4473 92.9382 0
    endloop
  endfacet
  facet normal -0.947013 -0.321194 0
    outer loop
      vertex -93.4473 92.9382 2
      vertex -93.3969 92.7896 0
      vertex -93.3969 92.7896 2
    endloop
  endfacet
  facet normal 0.555582 -0.831462 0
    outer loop
      vertex -95.2865 93.431 0
      vertex -95.156 93.5182 2
      vertex -95.2865 93.431 2
    endloop
  endfacet
  facet normal 0.555582 -0.831462 0
    outer loop
      vertex -95.156 93.5182 2
      vertex -95.2865 93.431 0
      vertex -95.156 93.5182 0
    endloop
  endfacet
  facet normal -0.0656309 -0.997844 0
    outer loop
      vertex -94.556 93.679 0
      vertex -94.3994 93.6687 2
      vertex -94.556 93.679 2
    endloop
  endfacet
  facet normal -0.0656309 -0.997844 -0
    outer loop
      vertex -94.3994 93.6687 2
      vertex -94.556 93.679 0
      vertex -94.3994 93.6687 0
    endloop
  endfacet
  facet normal 0.659406 -0.751787 0
    outer loop
      vertex -95.4045 93.3275 0
      vertex -95.2865 93.431 2
      vertex -95.4045 93.3275 2
    endloop
  endfacet
  facet normal 0.659406 -0.751787 0
    outer loop
      vertex -95.2865 93.431 2
      vertex -95.4045 93.3275 0
      vertex -95.2865 93.431 0
    endloop
  endfacet
  facet normal -0.896708 0.442622 0
    outer loop
      vertex -93.5168 91.879 0
      vertex -93.4473 92.0198 2
      vertex -93.4473 92.0198 0
    endloop
  endfacet
  facet normal -0.896708 0.442622 0
    outer loop
      vertex -93.4473 92.0198 2
      vertex -93.5168 91.879 0
      vertex -93.5168 91.879 2
    endloop
  endfacet
  facet normal 0.321194 -0.947013 0
    outer loop
      vertex -95.0152 93.5877 0
      vertex -94.8666 93.6381 2
      vertex -95.0152 93.5877 2
    endloop
  endfacet
  facet normal 0.321194 -0.947013 0
    outer loop
      vertex -94.8666 93.6381 2
      vertex -95.0152 93.5877 0
      vertex -94.8666 93.6381 0
    endloop
  endfacet
  facet normal 0.947013 0.321194 0
    outer loop
      vertex -95.6647 92.0198 2
      vertex -95.7151 92.1684 0
      vertex -95.7151 92.1684 2
    endloop
  endfacet
  facet normal 0.947013 0.321194 0
    outer loop
      vertex -95.7151 92.1684 0
      vertex -95.6647 92.0198 2
      vertex -95.6647 92.0198 0
    endloop
  endfacet
  facet normal 0.659406 0.751787 -0
    outer loop
      vertex -95.2865 91.527 0
      vertex -95.4045 91.6305 2
      vertex -95.2865 91.527 2
    endloop
  endfacet
  facet normal 0.659406 0.751787 0
    outer loop
      vertex -95.4045 91.6305 2
      vertex -95.2865 91.527 0
      vertex -95.4045 91.6305 0
    endloop
  endfacet
  facet normal 0.997844 0.0656309 0
    outer loop
      vertex -95.7457 92.3224 2
      vertex -95.756 92.479 0
      vertex -95.756 92.479 2
    endloop
  endfacet
  facet normal 0.997844 0.0656309 0
    outer loop
      vertex -95.756 92.479 0
      vertex -95.7457 92.3224 2
      vertex -95.7457 92.3224 0
    endloop
  endfacet
  facet normal 0.896708 -0.442622 0
    outer loop
      vertex -95.6647 92.9382 2
      vertex -95.5952 93.079 0
      vertex -95.5952 93.079 2
    endloop
  endfacet
  facet normal 0.896708 -0.442622 0
    outer loop
      vertex -95.5952 93.079 0
      vertex -95.6647 92.9382 2
      vertex -95.6647 92.9382 0
    endloop
  endfacet
  facet normal 0.194891 0.980825 -0
    outer loop
      vertex -94.7126 91.2893 0
      vertex -94.8666 91.3199 2
      vertex -94.7126 91.2893 2
    endloop
  endfacet
  facet normal 0.194891 0.980825 0
    outer loop
      vertex -94.8666 91.3199 2
      vertex -94.7126 91.2893 0
      vertex -94.8666 91.3199 0
    endloop
  endfacet
  facet normal -0.659406 -0.751787 0
    outer loop
      vertex -93.8255 93.431 0
      vertex -93.7075 93.3275 2
      vertex -93.8255 93.431 2
    endloop
  endfacet
  facet normal -0.659406 -0.751787 -0
    outer loop
      vertex -93.7075 93.3275 2
      vertex -93.8255 93.431 0
      vertex -93.7075 93.3275 0
    endloop
  endfacet
  facet normal 0.831462 -0.555582 0
    outer loop
      vertex -95.5952 93.079 2
      vertex -95.508 93.2095 0
      vertex -95.508 93.2095 2
    endloop
  endfacet
  facet normal 0.831462 -0.555582 0
    outer loop
      vertex -95.508 93.2095 0
      vertex -95.5952 93.079 2
      vertex -95.5952 93.079 0
    endloop
  endfacet
  facet normal -0.751787 0.659406 0
    outer loop
      vertex -93.7075 91.6305 0
      vertex -93.604 91.7485 2
      vertex -93.604 91.7485 0
    endloop
  endfacet
  facet normal -0.751787 0.659406 0
    outer loop
      vertex -93.604 91.7485 2
      vertex -93.7075 91.6305 0
      vertex -93.7075 91.6305 2
    endloop
  endfacet
  facet normal -0.751787 -0.659406 0
    outer loop
      vertex -93.604 93.2095 0
      vertex -93.7075 93.3275 2
      vertex -93.7075 93.3275 0
    endloop
  endfacet
  facet normal -0.751787 -0.659406 0
    outer loop
      vertex -93.7075 93.3275 2
      vertex -93.604 93.2095 0
      vertex -93.604 93.2095 2
    endloop
  endfacet
  facet normal -0.555582 -0.831462 0
    outer loop
      vertex -93.956 93.5182 0
      vertex -93.8255 93.431 2
      vertex -93.956 93.5182 2
    endloop
  endfacet
  facet normal -0.555582 -0.831462 -0
    outer loop
      vertex -93.8255 93.431 2
      vertex -93.956 93.5182 0
      vertex -93.8255 93.431 0
    endloop
  endfacet
  facet normal -0.997844 -0.0656309 0
    outer loop
      vertex -93.356 92.479 0
      vertex -93.3663 92.6356 2
      vertex -93.3663 92.6356 0
    endloop
  endfacet
  facet normal -0.997844 -0.0656309 0
    outer loop
      vertex -93.3663 92.6356 2
      vertex -93.356 92.479 0
      vertex -93.356 92.479 2
    endloop
  endfacet
  facet normal 0.751787 0.659406 0
    outer loop
      vertex -95.4045 91.6305 2
      vertex -95.508 91.7485 0
      vertex -95.508 91.7485 2
    endloop
  endfacet
  facet normal 0.751787 0.659406 0
    outer loop
      vertex -95.508 91.7485 0
      vertex -95.4045 91.6305 2
      vertex -95.4045 91.6305 0
    endloop
  endfacet
  facet normal 0.442622 -0.896708 0
    outer loop
      vertex -95.156 93.5182 0
      vertex -95.0152 93.5877 2
      vertex -95.156 93.5182 2
    endloop
  endfacet
  facet normal 0.442622 -0.896708 0
    outer loop
      vertex -95.0152 93.5877 2
      vertex -95.156 93.5182 0
      vertex -95.0152 93.5877 0
    endloop
  endfacet
  facet normal 0.321194 0.947013 -0
    outer loop
      vertex -94.8666 91.3199 0
      vertex -95.0152 91.3703 2
      vertex -94.8666 91.3199 2
    endloop
  endfacet
  facet normal 0.321194 0.947013 0
    outer loop
      vertex -95.0152 91.3703 2
      vertex -94.8666 91.3199 0
      vertex -95.0152 91.3703 0
    endloop
  endfacet
  facet normal 0.980825 0.194891 0
    outer loop
      vertex -95.7151 92.1684 2
      vertex -95.7457 92.3224 0
      vertex -95.7457 92.3224 2
    endloop
  endfacet
  facet normal 0.980825 0.194891 0
    outer loop
      vertex -95.7457 92.3224 0
      vertex -95.7151 92.1684 2
      vertex -95.7151 92.1684 0
    endloop
  endfacet
  facet normal -0.896708 -0.442622 0
    outer loop
      vertex -93.4473 92.9382 0
      vertex -93.5168 93.079 2
      vertex -93.5168 93.079 0
    endloop
  endfacet
  facet normal -0.896708 -0.442622 0
    outer loop
      vertex -93.5168 93.079 2
      vertex -93.4473 92.9382 0
      vertex -93.4473 92.9382 2
    endloop
  endfacet
  facet normal -0.194891 -0.980825 0
    outer loop
      vertex -94.3994 93.6687 0
      vertex -94.2454 93.6381 2
      vertex -94.3994 93.6687 2
    endloop
  endfacet
  facet normal -0.194891 -0.980825 -0
    outer loop
      vertex -94.2454 93.6381 2
      vertex -94.3994 93.6687 0
      vertex -94.2454 93.6381 0
    endloop
  endfacet
  facet normal 0.555582 0.831462 -0
    outer loop
      vertex -95.156 91.4398 0
      vertex -95.2865 91.527 2
      vertex -95.156 91.4398 2
    endloop
  endfacet
  facet normal 0.555582 0.831462 0
    outer loop
      vertex -95.2865 91.527 2
      vertex -95.156 91.4398 0
      vertex -95.2865 91.527 0
    endloop
  endfacet
  facet normal -0.442622 -0.896708 0
    outer loop
      vertex -94.0968 93.5877 0
      vertex -93.956 93.5182 2
      vertex -94.0968 93.5877 2
    endloop
  endfacet
  facet normal -0.442622 -0.896708 -0
    outer loop
      vertex -93.956 93.5182 2
      vertex -94.0968 93.5877 0
      vertex -93.956 93.5182 0
    endloop
  endfacet
  facet normal 0.831462 0.555582 0
    outer loop
      vertex -95.508 91.7485 2
      vertex -95.5952 91.879 0
      vertex -95.5952 91.879 2
    endloop
  endfacet
  facet normal 0.831462 0.555582 0
    outer loop
      vertex -95.5952 91.879 0
      vertex -95.508 91.7485 2
      vertex -95.508 91.7485 0
    endloop
  endfacet
  facet normal -0.442622 0.896708 0
    outer loop
      vertex -93.956 91.4398 0
      vertex -94.0968 91.3703 2
      vertex -93.956 91.4398 2
    endloop
  endfacet
  facet normal -0.442622 0.896708 0
    outer loop
      vertex -94.0968 91.3703 2
      vertex -93.956 91.4398 0
      vertex -94.0968 91.3703 0
    endloop
  endfacet
  facet normal 0.896708 0.442622 0
    outer loop
      vertex -95.5952 91.879 2
      vertex -95.6647 92.0198 0
      vertex -95.6647 92.0198 2
    endloop
  endfacet
  facet normal 0.896708 0.442622 0
    outer loop
      vertex -95.6647 92.0198 0
      vertex -95.5952 91.879 2
      vertex -95.5952 91.879 0
    endloop
  endfacet
  facet normal -0.980825 0.194891 0
    outer loop
      vertex -93.3969 92.1684 0
      vertex -93.3663 92.3224 2
      vertex -93.3663 92.3224 0
    endloop
  endfacet
  facet normal -0.980825 0.194891 0
    outer loop
      vertex -93.3663 92.3224 2
      vertex -93.3969 92.1684 0
      vertex -93.3969 92.1684 2
    endloop
  endfacet
  facet normal -0.0656309 0.997844 0
    outer loop
      vertex -94.3994 91.2893 0
      vertex -94.556 91.279 2
      vertex -94.3994 91.2893 2
    endloop
  endfacet
  facet normal -0.0656309 0.997844 0
    outer loop
      vertex -94.556 91.279 2
      vertex -94.3994 91.2893 0
      vertex -94.556 91.279 0
    endloop
  endfacet
  facet normal 0.442622 0.896708 -0
    outer loop
      vertex -95.0152 91.3703 0
      vertex -95.156 91.4398 2
      vertex -95.0152 91.3703 2
    endloop
  endfacet
  facet normal 0.442622 0.896708 0
    outer loop
      vertex -95.156 91.4398 2
      vertex -95.0152 91.3703 0
      vertex -95.156 91.4398 0
    endloop
  endfacet
  facet normal 0.0656309 0.997844 -0
    outer loop
      vertex -94.556 91.279 0
      vertex -94.7126 91.2893 2
      vertex -94.556 91.279 2
    endloop
  endfacet
  facet normal 0.0656309 0.997844 0
    outer loop
      vertex -94.7126 91.2893 2
      vertex -94.556 91.279 0
      vertex -94.7126 91.2893 0
    endloop
  endfacet
  facet normal 0.194891 -0.980825 0
    outer loop
      vertex -94.8666 93.6381 0
      vertex -94.7126 93.6687 2
      vertex -94.8666 93.6381 2
    endloop
  endfacet
  facet normal 0.194891 -0.980825 0
    outer loop
      vertex -94.7126 93.6687 2
      vertex -94.8666 93.6381 0
      vertex -94.7126 93.6687 0
    endloop
  endfacet
  facet normal -0.980825 -0.194891 0
    outer loop
      vertex -93.3663 92.6356 0
      vertex -93.3969 92.7896 2
      vertex -93.3969 92.7896 0
    endloop
  endfacet
  facet normal -0.980825 -0.194891 0
    outer loop
      vertex -93.3969 92.7896 2
      vertex -93.3663 92.6356 0
      vertex -93.3663 92.6356 2
    endloop
  endfacet
  facet normal -0.997844 0.0656309 0
    outer loop
      vertex -93.3663 92.3224 0
      vertex -93.356 92.479 2
      vertex -93.356 92.479 0
    endloop
  endfacet
  facet normal -0.997844 0.0656309 0
    outer loop
      vertex -93.356 92.479 2
      vertex -93.3663 92.3224 0
      vertex -93.3663 92.3224 2
    endloop
  endfacet
  facet normal 0.751787 -0.659406 0
    outer loop
      vertex -95.508 93.2095 2
      vertex -95.4045 93.3275 0
      vertex -95.4045 93.3275 2
    endloop
  endfacet
  facet normal 0.751787 -0.659406 0
    outer loop
      vertex -95.4045 93.3275 0
      vertex -95.508 93.2095 2
      vertex -95.508 93.2095 0
    endloop
  endfacet
  facet normal 0.947013 -0.321194 0
    outer loop
      vertex -95.7151 92.7896 2
      vertex -95.6647 92.9382 0
      vertex -95.6647 92.9382 2
    endloop
  endfacet
  facet normal 0.947013 -0.321194 0
    outer loop
      vertex -95.6647 92.9382 0
      vertex -95.7151 92.7896 2
      vertex -95.7151 92.7896 0
    endloop
  endfacet
  facet normal -0.321194 -0.947013 0
    outer loop
      vertex -94.2454 93.6381 0
      vertex -94.0968 93.5877 2
      vertex -94.2454 93.6381 2
    endloop
  endfacet
  facet normal -0.321194 -0.947013 -0
    outer loop
      vertex -94.0968 93.5877 2
      vertex -94.2454 93.6381 0
      vertex -94.0968 93.5877 0
    endloop
  endfacet
  facet normal 0.0656309 -0.997844 0
    outer loop
      vertex -94.7126 93.6687 0
      vertex -94.556 93.679 2
      vertex -94.7126 93.6687 2
    endloop
  endfacet
  facet normal 0.0656309 -0.997844 0
    outer loop
      vertex -94.556 93.679 2
      vertex -94.7126 93.6687 0
      vertex -94.556 93.679 0
    endloop
  endfacet
  facet normal -0.947013 0.321194 0
    outer loop
      vertex -93.4473 92.0198 0
      vertex -93.3969 92.1684 2
      vertex -93.3969 92.1684 0
    endloop
  endfacet
  facet normal -0.947013 0.321194 0
    outer loop
      vertex -93.3969 92.1684 2
      vertex -93.4473 92.0198 0
      vertex -93.4473 92.0198 2
    endloop
  endfacet
  facet normal -0.555582 0.831462 0
    outer loop
      vertex -93.8255 91.527 0
      vertex -93.956 91.4398 2
      vertex -93.8255 91.527 2
    endloop
  endfacet
  facet normal -0.555582 0.831462 0
    outer loop
      vertex -93.956 91.4398 2
      vertex -93.8255 91.527 0
      vertex -93.956 91.4398 0
    endloop
  endfacet
  facet normal -0.831462 0.555582 0
    outer loop
      vertex -93.604 91.7485 0
      vertex -93.5168 91.879 2
      vertex -93.5168 91.879 0
    endloop
  endfacet
  facet normal -0.831462 0.555582 0
    outer loop
      vertex -93.5168 91.879 2
      vertex -93.604 91.7485 0
      vertex -93.604 91.7485 2
    endloop
  endfacet
  facet normal -0.321194 0.947013 0
    outer loop
      vertex -94.0968 91.3703 0
      vertex -94.2454 91.3199 2
      vertex -94.0968 91.3703 2
    endloop
  endfacet
  facet normal -0.321194 0.947013 0
    outer loop
      vertex -94.2454 91.3199 2
      vertex -94.0968 91.3703 0
      vertex -94.2454 91.3199 0
    endloop
  endfacet
  facet normal -0.194891 0.980825 0
    outer loop
      vertex -94.2454 91.3199 0
      vertex -94.3994 91.2893 2
      vertex -94.2454 91.3199 2
    endloop
  endfacet
  facet normal -0.194891 0.980825 0
    outer loop
      vertex -94.3994 91.2893 2
      vertex -94.2454 91.3199 0
      vertex -94.3994 91.2893 0
    endloop
  endfacet
  facet normal -0.659406 0.751787 0
    outer loop
      vertex -93.7075 91.6305 0
      vertex -93.8255 91.527 2
      vertex -93.7075 91.6305 2
    endloop
  endfacet
  facet normal -0.659406 0.751787 0
    outer loop
      vertex -93.8255 91.527 2
      vertex -93.7075 91.6305 0
      vertex -93.8255 91.527 0
    endloop
  endfacet
  facet normal -0.831462 -0.555582 0
    outer loop
      vertex -93.5168 93.079 0
      vertex -93.604 93.2095 2
      vertex -93.604 93.2095 0
    endloop
  endfacet
  facet normal -0.831462 -0.555582 0
    outer loop
      vertex -93.604 93.2095 2
      vertex -93.5168 93.079 0
      vertex -93.5168 93.079 2
    endloop
  endfacet
  facet normal 0.442622 0.896708 -0
    outer loop
      vertex -95.8512 50.7703 0
      vertex -95.992 50.8398 2
      vertex -95.8512 50.7703 2
    endloop
  endfacet
  facet normal 0.442622 0.896708 0
    outer loop
      vertex -95.992 50.8398 2
      vertex -95.8512 50.7703 0
      vertex -95.992 50.8398 0
    endloop
  endfacet
  facet normal 0.980825 -0.194891 0
    outer loop
      vertex -96.5817 52.0356 2
      vertex -96.5511 52.1896 0
      vertex -96.5511 52.1896 2
    endloop
  endfacet
  facet normal 0.980825 -0.194891 0
    outer loop
      vertex -96.5511 52.1896 0
      vertex -96.5817 52.0356 2
      vertex -96.5817 52.0356 0
    endloop
  endfacet
  facet normal 0.997844 -0.0656309 0
    outer loop
      vertex -96.592 51.879 2
      vertex -96.5817 52.0356 0
      vertex -96.5817 52.0356 2
    endloop
  endfacet
  facet normal 0.997844 -0.0656309 0
    outer loop
      vertex -96.5817 52.0356 0
      vertex -96.592 51.879 2
      vertex -96.592 51.879 0
    endloop
  endfacet
  facet normal 0.947013 -0.321194 0
    outer loop
      vertex -96.5511 52.1896 2
      vertex -96.5007 52.3382 0
      vertex -96.5007 52.3382 2
    endloop
  endfacet
  facet normal 0.947013 -0.321194 0
    outer loop
      vertex -96.5007 52.3382 0
      vertex -96.5511 52.1896 2
      vertex -96.5511 52.1896 0
    endloop
  endfacet
  facet normal -0.555582 0.831462 0
    outer loop
      vertex -94.6615 50.927 0
      vertex -94.792 50.8398 2
      vertex -94.6615 50.927 2
    endloop
  endfacet
  facet normal -0.555582 0.831462 0
    outer loop
      vertex -94.792 50.8398 2
      vertex -94.6615 50.927 0
      vertex -94.792 50.8398 0
    endloop
  endfacet
  facet normal 0.555582 0.831462 -0
    outer loop
      vertex -95.992 50.8398 0
      vertex -96.1225 50.927 2
      vertex -95.992 50.8398 2
    endloop
  endfacet
  facet normal 0.555582 0.831462 0
    outer loop
      vertex -96.1225 50.927 2
      vertex -95.992 50.8398 0
      vertex -96.1225 50.927 0
    endloop
  endfacet
  facet normal 0.555582 -0.831462 0
    outer loop
      vertex -96.1225 52.831 0
      vertex -95.992 52.9182 2
      vertex -96.1225 52.831 2
    endloop
  endfacet
  facet normal 0.555582 -0.831462 0
    outer loop
      vertex -95.992 52.9182 2
      vertex -96.1225 52.831 0
      vertex -95.992 52.9182 0
    endloop
  endfacet
  facet normal -0.321194 0.947013 0
    outer loop
      vertex -94.9328 50.7703 0
      vertex -95.0814 50.7199 2
      vertex -94.9328 50.7703 2
    endloop
  endfacet
  facet normal -0.321194 0.947013 0
    outer loop
      vertex -95.0814 50.7199 2
      vertex -94.9328 50.7703 0
      vertex -95.0814 50.7199 0
    endloop
  endfacet
  facet normal 0.194891 0.980825 -0
    outer loop
      vertex -95.5486 50.6893 0
      vertex -95.7026 50.7199 2
      vertex -95.5486 50.6893 2
    endloop
  endfacet
  facet normal 0.194891 0.980825 0
    outer loop
      vertex -95.7026 50.7199 2
      vertex -95.5486 50.6893 0
      vertex -95.7026 50.7199 0
    endloop
  endfacet
  facet normal -0.194891 -0.980825 0
    outer loop
      vertex -95.2354 53.0687 0
      vertex -95.0814 53.0381 2
      vertex -95.2354 53.0687 2
    endloop
  endfacet
  facet normal -0.194891 -0.980825 -0
    outer loop
      vertex -95.0814 53.0381 2
      vertex -95.2354 53.0687 0
      vertex -95.0814 53.0381 0
    endloop
  endfacet
  facet normal 0.0656309 -0.997844 0
    outer loop
      vertex -95.5486 53.0687 0
      vertex -95.392 53.079 2
      vertex -95.5486 53.0687 2
    endloop
  endfacet
  facet normal 0.0656309 -0.997844 0
    outer loop
      vertex -95.392 53.079 2
      vertex -95.5486 53.0687 0
      vertex -95.392 53.079 0
    endloop
  endfacet
  facet normal 0.947013 0.321194 0
    outer loop
      vertex -96.5007 51.4198 2
      vertex -96.5511 51.5684 0
      vertex -96.5511 51.5684 2
    endloop
  endfacet
  facet normal 0.947013 0.321194 0
    outer loop
      vertex -96.5511 51.5684 0
      vertex -96.5007 51.4198 2
      vertex -96.5007 51.4198 0
    endloop
  endfacet
  facet normal 0.751787 -0.659406 0
    outer loop
      vertex -96.344 52.6095 2
      vertex -96.2405 52.7275 0
      vertex -96.2405 52.7275 2
    endloop
  endfacet
  facet normal 0.751787 -0.659406 0
    outer loop
      vertex -96.2405 52.7275 0
      vertex -96.344 52.6095 2
      vertex -96.344 52.6095 0
    endloop
  endfacet
  facet normal 0.659406 0.751787 -0
    outer loop
      vertex -96.1225 50.927 0
      vertex -96.2405 51.0305 2
      vertex -96.1225 50.927 2
    endloop
  endfacet
  facet normal 0.659406 0.751787 0
    outer loop
      vertex -96.2405 51.0305 2
      vertex -96.1225 50.927 0
      vertex -96.2405 51.0305 0
    endloop
  endfacet
  facet normal 0.442622 -0.896708 0
    outer loop
      vertex -95.992 52.9182 0
      vertex -95.8512 52.9877 2
      vertex -95.992 52.9182 2
    endloop
  endfacet
  facet normal 0.442622 -0.896708 0
    outer loop
      vertex -95.8512 52.9877 2
      vertex -95.992 52.9182 0
      vertex -95.8512 52.9877 0
    endloop
  endfacet
  facet normal 0.896708 -0.442622 0
    outer loop
      vertex -96.5007 52.3382 2
      vertex -96.4312 52.479 0
      vertex -96.4312 52.479 2
    endloop
  endfacet
  facet normal 0.896708 -0.442622 0
    outer loop
      vertex -96.4312 52.479 0
      vertex -96.5007 52.3382 2
      vertex -96.5007 52.3382 0
    endloop
  endfacet
  facet normal -0.997844 -0.0656309 0
    outer loop
      vertex -94.192 51.879 0
      vertex -94.2023 52.0356 2
      vertex -94.2023 52.0356 0
    endloop
  endfacet
  facet normal -0.997844 -0.0656309 0
    outer loop
      vertex -94.2023 52.0356 2
      vertex -94.192 51.879 0
      vertex -94.192 51.879 2
    endloop
  endfacet
  facet normal 0.896708 0.442622 0
    outer loop
      vertex -96.4312 51.279 2
      vertex -96.5007 51.4198 0
      vertex -96.5007 51.4198 2
    endloop
  endfacet
  facet normal 0.896708 0.442622 0
    outer loop
      vertex -96.5007 51.4198 0
      vertex -96.4312 51.279 2
      vertex -96.4312 51.279 0
    endloop
  endfacet
  facet normal -0.980825 -0.194891 0
    outer loop
      vertex -94.2023 52.0356 0
      vertex -94.2329 52.1896 2
      vertex -94.2329 52.1896 0
    endloop
  endfacet
  facet normal -0.980825 -0.194891 0
    outer loop
      vertex -94.2329 52.1896 2
      vertex -94.2023 52.0356 0
      vertex -94.2023 52.0356 2
    endloop
  endfacet
  facet normal -0.442622 -0.896708 0
    outer loop
      vertex -94.9328 52.9877 0
      vertex -94.792 52.9182 2
      vertex -94.9328 52.9877 2
    endloop
  endfacet
  facet normal -0.442622 -0.896708 -0
    outer loop
      vertex -94.792 52.9182 2
      vertex -94.9328 52.9877 0
      vertex -94.792 52.9182 0
    endloop
  endfacet
  facet normal 0.321194 -0.947013 0
    outer loop
      vertex -95.8512 52.9877 0
      vertex -95.7026 53.0381 2
      vertex -95.8512 52.9877 2
    endloop
  endfacet
  facet normal 0.321194 -0.947013 0
    outer loop
      vertex -95.7026 53.0381 2
      vertex -95.8512 52.9877 0
      vertex -95.7026 53.0381 0
    endloop
  endfacet
  facet normal -0.751787 -0.659406 0
    outer loop
      vertex -94.44 52.6095 0
      vertex -94.5435 52.7275 2
      vertex -94.5435 52.7275 0
    endloop
  endfacet
  facet normal -0.751787 -0.659406 0
    outer loop
      vertex -94.5435 52.7275 2
      vertex -94.44 52.6095 0
      vertex -94.44 52.6095 2
    endloop
  endfacet
  facet normal -0.442622 0.896708 0
    outer loop
      vertex -94.792 50.8398 0
      vertex -94.9328 50.7703 2
      vertex -94.792 50.8398 2
    endloop
  endfacet
  facet normal -0.442622 0.896708 0
    outer loop
      vertex -94.9328 50.7703 2
      vertex -94.792 50.8398 0
      vertex -94.9328 50.7703 0
    endloop
  endfacet
  facet normal -0.831462 0.555582 0
    outer loop
      vertex -94.44 51.1485 0
      vertex -94.3528 51.279 2
      vertex -94.3528 51.279 0
    endloop
  endfacet
  facet normal -0.831462 0.555582 0
    outer loop
      vertex -94.3528 51.279 2
      vertex -94.44 51.1485 0
      vertex -94.44 51.1485 2
    endloop
  endfacet
  facet normal -0.997844 0.0656309 0
    outer loop
      vertex -94.2023 51.7224 0
      vertex -94.192 51.879 2
      vertex -94.192 51.879 0
    endloop
  endfacet
  facet normal -0.997844 0.0656309 0
    outer loop
      vertex -94.192 51.879 2
      vertex -94.2023 51.7224 0
      vertex -94.2023 51.7224 2
    endloop
  endfacet
  facet normal -0.555582 -0.831462 0
    outer loop
      vertex -94.792 52.9182 0
      vertex -94.6615 52.831 2
      vertex -94.792 52.9182 2
    endloop
  endfacet
  facet normal -0.555582 -0.831462 -0
    outer loop
      vertex -94.6615 52.831 2
      vertex -94.792 52.9182 0
      vertex -94.6615 52.831 0
    endloop
  endfacet
  facet normal 0.831462 -0.555582 0
    outer loop
      vertex -96.4312 52.479 2
      vertex -96.344 52.6095 0
      vertex -96.344 52.6095 2
    endloop
  endfacet
  facet normal 0.831462 -0.555582 0
    outer loop
      vertex -96.344 52.6095 0
      vertex -96.4312 52.479 2
      vertex -96.4312 52.479 0
    endloop
  endfacet
  facet normal -0.194891 0.980825 0
    outer loop
      vertex -95.0814 50.7199 0
      vertex -95.2354 50.6893 2
      vertex -95.0814 50.7199 2
    endloop
  endfacet
  facet normal -0.194891 0.980825 0
    outer loop
      vertex -95.2354 50.6893 2
      vertex -95.0814 50.7199 0
      vertex -95.2354 50.6893 0
    endloop
  endfacet
  facet normal 0.831462 0.555582 0
    outer loop
      vertex -96.344 51.1485 2
      vertex -96.4312 51.279 0
      vertex -96.4312 51.279 2
    endloop
  endfacet
  facet normal 0.831462 0.555582 0
    outer loop
      vertex -96.4312 51.279 0
      vertex -96.344 51.1485 2
      vertex -96.344 51.1485 0
    endloop
  endfacet
  facet normal -0.321194 -0.947013 0
    outer loop
      vertex -95.0814 53.0381 0
      vertex -94.9328 52.9877 2
      vertex -95.0814 53.0381 2
    endloop
  endfacet
  facet normal -0.321194 -0.947013 -0
    outer loop
      vertex -94.9328 52.9877 2
      vertex -95.0814 53.0381 0
      vertex -94.9328 52.9877 0
    endloop
  endfacet
  facet normal 0.997844 0.0656309 0
    outer loop
      vertex -96.5817 51.7224 2
      vertex -96.592 51.879 0
      vertex -96.592 51.879 2
    endloop
  endfacet
  facet normal 0.997844 0.0656309 0
    outer loop
      vertex -96.592 51.879 0
      vertex -96.5817 51.7224 2
      vertex -96.5817 51.7224 0
    endloop
  endfacet
  facet normal 0.980825 0.194891 0
    outer loop
      vertex -96.5511 51.5684 2
      vertex -96.5817 51.7224 0
      vertex -96.5817 51.7224 2
    endloop
  endfacet
  facet normal 0.980825 0.194891 0
    outer loop
      vertex -96.5817 51.7224 0
      vertex -96.5511 51.5684 2
      vertex -96.5511 51.5684 0
    endloop
  endfacet
  facet normal 0.0656309 0.997844 -0
    outer loop
      vertex -95.392 50.679 0
      vertex -95.5486 50.6893 2
      vertex -95.392 50.679 2
    endloop
  endfacet
  facet normal 0.0656309 0.997844 0
    outer loop
      vertex -95.5486 50.6893 2
      vertex -95.392 50.679 0
      vertex -95.5486 50.6893 0
    endloop
  endfacet
  facet normal 0.321194 0.947013 -0
    outer loop
      vertex -95.7026 50.7199 0
      vertex -95.8512 50.7703 2
      vertex -95.7026 50.7199 2
    endloop
  endfacet
  facet normal 0.321194 0.947013 0
    outer loop
      vertex -95.8512 50.7703 2
      vertex -95.7026 50.7199 0
      vertex -95.8512 50.7703 0
    endloop
  endfacet
  facet normal 0.659406 -0.751787 0
    outer loop
      vertex -96.2405 52.7275 0
      vertex -96.1225 52.831 2
      vertex -96.2405 52.7275 2
    endloop
  endfacet
  facet normal 0.659406 -0.751787 0
    outer loop
      vertex -96.1225 52.831 2
      vertex -96.2405 52.7275 0
      vertex -96.1225 52.831 0
    endloop
  endfacet
  facet normal 0.751787 0.659406 0
    outer loop
      vertex -96.2405 51.0305 2
      vertex -96.344 51.1485 0
      vertex -96.344 51.1485 2
    endloop
  endfacet
  facet normal 0.751787 0.659406 0
    outer loop
      vertex -96.344 51.1485 0
      vertex -96.2405 51.0305 2
      vertex -96.2405 51.0305 0
    endloop
  endfacet
  facet normal -0.896708 0.442622 0
    outer loop
      vertex -94.3528 51.279 0
      vertex -94.2833 51.4198 2
      vertex -94.2833 51.4198 0
    endloop
  endfacet
  facet normal -0.896708 0.442622 0
    outer loop
      vertex -94.2833 51.4198 2
      vertex -94.3528 51.279 0
      vertex -94.3528 51.279 2
    endloop
  endfacet
  facet normal -0.947013 -0.321194 0
    outer loop
      vertex -94.2329 52.1896 0
      vertex -94.2833 52.3382 2
      vertex -94.2833 52.3382 0
    endloop
  endfacet
  facet normal -0.947013 -0.321194 0
    outer loop
      vertex -94.2833 52.3382 2
      vertex -94.2329 52.1896 0
      vertex -94.2329 52.1896 2
    endloop
  endfacet
  facet normal -0.751787 0.659406 0
    outer loop
      vertex -94.5435 51.0305 0
      vertex -94.44 51.1485 2
      vertex -94.44 51.1485 0
    endloop
  endfacet
  facet normal -0.751787 0.659406 0
    outer loop
      vertex -94.44 51.1485 2
      vertex -94.5435 51.0305 0
      vertex -94.5435 51.0305 2
    endloop
  endfacet
  facet normal -0.0656309 -0.997844 0
    outer loop
      vertex -95.392 53.079 0
      vertex -95.2354 53.0687 2
      vertex -95.392 53.079 2
    endloop
  endfacet
  facet normal -0.0656309 -0.997844 -0
    outer loop
      vertex -95.2354 53.0687 2
      vertex -95.392 53.079 0
      vertex -95.2354 53.0687 0
    endloop
  endfacet
  facet normal -0.659406 -0.751787 0
    outer loop
      vertex -94.6615 52.831 0
      vertex -94.5435 52.7275 2
      vertex -94.6615 52.831 2
    endloop
  endfacet
  facet normal -0.659406 -0.751787 -0
    outer loop
      vertex -94.5435 52.7275 2
      vertex -94.6615 52.831 0
      vertex -94.5435 52.7275 0
    endloop
  endfacet
  facet normal -0.0656309 0.997844 0
    outer loop
      vertex -95.2354 50.6893 0
      vertex -95.392 50.679 2
      vertex -95.2354 50.6893 2
    endloop
  endfacet
  facet normal -0.0656309 0.997844 0
    outer loop
      vertex -95.392 50.679 2
      vertex -95.2354 50.6893 0
      vertex -95.392 50.679 0
    endloop
  endfacet
  facet normal -0.980825 0.194891 0
    outer loop
      vertex -94.2329 51.5684 0
      vertex -94.2023 51.7224 2
      vertex -94.2023 51.7224 0
    endloop
  endfacet
  facet normal -0.980825 0.194891 0
    outer loop
      vertex -94.2023 51.7224 2
      vertex -94.2329 51.5684 0
      vertex -94.2329 51.5684 2
    endloop
  endfacet
  facet normal -0.831462 -0.555582 0
    outer loop
      vertex -94.3528 52.479 0
      vertex -94.44 52.6095 2
      vertex -94.44 52.6095 0
    endloop
  endfacet
  facet normal -0.831462 -0.555582 0
    outer loop
      vertex -94.44 52.6095 2
      vertex -94.3528 52.479 0
      vertex -94.3528 52.479 2
    endloop
  endfacet
  facet normal -0.659406 0.751787 0
    outer loop
      vertex -94.5435 51.0305 0
      vertex -94.6615 50.927 2
      vertex -94.5435 51.0305 2
    endloop
  endfacet
  facet normal -0.659406 0.751787 0
    outer loop
      vertex -94.6615 50.927 2
      vertex -94.5435 51.0305 0
      vertex -94.6615 50.927 0
    endloop
  endfacet
  facet normal -0.896708 -0.442622 0
    outer loop
      vertex -94.2833 52.3382 0
      vertex -94.3528 52.479 2
      vertex -94.3528 52.479 0
    endloop
  endfacet
  facet normal -0.896708 -0.442622 0
    outer loop
      vertex -94.3528 52.479 2
      vertex -94.2833 52.3382 0
      vertex -94.2833 52.3382 2
    endloop
  endfacet
  facet normal 0.194891 -0.980825 0
    outer loop
      vertex -95.7026 53.0381 0
      vertex -95.5486 53.0687 2
      vertex -95.7026 53.0381 2
    endloop
  endfacet
  facet normal 0.194891 -0.980825 0
    outer loop
      vertex -95.5486 53.0687 2
      vertex -95.7026 53.0381 0
      vertex -95.5486 53.0687 0
    endloop
  endfacet
  facet normal -0.947013 0.321194 0
    outer loop
      vertex -94.2833 51.4198 0
      vertex -94.2329 51.5684 2
      vertex -94.2329 51.5684 0
    endloop
  endfacet
  facet normal -0.947013 0.321194 0
    outer loop
      vertex -94.2329 51.5684 2
      vertex -94.2833 51.4198 0
      vertex -94.2833 51.4198 2
    endloop
  endfacet
  facet normal 0.0654644 -0.997855 0
    outer loop
      vertex -121.028 13.0047 0
      vertex -120.871 13.015 2
      vertex -121.028 13.0047 2
    endloop
  endfacet
  facet normal 0.0654644 -0.997855 0
    outer loop
      vertex -120.871 13.015 2
      vertex -121.028 13.0047 0
      vertex -120.871 13.015 0
    endloop
  endfacet
  facet normal 0.895442 0.445177 0
    outer loop
      vertex -121.91 11.215 2
      vertex -121.98 11.3558 0
      vertex -121.98 11.3558 2
    endloop
  endfacet
  facet normal 0.895442 0.445177 0
    outer loop
      vertex -121.98 11.3558 0
      vertex -121.91 11.215 2
      vertex -121.91 11.215 0
    endloop
  endfacet
  facet normal 0.980335 -0.19734 0
    outer loop
      vertex -122.061 11.9716 2
      vertex -122.03 12.1256 0
      vertex -122.03 12.1256 2
    endloop
  endfacet
  facet normal 0.980335 -0.19734 0
    outer loop
      vertex -122.03 12.1256 0
      vertex -122.061 11.9716 2
      vertex -122.061 11.9716 0
    endloop
  endfacet
  facet normal 0.997967 -0.0637272 0
    outer loop
      vertex -122.071 11.815 2
      vertex -122.061 11.9716 0
      vertex -122.061 11.9716 2
    endloop
  endfacet
  facet normal 0.997967 -0.0637272 0
    outer loop
      vertex -122.061 11.9716 0
      vertex -122.071 11.815 2
      vertex -122.071 11.815 0
    endloop
  endfacet
  facet normal 0.947787 -0.318905 0
    outer loop
      vertex -122.03 12.1256 2
      vertex -121.98 12.2742 0
      vertex -121.98 12.2742 2
    endloop
  endfacet
  facet normal 0.947787 -0.318905 0
    outer loop
      vertex -121.98 12.2742 0
      vertex -122.03 12.1256 2
      vertex -122.03 12.1256 0
    endloop
  endfacet
  facet normal 0.0654644 0.997855 -0
    outer loop
      vertex -120.871 10.615 0
      vertex -121.028 10.6253 2
      vertex -120.871 10.615 2
    endloop
  endfacet
  facet normal 0.0654644 0.997855 0
    outer loop
      vertex -121.028 10.6253 2
      vertex -120.871 10.615 0
      vertex -121.028 10.6253 0
    endloop
  endfacet
  facet normal -0.980335 -0.19734 0
    outer loop
      vertex -119.681 11.9716 0
      vertex -119.712 12.1256 2
      vertex -119.712 12.1256 0
    endloop
  endfacet
  facet normal -0.980335 -0.19734 0
    outer loop
      vertex -119.712 12.1256 2
      vertex -119.681 11.9716 0
      vertex -119.681 11.9716 2
    endloop
  endfacet
  facet normal 0.442117 0.896957 -0
    outer loop
      vertex -121.33 10.7063 0
      vertex -121.471 10.7758 2
      vertex -121.33 10.7063 2
    endloop
  endfacet
  facet normal 0.442117 0.896957 0
    outer loop
      vertex -121.471 10.7758 2
      vertex -121.33 10.7063 0
      vertex -121.471 10.7758 0
    endloop
  endfacet
  facet normal -0.83205 0.5547 0
    outer loop
      vertex -119.919 11.0845 0
      vertex -119.832 11.215 2
      vertex -119.832 11.215 0
    endloop
  endfacet
  facet normal -0.83205 0.5547 0
    outer loop
      vertex -119.832 11.215 2
      vertex -119.919 11.0845 0
      vertex -119.919 11.0845 2
    endloop
  endfacet
  facet normal -0.659406 -0.751787 0
    outer loop
      vertex -120.14 12.767 0
      vertex -120.022 12.6635 2
      vertex -120.14 12.767 2
    endloop
  endfacet
  facet normal -0.659406 -0.751787 -0
    outer loop
      vertex -120.022 12.6635 2
      vertex -120.14 12.767 0
      vertex -120.022 12.6635 0
    endloop
  endfacet
  facet normal -0.980335 0.19734 0
    outer loop
      vertex -119.712 11.5044 0
      vertex -119.681 11.6584 2
      vertex -119.681 11.6584 0
    endloop
  endfacet
  facet normal -0.980335 0.19734 0
    outer loop
      vertex -119.681 11.6584 2
      vertex -119.712 11.5044 0
      vertex -119.712 11.5044 2
    endloop
  endfacet
  facet normal -0.442117 0.896957 0
    outer loop
      vertex -120.271 10.7758 0
      vertex -120.412 10.7063 2
      vertex -120.271 10.7758 2
    endloop
  endfacet
  facet normal -0.442117 0.896957 0
    outer loop
      vertex -120.412 10.7063 2
      vertex -120.271 10.7758 0
      vertex -120.412 10.7063 0
    endloop
  endfacet
  facet normal -0.659406 0.751787 0
    outer loop
      vertex -120.022 10.9665 0
      vertex -120.14 10.863 2
      vertex -120.022 10.9665 2
    endloop
  endfacet
  facet normal -0.659406 0.751787 0
    outer loop
      vertex -120.14 10.863 2
      vertex -120.022 10.9665 0
      vertex -120.14 10.863 0
    endloop
  endfacet
  facet normal -0.0654644 0.997855 0
    outer loop
      vertex -120.714 10.6253 0
      vertex -120.871 10.615 2
      vertex -120.714 10.6253 2
    endloop
  endfacet
  facet normal -0.0654644 0.997855 0
    outer loop
      vertex -120.871 10.615 2
      vertex -120.714 10.6253 0
      vertex -120.871 10.615 0
    endloop
  endfacet
  facet normal -0.194891 -0.980825 0
    outer loop
      vertex -120.714 13.0047 0
      vertex -120.56 12.9741 2
      vertex -120.714 13.0047 2
    endloop
  endfacet
  facet normal -0.194891 -0.980825 -0
    outer loop
      vertex -120.56 12.9741 2
      vertex -120.714 13.0047 0
      vertex -120.56 12.9741 0
    endloop
  endfacet
  facet normal -0.322361 -0.946617 0
    outer loop
      vertex -120.56 12.9741 0
      vertex -120.412 12.9237 2
      vertex -120.56 12.9741 2
    endloop
  endfacet
  facet normal -0.322361 -0.946617 -0
    outer loop
      vertex -120.412 12.9237 2
      vertex -120.56 12.9741 0
      vertex -120.412 12.9237 0
    endloop
  endfacet
  facet normal 0.194891 0.980825 -0
    outer loop
      vertex -121.028 10.6253 0
      vertex -121.182 10.6559 2
      vertex -121.028 10.6253 2
    endloop
  endfacet
  facet normal 0.194891 0.980825 0
    outer loop
      vertex -121.182 10.6559 2
      vertex -121.028 10.6253 0
      vertex -121.182 10.6559 0
    endloop
  endfacet
  facet normal 0.83205 0.5547 0
    outer loop
      vertex -121.823 11.0845 2
      vertex -121.91 11.215 0
      vertex -121.91 11.215 2
    endloop
  endfacet
  facet normal 0.83205 0.5547 0
    outer loop
      vertex -121.91 11.215 0
      vertex -121.823 11.0845 2
      vertex -121.823 11.0845 0
    endloop
  endfacet
  facet normal 0.322361 0.946617 -0
    outer loop
      vertex -121.182 10.6559 0
      vertex -121.33 10.7063 2
      vertex -121.182 10.6559 2
    endloop
  endfacet
  facet normal 0.322361 0.946617 0
    outer loop
      vertex -121.33 10.7063 2
      vertex -121.182 10.6559 0
      vertex -121.33 10.7063 0
    endloop
  endfacet
  facet normal 0.322361 -0.946617 0
    outer loop
      vertex -121.33 12.9237 0
      vertex -121.182 12.9741 2
      vertex -121.33 12.9237 2
    endloop
  endfacet
  facet normal 0.322361 -0.946617 0
    outer loop
      vertex -121.182 12.9741 2
      vertex -121.33 12.9237 0
      vertex -121.182 12.9741 0
    endloop
  endfacet
  facet normal 0.997967 0.0637272 0
    outer loop
      vertex -122.061 11.6584 2
      vertex -122.071 11.815 0
      vertex -122.071 11.815 2
    endloop
  endfacet
  facet normal 0.997967 0.0637272 0
    outer loop
      vertex -122.071 11.815 0
      vertex -122.061 11.6584 2
      vertex -122.061 11.6584 0
    endloop
  endfacet
  facet normal 0.659406 -0.751787 0
    outer loop
      vertex -121.72 12.6635 0
      vertex -121.602 12.767 2
      vertex -121.72 12.6635 2
    endloop
  endfacet
  facet normal 0.659406 -0.751787 0
    outer loop
      vertex -121.602 12.767 2
      vertex -121.72 12.6635 0
      vertex -121.602 12.767 0
    endloop
  endfacet
  facet normal -0.442117 -0.896957 0
    outer loop
      vertex -120.412 12.9237 0
      vertex -120.271 12.8542 2
      vertex -120.412 12.9237 2
    endloop
  endfacet
  facet normal -0.442117 -0.896957 -0
    outer loop
      vertex -120.271 12.8542 2
      vertex -120.412 12.9237 0
      vertex -120.271 12.8542 0
    endloop
  endfacet
  facet normal -0.322361 0.946617 0
    outer loop
      vertex -120.412 10.7063 0
      vertex -120.56 10.6559 2
      vertex -120.412 10.7063 2
    endloop
  endfacet
  facet normal -0.322361 0.946617 0
    outer loop
      vertex -120.56 10.6559 2
      vertex -120.412 10.7063 0
      vertex -120.56 10.6559 0
    endloop
  endfacet
  facet normal -0.947787 0.318905 0
    outer loop
      vertex -119.762 11.3558 0
      vertex -119.712 11.5044 2
      vertex -119.712 11.5044 0
    endloop
  endfacet
  facet normal -0.947787 0.318905 0
    outer loop
      vertex -119.712 11.5044 2
      vertex -119.762 11.3558 0
      vertex -119.762 11.3558 2
    endloop
  endfacet
  facet normal -0.895442 -0.445177 0
    outer loop
      vertex -119.762 12.2742 0
      vertex -119.832 12.415 2
      vertex -119.832 12.415 0
    endloop
  endfacet
  facet normal -0.895442 -0.445177 0
    outer loop
      vertex -119.832 12.415 2
      vertex -119.762 12.2742 0
      vertex -119.762 12.2742 2
    endloop
  endfacet
  facet normal 0.442117 -0.896957 0
    outer loop
      vertex -121.471 12.8542 0
      vertex -121.33 12.9237 2
      vertex -121.471 12.8542 2
    endloop
  endfacet
  facet normal 0.442117 -0.896957 0
    outer loop
      vertex -121.33 12.9237 2
      vertex -121.471 12.8542 0
      vertex -121.33 12.9237 0
    endloop
  endfacet
  facet normal 0.753367 -0.6576 0
    outer loop
      vertex -121.823 12.5455 2
      vertex -121.72 12.6635 0
      vertex -121.72 12.6635 2
    endloop
  endfacet
  facet normal 0.753367 -0.6576 0
    outer loop
      vertex -121.72 12.6635 0
      vertex -121.823 12.5455 2
      vertex -121.823 12.5455 0
    endloop
  endfacet
  facet normal -0.0654644 -0.997855 0
    outer loop
      vertex -120.871 13.015 0
      vertex -120.714 13.0047 2
      vertex -120.871 13.015 2
    endloop
  endfacet
  facet normal -0.0654644 -0.997855 -0
    outer loop
      vertex -120.714 13.0047 2
      vertex -120.871 13.015 0
      vertex -120.714 13.0047 0
    endloop
  endfacet
  facet normal -0.997967 -0.0637272 0
    outer loop
      vertex -119.671 11.815 0
      vertex -119.681 11.9716 2
      vertex -119.681 11.9716 0
    endloop
  endfacet
  facet normal -0.997967 -0.0637272 0
    outer loop
      vertex -119.681 11.9716 2
      vertex -119.671 11.815 0
      vertex -119.671 11.815 2
    endloop
  endfacet
  facet normal -0.83205 -0.5547 0
    outer loop
      vertex -119.832 12.415 0
      vertex -119.919 12.5455 2
      vertex -119.919 12.5455 0
    endloop
  endfacet
  facet normal -0.83205 -0.5547 0
    outer loop
      vertex -119.919 12.5455 2
      vertex -119.832 12.415 0
      vertex -119.832 12.415 2
    endloop
  endfacet
  facet normal 0.895442 -0.445177 0
    outer loop
      vertex -121.98 12.2742 2
      vertex -121.91 12.415 0
      vertex -121.91 12.415 2
    endloop
  endfacet
  facet normal 0.895442 -0.445177 0
    outer loop
      vertex -121.91 12.415 0
      vertex -121.98 12.2742 2
      vertex -121.98 12.2742 0
    endloop
  endfacet
  facet normal 0.83205 -0.5547 0
    outer loop
      vertex -121.91 12.415 2
      vertex -121.823 12.5455 0
      vertex -121.823 12.5455 2
    endloop
  endfacet
  facet normal 0.83205 -0.5547 0
    outer loop
      vertex -121.823 12.5455 0
      vertex -121.91 12.415 2
      vertex -121.91 12.415 0
    endloop
  endfacet
  facet normal -0.895442 0.445177 0
    outer loop
      vertex -119.832 11.215 0
      vertex -119.762 11.3558 2
      vertex -119.762 11.3558 0
    endloop
  endfacet
  facet normal -0.895442 0.445177 0
    outer loop
      vertex -119.762 11.3558 2
      vertex -119.832 11.215 0
      vertex -119.832 11.215 2
    endloop
  endfacet
  facet normal -0.554113 -0.832441 0
    outer loop
      vertex -120.271 12.8542 0
      vertex -120.14 12.767 2
      vertex -120.271 12.8542 2
    endloop
  endfacet
  facet normal -0.554113 -0.832441 -0
    outer loop
      vertex -120.14 12.767 2
      vertex -120.271 12.8542 0
      vertex -120.14 12.767 0
    endloop
  endfacet
  facet normal -0.753367 -0.6576 0
    outer loop
      vertex -119.919 12.5455 0
      vertex -120.022 12.6635 2
      vertex -120.022 12.6635 0
    endloop
  endfacet
  facet normal -0.753367 -0.6576 0
    outer loop
      vertex -120.022 12.6635 2
      vertex -119.919 12.5455 0
      vertex -119.919 12.5455 2
    endloop
  endfacet
  facet normal -0.554113 0.832441 0
    outer loop
      vertex -120.14 10.863 0
      vertex -120.271 10.7758 2
      vertex -120.14 10.863 2
    endloop
  endfacet
  facet normal -0.554113 0.832441 0
    outer loop
      vertex -120.271 10.7758 2
      vertex -120.14 10.863 0
      vertex -120.271 10.7758 0
    endloop
  endfacet
  facet normal 0.554113 -0.832441 0
    outer loop
      vertex -121.602 12.767 0
      vertex -121.471 12.8542 2
      vertex -121.602 12.767 2
    endloop
  endfacet
  facet normal 0.554113 -0.832441 0
    outer loop
      vertex -121.471 12.8542 2
      vertex -121.602 12.767 0
      vertex -121.471 12.8542 0
    endloop
  endfacet
  facet normal -0.947787 -0.318905 0
    outer loop
      vertex -119.712 12.1256 0
      vertex -119.762 12.2742 2
      vertex -119.762 12.2742 0
    endloop
  endfacet
  facet normal -0.947787 -0.318905 0
    outer loop
      vertex -119.762 12.2742 2
      vertex -119.712 12.1256 0
      vertex -119.712 12.1256 2
    endloop
  endfacet
  facet normal 0.753367 0.6576 0
    outer loop
      vertex -121.72 10.9665 2
      vertex -121.823 11.0845 0
      vertex -121.823 11.0845 2
    endloop
  endfacet
  facet normal 0.753367 0.6576 0
    outer loop
      vertex -121.823 11.0845 0
      vertex -121.72 10.9665 2
      vertex -121.72 10.9665 0
    endloop
  endfacet
  facet normal 0.947787 0.318905 0
    outer loop
      vertex -121.98 11.3558 2
      vertex -122.03 11.5044 0
      vertex -122.03 11.5044 2
    endloop
  endfacet
  facet normal 0.947787 0.318905 0
    outer loop
      vertex -122.03 11.5044 0
      vertex -121.98 11.3558 2
      vertex -121.98 11.3558 0
    endloop
  endfacet
  facet normal 0.980335 0.19734 0
    outer loop
      vertex -122.03 11.5044 2
      vertex -122.061 11.6584 0
      vertex -122.061 11.6584 2
    endloop
  endfacet
  facet normal 0.980335 0.19734 0
    outer loop
      vertex -122.061 11.6584 0
      vertex -122.03 11.5044 2
      vertex -122.03 11.5044 0
    endloop
  endfacet
  facet normal -0.194891 0.980825 0
    outer loop
      vertex -120.56 10.6559 0
      vertex -120.714 10.6253 2
      vertex -120.56 10.6559 2
    endloop
  endfacet
  facet normal -0.194891 0.980825 0
    outer loop
      vertex -120.714 10.6253 2
      vertex -120.56 10.6559 0
      vertex -120.714 10.6253 0
    endloop
  endfacet
  facet normal -0.997967 0.0637272 0
    outer loop
      vertex -119.681 11.6584 0
      vertex -119.671 11.815 2
      vertex -119.671 11.815 0
    endloop
  endfacet
  facet normal -0.997967 0.0637272 0
    outer loop
      vertex -119.671 11.815 2
      vertex -119.681 11.6584 0
      vertex -119.681 11.6584 2
    endloop
  endfacet
  facet normal -0.753367 0.6576 0
    outer loop
      vertex -120.022 10.9665 0
      vertex -119.919 11.0845 2
      vertex -119.919 11.0845 0
    endloop
  endfacet
  facet normal -0.753367 0.6576 0
    outer loop
      vertex -119.919 11.0845 2
      vertex -120.022 10.9665 0
      vertex -120.022 10.9665 2
    endloop
  endfacet
  facet normal 0.194891 -0.980825 0
    outer loop
      vertex -121.182 12.9741 0
      vertex -121.028 13.0047 2
      vertex -121.182 12.9741 2
    endloop
  endfacet
  facet normal 0.194891 -0.980825 0
    outer loop
      vertex -121.028 13.0047 2
      vertex -121.182 12.9741 0
      vertex -121.028 13.0047 0
    endloop
  endfacet
  facet normal 0.554113 0.832441 -0
    outer loop
      vertex -121.471 10.7758 0
      vertex -121.602 10.863 2
      vertex -121.471 10.7758 2
    endloop
  endfacet
  facet normal 0.554113 0.832441 0
    outer loop
      vertex -121.602 10.863 2
      vertex -121.471 10.7758 0
      vertex -121.602 10.863 0
    endloop
  endfacet
  facet normal 0.659406 0.751787 -0
    outer loop
      vertex -121.602 10.863 0
      vertex -121.72 10.9665 2
      vertex -121.602 10.863 2
    endloop
  endfacet
  facet normal 0.659406 0.751787 0
    outer loop
      vertex -121.72 10.9665 2
      vertex -121.602 10.863 0
      vertex -121.72 10.9665 0
    endloop
  endfacet
  facet normal 0.98077 -0.195165 0
    outer loop
      vertex -36.6855 14.2219 0.3
      vertex -36.6421 14.44 0
      vertex -36.6421 14.44 0.3
    endloop
  endfacet
  facet normal 0.98077 -0.195165 0
    outer loop
      vertex -36.6421 14.44 0
      vertex -36.6855 14.2219 0.3
      vertex -36.6855 14.2219 0
    endloop
  endfacet
  facet normal 0.997872 -0.0652057 0
    outer loop
      vertex -36.7 14 0.3
      vertex -36.6855 14.2219 0
      vertex -36.6855 14.2219 0.3
    endloop
  endfacet
  facet normal 0.997872 -0.0652057 0
    outer loop
      vertex -36.6855 14.2219 0
      vertex -36.7 14 0.3
      vertex -36.7 14 0
    endloop
  endfacet
  facet normal 0.0652057 0.997872 -0
    outer loop
      vertex -35 12.3 0
      vertex -35.2219 12.3145 0.3
      vertex -35 12.3 0.3
    endloop
  endfacet
  facet normal 0.0652057 0.997872 0
    outer loop
      vertex -35.2219 12.3145 0.3
      vertex -35 12.3 0
      vertex -35.2219 12.3145 0
    endloop
  endfacet
  facet normal -0.659268 -0.751908 0
    outer loop
      vertex -33.9651 15.3487 0
      vertex -33.7979 15.2021 0.3
      vertex -33.9651 15.3487 0.3
    endloop
  endfacet
  facet normal -0.659268 -0.751908 -0
    outer loop
      vertex -33.7979 15.2021 0.3
      vertex -33.9651 15.3487 0
      vertex -33.7979 15.2021 0
    endloop
  endfacet
  facet normal -0.831566 0.555426 0
    outer loop
      vertex -33.6513 12.9651 0
      vertex -33.5278 13.15 0.3
      vertex -33.5278 13.15 0
    endloop
  endfacet
  facet normal -0.831566 0.555426 0
    outer loop
      vertex -33.5278 13.15 0.3
      vertex -33.6513 12.9651 0
      vertex -33.6513 12.9651 0.3
    endloop
  endfacet
  facet normal -0.195165 0.98077 0
    outer loop
      vertex -34.56 12.3579 0
      vertex -34.7781 12.3145 0.3
      vertex -34.56 12.3579 0.3
    endloop
  endfacet
  facet normal -0.195165 0.98077 0
    outer loop
      vertex -34.7781 12.3145 0.3
      vertex -34.56 12.3579 0
      vertex -34.7781 12.3145 0
    endloop
  endfacet
  facet normal 0.659268 -0.751908 0
    outer loop
      vertex -36.2021 15.2021 0
      vertex -36.0349 15.3487 0.3
      vertex -36.2021 15.2021 0.3
    endloop
  endfacet
  facet normal 0.659268 -0.751908 0
    outer loop
      vertex -36.0349 15.3487 0.3
      vertex -36.2021 15.2021 0
      vertex -36.0349 15.3487 0
    endloop
  endfacet
  facet normal 0.946915 0.321484 0
    outer loop
      vertex -36.5706 13.3494 0.3
      vertex -36.6421 13.56 0
      vertex -36.6421 13.56 0.3
    endloop
  endfacet
  facet normal 0.946915 0.321484 0
    outer loop
      vertex -36.6421 13.56 0
      vertex -36.5706 13.3494 0.3
      vertex -36.5706 13.3494 0
    endloop
  endfacet
  facet normal 0.751908 0.659268 0
    outer loop
      vertex -36.2021 12.7979 0.3
      vertex -36.3487 12.9651 0
      vertex -36.3487 12.9651 0.3
    endloop
  endfacet
  facet normal 0.751908 0.659268 0
    outer loop
      vertex -36.3487 12.9651 0
      vertex -36.2021 12.7979 0.3
      vertex -36.2021 12.7979 0
    endloop
  endfacet
  facet normal 0.751908 -0.659268 0
    outer loop
      vertex -36.3487 15.0349 0.3
      vertex -36.2021 15.2021 0
      vertex -36.2021 15.2021 0.3
    endloop
  endfacet
  facet normal 0.751908 -0.659268 0
    outer loop
      vertex -36.2021 15.2021 0
      vertex -36.3487 15.0349 0.3
      vertex -36.3487 15.0349 0
    endloop
  endfacet
  facet normal -0.946915 0.321484 0
    outer loop
      vertex -33.4294 13.3494 0
      vertex -33.3579 13.56 0.3
      vertex -33.3579 13.56 0
    endloop
  endfacet
  facet normal -0.946915 0.321484 0
    outer loop
      vertex -33.3579 13.56 0.3
      vertex -33.4294 13.3494 0
      vertex -33.4294 13.3494 0.3
    endloop
  endfacet
  facet normal 0.321484 0.946915 -0
    outer loop
      vertex -35.44 12.3579 0
      vertex -35.6506 12.4294 0.3
      vertex -35.44 12.3579 0.3
    endloop
  endfacet
  facet normal 0.321484 0.946915 0
    outer loop
      vertex -35.6506 12.4294 0.3
      vertex -35.44 12.3579 0
      vertex -35.6506 12.4294 0
    endloop
  endfacet
  facet normal -0.0652057 0.997872 0
    outer loop
      vertex -34.7781 12.3145 0
      vertex -35 12.3 0.3
      vertex -34.7781 12.3145 0.3
    endloop
  endfacet
  facet normal -0.0652057 0.997872 0
    outer loop
      vertex -35 12.3 0.3
      vertex -34.7781 12.3145 0
      vertex -35 12.3 0
    endloop
  endfacet
  facet normal -0.321484 -0.946915 0
    outer loop
      vertex -34.56 15.6421 0
      vertex -34.3494 15.5706 0.3
      vertex -34.56 15.6421 0.3
    endloop
  endfacet
  facet normal -0.321484 -0.946915 -0
    outer loop
      vertex -34.3494 15.5706 0.3
      vertex -34.56 15.6421 0
      vertex -34.3494 15.5706 0
    endloop
  endfacet
  facet normal 0.946915 -0.321484 0
    outer loop
      vertex -36.6421 14.44 0.3
      vertex -36.5706 14.6506 0
      vertex -36.5706 14.6506 0.3
    endloop
  endfacet
  facet normal 0.946915 -0.321484 0
    outer loop
      vertex -36.5706 14.6506 0
      vertex -36.6421 14.44 0.3
      vertex -36.6421 14.44 0
    endloop
  endfacet
  facet normal -0.751908 -0.659268 0
    outer loop
      vertex -33.6513 15.0349 0
      vertex -33.7979 15.2021 0.3
      vertex -33.7979 15.2021 0
    endloop
  endfacet
  facet normal -0.751908 -0.659268 0
    outer loop
      vertex -33.7979 15.2021 0.3
      vertex -33.6513 15.0349 0
      vertex -33.6513 15.0349 0.3
    endloop
  endfacet
  facet normal -0.44253 0.896754 0
    outer loop
      vertex -34.15 12.5278 0
      vertex -34.3494 12.4294 0.3
      vertex -34.15 12.5278 0.3
    endloop
  endfacet
  facet normal -0.44253 0.896754 0
    outer loop
      vertex -34.3494 12.4294 0.3
      vertex -34.15 12.5278 0
      vertex -34.3494 12.4294 0
    endloop
  endfacet
  facet normal -0.0652057 -0.997872 0
    outer loop
      vertex -35 15.7 0
      vertex -34.7781 15.6855 0.3
      vertex -35 15.7 0.3
    endloop
  endfacet
  facet normal -0.0652057 -0.997872 -0
    outer loop
      vertex -34.7781 15.6855 0.3
      vertex -35 15.7 0
      vertex -34.7781 15.6855 0
    endloop
  endfacet
  facet normal 0.896754 0.44253 0
    outer loop
      vertex -36.4722 13.15 0.3
      vertex -36.5706 13.3494 0
      vertex -36.5706 13.3494 0.3
    endloop
  endfacet
  facet normal 0.896754 0.44253 0
    outer loop
      vertex -36.5706 13.3494 0
      vertex -36.4722 13.15 0.3
      vertex -36.4722 13.15 0
    endloop
  endfacet
  facet normal 0.555426 0.831566 -0
    outer loop
      vertex -35.85 12.5278 0
      vertex -36.0349 12.6513 0.3
      vertex -35.85 12.5278 0.3
    endloop
  endfacet
  facet normal 0.555426 0.831566 0
    outer loop
      vertex -36.0349 12.6513 0.3
      vertex -35.85 12.5278 0
      vertex -36.0349 12.6513 0
    endloop
  endfacet
  facet normal -0.98077 0.195165 0
    outer loop
      vertex -33.3579 13.56 0
      vertex -33.3145 13.7781 0.3
      vertex -33.3145 13.7781 0
    endloop
  endfacet
  facet normal -0.98077 0.195165 0
    outer loop
      vertex -33.3145 13.7781 0.3
      vertex -33.3579 13.56 0
      vertex -33.3579 13.56 0.3
    endloop
  endfacet
  facet normal 0.195165 -0.98077 0
    outer loop
      vertex -35.44 15.6421 0
      vertex -35.2219 15.6855 0.3
      vertex -35.44 15.6421 0.3
    endloop
  endfacet
  facet normal 0.195165 -0.98077 0
    outer loop
      vertex -35.2219 15.6855 0.3
      vertex -35.44 15.6421 0
      vertex -35.2219 15.6855 0
    endloop
  endfacet
  facet normal 0.831566 -0.555426 0
    outer loop
      vertex -36.4722 14.85 0.3
      vertex -36.3487 15.0349 0
      vertex -36.3487 15.0349 0.3
    endloop
  endfacet
  facet normal 0.831566 -0.555426 0
    outer loop
      vertex -36.3487 15.0349 0
      vertex -36.4722 14.85 0.3
      vertex -36.4722 14.85 0
    endloop
  endfacet
  facet normal 0.997872 0.0652057 0
    outer loop
      vertex -36.6855 13.7781 0.3
      vertex -36.7 14 0
      vertex -36.7 14 0.3
    endloop
  endfacet
  facet normal 0.997872 0.0652057 0
    outer loop
      vertex -36.7 14 0
      vertex -36.6855 13.7781 0.3
      vertex -36.6855 13.7781 0
    endloop
  endfacet
  facet normal 0.321484 -0.946915 0
    outer loop
      vertex -35.6506 15.5706 0
      vertex -35.44 15.6421 0.3
      vertex -35.6506 15.5706 0.3
    endloop
  endfacet
  facet normal 0.321484 -0.946915 0
    outer loop
      vertex -35.44 15.6421 0.3
      vertex -35.6506 15.5706 0
      vertex -35.44 15.6421 0
    endloop
  endfacet
  facet normal 0.555426 -0.831566 0
    outer loop
      vertex -36.0349 15.3487 0
      vertex -35.85 15.4722 0.3
      vertex -36.0349 15.3487 0.3
    endloop
  endfacet
  facet normal 0.555426 -0.831566 0
    outer loop
      vertex -35.85 15.4722 0.3
      vertex -36.0349 15.3487 0
      vertex -35.85 15.4722 0
    endloop
  endfacet
  facet normal -0.195165 -0.98077 0
    outer loop
      vertex -34.7781 15.6855 0
      vertex -34.56 15.6421 0.3
      vertex -34.7781 15.6855 0.3
    endloop
  endfacet
  facet normal -0.195165 -0.98077 -0
    outer loop
      vertex -34.56 15.6421 0.3
      vertex -34.7781 15.6855 0
      vertex -34.56 15.6421 0
    endloop
  endfacet
  facet normal 0.659268 0.751908 -0
    outer loop
      vertex -36.0349 12.6513 0
      vertex -36.2021 12.7979 0.3
      vertex -36.0349 12.6513 0.3
    endloop
  endfacet
  facet normal 0.659268 0.751908 0
    outer loop
      vertex -36.2021 12.7979 0.3
      vertex -36.0349 12.6513 0
      vertex -36.2021 12.7979 0
    endloop
  endfacet
  facet normal -0.896754 -0.44253 0
    outer loop
      vertex -33.4294 14.6506 0
      vertex -33.5278 14.85 0.3
      vertex -33.5278 14.85 0
    endloop
  endfacet
  facet normal -0.896754 -0.44253 0
    outer loop
      vertex -33.5278 14.85 0.3
      vertex -33.4294 14.6506 0
      vertex -33.4294 14.6506 0.3
    endloop
  endfacet
  facet normal 0.98077 0.195165 0
    outer loop
      vertex -36.6421 13.56 0.3
      vertex -36.6855 13.7781 0
      vertex -36.6855 13.7781 0.3
    endloop
  endfacet
  facet normal 0.98077 0.195165 0
    outer loop
      vertex -36.6855 13.7781 0
      vertex -36.6421 13.56 0.3
      vertex -36.6421 13.56 0
    endloop
  endfacet
  facet normal 0.195165 0.98077 -0
    outer loop
      vertex -35.2219 12.3145 0
      vertex -35.44 12.3579 0.3
      vertex -35.2219 12.3145 0.3
    endloop
  endfacet
  facet normal 0.195165 0.98077 0
    outer loop
      vertex -35.44 12.3579 0.3
      vertex -35.2219 12.3145 0
      vertex -35.44 12.3579 0
    endloop
  endfacet
  facet normal -0.659268 0.751908 0
    outer loop
      vertex -33.7979 12.7979 0
      vertex -33.9651 12.6513 0.3
      vertex -33.7979 12.7979 0.3
    endloop
  endfacet
  facet normal -0.659268 0.751908 0
    outer loop
      vertex -33.9651 12.6513 0.3
      vertex -33.7979 12.7979 0
      vertex -33.9651 12.6513 0
    endloop
  endfacet
  facet normal -0.751908 0.659268 0
    outer loop
      vertex -33.7979 12.7979 0
      vertex -33.6513 12.9651 0.3
      vertex -33.6513 12.9651 0
    endloop
  endfacet
  facet normal -0.751908 0.659268 0
    outer loop
      vertex -33.6513 12.9651 0.3
      vertex -33.7979 12.7979 0
      vertex -33.7979 12.7979 0.3
    endloop
  endfacet
  facet normal 0.0652057 -0.997872 0
    outer loop
      vertex -35.2219 15.6855 0
      vertex -35 15.7 0.3
      vertex -35.2219 15.6855 0.3
    endloop
  endfacet
  facet normal 0.0652057 -0.997872 0
    outer loop
      vertex -35 15.7 0.3
      vertex -35.2219 15.6855 0
      vertex -35 15.7 0
    endloop
  endfacet
  facet normal 0.44253 -0.896754 0
    outer loop
      vertex -35.85 15.4722 0
      vertex -35.6506 15.5706 0.3
      vertex -35.85 15.4722 0.3
    endloop
  endfacet
  facet normal 0.44253 -0.896754 0
    outer loop
      vertex -35.6506 15.5706 0.3
      vertex -35.85 15.4722 0
      vertex -35.6506 15.5706 0
    endloop
  endfacet
  facet normal 0.831566 0.555426 0
    outer loop
      vertex -36.3487 12.9651 0.3
      vertex -36.4722 13.15 0
      vertex -36.4722 13.15 0.3
    endloop
  endfacet
  facet normal 0.831566 0.555426 0
    outer loop
      vertex -36.4722 13.15 0
      vertex -36.3487 12.9651 0.3
      vertex -36.3487 12.9651 0
    endloop
  endfacet
  facet normal -0.997872 0.0652057 0
    outer loop
      vertex -33.3145 13.7781 0
      vertex -33.3 14 0.3
      vertex -33.3 14 0
    endloop
  endfacet
  facet normal -0.997872 0.0652057 0
    outer loop
      vertex -33.3 14 0.3
      vertex -33.3145 13.7781 0
      vertex -33.3145 13.7781 0.3
    endloop
  endfacet
  facet normal 0.44253 0.896754 -0
    outer loop
      vertex -35.6506 12.4294 0
      vertex -35.85 12.5278 0.3
      vertex -35.6506 12.4294 0.3
    endloop
  endfacet
  facet normal 0.44253 0.896754 0
    outer loop
      vertex -35.85 12.5278 0.3
      vertex -35.6506 12.4294 0
      vertex -35.85 12.5278 0
    endloop
  endfacet
  facet normal -0.98077 -0.195165 0
    outer loop
      vertex -33.3145 14.2219 0
      vertex -33.3579 14.44 0.3
      vertex -33.3579 14.44 0
    endloop
  endfacet
  facet normal -0.98077 -0.195165 0
    outer loop
      vertex -33.3579 14.44 0.3
      vertex -33.3145 14.2219 0
      vertex -33.3145 14.2219 0.3
    endloop
  endfacet
  facet normal -0.896754 0.44253 0
    outer loop
      vertex -33.5278 13.15 0
      vertex -33.4294 13.3494 0.3
      vertex -33.4294 13.3494 0
    endloop
  endfacet
  facet normal -0.896754 0.44253 0
    outer loop
      vertex -33.4294 13.3494 0.3
      vertex -33.5278 13.15 0
      vertex -33.5278 13.15 0.3
    endloop
  endfacet
  facet normal -0.946915 -0.321484 0
    outer loop
      vertex -33.3579 14.44 0
      vertex -33.4294 14.6506 0.3
      vertex -33.4294 14.6506 0
    endloop
  endfacet
  facet normal -0.946915 -0.321484 0
    outer loop
      vertex -33.4294 14.6506 0.3
      vertex -33.3579 14.44 0
      vertex -33.3579 14.44 0.3
    endloop
  endfacet
  facet normal -0.555426 -0.831566 0
    outer loop
      vertex -34.15 15.4722 0
      vertex -33.9651 15.3487 0.3
      vertex -34.15 15.4722 0.3
    endloop
  endfacet
  facet normal -0.555426 -0.831566 -0
    outer loop
      vertex -33.9651 15.3487 0.3
      vertex -34.15 15.4722 0
      vertex -33.9651 15.3487 0
    endloop
  endfacet
  facet normal 0.896754 -0.44253 0
    outer loop
      vertex -36.5706 14.6506 0.3
      vertex -36.4722 14.85 0
      vertex -36.4722 14.85 0.3
    endloop
  endfacet
  facet normal 0.896754 -0.44253 0
    outer loop
      vertex -36.4722 14.85 0
      vertex -36.5706 14.6506 0.3
      vertex -36.5706 14.6506 0
    endloop
  endfacet
  facet normal -0.997872 -0.0652057 0
    outer loop
      vertex -33.3 14 0
      vertex -33.3145 14.2219 0.3
      vertex -33.3145 14.2219 0
    endloop
  endfacet
  facet normal -0.997872 -0.0652057 0
    outer loop
      vertex -33.3145 14.2219 0.3
      vertex -33.3 14 0
      vertex -33.3 14 0.3
    endloop
  endfacet
  facet normal -0.321484 0.946915 0
    outer loop
      vertex -34.3494 12.4294 0
      vertex -34.56 12.3579 0.3
      vertex -34.3494 12.4294 0.3
    endloop
  endfacet
  facet normal -0.321484 0.946915 0
    outer loop
      vertex -34.56 12.3579 0.3
      vertex -34.3494 12.4294 0
      vertex -34.56 12.3579 0
    endloop
  endfacet
  facet normal -0.44253 -0.896754 0
    outer loop
      vertex -34.3494 15.5706 0
      vertex -34.15 15.4722 0.3
      vertex -34.3494 15.5706 0.3
    endloop
  endfacet
  facet normal -0.44253 -0.896754 -0
    outer loop
      vertex -34.15 15.4722 0.3
      vertex -34.3494 15.5706 0
      vertex -34.15 15.4722 0
    endloop
  endfacet
  facet normal -0.831566 -0.555426 0
    outer loop
      vertex -33.5278 14.85 0
      vertex -33.6513 15.0349 0.3
      vertex -33.6513 15.0349 0
    endloop
  endfacet
  facet normal -0.831566 -0.555426 0
    outer loop
      vertex -33.6513 15.0349 0.3
      vertex -33.5278 14.85 0
      vertex -33.5278 14.85 0.3
    endloop
  endfacet
  facet normal -0.555426 0.831566 0
    outer loop
      vertex -33.9651 12.6513 0
      vertex -34.15 12.5278 0.3
      vertex -33.9651 12.6513 0.3
    endloop
  endfacet
  facet normal -0.555426 0.831566 0
    outer loop
      vertex -34.15 12.5278 0.3
      vertex -33.9651 12.6513 0
      vertex -34.15 12.5278 0
    endloop
  endfacet
  facet normal 0.696303 0.13852 0.704254
    outer loop
      vertex -38.3557 13.5562 1.995
      vertex -38.2697 13.1239 1.995
      vertex -36.6421 13.56 0.3
    endloop
  endfacet
  facet normal 0.228173 0.672281 0.704255
    outer loop
      vertex -36.2936 10.872 1.995
      vertex -35.8761 10.7303 1.995
      vertex -35.44 12.3579 0.3
    endloop
  endfacet
  facet normal 0.708412 -0.0463793 0.704274
    outer loop
      vertex -38.3851 14 1.995
      vertex -36.7 14 0.3
      vertex -38.3563 14.4399 1.995
    endloop
  endfacet
  facet normal 0.705415 -0.0742542 0.704894
    outer loop
      vertex -38.3563 14.4399 1.995
      vertex -36.6855 14.2219 0.3
      vertex -38.3561 14.4418 1.995
    endloop
  endfacet
  facet normal 0.708426 -0.0462919 0.704265
    outer loop
      vertex -36.6855 14.2219 0.3
      vertex -38.3563 14.4399 1.995
      vertex -36.7 14 0.3
    endloop
  endfacet
  facet normal 0.533767 0.468073 0.704273
    outer loop
      vertex -37.6856 11.9393 1.995
      vertex -37.3949 11.6078 1.995
      vertex -36.3487 12.9651 0.3
    endloop
  endfacet
  facet normal -0.708426 0.0462919 0.704265
    outer loop
      vertex -33.3145 13.7781 0.3
      vertex -31.6437 13.5601 1.995
      vertex -33.3 14 0.3
    endloop
  endfacet
  facet normal -0.705415 0.0742542 0.704894
    outer loop
      vertex -31.6437 13.5601 1.995
      vertex -33.3145 13.7781 0.3
      vertex -31.6439 13.5582 1.995
    endloop
  endfacet
  facet normal 0.673633 -0.224544 0.704129
    outer loop
      vertex -38.128 15.2936 1.995
      vertex -36.5706 14.6506 0.3
      vertex -38.1274 15.2954 1.995
    endloop
  endfacet
  facet normal 0.672254 -0.228234 0.704261
    outer loop
      vertex -36.5706 14.6506 0.3
      vertex -38.128 15.2936 1.995
      vertex -36.6421 14.44 0.3
    endloop
  endfacet
  facet normal 0.672281 0.228173 0.704255
    outer loop
      vertex -38.2697 13.1239 1.995
      vertex -38.128 12.7064 1.995
      vertex -36.6421 13.56 0.3
    endloop
  endfacet
  facet normal -0.696303 0.13852 0.704254
    outer loop
      vertex -33.3579 13.56 0.3
      vertex -31.7303 13.1239 1.995
      vertex -31.6443 13.5562 1.995
    endloop
  endfacet
  facet normal -0.228173 0.672281 0.704255
    outer loop
      vertex -34.56 12.3579 0.3
      vertex -34.1239 10.7303 1.995
      vertex -33.7064 10.872 1.995
    endloop
  endfacet
  facet normal 0.696303 -0.13852 0.704254
    outer loop
      vertex -38.3557 14.4438 1.995
      vertex -36.6421 14.44 0.3
      vertex -38.2697 14.8761 1.995
    endloop
  endfacet
  facet normal 0.0463793 0.708412 0.704274
    outer loop
      vertex -35.4399 10.6437 1.995
      vertex -35 10.6149 1.995
      vertex -35 12.3 0.3
    endloop
  endfacet
  facet normal 0.0462919 0.708426 0.704265
    outer loop
      vertex -35.2219 12.3145 0.3
      vertex -35.4399 10.6437 1.995
      vertex -35 12.3 0.3
    endloop
  endfacet
  facet normal 0.0742542 0.705415 0.704894
    outer loop
      vertex -35.4399 10.6437 1.995
      vertex -35.2219 12.3145 0.3
      vertex -35.4418 10.6439 1.995
    endloop
  endfacet
  facet normal 0.708412 0.0463793 0.704274
    outer loop
      vertex -38.3851 14 1.995
      vertex -38.3563 13.5601 1.995
      vertex -36.7 14 0.3
    endloop
  endfacet
  facet normal -0.533767 0.468073 0.704273
    outer loop
      vertex -33.6513 12.9651 0.3
      vertex -32.6051 11.6078 1.995
      vertex -32.3144 11.9393 1.995
    endloop
  endfacet
  facet normal -0.314012 -0.636721 0.704261
    outer loop
      vertex -34.3494 15.5706 0.3
      vertex -33.3092 16.9324 1.995
      vertex -33.7046 17.1274 1.995
    endloop
  endfacet
  facet normal -0.0463793 -0.708412 0.704274
    outer loop
      vertex -35 15.7 0.3
      vertex -34.5601 17.3563 1.995
      vertex -35 17.3851 1.995
    endloop
  endfacet
  facet normal 0.672254 0.228234 0.704261
    outer loop
      vertex -38.128 12.7064 1.995
      vertex -36.5706 13.3494 0.3
      vertex -36.6421 13.56 0.3
    endloop
  endfacet
  facet normal 0.673633 0.224544 0.704129
    outer loop
      vertex -36.5706 13.3494 0.3
      vertex -38.128 12.7064 1.995
      vertex -38.1274 12.7046 1.995
    endloop
  endfacet
  facet normal 0.590275 -0.394429 0.704274
    outer loop
      vertex -37.9305 15.6942 1.995
      vertex -36.3487 15.0349 0.3
      vertex -37.6856 16.0607 1.995
    endloop
  endfacet
  facet normal 0.314012 -0.636721 0.704261
    outer loop
      vertex -36.6908 16.9324 1.995
      vertex -35.6506 15.5706 0.3
      vertex -36.2954 17.1274 1.995
    endloop
  endfacet
  facet normal 0.468037 -0.533805 0.704268
    outer loop
      vertex -37.3922 16.3949 1.995
      vertex -36.2021 15.2021 0.3
      vertex -36.0349 15.3487 0.3
    endloop
  endfacet
  facet normal 0.482732 -0.519866 0.704776
    outer loop
      vertex -36.2021 15.2021 0.3
      vertex -37.3922 16.3949 1.995
      vertex -37.3936 16.3936 1.995
    endloop
  endfacet
  facet normal -0.533805 0.468037 0.704268
    outer loop
      vertex -33.7979 12.7979 0.3
      vertex -32.6051 11.6078 1.995
      vertex -33.6513 12.9651 0.3
    endloop
  endfacet
  facet normal -0.519866 0.482732 0.704776
    outer loop
      vertex -32.6051 11.6078 1.995
      vertex -33.7979 12.7979 0.3
      vertex -32.6064 11.6064 1.995
    endloop
  endfacet
  facet normal 0.228234 0.672254 0.704261
    outer loop
      vertex -35.6506 12.4294 0.3
      vertex -36.2936 10.872 1.995
      vertex -35.44 12.3579 0.3
    endloop
  endfacet
  facet normal 0.224544 0.673633 0.704129
    outer loop
      vertex -36.2936 10.872 1.995
      vertex -35.6506 12.4294 0.3
      vertex -36.2954 10.8726 1.995
    endloop
  endfacet
  facet normal 0.394306 0.590341 0.704287
    outer loop
      vertex -36.6942 11.0695 1.995
      vertex -35.85 12.5278 0.3
      vertex -36.0349 12.6513 0.3
    endloop
  endfacet
  facet normal 0.385504 0.595778 0.704582
    outer loop
      vertex -35.85 12.5278 0.3
      vertex -36.6942 11.0695 1.995
      vertex -36.6925 11.0684 1.995
    endloop
  endfacet
  facet normal -0.468073 0.533767 0.704273
    outer loop
      vertex -33.9651 12.6513 0.3
      vertex -32.9393 11.3144 1.995
      vertex -32.6078 11.6051 1.995
    endloop
  endfacet
  facet normal 0.394429 0.590275 0.704274
    outer loop
      vertex -37.0607 11.3144 1.995
      vertex -36.6942 11.0695 1.995
      vertex -36.0349 12.6513 0.3
    endloop
  endfacet
  facet normal 0.0463793 -0.708412 0.704274
    outer loop
      vertex -35.4399 17.3563 1.995
      vertex -35 15.7 0.3
      vertex -35 17.3851 1.995
    endloop
  endfacet
  facet normal -0.595778 0.385504 0.704582
    outer loop
      vertex -33.5278 13.15 0.3
      vertex -32.0695 12.3058 1.995
      vertex -32.0684 12.3075 1.995
    endloop
  endfacet
  facet normal -0.590341 0.394306 0.704287
    outer loop
      vertex -32.0695 12.3058 1.995
      vertex -33.5278 13.15 0.3
      vertex -33.6513 12.9651 0.3
    endloop
  endfacet
  facet normal -0.672281 -0.228173 0.704255
    outer loop
      vertex -33.3579 14.44 0.3
      vertex -31.7303 14.8761 1.995
      vertex -31.872 15.2936 1.995
    endloop
  endfacet
  facet normal 0.314012 0.636721 0.704261
    outer loop
      vertex -36.6908 11.0676 1.995
      vertex -36.2954 10.8726 1.995
      vertex -35.6506 12.4294 0.3
    endloop
  endfacet
  facet normal -0.590275 0.394429 0.704274
    outer loop
      vertex -33.6513 12.9651 0.3
      vertex -32.3144 11.9393 1.995
      vertex -32.0695 12.3058 1.995
    endloop
  endfacet
  facet normal 0.314163 -0.636627 0.704278
    outer loop
      vertex -36.6908 16.9324 1.995
      vertex -35.85 15.4722 0.3
      vertex -35.6506 15.5706 0.3
    endloop
  endfacet
  facet normal 0.302488 -0.642787 0.703794
    outer loop
      vertex -35.85 15.4722 0.3
      vertex -36.6908 16.9324 1.995
      vertex -36.6925 16.9316 1.995
    endloop
  endfacet
  facet normal 0.13852 0.696303 0.704254
    outer loop
      vertex -35.8761 10.7303 1.995
      vertex -35.4438 10.6443 1.995
      vertex -35.44 12.3579 0.3
    endloop
  endfacet
  facet normal -0.636721 0.314012 0.704261
    outer loop
      vertex -33.4294 13.3494 0.3
      vertex -32.0676 12.3092 1.995
      vertex -31.8726 12.7046 1.995
    endloop
  endfacet
  facet normal 0.468073 -0.533767 0.704273
    outer loop
      vertex -37.3922 16.3949 1.995
      vertex -36.0349 15.3487 0.3
      vertex -37.0607 16.6856 1.995
    endloop
  endfacet
  facet normal 0.533767 -0.468073 0.704273
    outer loop
      vertex -37.6856 16.0607 1.995
      vertex -36.3487 15.0349 0.3
      vertex -37.3949 16.3922 1.995
    endloop
  endfacet
  facet normal -0.394429 0.590275 0.704274
    outer loop
      vertex -33.9651 12.6513 0.3
      vertex -33.3058 11.0695 1.995
      vertex -32.9393 11.3144 1.995
    endloop
  endfacet
  facet normal 0.696299 0.138557 0.704251
    outer loop
      vertex -36.6855 13.7781 0.3
      vertex -38.3557 13.5562 1.995
      vertex -36.6421 13.56 0.3
    endloop
  endfacet
  facet normal 0.696186 0.139237 0.704228
    outer loop
      vertex -38.3557 13.5562 1.995
      vertex -36.6855 13.7781 0.3
      vertex -38.3561 13.5582 1.995
    endloop
  endfacet
  facet normal 0.533805 0.468037 0.704268
    outer loop
      vertex -37.3949 11.6078 1.995
      vertex -36.2021 12.7979 0.3
      vertex -36.3487 12.9651 0.3
    endloop
  endfacet
  facet normal 0.519866 0.482732 0.704776
    outer loop
      vertex -36.2021 12.7979 0.3
      vertex -37.3949 11.6078 1.995
      vertex -37.3936 11.6064 1.995
    endloop
  endfacet
  facet normal 0.696299 -0.138557 0.704251
    outer loop
      vertex -38.3557 14.4438 1.995
      vertex -36.6855 14.2219 0.3
      vertex -36.6421 14.44 0.3
    endloop
  endfacet
  facet normal 0.696186 -0.139237 0.704228
    outer loop
      vertex -36.6855 14.2219 0.3
      vertex -38.3557 14.4438 1.995
      vertex -38.3561 14.4418 1.995
    endloop
  endfacet
  facet normal -0.636721 -0.314012 0.704261
    outer loop
      vertex -33.4294 14.6506 0.3
      vertex -31.8726 15.2954 1.995
      vertex -32.0676 15.6908 1.995
    endloop
  endfacet
  facet normal 0.468073 0.533767 0.704273
    outer loop
      vertex -37.3922 11.6051 1.995
      vertex -37.0607 11.3144 1.995
      vertex -36.0349 12.6513 0.3
    endloop
  endfacet
  facet normal -0.138557 0.696299 0.704251
    outer loop
      vertex -34.7781 12.3145 0.3
      vertex -34.5562 10.6443 1.995
      vertex -34.56 12.3579 0.3
    endloop
  endfacet
  facet normal -0.139237 0.696186 0.704228
    outer loop
      vertex -34.5562 10.6443 1.995
      vertex -34.7781 12.3145 0.3
      vertex -34.5582 10.6439 1.995
    endloop
  endfacet
  facet normal -0.708412 0.0463793 0.704274
    outer loop
      vertex -33.3 14 0.3
      vertex -31.6437 13.5601 1.995
      vertex -31.6149 14 1.995
    endloop
  endfacet
  facet normal -0.482732 0.519866 0.704776
    outer loop
      vertex -33.7979 12.7979 0.3
      vertex -32.6078 11.6051 1.995
      vertex -32.6064 11.6064 1.995
    endloop
  endfacet
  facet normal -0.468037 0.533805 0.704268
    outer loop
      vertex -32.6078 11.6051 1.995
      vertex -33.7979 12.7979 0.3
      vertex -33.9651 12.6513 0.3
    endloop
  endfacet
  facet normal 0.708426 0.0462919 0.704265
    outer loop
      vertex -38.3563 13.5601 1.995
      vertex -36.6855 13.7781 0.3
      vertex -36.7 14 0.3
    endloop
  endfacet
  facet normal 0.705415 0.0742542 0.704894
    outer loop
      vertex -36.6855 13.7781 0.3
      vertex -38.3563 13.5601 1.995
      vertex -38.3561 13.5582 1.995
    endloop
  endfacet
  facet normal -0.696186 0.139237 0.704228
    outer loop
      vertex -33.3145 13.7781 0.3
      vertex -31.6443 13.5562 1.995
      vertex -31.6439 13.5582 1.995
    endloop
  endfacet
  facet normal -0.696299 0.138557 0.704251
    outer loop
      vertex -31.6443 13.5562 1.995
      vertex -33.3145 13.7781 0.3
      vertex -33.3579 13.56 0.3
    endloop
  endfacet
  facet normal 0.228173 -0.672281 0.704255
    outer loop
      vertex -36.2936 17.128 1.995
      vertex -35.44 15.6421 0.3
      vertex -35.8761 17.2697 1.995
    endloop
  endfacet
  facet normal -0.673633 -0.224544 0.704129
    outer loop
      vertex -33.4294 14.6506 0.3
      vertex -31.872 15.2936 1.995
      vertex -31.8726 15.2954 1.995
    endloop
  endfacet
  facet normal -0.672254 -0.228234 0.704261
    outer loop
      vertex -31.872 15.2936 1.995
      vertex -33.4294 14.6506 0.3
      vertex -33.3579 14.44 0.3
    endloop
  endfacet
  facet normal 0.314163 0.636627 0.704278
    outer loop
      vertex -35.85 12.5278 0.3
      vertex -36.6908 11.0676 1.995
      vertex -35.6506 12.4294 0.3
    endloop
  endfacet
  facet normal 0.302488 0.642787 0.703794
    outer loop
      vertex -36.6908 11.0676 1.995
      vertex -35.85 12.5278 0.3
      vertex -36.6925 11.0684 1.995
    endloop
  endfacet
  facet normal -0.672254 0.228234 0.704261
    outer loop
      vertex -33.4294 13.3494 0.3
      vertex -31.872 12.7064 1.995
      vertex -33.3579 13.56 0.3
    endloop
  endfacet
  facet normal -0.673633 0.224544 0.704129
    outer loop
      vertex -31.872 12.7064 1.995
      vertex -33.4294 13.3494 0.3
      vertex -31.8726 12.7046 1.995
    endloop
  endfacet
  facet normal 0.636721 0.314012 0.704261
    outer loop
      vertex -38.1274 12.7046 1.995
      vertex -37.9324 12.3092 1.995
      vertex -36.5706 13.3494 0.3
    endloop
  endfacet
  facet normal 0.138557 0.696299 0.704251
    outer loop
      vertex -35.4438 10.6443 1.995
      vertex -35.2219 12.3145 0.3
      vertex -35.44 12.3579 0.3
    endloop
  endfacet
  facet normal 0.139237 0.696186 0.704228
    outer loop
      vertex -35.2219 12.3145 0.3
      vertex -35.4438 10.6443 1.995
      vertex -35.4418 10.6439 1.995
    endloop
  endfacet
  facet normal 0.519866 -0.482732 0.704776
    outer loop
      vertex -37.3949 16.3922 1.995
      vertex -36.2021 15.2021 0.3
      vertex -37.3936 16.3936 1.995
    endloop
  endfacet
  facet normal 0.533805 -0.468037 0.704268
    outer loop
      vertex -36.2021 15.2021 0.3
      vertex -37.3949 16.3922 1.995
      vertex -36.3487 15.0349 0.3
    endloop
  endfacet
  facet normal -0.394429 -0.590275 0.704274
    outer loop
      vertex -33.9651 15.3487 0.3
      vertex -32.9393 16.6856 1.995
      vertex -33.3058 16.9305 1.995
    endloop
  endfacet
  facet normal -0.705415 -0.0742542 0.704894
    outer loop
      vertex -33.3145 14.2219 0.3
      vertex -31.6437 14.4399 1.995
      vertex -31.6439 14.4418 1.995
    endloop
  endfacet
  facet normal -0.708426 -0.0462919 0.704265
    outer loop
      vertex -31.6437 14.4399 1.995
      vertex -33.3145 14.2219 0.3
      vertex -33.3 14 0.3
    endloop
  endfacet
  facet normal 0.590341 0.394306 0.704287
    outer loop
      vertex -36.4722 13.15 0.3
      vertex -37.9305 12.3058 1.995
      vertex -36.3487 12.9651 0.3
    endloop
  endfacet
  facet normal 0.595778 0.385504 0.704582
    outer loop
      vertex -37.9305 12.3058 1.995
      vertex -36.4722 13.15 0.3
      vertex -37.9316 12.3075 1.995
    endloop
  endfacet
  facet normal 0.468037 0.533805 0.704268
    outer loop
      vertex -36.2021 12.7979 0.3
      vertex -37.3922 11.6051 1.995
      vertex -36.0349 12.6513 0.3
    endloop
  endfacet
  facet normal 0.482732 0.519866 0.704776
    outer loop
      vertex -37.3922 11.6051 1.995
      vertex -36.2021 12.7979 0.3
      vertex -37.3936 11.6064 1.995
    endloop
  endfacet
  facet normal 0.590275 0.394429 0.704274
    outer loop
      vertex -37.9305 12.3058 1.995
      vertex -37.6856 11.9393 1.995
      vertex -36.3487 12.9651 0.3
    endloop
  endfacet
  facet normal -0.672281 0.228173 0.704255
    outer loop
      vertex -33.3579 13.56 0.3
      vertex -31.872 12.7064 1.995
      vertex -31.7303 13.1239 1.995
    endloop
  endfacet
  facet normal 0.139237 -0.696186 0.704228
    outer loop
      vertex -35.4438 17.3557 1.995
      vertex -35.2219 15.6855 0.3
      vertex -35.4418 17.3561 1.995
    endloop
  endfacet
  facet normal 0.138557 -0.696299 0.704251
    outer loop
      vertex -35.2219 15.6855 0.3
      vertex -35.4438 17.3557 1.995
      vertex -35.44 15.6421 0.3
    endloop
  endfacet
  facet normal -0.394306 0.590341 0.704287
    outer loop
      vertex -34.15 12.5278 0.3
      vertex -33.3058 11.0695 1.995
      vertex -33.9651 12.6513 0.3
    endloop
  endfacet
  facet normal -0.385504 0.595778 0.704582
    outer loop
      vertex -33.3058 11.0695 1.995
      vertex -34.15 12.5278 0.3
      vertex -33.3075 11.0684 1.995
    endloop
  endfacet
  facet normal -0.224544 0.673633 0.704129
    outer loop
      vertex -34.3494 12.4294 0.3
      vertex -33.7064 10.872 1.995
      vertex -33.7046 10.8726 1.995
    endloop
  endfacet
  facet normal -0.228234 0.672254 0.704261
    outer loop
      vertex -33.7064 10.872 1.995
      vertex -34.3494 12.4294 0.3
      vertex -34.56 12.3579 0.3
    endloop
  endfacet
  facet normal -0.590275 -0.394429 0.704274
    outer loop
      vertex -33.6513 15.0349 0.3
      vertex -32.0695 15.6942 1.995
      vertex -32.3144 16.0607 1.995
    endloop
  endfacet
  facet normal 0.672281 -0.228173 0.704255
    outer loop
      vertex -38.2697 14.8761 1.995
      vertex -36.6421 14.44 0.3
      vertex -38.128 15.2936 1.995
    endloop
  endfacet
  facet normal -0.0463793 0.708412 0.704274
    outer loop
      vertex -35 10.6149 1.995
      vertex -34.5601 10.6437 1.995
      vertex -35 12.3 0.3
    endloop
  endfacet
  facet normal -0.302488 -0.642787 0.703794
    outer loop
      vertex -33.3092 16.9324 1.995
      vertex -34.15 15.4722 0.3
      vertex -33.3075 16.9316 1.995
    endloop
  endfacet
  facet normal -0.314163 -0.636627 0.704278
    outer loop
      vertex -34.15 15.4722 0.3
      vertex -33.3092 16.9324 1.995
      vertex -34.3494 15.5706 0.3
    endloop
  endfacet
  facet normal -0.139237 -0.696186 0.704228
    outer loop
      vertex -34.7781 15.6855 0.3
      vertex -34.5562 17.3557 1.995
      vertex -34.5582 17.3561 1.995
    endloop
  endfacet
  facet normal -0.138557 -0.696299 0.704251
    outer loop
      vertex -34.5562 17.3557 1.995
      vertex -34.7781 15.6855 0.3
      vertex -34.56 15.6421 0.3
    endloop
  endfacet
  facet normal -0.696303 -0.13852 0.704254
    outer loop
      vertex -33.3579 14.44 0.3
      vertex -31.6443 14.4438 1.995
      vertex -31.7303 14.8761 1.995
    endloop
  endfacet
  facet normal -0.636627 0.314163 0.704278
    outer loop
      vertex -33.5278 13.15 0.3
      vertex -32.0676 12.3092 1.995
      vertex -33.4294 13.3494 0.3
    endloop
  endfacet
  facet normal -0.642787 0.302488 0.703794
    outer loop
      vertex -32.0676 12.3092 1.995
      vertex -33.5278 13.15 0.3
      vertex -32.0684 12.3075 1.995
    endloop
  endfacet
  facet normal 0.636721 -0.314012 0.704261
    outer loop
      vertex -38.1274 15.2954 1.995
      vertex -36.5706 14.6506 0.3
      vertex -37.9324 15.6908 1.995
    endloop
  endfacet
  facet normal -0.13852 0.696303 0.704254
    outer loop
      vertex -34.56 12.3579 0.3
      vertex -34.5562 10.6443 1.995
      vertex -34.1239 10.7303 1.995
    endloop
  endfacet
  facet normal -0.314012 0.636721 0.704261
    outer loop
      vertex -34.3494 12.4294 0.3
      vertex -33.7046 10.8726 1.995
      vertex -33.3092 11.0676 1.995
    endloop
  endfacet
  facet normal -0.302488 0.642787 0.703794
    outer loop
      vertex -34.15 12.5278 0.3
      vertex -33.3092 11.0676 1.995
      vertex -33.3075 11.0684 1.995
    endloop
  endfacet
  facet normal -0.314163 0.636627 0.704278
    outer loop
      vertex -33.3092 11.0676 1.995
      vertex -34.15 12.5278 0.3
      vertex -34.3494 12.4294 0.3
    endloop
  endfacet
  facet normal -0.224544 -0.673633 0.704129
    outer loop
      vertex -33.7064 17.128 1.995
      vertex -34.3494 15.5706 0.3
      vertex -33.7046 17.1274 1.995
    endloop
  endfacet
  facet normal -0.228234 -0.672254 0.704261
    outer loop
      vertex -34.3494 15.5706 0.3
      vertex -33.7064 17.128 1.995
      vertex -34.56 15.6421 0.3
    endloop
  endfacet
  facet normal -0.228173 -0.672281 0.704255
    outer loop
      vertex -34.56 15.6421 0.3
      vertex -33.7064 17.128 1.995
      vertex -34.1239 17.2697 1.995
    endloop
  endfacet
  facet normal 0.228234 -0.672254 0.704261
    outer loop
      vertex -36.2936 17.128 1.995
      vertex -35.6506 15.5706 0.3
      vertex -35.44 15.6421 0.3
    endloop
  endfacet
  facet normal 0.224544 -0.673633 0.704129
    outer loop
      vertex -35.6506 15.5706 0.3
      vertex -36.2936 17.128 1.995
      vertex -36.2954 17.1274 1.995
    endloop
  endfacet
  facet normal -0.468073 -0.533767 0.704273
    outer loop
      vertex -33.9651 15.3487 0.3
      vertex -32.6078 16.3949 1.995
      vertex -32.9393 16.6856 1.995
    endloop
  endfacet
  facet normal 0.590341 -0.394306 0.704287
    outer loop
      vertex -37.9305 15.6942 1.995
      vertex -36.4722 14.85 0.3
      vertex -36.3487 15.0349 0.3
    endloop
  endfacet
  facet normal 0.595778 -0.385504 0.704582
    outer loop
      vertex -36.4722 14.85 0.3
      vertex -37.9305 15.6942 1.995
      vertex -37.9316 15.6925 1.995
    endloop
  endfacet
  facet normal 0.394429 -0.590275 0.704274
    outer loop
      vertex -37.0607 16.6856 1.995
      vertex -36.0349 15.3487 0.3
      vertex -36.6942 16.9305 1.995
    endloop
  endfacet
  facet normal 0.385504 -0.595778 0.704582
    outer loop
      vertex -36.6942 16.9305 1.995
      vertex -35.85 15.4722 0.3
      vertex -36.6925 16.9316 1.995
    endloop
  endfacet
  facet normal 0.394306 -0.590341 0.704287
    outer loop
      vertex -35.85 15.4722 0.3
      vertex -36.6942 16.9305 1.995
      vertex -36.0349 15.3487 0.3
    endloop
  endfacet
  facet normal 0.13852 -0.696303 0.704254
    outer loop
      vertex -35.8761 17.2697 1.995
      vertex -35.44 15.6421 0.3
      vertex -35.4438 17.3557 1.995
    endloop
  endfacet
  facet normal 0.0742542 -0.705415 0.704894
    outer loop
      vertex -35.2219 15.6855 0.3
      vertex -35.4399 17.3563 1.995
      vertex -35.4418 17.3561 1.995
    endloop
  endfacet
  facet normal 0.0462919 -0.708426 0.704265
    outer loop
      vertex -35.4399 17.3563 1.995
      vertex -35.2219 15.6855 0.3
      vertex -35 15.7 0.3
    endloop
  endfacet
  facet normal 0.636627 0.314163 0.704278
    outer loop
      vertex -37.9324 12.3092 1.995
      vertex -36.4722 13.15 0.3
      vertex -36.5706 13.3494 0.3
    endloop
  endfacet
  facet normal 0.642787 0.302488 0.703794
    outer loop
      vertex -36.4722 13.15 0.3
      vertex -37.9324 12.3092 1.995
      vertex -37.9316 12.3075 1.995
    endloop
  endfacet
  facet normal -0.696186 -0.139237 0.704228
    outer loop
      vertex -31.6443 14.4438 1.995
      vertex -33.3145 14.2219 0.3
      vertex -31.6439 14.4418 1.995
    endloop
  endfacet
  facet normal -0.696299 -0.138557 0.704251
    outer loop
      vertex -33.3145 14.2219 0.3
      vertex -31.6443 14.4438 1.995
      vertex -33.3579 14.44 0.3
    endloop
  endfacet
  facet normal -0.708412 -0.0463793 0.704274
    outer loop
      vertex -33.3 14 0.3
      vertex -31.6149 14 1.995
      vertex -31.6437 14.4399 1.995
    endloop
  endfacet
  facet normal -0.482732 -0.519866 0.704776
    outer loop
      vertex -32.6078 16.3949 1.995
      vertex -33.7979 15.2021 0.3
      vertex -32.6064 16.3936 1.995
    endloop
  endfacet
  facet normal -0.468037 -0.533805 0.704268
    outer loop
      vertex -33.7979 15.2021 0.3
      vertex -32.6078 16.3949 1.995
      vertex -33.9651 15.3487 0.3
    endloop
  endfacet
  facet normal -0.385504 -0.595778 0.704582
    outer loop
      vertex -34.15 15.4722 0.3
      vertex -33.3058 16.9305 1.995
      vertex -33.3075 16.9316 1.995
    endloop
  endfacet
  facet normal -0.394306 -0.590341 0.704287
    outer loop
      vertex -33.3058 16.9305 1.995
      vertex -34.15 15.4722 0.3
      vertex -33.9651 15.3487 0.3
    endloop
  endfacet
  facet normal -0.519866 -0.482732 0.704776
    outer loop
      vertex -33.7979 15.2021 0.3
      vertex -32.6051 16.3922 1.995
      vertex -32.6064 16.3936 1.995
    endloop
  endfacet
  facet normal -0.533805 -0.468037 0.704268
    outer loop
      vertex -32.6051 16.3922 1.995
      vertex -33.7979 15.2021 0.3
      vertex -33.6513 15.0349 0.3
    endloop
  endfacet
  facet normal -0.533767 -0.468073 0.704273
    outer loop
      vertex -33.6513 15.0349 0.3
      vertex -32.3144 16.0607 1.995
      vertex -32.6051 16.3922 1.995
    endloop
  endfacet
  facet normal -0.0742542 0.705415 0.704894
    outer loop
      vertex -34.7781 12.3145 0.3
      vertex -34.5601 10.6437 1.995
      vertex -34.5582 10.6439 1.995
    endloop
  endfacet
  facet normal -0.0462919 0.708426 0.704265
    outer loop
      vertex -34.5601 10.6437 1.995
      vertex -34.7781 12.3145 0.3
      vertex -35 12.3 0.3
    endloop
  endfacet
  facet normal -0.595778 -0.385504 0.704582
    outer loop
      vertex -32.0695 15.6942 1.995
      vertex -33.5278 14.85 0.3
      vertex -32.0684 15.6925 1.995
    endloop
  endfacet
  facet normal -0.590341 -0.394306 0.704287
    outer loop
      vertex -33.5278 14.85 0.3
      vertex -32.0695 15.6942 1.995
      vertex -33.6513 15.0349 0.3
    endloop
  endfacet
  facet normal -0.642787 -0.302488 0.703794
    outer loop
      vertex -33.5278 14.85 0.3
      vertex -32.0676 15.6908 1.995
      vertex -32.0684 15.6925 1.995
    endloop
  endfacet
  facet normal -0.636627 -0.314163 0.704278
    outer loop
      vertex -32.0676 15.6908 1.995
      vertex -33.5278 14.85 0.3
      vertex -33.4294 14.6506 0.3
    endloop
  endfacet
  facet normal -0.0462919 -0.708426 0.704265
    outer loop
      vertex -34.7781 15.6855 0.3
      vertex -34.5601 17.3563 1.995
      vertex -35 15.7 0.3
    endloop
  endfacet
  facet normal -0.0742542 -0.705415 0.704894
    outer loop
      vertex -34.5601 17.3563 1.995
      vertex -34.7781 15.6855 0.3
      vertex -34.5582 17.3561 1.995
    endloop
  endfacet
  facet normal -0.13852 -0.696303 0.704254
    outer loop
      vertex -34.56 15.6421 0.3
      vertex -34.1239 17.2697 1.995
      vertex -34.5562 17.3557 1.995
    endloop
  endfacet
  facet normal 0.642787 -0.302488 0.703794
    outer loop
      vertex -37.9324 15.6908 1.995
      vertex -36.4722 14.85 0.3
      vertex -37.9316 15.6925 1.995
    endloop
  endfacet
  facet normal 0.636627 -0.314163 0.704278
    outer loop
      vertex -36.4722 14.85 0.3
      vertex -37.9324 15.6908 1.995
      vertex -36.5706 14.6506 0.3
    endloop
  endfacet
  facet normal 0.32135 -0.94696 0
    outer loop
      vertex -36.3011 17.1412 1.995
      vertex -35.88 17.2841 2
      vertex -36.3011 17.1412 2
    endloop
  endfacet
  facet normal 0.32135 -0.94696 0
    outer loop
      vertex -35.88 17.2841 2
      vertex -36.3011 17.1412 1.995
      vertex -35.88 17.2841 1.995
    endloop
  endfacet
  facet normal -0.659268 -0.751908 0
    outer loop
      vertex -32.9302 16.6974 1.995
      vertex -32.5958 16.4042 2
      vertex -32.9302 16.6974 2
    endloop
  endfacet
  facet normal -0.659268 -0.751908 -0
    outer loop
      vertex -32.5958 16.4042 2
      vertex -32.9302 16.6974 1.995
      vertex -32.5958 16.4042 1.995
    endloop
  endfacet
  facet normal 0.98077 -0.195165 0
    outer loop
      vertex -38.3709 14.4438 2
      vertex -38.2841 14.88 1.995
      vertex -38.2841 14.88 2
    endloop
  endfacet
  facet normal 0.98077 -0.195165 0
    outer loop
      vertex -38.2841 14.88 1.995
      vertex -38.3709 14.4438 2
      vertex -38.3709 14.4438 1.995
    endloop
  endfacet
  facet normal 0.0654296 -0.997857 0
    outer loop
      vertex -35.4438 17.3709 1.995
      vertex -35 17.4 2
      vertex -35.4438 17.3709 2
    endloop
  endfacet
  facet normal 0.0654296 -0.997857 0
    outer loop
      vertex -35 17.4 2
      vertex -35.4438 17.3709 1.995
      vertex -35 17.4 1.995
    endloop
  endfacet
  facet normal 0.751908 -0.659268 0
    outer loop
      vertex -37.6974 16.0698 2
      vertex -37.4042 16.4042 1.995
      vertex -37.4042 16.4042 2
    endloop
  endfacet
  facet normal 0.751908 -0.659268 0
    outer loop
      vertex -37.4042 16.4042 1.995
      vertex -37.6974 16.0698 2
      vertex -37.6974 16.0698 1.995
    endloop
  endfacet
  facet normal -0.195165 0.98077 0
    outer loop
      vertex -34.12 10.7159 1.995
      vertex -34.5562 10.6291 2
      vertex -34.12 10.7159 2
    endloop
  endfacet
  facet normal -0.195165 0.98077 0
    outer loop
      vertex -34.5562 10.6291 2
      vertex -34.12 10.7159 1.995
      vertex -34.5562 10.6291 1.995
    endloop
  endfacet
  facet normal 0.98077 0.195165 0
    outer loop
      vertex -38.2841 13.12 2
      vertex -38.3709 13.5562 1.995
      vertex -38.3709 13.5562 2
    endloop
  endfacet
  facet normal 0.98077 0.195165 0
    outer loop
      vertex -38.3709 13.5562 1.995
      vertex -38.2841 13.12 2
      vertex -38.2841 13.12 1.995
    endloop
  endfacet
  facet normal 0.32135 0.94696 -0
    outer loop
      vertex -35.88 10.7159 1.995
      vertex -36.3011 10.8588 2
      vertex -35.88 10.7159 2
    endloop
  endfacet
  facet normal 0.32135 0.94696 0
    outer loop
      vertex -36.3011 10.8588 2
      vertex -35.88 10.7159 1.995
      vertex -36.3011 10.8588 1.995
    endloop
  endfacet
  facet normal 0.44226 -0.896887 0
    outer loop
      vertex -36.7 16.9445 1.995
      vertex -36.3011 17.1412 2
      vertex -36.7 16.9445 2
    endloop
  endfacet
  facet normal 0.44226 -0.896887 0
    outer loop
      vertex -36.3011 17.1412 2
      vertex -36.7 16.9445 1.995
      vertex -36.3011 17.1412 1.995
    endloop
  endfacet
  facet normal 0.997857 -0.0654296 0
    outer loop
      vertex -38.4 14 2
      vertex -38.3709 14.4438 1.995
      vertex -38.3709 14.4438 2
    endloop
  endfacet
  facet normal 0.997857 -0.0654296 0
    outer loop
      vertex -38.3709 14.4438 1.995
      vertex -38.4 14 2
      vertex -38.4 14 1.995
    endloop
  endfacet
  facet normal -0.555582 -0.831462 0
    outer loop
      vertex -33.3 16.9445 1.995
      vertex -32.9302 16.6974 2
      vertex -33.3 16.9445 2
    endloop
  endfacet
  facet normal -0.555582 -0.831462 -0
    outer loop
      vertex -32.9302 16.6974 2
      vertex -33.3 16.9445 1.995
      vertex -32.9302 16.6974 1.995
    endloop
  endfacet
  facet normal 0.831462 0.555582 0
    outer loop
      vertex -37.6974 11.9302 2
      vertex -37.9445 12.3 1.995
      vertex -37.9445 12.3 2
    endloop
  endfacet
  facet normal 0.831462 0.555582 0
    outer loop
      vertex -37.9445 12.3 1.995
      vertex -37.6974 11.9302 2
      vertex -37.6974 11.9302 1.995
    endloop
  endfacet
  facet normal -0.896887 0.44226 0
    outer loop
      vertex -32.0555 12.3 1.995
      vertex -31.8588 12.6989 2
      vertex -31.8588 12.6989 1.995
    endloop
  endfacet
  facet normal -0.896887 0.44226 0
    outer loop
      vertex -31.8588 12.6989 2
      vertex -32.0555 12.3 1.995
      vertex -32.0555 12.3 2
    endloop
  endfacet
  facet normal -0.94696 -0.32135 0
    outer loop
      vertex -31.7159 14.88 1.995
      vertex -31.8588 15.3011 2
      vertex -31.8588 15.3011 1.995
    endloop
  endfacet
  facet normal -0.94696 -0.32135 0
    outer loop
      vertex -31.8588 15.3011 2
      vertex -31.7159 14.88 1.995
      vertex -31.7159 14.88 2
    endloop
  endfacet
  facet normal -0.0654296 -0.997857 0
    outer loop
      vertex -35 17.4 1.995
      vertex -34.5562 17.3709 2
      vertex -35 17.4 2
    endloop
  endfacet
  facet normal -0.0654296 -0.997857 -0
    outer loop
      vertex -34.5562 17.3709 2
      vertex -35 17.4 1.995
      vertex -34.5562 17.3709 1.995
    endloop
  endfacet
  facet normal -0.98077 -0.195165 0
    outer loop
      vertex -31.6291 14.4438 1.995
      vertex -31.7159 14.88 2
      vertex -31.7159 14.88 1.995
    endloop
  endfacet
  facet normal -0.98077 -0.195165 0
    outer loop
      vertex -31.7159 14.88 2
      vertex -31.6291 14.4438 1.995
      vertex -31.6291 14.4438 2
    endloop
  endfacet
  facet normal 0.555582 0.831462 -0
    outer loop
      vertex -36.7 11.0555 1.995
      vertex -37.0698 11.3026 2
      vertex -36.7 11.0555 2
    endloop
  endfacet
  facet normal 0.555582 0.831462 0
    outer loop
      vertex -37.0698 11.3026 2
      vertex -36.7 11.0555 1.995
      vertex -37.0698 11.3026 1.995
    endloop
  endfacet
  facet normal -0.94696 0.32135 0
    outer loop
      vertex -31.8588 12.6989 1.995
      vertex -31.7159 13.12 2
      vertex -31.7159 13.12 1.995
    endloop
  endfacet
  facet normal -0.94696 0.32135 0
    outer loop
      vertex -31.7159 13.12 2
      vertex -31.8588 12.6989 1.995
      vertex -31.8588 12.6989 2
    endloop
  endfacet
  facet normal 0.896887 -0.44226 0
    outer loop
      vertex -38.1412 15.3011 2
      vertex -37.9445 15.7 1.995
      vertex -37.9445 15.7 2
    endloop
  endfacet
  facet normal 0.896887 -0.44226 0
    outer loop
      vertex -37.9445 15.7 1.995
      vertex -38.1412 15.3011 2
      vertex -38.1412 15.3011 1.995
    endloop
  endfacet
  facet normal 0.751908 0.659268 0
    outer loop
      vertex -37.4042 11.5958 2
      vertex -37.6974 11.9302 1.995
      vertex -37.6974 11.9302 2
    endloop
  endfacet
  facet normal 0.751908 0.659268 0
    outer loop
      vertex -37.6974 11.9302 1.995
      vertex -37.4042 11.5958 2
      vertex -37.4042 11.5958 1.995
    endloop
  endfacet
  facet normal -0.32135 0.94696 0
    outer loop
      vertex -33.6989 10.8588 1.995
      vertex -34.12 10.7159 2
      vertex -33.6989 10.8588 2
    endloop
  endfacet
  facet normal -0.32135 0.94696 0
    outer loop
      vertex -34.12 10.7159 2
      vertex -33.6989 10.8588 1.995
      vertex -34.12 10.7159 1.995
    endloop
  endfacet
  facet normal -0.997857 0.0654296 0
    outer loop
      vertex -31.6291 13.5562 1.995
      vertex -31.6 14 2
      vertex -31.6 14 1.995
    endloop
  endfacet
  facet normal -0.997857 0.0654296 0
    outer loop
      vertex -31.6 14 2
      vertex -31.6291 13.5562 1.995
      vertex -31.6291 13.5562 2
    endloop
  endfacet
  facet normal 0.94696 -0.32135 0
    outer loop
      vertex -38.2841 14.88 2
      vertex -38.1412 15.3011 1.995
      vertex -38.1412 15.3011 2
    endloop
  endfacet
  facet normal 0.94696 -0.32135 0
    outer loop
      vertex -38.1412 15.3011 1.995
      vertex -38.2841 14.88 2
      vertex -38.2841 14.88 1.995
    endloop
  endfacet
  facet normal -0.0654296 0.997857 0
    outer loop
      vertex -34.5562 10.6291 1.995
      vertex -35 10.6 2
      vertex -34.5562 10.6291 2
    endloop
  endfacet
  facet normal -0.0654296 0.997857 0
    outer loop
      vertex -35 10.6 2
      vertex -34.5562 10.6291 1.995
      vertex -35 10.6 1.995
    endloop
  endfacet
  facet normal -0.659268 0.751908 0
    outer loop
      vertex -32.5958 11.5958 1.995
      vertex -32.9302 11.3026 2
      vertex -32.5958 11.5958 2
    endloop
  endfacet
  facet normal -0.659268 0.751908 0
    outer loop
      vertex -32.9302 11.3026 2
      vertex -32.5958 11.5958 1.995
      vertex -32.9302 11.3026 1.995
    endloop
  endfacet
  facet normal 0.555582 -0.831462 0
    outer loop
      vertex -37.0698 16.6974 1.995
      vertex -36.7 16.9445 2
      vertex -37.0698 16.6974 2
    endloop
  endfacet
  facet normal 0.555582 -0.831462 0
    outer loop
      vertex -36.7 16.9445 2
      vertex -37.0698 16.6974 1.995
      vertex -36.7 16.9445 1.995
    endloop
  endfacet
  facet normal 0.831462 -0.555582 0
    outer loop
      vertex -37.9445 15.7 2
      vertex -37.6974 16.0698 1.995
      vertex -37.6974 16.0698 2
    endloop
  endfacet
  facet normal 0.831462 -0.555582 0
    outer loop
      vertex -37.6974 16.0698 1.995
      vertex -37.9445 15.7 2
      vertex -37.9445 15.7 1.995
    endloop
  endfacet
  facet normal 0.997857 0.0654296 0
    outer loop
      vertex -38.3709 13.5562 2
      vertex -38.4 14 1.995
      vertex -38.4 14 2
    endloop
  endfacet
  facet normal 0.997857 0.0654296 0
    outer loop
      vertex -38.4 14 1.995
      vertex -38.3709 13.5562 2
      vertex -38.3709 13.5562 1.995
    endloop
  endfacet
  facet normal 0.94696 0.32135 0
    outer loop
      vertex -38.1412 12.6989 2
      vertex -38.2841 13.12 1.995
      vertex -38.2841 13.12 2
    endloop
  endfacet
  facet normal 0.94696 0.32135 0
    outer loop
      vertex -38.2841 13.12 1.995
      vertex -38.1412 12.6989 2
      vertex -38.1412 12.6989 1.995
    endloop
  endfacet
  facet normal 0.44226 0.896887 -0
    outer loop
      vertex -36.3011 10.8588 1.995
      vertex -36.7 11.0555 2
      vertex -36.3011 10.8588 2
    endloop
  endfacet
  facet normal 0.44226 0.896887 0
    outer loop
      vertex -36.7 11.0555 2
      vertex -36.3011 10.8588 1.995
      vertex -36.7 11.0555 1.995
    endloop
  endfacet
  facet normal -0.98077 0.195165 0
    outer loop
      vertex -31.7159 13.12 1.995
      vertex -31.6291 13.5562 2
      vertex -31.6291 13.5562 1.995
    endloop
  endfacet
  facet normal -0.98077 0.195165 0
    outer loop
      vertex -31.6291 13.5562 2
      vertex -31.7159 13.12 1.995
      vertex -31.7159 13.12 2
    endloop
  endfacet
  facet normal -0.751908 -0.659268 0
    outer loop
      vertex -32.3026 16.0698 1.995
      vertex -32.5958 16.4042 2
      vertex -32.5958 16.4042 1.995
    endloop
  endfacet
  facet normal -0.751908 -0.659268 0
    outer loop
      vertex -32.5958 16.4042 2
      vertex -32.3026 16.0698 1.995
      vertex -32.3026 16.0698 2
    endloop
  endfacet
  facet normal -0.32135 -0.94696 0
    outer loop
      vertex -34.12 17.2841 1.995
      vertex -33.6989 17.1412 2
      vertex -34.12 17.2841 2
    endloop
  endfacet
  facet normal -0.32135 -0.94696 -0
    outer loop
      vertex -33.6989 17.1412 2
      vertex -34.12 17.2841 1.995
      vertex -33.6989 17.1412 1.995
    endloop
  endfacet
  facet normal -0.751908 0.659268 0
    outer loop
      vertex -32.5958 11.5958 1.995
      vertex -32.3026 11.9302 2
      vertex -32.3026 11.9302 1.995
    endloop
  endfacet
  facet normal -0.751908 0.659268 0
    outer loop
      vertex -32.3026 11.9302 2
      vertex -32.5958 11.5958 1.995
      vertex -32.5958 11.5958 2
    endloop
  endfacet
  facet normal 0.659268 0.751908 -0
    outer loop
      vertex -37.0698 11.3026 1.995
      vertex -37.4042 11.5958 2
      vertex -37.0698 11.3026 2
    endloop
  endfacet
  facet normal 0.659268 0.751908 0
    outer loop
      vertex -37.4042 11.5958 2
      vertex -37.0698 11.3026 1.995
      vertex -37.4042 11.5958 1.995
    endloop
  endfacet
  facet normal -0.195165 -0.98077 0
    outer loop
      vertex -34.5562 17.3709 1.995
      vertex -34.12 17.2841 2
      vertex -34.5562 17.3709 2
    endloop
  endfacet
  facet normal -0.195165 -0.98077 -0
    outer loop
      vertex -34.12 17.2841 2
      vertex -34.5562 17.3709 1.995
      vertex -34.12 17.2841 1.995
    endloop
  endfacet
  facet normal 0.0654296 0.997857 -0
    outer loop
      vertex -35 10.6 1.995
      vertex -35.4438 10.6291 2
      vertex -35 10.6 2
    endloop
  endfacet
  facet normal 0.0654296 0.997857 0
    outer loop
      vertex -35.4438 10.6291 2
      vertex -35 10.6 1.995
      vertex -35.4438 10.6291 1.995
    endloop
  endfacet
  facet normal 0.195165 0.98077 -0
    outer loop
      vertex -35.4438 10.6291 1.995
      vertex -35.88 10.7159 2
      vertex -35.4438 10.6291 2
    endloop
  endfacet
  facet normal 0.195165 0.98077 0
    outer loop
      vertex -35.88 10.7159 2
      vertex -35.4438 10.6291 1.995
      vertex -35.88 10.7159 1.995
    endloop
  endfacet
  facet normal 0.896887 0.44226 0
    outer loop
      vertex -37.9445 12.3 2
      vertex -38.1412 12.6989 1.995
      vertex -38.1412 12.6989 2
    endloop
  endfacet
  facet normal 0.896887 0.44226 0
    outer loop
      vertex -38.1412 12.6989 1.995
      vertex -37.9445 12.3 2
      vertex -37.9445 12.3 1.995
    endloop
  endfacet
  facet normal -0.44226 0.896887 0
    outer loop
      vertex -33.3 11.0555 1.995
      vertex -33.6989 10.8588 2
      vertex -33.3 11.0555 2
    endloop
  endfacet
  facet normal -0.44226 0.896887 0
    outer loop
      vertex -33.6989 10.8588 2
      vertex -33.3 11.0555 1.995
      vertex -33.6989 10.8588 1.995
    endloop
  endfacet
  facet normal -0.831462 0.555582 0
    outer loop
      vertex -32.3026 11.9302 1.995
      vertex -32.0555 12.3 2
      vertex -32.0555 12.3 1.995
    endloop
  endfacet
  facet normal -0.831462 0.555582 0
    outer loop
      vertex -32.0555 12.3 2
      vertex -32.3026 11.9302 1.995
      vertex -32.3026 11.9302 2
    endloop
  endfacet
  facet normal -0.44226 -0.896887 0
    outer loop
      vertex -33.6989 17.1412 1.995
      vertex -33.3 16.9445 2
      vertex -33.6989 17.1412 2
    endloop
  endfacet
  facet normal -0.44226 -0.896887 -0
    outer loop
      vertex -33.3 16.9445 2
      vertex -33.6989 17.1412 1.995
      vertex -33.3 16.9445 1.995
    endloop
  endfacet
  facet normal 0.659268 -0.751908 0
    outer loop
      vertex -37.4042 16.4042 1.995
      vertex -37.0698 16.6974 2
      vertex -37.4042 16.4042 2
    endloop
  endfacet
  facet normal 0.659268 -0.751908 0
    outer loop
      vertex -37.0698 16.6974 2
      vertex -37.4042 16.4042 1.995
      vertex -37.0698 16.6974 1.995
    endloop
  endfacet
  facet normal -0.555582 0.831462 0
    outer loop
      vertex -32.9302 11.3026 1.995
      vertex -33.3 11.0555 2
      vertex -32.9302 11.3026 2
    endloop
  endfacet
  facet normal -0.555582 0.831462 0
    outer loop
      vertex -33.3 11.0555 2
      vertex -32.9302 11.3026 1.995
      vertex -33.3 11.0555 1.995
    endloop
  endfacet
  facet normal -0.896887 -0.44226 0
    outer loop
      vertex -31.8588 15.3011 1.995
      vertex -32.0555 15.7 2
      vertex -32.0555 15.7 1.995
    endloop
  endfacet
  facet normal -0.896887 -0.44226 0
    outer loop
      vertex -32.0555 15.7 2
      vertex -31.8588 15.3011 1.995
      vertex -31.8588 15.3011 2
    endloop
  endfacet
  facet normal 0.195165 -0.98077 0
    outer loop
      vertex -35.88 17.2841 1.995
      vertex -35.4438 17.3709 2
      vertex -35.88 17.2841 2
    endloop
  endfacet
  facet normal 0.195165 -0.98077 0
    outer loop
      vertex -35.4438 17.3709 2
      vertex -35.88 17.2841 1.995
      vertex -35.4438 17.3709 1.995
    endloop
  endfacet
  facet normal -0.831462 -0.555582 0
    outer loop
      vertex -32.0555 15.7 1.995
      vertex -32.3026 16.0698 2
      vertex -32.3026 16.0698 1.995
    endloop
  endfacet
  facet normal -0.831462 -0.555582 0
    outer loop
      vertex -32.3026 16.0698 2
      vertex -32.0555 15.7 1.995
      vertex -32.0555 15.7 2
    endloop
  endfacet
  facet normal -0 0 1
    outer loop
      vertex -31.6437 14.4399 1.995
      vertex -31.6 14 1.995
      vertex -31.6291 14.4438 1.995
    endloop
  endfacet
  facet normal 0 0 1
    outer loop
      vertex -31.6 14 1.995
      vertex -31.6437 14.4399 1.995
      vertex -31.6149 14 1.995
    endloop
  endfacet
  facet normal 0 0 1
    outer loop
      vertex -31.6291 14.4438 1.995
      vertex -31.6439 14.4418 1.995
      vertex -31.6437 14.4399 1.995
    endloop
  endfacet
  facet normal 0 0 1
    outer loop
      vertex -31.6291 14.4438 1.995
      vertex -31.6443 14.4438 1.995
      vertex -31.6439 14.4418 1.995
    endloop
  endfacet
  facet normal 0 0 1
    outer loop
      vertex -31.7159 14.88 1.995
      vertex -31.6443 14.4438 1.995
      vertex -31.6291 14.4438 1.995
    endloop
  endfacet
  facet normal 0 0 1
    outer loop
      vertex -31.7159 14.88 1.995
      vertex -31.7303 14.8761 1.995
      vertex -31.6443 14.4438 1.995
    endloop
  endfacet
  facet normal -0 0 1
    outer loop
      vertex -31.872 15.2936 1.995
      vertex -31.7159 14.88 1.995
      vertex -31.8588 15.3011 1.995
    endloop
  endfacet
  facet normal 0 0 1
    outer loop
      vertex -31.7159 14.88 1.995
      vertex -31.872 15.2936 1.995
      vertex -31.7303 14.8761 1.995
    endloop
  endfacet
  facet normal 0 0 1
    outer loop
      vertex -31.8588 15.3011 1.995
      vertex -31.8726 15.2954 1.995
      vertex -31.872 15.2936 1.995
    endloop
  endfacet
  facet normal -0 0 1
    outer loop
      vertex -32.0676 15.6908 1.995
      vertex -31.8588 15.3011 1.995
      vertex -32.0555 15.7 1.995
    endloop
  endfacet
  facet normal 0 0 1
    outer loop
      vertex -31.8588 15.3011 1.995
      vertex -32.0676 15.6908 1.995
      vertex -31.8726 15.2954 1.995
    endloop
  endfacet
  facet normal 0 0 1
    outer loop
      vertex -32.0555 15.7 1.995
      vertex -32.0684 15.6925 1.995
      vertex -32.0676 15.6908 1.995
    endloop
  endfacet
  facet normal 0 0 1
    outer loop
      vertex -32.0555 15.7 1.995
      vertex -32.0695 15.6942 1.995
      vertex -32.0684 15.6925 1.995
    endloop
  endfacet
  facet normal 0 0 1
    outer loop
      vertex -32.3026 16.0698 1.995
      vertex -32.0695 15.6942 1.995
      vertex -32.0555 15.7 1.995
    endloop
  endfacet
  facet normal 0 0 1
    outer loop
      vertex -32.3026 16.0698 1.995
      vertex -32.3144 16.0607 1.995
      vertex -32.0695 15.6942 1.995
    endloop
  endfacet
  facet normal -0 0 1
    outer loop
      vertex -32.6051 16.3922 1.995
      vertex -32.3026 16.0698 1.995
      vertex -32.5958 16.4042 1.995
    endloop
  endfacet
  facet normal 0 0 1
    outer loop
      vertex -32.3026 16.0698 1.995
      vertex -32.6051 16.3922 1.995
      vertex -32.3144 16.0607 1.995
    endloop
  endfacet
  facet normal 0 0 1
    outer loop
      vertex -32.5958 16.4042 1.995
      vertex -32.6064 16.3936 1.995
      vertex -32.6051 16.3922 1.995
    endloop
  endfacet
  facet normal 0 0 1
    outer loop
      vertex -32.5958 16.4042 1.995
      vertex -32.6078 16.3949 1.995
      vertex -32.6064 16.3936 1.995
    endloop
  endfacet
  facet normal 0 0 1
    outer loop
      vertex -32.9302 16.6974 1.995
      vertex -32.6078 16.3949 1.995
      vertex -32.5958 16.4042 1.995
    endloop
  endfacet
  facet normal 0 0 1
    outer loop
      vertex -32.9302 16.6974 1.995
      vertex -32.9393 16.6856 1.995
      vertex -32.6078 16.3949 1.995
    endloop
  endfacet
  facet normal -0 0 1
    outer loop
      vertex -33.3058 16.9305 1.995
      vertex -32.9302 16.6974 1.995
      vertex -33.3 16.9445 1.995
    endloop
  endfacet
  facet normal 0 0 1
    outer loop
      vertex -32.9302 16.6974 1.995
      vertex -33.3058 16.9305 1.995
      vertex -32.9393 16.6856 1.995
    endloop
  endfacet
  facet normal 0 0 1
    outer loop
      vertex -33.3 16.9445 1.995
      vertex -33.3075 16.9316 1.995
      vertex -33.3058 16.9305 1.995
    endloop
  endfacet
  facet normal 0 0 1
    outer loop
      vertex -33.3 16.9445 1.995
      vertex -33.3092 16.9324 1.995
      vertex -33.3075 16.9316 1.995
    endloop
  endfacet
  facet normal 0 0 1
    outer loop
      vertex -33.6989 17.1412 1.995
      vertex -33.3092 16.9324 1.995
      vertex -33.3 16.9445 1.995
    endloop
  endfacet
  facet normal 0 0 1
    outer loop
      vertex -33.6989 17.1412 1.995
      vertex -33.7046 17.1274 1.995
      vertex -33.3092 16.9324 1.995
    endloop
  endfacet
  facet normal 0 0 1
    outer loop
      vertex -33.6989 17.1412 1.995
      vertex -33.7064 17.128 1.995
      vertex -33.7046 17.1274 1.995
    endloop
  endfacet
  facet normal 0 0 1
    outer loop
      vertex -34.12 17.2841 1.995
      vertex -33.7064 17.128 1.995
      vertex -33.6989 17.1412 1.995
    endloop
  endfacet
  facet normal 0 0 1
    outer loop
      vertex -34.12 17.2841 1.995
      vertex -34.1239 17.2697 1.995
      vertex -33.7064 17.128 1.995
    endloop
  endfacet
  facet normal -0 0 1
    outer loop
      vertex -34.5562 17.3557 1.995
      vertex -34.12 17.2841 1.995
      vertex -34.5562 17.3709 1.995
    endloop
  endfacet
  facet normal 0 0 1
    outer loop
      vertex -34.12 17.2841 1.995
      vertex -34.5562 17.3557 1.995
      vertex -34.1239 17.2697 1.995
    endloop
  endfacet
  facet normal 0 0 1
    outer loop
      vertex -34.5562 17.3709 1.995
      vertex -34.5582 17.3561 1.995
      vertex -34.5562 17.3557 1.995
    endloop
  endfacet
  facet normal 0 0 1
    outer loop
      vertex -34.5562 17.3709 1.995
      vertex -34.5601 17.3563 1.995
      vertex -34.5582 17.3561 1.995
    endloop
  endfacet
  facet normal 0 0 1
    outer loop
      vertex -35 17.4 1.995
      vertex -34.5601 17.3563 1.995
      vertex -34.5562 17.3709 1.995
    endloop
  endfacet
  facet normal 0 0 1
    outer loop
      vertex -35 17.4 1.995
      vertex -35 17.3851 1.995
      vertex -34.5601 17.3563 1.995
    endloop
  endfacet
  facet normal 0 0 1
    outer loop
      vertex -35 17.4 1.995
      vertex -35.4399 17.3563 1.995
      vertex -35 17.3851 1.995
    endloop
  endfacet
  facet normal -0 0 1
    outer loop
      vertex -35.4438 17.3709 1.995
      vertex -35.4399 17.3563 1.995
      vertex -35 17.4 1.995
    endloop
  endfacet
  facet normal 0 0 1
    outer loop
      vertex -35.4399 17.3563 1.995
      vertex -35.4438 17.3709 1.995
      vertex -35.4418 17.3561 1.995
    endloop
  endfacet
  facet normal 0 0 1
    outer loop
      vertex -35.4438 17.3709 1.995
      vertex -35.4438 17.3557 1.995
      vertex -35.4418 17.3561 1.995
    endloop
  endfacet
  facet normal 0 0 1
    outer loop
      vertex -35.88 17.2841 1.995
      vertex -35.4438 17.3557 1.995
      vertex -35.4438 17.3709 1.995
    endloop
  endfacet
  facet normal 0 0 1
    outer loop
      vertex -35.4438 17.3557 1.995
      vertex -35.88 17.2841 1.995
      vertex -35.8761 17.2697 1.995
    endloop
  endfacet
  facet normal 0 0 1
    outer loop
      vertex -35.88 17.2841 1.995
      vertex -36.2936 17.128 1.995
      vertex -35.8761 17.2697 1.995
    endloop
  endfacet
  facet normal -0 0 1
    outer loop
      vertex -36.3011 17.1412 1.995
      vertex -36.2936 17.128 1.995
      vertex -35.88 17.2841 1.995
    endloop
  endfacet
  facet normal 0 0 1
    outer loop
      vertex -36.2936 17.128 1.995
      vertex -36.3011 17.1412 1.995
      vertex -36.2954 17.1274 1.995
    endloop
  endfacet
  facet normal 0 0 1
    outer loop
      vertex -36.3011 17.1412 1.995
      vertex -36.6908 16.9324 1.995
      vertex -36.2954 17.1274 1.995
    endloop
  endfacet
  facet normal -0 0 1
    outer loop
      vertex -36.7 16.9445 1.995
      vertex -36.6908 16.9324 1.995
      vertex -36.3011 17.1412 1.995
    endloop
  endfacet
  facet normal 0 0 1
    outer loop
      vertex -36.6908 16.9324 1.995
      vertex -36.7 16.9445 1.995
      vertex -36.6925 16.9316 1.995
    endloop
  endfacet
  facet normal 0 0 1
    outer loop
      vertex -36.7 16.9445 1.995
      vertex -36.6942 16.9305 1.995
      vertex -36.6925 16.9316 1.995
    endloop
  endfacet
  facet normal 0 0 1
    outer loop
      vertex -37.0698 16.6974 1.995
      vertex -36.6942 16.9305 1.995
      vertex -36.7 16.9445 1.995
    endloop
  endfacet
  facet normal 0 0 1
    outer loop
      vertex -36.6942 16.9305 1.995
      vertex -37.0698 16.6974 1.995
      vertex -37.0607 16.6856 1.995
    endloop
  endfacet
  facet normal 0 0 1
    outer loop
      vertex -37.0698 16.6974 1.995
      vertex -37.3922 16.3949 1.995
      vertex -37.0607 16.6856 1.995
    endloop
  endfacet
  facet normal -0 0 1
    outer loop
      vertex -37.4042 16.4042 1.995
      vertex -37.3922 16.3949 1.995
      vertex -37.0698 16.6974 1.995
    endloop
  endfacet
  facet normal 0 0 1
    outer loop
      vertex -37.3922 16.3949 1.995
      vertex -37.4042 16.4042 1.995
      vertex -37.3936 16.3936 1.995
    endloop
  endfacet
  facet normal 0 0 1
    outer loop
      vertex -37.4042 16.4042 1.995
      vertex -37.3949 16.3922 1.995
      vertex -37.3936 16.3936 1.995
    endloop
  endfacet
  facet normal 0 0 1
    outer loop
      vertex -37.6974 16.0698 1.995
      vertex -37.3949 16.3922 1.995
      vertex -37.4042 16.4042 1.995
    endloop
  endfacet
  facet normal 0 0 1
    outer loop
      vertex -37.3949 16.3922 1.995
      vertex -37.6974 16.0698 1.995
      vertex -37.6856 16.0607 1.995
    endloop
  endfacet
  facet normal 0 0 1
    outer loop
      vertex -37.6974 16.0698 1.995
      vertex -37.9305 15.6942 1.995
      vertex -37.6856 16.0607 1.995
    endloop
  endfacet
  facet normal -0 0 1
    outer loop
      vertex -37.9445 15.7 1.995
      vertex -37.9305 15.6942 1.995
      vertex -37.6974 16.0698 1.995
    endloop
  endfacet
  facet normal 0 0 1
    outer loop
      vertex -37.9305 15.6942 1.995
      vertex -37.9445 15.7 1.995
      vertex -37.9316 15.6925 1.995
    endloop
  endfacet
  facet normal 0 0 1
    outer loop
      vertex -37.9445 15.7 1.995
      vertex -37.9324 15.6908 1.995
      vertex -37.9316 15.6925 1.995
    endloop
  endfacet
  facet normal 0 0 1
    outer loop
      vertex -38.1412 15.3011 1.995
      vertex -37.9324 15.6908 1.995
      vertex -37.9445 15.7 1.995
    endloop
  endfacet
  facet normal 0 0 1
    outer loop
      vertex -37.9324 15.6908 1.995
      vertex -38.1412 15.3011 1.995
      vertex -38.1274 15.2954 1.995
    endloop
  endfacet
  facet normal 0 0 1
    outer loop
      vertex -38.1412 15.3011 1.995
      vertex -38.128 15.2936 1.995
      vertex -38.1274 15.2954 1.995
    endloop
  endfacet
  facet normal 0 0 1
    outer loop
      vertex -38.2841 14.88 1.995
      vertex -38.128 15.2936 1.995
      vertex -38.1412 15.3011 1.995
    endloop
  endfacet
  facet normal 0 0 1
    outer loop
      vertex -38.128 15.2936 1.995
      vertex -38.2841 14.88 1.995
      vertex -38.2697 14.8761 1.995
    endloop
  endfacet
  facet normal 0 0 1
    outer loop
      vertex -38.2841 14.88 1.995
      vertex -38.3557 14.4438 1.995
      vertex -38.2697 14.8761 1.995
    endloop
  endfacet
  facet normal 0 0 1
    outer loop
      vertex -38.3709 14.4438 1.995
      vertex -38.3557 14.4438 1.995
      vertex -38.2841 14.88 1.995
    endloop
  endfacet
  facet normal 0 0 1
    outer loop
      vertex -38.3557 14.4438 1.995
      vertex -38.3709 14.4438 1.995
      vertex -38.3561 14.4418 1.995
    endloop
  endfacet
  facet normal 0 0 1
    outer loop
      vertex -38.3709 14.4438 1.995
      vertex -38.3563 14.4399 1.995
      vertex -38.3561 14.4418 1.995
    endloop
  endfacet
  facet normal 0 0 1
    outer loop
      vertex -38.4 14 1.995
      vertex -38.3563 14.4399 1.995
      vertex -38.3709 14.4438 1.995
    endloop
  endfacet
  facet normal 0 0 1
    outer loop
      vertex -38.3563 14.4399 1.995
      vertex -38.4 14 1.995
      vertex -38.3851 14 1.995
    endloop
  endfacet
  facet normal 0 0 1
    outer loop
      vertex -31.6437 13.5601 1.995
      vertex -31.6 14 1.995
      vertex -31.6149 14 1.995
    endloop
  endfacet
  facet normal 0 0 1
    outer loop
      vertex -31.6 14 1.995
      vertex -31.6437 13.5601 1.995
      vertex -31.6291 13.5562 1.995
    endloop
  endfacet
  facet normal -0 0 1
    outer loop
      vertex -31.6439 13.5582 1.995
      vertex -31.6291 13.5562 1.995
      vertex -31.6437 13.5601 1.995
    endloop
  endfacet
  facet normal 0 0 1
    outer loop
      vertex -31.6443 13.5562 1.995
      vertex -31.6291 13.5562 1.995
      vertex -31.6439 13.5582 1.995
    endloop
  endfacet
  facet normal -0 0 1
    outer loop
      vertex -31.6443 13.5562 1.995
      vertex -31.7159 13.12 1.995
      vertex -31.6291 13.5562 1.995
    endloop
  endfacet
  facet normal -0 0 1
    outer loop
      vertex -31.7303 13.1239 1.995
      vertex -31.7159 13.12 1.995
      vertex -31.6443 13.5562 1.995
    endloop
  endfacet
  facet normal 0 0 1
    outer loop
      vertex -31.872 12.7064 1.995
      vertex -31.7159 13.12 1.995
      vertex -31.7303 13.1239 1.995
    endloop
  endfacet
  facet normal 0 0 1
    outer loop
      vertex -31.7159 13.12 1.995
      vertex -31.872 12.7064 1.995
      vertex -31.8588 12.6989 1.995
    endloop
  endfacet
  facet normal -0 0 1
    outer loop
      vertex -31.8726 12.7046 1.995
      vertex -31.8588 12.6989 1.995
      vertex -31.872 12.7064 1.995
    endloop
  endfacet
  facet normal 0 0 1
    outer loop
      vertex -32.0676 12.3092 1.995
      vertex -31.8588 12.6989 1.995
      vertex -31.8726 12.7046 1.995
    endloop
  endfacet
  facet normal 0 0 1
    outer loop
      vertex -31.8588 12.6989 1.995
      vertex -32.0676 12.3092 1.995
      vertex -32.0555 12.3 1.995
    endloop
  endfacet
  facet normal -0 0 1
    outer loop
      vertex -32.0684 12.3075 1.995
      vertex -32.0555 12.3 1.995
      vertex -32.0676 12.3092 1.995
    endloop
  endfacet
  facet normal -0 0 1
    outer loop
      vertex -32.0695 12.3058 1.995
      vertex -32.0555 12.3 1.995
      vertex -32.0684 12.3075 1.995
    endloop
  endfacet
  facet normal 0 0 1
    outer loop
      vertex -32.0695 12.3058 1.995
      vertex -32.3026 11.9302 1.995
      vertex -32.0555 12.3 1.995
    endloop
  endfacet
  facet normal -0 0 1
    outer loop
      vertex -32.3144 11.9393 1.995
      vertex -32.3026 11.9302 1.995
      vertex -32.0695 12.3058 1.995
    endloop
  endfacet
  facet normal 0 0 1
    outer loop
      vertex -32.6051 11.6078 1.995
      vertex -32.3026 11.9302 1.995
      vertex -32.3144 11.9393 1.995
    endloop
  endfacet
  facet normal 0 0 1
    outer loop
      vertex -32.3026 11.9302 1.995
      vertex -32.6051 11.6078 1.995
      vertex -32.5958 11.5958 1.995
    endloop
  endfacet
  facet normal -0 0 1
    outer loop
      vertex -32.6064 11.6064 1.995
      vertex -32.5958 11.5958 1.995
      vertex -32.6051 11.6078 1.995
    endloop
  endfacet
  facet normal -0 0 1
    outer loop
      vertex -32.6078 11.6051 1.995
      vertex -32.5958 11.5958 1.995
      vertex -32.6064 11.6064 1.995
    endloop
  endfacet
  facet normal 0 0 1
    outer loop
      vertex -32.6078 11.6051 1.995
      vertex -32.9302 11.3026 1.995
      vertex -32.5958 11.5958 1.995
    endloop
  endfacet
  facet normal -0 0 1
    outer loop
      vertex -32.9393 11.3144 1.995
      vertex -32.9302 11.3026 1.995
      vertex -32.6078 11.6051 1.995
    endloop
  endfacet
  facet normal 0 0 1
    outer loop
      vertex -33.3058 11.0695 1.995
      vertex -32.9302 11.3026 1.995
      vertex -32.9393 11.3144 1.995
    endloop
  endfacet
  facet normal 0 0 1
    outer loop
      vertex -32.9302 11.3026 1.995
      vertex -33.3058 11.0695 1.995
      vertex -33.3 11.0555 1.995
    endloop
  endfacet
  facet normal -0 0 1
    outer loop
      vertex -33.3075 11.0684 1.995
      vertex -33.3 11.0555 1.995
      vertex -33.3058 11.0695 1.995
    endloop
  endfacet
  facet normal -0 0 1
    outer loop
      vertex -33.3092 11.0676 1.995
      vertex -33.3 11.0555 1.995
      vertex -33.3075 11.0684 1.995
    endloop
  endfacet
  facet normal 0 0 1
    outer loop
      vertex -33.3092 11.0676 1.995
      vertex -33.6989 10.8588 1.995
      vertex -33.3 11.0555 1.995
    endloop
  endfacet
  facet normal -0 0 1
    outer loop
      vertex -33.7046 10.8726 1.995
      vertex -33.6989 10.8588 1.995
      vertex -33.3092 11.0676 1.995
    endloop
  endfacet
  facet normal -0 0 1
    outer loop
      vertex -33.7064 10.872 1.995
      vertex -33.6989 10.8588 1.995
      vertex -33.7046 10.8726 1.995
    endloop
  endfacet
  facet normal 0 0 1
    outer loop
      vertex -33.7064 10.872 1.995
      vertex -34.12 10.7159 1.995
      vertex -33.6989 10.8588 1.995
    endloop
  endfacet
  facet normal -0 0 1
    outer loop
      vertex -34.1239 10.7303 1.995
      vertex -34.12 10.7159 1.995
      vertex -33.7064 10.872 1.995
    endloop
  endfacet
  facet normal 0 0 1
    outer loop
      vertex -34.5562 10.6443 1.995
      vertex -34.12 10.7159 1.995
      vertex -34.1239 10.7303 1.995
    endloop
  endfacet
  facet normal 0 0 1
    outer loop
      vertex -34.12 10.7159 1.995
      vertex -34.5562 10.6443 1.995
      vertex -34.5562 10.6291 1.995
    endloop
  endfacet
  facet normal -0 0 1
    outer loop
      vertex -34.5582 10.6439 1.995
      vertex -34.5562 10.6291 1.995
      vertex -34.5562 10.6443 1.995
    endloop
  endfacet
  facet normal -0 0 1
    outer loop
      vertex -34.5601 10.6437 1.995
      vertex -34.5562 10.6291 1.995
      vertex -34.5582 10.6439 1.995
    endloop
  endfacet
  facet normal 0 0 1
    outer loop
      vertex -35 10.6 1.995
      vertex -34.5601 10.6437 1.995
      vertex -35 10.6149 1.995
    endloop
  endfacet
  facet normal 0 0 1
    outer loop
      vertex -34.5601 10.6437 1.995
      vertex -35 10.6 1.995
      vertex -34.5562 10.6291 1.995
    endloop
  endfacet
  facet normal 0 0 1
    outer loop
      vertex -35.4399 10.6437 1.995
      vertex -35 10.6 1.995
      vertex -35 10.6149 1.995
    endloop
  endfacet
  facet normal 0 0 1
    outer loop
      vertex -35.4438 10.6291 1.995
      vertex -35.4399 10.6437 1.995
      vertex -35.4418 10.6439 1.995
    endloop
  endfacet
  facet normal 0 0 1
    outer loop
      vertex -35.4399 10.6437 1.995
      vertex -35.4438 10.6291 1.995
      vertex -35 10.6 1.995
    endloop
  endfacet
  facet normal 0 0 1
    outer loop
      vertex -35.4438 10.6443 1.995
      vertex -35.4438 10.6291 1.995
      vertex -35.4418 10.6439 1.995
    endloop
  endfacet
  facet normal -0 0 1
    outer loop
      vertex -35.88 10.7159 1.995
      vertex -35.4438 10.6443 1.995
      vertex -35.8761 10.7303 1.995
    endloop
  endfacet
  facet normal 0 0 1
    outer loop
      vertex -35.4438 10.6443 1.995
      vertex -35.88 10.7159 1.995
      vertex -35.4438 10.6291 1.995
    endloop
  endfacet
  facet normal 0 0 1
    outer loop
      vertex -36.2936 10.872 1.995
      vertex -35.88 10.7159 1.995
      vertex -35.8761 10.7303 1.995
    endloop
  endfacet
  facet normal 0 0 1
    outer loop
      vertex -36.3011 10.8588 1.995
      vertex -36.2936 10.872 1.995
      vertex -36.2954 10.8726 1.995
    endloop
  endfacet
  facet normal 0 0 1
    outer loop
      vertex -36.2936 10.872 1.995
      vertex -36.3011 10.8588 1.995
      vertex -35.88 10.7159 1.995
    endloop
  endfacet
  facet normal 0 0 1
    outer loop
      vertex -36.6908 11.0676 1.995
      vertex -36.3011 10.8588 1.995
      vertex -36.2954 10.8726 1.995
    endloop
  endfacet
  facet normal 0 0 1
    outer loop
      vertex -36.7 11.0555 1.995
      vertex -36.6908 11.0676 1.995
      vertex -36.6925 11.0684 1.995
    endloop
  endfacet
  facet normal 0 0 1
    outer loop
      vertex -36.6908 11.0676 1.995
      vertex -36.7 11.0555 1.995
      vertex -36.3011 10.8588 1.995
    endloop
  endfacet
  facet normal 0 0 1
    outer loop
      vertex -36.6942 11.0695 1.995
      vertex -36.7 11.0555 1.995
      vertex -36.6925 11.0684 1.995
    endloop
  endfacet
  facet normal -0 0 1
    outer loop
      vertex -37.0698 11.3026 1.995
      vertex -36.6942 11.0695 1.995
      vertex -37.0607 11.3144 1.995
    endloop
  endfacet
  facet normal 0 0 1
    outer loop
      vertex -36.6942 11.0695 1.995
      vertex -37.0698 11.3026 1.995
      vertex -36.7 11.0555 1.995
    endloop
  endfacet
  facet normal 0 0 1
    outer loop
      vertex -37.3922 11.6051 1.995
      vertex -37.0698 11.3026 1.995
      vertex -37.0607 11.3144 1.995
    endloop
  endfacet
  facet normal 0 0 1
    outer loop
      vertex -37.4042 11.5958 1.995
      vertex -37.3922 11.6051 1.995
      vertex -37.3936 11.6064 1.995
    endloop
  endfacet
  facet normal 0 0 1
    outer loop
      vertex -37.3922 11.6051 1.995
      vertex -37.4042 11.5958 1.995
      vertex -37.0698 11.3026 1.995
    endloop
  endfacet
  facet normal 0 0 1
    outer loop
      vertex -37.3949 11.6078 1.995
      vertex -37.4042 11.5958 1.995
      vertex -37.3936 11.6064 1.995
    endloop
  endfacet
  facet normal -0 0 1
    outer loop
      vertex -37.6974 11.9302 1.995
      vertex -37.3949 11.6078 1.995
      vertex -37.6856 11.9393 1.995
    endloop
  endfacet
  facet normal 0 0 1
    outer loop
      vertex -37.3949 11.6078 1.995
      vertex -37.6974 11.9302 1.995
      vertex -37.4042 11.5958 1.995
    endloop
  endfacet
  facet normal 0 0 1
    outer loop
      vertex -37.9305 12.3058 1.995
      vertex -37.6974 11.9302 1.995
      vertex -37.6856 11.9393 1.995
    endloop
  endfacet
  facet normal 0 0 1
    outer loop
      vertex -37.9445 12.3 1.995
      vertex -37.9305 12.3058 1.995
      vertex -37.9316 12.3075 1.995
    endloop
  endfacet
  facet normal 0 0 1
    outer loop
      vertex -37.9305 12.3058 1.995
      vertex -37.9445 12.3 1.995
      vertex -37.6974 11.9302 1.995
    endloop
  endfacet
  facet normal 0 0 1
    outer loop
      vertex -37.9324 12.3092 1.995
      vertex -37.9445 12.3 1.995
      vertex -37.9316 12.3075 1.995
    endloop
  endfacet
  facet normal -0 0 1
    outer loop
      vertex -38.1412 12.6989 1.995
      vertex -37.9324 12.3092 1.995
      vertex -38.1274 12.7046 1.995
    endloop
  endfacet
  facet normal 0 0 1
    outer loop
      vertex -37.9324 12.3092 1.995
      vertex -38.1412 12.6989 1.995
      vertex -37.9445 12.3 1.995
    endloop
  endfacet
  facet normal 0 0 1
    outer loop
      vertex -38.128 12.7064 1.995
      vertex -38.1412 12.6989 1.995
      vertex -38.1274 12.7046 1.995
    endloop
  endfacet
  facet normal -0 0 1
    outer loop
      vertex -38.2841 13.12 1.995
      vertex -38.128 12.7064 1.995
      vertex -38.2697 13.1239 1.995
    endloop
  endfacet
  facet normal 0 0 1
    outer loop
      vertex -38.128 12.7064 1.995
      vertex -38.2841 13.12 1.995
      vertex -38.1412 12.6989 1.995
    endloop
  endfacet
  facet normal 0 0 1
    outer loop
      vertex -38.3557 13.5562 1.995
      vertex -38.2841 13.12 1.995
      vertex -38.2697 13.1239 1.995
    endloop
  endfacet
  facet normal 0 0 1
    outer loop
      vertex -38.3709 13.5562 1.995
      vertex -38.3557 13.5562 1.995
      vertex -38.3561 13.5582 1.995
    endloop
  endfacet
  facet normal 0 0 1
    outer loop
      vertex -38.3557 13.5562 1.995
      vertex -38.3709 13.5562 1.995
      vertex -38.2841 13.12 1.995
    endloop
  endfacet
  facet normal 0 0 1
    outer loop
      vertex -38.3563 13.5601 1.995
      vertex -38.3709 13.5562 1.995
      vertex -38.3561 13.5582 1.995
    endloop
  endfacet
  facet normal -0 0 1
    outer loop
      vertex -38.4 14 1.995
      vertex -38.3563 13.5601 1.995
      vertex -38.3851 14 1.995
    endloop
  endfacet
  facet normal 0 0 1
    outer loop
      vertex -38.3563 13.5601 1.995
      vertex -38.4 14 1.995
      vertex -38.3709 13.5562 1.995
    endloop
  endfacet
  facet normal -0.997857 -0.0654296 0
    outer loop
      vertex -31.6 14 1.995
      vertex -31.6291 14.4438 2
      vertex -31.6291 14.4438 1.995
    endloop
  endfacet
  facet normal -0.997857 -0.0654296 0
    outer loop
      vertex -31.6291 14.4438 2
      vertex -31.6 14 1.995
      vertex -31.6 14 2
    endloop
  endfacet
  facet normal 0.98077 -0.195165 0
    outer loop
      vertex -96.6855 14.2219 0.3
      vertex -96.6421 14.44 0
      vertex -96.6421 14.44 0.3
    endloop
  endfacet
  facet normal 0.98077 -0.195165 0
    outer loop
      vertex -96.6421 14.44 0
      vertex -96.6855 14.2219 0.3
      vertex -96.6855 14.2219 0
    endloop
  endfacet
  facet normal 0.997872 -0.0652057 0
    outer loop
      vertex -96.7 14 0.3
      vertex -96.6855 14.2219 0
      vertex -96.6855 14.2219 0.3
    endloop
  endfacet
  facet normal 0.997872 -0.0652057 0
    outer loop
      vertex -96.6855 14.2219 0
      vertex -96.7 14 0.3
      vertex -96.7 14 0
    endloop
  endfacet
  facet normal 0.0652057 0.997872 -0
    outer loop
      vertex -95 12.3 0
      vertex -95.2219 12.3145 0.3
      vertex -95 12.3 0.3
    endloop
  endfacet
  facet normal 0.0652057 0.997872 0
    outer loop
      vertex -95.2219 12.3145 0.3
      vertex -95 12.3 0
      vertex -95.2219 12.3145 0
    endloop
  endfacet
  facet normal -0.659268 -0.751908 0
    outer loop
      vertex -93.9651 15.3487 0
      vertex -93.7979 15.2021 0.3
      vertex -93.9651 15.3487 0.3
    endloop
  endfacet
  facet normal -0.659268 -0.751908 -0
    outer loop
      vertex -93.7979 15.2021 0.3
      vertex -93.9651 15.3487 0
      vertex -93.7979 15.2021 0
    endloop
  endfacet
  facet normal -0.831566 0.555426 0
    outer loop
      vertex -93.6513 12.9651 0
      vertex -93.5278 13.15 0.3
      vertex -93.5278 13.15 0
    endloop
  endfacet
  facet normal -0.831566 0.555426 0
    outer loop
      vertex -93.5278 13.15 0.3
      vertex -93.6513 12.9651 0
      vertex -93.6513 12.9651 0.3
    endloop
  endfacet
  facet normal -0.195165 0.98077 0
    outer loop
      vertex -94.56 12.3579 0
      vertex -94.7781 12.3145 0.3
      vertex -94.56 12.3579 0.3
    endloop
  endfacet
  facet normal -0.195165 0.98077 0
    outer loop
      vertex -94.7781 12.3145 0.3
      vertex -94.56 12.3579 0
      vertex -94.7781 12.3145 0
    endloop
  endfacet
  facet normal 0.659268 -0.751908 0
    outer loop
      vertex -96.2021 15.2021 0
      vertex -96.0349 15.3487 0.3
      vertex -96.2021 15.2021 0.3
    endloop
  endfacet
  facet normal 0.659268 -0.751908 0
    outer loop
      vertex -96.0349 15.3487 0.3
      vertex -96.2021 15.2021 0
      vertex -96.0349 15.3487 0
    endloop
  endfacet
  facet normal 0.946915 0.321484 0
    outer loop
      vertex -96.5706 13.3494 0.3
      vertex -96.6421 13.56 0
      vertex -96.6421 13.56 0.3
    endloop
  endfacet
  facet normal 0.946915 0.321484 0
    outer loop
      vertex -96.6421 13.56 0
      vertex -96.5706 13.3494 0.3
      vertex -96.5706 13.3494 0
    endloop
  endfacet
  facet normal 0.751908 0.659268 0
    outer loop
      vertex -96.2021 12.7979 0.3
      vertex -96.3487 12.9651 0
      vertex -96.3487 12.9651 0.3
    endloop
  endfacet
  facet normal 0.751908 0.659268 0
    outer loop
      vertex -96.3487 12.9651 0
      vertex -96.2021 12.7979 0.3
      vertex -96.2021 12.7979 0
    endloop
  endfacet
  facet normal 0.751908 -0.659268 0
    outer loop
      vertex -96.3487 15.0349 0.3
      vertex -96.2021 15.2021 0
      vertex -96.2021 15.2021 0.3
    endloop
  endfacet
  facet normal 0.751908 -0.659268 0
    outer loop
      vertex -96.2021 15.2021 0
      vertex -96.3487 15.0349 0.3
      vertex -96.3487 15.0349 0
    endloop
  endfacet
  facet normal -0.946915 0.321484 0
    outer loop
      vertex -93.4294 13.3494 0
      vertex -93.3579 13.56 0.3
      vertex -93.3579 13.56 0
    endloop
  endfacet
  facet normal -0.946915 0.321484 0
    outer loop
      vertex -93.3579 13.56 0.3
      vertex -93.4294 13.3494 0
      vertex -93.4294 13.3494 0.3
    endloop
  endfacet
  facet normal 0.321484 0.946915 -0
    outer loop
      vertex -95.44 12.3579 0
      vertex -95.6506 12.4294 0.3
      vertex -95.44 12.3579 0.3
    endloop
  endfacet
  facet normal 0.321484 0.946915 0
    outer loop
      vertex -95.6506 12.4294 0.3
      vertex -95.44 12.3579 0
      vertex -95.6506 12.4294 0
    endloop
  endfacet
  facet normal -0.0652057 0.997872 0
    outer loop
      vertex -94.7781 12.3145 0
      vertex -95 12.3 0.3
      vertex -94.7781 12.3145 0.3
    endloop
  endfacet
  facet normal -0.0652057 0.997872 0
    outer loop
      vertex -95 12.3 0.3
      vertex -94.7781 12.3145 0
      vertex -95 12.3 0
    endloop
  endfacet
  facet normal -0.321484 -0.946915 0
    outer loop
      vertex -94.56 15.6421 0
      vertex -94.3494 15.5706 0.3
      vertex -94.56 15.6421 0.3
    endloop
  endfacet
  facet normal -0.321484 -0.946915 -0
    outer loop
      vertex -94.3494 15.5706 0.3
      vertex -94.56 15.6421 0
      vertex -94.3494 15.5706 0
    endloop
  endfacet
  facet normal 0.946915 -0.321484 0
    outer loop
      vertex -96.6421 14.44 0.3
      vertex -96.5706 14.6506 0
      vertex -96.5706 14.6506 0.3
    endloop
  endfacet
  facet normal 0.946915 -0.321484 0
    outer loop
      vertex -96.5706 14.6506 0
      vertex -96.6421 14.44 0.3
      vertex -96.6421 14.44 0
    endloop
  endfacet
  facet normal -0.751908 -0.659268 0
    outer loop
      vertex -93.6513 15.0349 0
      vertex -93.7979 15.2021 0.3
      vertex -93.7979 15.2021 0
    endloop
  endfacet
  facet normal -0.751908 -0.659268 0
    outer loop
      vertex -93.7979 15.2021 0.3
      vertex -93.6513 15.0349 0
      vertex -93.6513 15.0349 0.3
    endloop
  endfacet
  facet normal -0.44253 0.896754 0
    outer loop
      vertex -94.15 12.5278 0
      vertex -94.3494 12.4294 0.3
      vertex -94.15 12.5278 0.3
    endloop
  endfacet
  facet normal -0.44253 0.896754 0
    outer loop
      vertex -94.3494 12.4294 0.3
      vertex -94.15 12.5278 0
      vertex -94.3494 12.4294 0
    endloop
  endfacet
  facet normal -0.0652057 -0.997872 0
    outer loop
      vertex -95 15.7 0
      vertex -94.7781 15.6855 0.3
      vertex -95 15.7 0.3
    endloop
  endfacet
  facet normal -0.0652057 -0.997872 -0
    outer loop
      vertex -94.7781 15.6855 0.3
      vertex -95 15.7 0
      vertex -94.7781 15.6855 0
    endloop
  endfacet
  facet normal 0.896754 0.44253 0
    outer loop
      vertex -96.4722 13.15 0.3
      vertex -96.5706 13.3494 0
      vertex -96.5706 13.3494 0.3
    endloop
  endfacet
  facet normal 0.896754 0.44253 0
    outer loop
      vertex -96.5706 13.3494 0
      vertex -96.4722 13.15 0.3
      vertex -96.4722 13.15 0
    endloop
  endfacet
  facet normal 0.555426 0.831566 -0
    outer loop
      vertex -95.85 12.5278 0
      vertex -96.0349 12.6513 0.3
      vertex -95.85 12.5278 0.3
    endloop
  endfacet
  facet normal 0.555426 0.831566 0
    outer loop
      vertex -96.0349 12.6513 0.3
      vertex -95.85 12.5278 0
      vertex -96.0349 12.6513 0
    endloop
  endfacet
  facet normal -0.98077 0.195165 0
    outer loop
      vertex -93.3579 13.56 0
      vertex -93.3145 13.7781 0.3
      vertex -93.3145 13.7781 0
    endloop
  endfacet
  facet normal -0.98077 0.195165 0
    outer loop
      vertex -93.3145 13.7781 0.3
      vertex -93.3579 13.56 0
      vertex -93.3579 13.56 0.3
    endloop
  endfacet
  facet normal 0.195165 -0.98077 0
    outer loop
      vertex -95.44 15.6421 0
      vertex -95.2219 15.6855 0.3
      vertex -95.44 15.6421 0.3
    endloop
  endfacet
  facet normal 0.195165 -0.98077 0
    outer loop
      vertex -95.2219 15.6855 0.3
      vertex -95.44 15.6421 0
      vertex -95.2219 15.6855 0
    endloop
  endfacet
  facet normal 0.831566 -0.555426 0
    outer loop
      vertex -96.4722 14.85 0.3
      vertex -96.3487 15.0349 0
      vertex -96.3487 15.0349 0.3
    endloop
  endfacet
  facet normal 0.831566 -0.555426 0
    outer loop
      vertex -96.3487 15.0349 0
      vertex -96.4722 14.85 0.3
      vertex -96.4722 14.85 0
    endloop
  endfacet
  facet normal 0.997872 0.0652057 0
    outer loop
      vertex -96.6855 13.7781 0.3
      vertex -96.7 14 0
      vertex -96.7 14 0.3
    endloop
  endfacet
  facet normal 0.997872 0.0652057 0
    outer loop
      vertex -96.7 14 0
      vertex -96.6855 13.7781 0.3
      vertex -96.6855 13.7781 0
    endloop
  endfacet
  facet normal 0.321484 -0.946915 0
    outer loop
      vertex -95.6506 15.5706 0
      vertex -95.44 15.6421 0.3
      vertex -95.6506 15.5706 0.3
    endloop
  endfacet
  facet normal 0.321484 -0.946915 0
    outer loop
      vertex -95.44 15.6421 0.3
      vertex -95.6506 15.5706 0
      vertex -95.44 15.6421 0
    endloop
  endfacet
  facet normal 0.555426 -0.831566 0
    outer loop
      vertex -96.0349 15.3487 0
      vertex -95.85 15.4722 0.3
      vertex -96.0349 15.3487 0.3
    endloop
  endfacet
  facet normal 0.555426 -0.831566 0
    outer loop
      vertex -95.85 15.4722 0.3
      vertex -96.0349 15.3487 0
      vertex -95.85 15.4722 0
    endloop
  endfacet
  facet normal -0.195165 -0.98077 0
    outer loop
      vertex -94.7781 15.6855 0
      vertex -94.56 15.6421 0.3
      vertex -94.7781 15.6855 0.3
    endloop
  endfacet
  facet normal -0.195165 -0.98077 -0
    outer loop
      vertex -94.56 15.6421 0.3
      vertex -94.7781 15.6855 0
      vertex -94.56 15.6421 0
    endloop
  endfacet
  facet normal 0.659268 0.751908 -0
    outer loop
      vertex -96.0349 12.6513 0
      vertex -96.2021 12.7979 0.3
      vertex -96.0349 12.6513 0.3
    endloop
  endfacet
  facet normal 0.659268 0.751908 0
    outer loop
      vertex -96.2021 12.7979 0.3
      vertex -96.0349 12.6513 0
      vertex -96.2021 12.7979 0
    endloop
  endfacet
  facet normal -0.896754 -0.44253 0
    outer loop
      vertex -93.4294 14.6506 0
      vertex -93.5278 14.85 0.3
      vertex -93.5278 14.85 0
    endloop
  endfacet
  facet normal -0.896754 -0.44253 0
    outer loop
      vertex -93.5278 14.85 0.3
      vertex -93.4294 14.6506 0
      vertex -93.4294 14.6506 0.3
    endloop
  endfacet
  facet normal 0.98077 0.195165 0
    outer loop
      vertex -96.6421 13.56 0.3
      vertex -96.6855 13.7781 0
      vertex -96.6855 13.7781 0.3
    endloop
  endfacet
  facet normal 0.98077 0.195165 0
    outer loop
      vertex -96.6855 13.7781 0
      vertex -96.6421 13.56 0.3
      vertex -96.6421 13.56 0
    endloop
  endfacet
  facet normal 0.195165 0.98077 -0
    outer loop
      vertex -95.2219 12.3145 0
      vertex -95.44 12.3579 0.3
      vertex -95.2219 12.3145 0.3
    endloop
  endfacet
  facet normal 0.195165 0.98077 0
    outer loop
      vertex -95.44 12.3579 0.3
      vertex -95.2219 12.3145 0
      vertex -95.44 12.3579 0
    endloop
  endfacet
  facet normal -0.659268 0.751908 0
    outer loop
      vertex -93.7979 12.7979 0
      vertex -93.9651 12.6513 0.3
      vertex -93.7979 12.7979 0.3
    endloop
  endfacet
  facet normal -0.659268 0.751908 0
    outer loop
      vertex -93.9651 12.6513 0.3
      vertex -93.7979 12.7979 0
      vertex -93.9651 12.6513 0
    endloop
  endfacet
  facet normal -0.751908 0.659268 0
    outer loop
      vertex -93.7979 12.7979 0
      vertex -93.6513 12.9651 0.3
      vertex -93.6513 12.9651 0
    endloop
  endfacet
  facet normal -0.751908 0.659268 0
    outer loop
      vertex -93.6513 12.9651 0.3
      vertex -93.7979 12.7979 0
      vertex -93.7979 12.7979 0.3
    endloop
  endfacet
  facet normal 0.0652057 -0.997872 0
    outer loop
      vertex -95.2219 15.6855 0
      vertex -95 15.7 0.3
      vertex -95.2219 15.6855 0.3
    endloop
  endfacet
  facet normal 0.0652057 -0.997872 0
    outer loop
      vertex -95 15.7 0.3
      vertex -95.2219 15.6855 0
      vertex -95 15.7 0
    endloop
  endfacet
  facet normal 0.44253 -0.896754 0
    outer loop
      vertex -95.85 15.4722 0
      vertex -95.6506 15.5706 0.3
      vertex -95.85 15.4722 0.3
    endloop
  endfacet
  facet normal 0.44253 -0.896754 0
    outer loop
      vertex -95.6506 15.5706 0.3
      vertex -95.85 15.4722 0
      vertex -95.6506 15.5706 0
    endloop
  endfacet
  facet normal 0.831566 0.555426 0
    outer loop
      vertex -96.3487 12.9651 0.3
      vertex -96.4722 13.15 0
      vertex -96.4722 13.15 0.3
    endloop
  endfacet
  facet normal 0.831566 0.555426 0
    outer loop
      vertex -96.4722 13.15 0
      vertex -96.3487 12.9651 0.3
      vertex -96.3487 12.9651 0
    endloop
  endfacet
  facet normal -0.997872 0.0652057 0
    outer loop
      vertex -93.3145 13.7781 0
      vertex -93.3 14 0.3
      vertex -93.3 14 0
    endloop
  endfacet
  facet normal -0.997872 0.0652057 0
    outer loop
      vertex -93.3 14 0.3
      vertex -93.3145 13.7781 0
      vertex -93.3145 13.7781 0.3
    endloop
  endfacet
  facet normal 0.44253 0.896754 -0
    outer loop
      vertex -95.6506 12.4294 0
      vertex -95.85 12.5278 0.3
      vertex -95.6506 12.4294 0.3
    endloop
  endfacet
  facet normal 0.44253 0.896754 0
    outer loop
      vertex -95.85 12.5278 0.3
      vertex -95.6506 12.4294 0
      vertex -95.85 12.5278 0
    endloop
  endfacet
  facet normal -0.98077 -0.195165 0
    outer loop
      vertex -93.3145 14.2219 0
      vertex -93.3579 14.44 0.3
      vertex -93.3579 14.44 0
    endloop
  endfacet
  facet normal -0.98077 -0.195165 0
    outer loop
      vertex -93.3579 14.44 0.3
      vertex -93.3145 14.2219 0
      vertex -93.3145 14.2219 0.3
    endloop
  endfacet
  facet normal -0.896754 0.44253 0
    outer loop
      vertex -93.5278 13.15 0
      vertex -93.4294 13.3494 0.3
      vertex -93.4294 13.3494 0
    endloop
  endfacet
  facet normal -0.896754 0.44253 0
    outer loop
      vertex -93.4294 13.3494 0.3
      vertex -93.5278 13.15 0
      vertex -93.5278 13.15 0.3
    endloop
  endfacet
  facet normal -0.946915 -0.321484 0
    outer loop
      vertex -93.3579 14.44 0
      vertex -93.4294 14.6506 0.3
      vertex -93.4294 14.6506 0
    endloop
  endfacet
  facet normal -0.946915 -0.321484 0
    outer loop
      vertex -93.4294 14.6506 0.3
      vertex -93.3579 14.44 0
      vertex -93.3579 14.44 0.3
    endloop
  endfacet
  facet normal -0.555426 -0.831566 0
    outer loop
      vertex -94.15 15.4722 0
      vertex -93.9651 15.3487 0.3
      vertex -94.15 15.4722 0.3
    endloop
  endfacet
  facet normal -0.555426 -0.831566 -0
    outer loop
      vertex -93.9651 15.3487 0.3
      vertex -94.15 15.4722 0
      vertex -93.9651 15.3487 0
    endloop
  endfacet
  facet normal 0.896754 -0.44253 0
    outer loop
      vertex -96.5706 14.6506 0.3
      vertex -96.4722 14.85 0
      vertex -96.4722 14.85 0.3
    endloop
  endfacet
  facet normal 0.896754 -0.44253 0
    outer loop
      vertex -96.4722 14.85 0
      vertex -96.5706 14.6506 0.3
      vertex -96.5706 14.6506 0
    endloop
  endfacet
  facet normal -0.997872 -0.0652057 0
    outer loop
      vertex -93.3 14 0
      vertex -93.3145 14.2219 0.3
      vertex -93.3145 14.2219 0
    endloop
  endfacet
  facet normal -0.997872 -0.0652057 0
    outer loop
      vertex -93.3145 14.2219 0.3
      vertex -93.3 14 0
      vertex -93.3 14 0.3
    endloop
  endfacet
  facet normal -0.321484 0.946915 0
    outer loop
      vertex -94.3494 12.4294 0
      vertex -94.56 12.3579 0.3
      vertex -94.3494 12.4294 0.3
    endloop
  endfacet
  facet normal -0.321484 0.946915 0
    outer loop
      vertex -94.56 12.3579 0.3
      vertex -94.3494 12.4294 0
      vertex -94.56 12.3579 0
    endloop
  endfacet
  facet normal -0.44253 -0.896754 0
    outer loop
      vertex -94.3494 15.5706 0
      vertex -94.15 15.4722 0.3
      vertex -94.3494 15.5706 0.3
    endloop
  endfacet
  facet normal -0.44253 -0.896754 -0
    outer loop
      vertex -94.15 15.4722 0.3
      vertex -94.3494 15.5706 0
      vertex -94.15 15.4722 0
    endloop
  endfacet
  facet normal -0.831566 -0.555426 0
    outer loop
      vertex -93.5278 14.85 0
      vertex -93.6513 15.0349 0.3
      vertex -93.6513 15.0349 0
    endloop
  endfacet
  facet normal -0.831566 -0.555426 0
    outer loop
      vertex -93.6513 15.0349 0.3
      vertex -93.5278 14.85 0
      vertex -93.5278 14.85 0.3
    endloop
  endfacet
  facet normal -0.555426 0.831566 0
    outer loop
      vertex -93.9651 12.6513 0
      vertex -94.15 12.5278 0.3
      vertex -93.9651 12.6513 0.3
    endloop
  endfacet
  facet normal -0.555426 0.831566 0
    outer loop
      vertex -94.15 12.5278 0.3
      vertex -93.9651 12.6513 0
      vertex -94.15 12.5278 0
    endloop
  endfacet
  facet normal 0.696267 0.138674 0.70426
    outer loop
      vertex -98.3558 13.5562 1.995
      vertex -98.2697 13.1239 1.995
      vertex -96.6421 13.56 0.3
    endloop
  endfacet
  facet normal 0.228173 0.672281 0.704255
    outer loop
      vertex -96.2936 10.872 1.995
      vertex -95.8761 10.7303 1.995
      vertex -95.44 12.3579 0.3
    endloop
  endfacet
  facet normal 0.708412 -0.0463793 0.704274
    outer loop
      vertex -98.3851 14 1.995
      vertex -96.7 14 0.3
      vertex -98.3563 14.4399 1.995
    endloop
  endfacet
  facet normal 0.705415 -0.0742542 0.704894
    outer loop
      vertex -98.3563 14.4399 1.995
      vertex -96.6855 14.2219 0.3
      vertex -98.3561 14.4418 1.995
    endloop
  endfacet
  facet normal 0.708426 -0.0462919 0.704265
    outer loop
      vertex -96.6855 14.2219 0.3
      vertex -98.3563 14.4399 1.995
      vertex -96.7 14 0.3
    endloop
  endfacet
  facet normal 0.533767 0.468073 0.704273
    outer loop
      vertex -97.6856 11.9393 1.995
      vertex -97.3949 11.6078 1.995
      vertex -96.3487 12.9651 0.3
    endloop
  endfacet
  facet normal -0.708426 0.0462919 0.704265
    outer loop
      vertex -93.3145 13.7781 0.3
      vertex -91.6437 13.5601 1.995
      vertex -93.3 14 0.3
    endloop
  endfacet
  facet normal -0.705415 0.0742542 0.704894
    outer loop
      vertex -91.6437 13.5601 1.995
      vertex -93.3145 13.7781 0.3
      vertex -91.6439 13.5582 1.995
    endloop
  endfacet
  facet normal 0.673633 -0.224544 0.704129
    outer loop
      vertex -98.128 15.2936 1.995
      vertex -96.5706 14.6506 0.3
      vertex -98.1274 15.2954 1.995
    endloop
  endfacet
  facet normal 0.672254 -0.228234 0.704261
    outer loop
      vertex -96.5706 14.6506 0.3
      vertex -98.128 15.2936 1.995
      vertex -96.6421 14.44 0.3
    endloop
  endfacet
  facet normal 0.672281 0.228173 0.704255
    outer loop
      vertex -98.2697 13.1239 1.995
      vertex -98.128 12.7064 1.995
      vertex -96.6421 13.56 0.3
    endloop
  endfacet
  facet normal -0.696267 0.138674 0.70426
    outer loop
      vertex -93.3579 13.56 0.3
      vertex -91.7303 13.1239 1.995
      vertex -91.6442 13.5562 1.995
    endloop
  endfacet
  facet normal -0.228173 0.672281 0.704255
    outer loop
      vertex -94.56 12.3579 0.3
      vertex -94.1239 10.7303 1.995
      vertex -93.7064 10.872 1.995
    endloop
  endfacet
  facet normal 0.696267 -0.138674 0.70426
    outer loop
      vertex -98.3558 14.4438 1.995
      vertex -96.6421 14.44 0.3
      vertex -98.2697 14.8761 1.995
    endloop
  endfacet
  facet normal 0.0463793 0.708412 0.704274
    outer loop
      vertex -95.4399 10.6437 1.995
      vertex -95 10.6149 1.995
      vertex -95 12.3 0.3
    endloop
  endfacet
  facet normal 0.0462919 0.708426 0.704265
    outer loop
      vertex -95.2219 12.3145 0.3
      vertex -95.4399 10.6437 1.995
      vertex -95 12.3 0.3
    endloop
  endfacet
  facet normal 0.0742542 0.705415 0.704894
    outer loop
      vertex -95.4399 10.6437 1.995
      vertex -95.2219 12.3145 0.3
      vertex -95.4418 10.6439 1.995
    endloop
  endfacet
  facet normal 0.708412 0.0463793 0.704274
    outer loop
      vertex -98.3851 14 1.995
      vertex -98.3563 13.5601 1.995
      vertex -96.7 14 0.3
    endloop
  endfacet
  facet normal -0.533767 0.468073 0.704273
    outer loop
      vertex -93.6513 12.9651 0.3
      vertex -92.6051 11.6078 1.995
      vertex -92.3144 11.9393 1.995
    endloop
  endfacet
  facet normal -0.314012 -0.636721 0.704261
    outer loop
      vertex -94.3494 15.5706 0.3
      vertex -93.3092 16.9324 1.995
      vertex -93.7046 17.1274 1.995
    endloop
  endfacet
  facet normal -0.0463793 -0.708412 0.704274
    outer loop
      vertex -95 15.7 0.3
      vertex -94.5601 17.3563 1.995
      vertex -95 17.3851 1.995
    endloop
  endfacet
  facet normal 0.672254 0.228234 0.704261
    outer loop
      vertex -98.128 12.7064 1.995
      vertex -96.5706 13.3494 0.3
      vertex -96.6421 13.56 0.3
    endloop
  endfacet
  facet normal 0.673633 0.224544 0.704129
    outer loop
      vertex -96.5706 13.3494 0.3
      vertex -98.128 12.7064 1.995
      vertex -98.1274 12.7046 1.995
    endloop
  endfacet
  facet normal 0.590275 -0.394429 0.704274
    outer loop
      vertex -97.9305 15.6942 1.995
      vertex -96.3487 15.0349 0.3
      vertex -97.6856 16.0607 1.995
    endloop
  endfacet
  facet normal 0.314012 -0.636721 0.704261
    outer loop
      vertex -96.6908 16.9324 1.995
      vertex -95.6506 15.5706 0.3
      vertex -96.2954 17.1274 1.995
    endloop
  endfacet
  facet normal 0.468037 -0.533805 0.704268
    outer loop
      vertex -97.3922 16.3949 1.995
      vertex -96.2021 15.2021 0.3
      vertex -96.0349 15.3487 0.3
    endloop
  endfacet
  facet normal 0.482732 -0.519866 0.704776
    outer loop
      vertex -96.2021 15.2021 0.3
      vertex -97.3922 16.3949 1.995
      vertex -97.3936 16.3936 1.995
    endloop
  endfacet
  facet normal -0.533805 0.468037 0.704268
    outer loop
      vertex -93.7979 12.7979 0.3
      vertex -92.6051 11.6078 1.995
      vertex -93.6513 12.9651 0.3
    endloop
  endfacet
  facet normal -0.519866 0.482732 0.704776
    outer loop
      vertex -92.6051 11.6078 1.995
      vertex -93.7979 12.7979 0.3
      vertex -92.6064 11.6064 1.995
    endloop
  endfacet
  facet normal 0.228234 0.672254 0.704261
    outer loop
      vertex -95.6506 12.4294 0.3
      vertex -96.2936 10.872 1.995
      vertex -95.44 12.3579 0.3
    endloop
  endfacet
  facet normal 0.224544 0.673633 0.704129
    outer loop
      vertex -96.2936 10.872 1.995
      vertex -95.6506 12.4294 0.3
      vertex -96.2954 10.8726 1.995
    endloop
  endfacet
  facet normal 0.394306 0.590341 0.704287
    outer loop
      vertex -96.6942 11.0695 1.995
      vertex -95.85 12.5278 0.3
      vertex -96.0349 12.6513 0.3
    endloop
  endfacet
  facet normal 0.385504 0.595778 0.704582
    outer loop
      vertex -95.85 12.5278 0.3
      vertex -96.6942 11.0695 1.995
      vertex -96.6925 11.0684 1.995
    endloop
  endfacet
  facet normal -0.468073 0.533767 0.704273
    outer loop
      vertex -93.9651 12.6513 0.3
      vertex -92.9393 11.3144 1.995
      vertex -92.6078 11.6051 1.995
    endloop
  endfacet
  facet normal 0.394429 0.590275 0.704274
    outer loop
      vertex -97.0607 11.3144 1.995
      vertex -96.6942 11.0695 1.995
      vertex -96.0349 12.6513 0.3
    endloop
  endfacet
  facet normal 0.0463793 -0.708412 0.704274
    outer loop
      vertex -95.4399 17.3563 1.995
      vertex -95 15.7 0.3
      vertex -95 17.3851 1.995
    endloop
  endfacet
  facet normal -0.595778 0.385504 0.704582
    outer loop
      vertex -93.5278 13.15 0.3
      vertex -92.0695 12.3058 1.995
      vertex -92.0684 12.3075 1.995
    endloop
  endfacet
  facet normal -0.590341 0.394306 0.704287
    outer loop
      vertex -92.0695 12.3058 1.995
      vertex -93.5278 13.15 0.3
      vertex -93.6513 12.9651 0.3
    endloop
  endfacet
  facet normal -0.672281 -0.228173 0.704255
    outer loop
      vertex -93.3579 14.44 0.3
      vertex -91.7303 14.8761 1.995
      vertex -91.872 15.2936 1.995
    endloop
  endfacet
  facet normal 0.314012 0.636721 0.704261
    outer loop
      vertex -96.6908 11.0676 1.995
      vertex -96.2954 10.8726 1.995
      vertex -95.6506 12.4294 0.3
    endloop
  endfacet
  facet normal -0.590275 0.394429 0.704274
    outer loop
      vertex -93.6513 12.9651 0.3
      vertex -92.3144 11.9393 1.995
      vertex -92.0695 12.3058 1.995
    endloop
  endfacet
  facet normal 0.314163 -0.636627 0.704278
    outer loop
      vertex -96.6908 16.9324 1.995
      vertex -95.85 15.4722 0.3
      vertex -95.6506 15.5706 0.3
    endloop
  endfacet
  facet normal 0.302488 -0.642787 0.703794
    outer loop
      vertex -95.85 15.4722 0.3
      vertex -96.6908 16.9324 1.995
      vertex -96.6925 16.9316 1.995
    endloop
  endfacet
  facet normal 0.13852 0.696303 0.704254
    outer loop
      vertex -95.8761 10.7303 1.995
      vertex -95.4438 10.6443 1.995
      vertex -95.44 12.3579 0.3
    endloop
  endfacet
  facet normal -0.636721 0.314012 0.704261
    outer loop
      vertex -93.4294 13.3494 0.3
      vertex -92.0676 12.3092 1.995
      vertex -91.8726 12.7046 1.995
    endloop
  endfacet
  facet normal 0.468073 -0.533767 0.704273
    outer loop
      vertex -97.3922 16.3949 1.995
      vertex -96.0349 15.3487 0.3
      vertex -97.0607 16.6856 1.995
    endloop
  endfacet
  facet normal 0.533767 -0.468073 0.704273
    outer loop
      vertex -97.6856 16.0607 1.995
      vertex -96.3487 15.0349 0.3
      vertex -97.3949 16.3922 1.995
    endloop
  endfacet
  facet normal -0.394429 0.590275 0.704274
    outer loop
      vertex -93.9651 12.6513 0.3
      vertex -93.3058 11.0695 1.995
      vertex -92.9393 11.3144 1.995
    endloop
  endfacet
  facet normal 0.696279 0.138553 0.704271
    outer loop
      vertex -96.6855 13.7781 0.3
      vertex -98.3558 13.5562 1.995
      vertex -96.6421 13.56 0.3
    endloop
  endfacet
  facet normal 0.701404 0.105211 0.704956
    outer loop
      vertex -98.3558 13.5562 1.995
      vertex -96.6855 13.7781 0.3
      vertex -98.3561 13.5582 1.995
    endloop
  endfacet
  facet normal 0.533805 0.468037 0.704268
    outer loop
      vertex -97.3949 11.6078 1.995
      vertex -96.2021 12.7979 0.3
      vertex -96.3487 12.9651 0.3
    endloop
  endfacet
  facet normal 0.519866 0.482732 0.704776
    outer loop
      vertex -96.2021 12.7979 0.3
      vertex -97.3949 11.6078 1.995
      vertex -97.3936 11.6064 1.995
    endloop
  endfacet
  facet normal 0.696279 -0.138553 0.704271
    outer loop
      vertex -98.3558 14.4438 1.995
      vertex -96.6855 14.2219 0.3
      vertex -96.6421 14.44 0.3
    endloop
  endfacet
  facet normal 0.701404 -0.105211 0.704956
    outer loop
      vertex -96.6855 14.2219 0.3
      vertex -98.3558 14.4438 1.995
      vertex -98.3561 14.4418 1.995
    endloop
  endfacet
  facet normal -0.636721 -0.314012 0.704261
    outer loop
      vertex -93.4294 14.6506 0.3
      vertex -91.8726 15.2954 1.995
      vertex -92.0676 15.6908 1.995
    endloop
  endfacet
  facet normal 0.468073 0.533767 0.704273
    outer loop
      vertex -97.3922 11.6051 1.995
      vertex -97.0607 11.3144 1.995
      vertex -96.0349 12.6513 0.3
    endloop
  endfacet
  facet normal -0.138557 0.696299 0.704251
    outer loop
      vertex -94.7781 12.3145 0.3
      vertex -94.5562 10.6443 1.995
      vertex -94.56 12.3579 0.3
    endloop
  endfacet
  facet normal -0.139237 0.696186 0.704228
    outer loop
      vertex -94.5562 10.6443 1.995
      vertex -94.7781 12.3145 0.3
      vertex -94.5582 10.6439 1.995
    endloop
  endfacet
  facet normal -0.708412 0.0463793 0.704274
    outer loop
      vertex -93.3 14 0.3
      vertex -91.6437 13.5601 1.995
      vertex -91.6149 14 1.995
    endloop
  endfacet
  facet normal -0.482732 0.519866 0.704776
    outer loop
      vertex -93.7979 12.7979 0.3
      vertex -92.6078 11.6051 1.995
      vertex -92.6064 11.6064 1.995
    endloop
  endfacet
  facet normal -0.468037 0.533805 0.704268
    outer loop
      vertex -92.6078 11.6051 1.995
      vertex -93.7979 12.7979 0.3
      vertex -93.9651 12.6513 0.3
    endloop
  endfacet
  facet normal 0.708426 0.0462919 0.704265
    outer loop
      vertex -98.3563 13.5601 1.995
      vertex -96.6855 13.7781 0.3
      vertex -96.7 14 0.3
    endloop
  endfacet
  facet normal 0.705415 0.0742542 0.704894
    outer loop
      vertex -96.6855 13.7781 0.3
      vertex -98.3563 13.5601 1.995
      vertex -98.3561 13.5582 1.995
    endloop
  endfacet
  facet normal -0.701404 0.105211 0.704956
    outer loop
      vertex -93.3145 13.7781 0.3
      vertex -91.6442 13.5562 1.995
      vertex -91.6439 13.5582 1.995
    endloop
  endfacet
  facet normal -0.696279 0.138553 0.704271
    outer loop
      vertex -91.6442 13.5562 1.995
      vertex -93.3145 13.7781 0.3
      vertex -93.3579 13.56 0.3
    endloop
  endfacet
  facet normal 0.228173 -0.672281 0.704255
    outer loop
      vertex -96.2936 17.128 1.995
      vertex -95.44 15.6421 0.3
      vertex -95.8761 17.2697 1.995
    endloop
  endfacet
  facet normal -0.673633 -0.224544 0.704129
    outer loop
      vertex -93.4294 14.6506 0.3
      vertex -91.872 15.2936 1.995
      vertex -91.8726 15.2954 1.995
    endloop
  endfacet
  facet normal -0.672254 -0.228234 0.704261
    outer loop
      vertex -91.872 15.2936 1.995
      vertex -93.4294 14.6506 0.3
      vertex -93.3579 14.44 0.3
    endloop
  endfacet
  facet normal 0.314163 0.636627 0.704278
    outer loop
      vertex -95.85 12.5278 0.3
      vertex -96.6908 11.0676 1.995
      vertex -95.6506 12.4294 0.3
    endloop
  endfacet
  facet normal 0.302488 0.642787 0.703794
    outer loop
      vertex -96.6908 11.0676 1.995
      vertex -95.85 12.5278 0.3
      vertex -96.6925 11.0684 1.995
    endloop
  endfacet
  facet normal -0.672254 0.228234 0.704261
    outer loop
      vertex -93.4294 13.3494 0.3
      vertex -91.872 12.7064 1.995
      vertex -93.3579 13.56 0.3
    endloop
  endfacet
  facet normal -0.673633 0.224544 0.704129
    outer loop
      vertex -91.872 12.7064 1.995
      vertex -93.4294 13.3494 0.3
      vertex -91.8726 12.7046 1.995
    endloop
  endfacet
  facet normal 0.636721 0.314012 0.704261
    outer loop
      vertex -98.1274 12.7046 1.995
      vertex -97.9324 12.3092 1.995
      vertex -96.5706 13.3494 0.3
    endloop
  endfacet
  facet normal 0.138557 0.696299 0.704251
    outer loop
      vertex -95.4438 10.6443 1.995
      vertex -95.2219 12.3145 0.3
      vertex -95.44 12.3579 0.3
    endloop
  endfacet
  facet normal 0.139237 0.696186 0.704228
    outer loop
      vertex -95.2219 12.3145 0.3
      vertex -95.4438 10.6443 1.995
      vertex -95.4418 10.6439 1.995
    endloop
  endfacet
  facet normal 0.519866 -0.482732 0.704776
    outer loop
      vertex -97.3949 16.3922 1.995
      vertex -96.2021 15.2021 0.3
      vertex -97.3936 16.3936 1.995
    endloop
  endfacet
  facet normal 0.533805 -0.468037 0.704268
    outer loop
      vertex -96.2021 15.2021 0.3
      vertex -97.3949 16.3922 1.995
      vertex -96.3487 15.0349 0.3
    endloop
  endfacet
  facet normal -0.394429 -0.590275 0.704274
    outer loop
      vertex -93.9651 15.3487 0.3
      vertex -92.9393 16.6856 1.995
      vertex -93.3058 16.9305 1.995
    endloop
  endfacet
  facet normal -0.705415 -0.0742542 0.704894
    outer loop
      vertex -93.3145 14.2219 0.3
      vertex -91.6437 14.4399 1.995
      vertex -91.6439 14.4418 1.995
    endloop
  endfacet
  facet normal -0.708426 -0.0462919 0.704265
    outer loop
      vertex -91.6437 14.4399 1.995
      vertex -93.3145 14.2219 0.3
      vertex -93.3 14 0.3
    endloop
  endfacet
  facet normal 0.590341 0.394306 0.704287
    outer loop
      vertex -96.4722 13.15 0.3
      vertex -97.9305 12.3058 1.995
      vertex -96.3487 12.9651 0.3
    endloop
  endfacet
  facet normal 0.595778 0.385504 0.704582
    outer loop
      vertex -97.9305 12.3058 1.995
      vertex -96.4722 13.15 0.3
      vertex -97.9316 12.3075 1.995
    endloop
  endfacet
  facet normal 0.468037 0.533805 0.704268
    outer loop
      vertex -96.2021 12.7979 0.3
      vertex -97.3922 11.6051 1.995
      vertex -96.0349 12.6513 0.3
    endloop
  endfacet
  facet normal 0.482732 0.519866 0.704776
    outer loop
      vertex -97.3922 11.6051 1.995
      vertex -96.2021 12.7979 0.3
      vertex -97.3936 11.6064 1.995
    endloop
  endfacet
  facet normal 0.590275 0.394429 0.704274
    outer loop
      vertex -97.9305 12.3058 1.995
      vertex -97.6856 11.9393 1.995
      vertex -96.3487 12.9651 0.3
    endloop
  endfacet
  facet normal -0.672281 0.228173 0.704255
    outer loop
      vertex -93.3579 13.56 0.3
      vertex -91.872 12.7064 1.995
      vertex -91.7303 13.1239 1.995
    endloop
  endfacet
  facet normal 0.139237 -0.696186 0.704228
    outer loop
      vertex -95.4438 17.3557 1.995
      vertex -95.2219 15.6855 0.3
      vertex -95.4418 17.3561 1.995
    endloop
  endfacet
  facet normal 0.138557 -0.696299 0.704251
    outer loop
      vertex -95.2219 15.6855 0.3
      vertex -95.4438 17.3557 1.995
      vertex -95.44 15.6421 0.3
    endloop
  endfacet
  facet normal -0.394306 0.590341 0.704287
    outer loop
      vertex -94.15 12.5278 0.3
      vertex -93.3058 11.0695 1.995
      vertex -93.9651 12.6513 0.3
    endloop
  endfacet
  facet normal -0.385504 0.595778 0.704582
    outer loop
      vertex -93.3058 11.0695 1.995
      vertex -94.15 12.5278 0.3
      vertex -93.3075 11.0684 1.995
    endloop
  endfacet
  facet normal -0.224544 0.673633 0.704129
    outer loop
      vertex -94.3494 12.4294 0.3
      vertex -93.7064 10.872 1.995
      vertex -93.7046 10.8726 1.995
    endloop
  endfacet
  facet normal -0.228234 0.672254 0.704261
    outer loop
      vertex -93.7064 10.872 1.995
      vertex -94.3494 12.4294 0.3
      vertex -94.56 12.3579 0.3
    endloop
  endfacet
  facet normal -0.590275 -0.394429 0.704274
    outer loop
      vertex -93.6513 15.0349 0.3
      vertex -92.0695 15.6942 1.995
      vertex -92.3144 16.0607 1.995
    endloop
  endfacet
  facet normal 0.672281 -0.228173 0.704255
    outer loop
      vertex -98.2697 14.8761 1.995
      vertex -96.6421 14.44 0.3
      vertex -98.128 15.2936 1.995
    endloop
  endfacet
  facet normal -0.0463793 0.708412 0.704274
    outer loop
      vertex -95 10.6149 1.995
      vertex -94.5601 10.6437 1.995
      vertex -95 12.3 0.3
    endloop
  endfacet
  facet normal -0.302488 -0.642787 0.703794
    outer loop
      vertex -93.3092 16.9324 1.995
      vertex -94.15 15.4722 0.3
      vertex -93.3075 16.9316 1.995
    endloop
  endfacet
  facet normal -0.314163 -0.636627 0.704278
    outer loop
      vertex -94.15 15.4722 0.3
      vertex -93.3092 16.9324 1.995
      vertex -94.3494 15.5706 0.3
    endloop
  endfacet
  facet normal -0.139237 -0.696186 0.704228
    outer loop
      vertex -94.7781 15.6855 0.3
      vertex -94.5562 17.3557 1.995
      vertex -94.5582 17.3561 1.995
    endloop
  endfacet
  facet normal -0.138557 -0.696299 0.704251
    outer loop
      vertex -94.5562 17.3557 1.995
      vertex -94.7781 15.6855 0.3
      vertex -94.56 15.6421 0.3
    endloop
  endfacet
  facet normal -0.696267 -0.138674 0.70426
    outer loop
      vertex -93.3579 14.44 0.3
      vertex -91.6442 14.4438 1.995
      vertex -91.7303 14.8761 1.995
    endloop
  endfacet
  facet normal -0.636627 0.314163 0.704278
    outer loop
      vertex -93.5278 13.15 0.3
      vertex -92.0676 12.3092 1.995
      vertex -93.4294 13.3494 0.3
    endloop
  endfacet
  facet normal -0.642787 0.302488 0.703794
    outer loop
      vertex -92.0676 12.3092 1.995
      vertex -93.5278 13.15 0.3
      vertex -92.0684 12.3075 1.995
    endloop
  endfacet
  facet normal 0.636721 -0.314012 0.704261
    outer loop
      vertex -98.1274 15.2954 1.995
      vertex -96.5706 14.6506 0.3
      vertex -97.9324 15.6908 1.995
    endloop
  endfacet
  facet normal -0.13852 0.696303 0.704254
    outer loop
      vertex -94.56 12.3579 0.3
      vertex -94.5562 10.6443 1.995
      vertex -94.1239 10.7303 1.995
    endloop
  endfacet
  facet normal -0.314012 0.636721 0.704261
    outer loop
      vertex -94.3494 12.4294 0.3
      vertex -93.7046 10.8726 1.995
      vertex -93.3092 11.0676 1.995
    endloop
  endfacet
  facet normal -0.302488 0.642787 0.703794
    outer loop
      vertex -94.15 12.5278 0.3
      vertex -93.3092 11.0676 1.995
      vertex -93.3075 11.0684 1.995
    endloop
  endfacet
  facet normal -0.314163 0.636627 0.704278
    outer loop
      vertex -93.3092 11.0676 1.995
      vertex -94.15 12.5278 0.3
      vertex -94.3494 12.4294 0.3
    endloop
  endfacet
  facet normal -0.224544 -0.673633 0.704129
    outer loop
      vertex -93.7064 17.128 1.995
      vertex -94.3494 15.5706 0.3
      vertex -93.7046 17.1274 1.995
    endloop
  endfacet
  facet normal -0.228234 -0.672254 0.704261
    outer loop
      vertex -94.3494 15.5706 0.3
      vertex -93.7064 17.128 1.995
      vertex -94.56 15.6421 0.3
    endloop
  endfacet
  facet normal -0.228173 -0.672281 0.704255
    outer loop
      vertex -94.56 15.6421 0.3
      vertex -93.7064 17.128 1.995
      vertex -94.1239 17.2697 1.995
    endloop
  endfacet
  facet normal 0.228234 -0.672254 0.704261
    outer loop
      vertex -96.2936 17.128 1.995
      vertex -95.6506 15.5706 0.3
      vertex -95.44 15.6421 0.3
    endloop
  endfacet
  facet normal 0.224544 -0.673633 0.704129
    outer loop
      vertex -95.6506 15.5706 0.3
      vertex -96.2936 17.128 1.995
      vertex -96.2954 17.1274 1.995
    endloop
  endfacet
  facet normal -0.468073 -0.533767 0.704273
    outer loop
      vertex -93.9651 15.3487 0.3
      vertex -92.6078 16.3949 1.995
      vertex -92.9393 16.6856 1.995
    endloop
  endfacet
  facet normal 0.590341 -0.394306 0.704287
    outer loop
      vertex -97.9305 15.6942 1.995
      vertex -96.4722 14.85 0.3
      vertex -96.3487 15.0349 0.3
    endloop
  endfacet
  facet normal 0.595778 -0.385504 0.704582
    outer loop
      vertex -96.4722 14.85 0.3
      vertex -97.9305 15.6942 1.995
      vertex -97.9316 15.6925 1.995
    endloop
  endfacet
  facet normal 0.394429 -0.590275 0.704274
    outer loop
      vertex -97.0607 16.6856 1.995
      vertex -96.0349 15.3487 0.3
      vertex -96.6942 16.9305 1.995
    endloop
  endfacet
  facet normal 0.385504 -0.595778 0.704582
    outer loop
      vertex -96.6942 16.9305 1.995
      vertex -95.85 15.4722 0.3
      vertex -96.6925 16.9316 1.995
    endloop
  endfacet
  facet normal 0.394306 -0.590341 0.704287
    outer loop
      vertex -95.85 15.4722 0.3
      vertex -96.6942 16.9305 1.995
      vertex -96.0349 15.3487 0.3
    endloop
  endfacet
  facet normal 0.13852 -0.696303 0.704254
    outer loop
      vertex -95.8761 17.2697 1.995
      vertex -95.44 15.6421 0.3
      vertex -95.4438 17.3557 1.995
    endloop
  endfacet
  facet normal 0.0742542 -0.705415 0.704894
    outer loop
      vertex -95.2219 15.6855 0.3
      vertex -95.4399 17.3563 1.995
      vertex -95.4418 17.3561 1.995
    endloop
  endfacet
  facet normal 0.0462919 -0.708426 0.704265
    outer loop
      vertex -95.4399 17.3563 1.995
      vertex -95.2219 15.6855 0.3
      vertex -95 15.7 0.3
    endloop
  endfacet
  facet normal 0.636627 0.314163 0.704278
    outer loop
      vertex -97.9324 12.3092 1.995
      vertex -96.4722 13.15 0.3
      vertex -96.5706 13.3494 0.3
    endloop
  endfacet
  facet normal 0.642787 0.302488 0.703794
    outer loop
      vertex -96.4722 13.15 0.3
      vertex -97.9324 12.3092 1.995
      vertex -97.9316 12.3075 1.995
    endloop
  endfacet
  facet normal -0.701404 -0.105211 0.704956
    outer loop
      vertex -91.6442 14.4438 1.995
      vertex -93.3145 14.2219 0.3
      vertex -91.6439 14.4418 1.995
    endloop
  endfacet
  facet normal -0.696279 -0.138553 0.704271
    outer loop
      vertex -93.3145 14.2219 0.3
      vertex -91.6442 14.4438 1.995
      vertex -93.3579 14.44 0.3
    endloop
  endfacet
  facet normal -0.708412 -0.0463793 0.704274
    outer loop
      vertex -93.3 14 0.3
      vertex -91.6149 14 1.995
      vertex -91.6437 14.4399 1.995
    endloop
  endfacet
  facet normal -0.482732 -0.519866 0.704776
    outer loop
      vertex -92.6078 16.3949 1.995
      vertex -93.7979 15.2021 0.3
      vertex -92.6064 16.3936 1.995
    endloop
  endfacet
  facet normal -0.468037 -0.533805 0.704268
    outer loop
      vertex -93.7979 15.2021 0.3
      vertex -92.6078 16.3949 1.995
      vertex -93.9651 15.3487 0.3
    endloop
  endfacet
  facet normal -0.385504 -0.595778 0.704582
    outer loop
      vertex -94.15 15.4722 0.3
      vertex -93.3058 16.9305 1.995
      vertex -93.3075 16.9316 1.995
    endloop
  endfacet
  facet normal -0.394306 -0.590341 0.704287
    outer loop
      vertex -93.3058 16.9305 1.995
      vertex -94.15 15.4722 0.3
      vertex -93.9651 15.3487 0.3
    endloop
  endfacet
  facet normal -0.519866 -0.482732 0.704776
    outer loop
      vertex -93.7979 15.2021 0.3
      vertex -92.6051 16.3922 1.995
      vertex -92.6064 16.3936 1.995
    endloop
  endfacet
  facet normal -0.533805 -0.468037 0.704268
    outer loop
      vertex -92.6051 16.3922 1.995
      vertex -93.7979 15.2021 0.3
      vertex -93.6513 15.0349 0.3
    endloop
  endfacet
  facet normal -0.533767 -0.468073 0.704273
    outer loop
      vertex -93.6513 15.0349 0.3
      vertex -92.3144 16.0607 1.995
      vertex -92.6051 16.3922 1.995
    endloop
  endfacet
  facet normal -0.0742542 0.705415 0.704894
    outer loop
      vertex -94.7781 12.3145 0.3
      vertex -94.5601 10.6437 1.995
      vertex -94.5582 10.6439 1.995
    endloop
  endfacet
  facet normal -0.0462919 0.708426 0.704265
    outer loop
      vertex -94.5601 10.6437 1.995
      vertex -94.7781 12.3145 0.3
      vertex -95 12.3 0.3
    endloop
  endfacet
  facet normal -0.595778 -0.385504 0.704582
    outer loop
      vertex -92.0695 15.6942 1.995
      vertex -93.5278 14.85 0.3
      vertex -92.0684 15.6925 1.995
    endloop
  endfacet
  facet normal -0.590341 -0.394306 0.704287
    outer loop
      vertex -93.5278 14.85 0.3
      vertex -92.0695 15.6942 1.995
      vertex -93.6513 15.0349 0.3
    endloop
  endfacet
  facet normal -0.642787 -0.302488 0.703794
    outer loop
      vertex -93.5278 14.85 0.3
      vertex -92.0676 15.6908 1.995
      vertex -92.0684 15.6925 1.995
    endloop
  endfacet
  facet normal -0.636627 -0.314163 0.704278
    outer loop
      vertex -92.0676 15.6908 1.995
      vertex -93.5278 14.85 0.3
      vertex -93.4294 14.6506 0.3
    endloop
  endfacet
  facet normal -0.0462919 -0.708426 0.704265
    outer loop
      vertex -94.7781 15.6855 0.3
      vertex -94.5601 17.3563 1.995
      vertex -95 15.7 0.3
    endloop
  endfacet
  facet normal -0.0742542 -0.705415 0.704894
    outer loop
      vertex -94.5601 17.3563 1.995
      vertex -94.7781 15.6855 0.3
      vertex -94.5582 17.3561 1.995
    endloop
  endfacet
  facet normal -0.13852 -0.696303 0.704254
    outer loop
      vertex -94.56 15.6421 0.3
      vertex -94.1239 17.2697 1.995
      vertex -94.5562 17.3557 1.995
    endloop
  endfacet
  facet normal 0.642787 -0.302488 0.703794
    outer loop
      vertex -97.9324 15.6908 1.995
      vertex -96.4722 14.85 0.3
      vertex -97.9316 15.6925 1.995
    endloop
  endfacet
  facet normal 0.636627 -0.314163 0.704278
    outer loop
      vertex -96.4722 14.85 0.3
      vertex -97.9324 15.6908 1.995
      vertex -96.5706 14.6506 0.3
    endloop
  endfacet
  facet normal 0.32135 -0.94696 0
    outer loop
      vertex -96.3011 17.1412 1.995
      vertex -95.88 17.2841 2
      vertex -96.3011 17.1412 2
    endloop
  endfacet
  facet normal 0.32135 -0.94696 0
    outer loop
      vertex -95.88 17.2841 2
      vertex -96.3011 17.1412 1.995
      vertex -95.88 17.2841 1.995
    endloop
  endfacet
  facet normal -0.659268 -0.751908 0
    outer loop
      vertex -92.9302 16.6974 1.995
      vertex -92.5958 16.4042 2
      vertex -92.9302 16.6974 2
    endloop
  endfacet
  facet normal -0.659268 -0.751908 -0
    outer loop
      vertex -92.5958 16.4042 2
      vertex -92.9302 16.6974 1.995
      vertex -92.5958 16.4042 1.995
    endloop
  endfacet
  facet normal 0.98077 -0.195165 0
    outer loop
      vertex -98.3709 14.4438 2
      vertex -98.2841 14.88 1.995
      vertex -98.2841 14.88 2
    endloop
  endfacet
  facet normal 0.98077 -0.195165 0
    outer loop
      vertex -98.2841 14.88 1.995
      vertex -98.3709 14.4438 2
      vertex -98.3709 14.4438 1.995
    endloop
  endfacet
  facet normal 0.0654296 -0.997857 0
    outer loop
      vertex -95.4438 17.3709 1.995
      vertex -95 17.4 2
      vertex -95.4438 17.3709 2
    endloop
  endfacet
  facet normal 0.0654296 -0.997857 0
    outer loop
      vertex -95 17.4 2
      vertex -95.4438 17.3709 1.995
      vertex -95 17.4 1.995
    endloop
  endfacet
  facet normal 0.751908 -0.659268 0
    outer loop
      vertex -97.6974 16.0698 2
      vertex -97.4042 16.4042 1.995
      vertex -97.4042 16.4042 2
    endloop
  endfacet
  facet normal 0.751908 -0.659268 0
    outer loop
      vertex -97.4042 16.4042 1.995
      vertex -97.6974 16.0698 2
      vertex -97.6974 16.0698 1.995
    endloop
  endfacet
  facet normal -0.195165 0.98077 0
    outer loop
      vertex -94.12 10.7159 1.995
      vertex -94.5562 10.6291 2
      vertex -94.12 10.7159 2
    endloop
  endfacet
  facet normal -0.195165 0.98077 0
    outer loop
      vertex -94.5562 10.6291 2
      vertex -94.12 10.7159 1.995
      vertex -94.5562 10.6291 1.995
    endloop
  endfacet
  facet normal 0.98077 0.195165 0
    outer loop
      vertex -98.2841 13.12 2
      vertex -98.3709 13.5562 1.995
      vertex -98.3709 13.5562 2
    endloop
  endfacet
  facet normal 0.98077 0.195165 0
    outer loop
      vertex -98.3709 13.5562 1.995
      vertex -98.2841 13.12 2
      vertex -98.2841 13.12 1.995
    endloop
  endfacet
  facet normal 0.32135 0.94696 -0
    outer loop
      vertex -95.88 10.7159 1.995
      vertex -96.3011 10.8588 2
      vertex -95.88 10.7159 2
    endloop
  endfacet
  facet normal 0.32135 0.94696 0
    outer loop
      vertex -96.3011 10.8588 2
      vertex -95.88 10.7159 1.995
      vertex -96.3011 10.8588 1.995
    endloop
  endfacet
  facet normal 0.44226 -0.896887 0
    outer loop
      vertex -96.7 16.9445 1.995
      vertex -96.3011 17.1412 2
      vertex -96.7 16.9445 2
    endloop
  endfacet
  facet normal 0.44226 -0.896887 0
    outer loop
      vertex -96.3011 17.1412 2
      vertex -96.7 16.9445 1.995
      vertex -96.3011 17.1412 1.995
    endloop
  endfacet
  facet normal 0.997857 -0.0654296 0
    outer loop
      vertex -98.4 14 2
      vertex -98.3709 14.4438 1.995
      vertex -98.3709 14.4438 2
    endloop
  endfacet
  facet normal 0.997857 -0.0654296 0
    outer loop
      vertex -98.3709 14.4438 1.995
      vertex -98.4 14 2
      vertex -98.4 14 1.995
    endloop
  endfacet
  facet normal -0.555582 -0.831462 0
    outer loop
      vertex -93.3 16.9445 1.995
      vertex -92.9302 16.6974 2
      vertex -93.3 16.9445 2
    endloop
  endfacet
  facet normal -0.555582 -0.831462 -0
    outer loop
      vertex -92.9302 16.6974 2
      vertex -93.3 16.9445 1.995
      vertex -92.9302 16.6974 1.995
    endloop
  endfacet
  facet normal 0.831462 0.555582 0
    outer loop
      vertex -97.6974 11.9302 2
      vertex -97.9445 12.3 1.995
      vertex -97.9445 12.3 2
    endloop
  endfacet
  facet normal 0.831462 0.555582 0
    outer loop
      vertex -97.9445 12.3 1.995
      vertex -97.6974 11.9302 2
      vertex -97.6974 11.9302 1.995
    endloop
  endfacet
  facet normal -0.896887 0.44226 0
    outer loop
      vertex -92.0555 12.3 1.995
      vertex -91.8588 12.6989 2
      vertex -91.8588 12.6989 1.995
    endloop
  endfacet
  facet normal -0.896887 0.44226 0
    outer loop
      vertex -91.8588 12.6989 2
      vertex -92.0555 12.3 1.995
      vertex -92.0555 12.3 2
    endloop
  endfacet
  facet normal -0.94696 -0.32135 0
    outer loop
      vertex -91.7159 14.88 1.995
      vertex -91.8588 15.3011 2
      vertex -91.8588 15.3011 1.995
    endloop
  endfacet
  facet normal -0.94696 -0.32135 0
    outer loop
      vertex -91.8588 15.3011 2
      vertex -91.7159 14.88 1.995
      vertex -91.7159 14.88 2
    endloop
  endfacet
  facet normal -0.0654296 -0.997857 0
    outer loop
      vertex -95 17.4 1.995
      vertex -94.5562 17.3709 2
      vertex -95 17.4 2
    endloop
  endfacet
  facet normal -0.0654296 -0.997857 -0
    outer loop
      vertex -94.5562 17.3709 2
      vertex -95 17.4 1.995
      vertex -94.5562 17.3709 1.995
    endloop
  endfacet
  facet normal -0.98077 -0.195165 0
    outer loop
      vertex -91.6291 14.4438 1.995
      vertex -91.7159 14.88 2
      vertex -91.7159 14.88 1.995
    endloop
  endfacet
  facet normal -0.98077 -0.195165 0
    outer loop
      vertex -91.7159 14.88 2
      vertex -91.6291 14.4438 1.995
      vertex -91.6291 14.4438 2
    endloop
  endfacet
  facet normal 0.555582 0.831462 -0
    outer loop
      vertex -96.7 11.0555 1.995
      vertex -97.0698 11.3026 2
      vertex -96.7 11.0555 2
    endloop
  endfacet
  facet normal 0.555582 0.831462 0
    outer loop
      vertex -97.0698 11.3026 2
      vertex -96.7 11.0555 1.995
      vertex -97.0698 11.3026 1.995
    endloop
  endfacet
  facet normal -0.94696 0.32135 0
    outer loop
      vertex -91.8588 12.6989 1.995
      vertex -91.7159 13.12 2
      vertex -91.7159 13.12 1.995
    endloop
  endfacet
  facet normal -0.94696 0.32135 0
    outer loop
      vertex -91.7159 13.12 2
      vertex -91.8588 12.6989 1.995
      vertex -91.8588 12.6989 2
    endloop
  endfacet
  facet normal 0.896887 -0.44226 0
    outer loop
      vertex -98.1412 15.3011 2
      vertex -97.9445 15.7 1.995
      vertex -97.9445 15.7 2
    endloop
  endfacet
  facet normal 0.896887 -0.44226 0
    outer loop
      vertex -97.9445 15.7 1.995
      vertex -98.1412 15.3011 2
      vertex -98.1412 15.3011 1.995
    endloop
  endfacet
  facet normal 0.751908 0.659268 0
    outer loop
      vertex -97.4042 11.5958 2
      vertex -97.6974 11.9302 1.995
      vertex -97.6974 11.9302 2
    endloop
  endfacet
  facet normal 0.751908 0.659268 0
    outer loop
      vertex -97.6974 11.9302 1.995
      vertex -97.4042 11.5958 2
      vertex -97.4042 11.5958 1.995
    endloop
  endfacet
  facet normal -0.32135 0.94696 0
    outer loop
      vertex -93.6989 10.8588 1.995
      vertex -94.12 10.7159 2
      vertex -93.6989 10.8588 2
    endloop
  endfacet
  facet normal -0.32135 0.94696 0
    outer loop
      vertex -94.12 10.7159 2
      vertex -93.6989 10.8588 1.995
      vertex -94.12 10.7159 1.995
    endloop
  endfacet
  facet normal -0.997857 0.0654296 0
    outer loop
      vertex -91.6291 13.5562 1.995
      vertex -91.6 14 2
      vertex -91.6 14 1.995
    endloop
  endfacet
  facet normal -0.997857 0.0654296 0
    outer loop
      vertex -91.6 14 2
      vertex -91.6291 13.5562 1.995
      vertex -91.6291 13.5562 2
    endloop
  endfacet
  facet normal 0.94696 -0.32135 0
    outer loop
      vertex -98.2841 14.88 2
      vertex -98.1412 15.3011 1.995
      vertex -98.1412 15.3011 2
    endloop
  endfacet
  facet normal 0.94696 -0.32135 0
    outer loop
      vertex -98.1412 15.3011 1.995
      vertex -98.2841 14.88 2
      vertex -98.2841 14.88 1.995
    endloop
  endfacet
  facet normal -0.0654296 0.997857 0
    outer loop
      vertex -94.5562 10.6291 1.995
      vertex -95 10.6 2
      vertex -94.5562 10.6291 2
    endloop
  endfacet
  facet normal -0.0654296 0.997857 0
    outer loop
      vertex -95 10.6 2
      vertex -94.5562 10.6291 1.995
      vertex -95 10.6 1.995
    endloop
  endfacet
  facet normal -0.659268 0.751908 0
    outer loop
      vertex -92.5958 11.5958 1.995
      vertex -92.9302 11.3026 2
      vertex -92.5958 11.5958 2
    endloop
  endfacet
  facet normal -0.659268 0.751908 0
    outer loop
      vertex -92.9302 11.3026 2
      vertex -92.5958 11.5958 1.995
      vertex -92.9302 11.3026 1.995
    endloop
  endfacet
  facet normal 0.555582 -0.831462 0
    outer loop
      vertex -97.0698 16.6974 1.995
      vertex -96.7 16.9445 2
      vertex -97.0698 16.6974 2
    endloop
  endfacet
  facet normal 0.555582 -0.831462 0
    outer loop
      vertex -96.7 16.9445 2
      vertex -97.0698 16.6974 1.995
      vertex -96.7 16.9445 1.995
    endloop
  endfacet
  facet normal 0.831462 -0.555582 0
    outer loop
      vertex -97.9445 15.7 2
      vertex -97.6974 16.0698 1.995
      vertex -97.6974 16.0698 2
    endloop
  endfacet
  facet normal 0.831462 -0.555582 0
    outer loop
      vertex -97.6974 16.0698 1.995
      vertex -97.9445 15.7 2
      vertex -97.9445 15.7 1.995
    endloop
  endfacet
  facet normal 0.997857 0.0654296 0
    outer loop
      vertex -98.3709 13.5562 2
      vertex -98.4 14 1.995
      vertex -98.4 14 2
    endloop
  endfacet
  facet normal 0.997857 0.0654296 0
    outer loop
      vertex -98.4 14 1.995
      vertex -98.3709 13.5562 2
      vertex -98.3709 13.5562 1.995
    endloop
  endfacet
  facet normal 0.94696 0.32135 0
    outer loop
      vertex -98.1412 12.6989 2
      vertex -98.2841 13.12 1.995
      vertex -98.2841 13.12 2
    endloop
  endfacet
  facet normal 0.94696 0.32135 0
    outer loop
      vertex -98.2841 13.12 1.995
      vertex -98.1412 12.6989 2
      vertex -98.1412 12.6989 1.995
    endloop
  endfacet
  facet normal 0.44226 0.896887 -0
    outer loop
      vertex -96.3011 10.8588 1.995
      vertex -96.7 11.0555 2
      vertex -96.3011 10.8588 2
    endloop
  endfacet
  facet normal 0.44226 0.896887 0
    outer loop
      vertex -96.7 11.0555 2
      vertex -96.3011 10.8588 1.995
      vertex -96.7 11.0555 1.995
    endloop
  endfacet
  facet normal -0.98077 0.195165 0
    outer loop
      vertex -91.7159 13.12 1.995
      vertex -91.6291 13.5562 2
      vertex -91.6291 13.5562 1.995
    endloop
  endfacet
  facet normal -0.98077 0.195165 0
    outer loop
      vertex -91.6291 13.5562 2
      vertex -91.7159 13.12 1.995
      vertex -91.7159 13.12 2
    endloop
  endfacet
  facet normal -0.751908 -0.659268 0
    outer loop
      vertex -92.3026 16.0698 1.995
      vertex -92.5958 16.4042 2
      vertex -92.5958 16.4042 1.995
    endloop
  endfacet
  facet normal -0.751908 -0.659268 0
    outer loop
      vertex -92.5958 16.4042 2
      vertex -92.3026 16.0698 1.995
      vertex -92.3026 16.0698 2
    endloop
  endfacet
  facet normal -0.32135 -0.94696 0
    outer loop
      vertex -94.12 17.2841 1.995
      vertex -93.6989 17.1412 2
      vertex -94.12 17.2841 2
    endloop
  endfacet
  facet normal -0.32135 -0.94696 -0
    outer loop
      vertex -93.6989 17.1412 2
      vertex -94.12 17.2841 1.995
      vertex -93.6989 17.1412 1.995
    endloop
  endfacet
  facet normal -0.751908 0.659268 0
    outer loop
      vertex -92.5958 11.5958 1.995
      vertex -92.3026 11.9302 2
      vertex -92.3026 11.9302 1.995
    endloop
  endfacet
  facet normal -0.751908 0.659268 0
    outer loop
      vertex -92.3026 11.9302 2
      vertex -92.5958 11.5958 1.995
      vertex -92.5958 11.5958 2
    endloop
  endfacet
  facet normal 0.659268 0.751908 -0
    outer loop
      vertex -97.0698 11.3026 1.995
      vertex -97.4042 11.5958 2
      vertex -97.0698 11.3026 2
    endloop
  endfacet
  facet normal 0.659268 0.751908 0
    outer loop
      vertex -97.4042 11.5958 2
      vertex -97.0698 11.3026 1.995
      vertex -97.4042 11.5958 1.995
    endloop
  endfacet
  facet normal -0.195165 -0.98077 0
    outer loop
      vertex -94.5562 17.3709 1.995
      vertex -94.12 17.2841 2
      vertex -94.5562 17.3709 2
    endloop
  endfacet
  facet normal -0.195165 -0.98077 -0
    outer loop
      vertex -94.12 17.2841 2
      vertex -94.5562 17.3709 1.995
      vertex -94.12 17.2841 1.995
    endloop
  endfacet
  facet normal 0.0654296 0.997857 -0
    outer loop
      vertex -95 10.6 1.995
      vertex -95.4438 10.6291 2
      vertex -95 10.6 2
    endloop
  endfacet
  facet normal 0.0654296 0.997857 0
    outer loop
      vertex -95.4438 10.6291 2
      vertex -95 10.6 1.995
      vertex -95.4438 10.6291 1.995
    endloop
  endfacet
  facet normal 0.195165 0.98077 -0
    outer loop
      vertex -95.4438 10.6291 1.995
      vertex -95.88 10.7159 2
      vertex -95.4438 10.6291 2
    endloop
  endfacet
  facet normal 0.195165 0.98077 0
    outer loop
      vertex -95.88 10.7159 2
      vertex -95.4438 10.6291 1.995
      vertex -95.88 10.7159 1.995
    endloop
  endfacet
  facet normal 0.896887 0.44226 0
    outer loop
      vertex -97.9445 12.3 2
      vertex -98.1412 12.6989 1.995
      vertex -98.1412 12.6989 2
    endloop
  endfacet
  facet normal 0.896887 0.44226 0
    outer loop
      vertex -98.1412 12.6989 1.995
      vertex -97.9445 12.3 2
      vertex -97.9445 12.3 1.995
    endloop
  endfacet
  facet normal -0.44226 0.896887 0
    outer loop
      vertex -93.3 11.0555 1.995
      vertex -93.6989 10.8588 2
      vertex -93.3 11.0555 2
    endloop
  endfacet
  facet normal -0.44226 0.896887 0
    outer loop
      vertex -93.6989 10.8588 2
      vertex -93.3 11.0555 1.995
      vertex -93.6989 10.8588 1.995
    endloop
  endfacet
  facet normal -0.831462 0.555582 0
    outer loop
      vertex -92.3026 11.9302 1.995
      vertex -92.0555 12.3 2
      vertex -92.0555 12.3 1.995
    endloop
  endfacet
  facet normal -0.831462 0.555582 0
    outer loop
      vertex -92.0555 12.3 2
      vertex -92.3026 11.9302 1.995
      vertex -92.3026 11.9302 2
    endloop
  endfacet
  facet normal -0.44226 -0.896887 0
    outer loop
      vertex -93.6989 17.1412 1.995
      vertex -93.3 16.9445 2
      vertex -93.6989 17.1412 2
    endloop
  endfacet
  facet normal -0.44226 -0.896887 -0
    outer loop
      vertex -93.3 16.9445 2
      vertex -93.6989 17.1412 1.995
      vertex -93.3 16.9445 1.995
    endloop
  endfacet
  facet normal 0.659268 -0.751908 0
    outer loop
      vertex -97.4042 16.4042 1.995
      vertex -97.0698 16.6974 2
      vertex -97.4042 16.4042 2
    endloop
  endfacet
  facet normal 0.659268 -0.751908 0
    outer loop
      vertex -97.0698 16.6974 2
      vertex -97.4042 16.4042 1.995
      vertex -97.0698 16.6974 1.995
    endloop
  endfacet
  facet normal -0.555582 0.831462 0
    outer loop
      vertex -92.9302 11.3026 1.995
      vertex -93.3 11.0555 2
      vertex -92.9302 11.3026 2
    endloop
  endfacet
  facet normal -0.555582 0.831462 0
    outer loop
      vertex -93.3 11.0555 2
      vertex -92.9302 11.3026 1.995
      vertex -93.3 11.0555 1.995
    endloop
  endfacet
  facet normal -0.896887 -0.44226 0
    outer loop
      vertex -91.8588 15.3011 1.995
      vertex -92.0555 15.7 2
      vertex -92.0555 15.7 1.995
    endloop
  endfacet
  facet normal -0.896887 -0.44226 0
    outer loop
      vertex -92.0555 15.7 2
      vertex -91.8588 15.3011 1.995
      vertex -91.8588 15.3011 2
    endloop
  endfacet
  facet normal 0.195165 -0.98077 0
    outer loop
      vertex -95.88 17.2841 1.995
      vertex -95.4438 17.3709 2
      vertex -95.88 17.2841 2
    endloop
  endfacet
  facet normal 0.195165 -0.98077 0
    outer loop
      vertex -95.4438 17.3709 2
      vertex -95.88 17.2841 1.995
      vertex -95.4438 17.3709 1.995
    endloop
  endfacet
  facet normal -0.831462 -0.555582 0
    outer loop
      vertex -92.0555 15.7 1.995
      vertex -92.3026 16.0698 2
      vertex -92.3026 16.0698 1.995
    endloop
  endfacet
  facet normal -0.831462 -0.555582 0
    outer loop
      vertex -92.3026 16.0698 2
      vertex -92.0555 15.7 1.995
      vertex -92.0555 15.7 2
    endloop
  endfacet
  facet normal -0 0 1
    outer loop
      vertex -91.6437 14.4399 1.995
      vertex -91.6 14 1.995
      vertex -91.6291 14.4438 1.995
    endloop
  endfacet
  facet normal 0 0 1
    outer loop
      vertex -91.6 14 1.995
      vertex -91.6437 14.4399 1.995
      vertex -91.6149 14 1.995
    endloop
  endfacet
  facet normal 0 0 1
    outer loop
      vertex -91.6291 14.4438 1.995
      vertex -91.6439 14.4418 1.995
      vertex -91.6437 14.4399 1.995
    endloop
  endfacet
  facet normal 0 0 1
    outer loop
      vertex -91.6291 14.4438 1.995
      vertex -91.6442 14.4438 1.995
      vertex -91.6439 14.4418 1.995
    endloop
  endfacet
  facet normal 0 0 1
    outer loop
      vertex -91.7159 14.88 1.995
      vertex -91.6442 14.4438 1.995
      vertex -91.6291 14.4438 1.995
    endloop
  endfacet
  facet normal 0 0 1
    outer loop
      vertex -91.7159 14.88 1.995
      vertex -91.7303 14.8761 1.995
      vertex -91.6442 14.4438 1.995
    endloop
  endfacet
  facet normal -0 0 1
    outer loop
      vertex -91.872 15.2936 1.995
      vertex -91.7159 14.88 1.995
      vertex -91.8588 15.3011 1.995
    endloop
  endfacet
  facet normal 0 0 1
    outer loop
      vertex -91.7159 14.88 1.995
      vertex -91.872 15.2936 1.995
      vertex -91.7303 14.8761 1.995
    endloop
  endfacet
  facet normal 0 0 1
    outer loop
      vertex -91.8588 15.3011 1.995
      vertex -91.8726 15.2954 1.995
      vertex -91.872 15.2936 1.995
    endloop
  endfacet
  facet normal -0 0 1
    outer loop
      vertex -92.0676 15.6908 1.995
      vertex -91.8588 15.3011 1.995
      vertex -92.0555 15.7 1.995
    endloop
  endfacet
  facet normal 0 0 1
    outer loop
      vertex -91.8588 15.3011 1.995
      vertex -92.0676 15.6908 1.995
      vertex -91.8726 15.2954 1.995
    endloop
  endfacet
  facet normal 0 0 1
    outer loop
      vertex -92.0555 15.7 1.995
      vertex -92.0684 15.6925 1.995
      vertex -92.0676 15.6908 1.995
    endloop
  endfacet
  facet normal 0 0 1
    outer loop
      vertex -92.0555 15.7 1.995
      vertex -92.0695 15.6942 1.995
      vertex -92.0684 15.6925 1.995
    endloop
  endfacet
  facet normal 0 0 1
    outer loop
      vertex -92.3026 16.0698 1.995
      vertex -92.0695 15.6942 1.995
      vertex -92.0555 15.7 1.995
    endloop
  endfacet
  facet normal 0 0 1
    outer loop
      vertex -92.3026 16.0698 1.995
      vertex -92.3144 16.0607 1.995
      vertex -92.0695 15.6942 1.995
    endloop
  endfacet
  facet normal -0 0 1
    outer loop
      vertex -92.6051 16.3922 1.995
      vertex -92.3026 16.0698 1.995
      vertex -92.5958 16.4042 1.995
    endloop
  endfacet
  facet normal 0 0 1
    outer loop
      vertex -92.3026 16.0698 1.995
      vertex -92.6051 16.3922 1.995
      vertex -92.3144 16.0607 1.995
    endloop
  endfacet
  facet normal 0 0 1
    outer loop
      vertex -92.5958 16.4042 1.995
      vertex -92.6064 16.3936 1.995
      vertex -92.6051 16.3922 1.995
    endloop
  endfacet
  facet normal 0 0 1
    outer loop
      vertex -92.5958 16.4042 1.995
      vertex -92.6078 16.3949 1.995
      vertex -92.6064 16.3936 1.995
    endloop
  endfacet
  facet normal 0 0 1
    outer loop
      vertex -92.9302 16.6974 1.995
      vertex -92.6078 16.3949 1.995
      vertex -92.5958 16.4042 1.995
    endloop
  endfacet
  facet normal 0 0 1
    outer loop
      vertex -92.9302 16.6974 1.995
      vertex -92.9393 16.6856 1.995
      vertex -92.6078 16.3949 1.995
    endloop
  endfacet
  facet normal -0 0 1
    outer loop
      vertex -93.3058 16.9305 1.995
      vertex -92.9302 16.6974 1.995
      vertex -93.3 16.9445 1.995
    endloop
  endfacet
  facet normal 0 0 1
    outer loop
      vertex -92.9302 16.6974 1.995
      vertex -93.3058 16.9305 1.995
      vertex -92.9393 16.6856 1.995
    endloop
  endfacet
  facet normal 0 0 1
    outer loop
      vertex -93.3 16.9445 1.995
      vertex -93.3075 16.9316 1.995
      vertex -93.3058 16.9305 1.995
    endloop
  endfacet
  facet normal 0 0 1
    outer loop
      vertex -93.3 16.9445 1.995
      vertex -93.3092 16.9324 1.995
      vertex -93.3075 16.9316 1.995
    endloop
  endfacet
  facet normal 0 0 1
    outer loop
      vertex -93.6989 17.1412 1.995
      vertex -93.3092 16.9324 1.995
      vertex -93.3 16.9445 1.995
    endloop
  endfacet
  facet normal 0 0 1
    outer loop
      vertex -93.6989 17.1412 1.995
      vertex -93.7046 17.1274 1.995
      vertex -93.3092 16.9324 1.995
    endloop
  endfacet
  facet normal 0 0 1
    outer loop
      vertex -93.6989 17.1412 1.995
      vertex -93.7064 17.128 1.995
      vertex -93.7046 17.1274 1.995
    endloop
  endfacet
  facet normal 0 0 1
    outer loop
      vertex -94.12 17.2841 1.995
      vertex -93.7064 17.128 1.995
      vertex -93.6989 17.1412 1.995
    endloop
  endfacet
  facet normal 0 0 1
    outer loop
      vertex -94.12 17.2841 1.995
      vertex -94.1239 17.2697 1.995
      vertex -93.7064 17.128 1.995
    endloop
  endfacet
  facet normal -0 0 1
    outer loop
      vertex -94.5562 17.3557 1.995
      vertex -94.12 17.2841 1.995
      vertex -94.5562 17.3709 1.995
    endloop
  endfacet
  facet normal 0 0 1
    outer loop
      vertex -94.12 17.2841 1.995
      vertex -94.5562 17.3557 1.995
      vertex -94.1239 17.2697 1.995
    endloop
  endfacet
  facet normal 0 0 1
    outer loop
      vertex -94.5562 17.3709 1.995
      vertex -94.5582 17.3561 1.995
      vertex -94.5562 17.3557 1.995
    endloop
  endfacet
  facet normal 0 0 1
    outer loop
      vertex -94.5562 17.3709 1.995
      vertex -94.5601 17.3563 1.995
      vertex -94.5582 17.3561 1.995
    endloop
  endfacet
  facet normal 0 0 1
    outer loop
      vertex -95 17.4 1.995
      vertex -94.5601 17.3563 1.995
      vertex -94.5562 17.3709 1.995
    endloop
  endfacet
  facet normal 0 0 1
    outer loop
      vertex -95 17.4 1.995
      vertex -95 17.3851 1.995
      vertex -94.5601 17.3563 1.995
    endloop
  endfacet
  facet normal 0 0 1
    outer loop
      vertex -95 17.4 1.995
      vertex -95.4399 17.3563 1.995
      vertex -95 17.3851 1.995
    endloop
  endfacet
  facet normal -0 0 1
    outer loop
      vertex -95.4438 17.3709 1.995
      vertex -95.4399 17.3563 1.995
      vertex -95 17.4 1.995
    endloop
  endfacet
  facet normal 0 0 1
    outer loop
      vertex -95.4399 17.3563 1.995
      vertex -95.4438 17.3709 1.995
      vertex -95.4418 17.3561 1.995
    endloop
  endfacet
  facet normal 0 0 1
    outer loop
      vertex -95.4438 17.3709 1.995
      vertex -95.4438 17.3557 1.995
      vertex -95.4418 17.3561 1.995
    endloop
  endfacet
  facet normal 0 0 1
    outer loop
      vertex -95.88 17.2841 1.995
      vertex -95.4438 17.3557 1.995
      vertex -95.4438 17.3709 1.995
    endloop
  endfacet
  facet normal 0 0 1
    outer loop
      vertex -95.4438 17.3557 1.995
      vertex -95.88 17.2841 1.995
      vertex -95.8761 17.2697 1.995
    endloop
  endfacet
  facet normal 0 0 1
    outer loop
      vertex -95.88 17.2841 1.995
      vertex -96.2936 17.128 1.995
      vertex -95.8761 17.2697 1.995
    endloop
  endfacet
  facet normal -0 0 1
    outer loop
      vertex -96.3011 17.1412 1.995
      vertex -96.2936 17.128 1.995
      vertex -95.88 17.2841 1.995
    endloop
  endfacet
  facet normal 0 0 1
    outer loop
      vertex -96.2936 17.128 1.995
      vertex -96.3011 17.1412 1.995
      vertex -96.2954 17.1274 1.995
    endloop
  endfacet
  facet normal 0 0 1
    outer loop
      vertex -96.3011 17.1412 1.995
      vertex -96.6908 16.9324 1.995
      vertex -96.2954 17.1274 1.995
    endloop
  endfacet
  facet normal -0 0 1
    outer loop
      vertex -96.7 16.9445 1.995
      vertex -96.6908 16.9324 1.995
      vertex -96.3011 17.1412 1.995
    endloop
  endfacet
  facet normal 0 0 1
    outer loop
      vertex -96.6908 16.9324 1.995
      vertex -96.7 16.9445 1.995
      vertex -96.6925 16.9316 1.995
    endloop
  endfacet
  facet normal 0 0 1
    outer loop
      vertex -96.7 16.9445 1.995
      vertex -96.6942 16.9305 1.995
      vertex -96.6925 16.9316 1.995
    endloop
  endfacet
  facet normal 0 0 1
    outer loop
      vertex -97.0698 16.6974 1.995
      vertex -96.6942 16.9305 1.995
      vertex -96.7 16.9445 1.995
    endloop
  endfacet
  facet normal 0 0 1
    outer loop
      vertex -96.6942 16.9305 1.995
      vertex -97.0698 16.6974 1.995
      vertex -97.0607 16.6856 1.995
    endloop
  endfacet
  facet normal 0 0 1
    outer loop
      vertex -97.0698 16.6974 1.995
      vertex -97.3922 16.3949 1.995
      vertex -97.0607 16.6856 1.995
    endloop
  endfacet
  facet normal -0 0 1
    outer loop
      vertex -97.4042 16.4042 1.995
      vertex -97.3922 16.3949 1.995
      vertex -97.0698 16.6974 1.995
    endloop
  endfacet
  facet normal 0 0 1
    outer loop
      vertex -97.3922 16.3949 1.995
      vertex -97.4042 16.4042 1.995
      vertex -97.3936 16.3936 1.995
    endloop
  endfacet
  facet normal 0 0 1
    outer loop
      vertex -97.4042 16.4042 1.995
      vertex -97.3949 16.3922 1.995
      vertex -97.3936 16.3936 1.995
    endloop
  endfacet
  facet normal 0 0 1
    outer loop
      vertex -97.6974 16.0698 1.995
      vertex -97.3949 16.3922 1.995
      vertex -97.4042 16.4042 1.995
    endloop
  endfacet
  facet normal 0 0 1
    outer loop
      vertex -97.3949 16.3922 1.995
      vertex -97.6974 16.0698 1.995
      vertex -97.6856 16.0607 1.995
    endloop
  endfacet
  facet normal 0 0 1
    outer loop
      vertex -97.6974 16.0698 1.995
      vertex -97.9305 15.6942 1.995
      vertex -97.6856 16.0607 1.995
    endloop
  endfacet
  facet normal -0 0 1
    outer loop
      vertex -97.9445 15.7 1.995
      vertex -97.9305 15.6942 1.995
      vertex -97.6974 16.0698 1.995
    endloop
  endfacet
  facet normal 0 0 1
    outer loop
      vertex -97.9305 15.6942 1.995
      vertex -97.9445 15.7 1.995
      vertex -97.9316 15.6925 1.995
    endloop
  endfacet
  facet normal 0 0 1
    outer loop
      vertex -97.9445 15.7 1.995
      vertex -97.9324 15.6908 1.995
      vertex -97.9316 15.6925 1.995
    endloop
  endfacet
  facet normal 0 0 1
    outer loop
      vertex -98.1412 15.3011 1.995
      vertex -97.9324 15.6908 1.995
      vertex -97.9445 15.7 1.995
    endloop
  endfacet
  facet normal 0 0 1
    outer loop
      vertex -97.9324 15.6908 1.995
      vertex -98.1412 15.3011 1.995
      vertex -98.1274 15.2954 1.995
    endloop
  endfacet
  facet normal 0 0 1
    outer loop
      vertex -98.1412 15.3011 1.995
      vertex -98.128 15.2936 1.995
      vertex -98.1274 15.2954 1.995
    endloop
  endfacet
  facet normal 0 0 1
    outer loop
      vertex -98.2841 14.88 1.995
      vertex -98.128 15.2936 1.995
      vertex -98.1412 15.3011 1.995
    endloop
  endfacet
  facet normal 0 0 1
    outer loop
      vertex -98.128 15.2936 1.995
      vertex -98.2841 14.88 1.995
      vertex -98.2697 14.8761 1.995
    endloop
  endfacet
  facet normal 0 0 1
    outer loop
      vertex -98.2841 14.88 1.995
      vertex -98.3558 14.4438 1.995
      vertex -98.2697 14.8761 1.995
    endloop
  endfacet
  facet normal 0 0 1
    outer loop
      vertex -98.3709 14.4438 1.995
      vertex -98.3558 14.4438 1.995
      vertex -98.2841 14.88 1.995
    endloop
  endfacet
  facet normal 0 0 1
    outer loop
      vertex -98.3558 14.4438 1.995
      vertex -98.3709 14.4438 1.995
      vertex -98.3561 14.4418 1.995
    endloop
  endfacet
  facet normal 0 0 1
    outer loop
      vertex -98.3709 14.4438 1.995
      vertex -98.3563 14.4399 1.995
      vertex -98.3561 14.4418 1.995
    endloop
  endfacet
  facet normal 0 0 1
    outer loop
      vertex -98.4 14 1.995
      vertex -98.3563 14.4399 1.995
      vertex -98.3709 14.4438 1.995
    endloop
  endfacet
  facet normal 0 0 1
    outer loop
      vertex -98.3563 14.4399 1.995
      vertex -98.4 14 1.995
      vertex -98.3851 14 1.995
    endloop
  endfacet
  facet normal 0 0 1
    outer loop
      vertex -91.6437 13.5601 1.995
      vertex -91.6 14 1.995
      vertex -91.6149 14 1.995
    endloop
  endfacet
  facet normal 0 0 1
    outer loop
      vertex -91.6 14 1.995
      vertex -91.6437 13.5601 1.995
      vertex -91.6291 13.5562 1.995
    endloop
  endfacet
  facet normal -0 0 1
    outer loop
      vertex -91.6439 13.5582 1.995
      vertex -91.6291 13.5562 1.995
      vertex -91.6437 13.5601 1.995
    endloop
  endfacet
  facet normal 0 0 1
    outer loop
      vertex -91.6442 13.5562 1.995
      vertex -91.6291 13.5562 1.995
      vertex -91.6439 13.5582 1.995
    endloop
  endfacet
  facet normal -0 0 1
    outer loop
      vertex -91.6442 13.5562 1.995
      vertex -91.7159 13.12 1.995
      vertex -91.6291 13.5562 1.995
    endloop
  endfacet
  facet normal -0 0 1
    outer loop
      vertex -91.7303 13.1239 1.995
      vertex -91.7159 13.12 1.995
      vertex -91.6442 13.5562 1.995
    endloop
  endfacet
  facet normal 0 0 1
    outer loop
      vertex -91.872 12.7064 1.995
      vertex -91.7159 13.12 1.995
      vertex -91.7303 13.1239 1.995
    endloop
  endfacet
  facet normal 0 0 1
    outer loop
      vertex -91.7159 13.12 1.995
      vertex -91.872 12.7064 1.995
      vertex -91.8588 12.6989 1.995
    endloop
  endfacet
  facet normal -0 0 1
    outer loop
      vertex -91.8726 12.7046 1.995
      vertex -91.8588 12.6989 1.995
      vertex -91.872 12.7064 1.995
    endloop
  endfacet
  facet normal 0 0 1
    outer loop
      vertex -92.0676 12.3092 1.995
      vertex -91.8588 12.6989 1.995
      vertex -91.8726 12.7046 1.995
    endloop
  endfacet
  facet normal 0 0 1
    outer loop
      vertex -91.8588 12.6989 1.995
      vertex -92.0676 12.3092 1.995
      vertex -92.0555 12.3 1.995
    endloop
  endfacet
  facet normal -0 0 1
    outer loop
      vertex -92.0684 12.3075 1.995
      vertex -92.0555 12.3 1.995
      vertex -92.0676 12.3092 1.995
    endloop
  endfacet
  facet normal -0 0 1
    outer loop
      vertex -92.0695 12.3058 1.995
      vertex -92.0555 12.3 1.995
      vertex -92.0684 12.3075 1.995
    endloop
  endfacet
  facet normal 0 0 1
    outer loop
      vertex -92.0695 12.3058 1.995
      vertex -92.3026 11.9302 1.995
      vertex -92.0555 12.3 1.995
    endloop
  endfacet
  facet normal -0 0 1
    outer loop
      vertex -92.3144 11.9393 1.995
      vertex -92.3026 11.9302 1.995
      vertex -92.0695 12.3058 1.995
    endloop
  endfacet
  facet normal 0 0 1
    outer loop
      vertex -92.6051 11.6078 1.995
      vertex -92.3026 11.9302 1.995
      vertex -92.3144 11.9393 1.995
    endloop
  endfacet
  facet normal 0 0 1
    outer loop
      vertex -92.3026 11.9302 1.995
      vertex -92.6051 11.6078 1.995
      vertex -92.5958 11.5958 1.995
    endloop
  endfacet
  facet normal -0 0 1
    outer loop
      vertex -92.6064 11.6064 1.995
      vertex -92.5958 11.5958 1.995
      vertex -92.6051 11.6078 1.995
    endloop
  endfacet
  facet normal -0 0 1
    outer loop
      vertex -92.6078 11.6051 1.995
      vertex -92.5958 11.5958 1.995
      vertex -92.6064 11.6064 1.995
    endloop
  endfacet
  facet normal 0 0 1
    outer loop
      vertex -92.6078 11.6051 1.995
      vertex -92.9302 11.3026 1.995
      vertex -92.5958 11.5958 1.995
    endloop
  endfacet
  facet normal -0 0 1
    outer loop
      vertex -92.9393 11.3144 1.995
      vertex -92.9302 11.3026 1.995
      vertex -92.6078 11.6051 1.995
    endloop
  endfacet
  facet normal 0 0 1
    outer loop
      vertex -93.3058 11.0695 1.995
      vertex -92.9302 11.3026 1.995
      vertex -92.9393 11.3144 1.995
    endloop
  endfacet
  facet normal 0 0 1
    outer loop
      vertex -92.9302 11.3026 1.995
      vertex -93.3058 11.0695 1.995
      vertex -93.3 11.0555 1.995
    endloop
  endfacet
  facet normal -0 0 1
    outer loop
      vertex -93.3075 11.0684 1.995
      vertex -93.3 11.0555 1.995
      vertex -93.3058 11.0695 1.995
    endloop
  endfacet
  facet normal -0 0 1
    outer loop
      vertex -93.3092 11.0676 1.995
      vertex -93.3 11.0555 1.995
      vertex -93.3075 11.0684 1.995
    endloop
  endfacet
  facet normal 0 0 1
    outer loop
      vertex -93.3092 11.0676 1.995
      vertex -93.6989 10.8588 1.995
      vertex -93.3 11.0555 1.995
    endloop
  endfacet
  facet normal -0 0 1
    outer loop
      vertex -93.7046 10.8726 1.995
      vertex -93.6989 10.8588 1.995
      vertex -93.3092 11.0676 1.995
    endloop
  endfacet
  facet normal -0 0 1
    outer loop
      vertex -93.7064 10.872 1.995
      vertex -93.6989 10.8588 1.995
      vertex -93.7046 10.8726 1.995
    endloop
  endfacet
  facet normal 0 0 1
    outer loop
      vertex -93.7064 10.872 1.995
      vertex -94.12 10.7159 1.995
      vertex -93.6989 10.8588 1.995
    endloop
  endfacet
  facet normal -0 0 1
    outer loop
      vertex -94.1239 10.7303 1.995
      vertex -94.12 10.7159 1.995
      vertex -93.7064 10.872 1.995
    endloop
  endfacet
  facet normal 0 0 1
    outer loop
      vertex -94.5562 10.6443 1.995
      vertex -94.12 10.7159 1.995
      vertex -94.1239 10.7303 1.995
    endloop
  endfacet
  facet normal 0 0 1
    outer loop
      vertex -94.12 10.7159 1.995
      vertex -94.5562 10.6443 1.995
      vertex -94.5562 10.6291 1.995
    endloop
  endfacet
  facet normal -0 0 1
    outer loop
      vertex -94.5582 10.6439 1.995
      vertex -94.5562 10.6291 1.995
      vertex -94.5562 10.6443 1.995
    endloop
  endfacet
  facet normal -0 0 1
    outer loop
      vertex -94.5601 10.6437 1.995
      vertex -94.5562 10.6291 1.995
      vertex -94.5582 10.6439 1.995
    endloop
  endfacet
  facet normal 0 0 1
    outer loop
      vertex -95 10.6 1.995
      vertex -94.5601 10.6437 1.995
      vertex -95 10.6149 1.995
    endloop
  endfacet
  facet normal 0 0 1
    outer loop
      vertex -94.5601 10.6437 1.995
      vertex -95 10.6 1.995
      vertex -94.5562 10.6291 1.995
    endloop
  endfacet
  facet normal 0 0 1
    outer loop
      vertex -95.4399 10.6437 1.995
      vertex -95 10.6 1.995
      vertex -95 10.6149 1.995
    endloop
  endfacet
  facet normal 0 0 1
    outer loop
      vertex -95.4438 10.6291 1.995
      vertex -95.4399 10.6437 1.995
      vertex -95.4418 10.6439 1.995
    endloop
  endfacet
  facet normal 0 0 1
    outer loop
      vertex -95.4399 10.6437 1.995
      vertex -95.4438 10.6291 1.995
      vertex -95 10.6 1.995
    endloop
  endfacet
  facet normal 0 0 1
    outer loop
      vertex -95.4438 10.6443 1.995
      vertex -95.4438 10.6291 1.995
      vertex -95.4418 10.6439 1.995
    endloop
  endfacet
  facet normal -0 0 1
    outer loop
      vertex -95.88 10.7159 1.995
      vertex -95.4438 10.6443 1.995
      vertex -95.8761 10.7303 1.995
    endloop
  endfacet
  facet normal 0 0 1
    outer loop
      vertex -95.4438 10.6443 1.995
      vertex -95.88 10.7159 1.995
      vertex -95.4438 10.6291 1.995
    endloop
  endfacet
  facet normal 0 0 1
    outer loop
      vertex -96.2936 10.872 1.995
      vertex -95.88 10.7159 1.995
      vertex -95.8761 10.7303 1.995
    endloop
  endfacet
  facet normal 0 0 1
    outer loop
      vertex -96.3011 10.8588 1.995
      vertex -96.2936 10.872 1.995
      vertex -96.2954 10.8726 1.995
    endloop
  endfacet
  facet normal 0 0 1
    outer loop
      vertex -96.2936 10.872 1.995
      vertex -96.3011 10.8588 1.995
      vertex -95.88 10.7159 1.995
    endloop
  endfacet
  facet normal 0 0 1
    outer loop
      vertex -96.6908 11.0676 1.995
      vertex -96.3011 10.8588 1.995
      vertex -96.2954 10.8726 1.995
    endloop
  endfacet
  facet normal 0 0 1
    outer loop
      vertex -96.7 11.0555 1.995
      vertex -96.6908 11.0676 1.995
      vertex -96.6925 11.0684 1.995
    endloop
  endfacet
  facet normal 0 0 1
    outer loop
      vertex -96.6908 11.0676 1.995
      vertex -96.7 11.0555 1.995
      vertex -96.3011 10.8588 1.995
    endloop
  endfacet
  facet normal 0 0 1
    outer loop
      vertex -96.6942 11.0695 1.995
      vertex -96.7 11.0555 1.995
      vertex -96.6925 11.0684 1.995
    endloop
  endfacet
  facet normal -0 0 1
    outer loop
      vertex -97.0698 11.3026 1.995
      vertex -96.6942 11.0695 1.995
      vertex -97.0607 11.3144 1.995
    endloop
  endfacet
  facet normal 0 0 1
    outer loop
      vertex -96.6942 11.0695 1.995
      vertex -97.0698 11.3026 1.995
      vertex -96.7 11.0555 1.995
    endloop
  endfacet
  facet normal 0 0 1
    outer loop
      vertex -97.3922 11.6051 1.995
      vertex -97.0698 11.3026 1.995
      vertex -97.0607 11.3144 1.995
    endloop
  endfacet
  facet normal 0 0 1
    outer loop
      vertex -97.4042 11.5958 1.995
      vertex -97.3922 11.6051 1.995
      vertex -97.3936 11.6064 1.995
    endloop
  endfacet
  facet normal 0 0 1
    outer loop
      vertex -97.3922 11.6051 1.995
      vertex -97.4042 11.5958 1.995
      vertex -97.0698 11.3026 1.995
    endloop
  endfacet
  facet normal 0 0 1
    outer loop
      vertex -97.3949 11.6078 1.995
      vertex -97.4042 11.5958 1.995
      vertex -97.3936 11.6064 1.995
    endloop
  endfacet
  facet normal -0 0 1
    outer loop
      vertex -97.6974 11.9302 1.995
      vertex -97.3949 11.6078 1.995
      vertex -97.6856 11.9393 1.995
    endloop
  endfacet
  facet normal 0 0 1
    outer loop
      vertex -97.3949 11.6078 1.995
      vertex -97.6974 11.9302 1.995
      vertex -97.4042 11.5958 1.995
    endloop
  endfacet
  facet normal 0 0 1
    outer loop
      vertex -97.9305 12.3058 1.995
      vertex -97.6974 11.9302 1.995
      vertex -97.6856 11.9393 1.995
    endloop
  endfacet
  facet normal 0 0 1
    outer loop
      vertex -97.9445 12.3 1.995
      vertex -97.9305 12.3058 1.995
      vertex -97.9316 12.3075 1.995
    endloop
  endfacet
  facet normal 0 0 1
    outer loop
      vertex -97.9305 12.3058 1.995
      vertex -97.9445 12.3 1.995
      vertex -97.6974 11.9302 1.995
    endloop
  endfacet
  facet normal 0 0 1
    outer loop
      vertex -97.9324 12.3092 1.995
      vertex -97.9445 12.3 1.995
      vertex -97.9316 12.3075 1.995
    endloop
  endfacet
  facet normal -0 0 1
    outer loop
      vertex -98.1412 12.6989 1.995
      vertex -97.9324 12.3092 1.995
      vertex -98.1274 12.7046 1.995
    endloop
  endfacet
  facet normal 0 0 1
    outer loop
      vertex -97.9324 12.3092 1.995
      vertex -98.1412 12.6989 1.995
      vertex -97.9445 12.3 1.995
    endloop
  endfacet
  facet normal 0 0 1
    outer loop
      vertex -98.128 12.7064 1.995
      vertex -98.1412 12.6989 1.995
      vertex -98.1274 12.7046 1.995
    endloop
  endfacet
  facet normal -0 0 1
    outer loop
      vertex -98.2841 13.12 1.995
      vertex -98.128 12.7064 1.995
      vertex -98.2697 13.1239 1.995
    endloop
  endfacet
  facet normal 0 0 1
    outer loop
      vertex -98.128 12.7064 1.995
      vertex -98.2841 13.12 1.995
      vertex -98.1412 12.6989 1.995
    endloop
  endfacet
  facet normal 0 0 1
    outer loop
      vertex -98.3558 13.5562 1.995
      vertex -98.2841 13.12 1.995
      vertex -98.2697 13.1239 1.995
    endloop
  endfacet
  facet normal 0 0 1
    outer loop
      vertex -98.3709 13.5562 1.995
      vertex -98.3558 13.5562 1.995
      vertex -98.3561 13.5582 1.995
    endloop
  endfacet
  facet normal 0 0 1
    outer loop
      vertex -98.3558 13.5562 1.995
      vertex -98.3709 13.5562 1.995
      vertex -98.2841 13.12 1.995
    endloop
  endfacet
  facet normal 0 0 1
    outer loop
      vertex -98.3563 13.5601 1.995
      vertex -98.3709 13.5562 1.995
      vertex -98.3561 13.5582 1.995
    endloop
  endfacet
  facet normal -0 0 1
    outer loop
      vertex -98.4 14 1.995
      vertex -98.3563 13.5601 1.995
      vertex -98.3851 14 1.995
    endloop
  endfacet
  facet normal 0 0 1
    outer loop
      vertex -98.3563 13.5601 1.995
      vertex -98.4 14 1.995
      vertex -98.3709 13.5562 1.995
    endloop
  endfacet
  facet normal -0.997857 -0.0654296 0
    outer loop
      vertex -91.6 14 1.995
      vertex -91.6291 14.4438 2
      vertex -91.6291 14.4438 1.995
    endloop
  endfacet
  facet normal -0.997857 -0.0654296 0
    outer loop
      vertex -91.6291 14.4438 2
      vertex -91.6 14 1.995
      vertex -91.6 14 2
    endloop
  endfacet
  facet normal 0.98077 -0.195165 0
    outer loop
      vertex -36.6855 96.2219 0.3
      vertex -36.6421 96.44 0
      vertex -36.6421 96.44 0.3
    endloop
  endfacet
  facet normal 0.98077 -0.195165 0
    outer loop
      vertex -36.6421 96.44 0
      vertex -36.6855 96.2219 0.3
      vertex -36.6855 96.2219 0
    endloop
  endfacet
  facet normal 0.997872 -0.0652057 0
    outer loop
      vertex -36.7 96 0.3
      vertex -36.6855 96.2219 0
      vertex -36.6855 96.2219 0.3
    endloop
  endfacet
  facet normal 0.997872 -0.0652057 0
    outer loop
      vertex -36.6855 96.2219 0
      vertex -36.7 96 0.3
      vertex -36.7 96 0
    endloop
  endfacet
  facet normal 0.0652057 0.997872 -0
    outer loop
      vertex -35 94.3 0
      vertex -35.2219 94.3145 0.3
      vertex -35 94.3 0.3
    endloop
  endfacet
  facet normal 0.0652057 0.997872 0
    outer loop
      vertex -35.2219 94.3145 0.3
      vertex -35 94.3 0
      vertex -35.2219 94.3145 0
    endloop
  endfacet
  facet normal -0.659268 -0.751908 0
    outer loop
      vertex -33.9651 97.3487 0
      vertex -33.7979 97.2021 0.3
      vertex -33.9651 97.3487 0.3
    endloop
  endfacet
  facet normal -0.659268 -0.751908 -0
    outer loop
      vertex -33.7979 97.2021 0.3
      vertex -33.9651 97.3487 0
      vertex -33.7979 97.2021 0
    endloop
  endfacet
  facet normal -0.831566 0.555426 0
    outer loop
      vertex -33.6513 94.9651 0
      vertex -33.5278 95.15 0.3
      vertex -33.5278 95.15 0
    endloop
  endfacet
  facet normal -0.831566 0.555426 0
    outer loop
      vertex -33.5278 95.15 0.3
      vertex -33.6513 94.9651 0
      vertex -33.6513 94.9651 0.3
    endloop
  endfacet
  facet normal -0.195165 0.98077 0
    outer loop
      vertex -34.56 94.3579 0
      vertex -34.7781 94.3145 0.3
      vertex -34.56 94.3579 0.3
    endloop
  endfacet
  facet normal -0.195165 0.98077 0
    outer loop
      vertex -34.7781 94.3145 0.3
      vertex -34.56 94.3579 0
      vertex -34.7781 94.3145 0
    endloop
  endfacet
  facet normal 0.659268 -0.751908 0
    outer loop
      vertex -36.2021 97.2021 0
      vertex -36.0349 97.3487 0.3
      vertex -36.2021 97.2021 0.3
    endloop
  endfacet
  facet normal 0.659268 -0.751908 0
    outer loop
      vertex -36.0349 97.3487 0.3
      vertex -36.2021 97.2021 0
      vertex -36.0349 97.3487 0
    endloop
  endfacet
  facet normal 0.946915 0.321484 0
    outer loop
      vertex -36.5706 95.3494 0.3
      vertex -36.6421 95.56 0
      vertex -36.6421 95.56 0.3
    endloop
  endfacet
  facet normal 0.946915 0.321484 0
    outer loop
      vertex -36.6421 95.56 0
      vertex -36.5706 95.3494 0.3
      vertex -36.5706 95.3494 0
    endloop
  endfacet
  facet normal 0.751908 0.659268 0
    outer loop
      vertex -36.2021 94.7979 0.3
      vertex -36.3487 94.9651 0
      vertex -36.3487 94.9651 0.3
    endloop
  endfacet
  facet normal 0.751908 0.659268 0
    outer loop
      vertex -36.3487 94.9651 0
      vertex -36.2021 94.7979 0.3
      vertex -36.2021 94.7979 0
    endloop
  endfacet
  facet normal 0.751908 -0.659268 0
    outer loop
      vertex -36.3487 97.0349 0.3
      vertex -36.2021 97.2021 0
      vertex -36.2021 97.2021 0.3
    endloop
  endfacet
  facet normal 0.751908 -0.659268 0
    outer loop
      vertex -36.2021 97.2021 0
      vertex -36.3487 97.0349 0.3
      vertex -36.3487 97.0349 0
    endloop
  endfacet
  facet normal -0.946915 0.321484 0
    outer loop
      vertex -33.4294 95.3494 0
      vertex -33.3579 95.56 0.3
      vertex -33.3579 95.56 0
    endloop
  endfacet
  facet normal -0.946915 0.321484 0
    outer loop
      vertex -33.3579 95.56 0.3
      vertex -33.4294 95.3494 0
      vertex -33.4294 95.3494 0.3
    endloop
  endfacet
  facet normal 0.321484 0.946915 -0
    outer loop
      vertex -35.44 94.3579 0
      vertex -35.6506 94.4294 0.3
      vertex -35.44 94.3579 0.3
    endloop
  endfacet
  facet normal 0.321484 0.946915 0
    outer loop
      vertex -35.6506 94.4294 0.3
      vertex -35.44 94.3579 0
      vertex -35.6506 94.4294 0
    endloop
  endfacet
  facet normal -0.0652057 0.997872 0
    outer loop
      vertex -34.7781 94.3145 0
      vertex -35 94.3 0.3
      vertex -34.7781 94.3145 0.3
    endloop
  endfacet
  facet normal -0.0652057 0.997872 0
    outer loop
      vertex -35 94.3 0.3
      vertex -34.7781 94.3145 0
      vertex -35 94.3 0
    endloop
  endfacet
  facet normal -0.321484 -0.946915 0
    outer loop
      vertex -34.56 97.6421 0
      vertex -34.3494 97.5706 0.3
      vertex -34.56 97.6421 0.3
    endloop
  endfacet
  facet normal -0.321484 -0.946915 -0
    outer loop
      vertex -34.3494 97.5706 0.3
      vertex -34.56 97.6421 0
      vertex -34.3494 97.5706 0
    endloop
  endfacet
  facet normal 0.946915 -0.321484 0
    outer loop
      vertex -36.6421 96.44 0.3
      vertex -36.5706 96.6506 0
      vertex -36.5706 96.6506 0.3
    endloop
  endfacet
  facet normal 0.946915 -0.321484 0
    outer loop
      vertex -36.5706 96.6506 0
      vertex -36.6421 96.44 0.3
      vertex -36.6421 96.44 0
    endloop
  endfacet
  facet normal -0.751908 -0.659268 0
    outer loop
      vertex -33.6513 97.0349 0
      vertex -33.7979 97.2021 0.3
      vertex -33.7979 97.2021 0
    endloop
  endfacet
  facet normal -0.751908 -0.659268 0
    outer loop
      vertex -33.7979 97.2021 0.3
      vertex -33.6513 97.0349 0
      vertex -33.6513 97.0349 0.3
    endloop
  endfacet
  facet normal -0.44253 0.896754 0
    outer loop
      vertex -34.15 94.5278 0
      vertex -34.3494 94.4294 0.3
      vertex -34.15 94.5278 0.3
    endloop
  endfacet
  facet normal -0.44253 0.896754 0
    outer loop
      vertex -34.3494 94.4294 0.3
      vertex -34.15 94.5278 0
      vertex -34.3494 94.4294 0
    endloop
  endfacet
  facet normal -0.0652057 -0.997872 0
    outer loop
      vertex -35 97.7 0
      vertex -34.7781 97.6855 0.3
      vertex -35 97.7 0.3
    endloop
  endfacet
  facet normal -0.0652057 -0.997872 -0
    outer loop
      vertex -34.7781 97.6855 0.3
      vertex -35 97.7 0
      vertex -34.7781 97.6855 0
    endloop
  endfacet
  facet normal 0.896754 0.44253 0
    outer loop
      vertex -36.4722 95.15 0.3
      vertex -36.5706 95.3494 0
      vertex -36.5706 95.3494 0.3
    endloop
  endfacet
  facet normal 0.896754 0.44253 0
    outer loop
      vertex -36.5706 95.3494 0
      vertex -36.4722 95.15 0.3
      vertex -36.4722 95.15 0
    endloop
  endfacet
  facet normal 0.555426 0.831566 -0
    outer loop
      vertex -35.85 94.5278 0
      vertex -36.0349 94.6513 0.3
      vertex -35.85 94.5278 0.3
    endloop
  endfacet
  facet normal 0.555426 0.831566 0
    outer loop
      vertex -36.0349 94.6513 0.3
      vertex -35.85 94.5278 0
      vertex -36.0349 94.6513 0
    endloop
  endfacet
  facet normal -0.98077 0.195165 0
    outer loop
      vertex -33.3579 95.56 0
      vertex -33.3145 95.7781 0.3
      vertex -33.3145 95.7781 0
    endloop
  endfacet
  facet normal -0.98077 0.195165 0
    outer loop
      vertex -33.3145 95.7781 0.3
      vertex -33.3579 95.56 0
      vertex -33.3579 95.56 0.3
    endloop
  endfacet
  facet normal 0.195165 -0.98077 0
    outer loop
      vertex -35.44 97.6421 0
      vertex -35.2219 97.6855 0.3
      vertex -35.44 97.6421 0.3
    endloop
  endfacet
  facet normal 0.195165 -0.98077 0
    outer loop
      vertex -35.2219 97.6855 0.3
      vertex -35.44 97.6421 0
      vertex -35.2219 97.6855 0
    endloop
  endfacet
  facet normal 0.831566 -0.555426 0
    outer loop
      vertex -36.4722 96.85 0.3
      vertex -36.3487 97.0349 0
      vertex -36.3487 97.0349 0.3
    endloop
  endfacet
  facet normal 0.831566 -0.555426 0
    outer loop
      vertex -36.3487 97.0349 0
      vertex -36.4722 96.85 0.3
      vertex -36.4722 96.85 0
    endloop
  endfacet
  facet normal 0.997872 0.0652057 0
    outer loop
      vertex -36.6855 95.7781 0.3
      vertex -36.7 96 0
      vertex -36.7 96 0.3
    endloop
  endfacet
  facet normal 0.997872 0.0652057 0
    outer loop
      vertex -36.7 96 0
      vertex -36.6855 95.7781 0.3
      vertex -36.6855 95.7781 0
    endloop
  endfacet
  facet normal 0.321484 -0.946915 0
    outer loop
      vertex -35.6506 97.5706 0
      vertex -35.44 97.6421 0.3
      vertex -35.6506 97.5706 0.3
    endloop
  endfacet
  facet normal 0.321484 -0.946915 0
    outer loop
      vertex -35.44 97.6421 0.3
      vertex -35.6506 97.5706 0
      vertex -35.44 97.6421 0
    endloop
  endfacet
  facet normal 0.555426 -0.831566 0
    outer loop
      vertex -36.0349 97.3487 0
      vertex -35.85 97.4722 0.3
      vertex -36.0349 97.3487 0.3
    endloop
  endfacet
  facet normal 0.555426 -0.831566 0
    outer loop
      vertex -35.85 97.4722 0.3
      vertex -36.0349 97.3487 0
      vertex -35.85 97.4722 0
    endloop
  endfacet
  facet normal -0.195165 -0.98077 0
    outer loop
      vertex -34.7781 97.6855 0
      vertex -34.56 97.6421 0.3
      vertex -34.7781 97.6855 0.3
    endloop
  endfacet
  facet normal -0.195165 -0.98077 -0
    outer loop
      vertex -34.56 97.6421 0.3
      vertex -34.7781 97.6855 0
      vertex -34.56 97.6421 0
    endloop
  endfacet
  facet normal 0.659268 0.751908 -0
    outer loop
      vertex -36.0349 94.6513 0
      vertex -36.2021 94.7979 0.3
      vertex -36.0349 94.6513 0.3
    endloop
  endfacet
  facet normal 0.659268 0.751908 0
    outer loop
      vertex -36.2021 94.7979 0.3
      vertex -36.0349 94.6513 0
      vertex -36.2021 94.7979 0
    endloop
  endfacet
  facet normal -0.896754 -0.44253 0
    outer loop
      vertex -33.4294 96.6506 0
      vertex -33.5278 96.85 0.3
      vertex -33.5278 96.85 0
    endloop
  endfacet
  facet normal -0.896754 -0.44253 0
    outer loop
      vertex -33.5278 96.85 0.3
      vertex -33.4294 96.6506 0
      vertex -33.4294 96.6506 0.3
    endloop
  endfacet
  facet normal 0.98077 0.195165 0
    outer loop
      vertex -36.6421 95.56 0.3
      vertex -36.6855 95.7781 0
      vertex -36.6855 95.7781 0.3
    endloop
  endfacet
  facet normal 0.98077 0.195165 0
    outer loop
      vertex -36.6855 95.7781 0
      vertex -36.6421 95.56 0.3
      vertex -36.6421 95.56 0
    endloop
  endfacet
  facet normal 0.195165 0.98077 -0
    outer loop
      vertex -35.2219 94.3145 0
      vertex -35.44 94.3579 0.3
      vertex -35.2219 94.3145 0.3
    endloop
  endfacet
  facet normal 0.195165 0.98077 0
    outer loop
      vertex -35.44 94.3579 0.3
      vertex -35.2219 94.3145 0
      vertex -35.44 94.3579 0
    endloop
  endfacet
  facet normal -0.659268 0.751908 0
    outer loop
      vertex -33.7979 94.7979 0
      vertex -33.9651 94.6513 0.3
      vertex -33.7979 94.7979 0.3
    endloop
  endfacet
  facet normal -0.659268 0.751908 0
    outer loop
      vertex -33.9651 94.6513 0.3
      vertex -33.7979 94.7979 0
      vertex -33.9651 94.6513 0
    endloop
  endfacet
  facet normal -0.751908 0.659268 0
    outer loop
      vertex -33.7979 94.7979 0
      vertex -33.6513 94.9651 0.3
      vertex -33.6513 94.9651 0
    endloop
  endfacet
  facet normal -0.751908 0.659268 0
    outer loop
      vertex -33.6513 94.9651 0.3
      vertex -33.7979 94.7979 0
      vertex -33.7979 94.7979 0.3
    endloop
  endfacet
  facet normal 0.0652057 -0.997872 0
    outer loop
      vertex -35.2219 97.6855 0
      vertex -35 97.7 0.3
      vertex -35.2219 97.6855 0.3
    endloop
  endfacet
  facet normal 0.0652057 -0.997872 0
    outer loop
      vertex -35 97.7 0.3
      vertex -35.2219 97.6855 0
      vertex -35 97.7 0
    endloop
  endfacet
  facet normal 0.44253 -0.896754 0
    outer loop
      vertex -35.85 97.4722 0
      vertex -35.6506 97.5706 0.3
      vertex -35.85 97.4722 0.3
    endloop
  endfacet
  facet normal 0.44253 -0.896754 0
    outer loop
      vertex -35.6506 97.5706 0.3
      vertex -35.85 97.4722 0
      vertex -35.6506 97.5706 0
    endloop
  endfacet
  facet normal 0.831566 0.555426 0
    outer loop
      vertex -36.3487 94.9651 0.3
      vertex -36.4722 95.15 0
      vertex -36.4722 95.15 0.3
    endloop
  endfacet
  facet normal 0.831566 0.555426 0
    outer loop
      vertex -36.4722 95.15 0
      vertex -36.3487 94.9651 0.3
      vertex -36.3487 94.9651 0
    endloop
  endfacet
  facet normal -0.997872 0.0652057 0
    outer loop
      vertex -33.3145 95.7781 0
      vertex -33.3 96 0.3
      vertex -33.3 96 0
    endloop
  endfacet
  facet normal -0.997872 0.0652057 0
    outer loop
      vertex -33.3 96 0.3
      vertex -33.3145 95.7781 0
      vertex -33.3145 95.7781 0.3
    endloop
  endfacet
  facet normal 0.44253 0.896754 -0
    outer loop
      vertex -35.6506 94.4294 0
      vertex -35.85 94.5278 0.3
      vertex -35.6506 94.4294 0.3
    endloop
  endfacet
  facet normal 0.44253 0.896754 0
    outer loop
      vertex -35.85 94.5278 0.3
      vertex -35.6506 94.4294 0
      vertex -35.85 94.5278 0
    endloop
  endfacet
  facet normal -0.98077 -0.195165 0
    outer loop
      vertex -33.3145 96.2219 0
      vertex -33.3579 96.44 0.3
      vertex -33.3579 96.44 0
    endloop
  endfacet
  facet normal -0.98077 -0.195165 0
    outer loop
      vertex -33.3579 96.44 0.3
      vertex -33.3145 96.2219 0
      vertex -33.3145 96.2219 0.3
    endloop
  endfacet
  facet normal -0.896754 0.44253 0
    outer loop
      vertex -33.5278 95.15 0
      vertex -33.4294 95.3494 0.3
      vertex -33.4294 95.3494 0
    endloop
  endfacet
  facet normal -0.896754 0.44253 0
    outer loop
      vertex -33.4294 95.3494 0.3
      vertex -33.5278 95.15 0
      vertex -33.5278 95.15 0.3
    endloop
  endfacet
  facet normal -0.946915 -0.321484 0
    outer loop
      vertex -33.3579 96.44 0
      vertex -33.4294 96.6506 0.3
      vertex -33.4294 96.6506 0
    endloop
  endfacet
  facet normal -0.946915 -0.321484 0
    outer loop
      vertex -33.4294 96.6506 0.3
      vertex -33.3579 96.44 0
      vertex -33.3579 96.44 0.3
    endloop
  endfacet
  facet normal -0.555426 -0.831566 0
    outer loop
      vertex -34.15 97.4722 0
      vertex -33.9651 97.3487 0.3
      vertex -34.15 97.4722 0.3
    endloop
  endfacet
  facet normal -0.555426 -0.831566 -0
    outer loop
      vertex -33.9651 97.3487 0.3
      vertex -34.15 97.4722 0
      vertex -33.9651 97.3487 0
    endloop
  endfacet
  facet normal 0.896754 -0.44253 0
    outer loop
      vertex -36.5706 96.6506 0.3
      vertex -36.4722 96.85 0
      vertex -36.4722 96.85 0.3
    endloop
  endfacet
  facet normal 0.896754 -0.44253 0
    outer loop
      vertex -36.4722 96.85 0
      vertex -36.5706 96.6506 0.3
      vertex -36.5706 96.6506 0
    endloop
  endfacet
  facet normal -0.997872 -0.0652057 0
    outer loop
      vertex -33.3 96 0
      vertex -33.3145 96.2219 0.3
      vertex -33.3145 96.2219 0
    endloop
  endfacet
  facet normal -0.997872 -0.0652057 0
    outer loop
      vertex -33.3145 96.2219 0.3
      vertex -33.3 96 0
      vertex -33.3 96 0.3
    endloop
  endfacet
  facet normal -0.321484 0.946915 0
    outer loop
      vertex -34.3494 94.4294 0
      vertex -34.56 94.3579 0.3
      vertex -34.3494 94.4294 0.3
    endloop
  endfacet
  facet normal -0.321484 0.946915 0
    outer loop
      vertex -34.56 94.3579 0.3
      vertex -34.3494 94.4294 0
      vertex -34.56 94.3579 0
    endloop
  endfacet
  facet normal -0.44253 -0.896754 0
    outer loop
      vertex -34.3494 97.5706 0
      vertex -34.15 97.4722 0.3
      vertex -34.3494 97.5706 0.3
    endloop
  endfacet
  facet normal -0.44253 -0.896754 -0
    outer loop
      vertex -34.15 97.4722 0.3
      vertex -34.3494 97.5706 0
      vertex -34.15 97.4722 0
    endloop
  endfacet
  facet normal -0.831566 -0.555426 0
    outer loop
      vertex -33.5278 96.85 0
      vertex -33.6513 97.0349 0.3
      vertex -33.6513 97.0349 0
    endloop
  endfacet
  facet normal -0.831566 -0.555426 0
    outer loop
      vertex -33.6513 97.0349 0.3
      vertex -33.5278 96.85 0
      vertex -33.5278 96.85 0.3
    endloop
  endfacet
  facet normal -0.555426 0.831566 0
    outer loop
      vertex -33.9651 94.6513 0
      vertex -34.15 94.5278 0.3
      vertex -33.9651 94.6513 0.3
    endloop
  endfacet
  facet normal -0.555426 0.831566 0
    outer loop
      vertex -34.15 94.5278 0.3
      vertex -33.9651 94.6513 0
      vertex -34.15 94.5278 0
    endloop
  endfacet
  facet normal 0.696303 0.13852 0.704254
    outer loop
      vertex -38.3557 95.5562 1.995
      vertex -38.2697 95.1239 1.995
      vertex -36.6421 95.56 0.3
    endloop
  endfacet
  facet normal 0.228173 0.672281 0.704255
    outer loop
      vertex -36.2936 92.872 1.995
      vertex -35.8761 92.7303 1.995
      vertex -35.44 94.3579 0.3
    endloop
  endfacet
  facet normal 0.708412 -0.0463793 0.704274
    outer loop
      vertex -38.3851 96 1.995
      vertex -36.7 96 0.3
      vertex -38.3563 96.4399 1.995
    endloop
  endfacet
  facet normal 0.705415 -0.0742542 0.704894
    outer loop
      vertex -38.3563 96.4399 1.995
      vertex -36.6855 96.2219 0.3
      vertex -38.3561 96.4418 1.995
    endloop
  endfacet
  facet normal 0.708426 -0.0462919 0.704265
    outer loop
      vertex -36.6855 96.2219 0.3
      vertex -38.3563 96.4399 1.995
      vertex -36.7 96 0.3
    endloop
  endfacet
  facet normal 0.533767 0.468073 0.704273
    outer loop
      vertex -37.6856 93.9393 1.995
      vertex -37.3949 93.6078 1.995
      vertex -36.3487 94.9651 0.3
    endloop
  endfacet
  facet normal -0.708426 0.0462919 0.704265
    outer loop
      vertex -33.3145 95.7781 0.3
      vertex -31.6437 95.5601 1.995
      vertex -33.3 96 0.3
    endloop
  endfacet
  facet normal -0.705415 0.0742542 0.704894
    outer loop
      vertex -31.6437 95.5601 1.995
      vertex -33.3145 95.7781 0.3
      vertex -31.6439 95.5582 1.995
    endloop
  endfacet
  facet normal 0.673633 -0.224544 0.704129
    outer loop
      vertex -38.128 97.2936 1.995
      vertex -36.5706 96.6506 0.3
      vertex -38.1274 97.2954 1.995
    endloop
  endfacet
  facet normal 0.672254 -0.228234 0.704261
    outer loop
      vertex -36.5706 96.6506 0.3
      vertex -38.128 97.2936 1.995
      vertex -36.6421 96.44 0.3
    endloop
  endfacet
  facet normal 0.672281 0.228173 0.704255
    outer loop
      vertex -38.2697 95.1239 1.995
      vertex -38.128 94.7064 1.995
      vertex -36.6421 95.56 0.3
    endloop
  endfacet
  facet normal -0.696303 0.13852 0.704254
    outer loop
      vertex -33.3579 95.56 0.3
      vertex -31.7303 95.1239 1.995
      vertex -31.6443 95.5562 1.995
    endloop
  endfacet
  facet normal -0.228173 0.672281 0.704255
    outer loop
      vertex -34.56 94.3579 0.3
      vertex -34.1239 92.7303 1.995
      vertex -33.7064 92.872 1.995
    endloop
  endfacet
  facet normal 0.696303 -0.13852 0.704254
    outer loop
      vertex -38.3557 96.4438 1.995
      vertex -36.6421 96.44 0.3
      vertex -38.2697 96.8761 1.995
    endloop
  endfacet
  facet normal 0.0463793 0.708412 0.704274
    outer loop
      vertex -35.4399 92.6437 1.995
      vertex -35 92.6149 1.995
      vertex -35 94.3 0.3
    endloop
  endfacet
  facet normal 0.0462919 0.708426 0.704265
    outer loop
      vertex -35.2219 94.3145 0.3
      vertex -35.4399 92.6437 1.995
      vertex -35 94.3 0.3
    endloop
  endfacet
  facet normal 0.0742542 0.705415 0.704894
    outer loop
      vertex -35.4399 92.6437 1.995
      vertex -35.2219 94.3145 0.3
      vertex -35.4418 92.6439 1.995
    endloop
  endfacet
  facet normal 0.708412 0.0463793 0.704274
    outer loop
      vertex -38.3851 96 1.995
      vertex -38.3563 95.5601 1.995
      vertex -36.7 96 0.3
    endloop
  endfacet
  facet normal -0.533767 0.468073 0.704273
    outer loop
      vertex -33.6513 94.9651 0.3
      vertex -32.6051 93.6078 1.995
      vertex -32.3144 93.9393 1.995
    endloop
  endfacet
  facet normal -0.314012 -0.636721 0.704261
    outer loop
      vertex -34.3494 97.5706 0.3
      vertex -33.3092 98.9324 1.995
      vertex -33.7046 99.1274 1.995
    endloop
  endfacet
  facet normal -0.0463793 -0.708412 0.704274
    outer loop
      vertex -35 97.7 0.3
      vertex -34.5601 99.3563 1.995
      vertex -35 99.3851 1.995
    endloop
  endfacet
  facet normal 0.672254 0.228234 0.704261
    outer loop
      vertex -38.128 94.7064 1.995
      vertex -36.5706 95.3494 0.3
      vertex -36.6421 95.56 0.3
    endloop
  endfacet
  facet normal 0.673633 0.224544 0.704129
    outer loop
      vertex -36.5706 95.3494 0.3
      vertex -38.128 94.7064 1.995
      vertex -38.1274 94.7046 1.995
    endloop
  endfacet
  facet normal 0.590275 -0.394429 0.704274
    outer loop
      vertex -37.9305 97.6942 1.995
      vertex -36.3487 97.0349 0.3
      vertex -37.6856 98.0607 1.995
    endloop
  endfacet
  facet normal 0.314012 -0.636721 0.704261
    outer loop
      vertex -36.6908 98.9324 1.995
      vertex -35.6506 97.5706 0.3
      vertex -36.2954 99.1274 1.995
    endloop
  endfacet
  facet normal 0.468037 -0.533805 0.704268
    outer loop
      vertex -37.3922 98.3949 1.995
      vertex -36.2021 97.2021 0.3
      vertex -36.0349 97.3487 0.3
    endloop
  endfacet
  facet normal 0.482732 -0.519866 0.704776
    outer loop
      vertex -36.2021 97.2021 0.3
      vertex -37.3922 98.3949 1.995
      vertex -37.3936 98.3936 1.995
    endloop
  endfacet
  facet normal -0.533805 0.468037 0.704268
    outer loop
      vertex -33.7979 94.7979 0.3
      vertex -32.6051 93.6078 1.995
      vertex -33.6513 94.9651 0.3
    endloop
  endfacet
  facet normal -0.519866 0.482732 0.704776
    outer loop
      vertex -32.6051 93.6078 1.995
      vertex -33.7979 94.7979 0.3
      vertex -32.6064 93.6064 1.995
    endloop
  endfacet
  facet normal 0.228234 0.672254 0.704261
    outer loop
      vertex -35.6506 94.4294 0.3
      vertex -36.2936 92.872 1.995
      vertex -35.44 94.3579 0.3
    endloop
  endfacet
  facet normal 0.224544 0.673633 0.704129
    outer loop
      vertex -36.2936 92.872 1.995
      vertex -35.6506 94.4294 0.3
      vertex -36.2954 92.8726 1.995
    endloop
  endfacet
  facet normal 0.394306 0.590341 0.704287
    outer loop
      vertex -36.6942 93.0695 1.995
      vertex -35.85 94.5278 0.3
      vertex -36.0349 94.6513 0.3
    endloop
  endfacet
  facet normal 0.385504 0.595778 0.704582
    outer loop
      vertex -35.85 94.5278 0.3
      vertex -36.6942 93.0695 1.995
      vertex -36.6925 93.0684 1.995
    endloop
  endfacet
  facet normal -0.468073 0.533767 0.704273
    outer loop
      vertex -33.9651 94.6513 0.3
      vertex -32.9393 93.3144 1.995
      vertex -32.6078 93.6051 1.995
    endloop
  endfacet
  facet normal 0.394429 0.590275 0.704274
    outer loop
      vertex -37.0607 93.3144 1.995
      vertex -36.6942 93.0695 1.995
      vertex -36.0349 94.6513 0.3
    endloop
  endfacet
  facet normal 0.0463793 -0.708412 0.704274
    outer loop
      vertex -35.4399 99.3563 1.995
      vertex -35 97.7 0.3
      vertex -35 99.3851 1.995
    endloop
  endfacet
  facet normal -0.595778 0.385504 0.704582
    outer loop
      vertex -33.5278 95.15 0.3
      vertex -32.0695 94.3058 1.995
      vertex -32.0684 94.3075 1.995
    endloop
  endfacet
  facet normal -0.590341 0.394306 0.704287
    outer loop
      vertex -32.0695 94.3058 1.995
      vertex -33.5278 95.15 0.3
      vertex -33.6513 94.9651 0.3
    endloop
  endfacet
  facet normal -0.672281 -0.228173 0.704255
    outer loop
      vertex -33.3579 96.44 0.3
      vertex -31.7303 96.8761 1.995
      vertex -31.872 97.2936 1.995
    endloop
  endfacet
  facet normal 0.314012 0.636721 0.704261
    outer loop
      vertex -36.6908 93.0676 1.995
      vertex -36.2954 92.8726 1.995
      vertex -35.6506 94.4294 0.3
    endloop
  endfacet
  facet normal -0.590275 0.394429 0.704274
    outer loop
      vertex -33.6513 94.9651 0.3
      vertex -32.3144 93.9393 1.995
      vertex -32.0695 94.3058 1.995
    endloop
  endfacet
  facet normal 0.314163 -0.636627 0.704278
    outer loop
      vertex -36.6908 98.9324 1.995
      vertex -35.85 97.4722 0.3
      vertex -35.6506 97.5706 0.3
    endloop
  endfacet
  facet normal 0.302488 -0.642787 0.703794
    outer loop
      vertex -35.85 97.4722 0.3
      vertex -36.6908 98.9324 1.995
      vertex -36.6925 98.9316 1.995
    endloop
  endfacet
  facet normal 0.138674 0.696267 0.70426
    outer loop
      vertex -35.8761 92.7303 1.995
      vertex -35.4438 92.6442 1.995
      vertex -35.44 94.3579 0.3
    endloop
  endfacet
  facet normal -0.636721 0.314012 0.704261
    outer loop
      vertex -33.4294 95.3494 0.3
      vertex -32.0676 94.3092 1.995
      vertex -31.8726 94.7046 1.995
    endloop
  endfacet
  facet normal 0.468073 -0.533767 0.704273
    outer loop
      vertex -37.3922 98.3949 1.995
      vertex -36.0349 97.3487 0.3
      vertex -37.0607 98.6856 1.995
    endloop
  endfacet
  facet normal 0.533767 -0.468073 0.704273
    outer loop
      vertex -37.6856 98.0607 1.995
      vertex -36.3487 97.0349 0.3
      vertex -37.3949 98.3922 1.995
    endloop
  endfacet
  facet normal -0.394429 0.590275 0.704274
    outer loop
      vertex -33.9651 94.6513 0.3
      vertex -33.3058 93.0695 1.995
      vertex -32.9393 93.3144 1.995
    endloop
  endfacet
  facet normal 0.696299 0.138557 0.704251
    outer loop
      vertex -36.6855 95.7781 0.3
      vertex -38.3557 95.5562 1.995
      vertex -36.6421 95.56 0.3
    endloop
  endfacet
  facet normal 0.696186 0.139237 0.704228
    outer loop
      vertex -38.3557 95.5562 1.995
      vertex -36.6855 95.7781 0.3
      vertex -38.3561 95.5582 1.995
    endloop
  endfacet
  facet normal 0.533805 0.468037 0.704268
    outer loop
      vertex -37.3949 93.6078 1.995
      vertex -36.2021 94.7979 0.3
      vertex -36.3487 94.9651 0.3
    endloop
  endfacet
  facet normal 0.519866 0.482732 0.704776
    outer loop
      vertex -36.2021 94.7979 0.3
      vertex -37.3949 93.6078 1.995
      vertex -37.3936 93.6064 1.995
    endloop
  endfacet
  facet normal 0.696299 -0.138557 0.704251
    outer loop
      vertex -38.3557 96.4438 1.995
      vertex -36.6855 96.2219 0.3
      vertex -36.6421 96.44 0.3
    endloop
  endfacet
  facet normal 0.696186 -0.139237 0.704228
    outer loop
      vertex -36.6855 96.2219 0.3
      vertex -38.3557 96.4438 1.995
      vertex -38.3561 96.4418 1.995
    endloop
  endfacet
  facet normal -0.636721 -0.314012 0.704261
    outer loop
      vertex -33.4294 96.6506 0.3
      vertex -31.8726 97.2954 1.995
      vertex -32.0676 97.6908 1.995
    endloop
  endfacet
  facet normal 0.468073 0.533767 0.704273
    outer loop
      vertex -37.3922 93.6051 1.995
      vertex -37.0607 93.3144 1.995
      vertex -36.0349 94.6513 0.3
    endloop
  endfacet
  facet normal -0.138553 0.696279 0.704271
    outer loop
      vertex -34.7781 94.3145 0.3
      vertex -34.5562 92.6442 1.995
      vertex -34.56 94.3579 0.3
    endloop
  endfacet
  facet normal -0.105211 0.701404 0.704956
    outer loop
      vertex -34.5562 92.6442 1.995
      vertex -34.7781 94.3145 0.3
      vertex -34.5582 92.6439 1.995
    endloop
  endfacet
  facet normal -0.708412 0.0463793 0.704274
    outer loop
      vertex -33.3 96 0.3
      vertex -31.6437 95.5601 1.995
      vertex -31.6149 96 1.995
    endloop
  endfacet
  facet normal -0.482732 0.519866 0.704776
    outer loop
      vertex -33.7979 94.7979 0.3
      vertex -32.6078 93.6051 1.995
      vertex -32.6064 93.6064 1.995
    endloop
  endfacet
  facet normal -0.468037 0.533805 0.704268
    outer loop
      vertex -32.6078 93.6051 1.995
      vertex -33.7979 94.7979 0.3
      vertex -33.9651 94.6513 0.3
    endloop
  endfacet
  facet normal 0.708426 0.0462919 0.704265
    outer loop
      vertex -38.3563 95.5601 1.995
      vertex -36.6855 95.7781 0.3
      vertex -36.7 96 0.3
    endloop
  endfacet
  facet normal 0.705415 0.0742542 0.704894
    outer loop
      vertex -36.6855 95.7781 0.3
      vertex -38.3563 95.5601 1.995
      vertex -38.3561 95.5582 1.995
    endloop
  endfacet
  facet normal -0.696186 0.139237 0.704228
    outer loop
      vertex -33.3145 95.7781 0.3
      vertex -31.6443 95.5562 1.995
      vertex -31.6439 95.5582 1.995
    endloop
  endfacet
  facet normal -0.696299 0.138557 0.704251
    outer loop
      vertex -31.6443 95.5562 1.995
      vertex -33.3145 95.7781 0.3
      vertex -33.3579 95.56 0.3
    endloop
  endfacet
  facet normal 0.228173 -0.672281 0.704255
    outer loop
      vertex -36.2936 99.128 1.995
      vertex -35.44 97.6421 0.3
      vertex -35.8761 99.2697 1.995
    endloop
  endfacet
  facet normal -0.673633 -0.224544 0.704129
    outer loop
      vertex -33.4294 96.6506 0.3
      vertex -31.872 97.2936 1.995
      vertex -31.8726 97.2954 1.995
    endloop
  endfacet
  facet normal -0.672254 -0.228234 0.704261
    outer loop
      vertex -31.872 97.2936 1.995
      vertex -33.4294 96.6506 0.3
      vertex -33.3579 96.44 0.3
    endloop
  endfacet
  facet normal 0.314163 0.636627 0.704278
    outer loop
      vertex -35.85 94.5278 0.3
      vertex -36.6908 93.0676 1.995
      vertex -35.6506 94.4294 0.3
    endloop
  endfacet
  facet normal 0.302488 0.642787 0.703794
    outer loop
      vertex -36.6908 93.0676 1.995
      vertex -35.85 94.5278 0.3
      vertex -36.6925 93.0684 1.995
    endloop
  endfacet
  facet normal -0.672254 0.228234 0.704261
    outer loop
      vertex -33.4294 95.3494 0.3
      vertex -31.872 94.7064 1.995
      vertex -33.3579 95.56 0.3
    endloop
  endfacet
  facet normal -0.673633 0.224544 0.704129
    outer loop
      vertex -31.872 94.7064 1.995
      vertex -33.4294 95.3494 0.3
      vertex -31.8726 94.7046 1.995
    endloop
  endfacet
  facet normal 0.636721 0.314012 0.704261
    outer loop
      vertex -38.1274 94.7046 1.995
      vertex -37.9324 94.3092 1.995
      vertex -36.5706 95.3494 0.3
    endloop
  endfacet
  facet normal 0.138553 0.696279 0.704271
    outer loop
      vertex -35.4438 92.6442 1.995
      vertex -35.2219 94.3145 0.3
      vertex -35.44 94.3579 0.3
    endloop
  endfacet
  facet normal 0.105211 0.701404 0.704956
    outer loop
      vertex -35.2219 94.3145 0.3
      vertex -35.4438 92.6442 1.995
      vertex -35.4418 92.6439 1.995
    endloop
  endfacet
  facet normal 0.519866 -0.482732 0.704776
    outer loop
      vertex -37.3949 98.3922 1.995
      vertex -36.2021 97.2021 0.3
      vertex -37.3936 98.3936 1.995
    endloop
  endfacet
  facet normal 0.533805 -0.468037 0.704268
    outer loop
      vertex -36.2021 97.2021 0.3
      vertex -37.3949 98.3922 1.995
      vertex -36.3487 97.0349 0.3
    endloop
  endfacet
  facet normal -0.394429 -0.590275 0.704274
    outer loop
      vertex -33.9651 97.3487 0.3
      vertex -32.9393 98.6856 1.995
      vertex -33.3058 98.9305 1.995
    endloop
  endfacet
  facet normal -0.705415 -0.0742542 0.704894
    outer loop
      vertex -33.3145 96.2219 0.3
      vertex -31.6437 96.4399 1.995
      vertex -31.6439 96.4418 1.995
    endloop
  endfacet
  facet normal -0.708426 -0.0462919 0.704265
    outer loop
      vertex -31.6437 96.4399 1.995
      vertex -33.3145 96.2219 0.3
      vertex -33.3 96 0.3
    endloop
  endfacet
  facet normal 0.590341 0.394306 0.704287
    outer loop
      vertex -36.4722 95.15 0.3
      vertex -37.9305 94.3058 1.995
      vertex -36.3487 94.9651 0.3
    endloop
  endfacet
  facet normal 0.595778 0.385504 0.704582
    outer loop
      vertex -37.9305 94.3058 1.995
      vertex -36.4722 95.15 0.3
      vertex -37.9316 94.3075 1.995
    endloop
  endfacet
  facet normal 0.468037 0.533805 0.704268
    outer loop
      vertex -36.2021 94.7979 0.3
      vertex -37.3922 93.6051 1.995
      vertex -36.0349 94.6513 0.3
    endloop
  endfacet
  facet normal 0.482732 0.519866 0.704776
    outer loop
      vertex -37.3922 93.6051 1.995
      vertex -36.2021 94.7979 0.3
      vertex -37.3936 93.6064 1.995
    endloop
  endfacet
  facet normal 0.590275 0.394429 0.704274
    outer loop
      vertex -37.9305 94.3058 1.995
      vertex -37.6856 93.9393 1.995
      vertex -36.3487 94.9651 0.3
    endloop
  endfacet
  facet normal -0.672281 0.228173 0.704255
    outer loop
      vertex -33.3579 95.56 0.3
      vertex -31.872 94.7064 1.995
      vertex -31.7303 95.1239 1.995
    endloop
  endfacet
  facet normal 0.105211 -0.701404 0.704956
    outer loop
      vertex -35.4438 99.3558 1.995
      vertex -35.2219 97.6855 0.3
      vertex -35.4418 99.3561 1.995
    endloop
  endfacet
  facet normal 0.138553 -0.696279 0.704271
    outer loop
      vertex -35.2219 97.6855 0.3
      vertex -35.4438 99.3558 1.995
      vertex -35.44 97.6421 0.3
    endloop
  endfacet
  facet normal -0.394306 0.590341 0.704287
    outer loop
      vertex -34.15 94.5278 0.3
      vertex -33.3058 93.0695 1.995
      vertex -33.9651 94.6513 0.3
    endloop
  endfacet
  facet normal -0.385504 0.595778 0.704582
    outer loop
      vertex -33.3058 93.0695 1.995
      vertex -34.15 94.5278 0.3
      vertex -33.3075 93.0684 1.995
    endloop
  endfacet
  facet normal -0.224544 0.673633 0.704129
    outer loop
      vertex -34.3494 94.4294 0.3
      vertex -33.7064 92.872 1.995
      vertex -33.7046 92.8726 1.995
    endloop
  endfacet
  facet normal -0.228234 0.672254 0.704261
    outer loop
      vertex -33.7064 92.872 1.995
      vertex -34.3494 94.4294 0.3
      vertex -34.56 94.3579 0.3
    endloop
  endfacet
  facet normal -0.590275 -0.394429 0.704274
    outer loop
      vertex -33.6513 97.0349 0.3
      vertex -32.0695 97.6942 1.995
      vertex -32.3144 98.0607 1.995
    endloop
  endfacet
  facet normal 0.672281 -0.228173 0.704255
    outer loop
      vertex -38.2697 96.8761 1.995
      vertex -36.6421 96.44 0.3
      vertex -38.128 97.2936 1.995
    endloop
  endfacet
  facet normal -0.0463793 0.708412 0.704274
    outer loop
      vertex -35 92.6149 1.995
      vertex -34.5601 92.6437 1.995
      vertex -35 94.3 0.3
    endloop
  endfacet
  facet normal -0.302488 -0.642787 0.703794
    outer loop
      vertex -33.3092 98.9324 1.995
      vertex -34.15 97.4722 0.3
      vertex -33.3075 98.9316 1.995
    endloop
  endfacet
  facet normal -0.314163 -0.636627 0.704278
    outer loop
      vertex -34.15 97.4722 0.3
      vertex -33.3092 98.9324 1.995
      vertex -34.3494 97.5706 0.3
    endloop
  endfacet
  facet normal -0.105211 -0.701404 0.704956
    outer loop
      vertex -34.7781 97.6855 0.3
      vertex -34.5562 99.3558 1.995
      vertex -34.5582 99.3561 1.995
    endloop
  endfacet
  facet normal -0.138553 -0.696279 0.704271
    outer loop
      vertex -34.5562 99.3558 1.995
      vertex -34.7781 97.6855 0.3
      vertex -34.56 97.6421 0.3
    endloop
  endfacet
  facet normal -0.696303 -0.13852 0.704254
    outer loop
      vertex -33.3579 96.44 0.3
      vertex -31.6443 96.4438 1.995
      vertex -31.7303 96.8761 1.995
    endloop
  endfacet
  facet normal -0.636627 0.314163 0.704278
    outer loop
      vertex -33.5278 95.15 0.3
      vertex -32.0676 94.3092 1.995
      vertex -33.4294 95.3494 0.3
    endloop
  endfacet
  facet normal -0.642787 0.302488 0.703794
    outer loop
      vertex -32.0676 94.3092 1.995
      vertex -33.5278 95.15 0.3
      vertex -32.0684 94.3075 1.995
    endloop
  endfacet
  facet normal 0.636721 -0.314012 0.704261
    outer loop
      vertex -38.1274 97.2954 1.995
      vertex -36.5706 96.6506 0.3
      vertex -37.9324 97.6908 1.995
    endloop
  endfacet
  facet normal -0.138674 0.696267 0.70426
    outer loop
      vertex -34.56 94.3579 0.3
      vertex -34.5562 92.6442 1.995
      vertex -34.1239 92.7303 1.995
    endloop
  endfacet
  facet normal -0.314012 0.636721 0.704261
    outer loop
      vertex -34.3494 94.4294 0.3
      vertex -33.7046 92.8726 1.995
      vertex -33.3092 93.0676 1.995
    endloop
  endfacet
  facet normal -0.302488 0.642787 0.703794
    outer loop
      vertex -34.15 94.5278 0.3
      vertex -33.3092 93.0676 1.995
      vertex -33.3075 93.0684 1.995
    endloop
  endfacet
  facet normal -0.314163 0.636627 0.704278
    outer loop
      vertex -33.3092 93.0676 1.995
      vertex -34.15 94.5278 0.3
      vertex -34.3494 94.4294 0.3
    endloop
  endfacet
  facet normal -0.224544 -0.673633 0.704129
    outer loop
      vertex -33.7064 99.128 1.995
      vertex -34.3494 97.5706 0.3
      vertex -33.7046 99.1274 1.995
    endloop
  endfacet
  facet normal -0.228234 -0.672254 0.704261
    outer loop
      vertex -34.3494 97.5706 0.3
      vertex -33.7064 99.128 1.995
      vertex -34.56 97.6421 0.3
    endloop
  endfacet
  facet normal -0.228173 -0.672281 0.704255
    outer loop
      vertex -34.56 97.6421 0.3
      vertex -33.7064 99.128 1.995
      vertex -34.1239 99.2697 1.995
    endloop
  endfacet
  facet normal 0.228234 -0.672254 0.704261
    outer loop
      vertex -36.2936 99.128 1.995
      vertex -35.6506 97.5706 0.3
      vertex -35.44 97.6421 0.3
    endloop
  endfacet
  facet normal 0.224544 -0.673633 0.704129
    outer loop
      vertex -35.6506 97.5706 0.3
      vertex -36.2936 99.128 1.995
      vertex -36.2954 99.1274 1.995
    endloop
  endfacet
  facet normal -0.468073 -0.533767 0.704273
    outer loop
      vertex -33.9651 97.3487 0.3
      vertex -32.6078 98.3949 1.995
      vertex -32.9393 98.6856 1.995
    endloop
  endfacet
  facet normal 0.590341 -0.394306 0.704287
    outer loop
      vertex -37.9305 97.6942 1.995
      vertex -36.4722 96.85 0.3
      vertex -36.3487 97.0349 0.3
    endloop
  endfacet
  facet normal 0.595778 -0.385504 0.704582
    outer loop
      vertex -36.4722 96.85 0.3
      vertex -37.9305 97.6942 1.995
      vertex -37.9316 97.6925 1.995
    endloop
  endfacet
  facet normal 0.394429 -0.590275 0.704274
    outer loop
      vertex -37.0607 98.6856 1.995
      vertex -36.0349 97.3487 0.3
      vertex -36.6942 98.9305 1.995
    endloop
  endfacet
  facet normal 0.385504 -0.595778 0.704582
    outer loop
      vertex -36.6942 98.9305 1.995
      vertex -35.85 97.4722 0.3
      vertex -36.6925 98.9316 1.995
    endloop
  endfacet
  facet normal 0.394306 -0.590341 0.704287
    outer loop
      vertex -35.85 97.4722 0.3
      vertex -36.6942 98.9305 1.995
      vertex -36.0349 97.3487 0.3
    endloop
  endfacet
  facet normal 0.138674 -0.696267 0.70426
    outer loop
      vertex -35.8761 99.2697 1.995
      vertex -35.44 97.6421 0.3
      vertex -35.4438 99.3558 1.995
    endloop
  endfacet
  facet normal 0.0742542 -0.705415 0.704894
    outer loop
      vertex -35.2219 97.6855 0.3
      vertex -35.4399 99.3563 1.995
      vertex -35.4418 99.3561 1.995
    endloop
  endfacet
  facet normal 0.0462919 -0.708426 0.704265
    outer loop
      vertex -35.4399 99.3563 1.995
      vertex -35.2219 97.6855 0.3
      vertex -35 97.7 0.3
    endloop
  endfacet
  facet normal 0.636627 0.314163 0.704278
    outer loop
      vertex -37.9324 94.3092 1.995
      vertex -36.4722 95.15 0.3
      vertex -36.5706 95.3494 0.3
    endloop
  endfacet
  facet normal 0.642787 0.302488 0.703794
    outer loop
      vertex -36.4722 95.15 0.3
      vertex -37.9324 94.3092 1.995
      vertex -37.9316 94.3075 1.995
    endloop
  endfacet
  facet normal -0.696186 -0.139237 0.704228
    outer loop
      vertex -31.6443 96.4438 1.995
      vertex -33.3145 96.2219 0.3
      vertex -31.6439 96.4418 1.995
    endloop
  endfacet
  facet normal -0.696299 -0.138557 0.704251
    outer loop
      vertex -33.3145 96.2219 0.3
      vertex -31.6443 96.4438 1.995
      vertex -33.3579 96.44 0.3
    endloop
  endfacet
  facet normal -0.708412 -0.0463793 0.704274
    outer loop
      vertex -33.3 96 0.3
      vertex -31.6149 96 1.995
      vertex -31.6437 96.4399 1.995
    endloop
  endfacet
  facet normal -0.482732 -0.519866 0.704776
    outer loop
      vertex -32.6078 98.3949 1.995
      vertex -33.7979 97.2021 0.3
      vertex -32.6064 98.3936 1.995
    endloop
  endfacet
  facet normal -0.468037 -0.533805 0.704268
    outer loop
      vertex -33.7979 97.2021 0.3
      vertex -32.6078 98.3949 1.995
      vertex -33.9651 97.3487 0.3
    endloop
  endfacet
  facet normal -0.385504 -0.595778 0.704582
    outer loop
      vertex -34.15 97.4722 0.3
      vertex -33.3058 98.9305 1.995
      vertex -33.3075 98.9316 1.995
    endloop
  endfacet
  facet normal -0.394306 -0.590341 0.704287
    outer loop
      vertex -33.3058 98.9305 1.995
      vertex -34.15 97.4722 0.3
      vertex -33.9651 97.3487 0.3
    endloop
  endfacet
  facet normal -0.519866 -0.482732 0.704776
    outer loop
      vertex -33.7979 97.2021 0.3
      vertex -32.6051 98.3922 1.995
      vertex -32.6064 98.3936 1.995
    endloop
  endfacet
  facet normal -0.533805 -0.468037 0.704268
    outer loop
      vertex -32.6051 98.3922 1.995
      vertex -33.7979 97.2021 0.3
      vertex -33.6513 97.0349 0.3
    endloop
  endfacet
  facet normal -0.533767 -0.468073 0.704273
    outer loop
      vertex -33.6513 97.0349 0.3
      vertex -32.3144 98.0607 1.995
      vertex -32.6051 98.3922 1.995
    endloop
  endfacet
  facet normal -0.0742542 0.705415 0.704894
    outer loop
      vertex -34.7781 94.3145 0.3
      vertex -34.5601 92.6437 1.995
      vertex -34.5582 92.6439 1.995
    endloop
  endfacet
  facet normal -0.0462919 0.708426 0.704265
    outer loop
      vertex -34.5601 92.6437 1.995
      vertex -34.7781 94.3145 0.3
      vertex -35 94.3 0.3
    endloop
  endfacet
  facet normal -0.595778 -0.385504 0.704582
    outer loop
      vertex -32.0695 97.6942 1.995
      vertex -33.5278 96.85 0.3
      vertex -32.0684 97.6925 1.995
    endloop
  endfacet
  facet normal -0.590341 -0.394306 0.704287
    outer loop
      vertex -33.5278 96.85 0.3
      vertex -32.0695 97.6942 1.995
      vertex -33.6513 97.0349 0.3
    endloop
  endfacet
  facet normal -0.642787 -0.302488 0.703794
    outer loop
      vertex -33.5278 96.85 0.3
      vertex -32.0676 97.6908 1.995
      vertex -32.0684 97.6925 1.995
    endloop
  endfacet
  facet normal -0.636627 -0.314163 0.704278
    outer loop
      vertex -32.0676 97.6908 1.995
      vertex -33.5278 96.85 0.3
      vertex -33.4294 96.6506 0.3
    endloop
  endfacet
  facet normal -0.0462919 -0.708426 0.704265
    outer loop
      vertex -34.7781 97.6855 0.3
      vertex -34.5601 99.3563 1.995
      vertex -35 97.7 0.3
    endloop
  endfacet
  facet normal -0.0742542 -0.705415 0.704894
    outer loop
      vertex -34.5601 99.3563 1.995
      vertex -34.7781 97.6855 0.3
      vertex -34.5582 99.3561 1.995
    endloop
  endfacet
  facet normal -0.138674 -0.696267 0.70426
    outer loop
      vertex -34.56 97.6421 0.3
      vertex -34.1239 99.2697 1.995
      vertex -34.5562 99.3558 1.995
    endloop
  endfacet
  facet normal 0.642787 -0.302488 0.703794
    outer loop
      vertex -37.9324 97.6908 1.995
      vertex -36.4722 96.85 0.3
      vertex -37.9316 97.6925 1.995
    endloop
  endfacet
  facet normal 0.636627 -0.314163 0.704278
    outer loop
      vertex -36.4722 96.85 0.3
      vertex -37.9324 97.6908 1.995
      vertex -36.5706 96.6506 0.3
    endloop
  endfacet
  facet normal 0.32135 -0.94696 0
    outer loop
      vertex -36.3011 99.1412 1.995
      vertex -35.88 99.2841 2
      vertex -36.3011 99.1412 2
    endloop
  endfacet
  facet normal 0.32135 -0.94696 0
    outer loop
      vertex -35.88 99.2841 2
      vertex -36.3011 99.1412 1.995
      vertex -35.88 99.2841 1.995
    endloop
  endfacet
  facet normal -0.659268 -0.751908 0
    outer loop
      vertex -32.9302 98.6974 1.995
      vertex -32.5958 98.4042 2
      vertex -32.9302 98.6974 2
    endloop
  endfacet
  facet normal -0.659268 -0.751908 -0
    outer loop
      vertex -32.5958 98.4042 2
      vertex -32.9302 98.6974 1.995
      vertex -32.5958 98.4042 1.995
    endloop
  endfacet
  facet normal 0.98077 -0.195165 0
    outer loop
      vertex -38.3709 96.4438 2
      vertex -38.2841 96.88 1.995
      vertex -38.2841 96.88 2
    endloop
  endfacet
  facet normal 0.98077 -0.195165 0
    outer loop
      vertex -38.2841 96.88 1.995
      vertex -38.3709 96.4438 2
      vertex -38.3709 96.4438 1.995
    endloop
  endfacet
  facet normal 0.0654296 -0.997857 0
    outer loop
      vertex -35.4438 99.3709 1.995
      vertex -35 99.4 2
      vertex -35.4438 99.3709 2
    endloop
  endfacet
  facet normal 0.0654296 -0.997857 0
    outer loop
      vertex -35 99.4 2
      vertex -35.4438 99.3709 1.995
      vertex -35 99.4 1.995
    endloop
  endfacet
  facet normal 0.751908 -0.659268 0
    outer loop
      vertex -37.6974 98.0698 2
      vertex -37.4042 98.4042 1.995
      vertex -37.4042 98.4042 2
    endloop
  endfacet
  facet normal 0.751908 -0.659268 0
    outer loop
      vertex -37.4042 98.4042 1.995
      vertex -37.6974 98.0698 2
      vertex -37.6974 98.0698 1.995
    endloop
  endfacet
  facet normal -0.195165 0.98077 0
    outer loop
      vertex -34.12 92.7159 1.995
      vertex -34.5562 92.6291 2
      vertex -34.12 92.7159 2
    endloop
  endfacet
  facet normal -0.195165 0.98077 0
    outer loop
      vertex -34.5562 92.6291 2
      vertex -34.12 92.7159 1.995
      vertex -34.5562 92.6291 1.995
    endloop
  endfacet
  facet normal 0.98077 0.195165 0
    outer loop
      vertex -38.2841 95.12 2
      vertex -38.3709 95.5562 1.995
      vertex -38.3709 95.5562 2
    endloop
  endfacet
  facet normal 0.98077 0.195165 0
    outer loop
      vertex -38.3709 95.5562 1.995
      vertex -38.2841 95.12 2
      vertex -38.2841 95.12 1.995
    endloop
  endfacet
  facet normal 0.32135 0.94696 -0
    outer loop
      vertex -35.88 92.7159 1.995
      vertex -36.3011 92.8588 2
      vertex -35.88 92.7159 2
    endloop
  endfacet
  facet normal 0.32135 0.94696 0
    outer loop
      vertex -36.3011 92.8588 2
      vertex -35.88 92.7159 1.995
      vertex -36.3011 92.8588 1.995
    endloop
  endfacet
  facet normal 0.44226 -0.896887 0
    outer loop
      vertex -36.7 98.9445 1.995
      vertex -36.3011 99.1412 2
      vertex -36.7 98.9445 2
    endloop
  endfacet
  facet normal 0.44226 -0.896887 0
    outer loop
      vertex -36.3011 99.1412 2
      vertex -36.7 98.9445 1.995
      vertex -36.3011 99.1412 1.995
    endloop
  endfacet
  facet normal 0.997857 -0.0654296 0
    outer loop
      vertex -38.4 96 2
      vertex -38.3709 96.4438 1.995
      vertex -38.3709 96.4438 2
    endloop
  endfacet
  facet normal 0.997857 -0.0654296 0
    outer loop
      vertex -38.3709 96.4438 1.995
      vertex -38.4 96 2
      vertex -38.4 96 1.995
    endloop
  endfacet
  facet normal -0.555582 -0.831462 0
    outer loop
      vertex -33.3 98.9445 1.995
      vertex -32.9302 98.6974 2
      vertex -33.3 98.9445 2
    endloop
  endfacet
  facet normal -0.555582 -0.831462 -0
    outer loop
      vertex -32.9302 98.6974 2
      vertex -33.3 98.9445 1.995
      vertex -32.9302 98.6974 1.995
    endloop
  endfacet
  facet normal 0.831462 0.555582 0
    outer loop
      vertex -37.6974 93.9302 2
      vertex -37.9445 94.3 1.995
      vertex -37.9445 94.3 2
    endloop
  endfacet
  facet normal 0.831462 0.555582 0
    outer loop
      vertex -37.9445 94.3 1.995
      vertex -37.6974 93.9302 2
      vertex -37.6974 93.9302 1.995
    endloop
  endfacet
  facet normal -0.896887 0.44226 0
    outer loop
      vertex -32.0555 94.3 1.995
      vertex -31.8588 94.6989 2
      vertex -31.8588 94.6989 1.995
    endloop
  endfacet
  facet normal -0.896887 0.44226 0
    outer loop
      vertex -31.8588 94.6989 2
      vertex -32.0555 94.3 1.995
      vertex -32.0555 94.3 2
    endloop
  endfacet
  facet normal -0.94696 -0.32135 0
    outer loop
      vertex -31.7159 96.88 1.995
      vertex -31.8588 97.3011 2
      vertex -31.8588 97.3011 1.995
    endloop
  endfacet
  facet normal -0.94696 -0.32135 0
    outer loop
      vertex -31.8588 97.3011 2
      vertex -31.7159 96.88 1.995
      vertex -31.7159 96.88 2
    endloop
  endfacet
  facet normal -0.0654296 -0.997857 0
    outer loop
      vertex -35 99.4 1.995
      vertex -34.5562 99.3709 2
      vertex -35 99.4 2
    endloop
  endfacet
  facet normal -0.0654296 -0.997857 -0
    outer loop
      vertex -34.5562 99.3709 2
      vertex -35 99.4 1.995
      vertex -34.5562 99.3709 1.995
    endloop
  endfacet
  facet normal -0.98077 -0.195165 0
    outer loop
      vertex -31.6291 96.4438 1.995
      vertex -31.7159 96.88 2
      vertex -31.7159 96.88 1.995
    endloop
  endfacet
  facet normal -0.98077 -0.195165 0
    outer loop
      vertex -31.7159 96.88 2
      vertex -31.6291 96.4438 1.995
      vertex -31.6291 96.4438 2
    endloop
  endfacet
  facet normal 0.555582 0.831462 -0
    outer loop
      vertex -36.7 93.0555 1.995
      vertex -37.0698 93.3026 2
      vertex -36.7 93.0555 2
    endloop
  endfacet
  facet normal 0.555582 0.831462 0
    outer loop
      vertex -37.0698 93.3026 2
      vertex -36.7 93.0555 1.995
      vertex -37.0698 93.3026 1.995
    endloop
  endfacet
  facet normal -0.94696 0.32135 0
    outer loop
      vertex -31.8588 94.6989 1.995
      vertex -31.7159 95.12 2
      vertex -31.7159 95.12 1.995
    endloop
  endfacet
  facet normal -0.94696 0.32135 0
    outer loop
      vertex -31.7159 95.12 2
      vertex -31.8588 94.6989 1.995
      vertex -31.8588 94.6989 2
    endloop
  endfacet
  facet normal 0.896887 -0.44226 0
    outer loop
      vertex -38.1412 97.3011 2
      vertex -37.9445 97.7 1.995
      vertex -37.9445 97.7 2
    endloop
  endfacet
  facet normal 0.896887 -0.44226 0
    outer loop
      vertex -37.9445 97.7 1.995
      vertex -38.1412 97.3011 2
      vertex -38.1412 97.3011 1.995
    endloop
  endfacet
  facet normal 0.751908 0.659268 0
    outer loop
      vertex -37.4042 93.5958 2
      vertex -37.6974 93.9302 1.995
      vertex -37.6974 93.9302 2
    endloop
  endfacet
  facet normal 0.751908 0.659268 0
    outer loop
      vertex -37.6974 93.9302 1.995
      vertex -37.4042 93.5958 2
      vertex -37.4042 93.5958 1.995
    endloop
  endfacet
  facet normal -0.32135 0.94696 0
    outer loop
      vertex -33.6989 92.8588 1.995
      vertex -34.12 92.7159 2
      vertex -33.6989 92.8588 2
    endloop
  endfacet
  facet normal -0.32135 0.94696 0
    outer loop
      vertex -34.12 92.7159 2
      vertex -33.6989 92.8588 1.995
      vertex -34.12 92.7159 1.995
    endloop
  endfacet
  facet normal -0.997857 0.0654296 0
    outer loop
      vertex -31.6291 95.5562 1.995
      vertex -31.6 96 2
      vertex -31.6 96 1.995
    endloop
  endfacet
  facet normal -0.997857 0.0654296 0
    outer loop
      vertex -31.6 96 2
      vertex -31.6291 95.5562 1.995
      vertex -31.6291 95.5562 2
    endloop
  endfacet
  facet normal 0.94696 -0.32135 0
    outer loop
      vertex -38.2841 96.88 2
      vertex -38.1412 97.3011 1.995
      vertex -38.1412 97.3011 2
    endloop
  endfacet
  facet normal 0.94696 -0.32135 0
    outer loop
      vertex -38.1412 97.3011 1.995
      vertex -38.2841 96.88 2
      vertex -38.2841 96.88 1.995
    endloop
  endfacet
  facet normal -0.0654296 0.997857 0
    outer loop
      vertex -34.5562 92.6291 1.995
      vertex -35 92.6 2
      vertex -34.5562 92.6291 2
    endloop
  endfacet
  facet normal -0.0654296 0.997857 0
    outer loop
      vertex -35 92.6 2
      vertex -34.5562 92.6291 1.995
      vertex -35 92.6 1.995
    endloop
  endfacet
  facet normal -0.659268 0.751908 0
    outer loop
      vertex -32.5958 93.5958 1.995
      vertex -32.9302 93.3026 2
      vertex -32.5958 93.5958 2
    endloop
  endfacet
  facet normal -0.659268 0.751908 0
    outer loop
      vertex -32.9302 93.3026 2
      vertex -32.5958 93.5958 1.995
      vertex -32.9302 93.3026 1.995
    endloop
  endfacet
  facet normal 0.555582 -0.831462 0
    outer loop
      vertex -37.0698 98.6974 1.995
      vertex -36.7 98.9445 2
      vertex -37.0698 98.6974 2
    endloop
  endfacet
  facet normal 0.555582 -0.831462 0
    outer loop
      vertex -36.7 98.9445 2
      vertex -37.0698 98.6974 1.995
      vertex -36.7 98.9445 1.995
    endloop
  endfacet
  facet normal 0.831462 -0.555582 0
    outer loop
      vertex -37.9445 97.7 2
      vertex -37.6974 98.0698 1.995
      vertex -37.6974 98.0698 2
    endloop
  endfacet
  facet normal 0.831462 -0.555582 0
    outer loop
      vertex -37.6974 98.0698 1.995
      vertex -37.9445 97.7 2
      vertex -37.9445 97.7 1.995
    endloop
  endfacet
  facet normal 0.997857 0.0654296 0
    outer loop
      vertex -38.3709 95.5562 2
      vertex -38.4 96 1.995
      vertex -38.4 96 2
    endloop
  endfacet
  facet normal 0.997857 0.0654296 0
    outer loop
      vertex -38.4 96 1.995
      vertex -38.3709 95.5562 2
      vertex -38.3709 95.5562 1.995
    endloop
  endfacet
  facet normal 0.94696 0.32135 0
    outer loop
      vertex -38.1412 94.6989 2
      vertex -38.2841 95.12 1.995
      vertex -38.2841 95.12 2
    endloop
  endfacet
  facet normal 0.94696 0.32135 0
    outer loop
      vertex -38.2841 95.12 1.995
      vertex -38.1412 94.6989 2
      vertex -38.1412 94.6989 1.995
    endloop
  endfacet
  facet normal 0.44226 0.896887 -0
    outer loop
      vertex -36.3011 92.8588 1.995
      vertex -36.7 93.0555 2
      vertex -36.3011 92.8588 2
    endloop
  endfacet
  facet normal 0.44226 0.896887 0
    outer loop
      vertex -36.7 93.0555 2
      vertex -36.3011 92.8588 1.995
      vertex -36.7 93.0555 1.995
    endloop
  endfacet
  facet normal -0.98077 0.195165 0
    outer loop
      vertex -31.7159 95.12 1.995
      vertex -31.6291 95.5562 2
      vertex -31.6291 95.5562 1.995
    endloop
  endfacet
  facet normal -0.98077 0.195165 0
    outer loop
      vertex -31.6291 95.5562 2
      vertex -31.7159 95.12 1.995
      vertex -31.7159 95.12 2
    endloop
  endfacet
  facet normal -0.751908 -0.659268 0
    outer loop
      vertex -32.3026 98.0698 1.995
      vertex -32.5958 98.4042 2
      vertex -32.5958 98.4042 1.995
    endloop
  endfacet
  facet normal -0.751908 -0.659268 0
    outer loop
      vertex -32.5958 98.4042 2
      vertex -32.3026 98.0698 1.995
      vertex -32.3026 98.0698 2
    endloop
  endfacet
  facet normal -0.32135 -0.94696 0
    outer loop
      vertex -34.12 99.2841 1.995
      vertex -33.6989 99.1412 2
      vertex -34.12 99.2841 2
    endloop
  endfacet
  facet normal -0.32135 -0.94696 -0
    outer loop
      vertex -33.6989 99.1412 2
      vertex -34.12 99.2841 1.995
      vertex -33.6989 99.1412 1.995
    endloop
  endfacet
  facet normal -0.751908 0.659268 0
    outer loop
      vertex -32.5958 93.5958 1.995
      vertex -32.3026 93.9302 2
      vertex -32.3026 93.9302 1.995
    endloop
  endfacet
  facet normal -0.751908 0.659268 0
    outer loop
      vertex -32.3026 93.9302 2
      vertex -32.5958 93.5958 1.995
      vertex -32.5958 93.5958 2
    endloop
  endfacet
  facet normal 0.659268 0.751908 -0
    outer loop
      vertex -37.0698 93.3026 1.995
      vertex -37.4042 93.5958 2
      vertex -37.0698 93.3026 2
    endloop
  endfacet
  facet normal 0.659268 0.751908 0
    outer loop
      vertex -37.4042 93.5958 2
      vertex -37.0698 93.3026 1.995
      vertex -37.4042 93.5958 1.995
    endloop
  endfacet
  facet normal -0.195165 -0.98077 0
    outer loop
      vertex -34.5562 99.3709 1.995
      vertex -34.12 99.2841 2
      vertex -34.5562 99.3709 2
    endloop
  endfacet
  facet normal -0.195165 -0.98077 -0
    outer loop
      vertex -34.12 99.2841 2
      vertex -34.5562 99.3709 1.995
      vertex -34.12 99.2841 1.995
    endloop
  endfacet
  facet normal 0.0654296 0.997857 -0
    outer loop
      vertex -35 92.6 1.995
      vertex -35.4438 92.6291 2
      vertex -35 92.6 2
    endloop
  endfacet
  facet normal 0.0654296 0.997857 0
    outer loop
      vertex -35.4438 92.6291 2
      vertex -35 92.6 1.995
      vertex -35.4438 92.6291 1.995
    endloop
  endfacet
  facet normal 0.195165 0.98077 -0
    outer loop
      vertex -35.4438 92.6291 1.995
      vertex -35.88 92.7159 2
      vertex -35.4438 92.6291 2
    endloop
  endfacet
  facet normal 0.195165 0.98077 0
    outer loop
      vertex -35.88 92.7159 2
      vertex -35.4438 92.6291 1.995
      vertex -35.88 92.7159 1.995
    endloop
  endfacet
  facet normal 0.896887 0.44226 0
    outer loop
      vertex -37.9445 94.3 2
      vertex -38.1412 94.6989 1.995
      vertex -38.1412 94.6989 2
    endloop
  endfacet
  facet normal 0.896887 0.44226 0
    outer loop
      vertex -38.1412 94.6989 1.995
      vertex -37.9445 94.3 2
      vertex -37.9445 94.3 1.995
    endloop
  endfacet
  facet normal -0.44226 0.896887 0
    outer loop
      vertex -33.3 93.0555 1.995
      vertex -33.6989 92.8588 2
      vertex -33.3 93.0555 2
    endloop
  endfacet
  facet normal -0.44226 0.896887 0
    outer loop
      vertex -33.6989 92.8588 2
      vertex -33.3 93.0555 1.995
      vertex -33.6989 92.8588 1.995
    endloop
  endfacet
  facet normal -0.831462 0.555582 0
    outer loop
      vertex -32.3026 93.9302 1.995
      vertex -32.0555 94.3 2
      vertex -32.0555 94.3 1.995
    endloop
  endfacet
  facet normal -0.831462 0.555582 0
    outer loop
      vertex -32.0555 94.3 2
      vertex -32.3026 93.9302 1.995
      vertex -32.3026 93.9302 2
    endloop
  endfacet
  facet normal -0.44226 -0.896887 0
    outer loop
      vertex -33.6989 99.1412 1.995
      vertex -33.3 98.9445 2
      vertex -33.6989 99.1412 2
    endloop
  endfacet
  facet normal -0.44226 -0.896887 -0
    outer loop
      vertex -33.3 98.9445 2
      vertex -33.6989 99.1412 1.995
      vertex -33.3 98.9445 1.995
    endloop
  endfacet
  facet normal 0.659268 -0.751908 0
    outer loop
      vertex -37.4042 98.4042 1.995
      vertex -37.0698 98.6974 2
      vertex -37.4042 98.4042 2
    endloop
  endfacet
  facet normal 0.659268 -0.751908 0
    outer loop
      vertex -37.0698 98.6974 2
      vertex -37.4042 98.4042 1.995
      vertex -37.0698 98.6974 1.995
    endloop
  endfacet
  facet normal -0.555582 0.831462 0
    outer loop
      vertex -32.9302 93.3026 1.995
      vertex -33.3 93.0555 2
      vertex -32.9302 93.3026 2
    endloop
  endfacet
  facet normal -0.555582 0.831462 0
    outer loop
      vertex -33.3 93.0555 2
      vertex -32.9302 93.3026 1.995
      vertex -33.3 93.0555 1.995
    endloop
  endfacet
  facet normal -0.896887 -0.44226 0
    outer loop
      vertex -31.8588 97.3011 1.995
      vertex -32.0555 97.7 2
      vertex -32.0555 97.7 1.995
    endloop
  endfacet
  facet normal -0.896887 -0.44226 0
    outer loop
      vertex -32.0555 97.7 2
      vertex -31.8588 97.3011 1.995
      vertex -31.8588 97.3011 2
    endloop
  endfacet
  facet normal 0.195165 -0.98077 0
    outer loop
      vertex -35.88 99.2841 1.995
      vertex -35.4438 99.3709 2
      vertex -35.88 99.2841 2
    endloop
  endfacet
  facet normal 0.195165 -0.98077 0
    outer loop
      vertex -35.4438 99.3709 2
      vertex -35.88 99.2841 1.995
      vertex -35.4438 99.3709 1.995
    endloop
  endfacet
  facet normal -0.831462 -0.555582 0
    outer loop
      vertex -32.0555 97.7 1.995
      vertex -32.3026 98.0698 2
      vertex -32.3026 98.0698 1.995
    endloop
  endfacet
  facet normal -0.831462 -0.555582 0
    outer loop
      vertex -32.3026 98.0698 2
      vertex -32.0555 97.7 1.995
      vertex -32.0555 97.7 2
    endloop
  endfacet
  facet normal -0 0 1
    outer loop
      vertex -31.6437 96.4399 1.995
      vertex -31.6 96 1.995
      vertex -31.6291 96.4438 1.995
    endloop
  endfacet
  facet normal 0 0 1
    outer loop
      vertex -31.6 96 1.995
      vertex -31.6437 96.4399 1.995
      vertex -31.6149 96 1.995
    endloop
  endfacet
  facet normal 0 0 1
    outer loop
      vertex -31.6291 96.4438 1.995
      vertex -31.6439 96.4418 1.995
      vertex -31.6437 96.4399 1.995
    endloop
  endfacet
  facet normal 0 0 1
    outer loop
      vertex -31.6291 96.4438 1.995
      vertex -31.6443 96.4438 1.995
      vertex -31.6439 96.4418 1.995
    endloop
  endfacet
  facet normal 0 0 1
    outer loop
      vertex -31.7159 96.88 1.995
      vertex -31.6443 96.4438 1.995
      vertex -31.6291 96.4438 1.995
    endloop
  endfacet
  facet normal 0 0 1
    outer loop
      vertex -31.7159 96.88 1.995
      vertex -31.7303 96.8761 1.995
      vertex -31.6443 96.4438 1.995
    endloop
  endfacet
  facet normal -0 0 1
    outer loop
      vertex -31.872 97.2936 1.995
      vertex -31.7159 96.88 1.995
      vertex -31.8588 97.3011 1.995
    endloop
  endfacet
  facet normal 0 0 1
    outer loop
      vertex -31.7159 96.88 1.995
      vertex -31.872 97.2936 1.995
      vertex -31.7303 96.8761 1.995
    endloop
  endfacet
  facet normal 0 0 1
    outer loop
      vertex -31.8588 97.3011 1.995
      vertex -31.8726 97.2954 1.995
      vertex -31.872 97.2936 1.995
    endloop
  endfacet
  facet normal -0 0 1
    outer loop
      vertex -32.0676 97.6908 1.995
      vertex -31.8588 97.3011 1.995
      vertex -32.0555 97.7 1.995
    endloop
  endfacet
  facet normal 0 0 1
    outer loop
      vertex -31.8588 97.3011 1.995
      vertex -32.0676 97.6908 1.995
      vertex -31.8726 97.2954 1.995
    endloop
  endfacet
  facet normal 0 0 1
    outer loop
      vertex -32.0555 97.7 1.995
      vertex -32.0684 97.6925 1.995
      vertex -32.0676 97.6908 1.995
    endloop
  endfacet
  facet normal 0 0 1
    outer loop
      vertex -32.0555 97.7 1.995
      vertex -32.0695 97.6942 1.995
      vertex -32.0684 97.6925 1.995
    endloop
  endfacet
  facet normal 0 0 1
    outer loop
      vertex -32.3026 98.0698 1.995
      vertex -32.0695 97.6942 1.995
      vertex -32.0555 97.7 1.995
    endloop
  endfacet
  facet normal 0 0 1
    outer loop
      vertex -32.3026 98.0698 1.995
      vertex -32.3144 98.0607 1.995
      vertex -32.0695 97.6942 1.995
    endloop
  endfacet
  facet normal -0 0 1
    outer loop
      vertex -32.6051 98.3922 1.995
      vertex -32.3026 98.0698 1.995
      vertex -32.5958 98.4042 1.995
    endloop
  endfacet
  facet normal 0 0 1
    outer loop
      vertex -32.3026 98.0698 1.995
      vertex -32.6051 98.3922 1.995
      vertex -32.3144 98.0607 1.995
    endloop
  endfacet
  facet normal 0 0 1
    outer loop
      vertex -32.5958 98.4042 1.995
      vertex -32.6064 98.3936 1.995
      vertex -32.6051 98.3922 1.995
    endloop
  endfacet
  facet normal 0 0 1
    outer loop
      vertex -32.5958 98.4042 1.995
      vertex -32.6078 98.3949 1.995
      vertex -32.6064 98.3936 1.995
    endloop
  endfacet
  facet normal 0 0 1
    outer loop
      vertex -32.9302 98.6974 1.995
      vertex -32.6078 98.3949 1.995
      vertex -32.5958 98.4042 1.995
    endloop
  endfacet
  facet normal 0 0 1
    outer loop
      vertex -32.9302 98.6974 1.995
      vertex -32.9393 98.6856 1.995
      vertex -32.6078 98.3949 1.995
    endloop
  endfacet
  facet normal -0 0 1
    outer loop
      vertex -33.3058 98.9305 1.995
      vertex -32.9302 98.6974 1.995
      vertex -33.3 98.9445 1.995
    endloop
  endfacet
  facet normal 0 0 1
    outer loop
      vertex -32.9302 98.6974 1.995
      vertex -33.3058 98.9305 1.995
      vertex -32.9393 98.6856 1.995
    endloop
  endfacet
  facet normal 0 0 1
    outer loop
      vertex -33.3 98.9445 1.995
      vertex -33.3075 98.9316 1.995
      vertex -33.3058 98.9305 1.995
    endloop
  endfacet
  facet normal 0 0 1
    outer loop
      vertex -33.3 98.9445 1.995
      vertex -33.3092 98.9324 1.995
      vertex -33.3075 98.9316 1.995
    endloop
  endfacet
  facet normal 0 0 1
    outer loop
      vertex -33.6989 99.1412 1.995
      vertex -33.3092 98.9324 1.995
      vertex -33.3 98.9445 1.995
    endloop
  endfacet
  facet normal 0 0 1
    outer loop
      vertex -33.6989 99.1412 1.995
      vertex -33.7046 99.1274 1.995
      vertex -33.3092 98.9324 1.995
    endloop
  endfacet
  facet normal 0 0 1
    outer loop
      vertex -33.6989 99.1412 1.995
      vertex -33.7064 99.128 1.995
      vertex -33.7046 99.1274 1.995
    endloop
  endfacet
  facet normal 0 0 1
    outer loop
      vertex -34.12 99.2841 1.995
      vertex -33.7064 99.128 1.995
      vertex -33.6989 99.1412 1.995
    endloop
  endfacet
  facet normal 0 0 1
    outer loop
      vertex -34.12 99.2841 1.995
      vertex -34.1239 99.2697 1.995
      vertex -33.7064 99.128 1.995
    endloop
  endfacet
  facet normal -0 0 1
    outer loop
      vertex -34.5562 99.3558 1.995
      vertex -34.12 99.2841 1.995
      vertex -34.5562 99.3709 1.995
    endloop
  endfacet
  facet normal 0 0 1
    outer loop
      vertex -34.12 99.2841 1.995
      vertex -34.5562 99.3558 1.995
      vertex -34.1239 99.2697 1.995
    endloop
  endfacet
  facet normal 0 0 1
    outer loop
      vertex -34.5562 99.3709 1.995
      vertex -34.5582 99.3561 1.995
      vertex -34.5562 99.3558 1.995
    endloop
  endfacet
  facet normal 0 0 1
    outer loop
      vertex -34.5562 99.3709 1.995
      vertex -34.5601 99.3563 1.995
      vertex -34.5582 99.3561 1.995
    endloop
  endfacet
  facet normal 0 0 1
    outer loop
      vertex -35 99.4 1.995
      vertex -34.5601 99.3563 1.995
      vertex -34.5562 99.3709 1.995
    endloop
  endfacet
  facet normal 0 0 1
    outer loop
      vertex -35 99.4 1.995
      vertex -35 99.3851 1.995
      vertex -34.5601 99.3563 1.995
    endloop
  endfacet
  facet normal 0 0 1
    outer loop
      vertex -35 99.4 1.995
      vertex -35.4399 99.3563 1.995
      vertex -35 99.3851 1.995
    endloop
  endfacet
  facet normal -0 0 1
    outer loop
      vertex -35.4438 99.3709 1.995
      vertex -35.4399 99.3563 1.995
      vertex -35 99.4 1.995
    endloop
  endfacet
  facet normal 0 0 1
    outer loop
      vertex -35.4399 99.3563 1.995
      vertex -35.4438 99.3709 1.995
      vertex -35.4418 99.3561 1.995
    endloop
  endfacet
  facet normal 0 0 1
    outer loop
      vertex -35.4438 99.3709 1.995
      vertex -35.4438 99.3558 1.995
      vertex -35.4418 99.3561 1.995
    endloop
  endfacet
  facet normal 0 0 1
    outer loop
      vertex -35.88 99.2841 1.995
      vertex -35.4438 99.3558 1.995
      vertex -35.4438 99.3709 1.995
    endloop
  endfacet
  facet normal 0 0 1
    outer loop
      vertex -35.4438 99.3558 1.995
      vertex -35.88 99.2841 1.995
      vertex -35.8761 99.2697 1.995
    endloop
  endfacet
  facet normal 0 0 1
    outer loop
      vertex -35.88 99.2841 1.995
      vertex -36.2936 99.128 1.995
      vertex -35.8761 99.2697 1.995
    endloop
  endfacet
  facet normal -0 0 1
    outer loop
      vertex -36.3011 99.1412 1.995
      vertex -36.2936 99.128 1.995
      vertex -35.88 99.2841 1.995
    endloop
  endfacet
  facet normal 0 0 1
    outer loop
      vertex -36.2936 99.128 1.995
      vertex -36.3011 99.1412 1.995
      vertex -36.2954 99.1274 1.995
    endloop
  endfacet
  facet normal 0 0 1
    outer loop
      vertex -36.3011 99.1412 1.995
      vertex -36.6908 98.9324 1.995
      vertex -36.2954 99.1274 1.995
    endloop
  endfacet
  facet normal -0 0 1
    outer loop
      vertex -36.7 98.9445 1.995
      vertex -36.6908 98.9324 1.995
      vertex -36.3011 99.1412 1.995
    endloop
  endfacet
  facet normal 0 0 1
    outer loop
      vertex -36.6908 98.9324 1.995
      vertex -36.7 98.9445 1.995
      vertex -36.6925 98.9316 1.995
    endloop
  endfacet
  facet normal 0 0 1
    outer loop
      vertex -36.7 98.9445 1.995
      vertex -36.6942 98.9305 1.995
      vertex -36.6925 98.9316 1.995
    endloop
  endfacet
  facet normal 0 0 1
    outer loop
      vertex -37.0698 98.6974 1.995
      vertex -36.6942 98.9305 1.995
      vertex -36.7 98.9445 1.995
    endloop
  endfacet
  facet normal 0 0 1
    outer loop
      vertex -36.6942 98.9305 1.995
      vertex -37.0698 98.6974 1.995
      vertex -37.0607 98.6856 1.995
    endloop
  endfacet
  facet normal 0 0 1
    outer loop
      vertex -37.0698 98.6974 1.995
      vertex -37.3922 98.3949 1.995
      vertex -37.0607 98.6856 1.995
    endloop
  endfacet
  facet normal -0 0 1
    outer loop
      vertex -37.4042 98.4042 1.995
      vertex -37.3922 98.3949 1.995
      vertex -37.0698 98.6974 1.995
    endloop
  endfacet
  facet normal 0 0 1
    outer loop
      vertex -37.3922 98.3949 1.995
      vertex -37.4042 98.4042 1.995
      vertex -37.3936 98.3936 1.995
    endloop
  endfacet
  facet normal 0 0 1
    outer loop
      vertex -37.4042 98.4042 1.995
      vertex -37.3949 98.3922 1.995
      vertex -37.3936 98.3936 1.995
    endloop
  endfacet
  facet normal 0 0 1
    outer loop
      vertex -37.6974 98.0698 1.995
      vertex -37.3949 98.3922 1.995
      vertex -37.4042 98.4042 1.995
    endloop
  endfacet
  facet normal 0 0 1
    outer loop
      vertex -37.3949 98.3922 1.995
      vertex -37.6974 98.0698 1.995
      vertex -37.6856 98.0607 1.995
    endloop
  endfacet
  facet normal 0 0 1
    outer loop
      vertex -37.6974 98.0698 1.995
      vertex -37.9305 97.6942 1.995
      vertex -37.6856 98.0607 1.995
    endloop
  endfacet
  facet normal -0 0 1
    outer loop
      vertex -37.9445 97.7 1.995
      vertex -37.9305 97.6942 1.995
      vertex -37.6974 98.0698 1.995
    endloop
  endfacet
  facet normal 0 0 1
    outer loop
      vertex -37.9305 97.6942 1.995
      vertex -37.9445 97.7 1.995
      vertex -37.9316 97.6925 1.995
    endloop
  endfacet
  facet normal 0 0 1
    outer loop
      vertex -37.9445 97.7 1.995
      vertex -37.9324 97.6908 1.995
      vertex -37.9316 97.6925 1.995
    endloop
  endfacet
  facet normal 0 0 1
    outer loop
      vertex -38.1412 97.3011 1.995
      vertex -37.9324 97.6908 1.995
      vertex -37.9445 97.7 1.995
    endloop
  endfacet
  facet normal 0 0 1
    outer loop
      vertex -37.9324 97.6908 1.995
      vertex -38.1412 97.3011 1.995
      vertex -38.1274 97.2954 1.995
    endloop
  endfacet
  facet normal 0 0 1
    outer loop
      vertex -38.1412 97.3011 1.995
      vertex -38.128 97.2936 1.995
      vertex -38.1274 97.2954 1.995
    endloop
  endfacet
  facet normal 0 0 1
    outer loop
      vertex -38.2841 96.88 1.995
      vertex -38.128 97.2936 1.995
      vertex -38.1412 97.3011 1.995
    endloop
  endfacet
  facet normal 0 0 1
    outer loop
      vertex -38.128 97.2936 1.995
      vertex -38.2841 96.88 1.995
      vertex -38.2697 96.8761 1.995
    endloop
  endfacet
  facet normal 0 0 1
    outer loop
      vertex -38.2841 96.88 1.995
      vertex -38.3557 96.4438 1.995
      vertex -38.2697 96.8761 1.995
    endloop
  endfacet
  facet normal 0 0 1
    outer loop
      vertex -38.3709 96.4438 1.995
      vertex -38.3557 96.4438 1.995
      vertex -38.2841 96.88 1.995
    endloop
  endfacet
  facet normal 0 0 1
    outer loop
      vertex -38.3557 96.4438 1.995
      vertex -38.3709 96.4438 1.995
      vertex -38.3561 96.4418 1.995
    endloop
  endfacet
  facet normal 0 0 1
    outer loop
      vertex -38.3709 96.4438 1.995
      vertex -38.3563 96.4399 1.995
      vertex -38.3561 96.4418 1.995
    endloop
  endfacet
  facet normal 0 0 1
    outer loop
      vertex -38.4 96 1.995
      vertex -38.3563 96.4399 1.995
      vertex -38.3709 96.4438 1.995
    endloop
  endfacet
  facet normal 0 0 1
    outer loop
      vertex -38.3563 96.4399 1.995
      vertex -38.4 96 1.995
      vertex -38.3851 96 1.995
    endloop
  endfacet
  facet normal 0 0 1
    outer loop
      vertex -31.6437 95.5601 1.995
      vertex -31.6 96 1.995
      vertex -31.6149 96 1.995
    endloop
  endfacet
  facet normal 0 0 1
    outer loop
      vertex -31.6 96 1.995
      vertex -31.6437 95.5601 1.995
      vertex -31.6291 95.5562 1.995
    endloop
  endfacet
  facet normal -0 0 1
    outer loop
      vertex -31.6439 95.5582 1.995
      vertex -31.6291 95.5562 1.995
      vertex -31.6437 95.5601 1.995
    endloop
  endfacet
  facet normal 0 0 1
    outer loop
      vertex -31.6443 95.5562 1.995
      vertex -31.6291 95.5562 1.995
      vertex -31.6439 95.5582 1.995
    endloop
  endfacet
  facet normal -0 0 1
    outer loop
      vertex -31.6443 95.5562 1.995
      vertex -31.7159 95.12 1.995
      vertex -31.6291 95.5562 1.995
    endloop
  endfacet
  facet normal -0 0 1
    outer loop
      vertex -31.7303 95.1239 1.995
      vertex -31.7159 95.12 1.995
      vertex -31.6443 95.5562 1.995
    endloop
  endfacet
  facet normal 0 0 1
    outer loop
      vertex -31.872 94.7064 1.995
      vertex -31.7159 95.12 1.995
      vertex -31.7303 95.1239 1.995
    endloop
  endfacet
  facet normal 0 0 1
    outer loop
      vertex -31.7159 95.12 1.995
      vertex -31.872 94.7064 1.995
      vertex -31.8588 94.6989 1.995
    endloop
  endfacet
  facet normal -0 0 1
    outer loop
      vertex -31.8726 94.7046 1.995
      vertex -31.8588 94.6989 1.995
      vertex -31.872 94.7064 1.995
    endloop
  endfacet
  facet normal 0 0 1
    outer loop
      vertex -32.0676 94.3092 1.995
      vertex -31.8588 94.6989 1.995
      vertex -31.8726 94.7046 1.995
    endloop
  endfacet
  facet normal 0 0 1
    outer loop
      vertex -31.8588 94.6989 1.995
      vertex -32.0676 94.3092 1.995
      vertex -32.0555 94.3 1.995
    endloop
  endfacet
  facet normal -0 0 1
    outer loop
      vertex -32.0684 94.3075 1.995
      vertex -32.0555 94.3 1.995
      vertex -32.0676 94.3092 1.995
    endloop
  endfacet
  facet normal -0 0 1
    outer loop
      vertex -32.0695 94.3058 1.995
      vertex -32.0555 94.3 1.995
      vertex -32.0684 94.3075 1.995
    endloop
  endfacet
  facet normal 0 0 1
    outer loop
      vertex -32.0695 94.3058 1.995
      vertex -32.3026 93.9302 1.995
      vertex -32.0555 94.3 1.995
    endloop
  endfacet
  facet normal -0 0 1
    outer loop
      vertex -32.3144 93.9393 1.995
      vertex -32.3026 93.9302 1.995
      vertex -32.0695 94.3058 1.995
    endloop
  endfacet
  facet normal 0 0 1
    outer loop
      vertex -32.6051 93.6078 1.995
      vertex -32.3026 93.9302 1.995
      vertex -32.3144 93.9393 1.995
    endloop
  endfacet
  facet normal 0 0 1
    outer loop
      vertex -32.3026 93.9302 1.995
      vertex -32.6051 93.6078 1.995
      vertex -32.5958 93.5958 1.995
    endloop
  endfacet
  facet normal -0 0 1
    outer loop
      vertex -32.6064 93.6064 1.995
      vertex -32.5958 93.5958 1.995
      vertex -32.6051 93.6078 1.995
    endloop
  endfacet
  facet normal -0 0 1
    outer loop
      vertex -32.6078 93.6051 1.995
      vertex -32.5958 93.5958 1.995
      vertex -32.6064 93.6064 1.995
    endloop
  endfacet
  facet normal 0 0 1
    outer loop
      vertex -32.6078 93.6051 1.995
      vertex -32.9302 93.3026 1.995
      vertex -32.5958 93.5958 1.995
    endloop
  endfacet
  facet normal -0 0 1
    outer loop
      vertex -32.9393 93.3144 1.995
      vertex -32.9302 93.3026 1.995
      vertex -32.6078 93.6051 1.995
    endloop
  endfacet
  facet normal 0 0 1
    outer loop
      vertex -33.3058 93.0695 1.995
      vertex -32.9302 93.3026 1.995
      vertex -32.9393 93.3144 1.995
    endloop
  endfacet
  facet normal 0 0 1
    outer loop
      vertex -32.9302 93.3026 1.995
      vertex -33.3058 93.0695 1.995
      vertex -33.3 93.0555 1.995
    endloop
  endfacet
  facet normal -0 0 1
    outer loop
      vertex -33.3075 93.0684 1.995
      vertex -33.3 93.0555 1.995
      vertex -33.3058 93.0695 1.995
    endloop
  endfacet
  facet normal -0 0 1
    outer loop
      vertex -33.3092 93.0676 1.995
      vertex -33.3 93.0555 1.995
      vertex -33.3075 93.0684 1.995
    endloop
  endfacet
  facet normal 0 0 1
    outer loop
      vertex -33.3092 93.0676 1.995
      vertex -33.6989 92.8588 1.995
      vertex -33.3 93.0555 1.995
    endloop
  endfacet
  facet normal -0 0 1
    outer loop
      vertex -33.7046 92.8726 1.995
      vertex -33.6989 92.8588 1.995
      vertex -33.3092 93.0676 1.995
    endloop
  endfacet
  facet normal -0 0 1
    outer loop
      vertex -33.7064 92.872 1.995
      vertex -33.6989 92.8588 1.995
      vertex -33.7046 92.8726 1.995
    endloop
  endfacet
  facet normal 0 0 1
    outer loop
      vertex -33.7064 92.872 1.995
      vertex -34.12 92.7159 1.995
      vertex -33.6989 92.8588 1.995
    endloop
  endfacet
  facet normal -0 0 1
    outer loop
      vertex -34.1239 92.7303 1.995
      vertex -34.12 92.7159 1.995
      vertex -33.7064 92.872 1.995
    endloop
  endfacet
  facet normal 0 0 1
    outer loop
      vertex -34.5562 92.6442 1.995
      vertex -34.12 92.7159 1.995
      vertex -34.1239 92.7303 1.995
    endloop
  endfacet
  facet normal 0 0 1
    outer loop
      vertex -34.12 92.7159 1.995
      vertex -34.5562 92.6442 1.995
      vertex -34.5562 92.6291 1.995
    endloop
  endfacet
  facet normal -0 0 1
    outer loop
      vertex -34.5582 92.6439 1.995
      vertex -34.5562 92.6291 1.995
      vertex -34.5562 92.6442 1.995
    endloop
  endfacet
  facet normal -0 0 1
    outer loop
      vertex -34.5601 92.6437 1.995
      vertex -34.5562 92.6291 1.995
      vertex -34.5582 92.6439 1.995
    endloop
  endfacet
  facet normal 0 0 1
    outer loop
      vertex -35 92.6 1.995
      vertex -34.5601 92.6437 1.995
      vertex -35 92.6149 1.995
    endloop
  endfacet
  facet normal 0 0 1
    outer loop
      vertex -34.5601 92.6437 1.995
      vertex -35 92.6 1.995
      vertex -34.5562 92.6291 1.995
    endloop
  endfacet
  facet normal 0 0 1
    outer loop
      vertex -35.4399 92.6437 1.995
      vertex -35 92.6 1.995
      vertex -35 92.6149 1.995
    endloop
  endfacet
  facet normal 0 0 1
    outer loop
      vertex -35.4438 92.6291 1.995
      vertex -35.4399 92.6437 1.995
      vertex -35.4418 92.6439 1.995
    endloop
  endfacet
  facet normal 0 0 1
    outer loop
      vertex -35.4399 92.6437 1.995
      vertex -35.4438 92.6291 1.995
      vertex -35 92.6 1.995
    endloop
  endfacet
  facet normal 0 0 1
    outer loop
      vertex -35.4438 92.6442 1.995
      vertex -35.4438 92.6291 1.995
      vertex -35.4418 92.6439 1.995
    endloop
  endfacet
  facet normal -0 0 1
    outer loop
      vertex -35.88 92.7159 1.995
      vertex -35.4438 92.6442 1.995
      vertex -35.8761 92.7303 1.995
    endloop
  endfacet
  facet normal 0 0 1
    outer loop
      vertex -35.4438 92.6442 1.995
      vertex -35.88 92.7159 1.995
      vertex -35.4438 92.6291 1.995
    endloop
  endfacet
  facet normal 0 0 1
    outer loop
      vertex -36.2936 92.872 1.995
      vertex -35.88 92.7159 1.995
      vertex -35.8761 92.7303 1.995
    endloop
  endfacet
  facet normal 0 0 1
    outer loop
      vertex -36.3011 92.8588 1.995
      vertex -36.2936 92.872 1.995
      vertex -36.2954 92.8726 1.995
    endloop
  endfacet
  facet normal 0 0 1
    outer loop
      vertex -36.2936 92.872 1.995
      vertex -36.3011 92.8588 1.995
      vertex -35.88 92.7159 1.995
    endloop
  endfacet
  facet normal 0 0 1
    outer loop
      vertex -36.6908 93.0676 1.995
      vertex -36.3011 92.8588 1.995
      vertex -36.2954 92.8726 1.995
    endloop
  endfacet
  facet normal 0 0 1
    outer loop
      vertex -36.7 93.0555 1.995
      vertex -36.6908 93.0676 1.995
      vertex -36.6925 93.0684 1.995
    endloop
  endfacet
  facet normal 0 0 1
    outer loop
      vertex -36.6908 93.0676 1.995
      vertex -36.7 93.0555 1.995
      vertex -36.3011 92.8588 1.995
    endloop
  endfacet
  facet normal 0 0 1
    outer loop
      vertex -36.6942 93.0695 1.995
      vertex -36.7 93.0555 1.995
      vertex -36.6925 93.0684 1.995
    endloop
  endfacet
  facet normal -0 0 1
    outer loop
      vertex -37.0698 93.3026 1.995
      vertex -36.6942 93.0695 1.995
      vertex -37.0607 93.3144 1.995
    endloop
  endfacet
  facet normal 0 0 1
    outer loop
      vertex -36.6942 93.0695 1.995
      vertex -37.0698 93.3026 1.995
      vertex -36.7 93.0555 1.995
    endloop
  endfacet
  facet normal 0 0 1
    outer loop
      vertex -37.3922 93.6051 1.995
      vertex -37.0698 93.3026 1.995
      vertex -37.0607 93.3144 1.995
    endloop
  endfacet
  facet normal 0 0 1
    outer loop
      vertex -37.4042 93.5958 1.995
      vertex -37.3922 93.6051 1.995
      vertex -37.3936 93.6064 1.995
    endloop
  endfacet
  facet normal 0 0 1
    outer loop
      vertex -37.3922 93.6051 1.995
      vertex -37.4042 93.5958 1.995
      vertex -37.0698 93.3026 1.995
    endloop
  endfacet
  facet normal 0 0 1
    outer loop
      vertex -37.3949 93.6078 1.995
      vertex -37.4042 93.5958 1.995
      vertex -37.3936 93.6064 1.995
    endloop
  endfacet
  facet normal -0 0 1
    outer loop
      vertex -37.6974 93.9302 1.995
      vertex -37.3949 93.6078 1.995
      vertex -37.6856 93.9393 1.995
    endloop
  endfacet
  facet normal 0 0 1
    outer loop
      vertex -37.3949 93.6078 1.995
      vertex -37.6974 93.9302 1.995
      vertex -37.4042 93.5958 1.995
    endloop
  endfacet
  facet normal 0 0 1
    outer loop
      vertex -37.9305 94.3058 1.995
      vertex -37.6974 93.9302 1.995
      vertex -37.6856 93.9393 1.995
    endloop
  endfacet
  facet normal 0 0 1
    outer loop
      vertex -37.9445 94.3 1.995
      vertex -37.9305 94.3058 1.995
      vertex -37.9316 94.3075 1.995
    endloop
  endfacet
  facet normal 0 0 1
    outer loop
      vertex -37.9305 94.3058 1.995
      vertex -37.9445 94.3 1.995
      vertex -37.6974 93.9302 1.995
    endloop
  endfacet
  facet normal 0 0 1
    outer loop
      vertex -37.9324 94.3092 1.995
      vertex -37.9445 94.3 1.995
      vertex -37.9316 94.3075 1.995
    endloop
  endfacet
  facet normal -0 0 1
    outer loop
      vertex -38.1412 94.6989 1.995
      vertex -37.9324 94.3092 1.995
      vertex -38.1274 94.7046 1.995
    endloop
  endfacet
  facet normal 0 0 1
    outer loop
      vertex -37.9324 94.3092 1.995
      vertex -38.1412 94.6989 1.995
      vertex -37.9445 94.3 1.995
    endloop
  endfacet
  facet normal 0 0 1
    outer loop
      vertex -38.128 94.7064 1.995
      vertex -38.1412 94.6989 1.995
      vertex -38.1274 94.7046 1.995
    endloop
  endfacet
  facet normal -0 0 1
    outer loop
      vertex -38.2841 95.12 1.995
      vertex -38.128 94.7064 1.995
      vertex -38.2697 95.1239 1.995
    endloop
  endfacet
  facet normal 0 0 1
    outer loop
      vertex -38.128 94.7064 1.995
      vertex -38.2841 95.12 1.995
      vertex -38.1412 94.6989 1.995
    endloop
  endfacet
  facet normal 0 0 1
    outer loop
      vertex -38.3557 95.5562 1.995
      vertex -38.2841 95.12 1.995
      vertex -38.2697 95.1239 1.995
    endloop
  endfacet
  facet normal 0 0 1
    outer loop
      vertex -38.3709 95.5562 1.995
      vertex -38.3557 95.5562 1.995
      vertex -38.3561 95.5582 1.995
    endloop
  endfacet
  facet normal 0 0 1
    outer loop
      vertex -38.3557 95.5562 1.995
      vertex -38.3709 95.5562 1.995
      vertex -38.2841 95.12 1.995
    endloop
  endfacet
  facet normal 0 0 1
    outer loop
      vertex -38.3563 95.5601 1.995
      vertex -38.3709 95.5562 1.995
      vertex -38.3561 95.5582 1.995
    endloop
  endfacet
  facet normal -0 0 1
    outer loop
      vertex -38.4 96 1.995
      vertex -38.3563 95.5601 1.995
      vertex -38.3851 96 1.995
    endloop
  endfacet
  facet normal 0 0 1
    outer loop
      vertex -38.3563 95.5601 1.995
      vertex -38.4 96 1.995
      vertex -38.3709 95.5562 1.995
    endloop
  endfacet
  facet normal -0.997857 -0.0654296 0
    outer loop
      vertex -31.6 96 1.995
      vertex -31.6291 96.4438 2
      vertex -31.6291 96.4438 1.995
    endloop
  endfacet
  facet normal -0.997857 -0.0654296 0
    outer loop
      vertex -31.6291 96.4438 2
      vertex -31.6 96 1.995
      vertex -31.6 96 2
    endloop
  endfacet
  facet normal 0.981113 -0.193434 0
    outer loop
      vertex -106.685 99.2219 0.3
      vertex -106.642 99.44 0
      vertex -106.642 99.44 0.3
    endloop
  endfacet
  facet normal 0.981113 -0.193434 0
    outer loop
      vertex -106.642 99.44 0
      vertex -106.685 99.2219 0.3
      vertex -106.685 99.2219 0
    endloop
  endfacet
  facet normal 0.997723 -0.0674441 0
    outer loop
      vertex -106.7 99 0.3
      vertex -106.685 99.2219 0
      vertex -106.685 99.2219 0.3
    endloop
  endfacet
  facet normal 0.997723 -0.0674441 0
    outer loop
      vertex -106.685 99.2219 0
      vertex -106.7 99 0.3
      vertex -106.7 99 0
    endloop
  endfacet
  facet normal 0.0651764 0.997874 -0
    outer loop
      vertex -105 97.3 0
      vertex -105.222 97.3145 0.3
      vertex -105 97.3 0.3
    endloop
  endfacet
  facet normal 0.0651764 0.997874 0
    outer loop
      vertex -105.222 97.3145 0.3
      vertex -105 97.3 0
      vertex -105.222 97.3145 0
    endloop
  endfacet
  facet normal -0.660729 -0.750624 0
    outer loop
      vertex -103.965 100.349 0
      vertex -103.798 100.202 0.3
      vertex -103.965 100.349 0.3
    endloop
  endfacet
  facet normal -0.660729 -0.750624 -0
    outer loop
      vertex -103.798 100.202 0.3
      vertex -103.965 100.349 0
      vertex -103.798 100.202 0
    endloop
  endfacet
  facet normal -0.832604 0.553869 0
    outer loop
      vertex -103.651 97.9651 0
      vertex -103.528 98.15 0.3
      vertex -103.528 98.15 0
    endloop
  endfacet
  facet normal -0.832604 0.553869 0
    outer loop
      vertex -103.528 98.15 0.3
      vertex -103.651 97.9651 0
      vertex -103.651 97.9651 0.3
    endloop
  endfacet
  facet normal -0.195251 0.980753 0
    outer loop
      vertex -104.56 97.3579 0
      vertex -104.778 97.3145 0.3
      vertex -104.56 97.3579 0.3
    endloop
  endfacet
  facet normal -0.195251 0.980753 0
    outer loop
      vertex -104.778 97.3145 0.3
      vertex -104.56 97.3579 0
      vertex -104.778 97.3145 0
    endloop
  endfacet
  facet normal 0.660729 -0.750624 0
    outer loop
      vertex -106.202 100.202 0
      vertex -106.035 100.349 0.3
      vertex -106.202 100.202 0.3
    endloop
  endfacet
  facet normal 0.660729 -0.750624 0
    outer loop
      vertex -106.035 100.349 0.3
      vertex -106.202 100.202 0
      vertex -106.035 100.349 0
    endloop
  endfacet
  facet normal 0.947598 0.319466 0
    outer loop
      vertex -106.571 98.3494 0.3
      vertex -106.642 98.56 0
      vertex -106.642 98.56 0.3
    endloop
  endfacet
  facet normal 0.947598 0.319466 0
    outer loop
      vertex -106.642 98.56 0
      vertex -106.571 98.3494 0.3
      vertex -106.571 98.3494 0
    endloop
  endfacet
  facet normal 0.751016 0.660284 0
    outer loop
      vertex -106.202 97.7979 0.3
      vertex -106.349 97.9651 0
      vertex -106.349 97.9651 0.3
    endloop
  endfacet
  facet normal 0.751016 0.660284 0
    outer loop
      vertex -106.349 97.9651 0
      vertex -106.202 97.7979 0.3
      vertex -106.202 97.7979 0
    endloop
  endfacet
  facet normal 0.750624 -0.660729 0
    outer loop
      vertex -106.349 100.035 0.3
      vertex -106.202 100.202 0
      vertex -106.202 100.202 0.3
    endloop
  endfacet
  facet normal 0.750624 -0.660729 0
    outer loop
      vertex -106.202 100.202 0
      vertex -106.349 100.035 0.3
      vertex -106.349 100.035 0
    endloop
  endfacet
  facet normal -0.947598 0.319466 0
    outer loop
      vertex -103.429 98.3494 0
      vertex -103.358 98.56 0.3
      vertex -103.358 98.56 0
    endloop
  endfacet
  facet normal -0.947598 0.319466 0
    outer loop
      vertex -103.358 98.56 0.3
      vertex -103.429 98.3494 0
      vertex -103.429 98.3494 0.3
    endloop
  endfacet
  facet normal 0.320937 0.947101 -0
    outer loop
      vertex -105.44 97.3579 0
      vertex -105.651 97.4294 0.3
      vertex -105.44 97.3579 0.3
    endloop
  endfacet
  facet normal 0.320937 0.947101 0
    outer loop
      vertex -105.651 97.4294 0.3
      vertex -105.44 97.3579 0
      vertex -105.651 97.4294 0
    endloop
  endfacet
  facet normal -0.0651764 0.997874 0
    outer loop
      vertex -104.778 97.3145 0
      vertex -105 97.3 0.3
      vertex -104.778 97.3145 0.3
    endloop
  endfacet
  facet normal -0.0651764 0.997874 0
    outer loop
      vertex -105 97.3 0.3
      vertex -104.778 97.3145 0
      vertex -105 97.3 0
    endloop
  endfacet
  facet normal -0.318922 -0.947781 0
    outer loop
      vertex -104.56 100.642 0
      vertex -104.349 100.571 0.3
      vertex -104.56 100.642 0.3
    endloop
  endfacet
  facet normal -0.318922 -0.947781 -0
    outer loop
      vertex -104.349 100.571 0.3
      vertex -104.56 100.642 0
      vertex -104.349 100.571 0
    endloop
  endfacet
  facet normal 0.947598 -0.319466 0
    outer loop
      vertex -106.642 99.44 0.3
      vertex -106.571 99.6506 0
      vertex -106.571 99.6506 0.3
    endloop
  endfacet
  facet normal 0.947598 -0.319466 0
    outer loop
      vertex -106.571 99.6506 0
      vertex -106.642 99.44 0.3
      vertex -106.642 99.44 0
    endloop
  endfacet
  facet normal -0.750624 -0.660729 0
    outer loop
      vertex -103.651 100.035 0
      vertex -103.798 100.202 0.3
      vertex -103.798 100.202 0
    endloop
  endfacet
  facet normal -0.750624 -0.660729 0
    outer loop
      vertex -103.798 100.202 0.3
      vertex -103.651 100.035 0
      vertex -103.651 100.035 0.3
    endloop
  endfacet
  facet normal -0.443245 0.8964 0
    outer loop
      vertex -104.15 97.5278 0
      vertex -104.349 97.4294 0.3
      vertex -104.15 97.5278 0.3
    endloop
  endfacet
  facet normal -0.443245 0.8964 0
    outer loop
      vertex -104.349 97.4294 0.3
      vertex -104.15 97.5278 0
      vertex -104.349 97.4294 0
    endloop
  endfacet
  facet normal -0.0674139 -0.997725 0
    outer loop
      vertex -105 100.7 0
      vertex -104.778 100.685 0.3
      vertex -105 100.7 0.3
    endloop
  endfacet
  facet normal -0.0674139 -0.997725 -0
    outer loop
      vertex -104.778 100.685 0.3
      vertex -105 100.7 0
      vertex -104.778 100.685 0
    endloop
  endfacet
  facet normal 0.895681 0.444696 0
    outer loop
      vertex -106.472 98.15 0.3
      vertex -106.571 98.3494 0
      vertex -106.571 98.3494 0.3
    endloop
  endfacet
  facet normal 0.895681 0.444696 0
    outer loop
      vertex -106.571 98.3494 0
      vertex -106.472 98.15 0.3
      vertex -106.472 98.15 0
    endloop
  endfacet
  facet normal 0.555219 0.831704 -0
    outer loop
      vertex -105.85 97.5278 0
      vertex -106.035 97.6513 0.3
      vertex -105.85 97.5278 0.3
    endloop
  endfacet
  facet normal 0.555219 0.831704 0
    outer loop
      vertex -106.035 97.6513 0.3
      vertex -105.85 97.5278 0
      vertex -106.035 97.6513 0
    endloop
  endfacet
  facet normal -0.981113 0.193434 0
    outer loop
      vertex -103.358 98.56 0
      vertex -103.315 98.7781 0.3
      vertex -103.315 98.7781 0
    endloop
  endfacet
  facet normal -0.981113 0.193434 0
    outer loop
      vertex -103.315 98.7781 0.3
      vertex -103.358 98.56 0
      vertex -103.358 98.56 0.3
    endloop
  endfacet
  facet normal 0.193519 -0.981097 0
    outer loop
      vertex -105.44 100.642 0
      vertex -105.222 100.685 0.3
      vertex -105.44 100.642 0.3
    endloop
  endfacet
  facet normal 0.193519 -0.981097 0
    outer loop
      vertex -105.222 100.685 0.3
      vertex -105.44 100.642 0
      vertex -105.222 100.685 0
    endloop
  endfacet
  facet normal 0.832742 -0.553661 0
    outer loop
      vertex -106.472 99.85 0.3
      vertex -106.349 100.035 0
      vertex -106.349 100.035 0.3
    endloop
  endfacet
  facet normal 0.832742 -0.553661 0
    outer loop
      vertex -106.349 100.035 0
      vertex -106.472 99.85 0.3
      vertex -106.472 99.85 0
    endloop
  endfacet
  facet normal 0.997723 0.0674441 0
    outer loop
      vertex -106.685 98.7781 0.3
      vertex -106.7 99 0
      vertex -106.7 99 0.3
    endloop
  endfacet
  facet normal 0.997723 0.0674441 0
    outer loop
      vertex -106.7 99 0
      vertex -106.685 98.7781 0.3
      vertex -106.685 98.7781 0
    endloop
  endfacet
  facet normal 0.318922 -0.947781 0
    outer loop
      vertex -105.651 100.571 0
      vertex -105.44 100.642 0.3
      vertex -105.651 100.571 0.3
    endloop
  endfacet
  facet normal 0.318922 -0.947781 0
    outer loop
      vertex -105.44 100.642 0.3
      vertex -105.651 100.571 0
      vertex -105.44 100.642 0
    endloop
  endfacet
  facet normal 0.553661 -0.832742 0
    outer loop
      vertex -106.035 100.349 0
      vertex -105.85 100.472 0.3
      vertex -106.035 100.349 0.3
    endloop
  endfacet
  facet normal 0.553661 -0.832742 0
    outer loop
      vertex -105.85 100.472 0.3
      vertex -106.035 100.349 0
      vertex -105.85 100.472 0
    endloop
  endfacet
  facet normal -0.193519 -0.981097 0
    outer loop
      vertex -104.778 100.685 0
      vertex -104.56 100.642 0.3
      vertex -104.778 100.685 0.3
    endloop
  endfacet
  facet normal -0.193519 -0.981097 -0
    outer loop
      vertex -104.56 100.642 0.3
      vertex -104.778 100.685 0
      vertex -104.56 100.642 0
    endloop
  endfacet
  facet normal 0.659714 0.751516 -0
    outer loop
      vertex -106.035 97.6513 0
      vertex -106.202 97.7979 0.3
      vertex -106.035 97.6513 0.3
    endloop
  endfacet
  facet normal 0.659714 0.751516 0
    outer loop
      vertex -106.202 97.7979 0.3
      vertex -106.035 97.6513 0
      vertex -106.202 97.7979 0
    endloop
  endfacet
  facet normal -0.895681 -0.444696 0
    outer loop
      vertex -103.429 99.6506 0
      vertex -103.528 99.85 0.3
      vertex -103.528 99.85 0
    endloop
  endfacet
  facet normal -0.895681 -0.444696 0
    outer loop
      vertex -103.528 99.85 0.3
      vertex -103.429 99.6506 0
      vertex -103.429 99.6506 0.3
    endloop
  endfacet
  facet normal 0.981113 0.193434 0
    outer loop
      vertex -106.642 98.56 0.3
      vertex -106.685 98.7781 0
      vertex -106.685 98.7781 0.3
    endloop
  endfacet
  facet normal 0.981113 0.193434 0
    outer loop
      vertex -106.685 98.7781 0
      vertex -106.642 98.56 0.3
      vertex -106.642 98.56 0
    endloop
  endfacet
  facet normal 0.195251 0.980753 -0
    outer loop
      vertex -105.222 97.3145 0
      vertex -105.44 97.3579 0.3
      vertex -105.222 97.3145 0.3
    endloop
  endfacet
  facet normal 0.195251 0.980753 0
    outer loop
      vertex -105.44 97.3579 0.3
      vertex -105.222 97.3145 0
      vertex -105.44 97.3579 0
    endloop
  endfacet
  facet normal -0.659714 0.751516 0
    outer loop
      vertex -103.798 97.7979 0
      vertex -103.965 97.6513 0.3
      vertex -103.798 97.7979 0.3
    endloop
  endfacet
  facet normal -0.659714 0.751516 0
    outer loop
      vertex -103.965 97.6513 0.3
      vertex -103.798 97.7979 0
      vertex -103.965 97.6513 0
    endloop
  endfacet
  facet normal -0.751016 0.660284 0
    outer loop
      vertex -103.798 97.7979 0
      vertex -103.651 97.9651 0.3
      vertex -103.651 97.9651 0
    endloop
  endfacet
  facet normal -0.751016 0.660284 0
    outer loop
      vertex -103.651 97.9651 0.3
      vertex -103.798 97.7979 0
      vertex -103.798 97.7979 0.3
    endloop
  endfacet
  facet normal 0.0674139 -0.997725 0
    outer loop
      vertex -105.222 100.685 0
      vertex -105 100.7 0.3
      vertex -105.222 100.685 0.3
    endloop
  endfacet
  facet normal 0.0674139 -0.997725 0
    outer loop
      vertex -105 100.7 0.3
      vertex -105.222 100.685 0
      vertex -105 100.7 0
    endloop
  endfacet
  facet normal 0.445413 -0.895325 0
    outer loop
      vertex -105.85 100.472 0
      vertex -105.651 100.571 0.3
      vertex -105.85 100.472 0.3
    endloop
  endfacet
  facet normal 0.445413 -0.895325 0
    outer loop
      vertex -105.651 100.571 0.3
      vertex -105.85 100.472 0
      vertex -105.651 100.571 0
    endloop
  endfacet
  facet normal 0.832604 0.553869 0
    outer loop
      vertex -106.349 97.9651 0.3
      vertex -106.472 98.15 0
      vertex -106.472 98.15 0.3
    endloop
  endfacet
  facet normal 0.832604 0.553869 0
    outer loop
      vertex -106.472 98.15 0
      vertex -106.349 97.9651 0.3
      vertex -106.349 97.9651 0
    endloop
  endfacet
  facet normal -0.997723 0.0674441 0
    outer loop
      vertex -103.315 98.7781 0
      vertex -103.3 99 0.3
      vertex -103.3 99 0
    endloop
  endfacet
  facet normal -0.997723 0.0674441 0
    outer loop
      vertex -103.3 99 0.3
      vertex -103.315 98.7781 0
      vertex -103.315 98.7781 0.3
    endloop
  endfacet
  facet normal 0.443245 0.8964 -0
    outer loop
      vertex -105.651 97.4294 0
      vertex -105.85 97.5278 0.3
      vertex -105.651 97.4294 0.3
    endloop
  endfacet
  facet normal 0.443245 0.8964 0
    outer loop
      vertex -105.85 97.5278 0.3
      vertex -105.651 97.4294 0
      vertex -105.85 97.5278 0
    endloop
  endfacet
  facet normal -0.981113 -0.193434 0
    outer loop
      vertex -103.315 99.2219 0
      vertex -103.358 99.44 0.3
      vertex -103.358 99.44 0
    endloop
  endfacet
  facet normal -0.981113 -0.193434 0
    outer loop
      vertex -103.358 99.44 0.3
      vertex -103.315 99.2219 0
      vertex -103.315 99.2219 0.3
    endloop
  endfacet
  facet normal -0.895681 0.444696 0
    outer loop
      vertex -103.528 98.15 0
      vertex -103.429 98.3494 0.3
      vertex -103.429 98.3494 0
    endloop
  endfacet
  facet normal -0.895681 0.444696 0
    outer loop
      vertex -103.429 98.3494 0.3
      vertex -103.528 98.15 0
      vertex -103.528 98.15 0.3
    endloop
  endfacet
  facet normal -0.947598 -0.319466 0
    outer loop
      vertex -103.358 99.44 0
      vertex -103.429 99.6506 0.3
      vertex -103.429 99.6506 0
    endloop
  endfacet
  facet normal -0.947598 -0.319466 0
    outer loop
      vertex -103.429 99.6506 0.3
      vertex -103.358 99.44 0
      vertex -103.358 99.44 0.3
    endloop
  endfacet
  facet normal -0.553661 -0.832742 0
    outer loop
      vertex -104.15 100.472 0
      vertex -103.965 100.349 0.3
      vertex -104.15 100.472 0.3
    endloop
  endfacet
  facet normal -0.553661 -0.832742 -0
    outer loop
      vertex -103.965 100.349 0.3
      vertex -104.15 100.472 0
      vertex -103.965 100.349 0
    endloop
  endfacet
  facet normal 0.895681 -0.444696 0
    outer loop
      vertex -106.571 99.6506 0.3
      vertex -106.472 99.85 0
      vertex -106.472 99.85 0.3
    endloop
  endfacet
  facet normal 0.895681 -0.444696 0
    outer loop
      vertex -106.472 99.85 0
      vertex -106.571 99.6506 0.3
      vertex -106.571 99.6506 0
    endloop
  endfacet
  facet normal -0.997723 -0.0674441 0
    outer loop
      vertex -103.3 99 0
      vertex -103.315 99.2219 0.3
      vertex -103.315 99.2219 0
    endloop
  endfacet
  facet normal -0.997723 -0.0674441 0
    outer loop
      vertex -103.315 99.2219 0.3
      vertex -103.3 99 0
      vertex -103.3 99 0.3
    endloop
  endfacet
  facet normal -0.320937 0.947101 0
    outer loop
      vertex -104.349 97.4294 0
      vertex -104.56 97.3579 0.3
      vertex -104.349 97.4294 0.3
    endloop
  endfacet
  facet normal -0.320937 0.947101 0
    outer loop
      vertex -104.56 97.3579 0.3
      vertex -104.349 97.4294 0
      vertex -104.56 97.3579 0
    endloop
  endfacet
  facet normal -0.445413 -0.895325 0
    outer loop
      vertex -104.349 100.571 0
      vertex -104.15 100.472 0.3
      vertex -104.349 100.571 0.3
    endloop
  endfacet
  facet normal -0.445413 -0.895325 -0
    outer loop
      vertex -104.15 100.472 0.3
      vertex -104.349 100.571 0
      vertex -104.15 100.472 0
    endloop
  endfacet
  facet normal -0.832742 -0.553661 0
    outer loop
      vertex -103.528 99.85 0
      vertex -103.651 100.035 0.3
      vertex -103.651 100.035 0
    endloop
  endfacet
  facet normal -0.832742 -0.553661 0
    outer loop
      vertex -103.651 100.035 0.3
      vertex -103.528 99.85 0
      vertex -103.528 99.85 0.3
    endloop
  endfacet
  facet normal -0.555219 0.831704 0
    outer loop
      vertex -103.965 97.6513 0
      vertex -104.15 97.5278 0.3
      vertex -103.965 97.6513 0.3
    endloop
  endfacet
  facet normal -0.555219 0.831704 0
    outer loop
      vertex -104.15 97.5278 0.3
      vertex -103.965 97.6513 0
      vertex -104.15 97.5278 0
    endloop
  endfacet
  facet normal 0.696222 0.138504 0.704337
    outer loop
      vertex -108.356 98.5562 1.995
      vertex -108.27 98.1239 1.995
      vertex -106.642 98.56 0.3
    endloop
  endfacet
  facet normal 0.227928 0.672363 0.704256
    outer loop
      vertex -106.294 95.872 1.995
      vertex -105.876 95.7303 1.995
      vertex -105.44 97.3579 0.3
    endloop
  endfacet
  facet normal 0.708422 -0.0467021 0.704242
    outer loop
      vertex -108.385 99 1.995
      vertex -106.7 99 0.3
      vertex -108.356 99.4399 1.995
    endloop
  endfacet
  facet normal 0.71213 -0 0.702047
    outer loop
      vertex -108.356 99.4399 1.995
      vertex -106.685 99.2219 0.3
      vertex -108.356 99.4418 1.995
    endloop
  endfacet
  facet normal 0.708229 -0.0478749 0.704358
    outer loop
      vertex -106.685 99.2219 0.3
      vertex -108.356 99.4399 1.995
      vertex -106.7 99 0.3
    endloop
  endfacet
  facet normal 0.533525 0.468343 0.704277
    outer loop
      vertex -107.686 96.9393 1.995
      vertex -107.395 96.6078 1.995
      vertex -106.349 97.9651 0.3
    endloop
  endfacet
  facet normal -0.708229 0.0478749 0.704358
    outer loop
      vertex -103.315 98.7781 0.3
      vertex -101.644 98.5601 1.995
      vertex -103.3 99 0.3
    endloop
  endfacet
  facet normal -0.71213 0 0.702047
    outer loop
      vertex -101.644 98.5601 1.995
      vertex -103.315 98.7781 0.3
      vertex -101.644 98.5582 1.995
    endloop
  endfacet
  facet normal 0.520915 -0.520915 0.676236
    outer loop
      vertex -108.128 100.294 1.995
      vertex -106.571 99.6506 0.3
      vertex -108.127 100.295 1.995
    endloop
  endfacet
  facet normal 0.672835 -0.226834 0.704159
    outer loop
      vertex -106.571 99.6506 0.3
      vertex -108.128 100.294 1.995
      vertex -106.642 99.44 0.3
    endloop
  endfacet
  facet normal 0.672073 0.228585 0.70432
    outer loop
      vertex -108.27 98.1239 1.995
      vertex -108.128 97.7064 1.995
      vertex -106.642 98.56 0.3
    endloop
  endfacet
  facet normal -0.696222 0.138504 0.704337
    outer loop
      vertex -103.358 98.56 0.3
      vertex -101.73 98.1239 1.995
      vertex -101.644 98.5562 1.995
    endloop
  endfacet
  facet normal -0.227928 0.672363 0.704256
    outer loop
      vertex -104.56 97.3579 0.3
      vertex -104.124 95.7303 1.995
      vertex -103.706 95.872 1.995
    endloop
  endfacet
  facet normal 0.696222 -0.138504 0.704337
    outer loop
      vertex -108.356 99.4438 1.995
      vertex -106.642 99.44 0.3
      vertex -108.27 99.8761 1.995
    endloop
  endfacet
  facet normal 0.0463688 0.708412 0.704274
    outer loop
      vertex -105.44 95.6437 1.995
      vertex -105 95.6149 1.995
      vertex -105 97.3 0.3
    endloop
  endfacet
  facet normal 0.0462712 0.708428 0.704265
    outer loop
      vertex -105.222 97.3145 0.3
      vertex -105.44 95.6437 1.995
      vertex -105 97.3 0.3
    endloop
  endfacet
  facet normal 0.0705843 0.705843 0.704843
    outer loop
      vertex -105.44 95.6437 1.995
      vertex -105.222 97.3145 0.3
      vertex -105.442 95.6439 1.995
    endloop
  endfacet
  facet normal 0.708422 0.0467021 0.704242
    outer loop
      vertex -108.385 99 1.995
      vertex -108.356 98.5601 1.995
      vertex -106.7 99 0.3
    endloop
  endfacet
  facet normal -0.533525 0.468343 0.704277
    outer loop
      vertex -103.651 97.9651 0.3
      vertex -102.605 96.6078 1.995
      vertex -102.314 96.9393 1.995
    endloop
  endfacet
  facet normal -0.313723 -0.637098 0.704048
    outer loop
      vertex -104.349 100.571 0.3
      vertex -103.309 101.932 1.995
      vertex -103.705 102.127 1.995
    endloop
  endfacet
  facet normal -0.0466915 -0.708422 0.704243
    outer loop
      vertex -105 100.7 0.3
      vertex -104.56 102.356 1.995
      vertex -105 102.385 1.995
    endloop
  endfacet
  facet normal 0.67286 0.226843 0.704132
    outer loop
      vertex -108.128 97.7064 1.995
      vertex -106.571 98.3494 0.3
      vertex -106.642 98.56 0.3
    endloop
  endfacet
  facet normal 0.622086 0.345603 0.702543
    outer loop
      vertex -106.571 98.3494 0.3
      vertex -108.128 97.7064 1.995
      vertex -108.127 97.7046 1.995
    endloop
  endfacet
  facet normal 0.591203 -0.393062 0.704259
    outer loop
      vertex -107.93 100.694 1.995
      vertex -106.349 100.035 0.3
      vertex -107.686 101.061 1.995
    endloop
  endfacet
  facet normal 0.313723 -0.637098 0.704048
    outer loop
      vertex -106.691 101.932 1.995
      vertex -105.651 100.571 0.3
      vertex -106.295 102.127 1.995
    endloop
  endfacet
  facet normal 0.469034 -0.532848 0.704329
    outer loop
      vertex -107.392 101.395 1.995
      vertex -106.202 100.202 0.3
      vertex -106.035 100.349 0.3
    endloop
  endfacet
  facet normal 0.325283 -0.650566 0.686261
    outer loop
      vertex -106.202 100.202 0.3
      vertex -107.392 101.395 1.995
      vertex -107.394 101.394 1.995
    endloop
  endfacet
  facet normal -0.533126 0.468717 0.70433
    outer loop
      vertex -103.798 97.7979 0.3
      vertex -102.605 96.6078 1.995
      vertex -103.651 97.9651 0.3
    endloop
  endfacet
  facet normal -0.580936 0.414955 0.700233
    outer loop
      vertex -102.605 96.6078 1.995
      vertex -103.798 97.7979 0.3
      vertex -102.606 96.6064 1.995
    endloop
  endfacet
  facet normal 0.22785 0.672398 0.704248
    outer loop
      vertex -105.651 97.4294 0.3
      vertex -106.294 95.872 1.995
      vertex -105.44 97.3579 0.3
    endloop
  endfacet
  facet normal 0.366898 0.611497 0.701039
    outer loop
      vertex -106.294 95.872 1.995
      vertex -105.651 97.4294 0.3
      vertex -106.295 95.8726 1.995
    endloop
  endfacet
  facet normal 0.394168 0.590454 0.70427
    outer loop
      vertex -106.694 96.0695 1.995
      vertex -105.85 97.5278 0.3
      vertex -106.035 97.6513 0.3
    endloop
  endfacet
  facet normal 0.537212 0.488375 0.687672
    outer loop
      vertex -105.85 97.5278 0.3
      vertex -106.694 96.0695 1.995
      vertex -106.693 96.0684 1.995
    endloop
  endfacet
  facet normal -0.468465 0.533409 0.704283
    outer loop
      vertex -103.965 97.6513 0.3
      vertex -102.939 96.3144 1.995
      vertex -102.608 96.6051 1.995
    endloop
  endfacet
  facet normal 0.394053 0.590516 0.704282
    outer loop
      vertex -107.061 96.3144 1.995
      vertex -106.694 96.0695 1.995
      vertex -106.035 97.6513 0.3
    endloop
  endfacet
  facet normal 0.0466915 -0.708422 0.704243
    outer loop
      vertex -105.44 102.356 1.995
      vertex -105 100.7 0.3
      vertex -105 102.385 1.995
    endloop
  endfacet
  facet normal -0.472701 0.556119 0.683583
    outer loop
      vertex -103.528 98.15 0.3
      vertex -102.07 97.3058 1.995
      vertex -102.068 97.3075 1.995
    endloop
  endfacet
  facet normal -0.591087 0.393206 0.704277
    outer loop
      vertex -102.07 97.3058 1.995
      vertex -103.528 98.15 0.3
      vertex -103.651 97.9651 0.3
    endloop
  endfacet
  facet normal -0.672134 -0.228387 0.704326
    outer loop
      vertex -103.358 99.44 0.3
      vertex -101.73 99.8761 1.995
      vertex -101.872 100.294 1.995
    endloop
  endfacet
  facet normal 0.313656 0.636963 0.7042
    outer loop
      vertex -106.691 96.0676 1.995
      vertex -106.295 95.8726 1.995
      vertex -105.651 97.4294 0.3
    endloop
  endfacet
  facet normal -0.590963 0.393438 0.704251
    outer loop
      vertex -103.651 97.9651 0.3
      vertex -102.314 96.9393 1.995
      vertex -102.07 97.3058 1.995
    endloop
  endfacet
  facet normal 0.316186 -0.635567 0.70433
    outer loop
      vertex -106.691 101.932 1.995
      vertex -105.85 100.472 0.3
      vertex -105.651 100.571 0.3
    endloop
  endfacet
  facet normal 0 -0.757677 0.65263
    outer loop
      vertex -105.85 100.472 0.3
      vertex -106.691 101.932 1.995
      vertex -106.693 101.932 1.995
    endloop
  endfacet
  facet normal 0.138766 0.69625 0.704259
    outer loop
      vertex -105.876 95.7303 1.995
      vertex -105.444 95.6442 1.995
      vertex -105.44 97.3579 0.3
    endloop
  endfacet
  facet normal -0.636855 0.314079 0.704109
    outer loop
      vertex -103.429 98.3494 0.3
      vertex -102.068 97.3092 1.995
      vertex -101.873 97.7046 1.995
    endloop
  endfacet
  facet normal 0.468736 -0.533167 0.704287
    outer loop
      vertex -107.392 101.395 1.995
      vertex -106.035 100.349 0.3
      vertex -107.061 101.686 1.995
    endloop
  endfacet
  facet normal 0.533167 -0.468736 0.704287
    outer loop
      vertex -107.686 101.061 1.995
      vertex -106.349 100.035 0.3
      vertex -107.395 101.392 1.995
    endloop
  endfacet
  facet normal -0.394053 0.590516 0.704282
    outer loop
      vertex -103.965 97.6513 0.3
      vertex -103.306 96.0695 1.995
      vertex -102.939 96.3144 1.995
    endloop
  endfacet
  facet normal 0.696343 0.137289 0.704456
    outer loop
      vertex -106.685 98.7781 0.3
      vertex -108.356 98.5562 1.995
      vertex -106.642 98.56 0.3
    endloop
  endfacet
  facet normal 0.71213 -0 0.702047
    outer loop
      vertex -108.356 98.5562 1.995
      vertex -106.685 98.7781 0.3
      vertex -108.356 98.5582 1.995
    endloop
  endfacet
  facet normal 0.533126 0.468717 0.70433
    outer loop
      vertex -107.395 96.6078 1.995
      vertex -106.202 97.7979 0.3
      vertex -106.349 97.9651 0.3
    endloop
  endfacet
  facet normal 0.580936 0.414955 0.700233
    outer loop
      vertex -106.202 97.7979 0.3
      vertex -107.395 96.6078 1.995
      vertex -107.394 96.6064 1.995
    endloop
  endfacet
  facet normal 0.696343 -0.137289 0.704456
    outer loop
      vertex -108.356 99.4438 1.995
      vertex -106.685 99.2219 0.3
      vertex -106.642 99.44 0.3
    endloop
  endfacet
  facet normal 0.71213 0 0.702047
    outer loop
      vertex -106.685 99.2219 0.3
      vertex -108.356 99.4438 1.995
      vertex -108.356 99.4418 1.995
    endloop
  endfacet
  facet normal -0.637065 -0.313706 0.704086
    outer loop
      vertex -103.429 99.6506 0.3
      vertex -101.873 100.295 1.995
      vertex -102.068 100.691 1.995
    endloop
  endfacet
  facet normal 0.468465 0.533409 0.704283
    outer loop
      vertex -107.392 96.6051 1.995
      vertex -107.061 96.3144 1.995
      vertex -106.035 97.6513 0.3
    endloop
  endfacet
  facet normal -0.138614 0.696265 0.704274
    outer loop
      vertex -104.778 97.3145 0.3
      vertex -104.556 95.6442 1.995
      vertex -104.56 97.3579 0.3
    endloop
  endfacet
  facet normal -0.10521 0.701401 0.704959
    outer loop
      vertex -104.556 95.6442 1.995
      vertex -104.778 97.3145 0.3
      vertex -104.558 95.6439 1.995
    endloop
  endfacet
  facet normal -0.708422 0.0467021 0.704242
    outer loop
      vertex -103.3 99 0.3
      vertex -101.644 98.5601 1.995
      vertex -101.615 99 1.995
    endloop
  endfacet
  facet normal -0.390672 0.601033 0.697234
    outer loop
      vertex -103.798 97.7979 0.3
      vertex -102.608 96.6051 1.995
      vertex -102.606 96.6064 1.995
    endloop
  endfacet
  facet normal -0.468354 0.533528 0.704267
    outer loop
      vertex -102.608 96.6051 1.995
      vertex -103.798 97.7979 0.3
      vertex -103.965 97.6513 0.3
    endloop
  endfacet
  facet normal 0.708229 0.0478749 0.704358
    outer loop
      vertex -108.356 98.5601 1.995
      vertex -106.685 98.7781 0.3
      vertex -106.7 99 0.3
    endloop
  endfacet
  facet normal 0.71213 0 0.702047
    outer loop
      vertex -106.685 98.7781 0.3
      vertex -108.356 98.5601 1.995
      vertex -108.356 98.5582 1.995
    endloop
  endfacet
  facet normal -0.71213 0 0.702047
    outer loop
      vertex -103.315 98.7781 0.3
      vertex -101.644 98.5562 1.995
      vertex -101.644 98.5582 1.995
    endloop
  endfacet
  facet normal -0.696343 0.137289 0.704456
    outer loop
      vertex -101.644 98.5562 1.995
      vertex -103.315 98.7781 0.3
      vertex -103.358 98.56 0.3
    endloop
  endfacet
  facet normal 0.22834 -0.672155 0.704321
    outer loop
      vertex -106.294 102.128 1.995
      vertex -105.44 100.642 0.3
      vertex -105.876 102.27 1.995
    endloop
  endfacet
  facet normal -0.520915 -0.520915 0.676236
    outer loop
      vertex -103.429 99.6506 0.3
      vertex -101.872 100.294 1.995
      vertex -101.873 100.295 1.995
    endloop
  endfacet
  facet normal -0.672835 -0.226834 0.704159
    outer loop
      vertex -101.872 100.294 1.995
      vertex -103.429 99.6506 0.3
      vertex -103.358 99.44 0.3
    endloop
  endfacet
  facet normal 0.314654 0.636344 0.704315
    outer loop
      vertex -105.85 97.5278 0.3
      vertex -106.691 96.0676 1.995
      vertex -105.651 97.4294 0.3
    endloop
  endfacet
  facet normal 0.264705 0.661762 0.701429
    outer loop
      vertex -106.691 96.0676 1.995
      vertex -105.85 97.5278 0.3
      vertex -106.693 96.0684 1.995
    endloop
  endfacet
  facet normal -0.67286 0.226843 0.704132
    outer loop
      vertex -103.429 98.3494 0.3
      vertex -101.872 97.7064 1.995
      vertex -103.358 98.56 0.3
    endloop
  endfacet
  facet normal -0.622086 0.345603 0.702543
    outer loop
      vertex -101.872 97.7064 1.995
      vertex -103.429 98.3494 0.3
      vertex -101.873 97.7046 1.995
    endloop
  endfacet
  facet normal 0.636855 0.314079 0.704109
    outer loop
      vertex -108.127 97.7046 1.995
      vertex -107.932 97.3092 1.995
      vertex -106.571 98.3494 0.3
    endloop
  endfacet
  facet normal 0.138614 0.696265 0.704274
    outer loop
      vertex -105.444 95.6442 1.995
      vertex -105.222 97.3145 0.3
      vertex -105.44 97.3579 0.3
    endloop
  endfacet
  facet normal 0.10521 0.701401 0.704959
    outer loop
      vertex -105.222 97.3145 0.3
      vertex -105.444 95.6442 1.995
      vertex -105.442 95.6439 1.995
    endloop
  endfacet
  facet normal 0.650566 -0.325283 0.686261
    outer loop
      vertex -107.395 101.392 1.995
      vertex -106.202 100.202 0.3
      vertex -107.394 101.394 1.995
    endloop
  endfacet
  facet normal 0.532848 -0.469034 0.704329
    outer loop
      vertex -106.202 100.202 0.3
      vertex -107.395 101.392 1.995
      vertex -106.349 100.035 0.3
    endloop
  endfacet
  facet normal -0.393062 -0.591203 0.704259
    outer loop
      vertex -103.965 100.349 0.3
      vertex -102.939 101.686 1.995
      vertex -103.306 101.93 1.995
    endloop
  endfacet
  facet normal -0.71213 0 0.702047
    outer loop
      vertex -103.315 99.2219 0.3
      vertex -101.644 99.4399 1.995
      vertex -101.644 99.4418 1.995
    endloop
  endfacet
  facet normal -0.708229 -0.0478749 0.704358
    outer loop
      vertex -101.644 99.4399 1.995
      vertex -103.315 99.2219 0.3
      vertex -103.3 99 0.3
    endloop
  endfacet
  facet normal 0.591087 0.393206 0.704277
    outer loop
      vertex -106.472 98.15 0.3
      vertex -107.93 97.3058 1.995
      vertex -106.349 97.9651 0.3
    endloop
  endfacet
  facet normal 0.472701 0.556119 0.683583
    outer loop
      vertex -107.93 97.3058 1.995
      vertex -106.472 98.15 0.3
      vertex -107.932 97.3075 1.995
    endloop
  endfacet
  facet normal 0.468354 0.533528 0.704267
    outer loop
      vertex -106.202 97.7979 0.3
      vertex -107.392 96.6051 1.995
      vertex -106.035 97.6513 0.3
    endloop
  endfacet
  facet normal 0.390672 0.601033 0.697234
    outer loop
      vertex -107.392 96.6051 1.995
      vertex -106.202 97.7979 0.3
      vertex -107.394 96.6064 1.995
    endloop
  endfacet
  facet normal 0.590963 0.393438 0.704251
    outer loop
      vertex -107.93 97.3058 1.995
      vertex -107.686 96.9393 1.995
      vertex -106.349 97.9651 0.3
    endloop
  endfacet
  facet normal -0.672073 0.228585 0.70432
    outer loop
      vertex -103.358 98.56 0.3
      vertex -101.872 97.7064 1.995
      vertex -101.73 98.1239 1.995
    endloop
  endfacet
  facet normal 0 -0.71213 0.702047
    outer loop
      vertex -105.444 102.356 1.995
      vertex -105.222 100.685 0.3
      vertex -105.442 102.356 1.995
    endloop
  endfacet
  facet normal 0.137349 -0.696329 0.704458
    outer loop
      vertex -105.222 100.685 0.3
      vertex -105.444 102.356 1.995
      vertex -105.44 100.642 0.3
    endloop
  endfacet
  facet normal -0.394168 0.590454 0.70427
    outer loop
      vertex -104.15 97.5278 0.3
      vertex -103.306 96.0695 1.995
      vertex -103.965 97.6513 0.3
    endloop
  endfacet
  facet normal -0.537212 0.488375 0.687672
    outer loop
      vertex -103.306 96.0695 1.995
      vertex -104.15 97.5278 0.3
      vertex -103.307 96.0684 1.995
    endloop
  endfacet
  facet normal -0.366898 0.611497 0.701039
    outer loop
      vertex -104.349 97.4294 0.3
      vertex -103.706 95.872 1.995
      vertex -103.705 95.8726 1.995
    endloop
  endfacet
  facet normal -0.22785 0.672398 0.704248
    outer loop
      vertex -103.706 95.872 1.995
      vertex -104.349 97.4294 0.3
      vertex -104.56 97.3579 0.3
    endloop
  endfacet
  facet normal -0.591203 -0.393062 0.704259
    outer loop
      vertex -103.651 100.035 0.3
      vertex -102.07 100.694 1.995
      vertex -102.314 101.061 1.995
    endloop
  endfacet
  facet normal 0.672134 -0.228387 0.704326
    outer loop
      vertex -108.27 99.8761 1.995
      vertex -106.642 99.44 0.3
      vertex -108.128 100.294 1.995
    endloop
  endfacet
  facet normal -0.0463688 0.708412 0.704274
    outer loop
      vertex -105 95.6149 1.995
      vertex -104.56 95.6437 1.995
      vertex -105 97.3 0.3
    endloop
  endfacet
  facet normal 0 -0.757677 0.65263
    outer loop
      vertex -103.309 101.932 1.995
      vertex -104.15 100.472 0.3
      vertex -103.307 101.932 1.995
    endloop
  endfacet
  facet normal -0.316186 -0.635567 0.70433
    outer loop
      vertex -104.15 100.472 0.3
      vertex -103.309 101.932 1.995
      vertex -104.349 100.571 0.3
    endloop
  endfacet
  facet normal 0 -0.71213 0.702047
    outer loop
      vertex -104.778 100.685 0.3
      vertex -104.556 102.356 1.995
      vertex -104.558 102.356 1.995
    endloop
  endfacet
  facet normal -0.137349 -0.696329 0.704458
    outer loop
      vertex -104.556 102.356 1.995
      vertex -104.778 100.685 0.3
      vertex -104.56 100.642 0.3
    endloop
  endfacet
  facet normal -0.696222 -0.138504 0.704337
    outer loop
      vertex -103.358 99.44 0.3
      vertex -101.644 99.4438 1.995
      vertex -101.73 99.8761 1.995
    endloop
  endfacet
  facet normal -0.635852 0.315694 0.704294
    outer loop
      vertex -103.528 98.15 0.3
      vertex -102.068 97.3092 1.995
      vertex -103.429 98.3494 0.3
    endloop
  endfacet
  facet normal -0.757677 0 0.65263
    outer loop
      vertex -102.068 97.3092 1.995
      vertex -103.528 98.15 0.3
      vertex -102.068 97.3075 1.995
    endloop
  endfacet
  facet normal 0.637065 -0.313706 0.704086
    outer loop
      vertex -108.127 100.295 1.995
      vertex -106.571 99.6506 0.3
      vertex -107.932 100.691 1.995
    endloop
  endfacet
  facet normal -0.138766 0.69625 0.704259
    outer loop
      vertex -104.56 97.3579 0.3
      vertex -104.556 95.6442 1.995
      vertex -104.124 95.7303 1.995
    endloop
  endfacet
  facet normal -0.313656 0.636963 0.7042
    outer loop
      vertex -104.349 97.4294 0.3
      vertex -103.705 95.8726 1.995
      vertex -103.309 96.0676 1.995
    endloop
  endfacet
  facet normal -0.264705 0.661762 0.701429
    outer loop
      vertex -104.15 97.5278 0.3
      vertex -103.309 96.0676 1.995
      vertex -103.307 96.0684 1.995
    endloop
  endfacet
  facet normal -0.314654 0.636344 0.704315
    outer loop
      vertex -103.309 96.0676 1.995
      vertex -104.15 97.5278 0.3
      vertex -104.349 97.4294 0.3
    endloop
  endfacet
  facet normal -0.520958 -0.520958 0.67617
    outer loop
      vertex -103.706 102.128 1.995
      vertex -104.349 100.571 0.3
      vertex -103.705 102.127 1.995
    endloop
  endfacet
  facet normal -0.226461 -0.673003 0.704118
    outer loop
      vertex -104.349 100.571 0.3
      vertex -103.706 102.128 1.995
      vertex -104.56 100.642 0.3
    endloop
  endfacet
  facet normal -0.22834 -0.672155 0.704321
    outer loop
      vertex -104.56 100.642 0.3
      vertex -103.706 102.128 1.995
      vertex -104.124 102.27 1.995
    endloop
  endfacet
  facet normal 0.226461 -0.673003 0.704118
    outer loop
      vertex -106.294 102.128 1.995
      vertex -105.651 100.571 0.3
      vertex -105.44 100.642 0.3
    endloop
  endfacet
  facet normal 0.520958 -0.520958 0.67617
    outer loop
      vertex -105.651 100.571 0.3
      vertex -106.294 102.128 1.995
      vertex -106.295 102.127 1.995
    endloop
  endfacet
  facet normal -0.468736 -0.533167 0.704287
    outer loop
      vertex -103.965 100.349 0.3
      vertex -102.608 101.395 1.995
      vertex -102.939 101.686 1.995
    endloop
  endfacet
  facet normal 0.5912 -0.393068 0.704259
    outer loop
      vertex -107.93 100.694 1.995
      vertex -106.472 99.85 0.3
      vertex -106.349 100.035 0.3
    endloop
  endfacet
  facet normal 0.344114 -0.688228 0.638692
    outer loop
      vertex -106.472 99.85 0.3
      vertex -107.93 100.694 1.995
      vertex -107.932 100.693 1.995
    endloop
  endfacet
  facet normal 0.393062 -0.591203 0.704259
    outer loop
      vertex -107.061 101.686 1.995
      vertex -106.035 100.349 0.3
      vertex -106.694 101.93 1.995
    endloop
  endfacet
  facet normal 0.688228 -0.344114 0.638692
    outer loop
      vertex -106.694 101.93 1.995
      vertex -105.85 100.472 0.3
      vertex -106.693 101.932 1.995
    endloop
  endfacet
  facet normal 0.393068 -0.5912 0.704259
    outer loop
      vertex -105.85 100.472 0.3
      vertex -106.694 101.93 1.995
      vertex -106.035 100.349 0.3
    endloop
  endfacet
  facet normal 0.138596 -0.696205 0.704336
    outer loop
      vertex -105.876 102.27 1.995
      vertex -105.44 100.642 0.3
      vertex -105.444 102.356 1.995
    endloop
  endfacet
  facet normal 0 -0.71213 0.702047
    outer loop
      vertex -105.222 100.685 0.3
      vertex -105.44 102.356 1.995
      vertex -105.442 102.356 1.995
    endloop
  endfacet
  facet normal 0.0478534 -0.708231 0.704357
    outer loop
      vertex -105.44 102.356 1.995
      vertex -105.222 100.685 0.3
      vertex -105 100.7 0.3
    endloop
  endfacet
  facet normal 0.635852 0.315694 0.704294
    outer loop
      vertex -107.932 97.3092 1.995
      vertex -106.472 98.15 0.3
      vertex -106.571 98.3494 0.3
    endloop
  endfacet
  facet normal 0.757677 0 0.65263
    outer loop
      vertex -106.472 98.15 0.3
      vertex -107.932 97.3092 1.995
      vertex -107.932 97.3075 1.995
    endloop
  endfacet
  facet normal -0.71213 0 0.702047
    outer loop
      vertex -101.644 99.4438 1.995
      vertex -103.315 99.2219 0.3
      vertex -101.644 99.4418 1.995
    endloop
  endfacet
  facet normal -0.696343 -0.137289 0.704456
    outer loop
      vertex -103.315 99.2219 0.3
      vertex -101.644 99.4438 1.995
      vertex -103.358 99.44 0.3
    endloop
  endfacet
  facet normal -0.708422 -0.0467021 0.704242
    outer loop
      vertex -103.3 99 0.3
      vertex -101.615 99 1.995
      vertex -101.644 99.4399 1.995
    endloop
  endfacet
  facet normal -0.325283 -0.650566 0.686261
    outer loop
      vertex -102.608 101.395 1.995
      vertex -103.798 100.202 0.3
      vertex -102.606 101.394 1.995
    endloop
  endfacet
  facet normal -0.469034 -0.532848 0.704329
    outer loop
      vertex -103.798 100.202 0.3
      vertex -102.608 101.395 1.995
      vertex -103.965 100.349 0.3
    endloop
  endfacet
  facet normal -0.688228 -0.344114 0.638692
    outer loop
      vertex -104.15 100.472 0.3
      vertex -103.306 101.93 1.995
      vertex -103.307 101.932 1.995
    endloop
  endfacet
  facet normal -0.393068 -0.5912 0.704259
    outer loop
      vertex -103.306 101.93 1.995
      vertex -104.15 100.472 0.3
      vertex -103.965 100.349 0.3
    endloop
  endfacet
  facet normal -0.650566 -0.325283 0.686261
    outer loop
      vertex -103.798 100.202 0.3
      vertex -102.605 101.392 1.995
      vertex -102.606 101.394 1.995
    endloop
  endfacet
  facet normal -0.532848 -0.469034 0.704329
    outer loop
      vertex -102.605 101.392 1.995
      vertex -103.798 100.202 0.3
      vertex -103.651 100.035 0.3
    endloop
  endfacet
  facet normal -0.533167 -0.468736 0.704287
    outer loop
      vertex -103.651 100.035 0.3
      vertex -102.314 101.061 1.995
      vertex -102.605 101.392 1.995
    endloop
  endfacet
  facet normal -0.0705843 0.705843 0.704843
    outer loop
      vertex -104.778 97.3145 0.3
      vertex -104.56 95.6437 1.995
      vertex -104.558 95.6439 1.995
    endloop
  endfacet
  facet normal -0.0462712 0.708428 0.704265
    outer loop
      vertex -104.56 95.6437 1.995
      vertex -104.778 97.3145 0.3
      vertex -105 97.3 0.3
    endloop
  endfacet
  facet normal -0.344114 -0.688228 0.638692
    outer loop
      vertex -102.07 100.694 1.995
      vertex -103.528 99.85 0.3
      vertex -102.068 100.693 1.995
    endloop
  endfacet
  facet normal -0.5912 -0.393068 0.704259
    outer loop
      vertex -103.528 99.85 0.3
      vertex -102.07 100.694 1.995
      vertex -103.651 100.035 0.3
    endloop
  endfacet
  facet normal -0.757677 0 0.65263
    outer loop
      vertex -103.528 99.85 0.3
      vertex -102.068 100.691 1.995
      vertex -102.068 100.693 1.995
    endloop
  endfacet
  facet normal -0.635835 -0.315685 0.704313
    outer loop
      vertex -102.068 100.691 1.995
      vertex -103.528 99.85 0.3
      vertex -103.429 99.6506 0.3
    endloop
  endfacet
  facet normal -0.0478534 -0.708231 0.704357
    outer loop
      vertex -104.778 100.685 0.3
      vertex -104.56 102.356 1.995
      vertex -105 100.7 0.3
    endloop
  endfacet
  facet normal 0 -0.71213 0.702047
    outer loop
      vertex -104.56 102.356 1.995
      vertex -104.778 100.685 0.3
      vertex -104.558 102.356 1.995
    endloop
  endfacet
  facet normal -0.138596 -0.696205 0.704336
    outer loop
      vertex -104.56 100.642 0.3
      vertex -104.124 102.27 1.995
      vertex -104.556 102.356 1.995
    endloop
  endfacet
  facet normal 0.757677 -0 0.65263
    outer loop
      vertex -107.932 100.691 1.995
      vertex -106.472 99.85 0.3
      vertex -107.932 100.693 1.995
    endloop
  endfacet
  facet normal 0.635835 -0.315685 0.704313
    outer loop
      vertex -106.472 99.85 0.3
      vertex -107.932 100.691 1.995
      vertex -106.571 99.6506 0.3
    endloop
  endfacet
  facet normal 0.32162 -0.946869 0
    outer loop
      vertex -106.301 102.141 1.995
      vertex -105.88 102.284 2
      vertex -106.301 102.141 2
    endloop
  endfacet
  facet normal 0.32162 -0.946869 0
    outer loop
      vertex -105.88 102.284 2
      vertex -106.301 102.141 1.995
      vertex -105.88 102.284 1.995
    endloop
  endfacet
  facet normal -0.65946 -0.75174 0
    outer loop
      vertex -102.93 101.697 1.995
      vertex -102.596 101.404 2
      vertex -102.93 101.697 2
    endloop
  endfacet
  facet normal -0.65946 -0.75174 -0
    outer loop
      vertex -102.596 101.404 2
      vertex -102.93 101.697 1.995
      vertex -102.596 101.404 1.995
    endloop
  endfacet
  facet normal 0.980684 -0.195597 0
    outer loop
      vertex -108.371 99.4438 2
      vertex -108.284 99.88 1.995
      vertex -108.284 99.88 2
    endloop
  endfacet
  facet normal 0.980684 -0.195597 0
    outer loop
      vertex -108.284 99.88 1.995
      vertex -108.371 99.4438 2
      vertex -108.371 99.4438 1.995
    endloop
  endfacet
  facet normal 0.0651764 -0.997874 0
    outer loop
      vertex -105.444 102.371 1.995
      vertex -105 102.4 2
      vertex -105.444 102.371 2
    endloop
  endfacet
  facet normal 0.0651764 -0.997874 0
    outer loop
      vertex -105 102.4 2
      vertex -105.444 102.371 1.995
      vertex -105 102.4 1.995
    endloop
  endfacet
  facet normal 0.75174 -0.65946 0
    outer loop
      vertex -107.697 101.07 2
      vertex -107.404 101.404 1.995
      vertex -107.404 101.404 2
    endloop
  endfacet
  facet normal 0.75174 -0.65946 0
    outer loop
      vertex -107.404 101.404 1.995
      vertex -107.697 101.07 2
      vertex -107.697 101.07 1.995
    endloop
  endfacet
  facet normal -0.195251 0.980753 0
    outer loop
      vertex -104.12 95.7159 1.995
      vertex -104.556 95.6291 2
      vertex -104.12 95.7159 2
    endloop
  endfacet
  facet normal -0.195251 0.980753 0
    outer loop
      vertex -104.556 95.6291 2
      vertex -104.12 95.7159 1.995
      vertex -104.556 95.6291 1.995
    endloop
  endfacet
  facet normal 0.980684 0.195597 0
    outer loop
      vertex -108.284 98.12 2
      vertex -108.371 98.5562 1.995
      vertex -108.371 98.5562 2
    endloop
  endfacet
  facet normal 0.980684 0.195597 0
    outer loop
      vertex -108.371 98.5562 1.995
      vertex -108.284 98.12 2
      vertex -108.284 98.12 1.995
    endloop
  endfacet
  facet normal 0.321419 0.946937 -0
    outer loop
      vertex -105.88 95.7159 1.995
      vertex -106.301 95.8588 2
      vertex -105.88 95.7159 2
    endloop
  endfacet
  facet normal 0.321419 0.946937 0
    outer loop
      vertex -106.301 95.8588 2
      vertex -105.88 95.7159 1.995
      vertex -106.301 95.8588 1.995
    endloop
  endfacet
  facet normal 0.442713 -0.896663 0
    outer loop
      vertex -106.7 101.944 1.995
      vertex -106.301 102.141 2
      vertex -106.7 101.944 2
    endloop
  endfacet
  facet normal 0.442713 -0.896663 0
    outer loop
      vertex -106.301 102.141 2
      vertex -106.7 101.944 1.995
      vertex -106.301 102.141 1.995
    endloop
  endfacet
  facet normal 0.997872 -0.0652057 0
    outer loop
      vertex -108.4 99 2
      vertex -108.371 99.4438 1.995
      vertex -108.371 99.4438 2
    endloop
  endfacet
  facet normal 0.997872 -0.0652057 0
    outer loop
      vertex -108.371 99.4438 1.995
      vertex -108.4 99 2
      vertex -108.4 99 1.995
    endloop
  endfacet
  facet normal -0.555219 -0.831704 0
    outer loop
      vertex -103.3 101.944 1.995
      vertex -102.93 101.697 2
      vertex -103.3 101.944 2
    endloop
  endfacet
  facet normal -0.555219 -0.831704 -0
    outer loop
      vertex -102.93 101.697 2
      vertex -103.3 101.944 1.995
      vertex -102.93 101.697 1.995
    endloop
  endfacet
  facet normal 0.831566 0.555426 0
    outer loop
      vertex -107.697 96.9302 2
      vertex -107.944 97.3 1.995
      vertex -107.944 97.3 2
    endloop
  endfacet
  facet normal 0.831566 0.555426 0
    outer loop
      vertex -107.944 97.3 1.995
      vertex -107.697 96.9302 2
      vertex -107.697 96.9302 1.995
    endloop
  endfacet
  facet normal -0.896619 0.442803 0
    outer loop
      vertex -102.056 97.3 1.995
      vertex -101.859 97.6989 2
      vertex -101.859 97.6989 1.995
    endloop
  endfacet
  facet normal -0.896619 0.442803 0
    outer loop
      vertex -101.859 97.6989 2
      vertex -102.056 97.3 1.995
      vertex -102.056 97.3 2
    endloop
  endfacet
  facet normal -0.946869 -0.32162 0
    outer loop
      vertex -101.716 99.88 1.995
      vertex -101.859 100.301 2
      vertex -101.859 100.301 1.995
    endloop
  endfacet
  facet normal -0.946869 -0.32162 0
    outer loop
      vertex -101.859 100.301 2
      vertex -101.716 99.88 1.995
      vertex -101.716 99.88 2
    endloop
  endfacet
  facet normal -0.0651764 -0.997874 0
    outer loop
      vertex -105 102.4 1.995
      vertex -104.556 102.371 2
      vertex -105 102.4 2
    endloop
  endfacet
  facet normal -0.0651764 -0.997874 -0
    outer loop
      vertex -104.556 102.371 2
      vertex -105 102.4 1.995
      vertex -104.556 102.371 1.995
    endloop
  endfacet
  facet normal -0.980684 -0.195597 0
    outer loop
      vertex -101.629 99.4438 1.995
      vertex -101.716 99.88 2
      vertex -101.716 99.88 1.995
    endloop
  endfacet
  facet normal -0.980684 -0.195597 0
    outer loop
      vertex -101.716 99.88 2
      vertex -101.629 99.4438 1.995
      vertex -101.629 99.4438 2
    endloop
  endfacet
  facet normal 0.555374 0.831601 -0
    outer loop
      vertex -106.7 96.0555 1.995
      vertex -107.07 96.3026 2
      vertex -106.7 96.0555 2
    endloop
  endfacet
  facet normal 0.555374 0.831601 0
    outer loop
      vertex -107.07 96.3026 2
      vertex -106.7 96.0555 1.995
      vertex -107.07 96.3026 1.995
    endloop
  endfacet
  facet normal -0.946892 0.321552 0
    outer loop
      vertex -101.859 97.6989 1.995
      vertex -101.716 98.12 2
      vertex -101.716 98.12 1.995
    endloop
  endfacet
  facet normal -0.946892 0.321552 0
    outer loop
      vertex -101.716 98.12 2
      vertex -101.859 97.6989 1.995
      vertex -101.859 97.6989 2
    endloop
  endfacet
  facet normal 0.896663 -0.442713 0
    outer loop
      vertex -108.141 100.301 2
      vertex -107.944 100.7 1.995
      vertex -107.944 100.7 2
    endloop
  endfacet
  facet normal 0.896663 -0.442713 0
    outer loop
      vertex -107.944 100.7 1.995
      vertex -108.141 100.301 2
      vertex -108.141 100.301 1.995
    endloop
  endfacet
  facet normal 0.752131 0.659014 0
    outer loop
      vertex -107.404 96.5958 2
      vertex -107.697 96.9302 1.995
      vertex -107.697 96.9302 2
    endloop
  endfacet
  facet normal 0.752131 0.659014 0
    outer loop
      vertex -107.697 96.9302 1.995
      vertex -107.404 96.5958 2
      vertex -107.404 96.5958 1.995
    endloop
  endfacet
  facet normal -0.321419 0.946937 0
    outer loop
      vertex -103.699 95.8588 1.995
      vertex -104.12 95.7159 2
      vertex -103.699 95.8588 2
    endloop
  endfacet
  facet normal -0.321419 0.946937 0
    outer loop
      vertex -104.12 95.7159 2
      vertex -103.699 95.8588 1.995
      vertex -104.12 95.7159 1.995
    endloop
  endfacet
  facet normal -0.997872 0.0652057 0
    outer loop
      vertex -101.629 98.5562 1.995
      vertex -101.6 99 2
      vertex -101.6 99 1.995
    endloop
  endfacet
  facet normal -0.997872 0.0652057 0
    outer loop
      vertex -101.6 99 2
      vertex -101.629 98.5562 1.995
      vertex -101.629 98.5562 2
    endloop
  endfacet
  facet normal 0.946869 -0.32162 0
    outer loop
      vertex -108.284 99.88 2
      vertex -108.141 100.301 1.995
      vertex -108.141 100.301 2
    endloop
  endfacet
  facet normal 0.946869 -0.32162 0
    outer loop
      vertex -108.141 100.301 1.995
      vertex -108.284 99.88 2
      vertex -108.284 99.88 1.995
    endloop
  endfacet
  facet normal -0.0654002 0.997859 0
    outer loop
      vertex -104.556 95.6291 1.995
      vertex -105 95.6 2
      vertex -104.556 95.6291 2
    endloop
  endfacet
  facet normal -0.0654002 0.997859 0
    outer loop
      vertex -105 95.6 2
      vertex -104.556 95.6291 1.995
      vertex -105 95.6 1.995
    endloop
  endfacet
  facet normal -0.659714 0.751516 0
    outer loop
      vertex -102.596 96.5958 1.995
      vertex -102.93 96.3026 2
      vertex -102.596 96.5958 2
    endloop
  endfacet
  facet normal -0.659714 0.751516 0
    outer loop
      vertex -102.93 96.3026 2
      vertex -102.596 96.5958 1.995
      vertex -102.93 96.3026 1.995
    endloop
  endfacet
  facet normal 0.555219 -0.831704 0
    outer loop
      vertex -107.07 101.697 1.995
      vertex -106.7 101.944 2
      vertex -107.07 101.697 2
    endloop
  endfacet
  facet normal 0.555219 -0.831704 0
    outer loop
      vertex -106.7 101.944 2
      vertex -107.07 101.697 1.995
      vertex -106.7 101.944 1.995
    endloop
  endfacet
  facet normal 0.831704 -0.555219 0
    outer loop
      vertex -107.944 100.7 2
      vertex -107.697 101.07 1.995
      vertex -107.697 101.07 2
    endloop
  endfacet
  facet normal 0.831704 -0.555219 0
    outer loop
      vertex -107.697 101.07 1.995
      vertex -107.944 100.7 2
      vertex -107.944 100.7 1.995
    endloop
  endfacet
  facet normal 0.997872 0.0652057 0
    outer loop
      vertex -108.371 98.5562 2
      vertex -108.4 99 1.995
      vertex -108.4 99 2
    endloop
  endfacet
  facet normal 0.997872 0.0652057 0
    outer loop
      vertex -108.4 99 1.995
      vertex -108.371 98.5562 2
      vertex -108.371 98.5562 1.995
    endloop
  endfacet
  facet normal 0.946892 0.321552 0
    outer loop
      vertex -108.141 97.6989 2
      vertex -108.284 98.12 1.995
      vertex -108.284 98.12 2
    endloop
  endfacet
  facet normal 0.946892 0.321552 0
    outer loop
      vertex -108.284 98.12 1.995
      vertex -108.141 97.6989 2
      vertex -108.141 97.6989 1.995
    endloop
  endfacet
  facet normal 0.442171 0.896931 -0
    outer loop
      vertex -106.301 95.8588 1.995
      vertex -106.7 96.0555 2
      vertex -106.301 95.8588 2
    endloop
  endfacet
  facet normal 0.442171 0.896931 0
    outer loop
      vertex -106.7 96.0555 2
      vertex -106.301 95.8588 1.995
      vertex -106.7 96.0555 1.995
    endloop
  endfacet
  facet normal -0.980684 0.195597 0
    outer loop
      vertex -101.716 98.12 1.995
      vertex -101.629 98.5562 2
      vertex -101.629 98.5562 1.995
    endloop
  endfacet
  facet normal -0.980684 0.195597 0
    outer loop
      vertex -101.629 98.5562 2
      vertex -101.716 98.12 1.995
      vertex -101.716 98.12 2
    endloop
  endfacet
  facet normal -0.75174 -0.65946 0
    outer loop
      vertex -102.303 101.07 1.995
      vertex -102.596 101.404 2
      vertex -102.596 101.404 1.995
    endloop
  endfacet
  facet normal -0.75174 -0.65946 0
    outer loop
      vertex -102.596 101.404 2
      vertex -102.303 101.07 1.995
      vertex -102.303 101.07 2
    endloop
  endfacet
  facet normal -0.32162 -0.946869 0
    outer loop
      vertex -104.12 102.284 1.995
      vertex -103.699 102.141 2
      vertex -104.12 102.284 2
    endloop
  endfacet
  facet normal -0.32162 -0.946869 -0
    outer loop
      vertex -103.699 102.141 2
      vertex -104.12 102.284 1.995
      vertex -103.699 102.141 1.995
    endloop
  endfacet
  facet normal -0.752131 0.659014 0
    outer loop
      vertex -102.596 96.5958 1.995
      vertex -102.303 96.9302 2
      vertex -102.303 96.9302 1.995
    endloop
  endfacet
  facet normal -0.752131 0.659014 0
    outer loop
      vertex -102.303 96.9302 2
      vertex -102.596 96.5958 1.995
      vertex -102.596 96.5958 2
    endloop
  endfacet
  facet normal 0.659714 0.751516 -0
    outer loop
      vertex -107.07 96.3026 1.995
      vertex -107.404 96.5958 2
      vertex -107.07 96.3026 2
    endloop
  endfacet
  facet normal 0.659714 0.751516 0
    outer loop
      vertex -107.404 96.5958 2
      vertex -107.07 96.3026 1.995
      vertex -107.404 96.5958 1.995
    endloop
  endfacet
  facet normal -0.195684 -0.980667 0
    outer loop
      vertex -104.556 102.371 1.995
      vertex -104.12 102.284 2
      vertex -104.556 102.371 2
    endloop
  endfacet
  facet normal -0.195684 -0.980667 -0
    outer loop
      vertex -104.12 102.284 2
      vertex -104.556 102.371 1.995
      vertex -104.12 102.284 1.995
    endloop
  endfacet
  facet normal 0.0654002 0.997859 -0
    outer loop
      vertex -105 95.6 1.995
      vertex -105.444 95.6291 2
      vertex -105 95.6 2
    endloop
  endfacet
  facet normal 0.0654002 0.997859 0
    outer loop
      vertex -105.444 95.6291 2
      vertex -105 95.6 1.995
      vertex -105.444 95.6291 1.995
    endloop
  endfacet
  facet normal 0.195251 0.980753 -0
    outer loop
      vertex -105.444 95.6291 1.995
      vertex -105.88 95.7159 2
      vertex -105.444 95.6291 2
    endloop
  endfacet
  facet normal 0.195251 0.980753 0
    outer loop
      vertex -105.88 95.7159 2
      vertex -105.444 95.6291 1.995
      vertex -105.88 95.7159 1.995
    endloop
  endfacet
  facet normal 0.896619 0.442803 0
    outer loop
      vertex -107.944 97.3 2
      vertex -108.141 97.6989 1.995
      vertex -108.141 97.6989 2
    endloop
  endfacet
  facet normal 0.896619 0.442803 0
    outer loop
      vertex -108.141 97.6989 1.995
      vertex -107.944 97.3 2
      vertex -107.944 97.3 1.995
    endloop
  endfacet
  facet normal -0.442171 0.896931 0
    outer loop
      vertex -103.3 96.0555 1.995
      vertex -103.699 95.8588 2
      vertex -103.3 96.0555 2
    endloop
  endfacet
  facet normal -0.442171 0.896931 0
    outer loop
      vertex -103.699 95.8588 2
      vertex -103.3 96.0555 1.995
      vertex -103.699 95.8588 1.995
    endloop
  endfacet
  facet normal -0.831566 0.555426 0
    outer loop
      vertex -102.303 96.9302 1.995
      vertex -102.056 97.3 2
      vertex -102.056 97.3 1.995
    endloop
  endfacet
  facet normal -0.831566 0.555426 0
    outer loop
      vertex -102.056 97.3 2
      vertex -102.303 96.9302 1.995
      vertex -102.303 96.9302 2
    endloop
  endfacet
  facet normal -0.442713 -0.896663 0
    outer loop
      vertex -103.699 102.141 1.995
      vertex -103.3 101.944 2
      vertex -103.699 102.141 2
    endloop
  endfacet
  facet normal -0.442713 -0.896663 -0
    outer loop
      vertex -103.3 101.944 2
      vertex -103.699 102.141 1.995
      vertex -103.3 101.944 1.995
    endloop
  endfacet
  facet normal 0.65946 -0.75174 0
    outer loop
      vertex -107.404 101.404 1.995
      vertex -107.07 101.697 2
      vertex -107.404 101.404 2
    endloop
  endfacet
  facet normal 0.65946 -0.75174 0
    outer loop
      vertex -107.07 101.697 2
      vertex -107.404 101.404 1.995
      vertex -107.07 101.697 1.995
    endloop
  endfacet
  facet normal -0.555374 0.831601 0
    outer loop
      vertex -102.93 96.3026 1.995
      vertex -103.3 96.0555 2
      vertex -102.93 96.3026 2
    endloop
  endfacet
  facet normal -0.555374 0.831601 0
    outer loop
      vertex -103.3 96.0555 2
      vertex -102.93 96.3026 1.995
      vertex -103.3 96.0555 1.995
    endloop
  endfacet
  facet normal -0.896663 -0.442713 0
    outer loop
      vertex -101.859 100.301 1.995
      vertex -102.056 100.7 2
      vertex -102.056 100.7 1.995
    endloop
  endfacet
  facet normal -0.896663 -0.442713 0
    outer loop
      vertex -102.056 100.7 2
      vertex -101.859 100.301 1.995
      vertex -101.859 100.301 2
    endloop
  endfacet
  facet normal 0.195684 -0.980667 0
    outer loop
      vertex -105.88 102.284 1.995
      vertex -105.444 102.371 2
      vertex -105.88 102.284 2
    endloop
  endfacet
  facet normal 0.195684 -0.980667 0
    outer loop
      vertex -105.444 102.371 2
      vertex -105.88 102.284 1.995
      vertex -105.444 102.371 1.995
    endloop
  endfacet
  facet normal -0.831704 -0.555219 0
    outer loop
      vertex -102.056 100.7 1.995
      vertex -102.303 101.07 2
      vertex -102.303 101.07 1.995
    endloop
  endfacet
  facet normal -0.831704 -0.555219 0
    outer loop
      vertex -102.303 101.07 2
      vertex -102.056 100.7 1.995
      vertex -102.056 100.7 2
    endloop
  endfacet
  facet normal -0 0 1
    outer loop
      vertex -101.644 99.4399 1.995
      vertex -101.6 99 1.995
      vertex -101.629 99.4438 1.995
    endloop
  endfacet
  facet normal 0 0 1
    outer loop
      vertex -101.6 99 1.995
      vertex -101.644 99.4399 1.995
      vertex -101.615 99 1.995
    endloop
  endfacet
  facet normal 0 0 1
    outer loop
      vertex -101.629 99.4438 1.995
      vertex -101.644 99.4418 1.995
      vertex -101.644 99.4399 1.995
    endloop
  endfacet
  facet normal 0 0 1
    outer loop
      vertex -101.629 99.4438 1.995
      vertex -101.644 99.4438 1.995
      vertex -101.644 99.4418 1.995
    endloop
  endfacet
  facet normal 0 0 1
    outer loop
      vertex -101.716 99.88 1.995
      vertex -101.644 99.4438 1.995
      vertex -101.629 99.4438 1.995
    endloop
  endfacet
  facet normal 0 0 1
    outer loop
      vertex -101.716 99.88 1.995
      vertex -101.73 99.8761 1.995
      vertex -101.644 99.4438 1.995
    endloop
  endfacet
  facet normal -0 0 1
    outer loop
      vertex -101.872 100.294 1.995
      vertex -101.716 99.88 1.995
      vertex -101.859 100.301 1.995
    endloop
  endfacet
  facet normal 0 0 1
    outer loop
      vertex -101.716 99.88 1.995
      vertex -101.872 100.294 1.995
      vertex -101.73 99.8761 1.995
    endloop
  endfacet
  facet normal 0 0 1
    outer loop
      vertex -101.859 100.301 1.995
      vertex -101.873 100.295 1.995
      vertex -101.872 100.294 1.995
    endloop
  endfacet
  facet normal -0 0 1
    outer loop
      vertex -102.068 100.691 1.995
      vertex -101.859 100.301 1.995
      vertex -102.056 100.7 1.995
    endloop
  endfacet
  facet normal 0 0 1
    outer loop
      vertex -101.859 100.301 1.995
      vertex -102.068 100.691 1.995
      vertex -101.873 100.295 1.995
    endloop
  endfacet
  facet normal 0 0 1
    outer loop
      vertex -102.056 100.7 1.995
      vertex -102.068 100.693 1.995
      vertex -102.068 100.691 1.995
    endloop
  endfacet
  facet normal 0 0 1
    outer loop
      vertex -102.056 100.7 1.995
      vertex -102.07 100.694 1.995
      vertex -102.068 100.693 1.995
    endloop
  endfacet
  facet normal 0 0 1
    outer loop
      vertex -102.303 101.07 1.995
      vertex -102.07 100.694 1.995
      vertex -102.056 100.7 1.995
    endloop
  endfacet
  facet normal 0 0 1
    outer loop
      vertex -102.303 101.07 1.995
      vertex -102.314 101.061 1.995
      vertex -102.07 100.694 1.995
    endloop
  endfacet
  facet normal -0 0 1
    outer loop
      vertex -102.605 101.392 1.995
      vertex -102.303 101.07 1.995
      vertex -102.596 101.404 1.995
    endloop
  endfacet
  facet normal 0 0 1
    outer loop
      vertex -102.303 101.07 1.995
      vertex -102.605 101.392 1.995
      vertex -102.314 101.061 1.995
    endloop
  endfacet
  facet normal 0 0 1
    outer loop
      vertex -102.596 101.404 1.995
      vertex -102.606 101.394 1.995
      vertex -102.605 101.392 1.995
    endloop
  endfacet
  facet normal 0 0 1
    outer loop
      vertex -102.596 101.404 1.995
      vertex -102.608 101.395 1.995
      vertex -102.606 101.394 1.995
    endloop
  endfacet
  facet normal 0 0 1
    outer loop
      vertex -102.93 101.697 1.995
      vertex -102.608 101.395 1.995
      vertex -102.596 101.404 1.995
    endloop
  endfacet
  facet normal 0 0 1
    outer loop
      vertex -102.93 101.697 1.995
      vertex -102.939 101.686 1.995
      vertex -102.608 101.395 1.995
    endloop
  endfacet
  facet normal -0 0 1
    outer loop
      vertex -103.306 101.93 1.995
      vertex -102.93 101.697 1.995
      vertex -103.3 101.944 1.995
    endloop
  endfacet
  facet normal 0 0 1
    outer loop
      vertex -102.93 101.697 1.995
      vertex -103.306 101.93 1.995
      vertex -102.939 101.686 1.995
    endloop
  endfacet
  facet normal 0 0 1
    outer loop
      vertex -103.3 101.944 1.995
      vertex -103.307 101.932 1.995
      vertex -103.306 101.93 1.995
    endloop
  endfacet
  facet normal 0 0 1
    outer loop
      vertex -103.3 101.944 1.995
      vertex -103.309 101.932 1.995
      vertex -103.307 101.932 1.995
    endloop
  endfacet
  facet normal 0 0 1
    outer loop
      vertex -103.699 102.141 1.995
      vertex -103.309 101.932 1.995
      vertex -103.3 101.944 1.995
    endloop
  endfacet
  facet normal 0 0 1
    outer loop
      vertex -103.699 102.141 1.995
      vertex -103.705 102.127 1.995
      vertex -103.309 101.932 1.995
    endloop
  endfacet
  facet normal 0 0 1
    outer loop
      vertex -103.699 102.141 1.995
      vertex -103.706 102.128 1.995
      vertex -103.705 102.127 1.995
    endloop
  endfacet
  facet normal 0 0 1
    outer loop
      vertex -104.12 102.284 1.995
      vertex -103.706 102.128 1.995
      vertex -103.699 102.141 1.995
    endloop
  endfacet
  facet normal 0 0 1
    outer loop
      vertex -104.12 102.284 1.995
      vertex -104.124 102.27 1.995
      vertex -103.706 102.128 1.995
    endloop
  endfacet
  facet normal -0 0 1
    outer loop
      vertex -104.556 102.356 1.995
      vertex -104.12 102.284 1.995
      vertex -104.556 102.371 1.995
    endloop
  endfacet
  facet normal 0 0 1
    outer loop
      vertex -104.12 102.284 1.995
      vertex -104.556 102.356 1.995
      vertex -104.124 102.27 1.995
    endloop
  endfacet
  facet normal 0 0 1
    outer loop
      vertex -104.556 102.371 1.995
      vertex -104.558 102.356 1.995
      vertex -104.556 102.356 1.995
    endloop
  endfacet
  facet normal 0 0 1
    outer loop
      vertex -104.556 102.371 1.995
      vertex -104.56 102.356 1.995
      vertex -104.558 102.356 1.995
    endloop
  endfacet
  facet normal 0 0 1
    outer loop
      vertex -105 102.4 1.995
      vertex -104.56 102.356 1.995
      vertex -104.556 102.371 1.995
    endloop
  endfacet
  facet normal 0 0 1
    outer loop
      vertex -105 102.4 1.995
      vertex -105 102.385 1.995
      vertex -104.56 102.356 1.995
    endloop
  endfacet
  facet normal 0 0 1
    outer loop
      vertex -105 102.4 1.995
      vertex -105.44 102.356 1.995
      vertex -105 102.385 1.995
    endloop
  endfacet
  facet normal -0 0 1
    outer loop
      vertex -105.444 102.371 1.995
      vertex -105.44 102.356 1.995
      vertex -105 102.4 1.995
    endloop
  endfacet
  facet normal 0 0 1
    outer loop
      vertex -105.44 102.356 1.995
      vertex -105.444 102.371 1.995
      vertex -105.442 102.356 1.995
    endloop
  endfacet
  facet normal 0 0 1
    outer loop
      vertex -105.444 102.371 1.995
      vertex -105.444 102.356 1.995
      vertex -105.442 102.356 1.995
    endloop
  endfacet
  facet normal 0 0 1
    outer loop
      vertex -105.88 102.284 1.995
      vertex -105.444 102.356 1.995
      vertex -105.444 102.371 1.995
    endloop
  endfacet
  facet normal 0 0 1
    outer loop
      vertex -105.444 102.356 1.995
      vertex -105.88 102.284 1.995
      vertex -105.876 102.27 1.995
    endloop
  endfacet
  facet normal 0 0 1
    outer loop
      vertex -105.88 102.284 1.995
      vertex -106.294 102.128 1.995
      vertex -105.876 102.27 1.995
    endloop
  endfacet
  facet normal -0 0 1
    outer loop
      vertex -106.301 102.141 1.995
      vertex -106.294 102.128 1.995
      vertex -105.88 102.284 1.995
    endloop
  endfacet
  facet normal 0 0 1
    outer loop
      vertex -106.294 102.128 1.995
      vertex -106.301 102.141 1.995
      vertex -106.295 102.127 1.995
    endloop
  endfacet
  facet normal 0 0 1
    outer loop
      vertex -106.301 102.141 1.995
      vertex -106.691 101.932 1.995
      vertex -106.295 102.127 1.995
    endloop
  endfacet
  facet normal -0 0 1
    outer loop
      vertex -106.7 101.944 1.995
      vertex -106.691 101.932 1.995
      vertex -106.301 102.141 1.995
    endloop
  endfacet
  facet normal 0 0 1
    outer loop
      vertex -106.691 101.932 1.995
      vertex -106.7 101.944 1.995
      vertex -106.693 101.932 1.995
    endloop
  endfacet
  facet normal 0 0 1
    outer loop
      vertex -106.7 101.944 1.995
      vertex -106.694 101.93 1.995
      vertex -106.693 101.932 1.995
    endloop
  endfacet
  facet normal 0 0 1
    outer loop
      vertex -107.07 101.697 1.995
      vertex -106.694 101.93 1.995
      vertex -106.7 101.944 1.995
    endloop
  endfacet
  facet normal 0 0 1
    outer loop
      vertex -106.694 101.93 1.995
      vertex -107.07 101.697 1.995
      vertex -107.061 101.686 1.995
    endloop
  endfacet
  facet normal 0 0 1
    outer loop
      vertex -107.07 101.697 1.995
      vertex -107.392 101.395 1.995
      vertex -107.061 101.686 1.995
    endloop
  endfacet
  facet normal -0 0 1
    outer loop
      vertex -107.404 101.404 1.995
      vertex -107.392 101.395 1.995
      vertex -107.07 101.697 1.995
    endloop
  endfacet
  facet normal 0 0 1
    outer loop
      vertex -107.392 101.395 1.995
      vertex -107.404 101.404 1.995
      vertex -107.394 101.394 1.995
    endloop
  endfacet
  facet normal 0 0 1
    outer loop
      vertex -107.404 101.404 1.995
      vertex -107.395 101.392 1.995
      vertex -107.394 101.394 1.995
    endloop
  endfacet
  facet normal 0 0 1
    outer loop
      vertex -107.697 101.07 1.995
      vertex -107.395 101.392 1.995
      vertex -107.404 101.404 1.995
    endloop
  endfacet
  facet normal 0 0 1
    outer loop
      vertex -107.395 101.392 1.995
      vertex -107.697 101.07 1.995
      vertex -107.686 101.061 1.995
    endloop
  endfacet
  facet normal 0 0 1
    outer loop
      vertex -107.697 101.07 1.995
      vertex -107.93 100.694 1.995
      vertex -107.686 101.061 1.995
    endloop
  endfacet
  facet normal -0 0 1
    outer loop
      vertex -107.944 100.7 1.995
      vertex -107.93 100.694 1.995
      vertex -107.697 101.07 1.995
    endloop
  endfacet
  facet normal 0 0 1
    outer loop
      vertex -107.93 100.694 1.995
      vertex -107.944 100.7 1.995
      vertex -107.932 100.693 1.995
    endloop
  endfacet
  facet normal 0 0 1
    outer loop
      vertex -107.944 100.7 1.995
      vertex -107.932 100.691 1.995
      vertex -107.932 100.693 1.995
    endloop
  endfacet
  facet normal 0 0 1
    outer loop
      vertex -108.141 100.301 1.995
      vertex -107.932 100.691 1.995
      vertex -107.944 100.7 1.995
    endloop
  endfacet
  facet normal 0 0 1
    outer loop
      vertex -107.932 100.691 1.995
      vertex -108.141 100.301 1.995
      vertex -108.127 100.295 1.995
    endloop
  endfacet
  facet normal 0 0 1
    outer loop
      vertex -108.141 100.301 1.995
      vertex -108.128 100.294 1.995
      vertex -108.127 100.295 1.995
    endloop
  endfacet
  facet normal 0 0 1
    outer loop
      vertex -108.284 99.88 1.995
      vertex -108.128 100.294 1.995
      vertex -108.141 100.301 1.995
    endloop
  endfacet
  facet normal 0 0 1
    outer loop
      vertex -108.128 100.294 1.995
      vertex -108.284 99.88 1.995
      vertex -108.27 99.8761 1.995
    endloop
  endfacet
  facet normal 0 0 1
    outer loop
      vertex -108.284 99.88 1.995
      vertex -108.356 99.4438 1.995
      vertex -108.27 99.8761 1.995
    endloop
  endfacet
  facet normal 0 0 1
    outer loop
      vertex -108.371 99.4438 1.995
      vertex -108.356 99.4438 1.995
      vertex -108.284 99.88 1.995
    endloop
  endfacet
  facet normal 0 0 1
    outer loop
      vertex -108.356 99.4438 1.995
      vertex -108.371 99.4438 1.995
      vertex -108.356 99.4418 1.995
    endloop
  endfacet
  facet normal 0 0 1
    outer loop
      vertex -108.371 99.4438 1.995
      vertex -108.356 99.4399 1.995
      vertex -108.356 99.4418 1.995
    endloop
  endfacet
  facet normal 0 0 1
    outer loop
      vertex -108.4 99 1.995
      vertex -108.356 99.4399 1.995
      vertex -108.371 99.4438 1.995
    endloop
  endfacet
  facet normal 0 0 1
    outer loop
      vertex -108.356 99.4399 1.995
      vertex -108.4 99 1.995
      vertex -108.385 99 1.995
    endloop
  endfacet
  facet normal 0 0 1
    outer loop
      vertex -101.644 98.5601 1.995
      vertex -101.6 99 1.995
      vertex -101.615 99 1.995
    endloop
  endfacet
  facet normal 0 0 1
    outer loop
      vertex -101.6 99 1.995
      vertex -101.644 98.5601 1.995
      vertex -101.629 98.5562 1.995
    endloop
  endfacet
  facet normal -0 0 1
    outer loop
      vertex -101.644 98.5582 1.995
      vertex -101.629 98.5562 1.995
      vertex -101.644 98.5601 1.995
    endloop
  endfacet
  facet normal 0 0 1
    outer loop
      vertex -101.644 98.5562 1.995
      vertex -101.629 98.5562 1.995
      vertex -101.644 98.5582 1.995
    endloop
  endfacet
  facet normal -0 0 1
    outer loop
      vertex -101.644 98.5562 1.995
      vertex -101.716 98.12 1.995
      vertex -101.629 98.5562 1.995
    endloop
  endfacet
  facet normal -0 0 1
    outer loop
      vertex -101.73 98.1239 1.995
      vertex -101.716 98.12 1.995
      vertex -101.644 98.5562 1.995
    endloop
  endfacet
  facet normal 0 0 1
    outer loop
      vertex -101.872 97.7064 1.995
      vertex -101.716 98.12 1.995
      vertex -101.73 98.1239 1.995
    endloop
  endfacet
  facet normal 0 0 1
    outer loop
      vertex -101.716 98.12 1.995
      vertex -101.872 97.7064 1.995
      vertex -101.859 97.6989 1.995
    endloop
  endfacet
  facet normal -0 0 1
    outer loop
      vertex -101.873 97.7046 1.995
      vertex -101.859 97.6989 1.995
      vertex -101.872 97.7064 1.995
    endloop
  endfacet
  facet normal 0 0 1
    outer loop
      vertex -102.068 97.3092 1.995
      vertex -101.859 97.6989 1.995
      vertex -101.873 97.7046 1.995
    endloop
  endfacet
  facet normal 0 0 1
    outer loop
      vertex -101.859 97.6989 1.995
      vertex -102.068 97.3092 1.995
      vertex -102.056 97.3 1.995
    endloop
  endfacet
  facet normal -0 0 1
    outer loop
      vertex -102.068 97.3075 1.995
      vertex -102.056 97.3 1.995
      vertex -102.068 97.3092 1.995
    endloop
  endfacet
  facet normal -0 0 1
    outer loop
      vertex -102.07 97.3058 1.995
      vertex -102.056 97.3 1.995
      vertex -102.068 97.3075 1.995
    endloop
  endfacet
  facet normal 0 0 1
    outer loop
      vertex -102.07 97.3058 1.995
      vertex -102.303 96.9302 1.995
      vertex -102.056 97.3 1.995
    endloop
  endfacet
  facet normal -0 0 1
    outer loop
      vertex -102.314 96.9393 1.995
      vertex -102.303 96.9302 1.995
      vertex -102.07 97.3058 1.995
    endloop
  endfacet
  facet normal 0 0 1
    outer loop
      vertex -102.605 96.6078 1.995
      vertex -102.303 96.9302 1.995
      vertex -102.314 96.9393 1.995
    endloop
  endfacet
  facet normal 0 0 1
    outer loop
      vertex -102.303 96.9302 1.995
      vertex -102.605 96.6078 1.995
      vertex -102.596 96.5958 1.995
    endloop
  endfacet
  facet normal -0 0 1
    outer loop
      vertex -102.606 96.6064 1.995
      vertex -102.596 96.5958 1.995
      vertex -102.605 96.6078 1.995
    endloop
  endfacet
  facet normal -0 0 1
    outer loop
      vertex -102.608 96.6051 1.995
      vertex -102.596 96.5958 1.995
      vertex -102.606 96.6064 1.995
    endloop
  endfacet
  facet normal 0 0 1
    outer loop
      vertex -102.608 96.6051 1.995
      vertex -102.93 96.3026 1.995
      vertex -102.596 96.5958 1.995
    endloop
  endfacet
  facet normal -0 0 1
    outer loop
      vertex -102.939 96.3144 1.995
      vertex -102.93 96.3026 1.995
      vertex -102.608 96.6051 1.995
    endloop
  endfacet
  facet normal 0 0 1
    outer loop
      vertex -103.306 96.0695 1.995
      vertex -102.93 96.3026 1.995
      vertex -102.939 96.3144 1.995
    endloop
  endfacet
  facet normal 0 0 1
    outer loop
      vertex -102.93 96.3026 1.995
      vertex -103.306 96.0695 1.995
      vertex -103.3 96.0555 1.995
    endloop
  endfacet
  facet normal -0 0 1
    outer loop
      vertex -103.307 96.0684 1.995
      vertex -103.3 96.0555 1.995
      vertex -103.306 96.0695 1.995
    endloop
  endfacet
  facet normal -0 0 1
    outer loop
      vertex -103.309 96.0676 1.995
      vertex -103.3 96.0555 1.995
      vertex -103.307 96.0684 1.995
    endloop
  endfacet
  facet normal 0 0 1
    outer loop
      vertex -103.309 96.0676 1.995
      vertex -103.699 95.8588 1.995
      vertex -103.3 96.0555 1.995
    endloop
  endfacet
  facet normal -0 0 1
    outer loop
      vertex -103.705 95.8726 1.995
      vertex -103.699 95.8588 1.995
      vertex -103.309 96.0676 1.995
    endloop
  endfacet
  facet normal -0 0 1
    outer loop
      vertex -103.706 95.872 1.995
      vertex -103.699 95.8588 1.995
      vertex -103.705 95.8726 1.995
    endloop
  endfacet
  facet normal 0 0 1
    outer loop
      vertex -103.706 95.872 1.995
      vertex -104.12 95.7159 1.995
      vertex -103.699 95.8588 1.995
    endloop
  endfacet
  facet normal -0 0 1
    outer loop
      vertex -104.124 95.7303 1.995
      vertex -104.12 95.7159 1.995
      vertex -103.706 95.872 1.995
    endloop
  endfacet
  facet normal 0 0 1
    outer loop
      vertex -104.556 95.6442 1.995
      vertex -104.12 95.7159 1.995
      vertex -104.124 95.7303 1.995
    endloop
  endfacet
  facet normal 0 0 1
    outer loop
      vertex -104.12 95.7159 1.995
      vertex -104.556 95.6442 1.995
      vertex -104.556 95.6291 1.995
    endloop
  endfacet
  facet normal -0 0 1
    outer loop
      vertex -104.558 95.6439 1.995
      vertex -104.556 95.6291 1.995
      vertex -104.556 95.6442 1.995
    endloop
  endfacet
  facet normal -0 0 1
    outer loop
      vertex -104.56 95.6437 1.995
      vertex -104.556 95.6291 1.995
      vertex -104.558 95.6439 1.995
    endloop
  endfacet
  facet normal 0 0 1
    outer loop
      vertex -105 95.6 1.995
      vertex -104.56 95.6437 1.995
      vertex -105 95.6149 1.995
    endloop
  endfacet
  facet normal 0 0 1
    outer loop
      vertex -104.56 95.6437 1.995
      vertex -105 95.6 1.995
      vertex -104.556 95.6291 1.995
    endloop
  endfacet
  facet normal 0 0 1
    outer loop
      vertex -105.44 95.6437 1.995
      vertex -105 95.6 1.995
      vertex -105 95.6149 1.995
    endloop
  endfacet
  facet normal 0 0 1
    outer loop
      vertex -105.444 95.6291 1.995
      vertex -105.44 95.6437 1.995
      vertex -105.442 95.6439 1.995
    endloop
  endfacet
  facet normal 0 0 1
    outer loop
      vertex -105.44 95.6437 1.995
      vertex -105.444 95.6291 1.995
      vertex -105 95.6 1.995
    endloop
  endfacet
  facet normal 0 0 1
    outer loop
      vertex -105.444 95.6442 1.995
      vertex -105.444 95.6291 1.995
      vertex -105.442 95.6439 1.995
    endloop
  endfacet
  facet normal -0 0 1
    outer loop
      vertex -105.88 95.7159 1.995
      vertex -105.444 95.6442 1.995
      vertex -105.876 95.7303 1.995
    endloop
  endfacet
  facet normal 0 0 1
    outer loop
      vertex -105.444 95.6442 1.995
      vertex -105.88 95.7159 1.995
      vertex -105.444 95.6291 1.995
    endloop
  endfacet
  facet normal 0 0 1
    outer loop
      vertex -106.294 95.872 1.995
      vertex -105.88 95.7159 1.995
      vertex -105.876 95.7303 1.995
    endloop
  endfacet
  facet normal 0 0 1
    outer loop
      vertex -106.301 95.8588 1.995
      vertex -106.294 95.872 1.995
      vertex -106.295 95.8726 1.995
    endloop
  endfacet
  facet normal 0 0 1
    outer loop
      vertex -106.294 95.872 1.995
      vertex -106.301 95.8588 1.995
      vertex -105.88 95.7159 1.995
    endloop
  endfacet
  facet normal 0 0 1
    outer loop
      vertex -106.691 96.0676 1.995
      vertex -106.301 95.8588 1.995
      vertex -106.295 95.8726 1.995
    endloop
  endfacet
  facet normal 0 0 1
    outer loop
      vertex -106.7 96.0555 1.995
      vertex -106.691 96.0676 1.995
      vertex -106.693 96.0684 1.995
    endloop
  endfacet
  facet normal 0 0 1
    outer loop
      vertex -106.691 96.0676 1.995
      vertex -106.7 96.0555 1.995
      vertex -106.301 95.8588 1.995
    endloop
  endfacet
  facet normal 0 0 1
    outer loop
      vertex -106.694 96.0695 1.995
      vertex -106.7 96.0555 1.995
      vertex -106.693 96.0684 1.995
    endloop
  endfacet
  facet normal -0 0 1
    outer loop
      vertex -107.07 96.3026 1.995
      vertex -106.694 96.0695 1.995
      vertex -107.061 96.3144 1.995
    endloop
  endfacet
  facet normal 0 0 1
    outer loop
      vertex -106.694 96.0695 1.995
      vertex -107.07 96.3026 1.995
      vertex -106.7 96.0555 1.995
    endloop
  endfacet
  facet normal 0 0 1
    outer loop
      vertex -107.392 96.6051 1.995
      vertex -107.07 96.3026 1.995
      vertex -107.061 96.3144 1.995
    endloop
  endfacet
  facet normal 0 0 1
    outer loop
      vertex -107.404 96.5958 1.995
      vertex -107.392 96.6051 1.995
      vertex -107.394 96.6064 1.995
    endloop
  endfacet
  facet normal 0 0 1
    outer loop
      vertex -107.392 96.6051 1.995
      vertex -107.404 96.5958 1.995
      vertex -107.07 96.3026 1.995
    endloop
  endfacet
  facet normal 0 0 1
    outer loop
      vertex -107.395 96.6078 1.995
      vertex -107.404 96.5958 1.995
      vertex -107.394 96.6064 1.995
    endloop
  endfacet
  facet normal -0 0 1
    outer loop
      vertex -107.697 96.9302 1.995
      vertex -107.395 96.6078 1.995
      vertex -107.686 96.9393 1.995
    endloop
  endfacet
  facet normal 0 0 1
    outer loop
      vertex -107.395 96.6078 1.995
      vertex -107.697 96.9302 1.995
      vertex -107.404 96.5958 1.995
    endloop
  endfacet
  facet normal 0 0 1
    outer loop
      vertex -107.93 97.3058 1.995
      vertex -107.697 96.9302 1.995
      vertex -107.686 96.9393 1.995
    endloop
  endfacet
  facet normal 0 0 1
    outer loop
      vertex -107.944 97.3 1.995
      vertex -107.93 97.3058 1.995
      vertex -107.932 97.3075 1.995
    endloop
  endfacet
  facet normal 0 0 1
    outer loop
      vertex -107.93 97.3058 1.995
      vertex -107.944 97.3 1.995
      vertex -107.697 96.9302 1.995
    endloop
  endfacet
  facet normal 0 0 1
    outer loop
      vertex -107.932 97.3092 1.995
      vertex -107.944 97.3 1.995
      vertex -107.932 97.3075 1.995
    endloop
  endfacet
  facet normal -0 0 1
    outer loop
      vertex -108.141 97.6989 1.995
      vertex -107.932 97.3092 1.995
      vertex -108.127 97.7046 1.995
    endloop
  endfacet
  facet normal 0 0 1
    outer loop
      vertex -107.932 97.3092 1.995
      vertex -108.141 97.6989 1.995
      vertex -107.944 97.3 1.995
    endloop
  endfacet
  facet normal 0 0 1
    outer loop
      vertex -108.128 97.7064 1.995
      vertex -108.141 97.6989 1.995
      vertex -108.127 97.7046 1.995
    endloop
  endfacet
  facet normal -0 0 1
    outer loop
      vertex -108.284 98.12 1.995
      vertex -108.128 97.7064 1.995
      vertex -108.27 98.1239 1.995
    endloop
  endfacet
  facet normal 0 0 1
    outer loop
      vertex -108.128 97.7064 1.995
      vertex -108.284 98.12 1.995
      vertex -108.141 97.6989 1.995
    endloop
  endfacet
  facet normal 0 0 1
    outer loop
      vertex -108.356 98.5562 1.995
      vertex -108.284 98.12 1.995
      vertex -108.27 98.1239 1.995
    endloop
  endfacet
  facet normal 0 0 1
    outer loop
      vertex -108.371 98.5562 1.995
      vertex -108.356 98.5562 1.995
      vertex -108.356 98.5582 1.995
    endloop
  endfacet
  facet normal 0 0 1
    outer loop
      vertex -108.356 98.5562 1.995
      vertex -108.371 98.5562 1.995
      vertex -108.284 98.12 1.995
    endloop
  endfacet
  facet normal 0 0 1
    outer loop
      vertex -108.356 98.5601 1.995
      vertex -108.371 98.5562 1.995
      vertex -108.356 98.5582 1.995
    endloop
  endfacet
  facet normal -0 0 1
    outer loop
      vertex -108.4 99 1.995
      vertex -108.356 98.5601 1.995
      vertex -108.385 99 1.995
    endloop
  endfacet
  facet normal 0 0 1
    outer loop
      vertex -108.356 98.5601 1.995
      vertex -108.4 99 1.995
      vertex -108.371 98.5562 1.995
    endloop
  endfacet
  facet normal -0.997872 -0.0652057 0
    outer loop
      vertex -101.6 99 1.995
      vertex -101.629 99.4438 2
      vertex -101.629 99.4438 1.995
    endloop
  endfacet
  facet normal -0.997872 -0.0652057 0
    outer loop
      vertex -101.629 99.4438 2
      vertex -101.6 99 1.995
      vertex -101.6 99 2
    endloop
  endfacet
  facet normal 0 0 -1
    outer loop
      vertex -100.583 9.43901 0
      vertex -119.681 11.6584 0
      vertex -119.671 11.815 0
    endloop
  endfacet
  facet normal 0 0 -1
    outer loop
      vertex -100.583 9.43901 0
      vertex -119.712 11.5044 0
      vertex -119.681 11.6584 0
    endloop
  endfacet
  facet normal 0 0 -1
    outer loop
      vertex -119.41 6.112 0
      vertex -119.762 11.3558 0
      vertex -119.712 11.5044 0
    endloop
  endfacet
  facet normal 0 0 -1
    outer loop
      vertex -119.41 6.112 0
      vertex -119.832 11.215 0
      vertex -119.762 11.3558 0
    endloop
  endfacet
  facet normal 0 0 -1
    outer loop
      vertex -120.714 10.6253 0
      vertex -119.41 6.112 0
      vertex -119.914 5.97701 0
    endloop
  endfacet
  facet normal 0 0 -1
    outer loop
      vertex -119.41 6.112 0
      vertex -119.919 11.0845 0
      vertex -119.832 11.215 0
    endloop
  endfacet
  facet normal 0 0 -1
    outer loop
      vertex -119.41 6.112 0
      vertex -120.022 10.9665 0
      vertex -119.919 11.0845 0
    endloop
  endfacet
  facet normal 0 0 -1
    outer loop
      vertex -119.41 6.112 0
      vertex -120.14 10.863 0
      vertex -120.022 10.9665 0
    endloop
  endfacet
  facet normal 0 0 -1
    outer loop
      vertex -119.41 6.112 0
      vertex -120.271 10.7758 0
      vertex -120.14 10.863 0
    endloop
  endfacet
  facet normal 0 0 -1
    outer loop
      vertex -119.41 6.112 0
      vertex -120.412 10.7063 0
      vertex -120.271 10.7758 0
    endloop
  endfacet
  facet normal 0 0 -1
    outer loop
      vertex -119.41 6.112 0
      vertex -120.56 10.6559 0
      vertex -120.412 10.7063 0
    endloop
  endfacet
  facet normal 0 0 -1
    outer loop
      vertex -119.41 6.112 0
      vertex -120.714 10.6253 0
      vertex -120.56 10.6559 0
    endloop
  endfacet
  facet normal 0 0 -1
    outer loop
      vertex -119.914 5.97701 0
      vertex -120.871 10.615 0
      vertex -120.714 10.6253 0
    endloop
  endfacet
  facet normal 0 0 -1
    outer loop
      vertex -119.914 5.97701 0
      vertex -121.028 10.6253 0
      vertex -120.871 10.615 0
    endloop
  endfacet
  facet normal 0 0 -1
    outer loop
      vertex -119.914 5.97701 0
      vertex -121.182 10.6559 0
      vertex -121.028 10.6253 0
    endloop
  endfacet
  facet normal 0 0 -1
    outer loop
      vertex -119.914 5.97701 0
      vertex -121.33 10.7063 0
      vertex -121.182 10.6559 0
    endloop
  endfacet
  facet normal 0 0 -1
    outer loop
      vertex -119.914 5.97701 0
      vertex -121.471 10.7758 0
      vertex -121.33 10.7063 0
    endloop
  endfacet
  facet normal 0 0 -1
    outer loop
      vertex -119.914 5.97701 0
      vertex -121.602 10.863 0
      vertex -121.471 10.7758 0
    endloop
  endfacet
  facet normal 0 0 -1
    outer loop
      vertex -119.914 5.97701 0
      vertex -121.72 10.9665 0
      vertex -121.602 10.863 0
    endloop
  endfacet
  facet normal 0 0 -1
    outer loop
      vertex -119.914 5.97701 0
      vertex -121.823 11.0845 0
      vertex -121.72 10.9665 0
    endloop
  endfacet
  facet normal 0 0 -1
    outer loop
      vertex -136.16 0.0640116 0
      vertex -121.823 11.0845 0
      vertex -119.914 5.97701 0
    endloop
  endfacet
  facet normal -0 0 -1
    outer loop
      vertex -121.823 11.0845 0
      vertex -136.16 0.0640116 0
      vertex -121.91 11.215 0
    endloop
  endfacet
  facet normal 0 0 -1
    outer loop
      vertex -134.323 19.941 0
      vertex -122.071 11.815 0
      vertex -122.061 11.6584 0
    endloop
  endfacet
  facet normal 0 0 -1
    outer loop
      vertex -136.16 0.0640116 0
      vertex -122.061 11.6584 0
      vertex -122.03 11.5044 0
    endloop
  endfacet
  facet normal 0 0 -1
    outer loop
      vertex -136.16 0.0640116 0
      vertex -122.03 11.5044 0
      vertex -121.98 11.3558 0
    endloop
  endfacet
  facet normal -0 0 -1
    outer loop
      vertex -121.91 11.215 0
      vertex -136.16 0.0640116 0
      vertex -121.98 11.3558 0
    endloop
  endfacet
  facet normal 0 0 -1
    outer loop
      vertex -122.071 11.815 0
      vertex -127.595 24.4614 0
      vertex -127.585 24.618 0
    endloop
  endfacet
  facet normal 0 0 -1
    outer loop
      vertex -122.071 11.815 0
      vertex -127.626 24.3074 0
      vertex -127.595 24.4614 0
    endloop
  endfacet
  facet normal 0 0 -1
    outer loop
      vertex -122.071 11.815 0
      vertex -127.676 24.1588 0
      vertex -127.626 24.3074 0
    endloop
  endfacet
  facet normal 0 0 -1
    outer loop
      vertex -122.071 11.815 0
      vertex -127.746 24.018 0
      vertex -127.676 24.1588 0
    endloop
  endfacet
  facet normal 0 0 -1
    outer loop
      vertex -122.071 11.815 0
      vertex -127.833 23.8875 0
      vertex -127.746 24.018 0
    endloop
  endfacet
  facet normal 0 0 -1
    outer loop
      vertex -122.071 11.815 0
      vertex -127.936 23.7695 0
      vertex -127.833 23.8875 0
    endloop
  endfacet
  facet normal 0 0 -1
    outer loop
      vertex -122.071 11.815 0
      vertex -128.054 23.666 0
      vertex -127.936 23.7695 0
    endloop
  endfacet
  facet normal 0 0 -1
    outer loop
      vertex -122.071 11.815 0
      vertex -128.185 23.5788 0
      vertex -128.054 23.666 0
    endloop
  endfacet
  facet normal 0 0 -1
    outer loop
      vertex -122.071 11.815 0
      vertex -128.326 23.5093 0
      vertex -128.185 23.5788 0
    endloop
  endfacet
  facet normal 0 0 -1
    outer loop
      vertex -122.071 11.815 0
      vertex -128.474 23.4589 0
      vertex -128.326 23.5093 0
    endloop
  endfacet
  facet normal 0 0 -1
    outer loop
      vertex -122.071 11.815 0
      vertex -133.051 20.832 0
      vertex -128.628 23.4283 0
    endloop
  endfacet
  facet normal 0 0 -1
    outer loop
      vertex -122.071 11.815 0
      vertex -128.628 23.4283 0
      vertex -128.474 23.4589 0
    endloop
  endfacet
  facet normal 0 0 -1
    outer loop
      vertex -128.628 23.4283 0
      vertex -133.051 20.832 0
      vertex -128.785 23.418 0
    endloop
  endfacet
  facet normal 0 -0 -1
    outer loop
      vertex -132.751 21.26 0
      vertex -128.785 23.418 0
      vertex -133.051 20.832 0
    endloop
  endfacet
  facet normal -0 0 -1
    outer loop
      vertex -128.785 23.418 0
      vertex -132.751 21.26 0
      vertex -128.942 23.4283 0
    endloop
  endfacet
  facet normal 0 -0 -1
    outer loop
      vertex -132.53 21.734 0
      vertex -128.942 23.4283 0
      vertex -132.751 21.26 0
    endloop
  endfacet
  facet normal -0 0 -1
    outer loop
      vertex -128.942 23.4283 0
      vertex -132.53 21.734 0
      vertex -129.096 23.4589 0
    endloop
  endfacet
  facet normal -0 0 -1
    outer loop
      vertex -129.096 23.4589 0
      vertex -132.53 21.734 0
      vertex -129.244 23.5093 0
    endloop
  endfacet
  facet normal 0 -0 -1
    outer loop
      vertex -132.395 22.239 0
      vertex -129.244 23.5093 0
      vertex -132.53 21.734 0
    endloop
  endfacet
  facet normal -0 0 -1
    outer loop
      vertex -129.244 23.5093 0
      vertex -132.395 22.239 0
      vertex -129.385 23.5788 0
    endloop
  endfacet
  facet normal -0 0 -1
    outer loop
      vertex -129.975 24.4614 0
      vertex -132.349 22.76 0
      vertex -129.985 24.618 0
    endloop
  endfacet
  facet normal -0 0 -1
    outer loop
      vertex -129.944 24.3074 0
      vertex -132.349 22.76 0
      vertex -129.975 24.4614 0
    endloop
  endfacet
  facet normal -0 0 -1
    outer loop
      vertex -129.894 24.1588 0
      vertex -132.349 22.76 0
      vertex -129.944 24.3074 0
    endloop
  endfacet
  facet normal -0 0 -1
    outer loop
      vertex -129.824 24.018 0
      vertex -132.349 22.76 0
      vertex -129.894 24.1588 0
    endloop
  endfacet
  facet normal 0 -0 -1
    outer loop
      vertex -132.349 22.76 0
      vertex -129.516 23.666 0
      vertex -132.395 22.239 0
    endloop
  endfacet
  facet normal -0 0 -1
    outer loop
      vertex -129.737 23.8875 0
      vertex -132.349 22.76 0
      vertex -129.824 24.018 0
    endloop
  endfacet
  facet normal -0 0 -1
    outer loop
      vertex -129.634 23.7695 0
      vertex -132.349 22.76 0
      vertex -129.737 23.8875 0
    endloop
  endfacet
  facet normal -0 0 -1
    outer loop
      vertex -129.516 23.666 0
      vertex -132.349 22.76 0
      vertex -129.634 23.7695 0
    endloop
  endfacet
  facet normal -0 0 -1
    outer loop
      vertex -129.385 23.5788 0
      vertex -132.395 22.239 0
      vertex -129.516 23.666 0
    endloop
  endfacet
  facet normal 0 0 -1
    outer loop
      vertex -122.071 11.815 0
      vertex -133.421 20.462 0
      vertex -133.051 20.832 0
    endloop
  endfacet
  facet normal 0 0 -1
    outer loop
      vertex -122.071 11.815 0
      vertex -133.849 20.162 0
      vertex -133.421 20.462 0
    endloop
  endfacet
  facet normal 0 0 -1
    outer loop
      vertex -122.071 11.815 0
      vertex -134.323 19.941 0
      vertex -133.849 20.162 0
    endloop
  endfacet
  facet normal -0 0 -1
    outer loop
      vertex -122.061 11.6584 0
      vertex -136.16 0.0640116 0
      vertex -134.323 19.941 0
    endloop
  endfacet
  facet normal 0 0 -1
    outer loop
      vertex -137.442 0.661012 0
      vertex -136.16 0.0640116 0
      vertex -136.328 0.0190134 0
    endloop
  endfacet
  facet normal 0 0 -1
    outer loop
      vertex -137.442 0.661012 0
      vertex -136.328 0.0190134 0
      vertex -136.502 0.00300694 0
    endloop
  endfacet
  facet normal 0 0 -1
    outer loop
      vertex -137.442 0.661012 0
      vertex -136.502 0.00300694 0
      vertex -136.676 0.0190134 0
    endloop
  endfacet
  facet normal 0 0 -1
    outer loop
      vertex -137.442 0.661012 0
      vertex -136.676 0.0190134 0
      vertex -136.844 0.0640116 0
    endloop
  endfacet
  facet normal 0 0 -1
    outer loop
      vertex -137.442 0.661012 0
      vertex -136.844 0.0640116 0
      vertex -137.002 0.13701 0
    endloop
  endfacet
  facet normal 0 0 -1
    outer loop
      vertex -137.442 0.661012 0
      vertex -137.002 0.13701 0
      vertex -137.145 0.237 0
    endloop
  endfacet
  facet normal 0 0 -1
    outer loop
      vertex -137.442 0.661012 0
      vertex -137.145 0.237 0
      vertex -137.268 0.361009 0
    endloop
  endfacet
  facet normal 0 0 -1
    outer loop
      vertex -137.442 0.661012 0
      vertex -137.268 0.361009 0
      vertex -137.368 0.503007 0
    endloop
  endfacet
  facet normal 0 0 -1
    outer loop
      vertex -136.16 0.0640116 0
      vertex -137.442 0.661012 0
      vertex -134.323 19.941 0
    endloop
  endfacet
  facet normal 0 0 -1
    outer loop
      vertex -142.931 15.744 0
      vertex -134.323 19.941 0
      vertex -137.442 0.661012 0
    endloop
  endfacet
  facet normal 0 0 -1
    outer loop
      vertex -134.323 19.941 0
      vertex -142.931 15.744 0
      vertex -142.334 17.025 0
    endloop
  endfacet
  facet normal 0 0 -1
    outer loop
      vertex -142.334 17.025 0
      vertex -142.931 15.744 0
      vertex -142.51 16.941 0
    endloop
  endfacet
  facet normal 0 0 -1
    outer loop
      vertex -142.51 16.941 0
      vertex -142.931 15.744 0
      vertex -142.667 16.823 0
    endloop
  endfacet
  facet normal 0 0 -1
    outer loop
      vertex -142.667 16.823 0
      vertex -142.931 15.744 0
      vertex -142.798 16.677 0
    endloop
  endfacet
  facet normal 0 0 -1
    outer loop
      vertex -142.798 16.677 0
      vertex -142.931 15.744 0
      vertex -142.898 16.508 0
    endloop
  endfacet
  facet normal 0 0 -1
    outer loop
      vertex -142.931 15.744 0
      vertex -142.963 16.323 0
      vertex -142.898 16.508 0
    endloop
  endfacet
  facet normal 0 0 -1
    outer loop
      vertex -142.98 15.933 0
      vertex -142.963 16.323 0
      vertex -142.931 15.744 0
    endloop
  endfacet
  facet normal 0 0 -1
    outer loop
      vertex -142.963 16.323 0
      vertex -142.98 15.933 0
      vertex -142.99 16.129 0
    endloop
  endfacet
  facet normal -0 0 -1
    outer loop
      vertex -36.7 14 0
      vertex -59.8106 10.8138 0
      vertex -36.6855 14.2219 0
    endloop
  endfacet
  facet normal 0 0 -1
    outer loop
      vertex -36.6421 14.44 0
      vertex -59.716 26.0953 0
      vertex -59.704 26.278 0
    endloop
  endfacet
  facet normal 0 0 -1
    outer loop
      vertex -59.8916 10.978 0
      vertex -36.6855 14.2219 0
      vertex -59.8106 10.8138 0
    endloop
  endfacet
  facet normal 0 0 -1
    outer loop
      vertex -36.6421 14.44 0
      vertex -59.7517 25.9157 0
      vertex -59.716 26.0953 0
    endloop
  endfacet
  facet normal -0 0 -1
    outer loop
      vertex -36.6855 14.2219 0
      vertex -59.8916 10.978 0
      vertex -36.6421 14.44 0
    endloop
  endfacet
  facet normal 0 0 -1
    outer loop
      vertex -36.6421 14.44 0
      vertex -59.8106 25.7422 0
      vertex -59.7517 25.9157 0
    endloop
  endfacet
  facet normal 0 0 -1
    outer loop
      vertex -59.8916 25.578 0
      vertex -36.6421 14.44 0
      vertex -59.8916 10.978 0
    endloop
  endfacet
  facet normal 0 0 -1
    outer loop
      vertex -36.6421 14.44 0
      vertex -59.8916 25.578 0
      vertex -59.8106 25.7422 0
    endloop
  endfacet
  facet normal 0 0 -1
    outer loop
      vertex -59.9933 11.1303 0
      vertex -59.8916 25.578 0
      vertex -59.8916 10.978 0
    endloop
  endfacet
  facet normal 0 0 -1
    outer loop
      vertex -59.9933 11.1303 0
      vertex -59.9933 25.4257 0
      vertex -59.8916 25.578 0
    endloop
  endfacet
  facet normal 0 0 -1
    outer loop
      vertex -60.1141 11.2679 0
      vertex -59.9933 25.4257 0
      vertex -59.9933 11.1303 0
    endloop
  endfacet
  facet normal 0 0 -1
    outer loop
      vertex -60.1141 11.2679 0
      vertex -60.1141 25.288 0
      vertex -59.9933 25.4257 0
    endloop
  endfacet
  facet normal 0 0 -1
    outer loop
      vertex -60.2517 11.3887 0
      vertex -60.1141 25.288 0
      vertex -60.1141 11.2679 0
    endloop
  endfacet
  facet normal 0 0 -1
    outer loop
      vertex -60.2517 11.3887 0
      vertex -60.2517 25.1673 0
      vertex -60.1141 25.288 0
    endloop
  endfacet
  facet normal 0 0 -1
    outer loop
      vertex -60.404 11.4904 0
      vertex -60.2517 25.1673 0
      vertex -60.2517 11.3887 0
    endloop
  endfacet
  facet normal 0 0 -1
    outer loop
      vertex -60.404 11.4904 0
      vertex -60.404 25.0656 0
      vertex -60.2517 25.1673 0
    endloop
  endfacet
  facet normal 0 0 -1
    outer loop
      vertex -60.5682 11.5714 0
      vertex -60.404 25.0656 0
      vertex -60.404 11.4904 0
    endloop
  endfacet
  facet normal 0 0 -1
    outer loop
      vertex -60.5682 11.5714 0
      vertex -60.5682 24.9846 0
      vertex -60.404 25.0656 0
    endloop
  endfacet
  facet normal 0 0 -1
    outer loop
      vertex -60.7417 11.6303 0
      vertex -60.5682 24.9846 0
      vertex -60.5682 11.5714 0
    endloop
  endfacet
  facet normal 0 0 -1
    outer loop
      vertex -60.7417 11.6303 0
      vertex -60.7417 24.9257 0
      vertex -60.5682 24.9846 0
    endloop
  endfacet
  facet normal 0 0 -1
    outer loop
      vertex -65.961 18.278 0
      vertex -60.7417 11.6303 0
      vertex -60.9213 11.666 0
    endloop
  endfacet
  facet normal 0 0 -1
    outer loop
      vertex -60.7417 11.6303 0
      vertex -65.961 18.278 0
      vertex -60.7417 24.9257 0
    endloop
  endfacet
  facet normal 0 0 -1
    outer loop
      vertex -66.0123 17.4948 0
      vertex -60.9213 11.666 0
      vertex -61.104 11.678 0
    endloop
  endfacet
  facet normal 0 0 -1
    outer loop
      vertex -60.7417 24.9257 0
      vertex -65.961 18.278 0
      vertex -60.9213 24.89 0
    endloop
  endfacet
  facet normal 0 0 -1
    outer loop
      vertex -66.0123 17.4948 0
      vertex -61.104 11.678 0
      vertex -61.2867 11.666 0
    endloop
  endfacet
  facet normal 0 0 -1
    outer loop
      vertex -66.0123 19.0612 0
      vertex -60.9213 24.89 0
      vertex -65.961 18.278 0
    endloop
  endfacet
  facet normal 0 0 -1
    outer loop
      vertex -66.1654 16.7251 0
      vertex -61.2867 11.666 0
      vertex -61.4663 11.6303 0
    endloop
  endfacet
  facet normal 0 0 -1
    outer loop
      vertex -60.9213 24.89 0
      vertex -66.0123 19.0612 0
      vertex -61.104 24.878 0
    endloop
  endfacet
  facet normal 0 0 -1
    outer loop
      vertex -66.1654 16.7251 0
      vertex -61.4663 11.6303 0
      vertex -61.6398 11.5714 0
    endloop
  endfacet
  facet normal -0 0 -1
    outer loop
      vertex -61.104 24.878 0
      vertex -66.0123 19.0612 0
      vertex -61.2867 24.89 0
    endloop
  endfacet
  facet normal 0 0 -1
    outer loop
      vertex -66.4177 15.9819 0
      vertex -61.6398 11.5714 0
      vertex -61.804 11.4904 0
    endloop
  endfacet
  facet normal 0 0 -1
    outer loop
      vertex -66.1654 19.8309 0
      vertex -61.2867 24.89 0
      vertex -66.0123 19.0612 0
    endloop
  endfacet
  facet normal 0 0 -1
    outer loop
      vertex -66.7648 15.278 0
      vertex -61.804 11.4904 0
      vertex -61.9563 11.3887 0
    endloop
  endfacet
  facet normal -0 0 -1
    outer loop
      vertex -61.2867 24.89 0
      vertex -66.1654 19.8309 0
      vertex -61.4663 24.9257 0
    endloop
  endfacet
  facet normal 0 0 -1
    outer loop
      vertex -66.7648 15.278 0
      vertex -61.9563 11.3887 0
      vertex -62.0939 11.2679 0
    endloop
  endfacet
  facet normal -0 0 -1
    outer loop
      vertex -61.4663 24.9257 0
      vertex -66.1654 19.8309 0
      vertex -61.6398 24.9846 0
    endloop
  endfacet
  facet normal 0 0 -1
    outer loop
      vertex -67.2009 14.6254 0
      vertex -62.0939 11.2679 0
      vertex -62.2147 11.1303 0
    endloop
  endfacet
  facet normal 0 0 -1
    outer loop
      vertex -66.4177 20.5741 0
      vertex -61.6398 24.9846 0
      vertex -66.1654 19.8309 0
    endloop
  endfacet
  facet normal 0 0 -1
    outer loop
      vertex -67.2009 14.6254 0
      vertex -62.2147 11.1303 0
      vertex -62.3164 10.978 0
    endloop
  endfacet
  facet normal -0 0 -1
    outer loop
      vertex -61.6398 24.9846 0
      vertex -66.4177 20.5741 0
      vertex -61.804 25.0656 0
    endloop
  endfacet
  facet normal 0 0 -1
    outer loop
      vertex -67.2009 14.6254 0
      vertex -62.3164 10.978 0
      vertex -62.3974 10.8138 0
    endloop
  endfacet
  facet normal 0 0 -1
    outer loop
      vertex -66.7648 21.278 0
      vertex -61.804 25.0656 0
      vertex -66.4177 20.5741 0
    endloop
  endfacet
  facet normal 0 0 -1
    outer loop
      vertex -67.7184 14.0354 0
      vertex -62.3974 10.8138 0
      vertex -62.4563 10.6403 0
    endloop
  endfacet
  facet normal -0 0 -1
    outer loop
      vertex -61.804 25.0656 0
      vertex -66.7648 21.278 0
      vertex -61.9563 25.1673 0
    endloop
  endfacet
  facet normal 0 0 -1
    outer loop
      vertex -67.7184 14.0354 0
      vertex -62.4563 10.6403 0
      vertex -62.492 10.4607 0
    endloop
  endfacet
  facet normal -0 0 -1
    outer loop
      vertex -61.9563 25.1673 0
      vertex -66.7648 21.278 0
      vertex -62.0939 25.288 0
    endloop
  endfacet
  facet normal 0 0 -1
    outer loop
      vertex -68.3084 13.5179 0
      vertex -62.492 10.4607 0
      vertex -62.504 10.278 0
    endloop
  endfacet
  facet normal 0 0 -1
    outer loop
      vertex -67.2009 21.9306 0
      vertex -62.0939 25.288 0
      vertex -66.7648 21.278 0
    endloop
  endfacet
  facet normal 0 0 -1
    outer loop
      vertex -36.6855 95.7781 0
      vertex -56.1023 94.8234 0
      vertex -56.092 94.98 0
    endloop
  endfacet
  facet normal 0 0 -1
    outer loop
      vertex -35.85 94.5278 0
      vertex -56.1329 94.6694 0
      vertex -56.1023 94.8234 0
    endloop
  endfacet
  facet normal 0 0 -1
    outer loop
      vertex -56.8328 93.8713 0
      vertex -55.9958 53.2877 0
      vertex -56.1444 53.3381 0
    endloop
  endfacet
  facet normal -0 0 -1
    outer loop
      vertex -35.85 94.5278 0
      vertex -56.1833 94.5208 0
      vertex -56.1329 94.6694 0
    endloop
  endfacet
  facet normal 0 0 -1
    outer loop
      vertex -35.85 94.5278 0
      vertex -56.2528 94.38 0
      vertex -56.1833 94.5208 0
    endloop
  endfacet
  facet normal 0 0 -1
    outer loop
      vertex -56.9814 93.8209 0
      vertex -56.1444 53.3381 0
      vertex -56.2984 53.3687 0
    endloop
  endfacet
  facet normal 0 0 -1
    outer loop
      vertex -35.85 94.5278 0
      vertex -56.34 94.2495 0
      vertex -56.2528 94.38 0
    endloop
  endfacet
  facet normal 0 0 -1
    outer loop
      vertex -35.85 94.5278 0
      vertex -56.4435 94.1315 0
      vertex -56.34 94.2495 0
    endloop
  endfacet
  facet normal 0 0 -1
    outer loop
      vertex -57.1354 93.7903 0
      vertex -56.2984 53.3687 0
      vertex -56.455 53.379 0
    endloop
  endfacet
  facet normal 0 0 -1
    outer loop
      vertex -35.85 94.5278 0
      vertex -56.5615 94.028 0
      vertex -56.4435 94.1315 0
    endloop
  endfacet
  facet normal 0 0 -1
    outer loop
      vertex -57.292 93.78 0
      vertex -56.455 53.379 0
      vertex -56.6116 53.3687 0
    endloop
  endfacet
  facet normal 0 0 -1
    outer loop
      vertex -35.85 94.5278 0
      vertex -56.692 93.9408 0
      vertex -56.5615 94.028 0
    endloop
  endfacet
  facet normal 0 0 -1
    outer loop
      vertex -57.4486 93.7903 0
      vertex -56.6116 53.3687 0
      vertex -56.7656 53.3381 0
    endloop
  endfacet
  facet normal 0 0 -1
    outer loop
      vertex -55.9958 53.2877 0
      vertex -56.8328 93.8713 0
      vertex -56.692 93.9408 0
    endloop
  endfacet
  facet normal 0 0 -1
    outer loop
      vertex -57.6026 93.8209 0
      vertex -56.7656 53.3381 0
      vertex -56.9142 53.2877 0
    endloop
  endfacet
  facet normal 0 0 -1
    outer loop
      vertex -56.1444 53.3381 0
      vertex -56.9814 93.8209 0
      vertex -56.8328 93.8713 0
    endloop
  endfacet
  facet normal 0 0 -1
    outer loop
      vertex -57.7512 93.8713 0
      vertex -56.9142 53.2877 0
      vertex -57.055 53.2182 0
    endloop
  endfacet
  facet normal 0 0 -1
    outer loop
      vertex -56.2984 53.3687 0
      vertex -57.1354 93.7903 0
      vertex -56.9814 93.8209 0
    endloop
  endfacet
  facet normal 0 0 -1
    outer loop
      vertex -57.892 93.9408 0
      vertex -57.055 53.2182 0
      vertex -57.1855 53.131 0
    endloop
  endfacet
  facet normal 0 0 -1
    outer loop
      vertex -56.455 53.379 0
      vertex -57.292 93.78 0
      vertex -57.1354 93.7903 0
    endloop
  endfacet
  facet normal 0 0 -1
    outer loop
      vertex -93.7075 91.6305 0
      vertex -57.1855 53.131 0
      vertex -57.3035 53.0275 0
    endloop
  endfacet
  facet normal 0 0 -1
    outer loop
      vertex -94.5435 52.7275 0
      vertex -57.3035 53.0275 0
      vertex -57.407 52.9095 0
    endloop
  endfacet
  facet normal 0 0 -1
    outer loop
      vertex -56.6116 53.3687 0
      vertex -57.4486 93.7903 0
      vertex -57.292 93.78 0
    endloop
  endfacet
  facet normal 0 0 -1
    outer loop
      vertex -94.44 52.6095 0
      vertex -57.407 52.9095 0
      vertex -57.4942 52.779 0
    endloop
  endfacet
  facet normal 0 0 -1
    outer loop
      vertex -94.3528 52.479 0
      vertex -57.4942 52.779 0
      vertex -57.5637 52.6382 0
    endloop
  endfacet
  facet normal 0 0 -1
    outer loop
      vertex -56.7656 53.3381 0
      vertex -57.6026 93.8209 0
      vertex -57.4486 93.7903 0
    endloop
  endfacet
  facet normal 0 0 -1
    outer loop
      vertex -94.2833 52.3382 0
      vertex -57.5637 52.6382 0
      vertex -57.6141 52.4896 0
    endloop
  endfacet
  facet normal 0 0 -1
    outer loop
      vertex -94.2329 52.1896 0
      vertex -57.6141 52.4896 0
      vertex -57.6447 52.3356 0
    endloop
  endfacet
  facet normal 0 0 -1
    outer loop
      vertex -94.2023 52.0356 0
      vertex -57.6447 52.3356 0
      vertex -57.655 52.179 0
    endloop
  endfacet
  facet normal 0 0 -1
    outer loop
      vertex -56.9142 53.2877 0
      vertex -57.7512 93.8713 0
      vertex -57.6026 93.8209 0
    endloop
  endfacet
  facet normal -0 0 -1
    outer loop
      vertex -19.9627 25.9714 0
      vertex -34.3494 15.5706 0
      vertex -19.973 26.128 0
    endloop
  endfacet
  facet normal 0 0 -1
    outer loop
      vertex -19.8122 82.679 0
      vertex -33.3145 95.7781 0
      vertex -33.3 96 0
    endloop
  endfacet
  facet normal 0 0 -1
    outer loop
      vertex -34.56 15.6421 0
      vertex -19.973 26.128 0
      vertex -34.3494 15.5706 0
    endloop
  endfacet
  facet normal 0 0 -1
    outer loop
      vertex -19.8122 82.679 0
      vertex -33.3579 95.56 0
      vertex -33.3145 95.7781 0
    endloop
  endfacet
  facet normal -0 0 -1
    outer loop
      vertex -19.973 26.128 0
      vertex -34.56 15.6421 0
      vertex -19.9627 26.2846 0
    endloop
  endfacet
  facet normal 0 0 -1
    outer loop
      vertex -19.8122 82.679 0
      vertex -33.4294 95.3494 0
      vertex -33.3579 95.56 0
    endloop
  endfacet
  facet normal 0 0 -1
    outer loop
      vertex -34.7781 15.6855 0
      vertex -19.9627 26.2846 0
      vertex -34.56 15.6421 0
    endloop
  endfacet
  facet normal 0 0 -1
    outer loop
      vertex -19.8122 82.679 0
      vertex -33.5278 95.15 0
      vertex -33.4294 95.3494 0
    endloop
  endfacet
  facet normal -0 0 -1
    outer loop
      vertex -19.9627 26.2846 0
      vertex -34.7781 15.6855 0
      vertex -19.9321 26.4386 0
    endloop
  endfacet
  facet normal 0 0 -1
    outer loop
      vertex -19.8122 82.679 0
      vertex -33.6513 94.9651 0
      vertex -33.5278 95.15 0
    endloop
  endfacet
  facet normal 0 0 -1
    outer loop
      vertex -35 15.7 0
      vertex -19.9321 26.4386 0
      vertex -34.7781 15.6855 0
    endloop
  endfacet
  facet normal 0 0 -1
    outer loop
      vertex -19.8122 82.679 0
      vertex -33.7979 94.7979 0
      vertex -33.6513 94.9651 0
    endloop
  endfacet
  facet normal -0 0 -1
    outer loop
      vertex -19.9321 26.4386 0
      vertex -35 15.7 0
      vertex -19.8817 26.5872 0
    endloop
  endfacet
  facet normal 0 0 -1
    outer loop
      vertex -19.8122 82.679 0
      vertex -33.9651 94.6513 0
      vertex -33.7979 94.7979 0
    endloop
  endfacet
  facet normal 0 -0 -1
    outer loop
      vertex -55.255 52.179 0
      vertex -19.725 26.8585 0
      vertex -55.2653 52.0224 0
    endloop
  endfacet
  facet normal 0 0 -1
    outer loop
      vertex -19.8122 82.679 0
      vertex -34.15 94.5278 0
      vertex -33.9651 94.6513 0
    endloop
  endfacet
  facet normal 0 0 -1
    outer loop
      vertex -55.2653 52.3356 0
      vertex -19.725 26.8585 0
      vertex -55.255 52.179 0
    endloop
  endfacet
  facet normal 0 0 -1
    outer loop
      vertex -55.2959 52.4896 0
      vertex -19.725 82.5485 0
      vertex -55.2653 52.3356 0
    endloop
  endfacet
  facet normal 0 0 -1
    outer loop
      vertex -35.2219 15.6855 0
      vertex -19.8817 26.5872 0
      vertex -35 15.7 0
    endloop
  endfacet
  facet normal 0 0 -1
    outer loop
      vertex -55.3463 52.6382 0
      vertex -19.725 82.5485 0
      vertex -55.2959 52.4896 0
    endloop
  endfacet
  facet normal -0 0 -1
    outer loop
      vertex -19.8817 26.5872 0
      vertex -35.2219 15.6855 0
      vertex -19.8122 26.728 0
    endloop
  endfacet
  facet normal 0 0 -1
    outer loop
      vertex -19.8122 82.679 0
      vertex -34.3494 94.4294 0
      vertex -34.15 94.5278 0
    endloop
  endfacet
  facet normal 0 0 -1
    outer loop
      vertex -55.503 51.4485 0
      vertex -19.8122 26.728 0
      vertex -35.2219 15.6855 0
    endloop
  endfacet
  facet normal 0 0 -1
    outer loop
      vertex -55.4158 52.779 0
      vertex -19.725 82.5485 0
      vertex -55.3463 52.6382 0
    endloop
  endfacet
  facet normal 0 0 -1
    outer loop
      vertex -19.8122 26.728 0
      vertex -55.503 51.4485 0
      vertex -19.725 26.8585 0
    endloop
  endfacet
  facet normal 0 0 -1
    outer loop
      vertex -19.8122 82.679 0
      vertex -34.56 94.3579 0
      vertex -34.3494 94.4294 0
    endloop
  endfacet
  facet normal 0 0 -1
    outer loop
      vertex -55.6065 51.3305 0
      vertex -35.2219 15.6855 0
      vertex -35.44 15.6421 0
    endloop
  endfacet
  facet normal 0 0 -1
    outer loop
      vertex -55.503 52.9095 0
      vertex -19.725 82.5485 0
      vertex -55.4158 52.779 0
    endloop
  endfacet
  facet normal 0 0 -1
    outer loop
      vertex -59.8106 26.8138 0
      vertex -35.44 15.6421 0
      vertex -35.6506 15.5706 0
    endloop
  endfacet
  facet normal 0 0 -1
    outer loop
      vertex -19.8122 82.679 0
      vertex -34.7781 94.3145 0
      vertex -34.56 94.3579 0
    endloop
  endfacet
  facet normal 0 0 -1
    outer loop
      vertex -59.7517 26.6403 0
      vertex -35.6506 15.5706 0
      vertex -35.85 15.4722 0
    endloop
  endfacet
  facet normal 0 0 -1
    outer loop
      vertex -55.6065 53.0275 0
      vertex -19.725 82.5485 0
      vertex -55.503 52.9095 0
    endloop
  endfacet
  facet normal 0 0 -1
    outer loop
      vertex -59.716 26.4607 0
      vertex -35.85 15.4722 0
      vertex -36.0349 15.3487 0
    endloop
  endfacet
  facet normal 0 0 -1
    outer loop
      vertex -19.8122 82.679 0
      vertex -35 94.3 0
      vertex -34.7781 94.3145 0
    endloop
  endfacet
  facet normal 0 0 -1
    outer loop
      vertex -59.704 26.278 0
      vertex -36.0349 15.3487 0
      vertex -36.2021 15.2021 0
    endloop
  endfacet
  facet normal -0 0 -1
    outer loop
      vertex -19.725 82.5485 0
      vertex -55.6065 53.0275 0
      vertex -19.8122 82.679 0
    endloop
  endfacet
  facet normal 0 0 -1
    outer loop
      vertex -59.704 26.278 0
      vertex -36.2021 15.2021 0
      vertex -36.3487 15.0349 0
    endloop
  endfacet
  facet normal 0 0 -1
    outer loop
      vertex -19.8122 82.679 0
      vertex -35.2219 94.3145 0
      vertex -35 94.3 0
    endloop
  endfacet
  facet normal 0 0 -1
    outer loop
      vertex -59.704 26.278 0
      vertex -36.3487 15.0349 0
      vertex -36.4722 14.85 0
    endloop
  endfacet
  facet normal 0 0 -1
    outer loop
      vertex -55.7245 53.131 0
      vertex -19.8122 82.679 0
      vertex -55.6065 53.0275 0
    endloop
  endfacet
  facet normal 0 0 -1
    outer loop
      vertex -59.704 26.278 0
      vertex -36.4722 14.85 0
      vertex -36.5706 14.6506 0
    endloop
  endfacet
  facet normal 0 0 -1
    outer loop
      vertex -19.8122 82.679 0
      vertex -35.44 94.3579 0
      vertex -35.2219 94.3145 0
    endloop
  endfacet
  facet normal 0 0 -1
    outer loop
      vertex -59.704 26.278 0
      vertex -36.5706 14.6506 0
      vertex -36.6421 14.44 0
    endloop
  endfacet
  facet normal -0 0 -1
    outer loop
      vertex -19.8122 82.679 0
      vertex -55.7245 53.131 0
      vertex -35.44 94.3579 0
    endloop
  endfacet
  facet normal -0 0 -1
    outer loop
      vertex -36.6855 13.7781 0
      vertex -59.7517 10.6403 0
      vertex -36.7 14 0
    endloop
  endfacet
  facet normal -0 0 -1
    outer loop
      vertex -35.44 94.3579 0
      vertex -55.7245 53.131 0
      vertex -35.6506 94.4294 0
    endloop
  endfacet
  facet normal 0 0 -1
    outer loop
      vertex -59.7517 10.6403 0
      vertex -36.6855 13.7781 0
      vertex -59.716 10.4607 0
    endloop
  endfacet
  facet normal 0 0 -1
    outer loop
      vertex -55.855 53.2182 0
      vertex -35.6506 94.4294 0
      vertex -55.7245 53.131 0
    endloop
  endfacet
  facet normal 0 0 -1
    outer loop
      vertex -17.6643 26.5872 0
      vertex 0 8.578 0
      vertex -17.6139 26.4386 0
    endloop
  endfacet
  facet normal 0 0 -1
    outer loop
      vertex 0 100.829 0
      vertex -17.5833 83.1224 0
      vertex -17.573 83.279 0
    endloop
  endfacet
  facet normal 0 0 -1
    outer loop
      vertex -17.7338 26.728 0
      vertex 0 8.578 0
      vertex -17.6643 26.5872 0
    endloop
  endfacet
  facet normal 0 0 -1
    outer loop
      vertex 0 100.829 0
      vertex -17.6139 82.9684 0
      vertex -17.5833 83.1224 0
    endloop
  endfacet
  facet normal 0 0 -1
    outer loop
      vertex 0 8.578 0
      vertex -17.7338 26.728 0
      vertex 0 100.829 0
    endloop
  endfacet
  facet normal 0 0 -1
    outer loop
      vertex 0 100.829 0
      vertex -17.6643 82.8198 0
      vertex -17.6139 82.9684 0
    endloop
  endfacet
  facet normal 0 0 -1
    outer loop
      vertex -17.7338 82.679 0
      vertex 0 100.829 0
      vertex -17.7338 26.728 0
    endloop
  endfacet
  facet normal 0 0 -1
    outer loop
      vertex 0 100.829 0
      vertex -17.7338 82.679 0
      vertex -17.6643 82.8198 0
    endloop
  endfacet
  facet normal 0 0 -1
    outer loop
      vertex -17.821 26.8585 0
      vertex -17.7338 82.679 0
      vertex -17.7338 26.728 0
    endloop
  endfacet
  facet normal 0 0 -1
    outer loop
      vertex -17.821 26.8585 0
      vertex -17.821 82.5485 0
      vertex -17.7338 82.679 0
    endloop
  endfacet
  facet normal 0 0 -1
    outer loop
      vertex -17.9245 26.9765 0
      vertex -17.821 82.5485 0
      vertex -17.821 26.8585 0
    endloop
  endfacet
  facet normal 0 0 -1
    outer loop
      vertex -17.9245 26.9765 0
      vertex -17.9245 82.4305 0
      vertex -17.821 82.5485 0
    endloop
  endfacet
  facet normal 0 0 -1
    outer loop
      vertex -18.0425 27.08 0
      vertex -17.9245 82.4305 0
      vertex -17.9245 26.9765 0
    endloop
  endfacet
  facet normal 0 0 -1
    outer loop
      vertex -18.0425 27.08 0
      vertex -18.0425 82.327 0
      vertex -17.9245 82.4305 0
    endloop
  endfacet
  facet normal 0 0 -1
    outer loop
      vertex -18.173 27.1672 0
      vertex -18.0425 82.327 0
      vertex -18.0425 27.08 0
    endloop
  endfacet
  facet normal 0 0 -1
    outer loop
      vertex -18.173 27.1672 0
      vertex -18.173 82.2398 0
      vertex -18.0425 82.327 0
    endloop
  endfacet
  facet normal 0 0 -1
    outer loop
      vertex -18.3138 27.2367 0
      vertex -18.173 82.2398 0
      vertex -18.173 27.1672 0
    endloop
  endfacet
  facet normal 0 0 -1
    outer loop
      vertex -18.3138 27.2367 0
      vertex -18.3138 82.1703 0
      vertex -18.173 82.2398 0
    endloop
  endfacet
  facet normal 0 0 -1
    outer loop
      vertex -18.4624 27.2871 0
      vertex -18.3138 82.1703 0
      vertex -18.3138 27.2367 0
    endloop
  endfacet
  facet normal 0 0 -1
    outer loop
      vertex -18.4624 27.2871 0
      vertex -18.4624 82.1199 0
      vertex -18.3138 82.1703 0
    endloop
  endfacet
  facet normal 0 0 -1
    outer loop
      vertex -18.6164 27.3177 0
      vertex -18.4624 82.1199 0
      vertex -18.4624 27.2871 0
    endloop
  endfacet
  facet normal 0 0 -1
    outer loop
      vertex -18.6164 27.3177 0
      vertex -18.6164 82.0893 0
      vertex -18.4624 82.1199 0
    endloop
  endfacet
  facet normal 0 0 -1
    outer loop
      vertex -18.773 27.328 0
      vertex -18.6164 82.0893 0
      vertex -18.6164 27.3177 0
    endloop
  endfacet
  facet normal 0 0 -1
    outer loop
      vertex -18.773 27.328 0
      vertex -18.773 82.079 0
      vertex -18.6164 82.0893 0
    endloop
  endfacet
  facet normal 0 0 -1
    outer loop
      vertex -18.9296 27.3177 0
      vertex -18.773 82.079 0
      vertex -18.773 27.328 0
    endloop
  endfacet
  facet normal 0 0 -1
    outer loop
      vertex -18.9296 27.3177 0
      vertex -18.9296 82.0893 0
      vertex -18.773 82.079 0
    endloop
  endfacet
  facet normal 0 0 -1
    outer loop
      vertex -19.0836 27.2871 0
      vertex -18.9296 82.0893 0
      vertex -18.9296 27.3177 0
    endloop
  endfacet
  facet normal 0 0 -1
    outer loop
      vertex -19.0836 27.2871 0
      vertex -19.0836 82.1199 0
      vertex -18.9296 82.0893 0
    endloop
  endfacet
  facet normal 0 0 -1
    outer loop
      vertex -19.2322 27.2367 0
      vertex -19.0836 82.1199 0
      vertex -19.0836 27.2871 0
    endloop
  endfacet
  facet normal 0 0 -1
    outer loop
      vertex -19.2322 27.2367 0
      vertex -19.2322 82.1703 0
      vertex -19.0836 82.1199 0
    endloop
  endfacet
  facet normal 0 0 -1
    outer loop
      vertex -19.373 27.1672 0
      vertex -19.2322 82.1703 0
      vertex -19.2322 27.2367 0
    endloop
  endfacet
  facet normal 0 0 -1
    outer loop
      vertex -19.373 27.1672 0
      vertex -19.373 82.2398 0
      vertex -19.2322 82.1703 0
    endloop
  endfacet
  facet normal 0 0 -1
    outer loop
      vertex -19.5035 27.08 0
      vertex -19.373 82.2398 0
      vertex -19.373 27.1672 0
    endloop
  endfacet
  facet normal 0 0 -1
    outer loop
      vertex -19.5035 27.08 0
      vertex -19.5035 82.327 0
      vertex -19.373 82.2398 0
    endloop
  endfacet
  facet normal 0 0 -1
    outer loop
      vertex -19.6215 26.9765 0
      vertex -19.5035 82.327 0
      vertex -19.5035 27.08 0
    endloop
  endfacet
  facet normal 0 0 -1
    outer loop
      vertex -19.6215 26.9765 0
      vertex -19.6215 82.4305 0
      vertex -19.5035 82.327 0
    endloop
  endfacet
  facet normal 0 0 -1
    outer loop
      vertex -19.725 26.8585 0
      vertex -19.6215 82.4305 0
      vertex -19.6215 26.9765 0
    endloop
  endfacet
  facet normal 0 0 -1
    outer loop
      vertex -19.725 26.8585 0
      vertex -19.725 82.5485 0
      vertex -19.6215 82.4305 0
    endloop
  endfacet
  facet normal -0 0 -1
    outer loop
      vertex -19.8817 25.6688 0
      vertex -33.9651 15.3487 0
      vertex -19.9321 25.8174 0
    endloop
  endfacet
  facet normal 0 0 -1
    outer loop
      vertex -34.15 15.4722 0
      vertex -19.9321 25.8174 0
      vertex -33.9651 15.3487 0
    endloop
  endfacet
  facet normal 0 0 -1
    outer loop
      vertex -33.9651 15.3487 0
      vertex -19.8817 25.6688 0
      vertex -33.7979 15.2021 0
    endloop
  endfacet
  facet normal -0 0 -1
    outer loop
      vertex -19.9321 25.8174 0
      vertex -34.15 15.4722 0
      vertex -19.9627 25.9714 0
    endloop
  endfacet
  facet normal -0 0 -1
    outer loop
      vertex -19.8122 25.528 0
      vertex -33.7979 15.2021 0
      vertex -19.8817 25.6688 0
    endloop
  endfacet
  facet normal 0 0 -1
    outer loop
      vertex -34.3494 15.5706 0
      vertex -19.9627 25.9714 0
      vertex -34.15 15.4722 0
    endloop
  endfacet
  facet normal 0 0 -1
    outer loop
      vertex -33.7979 15.2021 0
      vertex -19.8122 25.528 0
      vertex -33.6513 15.0349 0
    endloop
  endfacet
  facet normal 0 0 -1
    outer loop
      vertex -19.8122 82.679 0
      vertex -33.3 96 0
      vertex -19.8817 82.8198 0
    endloop
  endfacet
  facet normal -0 0 -1
    outer loop
      vertex -19.725 25.3975 0
      vertex -33.6513 15.0349 0
      vertex -19.8122 25.528 0
    endloop
  endfacet
  facet normal 0 0 -1
    outer loop
      vertex -19.8817 82.8198 0
      vertex -33.3 96 0
      vertex -19.9321 82.9684 0
    endloop
  endfacet
  facet normal 0 0 -1
    outer loop
      vertex -1 7.578 0
      vertex 0 8.578 0
      vertex -0.0149994 8.405 0
    endloop
  endfacet
  facet normal 0 0 -1
    outer loop
      vertex -17.5833 26.2846 0
      vertex 0 8.578 0
      vertex -17.573 26.128 0
    endloop
  endfacet
  facet normal 0 0 -1
    outer loop
      vertex -1 7.578 0
      vertex -0.0149994 8.405 0
      vertex -0.0599976 8.23601 0
    endloop
  endfacet
  facet normal 0 0 -1
    outer loop
      vertex -17.6139 26.4386 0
      vertex 0 8.578 0
      vertex -17.5833 26.2846 0
    endloop
  endfacet
  facet normal 0 0 -1
    outer loop
      vertex -1 7.578 0
      vertex -0.0599976 8.23601 0
      vertex -0.133987 8.078 0
    endloop
  endfacet
  facet normal 0 0 -1
    outer loop
      vertex -17.5833 83.4356 0
      vertex 0 100.829 0
      vertex -17.573 83.279 0
    endloop
  endfacet
  facet normal 0 0 -1
    outer loop
      vertex -1 7.578 0
      vertex -0.133987 8.078 0
      vertex -0.233994 7.93501 0
    endloop
  endfacet
  facet normal 0 0 -1
    outer loop
      vertex -17.6139 83.5896 0
      vertex 0 100.829 0
      vertex -17.5833 83.4356 0
    endloop
  endfacet
  facet normal 0 0 -1
    outer loop
      vertex -1 7.578 0
      vertex -0.233994 7.93501 0
      vertex -0.356995 7.81201 0
    endloop
  endfacet
  facet normal 0 0 -1
    outer loop
      vertex -17.6643 83.7382 0
      vertex 0 100.829 0
      vertex -17.6139 83.5896 0
    endloop
  endfacet
  facet normal 0 0 -1
    outer loop
      vertex -1 7.578 0
      vertex -0.356995 7.81201 0
      vertex -0.5 7.71201 0
    endloop
  endfacet
  facet normal 0 0 -1
    outer loop
      vertex -17.7338 83.879 0
      vertex 0 100.829 0
      vertex -17.6643 83.7382 0
    endloop
  endfacet
  facet normal 0 0 -1
    outer loop
      vertex -1 7.578 0
      vertex -0.5 7.71201 0
      vertex -0.65799 7.638 0
    endloop
  endfacet
  facet normal 0 0 -1
    outer loop
      vertex -17.821 84.0095 0
      vertex 0 100.829 0
      vertex -17.7338 83.879 0
    endloop
  endfacet
  facet normal 0 0 -1
    outer loop
      vertex -1 7.578 0
      vertex -0.65799 7.638 0
      vertex -0.825989 7.593 0
    endloop
  endfacet
  facet normal 0 0 -1
    outer loop
      vertex -17.9245 25.2795 0
      vertex 0 8.578 0
      vertex -1 7.578 0
    endloop
  endfacet
  facet normal 0 0 -1
    outer loop
      vertex -17.9245 84.1275 0
      vertex 0 100.829 0
      vertex -17.821 84.0095 0
    endloop
  endfacet
  facet normal 0 0 -1
    outer loop
      vertex 0 100.829 0
      vertex -1 101.829 0
      vertex -0.0189972 101.024 0
    endloop
  endfacet
  facet normal 0 0 -1
    outer loop
      vertex 0 8.578 0
      vertex -17.5833 25.9714 0
      vertex -17.573 26.128 0
    endloop
  endfacet
  facet normal 0 0 -1
    outer loop
      vertex 0 8.578 0
      vertex -17.6139 25.8174 0
      vertex -17.5833 25.9714 0
    endloop
  endfacet
  facet normal 0 0 -1
    outer loop
      vertex 0 8.578 0
      vertex -17.6643 25.6688 0
      vertex -17.6139 25.8174 0
    endloop
  endfacet
  facet normal 0 0 -1
    outer loop
      vertex 0 8.578 0
      vertex -17.7338 25.528 0
      vertex -17.6643 25.6688 0
    endloop
  endfacet
  facet normal 0 0 -1
    outer loop
      vertex 0 8.578 0
      vertex -17.821 25.3975 0
      vertex -17.7338 25.528 0
    endloop
  endfacet
  facet normal 0 0 -1
    outer loop
      vertex 0 8.578 0
      vertex -17.9245 25.2795 0
      vertex -17.821 25.3975 0
    endloop
  endfacet
  facet normal 0 0 -1
    outer loop
      vertex -1 7.578 0
      vertex -18.0425 25.176 0
      vertex -17.9245 25.2795 0
    endloop
  endfacet
  facet normal 0 0 -1
    outer loop
      vertex -1 7.578 0
      vertex -18.173 25.0888 0
      vertex -18.0425 25.176 0
    endloop
  endfacet
  facet normal 0 0 -1
    outer loop
      vertex -1 7.578 0
      vertex -18.3138 25.0193 0
      vertex -18.173 25.0888 0
    endloop
  endfacet
  facet normal 0 0 -1
    outer loop
      vertex -1 7.578 0
      vertex -18.4624 24.9689 0
      vertex -18.3138 25.0193 0
    endloop
  endfacet
  facet normal 0 0 -1
    outer loop
      vertex -1 7.578 0
      vertex -18.6164 24.9383 0
      vertex -18.4624 24.9689 0
    endloop
  endfacet
  facet normal 0 0 -1
    outer loop
      vertex -1 7.578 0
      vertex -18.773 24.928 0
      vertex -18.6164 24.9383 0
    endloop
  endfacet
  facet normal 0 0 -1
    outer loop
      vertex -33.3579 13.56 0
      vertex -18.773 24.928 0
      vertex -1 7.578 0
    endloop
  endfacet
  facet normal 0 -0 -1
    outer loop
      vertex -33.3145 13.7781 0
      vertex -18.773 24.928 0
      vertex -33.3579 13.56 0
    endloop
  endfacet
  facet normal -0 0 -1
    outer loop
      vertex -18.773 24.928 0
      vertex -33.3145 13.7781 0
      vertex -18.9296 24.9383 0
    endloop
  endfacet
  facet normal -0 0 -1
    outer loop
      vertex -18.9296 24.9383 0
      vertex -33.3145 13.7781 0
      vertex -19.0836 24.9689 0
    endloop
  endfacet
  facet normal 0 -0 -1
    outer loop
      vertex -33.3 14 0
      vertex -19.0836 24.9689 0
      vertex -33.3145 13.7781 0
    endloop
  endfacet
  facet normal -0 0 -1
    outer loop
      vertex -19.0836 24.9689 0
      vertex -33.3 14 0
      vertex -19.2322 25.0193 0
    endloop
  endfacet
  facet normal 0 0 -1
    outer loop
      vertex -19.9321 82.9684 0
      vertex -33.3 96 0
      vertex -19.9627 83.1224 0
    endloop
  endfacet
  facet normal 0 0 -1
    outer loop
      vertex -33.6513 15.0349 0
      vertex -19.725 25.3975 0
      vertex -33.5278 14.85 0
    endloop
  endfacet
  facet normal -0 0 -1
    outer loop
      vertex -19.6215 25.2795 0
      vertex -33.5278 14.85 0
      vertex -19.725 25.3975 0
    endloop
  endfacet
  facet normal 0 0 -1
    outer loop
      vertex -33.5278 14.85 0
      vertex -19.6215 25.2795 0
      vertex -33.4294 14.6506 0
    endloop
  endfacet
  facet normal -0 0 -1
    outer loop
      vertex -19.5035 25.176 0
      vertex -33.4294 14.6506 0
      vertex -19.6215 25.2795 0
    endloop
  endfacet
  facet normal 0 0 -1
    outer loop
      vertex -33.4294 14.6506 0
      vertex -19.5035 25.176 0
      vertex -33.3579 14.44 0
    endloop
  endfacet
  facet normal -0 0 -1
    outer loop
      vertex -19.373 25.0888 0
      vertex -33.3579 14.44 0
      vertex -19.5035 25.176 0
    endloop
  endfacet
  facet normal 0 0 -1
    outer loop
      vertex -33.3145 14.2219 0
      vertex -19.2322 25.0193 0
      vertex -33.3 14 0
    endloop
  endfacet
  facet normal 0 0 -1
    outer loop
      vertex -33.3579 14.44 0
      vertex -19.373 25.0888 0
      vertex -33.3145 14.2219 0
    endloop
  endfacet
  facet normal -0 0 -1
    outer loop
      vertex -19.2322 25.0193 0
      vertex -33.3145 14.2219 0
      vertex -19.373 25.0888 0
    endloop
  endfacet
  facet normal 0 0 -1
    outer loop
      vertex -1 7.578 0
      vertex -33.4294 13.3494 0
      vertex -33.3579 13.56 0
    endloop
  endfacet
  facet normal 0 0 -1
    outer loop
      vertex -1 7.578 0
      vertex -33.5278 13.15 0
      vertex -33.4294 13.3494 0
    endloop
  endfacet
  facet normal 0 0 -1
    outer loop
      vertex -1 7.578 0
      vertex -33.6513 12.9651 0
      vertex -33.5278 13.15 0
    endloop
  endfacet
  facet normal 0 0 -1
    outer loop
      vertex -1 7.578 0
      vertex -33.7979 12.7979 0
      vertex -33.6513 12.9651 0
    endloop
  endfacet
  facet normal 0 0 -1
    outer loop
      vertex -1 7.578 0
      vertex -33.9651 12.6513 0
      vertex -33.7979 12.7979 0
    endloop
  endfacet
  facet normal 0 0 -1
    outer loop
      vertex -1 7.578 0
      vertex -34.15 12.5278 0
      vertex -33.9651 12.6513 0
    endloop
  endfacet
  facet normal 0 0 -1
    outer loop
      vertex -1 7.578 0
      vertex -34.3494 12.4294 0
      vertex -34.15 12.5278 0
    endloop
  endfacet
  facet normal 0 0 -1
    outer loop
      vertex -1 7.578 0
      vertex -34.56 12.3579 0
      vertex -34.3494 12.4294 0
    endloop
  endfacet
  facet normal 0 0 -1
    outer loop
      vertex -1 7.578 0
      vertex -34.7781 12.3145 0
      vertex -34.56 12.3579 0
    endloop
  endfacet
  facet normal 0 0 -1
    outer loop
      vertex -1 7.578 0
      vertex -35 12.3 0
      vertex -34.7781 12.3145 0
    endloop
  endfacet
  facet normal 0 0 -1
    outer loop
      vertex -60.7417 8.9257 0
      vertex -35 12.3 0
      vertex -1 7.578 0
    endloop
  endfacet
  facet normal -0 0 -1
    outer loop
      vertex -35.6506 94.4294 0
      vertex -55.855 53.2182 0
      vertex -35.85 94.5278 0
    endloop
  endfacet
  facet normal 0 0 -1
    outer loop
      vertex -56.692 93.9408 0
      vertex -35.85 94.5278 0
      vertex -55.9958 53.2877 0
    endloop
  endfacet
  facet normal 0 0 -1
    outer loop
      vertex -56.1023 94.8234 0
      vertex -36.0349 94.6513 0
      vertex -35.85 94.5278 0
    endloop
  endfacet
  facet normal 0 0 -1
    outer loop
      vertex -56.1023 94.8234 0
      vertex -36.2021 94.7979 0
      vertex -36.0349 94.6513 0
    endloop
  endfacet
  facet normal 0 0 -1
    outer loop
      vertex -56.1023 94.8234 0
      vertex -36.3487 94.9651 0
      vertex -36.2021 94.7979 0
    endloop
  endfacet
  facet normal 0 0 -1
    outer loop
      vertex -56.1023 94.8234 0
      vertex -36.4722 95.15 0
      vertex -36.3487 94.9651 0
    endloop
  endfacet
  facet normal 0 0 -1
    outer loop
      vertex -56.1023 94.8234 0
      vertex -36.6421 95.56 0
      vertex -36.5706 95.3494 0
    endloop
  endfacet
  facet normal 0 0 -1
    outer loop
      vertex -56.1023 94.8234 0
      vertex -36.6855 95.7781 0
      vertex -36.6421 95.56 0
    endloop
  endfacet
  facet normal 0 0 -1
    outer loop
      vertex -56.1023 95.1366 0
      vertex -36.7 96 0
      vertex -56.092 94.98 0
    endloop
  endfacet
  facet normal 0 0 -1
    outer loop
      vertex -39.101 108.83 0
      vertex -38.101 107.83 0
      vertex -38.101 102.83 0
    endloop
  endfacet
  facet normal 0 0 -1
    outer loop
      vertex -38.101 107.83 0
      vertex -39.101 108.83 0
      vertex -38.116 108.003 0
    endloop
  endfacet
  facet normal 0 0 -1
    outer loop
      vertex -38.116 108.003 0
      vertex -39.101 108.83 0
      vertex -38.161 108.172 0
    endloop
  endfacet
  facet normal 0 0 -1
    outer loop
      vertex -36.7 96 0
      vertex -37.296 101.849 0
      vertex -37.101 101.829 0
    endloop
  endfacet
  facet normal 0 0 -1
    outer loop
      vertex -36.7 96 0
      vertex -37.483 101.906 0
      vertex -37.296 101.849 0
    endloop
  endfacet
  facet normal 0 0 -1
    outer loop
      vertex -36.7 96 0
      vertex -37.808 102.122 0
      vertex -37.656 101.998 0
    endloop
  endfacet
  facet normal 0 0 -1
    outer loop
      vertex -36.7 96 0
      vertex -37.932 102.274 0
      vertex -37.808 102.122 0
    endloop
  endfacet
  facet normal 0 0 -1
    outer loop
      vertex -56.1329 95.2906 0
      vertex -36.7 96 0
      vertex -56.1023 95.1366 0
    endloop
  endfacet
  facet normal -0 0 -1
    outer loop
      vertex -36.7 96 0
      vertex -56.1329 95.2906 0
      vertex -37.932 102.274 0
    endloop
  endfacet
  facet normal 0 0 -1
    outer loop
      vertex -56.1833 95.4392 0
      vertex -38.024 102.447 0
      vertex -56.1329 95.2906 0
    endloop
  endfacet
  facet normal 0 0 -1
    outer loop
      vertex -55.9958 53.2877 0
      vertex -35.85 94.5278 0
      vertex -55.855 53.2182 0
    endloop
  endfacet
  facet normal -0 0 -1
    outer loop
      vertex -36.6421 13.56 0
      vertex -59.716 10.4607 0
      vertex -36.6855 13.7781 0
    endloop
  endfacet
  facet normal 0 0 -1
    outer loop
      vertex -59.716 10.4607 0
      vertex -36.6421 13.56 0
      vertex -59.704 10.278 0
    endloop
  endfacet
  facet normal 0 0 -1
    outer loop
      vertex -59.704 10.278 0
      vertex -36.6421 13.56 0
      vertex -36.5706 13.3494 0
    endloop
  endfacet
  facet normal 0 0 -1
    outer loop
      vertex -19.725 26.8585 0
      vertex -55.2653 52.3356 0
      vertex -19.725 82.5485 0
    endloop
  endfacet
  facet normal 0 0 -1
    outer loop
      vertex -19.725 26.8585 0
      vertex -55.2959 51.8684 0
      vertex -55.2653 52.0224 0
    endloop
  endfacet
  facet normal 0 0 -1
    outer loop
      vertex -19.725 26.8585 0
      vertex -55.3463 51.7198 0
      vertex -55.2959 51.8684 0
    endloop
  endfacet
  facet normal 0 0 -1
    outer loop
      vertex -19.725 26.8585 0
      vertex -55.4158 51.579 0
      vertex -55.3463 51.7198 0
    endloop
  endfacet
  facet normal 0 0 -1
    outer loop
      vertex -19.725 26.8585 0
      vertex -55.503 51.4485 0
      vertex -55.4158 51.579 0
    endloop
  endfacet
  facet normal 0 0 -1
    outer loop
      vertex -59.716 10.0953 0
      vertex -36.5706 13.3494 0
      vertex -36.4722 13.15 0
    endloop
  endfacet
  facet normal 0 0 -1
    outer loop
      vertex -35.2219 15.6855 0
      vertex -55.6065 51.3305 0
      vertex -55.503 51.4485 0
    endloop
  endfacet
  facet normal 0 0 -1
    outer loop
      vertex -35.44 15.6421 0
      vertex -59.8106 26.8138 0
      vertex -55.6065 51.3305 0
    endloop
  endfacet
  facet normal 0 0 -1
    outer loop
      vertex -59.8916 26.978 0
      vertex -55.6065 51.3305 0
      vertex -59.8106 26.8138 0
    endloop
  endfacet
  facet normal 0 0 -1
    outer loop
      vertex -55.6065 51.3305 0
      vertex -59.8916 26.978 0
      vertex -55.7245 51.227 0
    endloop
  endfacet
  facet normal 0 0 -1
    outer loop
      vertex -59.9933 27.1303 0
      vertex -55.7245 51.227 0
      vertex -59.8916 26.978 0
    endloop
  endfacet
  facet normal 0 0 -1
    outer loop
      vertex -55.7245 51.227 0
      vertex -59.9933 27.1303 0
      vertex -55.855 51.1398 0
    endloop
  endfacet
  facet normal 0 0 -1
    outer loop
      vertex -60.1141 27.2679 0
      vertex -55.855 51.1398 0
      vertex -59.9933 27.1303 0
    endloop
  endfacet
  facet normal 0 0 -1
    outer loop
      vertex -55.855 51.1398 0
      vertex -60.1141 27.2679 0
      vertex -55.9958 51.0703 0
    endloop
  endfacet
  facet normal 0 0 -1
    outer loop
      vertex -60.2517 27.3887 0
      vertex -55.9958 51.0703 0
      vertex -60.1141 27.2679 0
    endloop
  endfacet
  facet normal 0 0 -1
    outer loop
      vertex -55.9958 51.0703 0
      vertex -60.2517 27.3887 0
      vertex -56.1444 51.0199 0
    endloop
  endfacet
  facet normal 0 0 -1
    outer loop
      vertex -60.404 27.4904 0
      vertex -56.1444 51.0199 0
      vertex -60.2517 27.3887 0
    endloop
  endfacet
  facet normal 0 0 -1
    outer loop
      vertex -56.1444 51.0199 0
      vertex -60.404 27.4904 0
      vertex -56.2984 50.9893 0
    endloop
  endfacet
  facet normal 0 0 -1
    outer loop
      vertex -60.5682 27.5714 0
      vertex -56.2984 50.9893 0
      vertex -60.404 27.4904 0
    endloop
  endfacet
  facet normal 0 0 -1
    outer loop
      vertex -56.2984 50.9893 0
      vertex -60.5682 27.5714 0
      vertex -56.455 50.979 0
    endloop
  endfacet
  facet normal 0 0 -1
    outer loop
      vertex -60.7417 27.6303 0
      vertex -56.455 50.979 0
      vertex -60.5682 27.5714 0
    endloop
  endfacet
  facet normal 0 0 -1
    outer loop
      vertex -57.055 53.2182 0
      vertex -57.892 93.9408 0
      vertex -57.7512 93.8713 0
    endloop
  endfacet
  facet normal 0 0 -1
    outer loop
      vertex -57.1855 53.131 0
      vertex -58.0225 94.028 0
      vertex -57.892 93.9408 0
    endloop
  endfacet
  facet normal 0 0 -1
    outer loop
      vertex -57.1855 53.131 0
      vertex -93.7075 91.6305 0
      vertex -58.0225 94.028 0
    endloop
  endfacet
  facet normal -0 0 -1
    outer loop
      vertex -58.0225 94.028 0
      vertex -93.7075 91.6305 0
      vertex -58.1405 94.1315 0
    endloop
  endfacet
  facet normal 0 -0 -1
    outer loop
      vertex -93.604 91.7485 0
      vertex -58.1405 94.1315 0
      vertex -93.7075 91.6305 0
    endloop
  endfacet
  facet normal -0 0 -1
    outer loop
      vertex -58.1405 94.1315 0
      vertex -93.604 91.7485 0
      vertex -58.244 94.2495 0
    endloop
  endfacet
  facet normal 0 -0 -1
    outer loop
      vertex -93.5168 91.879 0
      vertex -58.244 94.2495 0
      vertex -93.604 91.7485 0
    endloop
  endfacet
  facet normal -0 0 -1
    outer loop
      vertex -58.244 94.2495 0
      vertex -93.5168 91.879 0
      vertex -58.3312 94.38 0
    endloop
  endfacet
  facet normal 0 -0 -1
    outer loop
      vertex -93.4473 92.0198 0
      vertex -58.3312 94.38 0
      vertex -93.5168 91.879 0
    endloop
  endfacet
  facet normal 0 0 -1
    outer loop
      vertex -60.9213 27.666 0
      vertex -56.6116 50.9893 0
      vertex -60.7417 27.6303 0
    endloop
  endfacet
  facet normal -0 0 -1
    outer loop
      vertex -56.455 50.979 0
      vertex -60.7417 27.6303 0
      vertex -56.6116 50.9893 0
    endloop
  endfacet
  facet normal 0 0 -1
    outer loop
      vertex -35.6506 15.5706 0
      vertex -59.7517 26.6403 0
      vertex -59.8106 26.8138 0
    endloop
  endfacet
  facet normal 0 0 -1
    outer loop
      vertex -35.85 15.4722 0
      vertex -59.716 26.4607 0
      vertex -59.7517 26.6403 0
    endloop
  endfacet
  facet normal 0 0 -1
    outer loop
      vertex -36.0349 15.3487 0
      vertex -59.704 26.278 0
      vertex -59.716 26.4607 0
    endloop
  endfacet
  facet normal 0 0 -1
    outer loop
      vertex -59.8106 10.8138 0
      vertex -36.7 14 0
      vertex -59.7517 10.6403 0
    endloop
  endfacet
  facet normal 0 0 -1
    outer loop
      vertex -59.7517 9.91565 0
      vertex -36.4722 13.15 0
      vertex -36.3487 12.9651 0
    endloop
  endfacet
  facet normal 0 0 -1
    outer loop
      vertex -59.8106 9.74224 0
      vertex -36.3487 12.9651 0
      vertex -36.2021 12.7979 0
    endloop
  endfacet
  facet normal 0 0 -1
    outer loop
      vertex -59.8916 9.578 0
      vertex -36.2021 12.7979 0
      vertex -36.0349 12.6513 0
    endloop
  endfacet
  facet normal 0 0 -1
    outer loop
      vertex -59.9933 9.42573 0
      vertex -36.0349 12.6513 0
      vertex -35.85 12.5278 0
    endloop
  endfacet
  facet normal 0 0 -1
    outer loop
      vertex -60.1141 9.28805 0
      vertex -35.85 12.5278 0
      vertex -35.6506 12.4294 0
    endloop
  endfacet
  facet normal 0 0 -1
    outer loop
      vertex -60.2517 9.1673 0
      vertex -35.6506 12.4294 0
      vertex -35.44 12.3579 0
    endloop
  endfacet
  facet normal 0 0 -1
    outer loop
      vertex -60.404 9.06556 0
      vertex -35.44 12.3579 0
      vertex -35.2219 12.3145 0
    endloop
  endfacet
  facet normal -0 0 -1
    outer loop
      vertex -35 12.3 0
      vertex -60.7417 8.9257 0
      vertex -35.2219 12.3145 0
    endloop
  endfacet
  facet normal 0 0 -1
    outer loop
      vertex -36.5706 13.3494 0
      vertex -59.716 10.0953 0
      vertex -59.704 10.278 0
    endloop
  endfacet
  facet normal 0 0 -1
    outer loop
      vertex -36.4722 13.15 0
      vertex -59.7517 9.91565 0
      vertex -59.716 10.0953 0
    endloop
  endfacet
  facet normal 0 0 -1
    outer loop
      vertex -36.3487 12.9651 0
      vertex -59.8106 9.74224 0
      vertex -59.7517 9.91565 0
    endloop
  endfacet
  facet normal 0 0 -1
    outer loop
      vertex -36.2021 12.7979 0
      vertex -59.8916 9.578 0
      vertex -59.8106 9.74224 0
    endloop
  endfacet
  facet normal 0 0 -1
    outer loop
      vertex -36.0349 12.6513 0
      vertex -59.9933 9.42573 0
      vertex -59.8916 9.578 0
    endloop
  endfacet
  facet normal 0 0 -1
    outer loop
      vertex -35.85 12.5278 0
      vertex -60.1141 9.28805 0
      vertex -59.9933 9.42573 0
    endloop
  endfacet
  facet normal 0 0 -1
    outer loop
      vertex -35.6506 12.4294 0
      vertex -60.2517 9.1673 0
      vertex -60.1141 9.28805 0
    endloop
  endfacet
  facet normal 0 0 -1
    outer loop
      vertex -35.44 12.3579 0
      vertex -60.404 9.06556 0
      vertex -60.2517 9.1673 0
    endloop
  endfacet
  facet normal 0 0 -1
    outer loop
      vertex -35.2219 12.3145 0
      vertex -60.5682 8.98457 0
      vertex -60.404 9.06556 0
    endloop
  endfacet
  facet normal 0 0 -1
    outer loop
      vertex -35.2219 12.3145 0
      vertex -60.7417 8.9257 0
      vertex -60.5682 8.98457 0
    endloop
  endfacet
  facet normal 0 0 -1
    outer loop
      vertex -1 7.578 0
      vertex -60.9213 8.88998 0
      vertex -60.7417 8.9257 0
    endloop
  endfacet
  facet normal 0 0 -1
    outer loop
      vertex -70.469 7.578 0
      vertex -60.9213 8.88998 0
      vertex -1 7.578 0
    endloop
  endfacet
  facet normal -0 0 -1
    outer loop
      vertex -62.0939 25.288 0
      vertex -67.2009 21.9306 0
      vertex -62.2147 25.4257 0
    endloop
  endfacet
  facet normal 0 0 -1
    outer loop
      vertex -68.961 13.0818 0
      vertex -62.504 10.278 0
      vertex -62.492 10.0953 0
    endloop
  endfacet
  facet normal 0 0 -1
    outer loop
      vertex -70.469 7.578 0
      vertex -62.492 10.0953 0
      vertex -62.4563 9.91565 0
    endloop
  endfacet
  facet normal 0 0 -1
    outer loop
      vertex -70.469 7.578 0
      vertex -62.4563 9.91565 0
      vertex -62.3974 9.74224 0
    endloop
  endfacet
  facet normal 0 0 -1
    outer loop
      vertex -60.9213 11.666 0
      vertex -66.0123 17.4948 0
      vertex -65.961 18.278 0
    endloop
  endfacet
  facet normal 0 0 -1
    outer loop
      vertex -61.2867 11.666 0
      vertex -66.1654 16.7251 0
      vertex -66.0123 17.4948 0
    endloop
  endfacet
  facet normal 0 0 -1
    outer loop
      vertex -70.469 7.578 0
      vertex -62.3974 9.74224 0
      vertex -62.3164 9.578 0
    endloop
  endfacet
  facet normal 0 0 -1
    outer loop
      vertex -61.6398 11.5714 0
      vertex -66.4177 15.9819 0
      vertex -66.1654 16.7251 0
    endloop
  endfacet
  facet normal 0 0 -1
    outer loop
      vertex -61.804 11.4904 0
      vertex -66.7648 15.278 0
      vertex -66.4177 15.9819 0
    endloop
  endfacet
  facet normal 0 0 -1
    outer loop
      vertex -70.469 7.578 0
      vertex -62.3164 9.578 0
      vertex -62.2147 9.42573 0
    endloop
  endfacet
  facet normal 0 0 -1
    outer loop
      vertex -62.0939 11.2679 0
      vertex -67.2009 14.6254 0
      vertex -66.7648 15.278 0
    endloop
  endfacet
  facet normal 0 0 -1
    outer loop
      vertex -70.469 7.578 0
      vertex -62.2147 9.42573 0
      vertex -62.0939 9.28805 0
    endloop
  endfacet
  facet normal 0 0 -1
    outer loop
      vertex -62.3974 10.8138 0
      vertex -67.7184 14.0354 0
      vertex -67.2009 14.6254 0
    endloop
  endfacet
  facet normal 0 0 -1
    outer loop
      vertex -70.469 7.578 0
      vertex -62.0939 9.28805 0
      vertex -61.9563 9.1673 0
    endloop
  endfacet
  facet normal 0 0 -1
    outer loop
      vertex -62.492 10.4607 0
      vertex -68.3084 13.5179 0
      vertex -67.7184 14.0354 0
    endloop
  endfacet
  facet normal 0 0 -1
    outer loop
      vertex -62.504 10.278 0
      vertex -68.961 13.0818 0
      vertex -68.3084 13.5179 0
    endloop
  endfacet
  facet normal 0 0 -1
    outer loop
      vertex -70.469 7.578 0
      vertex -61.9563 9.1673 0
      vertex -61.804 9.06556 0
    endloop
  endfacet
  facet normal -0 0 -1
    outer loop
      vertex -62.492 10.0953 0
      vertex -70.469 7.578 0
      vertex -68.961 13.0818 0
    endloop
  endfacet
  facet normal 0 0 -1
    outer loop
      vertex -70.469 7.578 0
      vertex -61.804 9.06556 0
      vertex -61.6398 8.98457 0
    endloop
  endfacet
  facet normal 0 0 -1
    outer loop
      vertex -68.961 13.0818 0
      vertex -70.469 7.578 0
      vertex -69.6649 12.7347 0
    endloop
  endfacet
  facet normal 0 0 -1
    outer loop
      vertex -60.9213 8.88998 0
      vertex -70.469 7.578 0
      vertex -61.104 8.878 0
    endloop
  endfacet
  facet normal 0 0 -1
    outer loop
      vertex -70.469 7.578 0
      vertex -61.2867 8.88998 0
      vertex -61.104 8.878 0
    endloop
  endfacet
  facet normal 0 0 -1
    outer loop
      vertex -70.469 7.578 0
      vertex -61.4663 8.9257 0
      vertex -61.2867 8.88998 0
    endloop
  endfacet
  facet normal 0 0 -1
    outer loop
      vertex -70.469 7.578 0
      vertex -61.6398 8.98457 0
      vertex -61.4663 8.9257 0
    endloop
  endfacet
  facet normal 0 0 -1
    outer loop
      vertex -69.6649 12.7347 0
      vertex -70.469 7.578 0
      vertex -70.4081 12.4824 0
    endloop
  endfacet
  facet normal 0 0 -1
    outer loop
      vertex -70.469 7.578 0
      vertex -71.1778 12.3293 0
      vertex -70.4081 12.4824 0
    endloop
  endfacet
  facet normal 0 0 -1
    outer loop
      vertex -71.227 7.65001 0
      vertex -71.1778 12.3293 0
      vertex -70.469 7.578 0
    endloop
  endfacet
  facet normal 0 0 -1
    outer loop
      vertex -71.227 7.65001 0
      vertex -71.961 12.278 0
      vertex -71.1778 12.3293 0
    endloop
  endfacet
  facet normal 0 0 -1
    outer loop
      vertex -71.227 7.65001 0
      vertex -72.7442 12.3293 0
      vertex -71.961 12.278 0
    endloop
  endfacet
  facet normal 0 0 -1
    outer loop
      vertex -71.227 7.65001 0
      vertex -73.5139 12.4824 0
      vertex -72.7442 12.3293 0
    endloop
  endfacet
  facet normal 0 0 -1
    outer loop
      vertex -71.227 7.65001 0
      vertex -74.2571 12.7347 0
      vertex -73.5139 12.4824 0
    endloop
  endfacet
  facet normal 0 0 -1
    outer loop
      vertex -80.812 9.49901 0
      vertex -74.2571 12.7347 0
      vertex -71.227 7.65001 0
    endloop
  endfacet
  facet normal -0 0 -1
    outer loop
      vertex -74.2571 12.7347 0
      vertex -80.812 9.49901 0
      vertex -74.961 13.0818 0
    endloop
  endfacet
  facet normal -0 0 -1
    outer loop
      vertex -74.961 13.0818 0
      vertex -80.812 9.49901 0
      vertex -75.6136 13.5179 0
    endloop
  endfacet
  facet normal -0 0 -1
    outer loop
      vertex -75.6136 13.5179 0
      vertex -80.812 9.49901 0
      vertex -76.2036 14.0354 0
    endloop
  endfacet
  facet normal -0 0 -1
    outer loop
      vertex -77.7566 16.7251 0
      vertex -81.588 9.57201 0
      vertex -77.9097 17.4948 0
    endloop
  endfacet
  facet normal -0 0 -1
    outer loop
      vertex -77.5043 15.9819 0
      vertex -81.588 9.57201 0
      vertex -77.7566 16.7251 0
    endloop
  endfacet
  facet normal -0 0 -1
    outer loop
      vertex -77.1572 15.278 0
      vertex -81.588 9.57201 0
      vertex -77.5043 15.9819 0
    endloop
  endfacet
  facet normal 0 0 -1
    outer loop
      vertex -81.588 9.57201 0
      vertex -77.1572 15.278 0
      vertex -80.812 9.49901 0
    endloop
  endfacet
  facet normal -0 0 -1
    outer loop
      vertex -76.7211 14.6254 0
      vertex -80.812 9.49901 0
      vertex -77.1572 15.278 0
    endloop
  endfacet
  facet normal -0 0 -1
    outer loop
      vertex -76.2036 14.0354 0
      vertex -80.812 9.49901 0
      vertex -76.7211 14.6254 0
    endloop
  endfacet
  facet normal 0 0 -1
    outer loop
      vertex -0.167999 101.385 0
      vertex -1 101.829 0
      vertex -0.292999 101.537 0
    endloop
  endfacet
  facet normal 0 0 -1
    outer loop
      vertex -0.616989 101.753 0
      vertex -1 101.829 0
      vertex -0.804993 101.81 0
    endloop
  endfacet
  facet normal 0 0 -1
    outer loop
      vertex -0.444992 101.661 0
      vertex -1 101.829 0
      vertex -0.616989 101.753 0
    endloop
  endfacet
  facet normal 0 0 -1
    outer loop
      vertex -0.292999 101.537 0
      vertex -1 101.829 0
      vertex -0.444992 101.661 0
    endloop
  endfacet
  facet normal 0 0 -1
    outer loop
      vertex -0.0759888 101.213 0
      vertex -1 101.829 0
      vertex -0.167999 101.385 0
    endloop
  endfacet
  facet normal 0 0 -1
    outer loop
      vertex -0.0189972 101.024 0
      vertex -1 101.829 0
      vertex -0.0759888 101.213 0
    endloop
  endfacet
  facet normal -0 0 -1
    outer loop
      vertex 0 100.829 0
      vertex -17.9245 84.1275 0
      vertex -1 101.829 0
    endloop
  endfacet
  facet normal 0 0 -1
    outer loop
      vertex -18.0425 84.231 0
      vertex -1 101.829 0
      vertex -17.9245 84.1275 0
    endloop
  endfacet
  facet normal 0 0 -1
    outer loop
      vertex -18.173 84.3182 0
      vertex -1 101.829 0
      vertex -18.0425 84.231 0
    endloop
  endfacet
  facet normal 0 0 -1
    outer loop
      vertex -18.3138 84.3877 0
      vertex -1 101.829 0
      vertex -18.173 84.3182 0
    endloop
  endfacet
  facet normal 0 0 -1
    outer loop
      vertex -18.4624 84.4381 0
      vertex -1 101.829 0
      vertex -18.3138 84.3877 0
    endloop
  endfacet
  facet normal 0 0 -1
    outer loop
      vertex -18.6164 84.4687 0
      vertex -1 101.829 0
      vertex -18.4624 84.4381 0
    endloop
  endfacet
  facet normal 0 0 -1
    outer loop
      vertex -18.773 84.479 0
      vertex -1 101.829 0
      vertex -18.6164 84.4687 0
    endloop
  endfacet
  facet normal 0 0 -1
    outer loop
      vertex -33.3145 96.2219 0
      vertex -18.773 84.479 0
      vertex -18.9296 84.4687 0
    endloop
  endfacet
  facet normal 0 0 -1
    outer loop
      vertex -33.3 96 0
      vertex -18.9296 84.4687 0
      vertex -19.0836 84.4381 0
    endloop
  endfacet
  facet normal 0 0 -1
    outer loop
      vertex -33.3 96 0
      vertex -19.0836 84.4381 0
      vertex -19.2322 84.3877 0
    endloop
  endfacet
  facet normal 0 0 -1
    outer loop
      vertex -33.3 96 0
      vertex -19.2322 84.3877 0
      vertex -19.373 84.3182 0
    endloop
  endfacet
  facet normal 0 0 -1
    outer loop
      vertex -33.3 96 0
      vertex -19.373 84.3182 0
      vertex -19.5035 84.231 0
    endloop
  endfacet
  facet normal 0 0 -1
    outer loop
      vertex -33.3 96 0
      vertex -19.5035 84.231 0
      vertex -19.6215 84.1275 0
    endloop
  endfacet
  facet normal 0 0 -1
    outer loop
      vertex -19.9627 83.1224 0
      vertex -33.3 96 0
      vertex -19.973 83.279 0
    endloop
  endfacet
  facet normal 0 0 -1
    outer loop
      vertex -19.973 83.279 0
      vertex -33.3 96 0
      vertex -19.9627 83.4356 0
    endloop
  endfacet
  facet normal 0 0 -1
    outer loop
      vertex -33.3 96 0
      vertex -19.9321 83.5896 0
      vertex -19.9627 83.4356 0
    endloop
  endfacet
  facet normal 0 0 -1
    outer loop
      vertex -33.3 96 0
      vertex -19.8817 83.7382 0
      vertex -19.9321 83.5896 0
    endloop
  endfacet
  facet normal 0 0 -1
    outer loop
      vertex -33.3 96 0
      vertex -19.8122 83.879 0
      vertex -19.8817 83.7382 0
    endloop
  endfacet
  facet normal 0 0 -1
    outer loop
      vertex -33.3 96 0
      vertex -19.725 84.0095 0
      vertex -19.8122 83.879 0
    endloop
  endfacet
  facet normal 0 0 -1
    outer loop
      vertex -33.3 96 0
      vertex -19.6215 84.1275 0
      vertex -19.725 84.0095 0
    endloop
  endfacet
  facet normal 0 0 -1
    outer loop
      vertex -18.9296 84.4687 0
      vertex -33.3 96 0
      vertex -33.3145 96.2219 0
    endloop
  endfacet
  facet normal 0 0 -1
    outer loop
      vertex -18.773 84.479 0
      vertex -33.3145 96.2219 0
      vertex -33.3579 96.44 0
    endloop
  endfacet
  facet normal 0 0 -1
    outer loop
      vertex -18.773 84.479 0
      vertex -33.3579 96.44 0
      vertex -1 101.829 0
    endloop
  endfacet
  facet normal 0 0 -1
    outer loop
      vertex -33.4294 96.6506 0
      vertex -1 101.829 0
      vertex -33.3579 96.44 0
    endloop
  endfacet
  facet normal 0 0 -1
    outer loop
      vertex -33.5278 96.85 0
      vertex -1 101.829 0
      vertex -33.4294 96.6506 0
    endloop
  endfacet
  facet normal 0 0 -1
    outer loop
      vertex -33.6513 97.0349 0
      vertex -1 101.829 0
      vertex -33.5278 96.85 0
    endloop
  endfacet
  facet normal 0 0 -1
    outer loop
      vertex -33.7979 97.2021 0
      vertex -1 101.829 0
      vertex -33.6513 97.0349 0
    endloop
  endfacet
  facet normal 0 0 -1
    outer loop
      vertex -37.101 101.829 0
      vertex -33.7979 97.2021 0
      vertex -33.9651 97.3487 0
    endloop
  endfacet
  facet normal 0 0 -1
    outer loop
      vertex -37.101 101.829 0
      vertex -33.9651 97.3487 0
      vertex -34.15 97.4722 0
    endloop
  endfacet
  facet normal 0 0 -1
    outer loop
      vertex -37.101 101.829 0
      vertex -34.15 97.4722 0
      vertex -34.3494 97.5706 0
    endloop
  endfacet
  facet normal 0 0 -1
    outer loop
      vertex -37.101 101.829 0
      vertex -34.3494 97.5706 0
      vertex -34.56 97.6421 0
    endloop
  endfacet
  facet normal 0 0 -1
    outer loop
      vertex -37.101 101.829 0
      vertex -34.56 97.6421 0
      vertex -34.7781 97.6855 0
    endloop
  endfacet
  facet normal 0 0 -1
    outer loop
      vertex -37.101 101.829 0
      vertex -34.7781 97.6855 0
      vertex -35 97.7 0
    endloop
  endfacet
  facet normal 0 0 -1
    outer loop
      vertex -37.101 101.829 0
      vertex -35 97.7 0
      vertex -35.2219 97.6855 0
    endloop
  endfacet
  facet normal 0 0 -1
    outer loop
      vertex -33.7979 97.2021 0
      vertex -37.101 101.829 0
      vertex -1 101.829 0
    endloop
  endfacet
  facet normal 0 0 -1
    outer loop
      vertex -35.44 97.6421 0
      vertex -37.101 101.829 0
      vertex -35.2219 97.6855 0
    endloop
  endfacet
  facet normal 0 0 -1
    outer loop
      vertex -35.6506 97.5706 0
      vertex -37.101 101.829 0
      vertex -35.44 97.6421 0
    endloop
  endfacet
  facet normal 0 0 -1
    outer loop
      vertex -35.85 97.4722 0
      vertex -37.101 101.829 0
      vertex -35.6506 97.5706 0
    endloop
  endfacet
  facet normal 0 0 -1
    outer loop
      vertex -36.0349 97.3487 0
      vertex -37.101 101.829 0
      vertex -35.85 97.4722 0
    endloop
  endfacet
  facet normal 0 0 -1
    outer loop
      vertex -36.2021 97.2021 0
      vertex -37.101 101.829 0
      vertex -36.0349 97.3487 0
    endloop
  endfacet
  facet normal 0 0 -1
    outer loop
      vertex -36.3487 97.0349 0
      vertex -37.101 101.829 0
      vertex -36.2021 97.2021 0
    endloop
  endfacet
  facet normal 0 0 -1
    outer loop
      vertex -36.4722 96.85 0
      vertex -37.101 101.829 0
      vertex -36.3487 97.0349 0
    endloop
  endfacet
  facet normal 0 0 -1
    outer loop
      vertex -36.5706 96.6506 0
      vertex -37.101 101.829 0
      vertex -36.4722 96.85 0
    endloop
  endfacet
  facet normal 0 0 -1
    outer loop
      vertex -36.6421 96.44 0
      vertex -37.101 101.829 0
      vertex -36.5706 96.6506 0
    endloop
  endfacet
  facet normal 0 0 -1
    outer loop
      vertex -36.6855 96.2219 0
      vertex -37.101 101.829 0
      vertex -36.6421 96.44 0
    endloop
  endfacet
  facet normal 0 0 -1
    outer loop
      vertex -37.101 101.829 0
      vertex -36.6855 96.2219 0
      vertex -36.7 96 0
    endloop
  endfacet
  facet normal -0 0 -1
    outer loop
      vertex -38.024 102.447 0
      vertex -56.1833 95.4392 0
      vertex -38.081 102.635 0
    endloop
  endfacet
  facet normal 0 0 -1
    outer loop
      vertex -56.2528 95.58 0
      vertex -38.081 102.635 0
      vertex -56.1833 95.4392 0
    endloop
  endfacet
  facet normal -0 -0 -1
    outer loop
      vertex -38.458 108.595 0
      vertex -38.235 108.33 0
      vertex -39.101 108.83 0
    endloop
  endfacet
  facet normal -0 -0 -1
    outer loop
      vertex -38.758 108.769 0
      vertex -38.458 108.595 0
      vertex -39.101 108.83 0
    endloop
  endfacet
  facet normal 0 0 -1
    outer loop
      vertex -38.458 108.595 0
      vertex -38.758 108.769 0
      vertex -38.6 108.696 0
    endloop
  endfacet
  facet normal -0 0 -1
    outer loop
      vertex -37.932 102.274 0
      vertex -56.1329 95.2906 0
      vertex -38.024 102.447 0
    endloop
  endfacet
  facet normal 0 0 -1
    outer loop
      vertex -36.7 96 0
      vertex -37.656 101.998 0
      vertex -37.483 101.906 0
    endloop
  endfacet
  facet normal -0 0 -1
    outer loop
      vertex -36.6855 95.7781 0
      vertex -56.092 94.98 0
      vertex -36.7 96 0
    endloop
  endfacet
  facet normal 0 0 -1
    outer loop
      vertex -56.1023 94.8234 0
      vertex -36.5706 95.3494 0
      vertex -36.4722 95.15 0
    endloop
  endfacet
  facet normal 0 0 -1
    outer loop
      vertex -38.758 108.769 0
      vertex -39.101 108.83 0
      vertex -38.927 108.815 0
    endloop
  endfacet
  facet normal 0 0 -1
    outer loop
      vertex -38.235 108.33 0
      vertex -38.458 108.595 0
      vertex -38.334 108.473 0
    endloop
  endfacet
  facet normal 0 0 -1
    outer loop
      vertex -38.161 108.172 0
      vertex -39.101 108.83 0
      vertex -38.235 108.33 0
    endloop
  endfacet
  facet normal 0 0 -1
    outer loop
      vertex -56.34 95.7105 0
      vertex -38.081 102.635 0
      vertex -56.2528 95.58 0
    endloop
  endfacet
  facet normal -0 0 -1
    outer loop
      vertex -38.081 102.635 0
      vertex -56.34 95.7105 0
      vertex -38.101 102.83 0
    endloop
  endfacet
  facet normal 0 -0 -1
    outer loop
      vertex -56.151 108.83 0
      vertex -38.101 102.83 0
      vertex -56.34 95.7105 0
    endloop
  endfacet
  facet normal 0 0 -1
    outer loop
      vertex -38.101 102.83 0
      vertex -56.151 108.83 0
      vertex -39.101 108.83 0
    endloop
  endfacet
  facet normal 0 0 -1
    outer loop
      vertex -56.4435 95.8285 0
      vertex -56.151 108.83 0
      vertex -56.34 95.7105 0
    endloop
  endfacet
  facet normal 0 0 -1
    outer loop
      vertex -56.5615 95.932 0
      vertex -56.151 108.83 0
      vertex -56.4435 95.8285 0
    endloop
  endfacet
  facet normal 0 0 -1
    outer loop
      vertex -56.692 96.0192 0
      vertex -56.151 108.83 0
      vertex -56.5615 95.932 0
    endloop
  endfacet
  facet normal 0 0 -1
    outer loop
      vertex -56.8328 96.0887 0
      vertex -56.151 108.83 0
      vertex -56.692 96.0192 0
    endloop
  endfacet
  facet normal 0 0 -1
    outer loop
      vertex -56.9814 96.1391 0
      vertex -56.151 108.83 0
      vertex -56.8328 96.0887 0
    endloop
  endfacet
  facet normal 0 0 -1
    outer loop
      vertex -57.1354 96.1697 0
      vertex -56.151 108.83 0
      vertex -56.9814 96.1391 0
    endloop
  endfacet
  facet normal 0 0 -1
    outer loop
      vertex -57.292 96.18 0
      vertex -56.151 108.83 0
      vertex -57.1354 96.1697 0
    endloop
  endfacet
  facet normal -0 0 -1
    outer loop
      vertex -56.151 108.83 0
      vertex -57.292 96.18 0
      vertex -56.346 108.849 0
    endloop
  endfacet
  facet normal 0 0 -1
    outer loop
      vertex -57.4486 96.1697 0
      vertex -56.346 108.849 0
      vertex -57.292 96.18 0
    endloop
  endfacet
  facet normal -0 0 -1
    outer loop
      vertex -56.346 108.849 0
      vertex -57.4486 96.1697 0
      vertex -56.534 108.906 0
    endloop
  endfacet
  facet normal 0 0 -1
    outer loop
      vertex -57.6026 96.1391 0
      vertex -56.534 108.906 0
      vertex -57.4486 96.1697 0
    endloop
  endfacet
  facet normal -0 0 -1
    outer loop
      vertex -56.534 108.906 0
      vertex -57.6026 96.1391 0
      vertex -56.706 108.998 0
    endloop
  endfacet
  facet normal 0 0 -1
    outer loop
      vertex -57.7512 96.0887 0
      vertex -56.706 108.998 0
      vertex -57.6026 96.1391 0
    endloop
  endfacet
  facet normal 0 0 -1
    outer loop
      vertex -57.892 96.0192 0
      vertex -56.706 108.998 0
      vertex -57.7512 96.0887 0
    endloop
  endfacet
  facet normal 0 0 -1
    outer loop
      vertex -58.151 113.53 0
      vertex -57.151 112.529 0
      vertex -57.151 109.83 0
    endloop
  endfacet
  facet normal -0 0 -1
    outer loop
      vertex -56.706 108.998 0
      vertex -57.892 96.0192 0
      vertex -56.858 109.123 0
    endloop
  endfacet
  facet normal 0 0 -1
    outer loop
      vertex -58.0225 95.932 0
      vertex -56.858 109.123 0
      vertex -57.892 96.0192 0
    endloop
  endfacet
  facet normal -0 0 -1
    outer loop
      vertex -56.858 109.123 0
      vertex -58.0225 95.932 0
      vertex -56.982 109.274 0
    endloop
  endfacet
  facet normal 0 0 -1
    outer loop
      vertex -58.1405 95.8285 0
      vertex -56.982 109.274 0
      vertex -58.0225 95.932 0
    endloop
  endfacet
  facet normal 0 0 -1
    outer loop
      vertex -75.494 111.323 0
      vertex -56.982 109.274 0
      vertex -58.1405 95.8285 0
    endloop
  endfacet
  facet normal 0 0 -1
    outer loop
      vertex -56.982 109.274 0
      vertex -75.494 111.323 0
      vertex -57.075 109.447 0
    endloop
  endfacet
  facet normal 0 -0 -1
    outer loop
      vertex -75.37 111.474 0
      vertex -57.075 109.447 0
      vertex -75.494 111.323 0
    endloop
  endfacet
  facet normal 0 0 -1
    outer loop
      vertex -57.166 112.703 0
      vertex -58.151 113.53 0
      vertex -57.211 112.872 0
    endloop
  endfacet
  facet normal 0 0 -1
    outer loop
      vertex -57.285 113.03 0
      vertex -58.151 113.53 0
      vertex -57.385 113.172 0
    endloop
  endfacet
  facet normal 0 0 -1
    outer loop
      vertex -57.385 113.172 0
      vertex -58.151 113.53 0
      vertex -57.508 113.296 0
    endloop
  endfacet
  facet normal 0 0 -1
    outer loop
      vertex -57.508 113.296 0
      vertex -58.151 113.53 0
      vertex -57.651 113.396 0
    endloop
  endfacet
  facet normal 0 0 -1
    outer loop
      vertex -57.211 112.872 0
      vertex -58.151 113.53 0
      vertex -57.285 113.03 0
    endloop
  endfacet
  facet normal 0 0 -1
    outer loop
      vertex -57.651 113.396 0
      vertex -58.151 113.53 0
      vertex -57.809 113.469 0
    endloop
  endfacet
  facet normal 0 0 -1
    outer loop
      vertex -57.151 112.529 0
      vertex -58.151 113.53 0
      vertex -57.166 112.703 0
    endloop
  endfacet
  facet normal 0 0 -1
    outer loop
      vertex -57.075 109.447 0
      vertex -75.37 111.474 0
      vertex -57.132 109.635 0
    endloop
  endfacet
  facet normal 0 0 -1
    outer loop
      vertex -57.809 113.469 0
      vertex -58.151 113.53 0
      vertex -57.977 113.515 0
    endloop
  endfacet
  facet normal 0 0 -1
    outer loop
      vertex -75.494 111.323 0
      vertex -58.1405 95.8285 0
      vertex -58.244 95.7105 0
    endloop
  endfacet
  facet normal 0 0 -1
    outer loop
      vertex -75.494 111.323 0
      vertex -58.244 95.7105 0
      vertex -58.3312 95.58 0
    endloop
  endfacet
  facet normal 0 0 -1
    outer loop
      vertex -75.646 111.198 0
      vertex -58.3312 95.58 0
      vertex -58.4007 95.4392 0
    endloop
  endfacet
  facet normal 0 0 -1
    outer loop
      vertex -75.819 111.106 0
      vertex -58.4007 95.4392 0
      vertex -58.4511 95.2906 0
    endloop
  endfacet
  facet normal 0 0 -1
    outer loop
      vertex -75.819 111.106 0
      vertex -58.4511 95.2906 0
      vertex -58.4817 95.1366 0
    endloop
  endfacet
  facet normal 0 0 -1
    outer loop
      vertex -76.006 111.049 0
      vertex -58.4817 95.1366 0
      vertex -58.492 94.98 0
    endloop
  endfacet
  facet normal -0 0 -1
    outer loop
      vertex -56.6116 50.9893 0
      vertex -60.9213 27.666 0
      vertex -56.7656 51.0199 0
    endloop
  endfacet
  facet normal 0 0 -1
    outer loop
      vertex -61.104 27.678 0
      vertex -56.7656 51.0199 0
      vertex -60.9213 27.666 0
    endloop
  endfacet
  facet normal -0 0 -1
    outer loop
      vertex -56.7656 51.0199 0
      vertex -61.104 27.678 0
      vertex -56.9142 51.0703 0
    endloop
  endfacet
  facet normal 0 0 -1
    outer loop
      vertex -61.2867 27.666 0
      vertex -56.9142 51.0703 0
      vertex -61.104 27.678 0
    endloop
  endfacet
  facet normal -0 0 -1
    outer loop
      vertex -56.9142 51.0703 0
      vertex -61.2867 27.666 0
      vertex -57.055 51.1398 0
    endloop
  endfacet
  facet normal 0 0 -1
    outer loop
      vertex -61.4663 27.6303 0
      vertex -57.055 51.1398 0
      vertex -61.2867 27.666 0
    endloop
  endfacet
  facet normal -0 0 -1
    outer loop
      vertex -57.055 51.1398 0
      vertex -61.4663 27.6303 0
      vertex -57.1855 51.227 0
    endloop
  endfacet
  facet normal 0 0 -1
    outer loop
      vertex -61.6398 27.5714 0
      vertex -57.1855 51.227 0
      vertex -61.4663 27.6303 0
    endloop
  endfacet
  facet normal -0 0 -1
    outer loop
      vertex -57.1855 51.227 0
      vertex -61.6398 27.5714 0
      vertex -57.3035 51.3305 0
    endloop
  endfacet
  facet normal 0 0 -1
    outer loop
      vertex -61.804 27.4904 0
      vertex -57.3035 51.3305 0
      vertex -61.6398 27.5714 0
    endloop
  endfacet
  facet normal -0 0 -1
    outer loop
      vertex -57.3035 51.3305 0
      vertex -61.804 27.4904 0
      vertex -57.407 51.4485 0
    endloop
  endfacet
  facet normal 0 0 -1
    outer loop
      vertex -61.9563 27.3887 0
      vertex -57.407 51.4485 0
      vertex -61.804 27.4904 0
    endloop
  endfacet
  facet normal -0 0 -1
    outer loop
      vertex -57.407 51.4485 0
      vertex -61.9563 27.3887 0
      vertex -57.4942 51.579 0
    endloop
  endfacet
  facet normal 0 0 -1
    outer loop
      vertex -57.6141 52.4896 0
      vertex -94.2329 52.1896 0
      vertex -94.2833 52.3382 0
    endloop
  endfacet
  facet normal 0 0 -1
    outer loop
      vertex -71.961 24.278 0
      vertex -57.4942 51.579 0
      vertex -61.9563 27.3887 0
    endloop
  endfacet
  facet normal 0 0 -1
    outer loop
      vertex -72.7442 24.2267 0
      vertex -57.4942 51.579 0
      vertex -71.961 24.278 0
    endloop
  endfacet
  facet normal -0 0 -1
    outer loop
      vertex -57.4942 51.579 0
      vertex -72.7442 24.2267 0
      vertex -57.5637 51.7198 0
    endloop
  endfacet
  facet normal 0 0 -1
    outer loop
      vertex -94.2833 51.4198 0
      vertex -57.5637 51.7198 0
      vertex -72.7442 24.2267 0
    endloop
  endfacet
  facet normal 0 -0 -1
    outer loop
      vertex -94.2329 51.5684 0
      vertex -57.5637 51.7198 0
      vertex -94.2833 51.4198 0
    endloop
  endfacet
  facet normal 0 0 -1
    outer loop
      vertex -71.1778 24.2267 0
      vertex -61.9563 27.3887 0
      vertex -62.0939 27.2679 0
    endloop
  endfacet
  facet normal 0 0 -1
    outer loop
      vertex -71.1778 24.2267 0
      vertex -62.0939 27.2679 0
      vertex -62.2147 27.1303 0
    endloop
  endfacet
  facet normal 0 0 -1
    outer loop
      vertex -70.4081 24.0736 0
      vertex -62.2147 27.1303 0
      vertex -62.3164 26.978 0
    endloop
  endfacet
  facet normal 0 0 -1
    outer loop
      vertex -69.6649 23.8213 0
      vertex -62.3164 26.978 0
      vertex -62.3974 26.8138 0
    endloop
  endfacet
  facet normal 0 0 -1
    outer loop
      vertex -69.6649 23.8213 0
      vertex -62.3974 26.8138 0
      vertex -62.4563 26.6403 0
    endloop
  endfacet
  facet normal 0 0 -1
    outer loop
      vertex -68.961 23.4742 0
      vertex -62.4563 26.6403 0
      vertex -62.492 26.4607 0
    endloop
  endfacet
  facet normal 0 0 -1
    outer loop
      vertex -68.961 23.4742 0
      vertex -62.492 26.4607 0
      vertex -62.504 26.278 0
    endloop
  endfacet
  facet normal -0 0 -1
    outer loop
      vertex -62.2147 25.4257 0
      vertex -67.2009 21.9306 0
      vertex -62.3164 25.578 0
    endloop
  endfacet
  facet normal -0 0 -1
    outer loop
      vertex -62.3164 25.578 0
      vertex -67.2009 21.9306 0
      vertex -62.3974 25.7422 0
    endloop
  endfacet
  facet normal 0 0 -1
    outer loop
      vertex -67.7184 22.5206 0
      vertex -62.3974 25.7422 0
      vertex -67.2009 21.9306 0
    endloop
  endfacet
  facet normal -0 0 -1
    outer loop
      vertex -62.3974 25.7422 0
      vertex -67.7184 22.5206 0
      vertex -62.4563 25.9157 0
    endloop
  endfacet
  facet normal -0 0 -1
    outer loop
      vertex -62.4563 25.9157 0
      vertex -67.7184 22.5206 0
      vertex -62.492 26.0953 0
    endloop
  endfacet
  facet normal 0 0 -1
    outer loop
      vertex -68.3084 23.0381 0
      vertex -62.492 26.0953 0
      vertex -67.7184 22.5206 0
    endloop
  endfacet
  facet normal -0 0 -1
    outer loop
      vertex -62.492 26.0953 0
      vertex -68.3084 23.0381 0
      vertex -62.504 26.278 0
    endloop
  endfacet
  facet normal 0 0 -1
    outer loop
      vertex -68.961 23.4742 0
      vertex -62.504 26.278 0
      vertex -68.3084 23.0381 0
    endloop
  endfacet
  facet normal 0 0 -1
    outer loop
      vertex -62.4563 26.6403 0
      vertex -68.961 23.4742 0
      vertex -69.6649 23.8213 0
    endloop
  endfacet
  facet normal 0 0 -1
    outer loop
      vertex -62.3164 26.978 0
      vertex -69.6649 23.8213 0
      vertex -70.4081 24.0736 0
    endloop
  endfacet
  facet normal 0 0 -1
    outer loop
      vertex -62.2147 27.1303 0
      vertex -70.4081 24.0736 0
      vertex -71.1778 24.2267 0
    endloop
  endfacet
  facet normal 0 0 -1
    outer loop
      vertex -61.9563 27.3887 0
      vertex -71.1778 24.2267 0
      vertex -71.961 24.278 0
    endloop
  endfacet
  facet normal -0 0 -1
    outer loop
      vertex -57.5637 51.7198 0
      vertex -94.2329 51.5684 0
      vertex -57.6141 51.8684 0
    endloop
  endfacet
  facet normal 0 -0 -1
    outer loop
      vertex -94.2023 51.7224 0
      vertex -57.6141 51.8684 0
      vertex -94.2329 51.5684 0
    endloop
  endfacet
  facet normal 0 0 -1
    outer loop
      vertex -94.2833 51.4198 0
      vertex -72.7442 24.2267 0
      vertex -73.5139 24.0736 0
    endloop
  endfacet
  facet normal 0 0 -1
    outer loop
      vertex -57.5637 52.6382 0
      vertex -94.2833 52.3382 0
      vertex -94.3528 52.479 0
    endloop
  endfacet
  facet normal 0 0 -1
    outer loop
      vertex -94.44 51.1485 0
      vertex -73.5139 24.0736 0
      vertex -74.2571 23.8213 0
    endloop
  endfacet
  facet normal 0 0 -1
    outer loop
      vertex -57.132 109.635 0
      vertex -74.201 113.53 0
      vertex -57.151 109.83 0
    endloop
  endfacet
  facet normal 0 -0 -1
    outer loop
      vertex -75.22 111.834 0
      vertex -74.201 113.53 0
      vertex -75.277 111.647 0
    endloop
  endfacet
  facet normal 0 -0 -1
    outer loop
      vertex -75.201 112.03 0
      vertex -74.201 113.53 0
      vertex -75.22 111.834 0
    endloop
  endfacet
  facet normal 0 0 -1
    outer loop
      vertex -74.201 113.53 0
      vertex -75.201 112.529 0
      vertex -74.396 113.511 0
    endloop
  endfacet
  facet normal 0 0 -1
    outer loop
      vertex -94.5435 51.0305 0
      vertex -74.2571 23.8213 0
      vertex -74.961 23.4742 0
    endloop
  endfacet
  facet normal 0 0 -1
    outer loop
      vertex -74.396 113.511 0
      vertex -75.201 112.529 0
      vertex -74.584 113.453 0
    endloop
  endfacet
  facet normal 0 0 -1
    outer loop
      vertex -74.584 113.453 0
      vertex -75.201 112.529 0
      vertex -74.757 113.361 0
    endloop
  endfacet
  facet normal 0 0 -1
    outer loop
      vertex -74.908 113.237 0
      vertex -75.201 112.529 0
      vertex -75.033 113.085 0
    endloop
  endfacet
  facet normal 0 0 -1
    outer loop
      vertex -75.033 113.085 0
      vertex -75.201 112.529 0
      vertex -75.125 112.913 0
    endloop
  endfacet
  facet normal 0 0 -1
    outer loop
      vertex -74.757 113.361 0
      vertex -75.201 112.529 0
      vertex -74.908 113.237 0
    endloop
  endfacet
  facet normal 0 0 -1
    outer loop
      vertex -75.201 112.529 0
      vertex -74.201 113.53 0
      vertex -75.201 112.03 0
    endloop
  endfacet
  facet normal 0 0 -1
    outer loop
      vertex -57.151 109.83 0
      vertex -74.201 113.53 0
      vertex -58.151 113.53 0
    endloop
  endfacet
  facet normal 0 -0 -1
    outer loop
      vertex -74.201 113.53 0
      vertex -57.132 109.635 0
      vertex -75.277 111.647 0
    endloop
  endfacet
  facet normal 0 0 -1
    outer loop
      vertex -94.6615 50.927 0
      vertex -74.961 23.4742 0
      vertex -75.6136 23.0381 0
    endloop
  endfacet
  facet normal 0 -0 -1
    outer loop
      vertex -75.277 111.647 0
      vertex -57.132 109.635 0
      vertex -75.37 111.474 0
    endloop
  endfacet
  facet normal 0 0 -1
    outer loop
      vertex -57.4942 52.779 0
      vertex -94.3528 52.479 0
      vertex -94.44 52.6095 0
    endloop
  endfacet
  facet normal 0 -0 -1
    outer loop
      vertex -93.3663 92.3224 0
      vertex -58.4511 94.6694 0
      vertex -93.3969 92.1684 0
    endloop
  endfacet
  facet normal 0 0 -1
    outer loop
      vertex -58.4007 95.4392 0
      vertex -75.819 111.106 0
      vertex -75.646 111.198 0
    endloop
  endfacet
  facet normal 0 0 -1
    outer loop
      vertex -94.792 50.8398 0
      vertex -75.6136 23.0381 0
      vertex -76.2036 22.5206 0
    endloop
  endfacet
  facet normal 0 0 -1
    outer loop
      vertex -95.0814 50.7199 0
      vertex -76.2036 22.5206 0
      vertex -76.7211 21.9306 0
    endloop
  endfacet
  facet normal 0 0 -1
    outer loop
      vertex -94.56 15.6421 0
      vertex -76.7211 21.9306 0
      vertex -77.1572 21.278 0
    endloop
  endfacet
  facet normal 0 0 -1
    outer loop
      vertex -94.15 15.4722 0
      vertex -77.1572 21.278 0
      vertex -77.5043 20.5741 0
    endloop
  endfacet
  facet normal 0 0 -1
    outer loop
      vertex -93.9651 15.3487 0
      vertex -77.5043 20.5741 0
      vertex -77.7566 19.8309 0
    endloop
  endfacet
  facet normal 0 0 -1
    outer loop
      vertex -93.7979 15.2021 0
      vertex -77.7566 19.8309 0
      vertex -77.9097 19.0612 0
    endloop
  endfacet
  facet normal 0 0 -1
    outer loop
      vertex -93.5278 14.85 0
      vertex -77.9097 19.0612 0
      vertex -77.961 18.278 0
    endloop
  endfacet
  facet normal 0 0 -1
    outer loop
      vertex -93.3579 14.44 0
      vertex -77.9097 17.4948 0
      vertex -81.588 9.57201 0
    endloop
  endfacet
  facet normal 0 0 -1
    outer loop
      vertex -93.4294 14.6506 0
      vertex -77.9097 17.4948 0
      vertex -93.3579 14.44 0
    endloop
  endfacet
  facet normal 0 0 -1
    outer loop
      vertex -57.655 52.179 0
      vertex -94.192 51.879 0
      vertex -94.2023 52.0356 0
    endloop
  endfacet
  facet normal 0 0 -1
    outer loop
      vertex -93.3145 14.2219 0
      vertex -81.588 9.57201 0
      vertex -93.3 14 0
    endloop
  endfacet
  facet normal 0 0 -1
    outer loop
      vertex -81.588 9.57201 0
      vertex -93.3145 13.7781 0
      vertex -93.3 14 0
    endloop
  endfacet
  facet normal 0 0 -1
    outer loop
      vertex -81.588 9.57201 0
      vertex -93.3579 13.56 0
      vertex -93.3145 13.7781 0
    endloop
  endfacet
  facet normal 0 0 -1
    outer loop
      vertex -81.588 9.57201 0
      vertex -93.4294 13.3494 0
      vertex -93.3579 13.56 0
    endloop
  endfacet
  facet normal 0 0 -1
    outer loop
      vertex -81.588 9.57201 0
      vertex -93.5278 13.15 0
      vertex -93.4294 13.3494 0
    endloop
  endfacet
  facet normal 0 0 -1
    outer loop
      vertex -81.588 9.57201 0
      vertex -93.6513 12.9651 0
      vertex -93.5278 13.15 0
    endloop
  endfacet
  facet normal 0 0 -1
    outer loop
      vertex -81.588 9.57201 0
      vertex -93.7979 12.7979 0
      vertex -93.6513 12.9651 0
    endloop
  endfacet
  facet normal 0 0 -1
    outer loop
      vertex -81.588 9.57201 0
      vertex -93.9651 12.6513 0
      vertex -93.7979 12.7979 0
    endloop
  endfacet
  facet normal 0 0 -1
    outer loop
      vertex -81.588 9.57201 0
      vertex -94.15 12.5278 0
      vertex -93.9651 12.6513 0
    endloop
  endfacet
  facet normal 0 0 -1
    outer loop
      vertex -81.588 9.57201 0
      vertex -94.3494 12.4294 0
      vertex -94.15 12.5278 0
    endloop
  endfacet
  facet normal 0 0 -1
    outer loop
      vertex -81.588 9.57201 0
      vertex -94.56 12.3579 0
      vertex -94.3494 12.4294 0
    endloop
  endfacet
  facet normal 0 0 -1
    outer loop
      vertex -100.075 9.485 0
      vertex -94.56 12.3579 0
      vertex -81.588 9.57201 0
    endloop
  endfacet
  facet normal 0 0 -1
    outer loop
      vertex -94.56 12.3579 0
      vertex -100.075 9.485 0
      vertex -94.7781 12.3145 0
    endloop
  endfacet
  facet normal 0 0 -1
    outer loop
      vertex -94.7781 12.3145 0
      vertex -100.075 9.485 0
      vertex -95 12.3 0
    endloop
  endfacet
  facet normal -0 0 -1
    outer loop
      vertex -95 12.3 0
      vertex -100.075 9.485 0
      vertex -95.2219 12.3145 0
    endloop
  endfacet
  facet normal 0 0 -1
    outer loop
      vertex -100.583 9.43901 0
      vertex -96.6855 13.7781 0
      vertex -100.075 9.485 0
    endloop
  endfacet
  facet normal -0 0 -1
    outer loop
      vertex -96.6421 13.56 0
      vertex -100.075 9.485 0
      vertex -96.6855 13.7781 0
    endloop
  endfacet
  facet normal -0 0 -1
    outer loop
      vertex -96.5706 13.3494 0
      vertex -100.075 9.485 0
      vertex -96.6421 13.56 0
    endloop
  endfacet
  facet normal -0 0 -1
    outer loop
      vertex -96.4722 13.15 0
      vertex -100.075 9.485 0
      vertex -96.5706 13.3494 0
    endloop
  endfacet
  facet normal -0 0 -1
    outer loop
      vertex -96.3487 12.9651 0
      vertex -100.075 9.485 0
      vertex -96.4722 13.15 0
    endloop
  endfacet
  facet normal -0 0 -1
    outer loop
      vertex -96.2021 12.7979 0
      vertex -100.075 9.485 0
      vertex -96.3487 12.9651 0
    endloop
  endfacet
  facet normal -0 0 -1
    outer loop
      vertex -96.0349 12.6513 0
      vertex -100.075 9.485 0
      vertex -96.2021 12.7979 0
    endloop
  endfacet
  facet normal -0 0 -1
    outer loop
      vertex -95.85 12.5278 0
      vertex -100.075 9.485 0
      vertex -96.0349 12.6513 0
    endloop
  endfacet
  facet normal -0 0 -1
    outer loop
      vertex -95.6506 12.4294 0
      vertex -100.075 9.485 0
      vertex -95.85 12.5278 0
    endloop
  endfacet
  facet normal -0 0 -1
    outer loop
      vertex -95.44 12.3579 0
      vertex -100.075 9.485 0
      vertex -95.6506 12.4294 0
    endloop
  endfacet
  facet normal -0 0 -1
    outer loop
      vertex -95.2219 12.3145 0
      vertex -100.075 9.485 0
      vertex -95.44 12.3579 0
    endloop
  endfacet
  facet normal 0 0 -1
    outer loop
      vertex -75.125 112.913 0
      vertex -75.201 112.529 0
      vertex -75.182 112.725 0
    endloop
  endfacet
  facet normal 0 0 -1
    outer loop
      vertex -93.251 111.03 0
      vertex -94.271 109.335 0
      vertex -94.252 109.529 0
    endloop
  endfacet
  facet normal 0 0 -1
    outer loop
      vertex -94.0968 93.5877 0
      vertex -94.328 109.147 0
      vertex -94.271 109.335 0
    endloop
  endfacet
  facet normal 0 0 -1
    outer loop
      vertex -94.869 108.605 0
      vertex -94.2454 93.6381 0
      vertex -94.3994 93.6687 0
    endloop
  endfacet
  facet normal 0 0 -1
    outer loop
      vertex -94.0968 93.5877 0
      vertex -94.42 108.974 0
      vertex -94.328 109.147 0
    endloop
  endfacet
  facet normal 0 0 -1
    outer loop
      vertex -94.0968 93.5877 0
      vertex -94.544 108.823 0
      vertex -94.42 108.974 0
    endloop
  endfacet
  facet normal 0 0 -1
    outer loop
      vertex -95.056 108.549 0
      vertex -94.3994 93.6687 0
      vertex -94.556 93.679 0
    endloop
  endfacet
  facet normal 0 0 -1
    outer loop
      vertex -94.0968 93.5877 0
      vertex -94.696 108.698 0
      vertex -94.544 108.823 0
    endloop
  endfacet
  facet normal 0 0 -1
    outer loop
      vertex -95.252 108.53 0
      vertex -94.556 93.679 0
      vertex -94.7126 93.6687 0
    endloop
  endfacet
  facet normal 0 0 -1
    outer loop
      vertex -103.358 99.44 0
      vertex -94.7126 93.6687 0
      vertex -94.8666 93.6381 0
    endloop
  endfacet
  facet normal 0 0 -1
    outer loop
      vertex -94.0968 93.5877 0
      vertex -94.869 108.605 0
      vertex -94.696 108.698 0
    endloop
  endfacet
  facet normal 0 0 -1
    outer loop
      vertex -103.315 99.2219 0
      vertex -94.8666 93.6381 0
      vertex -95.0152 93.5877 0
    endloop
  endfacet
  facet normal 0 0 -1
    outer loop
      vertex -94.3994 93.6687 0
      vertex -95.056 108.549 0
      vertex -94.869 108.605 0
    endloop
  endfacet
  facet normal 0 0 -1
    outer loop
      vertex -103.3 99 0
      vertex -95.0152 93.5877 0
      vertex -95.156 93.5182 0
    endloop
  endfacet
  facet normal 0 0 -1
    outer loop
      vertex -94.556 93.679 0
      vertex -95.252 108.53 0
      vertex -95.056 108.549 0
    endloop
  endfacet
  facet normal 0 0 -1
    outer loop
      vertex -103.315 98.7781 0
      vertex -95.156 93.5182 0
      vertex -95.2865 93.431 0
    endloop
  endfacet
  facet normal 0 0 -1
    outer loop
      vertex -103.358 98.56 0
      vertex -95.2865 93.431 0
      vertex -95.4045 93.3275 0
    endloop
  endfacet
  facet normal 0 0 -1
    outer loop
      vertex -103.429 98.3494 0
      vertex -95.4045 93.3275 0
      vertex -95.508 93.2095 0
    endloop
  endfacet
  facet normal 0 0 -1
    outer loop
      vertex -103.528 98.15 0
      vertex -95.508 93.2095 0
      vertex -95.5952 93.079 0
    endloop
  endfacet
  facet normal 0 0 -1
    outer loop
      vertex -103.651 97.9651 0
      vertex -95.5952 93.079 0
      vertex -95.6647 92.9382 0
    endloop
  endfacet
  facet normal 0 0 -1
    outer loop
      vertex -103.798 97.7979 0
      vertex -95.6647 92.9382 0
      vertex -95.7151 92.7896 0
    endloop
  endfacet
  facet normal 0 0 -1
    outer loop
      vertex -103.965 97.6513 0
      vertex -95.7151 92.7896 0
      vertex -95.7457 92.6356 0
    endloop
  endfacet
  facet normal 0 0 -1
    outer loop
      vertex -104.15 97.5278 0
      vertex -95.7457 92.6356 0
      vertex -95.756 92.479 0
    endloop
  endfacet
  facet normal -0 -0 -1
    outer loop
      vertex -105 97.3 0
      vertex -95.5952 91.879 0
      vertex -105.222 97.3145 0
    endloop
  endfacet
  facet normal 0 0 -1
    outer loop
      vertex -95.5952 91.879 0
      vertex -105 97.3 0
      vertex -95.6647 92.0198 0
    endloop
  endfacet
  facet normal 0 0 -1
    outer loop
      vertex -105.44 97.3579 0
      vertex -96.1225 52.831 0
      vertex -96.2405 52.7275 0
    endloop
  endfacet
  facet normal 0 0 -1
    outer loop
      vertex -133.748 49.423 0
      vertex -96.2405 52.7275 0
      vertex -96.344 52.6095 0
    endloop
  endfacet
  facet normal 0 0 -1
    outer loop
      vertex -133.748 49.423 0
      vertex -96.344 52.6095 0
      vertex -96.4312 52.479 0
    endloop
  endfacet
  facet normal 0 0 -1
    outer loop
      vertex -132.6 48.177 0
      vertex -96.4312 52.479 0
      vertex -96.5007 52.3382 0
    endloop
  endfacet
  facet normal 0 0 -1
    outer loop
      vertex -132.493 48.032 0
      vertex -96.5007 52.3382 0
      vertex -96.5511 52.1896 0
    endloop
  endfacet
  facet normal 0 0 -1
    outer loop
      vertex -132.414 47.87 0
      vertex -96.5511 52.1896 0
      vertex -96.5817 52.0356 0
    endloop
  endfacet
  facet normal 0 0 -1
    outer loop
      vertex -132.414 47.87 0
      vertex -96.5817 52.0356 0
      vertex -96.592 51.879 0
    endloop
  endfacet
  facet normal -0 0 -1
    outer loop
      vertex -96.344 51.1485 0
      vertex -127.936 25.4665 0
      vertex -96.4312 51.279 0
    endloop
  endfacet
  facet normal 0 0 -1
    outer loop
      vertex -100.583 9.43901 0
      vertex -96.6855 14.2219 0
      vertex -96.7 14 0
    endloop
  endfacet
  facet normal -0 0 -1
    outer loop
      vertex -96.6855 13.7781 0
      vertex -100.583 9.43901 0
      vertex -96.7 14 0
    endloop
  endfacet
  facet normal 0 0 -1
    outer loop
      vertex -96.6855 14.2219 0
      vertex -100.583 9.43901 0
      vertex -119.919 12.5455 0
    endloop
  endfacet
  facet normal -0 0 -1
    outer loop
      vertex -96.5817 51.7224 0
      vertex -132.366 47.696 0
      vertex -96.592 51.879 0
    endloop
  endfacet
  facet normal 0 0 -1
    outer loop
      vertex -96.6855 14.2219 0
      vertex -119.919 12.5455 0
      vertex -120.022 12.6635 0
    endloop
  endfacet
  facet normal 0 0 -1
    outer loop
      vertex -95.508 93.2095 0
      vertex -103.528 98.15 0
      vertex -103.429 98.3494 0
    endloop
  endfacet
  facet normal 0 0 -1
    outer loop
      vertex -94.8666 93.6381 0
      vertex -103.315 99.2219 0
      vertex -103.358 99.44 0
    endloop
  endfacet
  facet normal 0 0 -1
    outer loop
      vertex -94.7126 93.6687 0
      vertex -103.358 99.44 0
      vertex -95.252 108.53 0
    endloop
  endfacet
  facet normal 0 0 -1
    outer loop
      vertex -103.429 99.6506 0
      vertex -95.252 108.53 0
      vertex -103.358 99.44 0
    endloop
  endfacet
  facet normal 0 0 -1
    outer loop
      vertex -103.528 99.85 0
      vertex -95.252 108.53 0
      vertex -103.429 99.6506 0
    endloop
  endfacet
  facet normal 0 0 -1
    outer loop
      vertex -103.651 100.035 0
      vertex -95.252 108.53 0
      vertex -103.528 99.85 0
    endloop
  endfacet
  facet normal 0 0 -1
    outer loop
      vertex -103.798 100.202 0
      vertex -95.252 108.53 0
      vertex -103.651 100.035 0
    endloop
  endfacet
  facet normal 0 0 -1
    outer loop
      vertex -103.965 100.349 0
      vertex -95.252 108.53 0
      vertex -103.798 100.202 0
    endloop
  endfacet
  facet normal 0 0 -1
    outer loop
      vertex -104.15 100.472 0
      vertex -95.252 108.53 0
      vertex -103.965 100.349 0
    endloop
  endfacet
  facet normal 0 0 -1
    outer loop
      vertex -104.349 100.571 0
      vertex -95.252 108.53 0
      vertex -104.15 100.472 0
    endloop
  endfacet
  facet normal 0 0 -1
    outer loop
      vertex -104.56 100.642 0
      vertex -95.252 108.53 0
      vertex -104.349 100.571 0
    endloop
  endfacet
  facet normal 0 0 -1
    outer loop
      vertex -104.778 100.685 0
      vertex -95.252 108.53 0
      vertex -104.56 100.642 0
    endloop
  endfacet
  facet normal 0 0 -1
    outer loop
      vertex -105 100.7 0
      vertex -95.252 108.53 0
      vertex -104.778 100.685 0
    endloop
  endfacet
  facet normal 0 0 -1
    outer loop
      vertex -105.222 100.685 0
      vertex -95.252 108.53 0
      vertex -105 100.7 0
    endloop
  endfacet
  facet normal 0 0 -1
    outer loop
      vertex -105.44 100.642 0
      vertex -95.252 108.53 0
      vertex -105.222 100.685 0
    endloop
  endfacet
  facet normal 0 0 -1
    outer loop
      vertex -105.651 100.571 0
      vertex -95.252 108.53 0
      vertex -105.44 100.642 0
    endloop
  endfacet
  facet normal 0 0 -1
    outer loop
      vertex -132.748 108.53 0
      vertex -105.651 100.571 0
      vertex -105.85 100.472 0
    endloop
  endfacet
  facet normal 0 0 -1
    outer loop
      vertex -132.748 108.53 0
      vertex -105.85 100.472 0
      vertex -106.035 100.349 0
    endloop
  endfacet
  facet normal 0 0 -1
    outer loop
      vertex -95.6647 92.0198 0
      vertex -104.778 97.3145 0
      vertex -95.7151 92.1684 0
    endloop
  endfacet
  facet normal 0 -0 -1
    outer loop
      vertex -104.778 97.3145 0
      vertex -95.6647 92.0198 0
      vertex -105 97.3 0
    endloop
  endfacet
  facet normal 0 0 -1
    outer loop
      vertex -96.2405 52.7275 0
      vertex -105.651 97.4294 0
      vertex -105.44 97.3579 0
    endloop
  endfacet
  facet normal -0 0 -1
    outer loop
      vertex -105.651 97.4294 0
      vertex -133.748 49.423 0
      vertex -105.85 97.5278 0
    endloop
  endfacet
  facet normal -0 0 -1
    outer loop
      vertex -105.85 97.5278 0
      vertex -133.748 49.423 0
      vertex -106.035 97.6513 0
    endloop
  endfacet
  facet normal -0 0 -1
    outer loop
      vertex -106.035 97.6513 0
      vertex -133.748 49.423 0
      vertex -106.202 97.7979 0
    endloop
  endfacet
  facet normal -0 0 -1
    outer loop
      vertex -106.202 97.7979 0
      vertex -133.748 49.423 0
      vertex -106.349 97.9651 0
    endloop
  endfacet
  facet normal -0 0 -1
    outer loop
      vertex -96.6855 14.2219 0
      vertex -120.14 12.767 0
      vertex -127.595 24.7746 0
    endloop
  endfacet
  facet normal 0 0 -1
    outer loop
      vertex -96.6855 14.2219 0
      vertex -127.626 24.9286 0
      vertex -127.676 25.0772 0
    endloop
  endfacet
  facet normal 0 0 -1
    outer loop
      vertex -127.595 24.7746 0
      vertex -120.14 12.767 0
      vertex -120.271 12.8542 0
    endloop
  endfacet
  facet normal 0 0 -1
    outer loop
      vertex -127.585 24.618 0
      vertex -120.271 12.8542 0
      vertex -120.412 12.9237 0
    endloop
  endfacet
  facet normal 0 0 -1
    outer loop
      vertex -127.585 24.618 0
      vertex -120.412 12.9237 0
      vertex -120.56 12.9741 0
    endloop
  endfacet
  facet normal 0 0 -1
    outer loop
      vertex -127.585 24.618 0
      vertex -120.56 12.9741 0
      vertex -120.714 13.0047 0
    endloop
  endfacet
  facet normal 0 0 -1
    outer loop
      vertex -127.585 24.618 0
      vertex -120.714 13.0047 0
      vertex -120.871 13.015 0
    endloop
  endfacet
  facet normal 0 0 -1
    outer loop
      vertex -127.585 24.618 0
      vertex -120.871 13.015 0
      vertex -121.028 13.0047 0
    endloop
  endfacet
  facet normal 0 0 -1
    outer loop
      vertex -127.585 24.618 0
      vertex -121.028 13.0047 0
      vertex -121.182 12.9741 0
    endloop
  endfacet
  facet normal 0 0 -1
    outer loop
      vertex -127.585 24.618 0
      vertex -121.182 12.9741 0
      vertex -121.33 12.9237 0
    endloop
  endfacet
  facet normal 0 0 -1
    outer loop
      vertex -127.585 24.618 0
      vertex -121.33 12.9237 0
      vertex -121.471 12.8542 0
    endloop
  endfacet
  facet normal 0 0 -1
    outer loop
      vertex -127.585 24.618 0
      vertex -121.471 12.8542 0
      vertex -121.602 12.767 0
    endloop
  endfacet
  facet normal 0 0 -1
    outer loop
      vertex -127.585 24.618 0
      vertex -121.602 12.767 0
      vertex -121.72 12.6635 0
    endloop
  endfacet
  facet normal 0 0 -1
    outer loop
      vertex -127.585 24.618 0
      vertex -121.72 12.6635 0
      vertex -121.823 12.5455 0
    endloop
  endfacet
  facet normal 0 0 -1
    outer loop
      vertex -127.585 24.618 0
      vertex -121.823 12.5455 0
      vertex -121.91 12.415 0
    endloop
  endfacet
  facet normal 0 0 -1
    outer loop
      vertex -127.585 24.618 0
      vertex -121.91 12.415 0
      vertex -121.98 12.2742 0
    endloop
  endfacet
  facet normal 0 0 -1
    outer loop
      vertex -127.585 24.618 0
      vertex -121.98 12.2742 0
      vertex -122.03 12.1256 0
    endloop
  endfacet
  facet normal 0 0 -1
    outer loop
      vertex -127.585 24.618 0
      vertex -122.03 12.1256 0
      vertex -122.061 11.9716 0
    endloop
  endfacet
  facet normal 0 0 -1
    outer loop
      vertex -127.585 24.618 0
      vertex -122.061 11.9716 0
      vertex -122.071 11.815 0
    endloop
  endfacet
  facet normal 0 0 -1
    outer loop
      vertex -120.271 12.8542 0
      vertex -127.585 24.618 0
      vertex -127.595 24.7746 0
    endloop
  endfacet
  facet normal 0 0 -1
    outer loop
      vertex -96.6855 14.2219 0
      vertex -127.595 24.7746 0
      vertex -127.626 24.9286 0
    endloop
  endfacet
  facet normal 0 0 -1
    outer loop
      vertex -132.349 47.516 0
      vertex -96.4312 51.279 0
      vertex -127.936 25.4665 0
    endloop
  endfacet
  facet normal -0 0 -1
    outer loop
      vertex -96.4312 51.279 0
      vertex -132.349 47.516 0
      vertex -96.5007 51.4198 0
    endloop
  endfacet
  facet normal 0 0 -1
    outer loop
      vertex -133.748 107.53 0
      vertex -106.349 97.9651 0
      vertex -133.748 49.423 0
    endloop
  endfacet
  facet normal -0 0 -1
    outer loop
      vertex -96.5007 51.4198 0
      vertex -132.349 47.516 0
      vertex -96.5511 51.5684 0
    endloop
  endfacet
  facet normal -0 0 -1
    outer loop
      vertex -96.5511 51.5684 0
      vertex -132.349 47.516 0
      vertex -96.5817 51.7224 0
    endloop
  endfacet
  facet normal 0 0 -1
    outer loop
      vertex -132.366 47.696 0
      vertex -96.5817 51.7224 0
      vertex -132.349 47.516 0
    endloop
  endfacet
  facet normal 0 0 -1
    outer loop
      vertex -132.349 47.516 0
      vertex -127.936 25.4665 0
      vertex -128.054 25.57 0
    endloop
  endfacet
  facet normal 0 0 -1
    outer loop
      vertex -132.349 47.516 0
      vertex -128.054 25.57 0
      vertex -128.185 25.6572 0
    endloop
  endfacet
  facet normal 0 0 -1
    outer loop
      vertex -132.349 47.516 0
      vertex -128.185 25.6572 0
      vertex -128.326 25.7267 0
    endloop
  endfacet
  facet normal 0 0 -1
    outer loop
      vertex -132.349 47.516 0
      vertex -128.326 25.7267 0
      vertex -128.474 25.7771 0
    endloop
  endfacet
  facet normal 0 0 -1
    outer loop
      vertex -132.349 47.516 0
      vertex -128.474 25.7771 0
      vertex -128.628 25.8077 0
    endloop
  endfacet
  facet normal 0 0 -1
    outer loop
      vertex -132.349 47.516 0
      vertex -128.628 25.8077 0
      vertex -128.785 25.818 0
    endloop
  endfacet
  facet normal 0 0 -1
    outer loop
      vertex -132.349 47.516 0
      vertex -128.785 25.818 0
      vertex -128.942 25.8077 0
    endloop
  endfacet
  facet normal 0 0 -1
    outer loop
      vertex -132.349 47.516 0
      vertex -128.942 25.8077 0
      vertex -129.096 25.7771 0
    endloop
  endfacet
  facet normal 0 0 -1
    outer loop
      vertex -132.349 47.516 0
      vertex -129.096 25.7771 0
      vertex -129.244 25.7267 0
    endloop
  endfacet
  facet normal 0 0 -1
    outer loop
      vertex -132.349 47.516 0
      vertex -129.244 25.7267 0
      vertex -129.385 25.6572 0
    endloop
  endfacet
  facet normal 0 0 -1
    outer loop
      vertex -132.349 47.516 0
      vertex -129.385 25.6572 0
      vertex -129.516 25.57 0
    endloop
  endfacet
  facet normal 0 0 -1
    outer loop
      vertex -132.349 47.516 0
      vertex -129.516 25.57 0
      vertex -129.634 25.4665 0
    endloop
  endfacet
  facet normal 0 0 -1
    outer loop
      vertex -132.349 47.516 0
      vertex -129.634 25.4665 0
      vertex -129.737 25.3485 0
    endloop
  endfacet
  facet normal 0 0 -1
    outer loop
      vertex -132.349 22.76 0
      vertex -129.737 25.3485 0
      vertex -129.824 25.218 0
    endloop
  endfacet
  facet normal 0 0 -1
    outer loop
      vertex -132.349 22.76 0
      vertex -129.824 25.218 0
      vertex -129.894 25.0772 0
    endloop
  endfacet
  facet normal 0 0 -1
    outer loop
      vertex -132.349 22.76 0
      vertex -129.894 25.0772 0
      vertex -129.944 24.9286 0
    endloop
  endfacet
  facet normal 0 0 -1
    outer loop
      vertex -132.349 22.76 0
      vertex -129.975 24.7746 0
      vertex -129.985 24.618 0
    endloop
  endfacet
  facet normal 0 0 -1
    outer loop
      vertex -132.349 22.76 0
      vertex -129.944 24.9286 0
      vertex -129.975 24.7746 0
    endloop
  endfacet
  facet normal -0 0 -1
    outer loop
      vertex -129.737 25.3485 0
      vertex -132.349 22.76 0
      vertex -132.349 47.516 0
    endloop
  endfacet
  facet normal 0 0 -1
    outer loop
      vertex -106.349 97.9651 0
      vertex -133.748 107.53 0
      vertex -106.472 98.15 0
    endloop
  endfacet
  facet normal 0 0 -1
    outer loop
      vertex -106.472 98.15 0
      vertex -133.748 107.53 0
      vertex -106.571 98.3494 0
    endloop
  endfacet
  facet normal 0 0 -1
    outer loop
      vertex -106.571 98.3494 0
      vertex -133.748 107.53 0
      vertex -106.642 98.56 0
    endloop
  endfacet
  facet normal 0 0 -1
    outer loop
      vertex -106.642 98.56 0
      vertex -133.748 107.53 0
      vertex -106.685 98.7781 0
    endloop
  endfacet
  facet normal 0 -0 -1
    outer loop
      vertex -132.748 108.53 0
      vertex -106.685 98.7781 0
      vertex -133.748 107.53 0
    endloop
  endfacet
  facet normal 0 0 -1
    outer loop
      vertex -106.685 98.7781 0
      vertex -132.748 108.53 0
      vertex -106.7 99 0
    endloop
  endfacet
  facet normal 0 0 -1
    outer loop
      vertex -106.7 99 0
      vertex -132.748 108.53 0
      vertex -106.685 99.2219 0
    endloop
  endfacet
  facet normal 0 0 -1
    outer loop
      vertex -133.748 49.423 0
      vertex -132.6 48.177 0
      vertex -132.731 48.302 0
    endloop
  endfacet
  facet normal 0 0 -1
    outer loop
      vertex -105.651 100.571 0
      vertex -132.748 108.53 0
      vertex -95.252 108.53 0
    endloop
  endfacet
  facet normal 0 0 -1
    outer loop
      vertex -106.202 100.202 0
      vertex -132.748 108.53 0
      vertex -106.035 100.349 0
    endloop
  endfacet
  facet normal 0 0 -1
    outer loop
      vertex -106.349 100.035 0
      vertex -132.748 108.53 0
      vertex -106.202 100.202 0
    endloop
  endfacet
  facet normal 0 0 -1
    outer loop
      vertex -106.472 99.85 0
      vertex -132.748 108.53 0
      vertex -106.349 100.035 0
    endloop
  endfacet
  facet normal 0 0 -1
    outer loop
      vertex -106.685 99.2219 0
      vertex -132.748 108.53 0
      vertex -106.642 99.44 0
    endloop
  endfacet
  facet normal 0 0 -1
    outer loop
      vertex -133.748 49.423 0
      vertex -132.731 48.302 0
      vertex -132.882 48.4 0
    endloop
  endfacet
  facet normal 0 0 -1
    outer loop
      vertex -106.642 99.44 0
      vertex -132.748 108.53 0
      vertex -106.571 99.6506 0
    endloop
  endfacet
  facet normal 0 0 -1
    outer loop
      vertex -133.748 49.423 0
      vertex -132.882 48.4 0
      vertex -133.048 48.47 0
    endloop
  endfacet
  facet normal 0 0 -1
    outer loop
      vertex -106.571 99.6506 0
      vertex -132.748 108.53 0
      vertex -106.472 99.85 0
    endloop
  endfacet
  facet normal 0 0 -1
    outer loop
      vertex -133.748 49.423 0
      vertex -133.048 48.47 0
      vertex -133.215 48.539 0
    endloop
  endfacet
  facet normal 0 0 -1
    outer loop
      vertex -132.748 108.53 0
      vertex -133.748 107.53 0
      vertex -132.943 108.511 0
    endloop
  endfacet
  facet normal 0 0 -1
    outer loop
      vertex -133.748 49.423 0
      vertex -133.215 48.539 0
      vertex -133.367 48.638 0
    endloop
  endfacet
  facet normal 0 0 -1
    outer loop
      vertex -132.943 108.511 0
      vertex -133.748 107.53 0
      vertex -133.131 108.454 0
    endloop
  endfacet
  facet normal 0 0 -1
    outer loop
      vertex -133.748 49.423 0
      vertex -133.367 48.638 0
      vertex -133.498 48.762 0
    endloop
  endfacet
  facet normal 0 0 -1
    outer loop
      vertex -133.131 108.454 0
      vertex -133.748 107.53 0
      vertex -133.304 108.361 0
    endloop
  endfacet
  facet normal 0 0 -1
    outer loop
      vertex -133.748 49.423 0
      vertex -133.498 48.762 0
      vertex -133.604 48.907 0
    endloop
  endfacet
  facet normal 0 0 -1
    outer loop
      vertex -133.304 108.361 0
      vertex -133.748 107.53 0
      vertex -133.455 108.237 0
    endloop
  endfacet
  facet normal 0 0 -1
    outer loop
      vertex -133.748 49.423 0
      vertex -133.604 48.907 0
      vertex -133.683 49.069 0
    endloop
  endfacet
  facet normal 0 0 -1
    outer loop
      vertex -133.455 108.237 0
      vertex -133.748 107.53 0
      vertex -133.58 108.085 0
    endloop
  endfacet
  facet normal 0 0 -1
    outer loop
      vertex -133.748 49.423 0
      vertex -133.683 49.069 0
      vertex -133.732 49.244 0
    endloop
  endfacet
  facet normal 0 0 -1
    outer loop
      vertex -133.58 108.085 0
      vertex -133.748 107.53 0
      vertex -133.672 107.912 0
    endloop
  endfacet
  facet normal 0 0 -1
    outer loop
      vertex -133.672 107.912 0
      vertex -133.748 107.53 0
      vertex -133.729 107.725 0
    endloop
  endfacet
  facet normal -0 0 -1
    outer loop
      vertex -57.6447 52.0224 0
      vertex -94.192 51.879 0
      vertex -57.655 52.179 0
    endloop
  endfacet
  facet normal 0 -0 -1
    outer loop
      vertex -94.192 51.879 0
      vertex -57.6447 52.0224 0
      vertex -94.2023 51.7224 0
    endloop
  endfacet
  facet normal -0 0 -1
    outer loop
      vertex -57.6141 51.8684 0
      vertex -94.2023 51.7224 0
      vertex -57.6447 52.0224 0
    endloop
  endfacet
  facet normal 0 0 -1
    outer loop
      vertex -77.1572 21.278 0
      vertex -94.3494 15.5706 0
      vertex -94.56 15.6421 0
    endloop
  endfacet
  facet normal 0 0 -1
    outer loop
      vertex -73.5139 24.0736 0
      vertex -94.3528 51.279 0
      vertex -94.2833 51.4198 0
    endloop
  endfacet
  facet normal 0 0 -1
    outer loop
      vertex -73.5139 24.0736 0
      vertex -94.44 51.1485 0
      vertex -94.3528 51.279 0
    endloop
  endfacet
  facet normal 0 0 -1
    outer loop
      vertex -74.2571 23.8213 0
      vertex -94.5435 51.0305 0
      vertex -94.44 51.1485 0
    endloop
  endfacet
  facet normal -0 0 -1
    outer loop
      vertex -76.7211 21.9306 0
      vertex -94.56 15.6421 0
      vertex -95.0814 50.7199 0
    endloop
  endfacet
  facet normal 0 0 -1
    outer loop
      vertex -74.961 23.4742 0
      vertex -94.6615 50.927 0
      vertex -94.5435 51.0305 0
    endloop
  endfacet
  facet normal 0 0 -1
    outer loop
      vertex -95.0814 50.7199 0
      vertex -94.56 15.6421 0
      vertex -94.7781 15.6855 0
    endloop
  endfacet
  facet normal 0 0 -1
    outer loop
      vertex -75.6136 23.0381 0
      vertex -94.792 50.8398 0
      vertex -94.6615 50.927 0
    endloop
  endfacet
  facet normal 0 0 -1
    outer loop
      vertex -76.2036 22.5206 0
      vertex -94.9328 50.7703 0
      vertex -94.792 50.8398 0
    endloop
  endfacet
  facet normal 0 0 -1
    outer loop
      vertex -95.2354 50.6893 0
      vertex -94.7781 15.6855 0
      vertex -95 15.7 0
    endloop
  endfacet
  facet normal 0 0 -1
    outer loop
      vertex -76.2036 22.5206 0
      vertex -95.0814 50.7199 0
      vertex -94.9328 50.7703 0
    endloop
  endfacet
  facet normal 0 0 -1
    outer loop
      vertex -95.392 50.679 0
      vertex -95 15.7 0
      vertex -95.2219 15.6855 0
    endloop
  endfacet
  facet normal 0 0 -1
    outer loop
      vertex -94.7781 15.6855 0
      vertex -95.2354 50.6893 0
      vertex -95.0814 50.7199 0
    endloop
  endfacet
  facet normal 0 0 -1
    outer loop
      vertex -95 15.7 0
      vertex -95.392 50.679 0
      vertex -95.2354 50.6893 0
    endloop
  endfacet
  facet normal 0 0 -1
    outer loop
      vertex -95.5486 50.6893 0
      vertex -95.2219 15.6855 0
      vertex -95.44 15.6421 0
    endloop
  endfacet
  facet normal 0 0 -1
    outer loop
      vertex -95.2219 15.6855 0
      vertex -95.5486 50.6893 0
      vertex -95.392 50.679 0
    endloop
  endfacet
  facet normal 0 0 -1
    outer loop
      vertex -95.7026 50.7199 0
      vertex -95.44 15.6421 0
      vertex -95.6506 15.5706 0
    endloop
  endfacet
  facet normal 0 0 -1
    outer loop
      vertex -95.44 15.6421 0
      vertex -95.7026 50.7199 0
      vertex -95.5486 50.6893 0
    endloop
  endfacet
  facet normal 0 0 -1
    outer loop
      vertex -95.8512 50.7703 0
      vertex -95.6506 15.5706 0
      vertex -95.85 15.4722 0
    endloop
  endfacet
  facet normal 0 0 -1
    outer loop
      vertex -95.6506 15.5706 0
      vertex -95.8512 50.7703 0
      vertex -95.7026 50.7199 0
    endloop
  endfacet
  facet normal 0 0 -1
    outer loop
      vertex -95.85 15.4722 0
      vertex -95.992 50.8398 0
      vertex -95.8512 50.7703 0
    endloop
  endfacet
  facet normal 0 0 -1
    outer loop
      vertex -96.0349 15.3487 0
      vertex -95.992 50.8398 0
      vertex -95.85 15.4722 0
    endloop
  endfacet
  facet normal 0 0 -1
    outer loop
      vertex -96.0349 15.3487 0
      vertex -96.1225 50.927 0
      vertex -95.992 50.8398 0
    endloop
  endfacet
  facet normal 0 0 -1
    outer loop
      vertex -127.676 25.0772 0
      vertex -96.0349 15.3487 0
      vertex -96.2021 15.2021 0
    endloop
  endfacet
  facet normal 0 0 -1
    outer loop
      vertex -96.0349 15.3487 0
      vertex -127.676 25.0772 0
      vertex -96.1225 50.927 0
    endloop
  endfacet
  facet normal 0 0 -1
    outer loop
      vertex -127.746 25.218 0
      vertex -96.1225 50.927 0
      vertex -127.676 25.0772 0
    endloop
  endfacet
  facet normal 0 0 -1
    outer loop
      vertex -127.676 25.0772 0
      vertex -96.2021 15.2021 0
      vertex -96.3487 15.0349 0
    endloop
  endfacet
  facet normal -0 0 -1
    outer loop
      vertex -96.1225 50.927 0
      vertex -127.746 25.218 0
      vertex -96.2405 51.0305 0
    endloop
  endfacet
  facet normal 0 0 -1
    outer loop
      vertex -127.676 25.0772 0
      vertex -96.3487 15.0349 0
      vertex -96.4722 14.85 0
    endloop
  endfacet
  facet normal 0 0 -1
    outer loop
      vertex -127.833 25.3485 0
      vertex -96.2405 51.0305 0
      vertex -127.746 25.218 0
    endloop
  endfacet
  facet normal 0 0 -1
    outer loop
      vertex -127.676 25.0772 0
      vertex -96.4722 14.85 0
      vertex -96.5706 14.6506 0
    endloop
  endfacet
  facet normal -0 0 -1
    outer loop
      vertex -96.2405 51.0305 0
      vertex -127.833 25.3485 0
      vertex -96.344 51.1485 0
    endloop
  endfacet
  facet normal 0 0 -1
    outer loop
      vertex -127.676 25.0772 0
      vertex -96.5706 14.6506 0
      vertex -96.6421 14.44 0
    endloop
  endfacet
  facet normal 0 0 -1
    outer loop
      vertex -127.936 25.4665 0
      vertex -96.344 51.1485 0
      vertex -127.833 25.3485 0
    endloop
  endfacet
  facet normal 0 0 -1
    outer loop
      vertex -127.676 25.0772 0
      vertex -96.6421 14.44 0
      vertex -96.6855 14.2219 0
    endloop
  endfacet
  facet normal -0 0 -1
    outer loop
      vertex -77.9097 17.4948 0
      vertex -93.4294 14.6506 0
      vertex -77.961 18.278 0
    endloop
  endfacet
  facet normal 0 0 -1
    outer loop
      vertex -57.6447 52.3356 0
      vertex -94.2023 52.0356 0
      vertex -94.2329 52.1896 0
    endloop
  endfacet
  facet normal 0 0 -1
    outer loop
      vertex -58.492 94.98 0
      vertex -76.201 111.03 0
      vertex -76.006 111.049 0
    endloop
  endfacet
  facet normal 0 0 -1
    outer loop
      vertex -77.961 18.278 0
      vertex -93.4294 14.6506 0
      vertex -93.5278 14.85 0
    endloop
  endfacet
  facet normal 0 0 -1
    outer loop
      vertex -58.3312 95.58 0
      vertex -75.646 111.198 0
      vertex -75.494 111.323 0
    endloop
  endfacet
  facet normal 0 0 -1
    outer loop
      vertex -58.4817 94.8234 0
      vertex -76.201 111.03 0
      vertex -58.492 94.98 0
    endloop
  endfacet
  facet normal 0 0 -1
    outer loop
      vertex -77.9097 19.0612 0
      vertex -93.5278 14.85 0
      vertex -93.6513 15.0349 0
    endloop
  endfacet
  facet normal 0 -0 -1
    outer loop
      vertex -93.356 92.479 0
      vertex -58.4817 94.8234 0
      vertex -93.3663 92.3224 0
    endloop
  endfacet
  facet normal 0 0 -1
    outer loop
      vertex -77.9097 19.0612 0
      vertex -93.6513 15.0349 0
      vertex -93.7979 15.2021 0
    endloop
  endfacet
  facet normal 0 -0 -1
    outer loop
      vertex -76.201 111.03 0
      vertex -58.4817 94.8234 0
      vertex -93.356 92.479 0
    endloop
  endfacet
  facet normal 0 0 -1
    outer loop
      vertex -77.7566 19.8309 0
      vertex -93.7979 15.2021 0
      vertex -93.9651 15.3487 0
    endloop
  endfacet
  facet normal 0 0 -1
    outer loop
      vertex -58.4817 95.1366 0
      vertex -76.006 111.049 0
      vertex -75.819 111.106 0
    endloop
  endfacet
  facet normal -0 0 -1
    outer loop
      vertex -58.4511 94.6694 0
      vertex -93.3663 92.3224 0
      vertex -58.4817 94.8234 0
    endloop
  endfacet
  facet normal 0 0 -1
    outer loop
      vertex -77.5043 20.5741 0
      vertex -93.9651 15.3487 0
      vertex -94.15 15.4722 0
    endloop
  endfacet
  facet normal 0 0 -1
    outer loop
      vertex -57.407 52.9095 0
      vertex -94.44 52.6095 0
      vertex -94.5435 52.7275 0
    endloop
  endfacet
  facet normal 0 0 -1
    outer loop
      vertex -77.1572 21.278 0
      vertex -94.15 15.4722 0
      vertex -94.3494 15.5706 0
    endloop
  endfacet
  facet normal -0 0 -1
    outer loop
      vertex -58.4007 94.5208 0
      vertex -93.3969 92.1684 0
      vertex -58.4511 94.6694 0
    endloop
  endfacet
  facet normal -0 0 -1
    outer loop
      vertex -57.3035 53.0275 0
      vertex -94.5435 52.7275 0
      vertex -93.7075 91.6305 0
    endloop
  endfacet
  facet normal 0 -0 -1
    outer loop
      vertex -93.3969 92.1684 0
      vertex -58.4007 94.5208 0
      vertex -93.4473 92.0198 0
    endloop
  endfacet
  facet normal -0 0 -1
    outer loop
      vertex -58.3312 94.38 0
      vertex -93.4473 92.0198 0
      vertex -58.4007 94.5208 0
    endloop
  endfacet
  facet normal 0 0 -1
    outer loop
      vertex -93.7075 91.6305 0
      vertex -94.5435 52.7275 0
      vertex -93.8255 91.527 0
    endloop
  endfacet
  facet normal 0 0 -1
    outer loop
      vertex -94.6615 52.831 0
      vertex -93.8255 91.527 0
      vertex -94.5435 52.7275 0
    endloop
  endfacet
  facet normal 0 0 -1
    outer loop
      vertex -93.8255 91.527 0
      vertex -94.6615 52.831 0
      vertex -93.956 91.4398 0
    endloop
  endfacet
  facet normal 0 0 -1
    outer loop
      vertex -94.792 52.9182 0
      vertex -93.956 91.4398 0
      vertex -94.6615 52.831 0
    endloop
  endfacet
  facet normal 0 0 -1
    outer loop
      vertex -93.956 91.4398 0
      vertex -94.792 52.9182 0
      vertex -94.0968 91.3703 0
    endloop
  endfacet
  facet normal 0 0 -1
    outer loop
      vertex -94.9328 52.9877 0
      vertex -94.0968 91.3703 0
      vertex -94.792 52.9182 0
    endloop
  endfacet
  facet normal 0 0 -1
    outer loop
      vertex -94.0968 91.3703 0
      vertex -94.9328 52.9877 0
      vertex -94.2454 91.3199 0
    endloop
  endfacet
  facet normal 0 0 -1
    outer loop
      vertex -95.0814 53.0381 0
      vertex -94.2454 91.3199 0
      vertex -94.9328 52.9877 0
    endloop
  endfacet
  facet normal 0 0 -1
    outer loop
      vertex -94.2454 91.3199 0
      vertex -95.0814 53.0381 0
      vertex -94.3994 91.2893 0
    endloop
  endfacet
  facet normal 0 0 -1
    outer loop
      vertex -95.2354 53.0687 0
      vertex -94.3994 91.2893 0
      vertex -95.0814 53.0381 0
    endloop
  endfacet
  facet normal 0 0 -1
    outer loop
      vertex -94.3994 91.2893 0
      vertex -95.2354 53.0687 0
      vertex -94.556 91.279 0
    endloop
  endfacet
  facet normal 0 0 -1
    outer loop
      vertex -95.392 53.079 0
      vertex -94.556 91.279 0
      vertex -95.2354 53.0687 0
    endloop
  endfacet
  facet normal -0 0 -1
    outer loop
      vertex -94.556 91.279 0
      vertex -95.392 53.079 0
      vertex -94.7126 91.2893 0
    endloop
  endfacet
  facet normal 0 0 -1
    outer loop
      vertex -95.5486 53.0687 0
      vertex -94.7126 91.2893 0
      vertex -95.392 53.079 0
    endloop
  endfacet
  facet normal -0 0 -1
    outer loop
      vertex -94.7126 91.2893 0
      vertex -95.5486 53.0687 0
      vertex -94.8666 91.3199 0
    endloop
  endfacet
  facet normal 0 0 -1
    outer loop
      vertex -95.7026 53.0381 0
      vertex -94.8666 91.3199 0
      vertex -95.5486 53.0687 0
    endloop
  endfacet
  facet normal -0 0 -1
    outer loop
      vertex -94.8666 91.3199 0
      vertex -95.7026 53.0381 0
      vertex -95.0152 91.3703 0
    endloop
  endfacet
  facet normal 0 0 -1
    outer loop
      vertex -95.8512 52.9877 0
      vertex -95.0152 91.3703 0
      vertex -95.7026 53.0381 0
    endloop
  endfacet
  facet normal -0 0 -1
    outer loop
      vertex -95.0152 91.3703 0
      vertex -95.8512 52.9877 0
      vertex -95.156 91.4398 0
    endloop
  endfacet
  facet normal 0 0 -1
    outer loop
      vertex -95.992 52.9182 0
      vertex -95.156 91.4398 0
      vertex -95.8512 52.9877 0
    endloop
  endfacet
  facet normal -0 0 -1
    outer loop
      vertex -95.156 91.4398 0
      vertex -95.992 52.9182 0
      vertex -95.2865 91.527 0
    endloop
  endfacet
  facet normal 0 0 -1
    outer loop
      vertex -96.1225 52.831 0
      vertex -95.2865 91.527 0
      vertex -95.992 52.9182 0
    endloop
  endfacet
  facet normal -0 0 -1
    outer loop
      vertex -95.2865 91.527 0
      vertex -96.1225 52.831 0
      vertex -95.4045 91.6305 0
    endloop
  endfacet
  facet normal 0 0 -1
    outer loop
      vertex -105.44 97.3579 0
      vertex -95.4045 91.6305 0
      vertex -96.1225 52.831 0
    endloop
  endfacet
  facet normal 0 0 -1
    outer loop
      vertex -95.4045 91.6305 0
      vertex -105.44 97.3579 0
      vertex -95.508 91.7485 0
    endloop
  endfacet
  facet normal -0 -0 -1
    outer loop
      vertex -105.222 97.3145 0
      vertex -95.508 91.7485 0
      vertex -105.44 97.3579 0
    endloop
  endfacet
  facet normal 0 0 -1
    outer loop
      vertex -95.508 91.7485 0
      vertex -105.222 97.3145 0
      vertex -95.5952 91.879 0
    endloop
  endfacet
  facet normal 0 0 -1
    outer loop
      vertex -93.3579 14.44 0
      vertex -81.588 9.57201 0
      vertex -93.3145 14.2219 0
    endloop
  endfacet
  facet normal 0 0 -1
    outer loop
      vertex -93.3663 92.6356 0
      vertex -76.201 111.03 0
      vertex -93.356 92.479 0
    endloop
  endfacet
  facet normal 0 0 -1
    outer loop
      vertex -93.3969 92.7896 0
      vertex -76.201 111.03 0
      vertex -93.3663 92.6356 0
    endloop
  endfacet
  facet normal 0 0 -1
    outer loop
      vertex -93.4473 92.9382 0
      vertex -76.201 111.03 0
      vertex -93.3969 92.7896 0
    endloop
  endfacet
  facet normal 0 0 -1
    outer loop
      vertex -93.5168 93.079 0
      vertex -76.201 111.03 0
      vertex -93.4473 92.9382 0
    endloop
  endfacet
  facet normal 0 0 -1
    outer loop
      vertex -93.604 93.2095 0
      vertex -76.201 111.03 0
      vertex -93.5168 93.079 0
    endloop
  endfacet
  facet normal 0 0 -1
    outer loop
      vertex -93.7075 93.3275 0
      vertex -76.201 111.03 0
      vertex -93.604 93.2095 0
    endloop
  endfacet
  facet normal -0 0 -1
    outer loop
      vertex -76.201 111.03 0
      vertex -94.271 109.335 0
      vertex -93.251 111.03 0
    endloop
  endfacet
  facet normal 0 0 -1
    outer loop
      vertex -94.252 110.029 0
      vertex -93.251 111.03 0
      vertex -94.252 109.529 0
    endloop
  endfacet
  facet normal 0 0 -1
    outer loop
      vertex -76.201 111.03 0
      vertex -93.7075 93.3275 0
      vertex -94.271 109.335 0
    endloop
  endfacet
  facet normal 0 0 -1
    outer loop
      vertex -93.251 111.03 0
      vertex -94.252 110.029 0
      vertex -93.447 111.01 0
    endloop
  endfacet
  facet normal 0 0 -1
    outer loop
      vertex -94.271 109.335 0
      vertex -93.7075 93.3275 0
      vertex -93.8255 93.431 0
    endloop
  endfacet
  facet normal 0 0 -1
    outer loop
      vertex -94.271 109.335 0
      vertex -93.8255 93.431 0
      vertex -93.956 93.5182 0
    endloop
  endfacet
  facet normal 0 0 -1
    outer loop
      vertex -93.447 111.01 0
      vertex -94.252 110.029 0
      vertex -93.634 110.953 0
    endloop
  endfacet
  facet normal 0 0 -1
    outer loop
      vertex -93.634 110.953 0
      vertex -94.252 110.029 0
      vertex -93.807 110.861 0
    endloop
  endfacet
  facet normal 0 0 -1
    outer loop
      vertex -94.271 109.335 0
      vertex -93.956 93.5182 0
      vertex -94.0968 93.5877 0
    endloop
  endfacet
  facet normal 0 0 -1
    outer loop
      vertex -93.807 110.861 0
      vertex -94.252 110.029 0
      vertex -93.959 110.737 0
    endloop
  endfacet
  facet normal 0 0 -1
    outer loop
      vertex -93.959 110.737 0
      vertex -94.252 110.029 0
      vertex -94.083 110.585 0
    endloop
  endfacet
  facet normal 0 0 -1
    outer loop
      vertex -94.869 108.605 0
      vertex -94.0968 93.5877 0
      vertex -94.2454 93.6381 0
    endloop
  endfacet
  facet normal 0 0 -1
    outer loop
      vertex -94.083 110.585 0
      vertex -94.252 110.029 0
      vertex -94.175 110.412 0
    endloop
  endfacet
  facet normal 0 0 -1
    outer loop
      vertex -94.175 110.412 0
      vertex -94.252 110.029 0
      vertex -94.232 110.225 0
    endloop
  endfacet
  facet normal 0 0 -1
    outer loop
      vertex -95.0152 93.5877 0
      vertex -103.3 99 0
      vertex -103.315 99.2219 0
    endloop
  endfacet
  facet normal 0 0 -1
    outer loop
      vertex -95.156 93.5182 0
      vertex -103.315 98.7781 0
      vertex -103.3 99 0
    endloop
  endfacet
  facet normal 0 0 -1
    outer loop
      vertex -95.2865 93.431 0
      vertex -103.358 98.56 0
      vertex -103.315 98.7781 0
    endloop
  endfacet
  facet normal 0 0 -1
    outer loop
      vertex -95.4045 93.3275 0
      vertex -103.429 98.3494 0
      vertex -103.358 98.56 0
    endloop
  endfacet
  facet normal 0 0 -1
    outer loop
      vertex -95.5952 93.079 0
      vertex -103.651 97.9651 0
      vertex -103.528 98.15 0
    endloop
  endfacet
  facet normal 0 0 -1
    outer loop
      vertex -95.6647 92.9382 0
      vertex -103.798 97.7979 0
      vertex -103.651 97.9651 0
    endloop
  endfacet
  facet normal 0 0 -1
    outer loop
      vertex -95.7151 92.7896 0
      vertex -103.965 97.6513 0
      vertex -103.798 97.7979 0
    endloop
  endfacet
  facet normal 0 0 -1
    outer loop
      vertex -95.7457 92.6356 0
      vertex -104.15 97.5278 0
      vertex -103.965 97.6513 0
    endloop
  endfacet
  facet normal 0 0 -1
    outer loop
      vertex -95.756 92.479 0
      vertex -104.349 97.4294 0
      vertex -104.15 97.5278 0
    endloop
  endfacet
  facet normal 0 0 -1
    outer loop
      vertex -132.414 47.87 0
      vertex -96.592 51.879 0
      vertex -132.366 47.696 0
    endloop
  endfacet
  facet normal 0 0 -1
    outer loop
      vertex -96.5511 52.1896 0
      vertex -132.414 47.87 0
      vertex -132.493 48.032 0
    endloop
  endfacet
  facet normal 0 0 -1
    outer loop
      vertex -95.7457 92.3224 0
      vertex -104.349 97.4294 0
      vertex -95.756 92.479 0
    endloop
  endfacet
  facet normal 0 0 -1
    outer loop
      vertex -119.681 11.9716 0
      vertex -100.583 9.43901 0
      vertex -119.671 11.815 0
    endloop
  endfacet
  facet normal 0 0 -1
    outer loop
      vertex -119.712 12.1256 0
      vertex -100.583 9.43901 0
      vertex -119.681 11.9716 0
    endloop
  endfacet
  facet normal 0 0 -1
    outer loop
      vertex -119.712 11.5044 0
      vertex -100.583 9.43901 0
      vertex -119.41 6.112 0
    endloop
  endfacet
  facet normal 0 0 -1
    outer loop
      vertex -119.762 12.2742 0
      vertex -100.583 9.43901 0
      vertex -119.712 12.1256 0
    endloop
  endfacet
  facet normal 0 0 -1
    outer loop
      vertex -119.832 12.415 0
      vertex -100.583 9.43901 0
      vertex -119.762 12.2742 0
    endloop
  endfacet
  facet normal 0 0 -1
    outer loop
      vertex -119.919 12.5455 0
      vertex -100.583 9.43901 0
      vertex -119.832 12.415 0
    endloop
  endfacet
  facet normal 0 0 -1
    outer loop
      vertex -96.6855 14.2219 0
      vertex -120.022 12.6635 0
      vertex -120.14 12.767 0
    endloop
  endfacet
  facet normal 0 0 -1
    outer loop
      vertex -96.5007 52.3382 0
      vertex -132.493 48.032 0
      vertex -132.6 48.177 0
    endloop
  endfacet
  facet normal 0 -0 -1
    outer loop
      vertex -104.349 97.4294 0
      vertex -95.7457 92.3224 0
      vertex -104.56 97.3579 0
    endloop
  endfacet
  facet normal 0 0 -1
    outer loop
      vertex -96.4312 52.479 0
      vertex -132.6 48.177 0
      vertex -133.748 49.423 0
    endloop
  endfacet
  facet normal 0 0 -1
    outer loop
      vertex -95.7151 92.1684 0
      vertex -104.56 97.3579 0
      vertex -95.7457 92.3224 0
    endloop
  endfacet
  facet normal -0 0 -1
    outer loop
      vertex -96.2405 52.7275 0
      vertex -133.748 49.423 0
      vertex -105.651 97.4294 0
    endloop
  endfacet
  facet normal 0 -0 -1
    outer loop
      vertex -104.56 97.3579 0
      vertex -95.7151 92.1684 0
      vertex -104.778 97.3145 0
    endloop
  endfacet
  facet normal 0 0 1
    outer loop
      vertex -58.151 113.53 2
      vertex -57.151 112.529 2
      vertex -57.166 112.703 2
    endloop
  endfacet
  facet normal 0 0 1
    outer loop
      vertex -39.101 108.83 2
      vertex -38.101 107.83 2
      vertex -38.116 108.003 2
    endloop
  endfacet
  facet normal -0 0 1
    outer loop
      vertex -33.3 93.0555 2
      vertex -19.9321 83.5896 2
      vertex -32.9302 93.3026 2
    endloop
  endfacet
  facet normal 0 0 1
    outer loop
      vertex -19.8122 82.679 2
      vertex -31.6291 14.4438 2
      vertex -31.6 14 2
    endloop
  endfacet
  facet normal 0 0 1
    outer loop
      vertex -19.9321 83.5896 2
      vertex -33.3 93.0555 2
      vertex -19.9627 83.4356 2
    endloop
  endfacet
  facet normal 0 0 1
    outer loop
      vertex -19.8122 82.679 2
      vertex -31.7159 14.88 2
      vertex -31.6291 14.4438 2
    endloop
  endfacet
  facet normal -0 0 1
    outer loop
      vertex -33.6989 92.8588 2
      vertex -19.9627 83.4356 2
      vertex -33.3 93.0555 2
    endloop
  endfacet
  facet normal 0 0 1
    outer loop
      vertex -19.8122 82.679 2
      vertex -31.8588 15.3011 2
      vertex -31.7159 14.88 2
    endloop
  endfacet
  facet normal 0 0 1
    outer loop
      vertex -19.9627 83.4356 2
      vertex -33.6989 92.8588 2
      vertex -19.973 83.279 2
    endloop
  endfacet
  facet normal 0 0 1
    outer loop
      vertex -19.8122 82.679 2
      vertex -32.0555 15.7 2
      vertex -31.8588 15.3011 2
    endloop
  endfacet
  facet normal -0 0 1
    outer loop
      vertex -34.12 92.7159 2
      vertex -19.973 83.279 2
      vertex -33.6989 92.8588 2
    endloop
  endfacet
  facet normal 0 0 1
    outer loop
      vertex -19.8122 82.679 2
      vertex -32.3026 16.0698 2
      vertex -32.0555 15.7 2
    endloop
  endfacet
  facet normal 0 0 1
    outer loop
      vertex -19.973 83.279 2
      vertex -34.12 92.7159 2
      vertex -19.9627 83.1224 2
    endloop
  endfacet
  facet normal 0 0 1
    outer loop
      vertex -19.8122 82.679 2
      vertex -32.5958 16.4042 2
      vertex -32.3026 16.0698 2
    endloop
  endfacet
  facet normal 0 0 1
    outer loop
      vertex -19.9627 83.1224 2
      vertex -34.12 92.7159 2
      vertex -19.9321 82.9684 2
    endloop
  endfacet
  facet normal 0 0 1
    outer loop
      vertex -19.8122 82.679 2
      vertex -32.9302 16.6974 2
      vertex -32.5958 16.4042 2
    endloop
  endfacet
  facet normal -0 0 1
    outer loop
      vertex -34.5562 92.6291 2
      vertex -19.9321 82.9684 2
      vertex -34.12 92.7159 2
    endloop
  endfacet
  facet normal 0 0 1
    outer loop
      vertex -19.8122 82.679 2
      vertex -33.3 16.9445 2
      vertex -32.9302 16.6974 2
    endloop
  endfacet
  facet normal 0 0 1
    outer loop
      vertex -19.9321 82.9684 2
      vertex -34.5562 92.6291 2
      vertex -19.8817 82.8198 2
    endloop
  endfacet
  facet normal 0 0 1
    outer loop
      vertex -55.2653 52.0224 2
      vertex -19.8122 82.679 2
      vertex -55.255 52.179 2
    endloop
  endfacet
  facet normal -0 0 1
    outer loop
      vertex -35 92.6 2
      vertex -19.8817 82.8198 2
      vertex -34.5562 92.6291 2
    endloop
  endfacet
  facet normal 0 0 1
    outer loop
      vertex -19.8122 82.679 2
      vertex -33.6989 17.1412 2
      vertex -33.3 16.9445 2
    endloop
  endfacet
  facet normal 0 0 1
    outer loop
      vertex -19.8817 82.8198 2
      vertex -35 92.6 2
      vertex -19.8122 82.679 2
    endloop
  endfacet
  facet normal 0 0 1
    outer loop
      vertex -19.8122 82.679 2
      vertex -55.2653 52.0224 2
      vertex -33.6989 17.1412 2
    endloop
  endfacet
  facet normal 0 0 1
    outer loop
      vertex -35.4438 92.6291 2
      vertex -19.8122 82.679 2
      vertex -35 92.6 2
    endloop
  endfacet
  facet normal 0 0 1
    outer loop
      vertex -33.6989 17.1412 2
      vertex -55.2653 52.0224 2
      vertex -34.12 17.2841 2
    endloop
  endfacet
  facet normal 0 0 1
    outer loop
      vertex -55.6065 53.0275 2
      vertex -19.8122 82.679 2
      vertex -35.4438 92.6291 2
    endloop
  endfacet
  facet normal -0 0 1
    outer loop
      vertex -55.2959 51.8684 2
      vertex -34.12 17.2841 2
      vertex -55.2653 52.0224 2
    endloop
  endfacet
  facet normal 0 0 1
    outer loop
      vertex -55.6065 53.0275 2
      vertex -35.4438 92.6291 2
      vertex -35.88 92.7159 2
    endloop
  endfacet
  facet normal 0 0 1
    outer loop
      vertex -34.12 17.2841 2
      vertex -55.2959 51.8684 2
      vertex -34.5562 17.3709 2
    endloop
  endfacet
  facet normal 0 0 1
    outer loop
      vertex -55.7245 53.131 2
      vertex -35.88 92.7159 2
      vertex -36.3011 92.8588 2
    endloop
  endfacet
  facet normal -0 0 1
    outer loop
      vertex -55.3463 51.7198 2
      vertex -34.5562 17.3709 2
      vertex -55.2959 51.8684 2
    endloop
  endfacet
  facet normal 0 0 1
    outer loop
      vertex -55.855 53.2182 2
      vertex -36.3011 92.8588 2
      vertex -36.7 93.0555 2
    endloop
  endfacet
  facet normal 0 0 1
    outer loop
      vertex -34.5562 17.3709 2
      vertex -55.3463 51.7198 2
      vertex -35 17.4 2
    endloop
  endfacet
  facet normal 0 0 1
    outer loop
      vertex -56.692 93.9408 2
      vertex -36.7 93.0555 2
      vertex -37.0698 93.3026 2
    endloop
  endfacet
  facet normal -0 0 1
    outer loop
      vertex -55.4158 51.579 2
      vertex -35 17.4 2
      vertex -55.3463 51.7198 2
    endloop
  endfacet
  facet normal 0 0 1
    outer loop
      vertex -56.5615 94.028 2
      vertex -37.0698 93.3026 2
      vertex -37.4042 93.5958 2
    endloop
  endfacet
  facet normal 0 0 1
    outer loop
      vertex -35 17.4 2
      vertex -55.4158 51.579 2
      vertex -35.4438 17.3709 2
    endloop
  endfacet
  facet normal 0 0 1
    outer loop
      vertex -56.4435 94.1315 2
      vertex -37.4042 93.5958 2
      vertex -37.6974 93.9302 2
    endloop
  endfacet
  facet normal -0 0 1
    outer loop
      vertex -55.503 51.4485 2
      vertex -35.4438 17.3709 2
      vertex -55.4158 51.579 2
    endloop
  endfacet
  facet normal -0 0 1
    outer loop
      vertex -56.34 94.2495 2
      vertex -37.6974 93.9302 2
      vertex -37.9445 94.3 2
    endloop
  endfacet
  facet normal 0 0 1
    outer loop
      vertex -35.4438 17.3709 2
      vertex -55.503 51.4485 2
      vertex -35.88 17.2841 2
    endloop
  endfacet
  facet normal -0 0 1
    outer loop
      vertex -56.2528 94.38 2
      vertex -37.9445 94.3 2
      vertex -38.1412 94.6989 2
    endloop
  endfacet
  facet normal -0 0 1
    outer loop
      vertex -55.6065 51.3305 2
      vertex -35.88 17.2841 2
      vertex -55.503 51.4485 2
    endloop
  endfacet
  facet normal 0 0 1
    outer loop
      vertex -56.1329 94.6694 2
      vertex -38.1412 94.6989 2
      vertex -38.2841 95.12 2
    endloop
  endfacet
  facet normal -0 0 1
    outer loop
      vertex -59.716 26.4607 2
      vertex -35.88 17.2841 2
      vertex -55.6065 51.3305 2
    endloop
  endfacet
  facet normal 0 0 1
    outer loop
      vertex -56.1023 94.8234 2
      vertex -38.2841 95.12 2
      vertex -38.3709 95.5562 2
    endloop
  endfacet
  facet normal 0 0 1
    outer loop
      vertex -35.88 17.2841 2
      vertex -59.716 26.4607 2
      vertex -36.3011 17.1412 2
    endloop
  endfacet
  facet normal 0 0 1
    outer loop
      vertex -56.092 94.98 2
      vertex -38.3709 95.5562 2
      vertex -38.4 96 2
    endloop
  endfacet
  facet normal 0 0 1
    outer loop
      vertex -36.3011 17.1412 2
      vertex -59.716 26.4607 2
      vertex -36.7 16.9445 2
    endloop
  endfacet
  facet normal 0 0 1
    outer loop
      vertex -17.6643 82.8198 2
      vertex 0 100.829 2
      vertex -17.6139 82.9684 2
    endloop
  endfacet
  facet normal 0 0 1
    outer loop
      vertex 0 8.578 2
      vertex -17.5833 26.2846 2
      vertex -17.573 26.128 2
    endloop
  endfacet
  facet normal 0 0 1
    outer loop
      vertex -17.7338 82.679 2
      vertex 0 100.829 2
      vertex -17.6643 82.8198 2
    endloop
  endfacet
  facet normal 0 0 1
    outer loop
      vertex 0 8.578 2
      vertex -17.6139 26.4386 2
      vertex -17.5833 26.2846 2
    endloop
  endfacet
  facet normal 0 0 1
    outer loop
      vertex 0 100.829 2
      vertex -17.7338 82.679 2
      vertex 0 8.578 2
    endloop
  endfacet
  facet normal 0 0 1
    outer loop
      vertex 0 8.578 2
      vertex -17.6643 26.5872 2
      vertex -17.6139 26.4386 2
    endloop
  endfacet
  facet normal -0 0 1
    outer loop
      vertex -17.7338 26.728 2
      vertex 0 8.578 2
      vertex -17.7338 82.679 2
    endloop
  endfacet
  facet normal 0 0 1
    outer loop
      vertex 0 8.578 2
      vertex -17.7338 26.728 2
      vertex -17.6643 26.5872 2
    endloop
  endfacet
  facet normal -0 0 1
    outer loop
      vertex -17.821 82.5485 2
      vertex -17.7338 26.728 2
      vertex -17.7338 82.679 2
    endloop
  endfacet
  facet normal 0 0 1
    outer loop
      vertex -17.821 82.5485 2
      vertex -17.821 26.8585 2
      vertex -17.7338 26.728 2
    endloop
  endfacet
  facet normal -0 0 1
    outer loop
      vertex -17.9245 82.4305 2
      vertex -17.821 26.8585 2
      vertex -17.821 82.5485 2
    endloop
  endfacet
  facet normal 0 0 1
    outer loop
      vertex -17.9245 82.4305 2
      vertex -17.9245 26.9765 2
      vertex -17.821 26.8585 2
    endloop
  endfacet
  facet normal -0 0 1
    outer loop
      vertex -18.0425 82.327 2
      vertex -17.9245 26.9765 2
      vertex -17.9245 82.4305 2
    endloop
  endfacet
  facet normal 0 0 1
    outer loop
      vertex -18.0425 82.327 2
      vertex -18.0425 27.08 2
      vertex -17.9245 26.9765 2
    endloop
  endfacet
  facet normal -0 0 1
    outer loop
      vertex -18.173 82.2398 2
      vertex -18.0425 27.08 2
      vertex -18.0425 82.327 2
    endloop
  endfacet
  facet normal 0 0 1
    outer loop
      vertex -18.173 82.2398 2
      vertex -18.173 27.1672 2
      vertex -18.0425 27.08 2
    endloop
  endfacet
  facet normal -0 0 1
    outer loop
      vertex -18.3138 82.1703 2
      vertex -18.173 27.1672 2
      vertex -18.173 82.2398 2
    endloop
  endfacet
  facet normal 0 0 1
    outer loop
      vertex -18.3138 82.1703 2
      vertex -18.3138 27.2367 2
      vertex -18.173 27.1672 2
    endloop
  endfacet
  facet normal -0 0 1
    outer loop
      vertex -18.4624 82.1199 2
      vertex -18.3138 27.2367 2
      vertex -18.3138 82.1703 2
    endloop
  endfacet
  facet normal 0 0 1
    outer loop
      vertex -18.4624 82.1199 2
      vertex -18.4624 27.2871 2
      vertex -18.3138 27.2367 2
    endloop
  endfacet
  facet normal -0 0 1
    outer loop
      vertex -18.6164 82.0893 2
      vertex -18.4624 27.2871 2
      vertex -18.4624 82.1199 2
    endloop
  endfacet
  facet normal 0 0 1
    outer loop
      vertex -18.6164 82.0893 2
      vertex -18.6164 27.3177 2
      vertex -18.4624 27.2871 2
    endloop
  endfacet
  facet normal -0 0 1
    outer loop
      vertex -18.773 82.079 2
      vertex -18.6164 27.3177 2
      vertex -18.6164 82.0893 2
    endloop
  endfacet
  facet normal 0 0 1
    outer loop
      vertex -18.773 82.079 2
      vertex -18.773 27.328 2
      vertex -18.6164 27.3177 2
    endloop
  endfacet
  facet normal 0 0 1
    outer loop
      vertex -18.9296 82.0893 2
      vertex -18.773 27.328 2
      vertex -18.773 82.079 2
    endloop
  endfacet
  facet normal 0 0 1
    outer loop
      vertex -18.9296 82.0893 2
      vertex -18.9296 27.3177 2
      vertex -18.773 27.328 2
    endloop
  endfacet
  facet normal 0 0 1
    outer loop
      vertex -19.0836 82.1199 2
      vertex -18.9296 27.3177 2
      vertex -18.9296 82.0893 2
    endloop
  endfacet
  facet normal 0 0 1
    outer loop
      vertex -19.0836 82.1199 2
      vertex -19.0836 27.2871 2
      vertex -18.9296 27.3177 2
    endloop
  endfacet
  facet normal 0 0 1
    outer loop
      vertex -19.2322 82.1703 2
      vertex -19.0836 27.2871 2
      vertex -19.0836 82.1199 2
    endloop
  endfacet
  facet normal 0 0 1
    outer loop
      vertex -19.2322 82.1703 2
      vertex -19.2322 27.2367 2
      vertex -19.0836 27.2871 2
    endloop
  endfacet
  facet normal 0 0 1
    outer loop
      vertex -19.373 82.2398 2
      vertex -19.2322 27.2367 2
      vertex -19.2322 82.1703 2
    endloop
  endfacet
  facet normal 0 0 1
    outer loop
      vertex -19.373 82.2398 2
      vertex -19.373 27.1672 2
      vertex -19.2322 27.2367 2
    endloop
  endfacet
  facet normal 0 0 1
    outer loop
      vertex -19.5035 82.327 2
      vertex -19.373 27.1672 2
      vertex -19.373 82.2398 2
    endloop
  endfacet
  facet normal 0 0 1
    outer loop
      vertex -19.5035 82.327 2
      vertex -19.5035 27.08 2
      vertex -19.373 27.1672 2
    endloop
  endfacet
  facet normal 0 0 1
    outer loop
      vertex -19.6215 82.4305 2
      vertex -19.5035 27.08 2
      vertex -19.5035 82.327 2
    endloop
  endfacet
  facet normal 0 0 1
    outer loop
      vertex -19.6215 82.4305 2
      vertex -19.6215 26.9765 2
      vertex -19.5035 27.08 2
    endloop
  endfacet
  facet normal 0 0 1
    outer loop
      vertex -19.725 82.5485 2
      vertex -19.6215 26.9765 2
      vertex -19.6215 82.4305 2
    endloop
  endfacet
  facet normal 0 0 1
    outer loop
      vertex -19.725 82.5485 2
      vertex -19.725 26.8585 2
      vertex -19.6215 26.9765 2
    endloop
  endfacet
  facet normal 0 0 1
    outer loop
      vertex -19.8122 82.679 2
      vertex -19.725 26.8585 2
      vertex -19.725 82.5485 2
    endloop
  endfacet
  facet normal 0 0 1
    outer loop
      vertex -19.8122 82.679 2
      vertex -19.8122 26.728 2
      vertex -19.725 26.8585 2
    endloop
  endfacet
  facet normal -0 0 1
    outer loop
      vertex -32.9302 93.3026 2
      vertex -19.8817 83.7382 2
      vertex -32.5958 93.5958 2
    endloop
  endfacet
  facet normal 0 0 1
    outer loop
      vertex -19.8122 82.679 2
      vertex -31.6 14 2
      vertex -19.8122 26.728 2
    endloop
  endfacet
  facet normal 0 0 1
    outer loop
      vertex -19.8122 83.879 2
      vertex -32.5958 93.5958 2
      vertex -19.8817 83.7382 2
    endloop
  endfacet
  facet normal 0 0 1
    outer loop
      vertex -19.8122 26.728 2
      vertex -31.6 14 2
      vertex -19.8817 26.5872 2
    endloop
  endfacet
  facet normal -0 0 1
    outer loop
      vertex -32.5958 93.5958 2
      vertex -19.8122 83.879 2
      vertex -32.3026 93.9302 2
    endloop
  endfacet
  facet normal 0 0 1
    outer loop
      vertex -19.8817 26.5872 2
      vertex -31.6 14 2
      vertex -19.9321 26.4386 2
    endloop
  endfacet
  facet normal 0 0 1
    outer loop
      vertex -19.725 84.0095 2
      vertex -32.3026 93.9302 2
      vertex -19.8122 83.879 2
    endloop
  endfacet
  facet normal 0 0 1
    outer loop
      vertex -19.9321 26.4386 2
      vertex -31.6 14 2
      vertex -19.9627 26.2846 2
    endloop
  endfacet
  facet normal 0 0 1
    outer loop
      vertex -17.5833 83.1224 2
      vertex 0 100.829 2
      vertex -17.573 83.279 2
    endloop
  endfacet
  facet normal 0 0 1
    outer loop
      vertex -1 101.829 2
      vertex 0 100.829 2
      vertex -0.0189972 101.024 2
    endloop
  endfacet
  facet normal 0 0 1
    outer loop
      vertex -17.6139 82.9684 2
      vertex 0 100.829 2
      vertex -17.5833 83.1224 2
    endloop
  endfacet
  facet normal 0 0 1
    outer loop
      vertex -1 101.829 2
      vertex -0.0189972 101.024 2
      vertex -0.0759888 101.213 2
    endloop
  endfacet
  facet normal -0 0 1
    outer loop
      vertex -17.5833 25.9714 2
      vertex 0 8.578 2
      vertex -17.573 26.128 2
    endloop
  endfacet
  facet normal 0 0 1
    outer loop
      vertex -1 101.829 2
      vertex -0.0759888 101.213 2
      vertex -0.167999 101.385 2
    endloop
  endfacet
  facet normal -0 0 1
    outer loop
      vertex -17.6139 25.8174 2
      vertex 0 8.578 2
      vertex -17.5833 25.9714 2
    endloop
  endfacet
  facet normal 0 0 1
    outer loop
      vertex -1 101.829 2
      vertex -0.167999 101.385 2
      vertex -0.292999 101.537 2
    endloop
  endfacet
  facet normal -0 0 1
    outer loop
      vertex -17.6643 25.6688 2
      vertex 0 8.578 2
      vertex -17.6139 25.8174 2
    endloop
  endfacet
  facet normal 0 0 1
    outer loop
      vertex -1 101.829 2
      vertex -0.292999 101.537 2
      vertex -0.444992 101.661 2
    endloop
  endfacet
  facet normal -0 0 1
    outer loop
      vertex -17.7338 25.528 2
      vertex 0 8.578 2
      vertex -17.6643 25.6688 2
    endloop
  endfacet
  facet normal 0 0 1
    outer loop
      vertex -1 101.829 2
      vertex -0.444992 101.661 2
      vertex -0.616989 101.753 2
    endloop
  endfacet
  facet normal -0 0 1
    outer loop
      vertex -17.821 25.3975 2
      vertex 0 8.578 2
      vertex -17.7338 25.528 2
    endloop
  endfacet
  facet normal 0 0 1
    outer loop
      vertex -1 101.829 2
      vertex -0.616989 101.753 2
      vertex -0.804993 101.81 2
    endloop
  endfacet
  facet normal -0 0 1
    outer loop
      vertex -17.9245 25.2795 2
      vertex 0 8.578 2
      vertex -17.821 25.3975 2
    endloop
  endfacet
  facet normal 0 0 1
    outer loop
      vertex -17.9245 84.1275 2
      vertex 0 100.829 2
      vertex -1 101.829 2
    endloop
  endfacet
  facet normal 0 0 1
    outer loop
      vertex 0 8.578 2
      vertex -1 7.578 2
      vertex -0.0149994 8.405 2
    endloop
  endfacet
  facet normal 0 0 1
    outer loop
      vertex -0.0599976 8.23601 2
      vertex -1 7.578 2
      vertex -0.133987 8.078 2
    endloop
  endfacet
  facet normal 0 0 1
    outer loop
      vertex 0 100.829 2
      vertex -17.5833 83.4356 2
      vertex -17.573 83.279 2
    endloop
  endfacet
  facet normal 0 0 1
    outer loop
      vertex 0 100.829 2
      vertex -17.6139 83.5896 2
      vertex -17.5833 83.4356 2
    endloop
  endfacet
  facet normal 0 0 1
    outer loop
      vertex 0 100.829 2
      vertex -17.6643 83.7382 2
      vertex -17.6139 83.5896 2
    endloop
  endfacet
  facet normal 0 0 1
    outer loop
      vertex 0 100.829 2
      vertex -17.7338 83.879 2
      vertex -17.6643 83.7382 2
    endloop
  endfacet
  facet normal 0 0 1
    outer loop
      vertex 0 100.829 2
      vertex -17.821 84.0095 2
      vertex -17.7338 83.879 2
    endloop
  endfacet
  facet normal 0 0 1
    outer loop
      vertex 0 100.829 2
      vertex -17.9245 84.1275 2
      vertex -17.821 84.0095 2
    endloop
  endfacet
  facet normal 0 0 1
    outer loop
      vertex -1 101.829 2
      vertex -18.0425 84.231 2
      vertex -17.9245 84.1275 2
    endloop
  endfacet
  facet normal 0 0 1
    outer loop
      vertex -1 101.829 2
      vertex -18.173 84.3182 2
      vertex -18.0425 84.231 2
    endloop
  endfacet
  facet normal 0 0 1
    outer loop
      vertex -1 101.829 2
      vertex -18.3138 84.3877 2
      vertex -18.173 84.3182 2
    endloop
  endfacet
  facet normal 0 0 1
    outer loop
      vertex -1 101.829 2
      vertex -18.4624 84.4381 2
      vertex -18.3138 84.3877 2
    endloop
  endfacet
  facet normal 0 0 1
    outer loop
      vertex -1 101.829 2
      vertex -18.6164 84.4687 2
      vertex -18.4624 84.4381 2
    endloop
  endfacet
  facet normal -0 0 1
    outer loop
      vertex -31.7159 96.88 2
      vertex -18.6164 84.4687 2
      vertex -1 101.829 2
    endloop
  endfacet
  facet normal -0 -0 1
    outer loop
      vertex -31.6291 96.4438 2
      vertex -18.6164 84.4687 2
      vertex -31.7159 96.88 2
    endloop
  endfacet
  facet normal -0 -0 1
    outer loop
      vertex -31.6 96 2
      vertex -18.773 84.479 2
      vertex -31.6291 96.4438 2
    endloop
  endfacet
  facet normal 0 0 1
    outer loop
      vertex -18.773 84.479 2
      vertex -31.6 96 2
      vertex -18.9296 84.4687 2
    endloop
  endfacet
  facet normal -0 0 1
    outer loop
      vertex -31.6291 95.5562 2
      vertex -18.9296 84.4687 2
      vertex -31.6 96 2
    endloop
  endfacet
  facet normal 0 0 1
    outer loop
      vertex -18.9296 84.4687 2
      vertex -31.6291 95.5562 2
      vertex -19.0836 84.4381 2
    endloop
  endfacet
  facet normal 0 0 1
    outer loop
      vertex -19.0836 84.4381 2
      vertex -31.6291 95.5562 2
      vertex -19.2322 84.3877 2
    endloop
  endfacet
  facet normal 0 0 1
    outer loop
      vertex -19.8817 83.7382 2
      vertex -32.9302 93.3026 2
      vertex -19.9321 83.5896 2
    endloop
  endfacet
  facet normal 0 0 1
    outer loop
      vertex -19.6215 84.1275 2
      vertex -32.3026 93.9302 2
      vertex -19.725 84.0095 2
    endloop
  endfacet
  facet normal -0 0 1
    outer loop
      vertex -32.3026 93.9302 2
      vertex -19.6215 84.1275 2
      vertex -32.0555 94.3 2
    endloop
  endfacet
  facet normal 0 0 1
    outer loop
      vertex -19.5035 84.231 2
      vertex -32.0555 94.3 2
      vertex -19.6215 84.1275 2
    endloop
  endfacet
  facet normal -0 0 1
    outer loop
      vertex -32.0555 94.3 2
      vertex -19.5035 84.231 2
      vertex -31.8588 94.6989 2
    endloop
  endfacet
  facet normal 0 0 1
    outer loop
      vertex -19.373 84.3182 2
      vertex -31.8588 94.6989 2
      vertex -19.5035 84.231 2
    endloop
  endfacet
  facet normal -0 0 1
    outer loop
      vertex -31.8588 94.6989 2
      vertex -19.373 84.3182 2
      vertex -31.7159 95.12 2
    endloop
  endfacet
  facet normal -0 0 1
    outer loop
      vertex -31.7159 95.12 2
      vertex -19.2322 84.3877 2
      vertex -31.6291 95.5562 2
    endloop
  endfacet
  facet normal 0 0 1
    outer loop
      vertex -19.2322 84.3877 2
      vertex -31.7159 95.12 2
      vertex -19.373 84.3182 2
    endloop
  endfacet
  facet normal 0 0 1
    outer loop
      vertex -18.6164 84.4687 2
      vertex -31.6291 96.4438 2
      vertex -18.773 84.479 2
    endloop
  endfacet
  facet normal 0 0 1
    outer loop
      vertex -1 101.829 2
      vertex -31.8588 97.3011 2
      vertex -31.7159 96.88 2
    endloop
  endfacet
  facet normal 0 0 1
    outer loop
      vertex -1 101.829 2
      vertex -32.0555 97.7 2
      vertex -31.8588 97.3011 2
    endloop
  endfacet
  facet normal 0 0 1
    outer loop
      vertex -1 101.829 2
      vertex -32.3026 98.0698 2
      vertex -32.0555 97.7 2
    endloop
  endfacet
  facet normal 0 0 1
    outer loop
      vertex -1 101.829 2
      vertex -32.5958 98.4042 2
      vertex -32.3026 98.0698 2
    endloop
  endfacet
  facet normal 0 0 1
    outer loop
      vertex -1 101.829 2
      vertex -32.9302 98.6974 2
      vertex -32.5958 98.4042 2
    endloop
  endfacet
  facet normal 0 0 1
    outer loop
      vertex -1 101.829 2
      vertex -33.3 98.9445 2
      vertex -32.9302 98.6974 2
    endloop
  endfacet
  facet normal -0 0 1
    outer loop
      vertex -37.101 101.829 2
      vertex -33.3 98.9445 2
      vertex -1 101.829 2
    endloop
  endfacet
  facet normal 0 0 1
    outer loop
      vertex -33.3 98.9445 2
      vertex -37.101 101.829 2
      vertex -33.6989 99.1412 2
    endloop
  endfacet
  facet normal 0 0 1
    outer loop
      vertex -33.6989 99.1412 2
      vertex -37.101 101.829 2
      vertex -34.12 99.2841 2
    endloop
  endfacet
  facet normal 0 0 1
    outer loop
      vertex -34.12 99.2841 2
      vertex -37.101 101.829 2
      vertex -34.5562 99.3709 2
    endloop
  endfacet
  facet normal 0 0 1
    outer loop
      vertex -34.5562 99.3709 2
      vertex -37.101 101.829 2
      vertex -35 99.4 2
    endloop
  endfacet
  facet normal 0 0 1
    outer loop
      vertex -35 99.4 2
      vertex -37.101 101.829 2
      vertex -35.4438 99.3709 2
    endloop
  endfacet
  facet normal 0 0 1
    outer loop
      vertex -37.101 101.829 2
      vertex -35.88 99.2841 2
      vertex -35.4438 99.3709 2
    endloop
  endfacet
  facet normal 0 0 1
    outer loop
      vertex -37.101 101.829 2
      vertex -36.3011 99.1412 2
      vertex -35.88 99.2841 2
    endloop
  endfacet
  facet normal 0 0 1
    outer loop
      vertex -37.101 101.829 2
      vertex -36.7 98.9445 2
      vertex -36.3011 99.1412 2
    endloop
  endfacet
  facet normal 0 0 1
    outer loop
      vertex -37.296 101.849 2
      vertex -36.7 98.9445 2
      vertex -37.101 101.829 2
    endloop
  endfacet
  facet normal 0 0 1
    outer loop
      vertex -36.7 98.9445 2
      vertex -37.296 101.849 2
      vertex -37.0698 98.6974 2
    endloop
  endfacet
  facet normal 0 0 1
    outer loop
      vertex -37.483 101.906 2
      vertex -37.0698 98.6974 2
      vertex -37.296 101.849 2
    endloop
  endfacet
  facet normal 0 0 1
    outer loop
      vertex -37.656 101.998 2
      vertex -37.0698 98.6974 2
      vertex -37.483 101.906 2
    endloop
  endfacet
  facet normal 0 0 1
    outer loop
      vertex -37.0698 98.6974 2
      vertex -37.656 101.998 2
      vertex -37.4042 98.4042 2
    endloop
  endfacet
  facet normal 0 0 1
    outer loop
      vertex -37.808 102.122 2
      vertex -37.4042 98.4042 2
      vertex -37.656 101.998 2
    endloop
  endfacet
  facet normal 0 0 1
    outer loop
      vertex -37.4042 98.4042 2
      vertex -37.808 102.122 2
      vertex -37.6974 98.0698 2
    endloop
  endfacet
  facet normal 0 0 1
    outer loop
      vertex -37.932 102.274 2
      vertex -37.6974 98.0698 2
      vertex -37.808 102.122 2
    endloop
  endfacet
  facet normal 0 0 1
    outer loop
      vertex -37.932 102.274 2
      vertex -37.9445 97.7 2
      vertex -37.6974 98.0698 2
    endloop
  endfacet
  facet normal 0 0 1
    outer loop
      vertex -38.024 102.447 2
      vertex -37.9445 97.7 2
      vertex -37.932 102.274 2
    endloop
  endfacet
  facet normal 0 0 1
    outer loop
      vertex -38.1412 97.3011 2
      vertex -38.024 102.447 2
      vertex -38.081 102.635 2
    endloop
  endfacet
  facet normal 0 0 1
    outer loop
      vertex -56.34 95.7105 2
      vertex -38.081 102.635 2
      vertex -38.101 102.83 2
    endloop
  endfacet
  facet normal 0 0 1
    outer loop
      vertex -38.024 102.447 2
      vertex -38.1412 97.3011 2
      vertex -37.9445 97.7 2
    endloop
  endfacet
  facet normal 0 0 1
    outer loop
      vertex -38.101 107.83 2
      vertex -39.101 108.83 2
      vertex -38.101 102.83 2
    endloop
  endfacet
  facet normal 0 0 1
    outer loop
      vertex -39.101 108.83 2
      vertex -38.116 108.003 2
      vertex -38.161 108.172 2
    endloop
  endfacet
  facet normal 0 0 1
    outer loop
      vertex -39.101 108.83 2
      vertex -38.161 108.172 2
      vertex -38.235 108.33 2
    endloop
  endfacet
  facet normal -0 0 1
    outer loop
      vertex -56.151 108.83 2
      vertex -38.101 102.83 2
      vertex -39.101 108.83 2
    endloop
  endfacet
  facet normal 0 0 1
    outer loop
      vertex -38.458 108.595 2
      vertex -38.235 108.33 2
      vertex -38.334 108.473 2
    endloop
  endfacet
  facet normal 0 0 1
    outer loop
      vertex -56.34 95.7105 2
      vertex -38.101 102.83 2
      vertex -56.151 108.83 2
    endloop
  endfacet
  facet normal 0 0 1
    outer loop
      vertex -38.081 102.635 2
      vertex -56.34 95.7105 2
      vertex -56.2528 95.58 2
    endloop
  endfacet
  facet normal 0 0 1
    outer loop
      vertex -38.081 102.635 2
      vertex -38.2841 96.88 2
      vertex -38.1412 97.3011 2
    endloop
  endfacet
  facet normal 0 0 1
    outer loop
      vertex -38.235 108.33 2
      vertex -38.458 108.595 2
      vertex -39.101 108.83 2
    endloop
  endfacet
  facet normal 0 0 1
    outer loop
      vertex -0.356995 7.81201 2
      vertex -1 7.578 2
      vertex -0.5 7.71201 2
    endloop
  endfacet
  facet normal 0 0 1
    outer loop
      vertex -0.65799 7.638 2
      vertex -1 7.578 2
      vertex -0.825989 7.593 2
    endloop
  endfacet
  facet normal 0 0 1
    outer loop
      vertex -0.5 7.71201 2
      vertex -1 7.578 2
      vertex -0.65799 7.638 2
    endloop
  endfacet
  facet normal 0 0 1
    outer loop
      vertex -0.233994 7.93501 2
      vertex -1 7.578 2
      vertex -0.356995 7.81201 2
    endloop
  endfacet
  facet normal 0 0 1
    outer loop
      vertex -0.133987 8.078 2
      vertex -1 7.578 2
      vertex -0.233994 7.93501 2
    endloop
  endfacet
  facet normal 0 0 1
    outer loop
      vertex -0.0149994 8.405 2
      vertex -1 7.578 2
      vertex -0.0599976 8.23601 2
    endloop
  endfacet
  facet normal 0 0 1
    outer loop
      vertex 0 8.578 2
      vertex -17.9245 25.2795 2
      vertex -1 7.578 2
    endloop
  endfacet
  facet normal -0 0 1
    outer loop
      vertex -18.0425 25.176 2
      vertex -1 7.578 2
      vertex -17.9245 25.2795 2
    endloop
  endfacet
  facet normal -0 0 1
    outer loop
      vertex -18.173 25.0888 2
      vertex -1 7.578 2
      vertex -18.0425 25.176 2
    endloop
  endfacet
  facet normal -0 0 1
    outer loop
      vertex -18.3138 25.0193 2
      vertex -1 7.578 2
      vertex -18.173 25.0888 2
    endloop
  endfacet
  facet normal -0 0 1
    outer loop
      vertex -18.4624 24.9689 2
      vertex -1 7.578 2
      vertex -18.3138 25.0193 2
    endloop
  endfacet
  facet normal -0 0 1
    outer loop
      vertex -18.6164 24.9383 2
      vertex -1 7.578 2
      vertex -18.4624 24.9689 2
    endloop
  endfacet
  facet normal 0 0 1
    outer loop
      vertex -31.6291 13.5562 2
      vertex -18.6164 24.9383 2
      vertex -18.773 24.928 2
    endloop
  endfacet
  facet normal 0 0 1
    outer loop
      vertex -31.6291 13.5562 2
      vertex -18.773 24.928 2
      vertex -18.9296 24.9383 2
    endloop
  endfacet
  facet normal 0 0 1
    outer loop
      vertex -31.6 14 2
      vertex -18.9296 24.9383 2
      vertex -19.0836 24.9689 2
    endloop
  endfacet
  facet normal 0 0 1
    outer loop
      vertex -31.6 14 2
      vertex -19.0836 24.9689 2
      vertex -19.2322 25.0193 2
    endloop
  endfacet
  facet normal 0 0 1
    outer loop
      vertex -31.6 14 2
      vertex -19.2322 25.0193 2
      vertex -19.373 25.0888 2
    endloop
  endfacet
  facet normal 0 0 1
    outer loop
      vertex -31.6 14 2
      vertex -19.373 25.0888 2
      vertex -19.5035 25.176 2
    endloop
  endfacet
  facet normal 0 0 1
    outer loop
      vertex -31.6 14 2
      vertex -19.5035 25.176 2
      vertex -19.6215 25.2795 2
    endloop
  endfacet
  facet normal 0 0 1
    outer loop
      vertex -19.9627 26.2846 2
      vertex -31.6 14 2
      vertex -19.973 26.128 2
    endloop
  endfacet
  facet normal 0 0 1
    outer loop
      vertex -19.973 26.128 2
      vertex -31.6 14 2
      vertex -19.9627 25.9714 2
    endloop
  endfacet
  facet normal 0 0 1
    outer loop
      vertex -31.6 14 2
      vertex -19.9321 25.8174 2
      vertex -19.9627 25.9714 2
    endloop
  endfacet
  facet normal 0 0 1
    outer loop
      vertex -31.6 14 2
      vertex -19.8817 25.6688 2
      vertex -19.9321 25.8174 2
    endloop
  endfacet
  facet normal 0 0 1
    outer loop
      vertex -31.6 14 2
      vertex -19.8122 25.528 2
      vertex -19.8817 25.6688 2
    endloop
  endfacet
  facet normal 0 0 1
    outer loop
      vertex -31.6 14 2
      vertex -19.725 25.3975 2
      vertex -19.8122 25.528 2
    endloop
  endfacet
  facet normal 0 0 1
    outer loop
      vertex -31.6 14 2
      vertex -19.6215 25.2795 2
      vertex -19.725 25.3975 2
    endloop
  endfacet
  facet normal 0 0 1
    outer loop
      vertex -18.9296 24.9383 2
      vertex -31.6 14 2
      vertex -31.6291 13.5562 2
    endloop
  endfacet
  facet normal 0 0 1
    outer loop
      vertex -18.6164 24.9383 2
      vertex -31.6291 13.5562 2
      vertex -31.7159 13.12 2
    endloop
  endfacet
  facet normal 0 0 1
    outer loop
      vertex -18.6164 24.9383 2
      vertex -31.7159 13.12 2
      vertex -1 7.578 2
    endloop
  endfacet
  facet normal -0 0 1
    outer loop
      vertex -31.8588 12.6989 2
      vertex -1 7.578 2
      vertex -31.7159 13.12 2
    endloop
  endfacet
  facet normal -0 0 1
    outer loop
      vertex -32.0555 12.3 2
      vertex -1 7.578 2
      vertex -31.8588 12.6989 2
    endloop
  endfacet
  facet normal -0 0 1
    outer loop
      vertex -32.3026 11.9302 2
      vertex -1 7.578 2
      vertex -32.0555 12.3 2
    endloop
  endfacet
  facet normal -0 0 1
    outer loop
      vertex -32.5958 11.5958 2
      vertex -1 7.578 2
      vertex -32.3026 11.9302 2
    endloop
  endfacet
  facet normal -0 0 1
    outer loop
      vertex -32.9302 11.3026 2
      vertex -1 7.578 2
      vertex -32.5958 11.5958 2
    endloop
  endfacet
  facet normal -0 0 1
    outer loop
      vertex -33.3 11.0555 2
      vertex -1 7.578 2
      vertex -32.9302 11.3026 2
    endloop
  endfacet
  facet normal -0 0 1
    outer loop
      vertex -33.6989 10.8588 2
      vertex -1 7.578 2
      vertex -33.3 11.0555 2
    endloop
  endfacet
  facet normal -0 0 1
    outer loop
      vertex -34.12 10.7159 2
      vertex -1 7.578 2
      vertex -33.6989 10.8588 2
    endloop
  endfacet
  facet normal -0 0 1
    outer loop
      vertex -34.5562 10.6291 2
      vertex -1 7.578 2
      vertex -34.12 10.7159 2
    endloop
  endfacet
  facet normal -0 0 1
    outer loop
      vertex -35 10.6 2
      vertex -1 7.578 2
      vertex -34.5562 10.6291 2
    endloop
  endfacet
  facet normal 0 0 1
    outer loop
      vertex -60.9213 8.88998 2
      vertex -35 10.6 2
      vertex -35.4438 10.6291 2
    endloop
  endfacet
  facet normal 0 0 1
    outer loop
      vertex -38.758 108.769 2
      vertex -38.458 108.595 2
      vertex -38.6 108.696 2
    endloop
  endfacet
  facet normal 0 0 1
    outer loop
      vertex -38.458 108.595 2
      vertex -38.758 108.769 2
      vertex -39.101 108.83 2
    endloop
  endfacet
  facet normal 0 0 1
    outer loop
      vertex -39.101 108.83 2
      vertex -38.758 108.769 2
      vertex -38.927 108.815 2
    endloop
  endfacet
  facet normal 0 -0 1
    outer loop
      vertex -56.1833 95.4392 2
      vertex -38.2841 96.88 2
      vertex -56.2528 95.58 2
    endloop
  endfacet
  facet normal 0 0 1
    outer loop
      vertex -19.8122 82.679 2
      vertex -55.2653 52.3356 2
      vertex -55.255 52.179 2
    endloop
  endfacet
  facet normal -0 -0 1
    outer loop
      vertex -59.704 26.278 2
      vertex -37.0698 16.6974 2
      vertex -59.716 26.4607 2
    endloop
  endfacet
  facet normal 0 0 1
    outer loop
      vertex -37.0698 16.6974 2
      vertex -59.704 26.278 2
      vertex -37.4042 16.4042 2
    endloop
  endfacet
  facet normal -0 0 1
    outer loop
      vertex -59.716 26.0953 2
      vertex -37.4042 16.4042 2
      vertex -59.704 26.278 2
    endloop
  endfacet
  facet normal 0 0 1
    outer loop
      vertex -37.4042 16.4042 2
      vertex -59.716 26.0953 2
      vertex -37.6974 16.0698 2
    endloop
  endfacet
  facet normal -0 0 1
    outer loop
      vertex -59.7517 25.9157 2
      vertex -37.6974 16.0698 2
      vertex -59.716 26.0953 2
    endloop
  endfacet
  facet normal 0 0 1
    outer loop
      vertex -37.6974 16.0698 2
      vertex -59.7517 25.9157 2
      vertex -37.9445 15.7 2
    endloop
  endfacet
  facet normal -0 0 1
    outer loop
      vertex -59.8106 25.7422 2
      vertex -37.9445 15.7 2
      vertex -59.7517 25.9157 2
    endloop
  endfacet
  facet normal 0 0 1
    outer loop
      vertex -37.9445 15.7 2
      vertex -59.8106 25.7422 2
      vertex -38.1412 15.3011 2
    endloop
  endfacet
  facet normal -0 0 1
    outer loop
      vertex -59.8916 25.578 2
      vertex -38.1412 15.3011 2
      vertex -59.8106 25.7422 2
    endloop
  endfacet
  facet normal 0 0 1
    outer loop
      vertex -59.716 26.4607 2
      vertex -55.6065 51.3305 2
      vertex -55.7245 51.227 2
    endloop
  endfacet
  facet normal 0 0 1
    outer loop
      vertex -59.716 26.4607 2
      vertex -55.7245 51.227 2
      vertex -55.855 51.1398 2
    endloop
  endfacet
  facet normal 0 0 1
    outer loop
      vertex -59.716 26.4607 2
      vertex -55.855 51.1398 2
      vertex -55.9958 51.0703 2
    endloop
  endfacet
  facet normal 0 0 1
    outer loop
      vertex -59.716 26.4607 2
      vertex -55.9958 51.0703 2
      vertex -56.1444 51.0199 2
    endloop
  endfacet
  facet normal 0 0 1
    outer loop
      vertex -59.716 26.4607 2
      vertex -56.1444 51.0199 2
      vertex -56.2984 50.9893 2
    endloop
  endfacet
  facet normal 0 0 1
    outer loop
      vertex -59.716 26.4607 2
      vertex -56.2984 50.9893 2
      vertex -56.455 50.979 2
    endloop
  endfacet
  facet normal 0 0 1
    outer loop
      vertex -59.716 26.4607 2
      vertex -56.455 50.979 2
      vertex -56.6116 50.9893 2
    endloop
  endfacet
  facet normal 0 0 1
    outer loop
      vertex -59.716 26.4607 2
      vertex -56.6116 50.9893 2
      vertex -56.7656 51.0199 2
    endloop
  endfacet
  facet normal 0 0 1
    outer loop
      vertex -59.716 26.4607 2
      vertex -56.7656 51.0199 2
      vertex -56.9142 51.0703 2
    endloop
  endfacet
  facet normal 0 0 1
    outer loop
      vertex -59.716 26.4607 2
      vertex -56.9142 51.0703 2
      vertex -57.055 51.1398 2
    endloop
  endfacet
  facet normal 0 0 1
    outer loop
      vertex -59.716 26.4607 2
      vertex -57.055 51.1398 2
      vertex -57.1855 51.227 2
    endloop
  endfacet
  facet normal 0 0 1
    outer loop
      vertex -38.1412 15.3011 2
      vertex -59.8916 25.578 2
      vertex -38.2841 14.88 2
    endloop
  endfacet
  facet normal 0 0 1
    outer loop
      vertex -59.716 26.4607 2
      vertex -57.1855 51.227 2
      vertex -57.3035 51.3305 2
    endloop
  endfacet
  facet normal 0 0 1
    outer loop
      vertex -59.716 26.4607 2
      vertex -57.3035 51.3305 2
      vertex -57.407 51.4485 2
    endloop
  endfacet
  facet normal 0 0 1
    outer loop
      vertex -59.716 26.4607 2
      vertex -57.407 51.4485 2
      vertex -57.4942 51.579 2
    endloop
  endfacet
  facet normal 0 0 1
    outer loop
      vertex -57.407 52.9095 2
      vertex -94.44 52.6095 2
      vertex -57.4942 52.779 2
    endloop
  endfacet
  facet normal 0 -0 1
    outer loop
      vertex -94.3528 52.479 2
      vertex -57.4942 52.779 2
      vertex -94.44 52.6095 2
    endloop
  endfacet
  facet normal 0 0 1
    outer loop
      vertex -93.7075 91.6305 2
      vertex -58.0225 94.028 2
      vertex -58.1405 94.1315 2
    endloop
  endfacet
  facet normal 0 0 1
    outer loop
      vertex -93.604 91.7485 2
      vertex -58.1405 94.1315 2
      vertex -58.244 94.2495 2
    endloop
  endfacet
  facet normal 0 0 1
    outer loop
      vertex -93.5168 91.879 2
      vertex -58.244 94.2495 2
      vertex -58.3312 94.38 2
    endloop
  endfacet
  facet normal 0 0 1
    outer loop
      vertex -93.4473 92.0198 2
      vertex -58.3312 94.38 2
      vertex -58.4007 94.5208 2
    endloop
  endfacet
  facet normal 0 0 1
    outer loop
      vertex -93.3969 92.1684 2
      vertex -58.4007 94.5208 2
      vertex -58.4511 94.6694 2
    endloop
  endfacet
  facet normal 0 0 1
    outer loop
      vertex -93.3663 92.3224 2
      vertex -58.4511 94.6694 2
      vertex -58.4817 94.8234 2
    endloop
  endfacet
  facet normal 0 0 1
    outer loop
      vertex -76.201 111.03 2
      vertex -58.4817 94.8234 2
      vertex -58.492 94.98 2
    endloop
  endfacet
  facet normal 0 0 1
    outer loop
      vertex -57.4942 52.779 2
      vertex -94.3528 52.479 2
      vertex -57.5637 52.6382 2
    endloop
  endfacet
  facet normal 0 0 1
    outer loop
      vertex -59.716 26.4607 2
      vertex -57.6447 52.0224 2
      vertex -57.655 52.179 2
    endloop
  endfacet
  facet normal 0 0 1
    outer loop
      vertex -59.716 26.4607 2
      vertex -57.6141 51.8684 2
      vertex -57.6447 52.0224 2
    endloop
  endfacet
  facet normal 0 0 1
    outer loop
      vertex -59.716 26.4607 2
      vertex -57.5637 51.7198 2
      vertex -57.6141 51.8684 2
    endloop
  endfacet
  facet normal 0 0 1
    outer loop
      vertex -59.716 26.4607 2
      vertex -57.4942 51.579 2
      vertex -57.5637 51.7198 2
    endloop
  endfacet
  facet normal -0 0 1
    outer loop
      vertex -59.9933 25.4257 2
      vertex -38.2841 14.88 2
      vertex -59.8916 25.578 2
    endloop
  endfacet
  facet normal 0 -0 1
    outer loop
      vertex -59.8916 10.978 2
      vertex -38.2841 14.88 2
      vertex -59.9933 11.1303 2
    endloop
  endfacet
  facet normal 0 0 1
    outer loop
      vertex -38.2841 14.88 2
      vertex -59.8916 10.978 2
      vertex -38.3709 14.4438 2
    endloop
  endfacet
  facet normal 0 -0 1
    outer loop
      vertex -59.8106 10.8138 2
      vertex -38.3709 14.4438 2
      vertex -59.8916 10.978 2
    endloop
  endfacet
  facet normal 0 0 1
    outer loop
      vertex -38.3709 14.4438 2
      vertex -59.8106 10.8138 2
      vertex -38.4 14 2
    endloop
  endfacet
  facet normal 0 -0 1
    outer loop
      vertex -59.716 10.4607 2
      vertex -38.3709 13.5562 2
      vertex -59.7517 10.6403 2
    endloop
  endfacet
  facet normal 0 0 1
    outer loop
      vertex -59.8916 9.578 2
      vertex -37.6974 11.9302 2
      vertex -59.8106 9.74224 2
    endloop
  endfacet
  facet normal 0 0 1
    outer loop
      vertex -37.6974 11.9302 2
      vertex -59.8916 9.578 2
      vertex -37.4042 11.5958 2
    endloop
  endfacet
  facet normal 0 0 1
    outer loop
      vertex -59.9933 9.42573 2
      vertex -37.4042 11.5958 2
      vertex -59.8916 9.578 2
    endloop
  endfacet
  facet normal 0 0 1
    outer loop
      vertex -37.4042 11.5958 2
      vertex -59.9933 9.42573 2
      vertex -37.0698 11.3026 2
    endloop
  endfacet
  facet normal 0 0 1
    outer loop
      vertex -60.1141 9.28805 2
      vertex -37.0698 11.3026 2
      vertex -59.9933 9.42573 2
    endloop
  endfacet
  facet normal 0 0 1
    outer loop
      vertex -37.0698 11.3026 2
      vertex -60.1141 9.28805 2
      vertex -36.7 11.0555 2
    endloop
  endfacet
  facet normal 0 0 1
    outer loop
      vertex -60.2517 9.1673 2
      vertex -36.7 11.0555 2
      vertex -60.1141 9.28805 2
    endloop
  endfacet
  facet normal 0 0 1
    outer loop
      vertex -36.7 11.0555 2
      vertex -60.2517 9.1673 2
      vertex -36.3011 10.8588 2
    endloop
  endfacet
  facet normal 0 0 1
    outer loop
      vertex -60.404 9.06556 2
      vertex -36.3011 10.8588 2
      vertex -60.2517 9.1673 2
    endloop
  endfacet
  facet normal 0 0 1
    outer loop
      vertex -36.3011 10.8588 2
      vertex -60.404 9.06556 2
      vertex -35.88 10.7159 2
    endloop
  endfacet
  facet normal 0 0 1
    outer loop
      vertex -60.5682 8.98457 2
      vertex -35.88 10.7159 2
      vertex -60.404 9.06556 2
    endloop
  endfacet
  facet normal 0 0 1
    outer loop
      vertex -35.88 10.7159 2
      vertex -60.5682 8.98457 2
      vertex -35.4438 10.6291 2
    endloop
  endfacet
  facet normal 0 0 1
    outer loop
      vertex -60.7417 8.9257 2
      vertex -35.4438 10.6291 2
      vertex -60.5682 8.98457 2
    endloop
  endfacet
  facet normal 0 0 1
    outer loop
      vertex -60.9213 8.88998 2
      vertex -35.4438 10.6291 2
      vertex -60.7417 8.9257 2
    endloop
  endfacet
  facet normal 0 0 1
    outer loop
      vertex -35 10.6 2
      vertex -60.9213 8.88998 2
      vertex -1 7.578 2
    endloop
  endfacet
  facet normal 0 0 1
    outer loop
      vertex -70.469 7.578 2
      vertex -60.9213 8.88998 2
      vertex -61.104 8.878 2
    endloop
  endfacet
  facet normal 0 0 1
    outer loop
      vertex -62.2147 11.1303 2
      vertex -67.2009 14.6254 2
      vertex -62.3164 10.978 2
    endloop
  endfacet
  facet normal 0 0 1
    outer loop
      vertex -62.3164 10.978 2
      vertex -67.2009 14.6254 2
      vertex -62.3974 10.8138 2
    endloop
  endfacet
  facet normal -0 0 1
    outer loop
      vertex -67.7184 14.0354 2
      vertex -62.3974 10.8138 2
      vertex -67.2009 14.6254 2
    endloop
  endfacet
  facet normal 0 0 1
    outer loop
      vertex -62.3974 10.8138 2
      vertex -67.7184 14.0354 2
      vertex -62.4563 10.6403 2
    endloop
  endfacet
  facet normal 0 0 1
    outer loop
      vertex -62.4563 10.6403 2
      vertex -67.7184 14.0354 2
      vertex -62.492 10.4607 2
    endloop
  endfacet
  facet normal -0 0 1
    outer loop
      vertex -68.3084 13.5179 2
      vertex -62.492 10.4607 2
      vertex -67.7184 14.0354 2
    endloop
  endfacet
  facet normal 0 0 1
    outer loop
      vertex -62.492 10.4607 2
      vertex -68.3084 13.5179 2
      vertex -62.504 10.278 2
    endloop
  endfacet
  facet normal -0 0 1
    outer loop
      vertex -68.961 13.0818 2
      vertex -62.504 10.278 2
      vertex -68.3084 13.5179 2
    endloop
  endfacet
  facet normal 0 0 1
    outer loop
      vertex -62.504 10.278 2
      vertex -68.961 13.0818 2
      vertex -62.492 10.0953 2
    endloop
  endfacet
  facet normal 0 0 1
    outer loop
      vertex -70.469 7.578 2
      vertex -62.492 10.0953 2
      vertex -68.961 13.0818 2
    endloop
  endfacet
  facet normal 0 0 1
    outer loop
      vertex -62.492 10.0953 2
      vertex -70.469 7.578 2
      vertex -62.4563 9.91565 2
    endloop
  endfacet
  facet normal 0 0 1
    outer loop
      vertex -62.4563 9.91565 2
      vertex -70.469 7.578 2
      vertex -62.3974 9.74224 2
    endloop
  endfacet
  facet normal 0 0 1
    outer loop
      vertex -62.3974 9.74224 2
      vertex -70.469 7.578 2
      vertex -62.3164 9.578 2
    endloop
  endfacet
  facet normal 0 0 1
    outer loop
      vertex -62.3164 9.578 2
      vertex -70.469 7.578 2
      vertex -62.2147 9.42573 2
    endloop
  endfacet
  facet normal 0 0 1
    outer loop
      vertex -62.2147 9.42573 2
      vertex -70.469 7.578 2
      vertex -62.0939 9.28805 2
    endloop
  endfacet
  facet normal 0 0 1
    outer loop
      vertex -62.0939 9.28805 2
      vertex -70.469 7.578 2
      vertex -61.9563 9.1673 2
    endloop
  endfacet
  facet normal 0 0 1
    outer loop
      vertex -70.469 7.578 2
      vertex -68.961 13.0818 2
      vertex -69.6649 12.7347 2
    endloop
  endfacet
  facet normal 0 0 1
    outer loop
      vertex -61.9563 9.1673 2
      vertex -70.469 7.578 2
      vertex -61.804 9.06556 2
    endloop
  endfacet
  facet normal 0 0 1
    outer loop
      vertex -70.469 7.578 2
      vertex -69.6649 12.7347 2
      vertex -70.4081 12.4824 2
    endloop
  endfacet
  facet normal 0 0 1
    outer loop
      vertex -60.9213 8.88998 2
      vertex -70.469 7.578 2
      vertex -1 7.578 2
    endloop
  endfacet
  facet normal 0 0 1
    outer loop
      vertex -61.2867 8.88998 2
      vertex -70.469 7.578 2
      vertex -61.104 8.878 2
    endloop
  endfacet
  facet normal 0 0 1
    outer loop
      vertex -61.4663 8.9257 2
      vertex -70.469 7.578 2
      vertex -61.2867 8.88998 2
    endloop
  endfacet
  facet normal 0 0 1
    outer loop
      vertex -61.6398 8.98457 2
      vertex -70.469 7.578 2
      vertex -61.4663 8.9257 2
    endloop
  endfacet
  facet normal 0 0 1
    outer loop
      vertex -61.804 9.06556 2
      vertex -70.469 7.578 2
      vertex -61.6398 8.98457 2
    endloop
  endfacet
  facet normal -0 0 1
    outer loop
      vertex -71.1778 12.3293 2
      vertex -70.469 7.578 2
      vertex -70.4081 12.4824 2
    endloop
  endfacet
  facet normal 0 0 1
    outer loop
      vertex -71.1778 12.3293 2
      vertex -71.227 7.65001 2
      vertex -70.469 7.578 2
    endloop
  endfacet
  facet normal -0 0 1
    outer loop
      vertex -71.961 12.278 2
      vertex -71.227 7.65001 2
      vertex -71.1778 12.3293 2
    endloop
  endfacet
  facet normal 0 0 1
    outer loop
      vertex -72.7442 12.3293 2
      vertex -71.227 7.65001 2
      vertex -71.961 12.278 2
    endloop
  endfacet
  facet normal 0 0 1
    outer loop
      vertex -73.5139 12.4824 2
      vertex -71.227 7.65001 2
      vertex -72.7442 12.3293 2
    endloop
  endfacet
  facet normal 0 0 1
    outer loop
      vertex -74.2571 12.7347 2
      vertex -71.227 7.65001 2
      vertex -73.5139 12.4824 2
    endloop
  endfacet
  facet normal 0 0 1
    outer loop
      vertex -80.812 9.49901 2
      vertex -74.2571 12.7347 2
      vertex -74.961 13.0818 2
    endloop
  endfacet
  facet normal 0 0 1
    outer loop
      vertex -80.812 9.49901 2
      vertex -74.961 13.0818 2
      vertex -75.6136 13.5179 2
    endloop
  endfacet
  facet normal 0 0 1
    outer loop
      vertex -80.812 9.49901 2
      vertex -75.6136 13.5179 2
      vertex -76.2036 14.0354 2
    endloop
  endfacet
  facet normal 0 0 1
    outer loop
      vertex -80.812 9.49901 2
      vertex -76.2036 14.0354 2
      vertex -76.7211 14.6254 2
    endloop
  endfacet
  facet normal 0 0 1
    outer loop
      vertex -74.2571 12.7347 2
      vertex -80.812 9.49901 2
      vertex -71.227 7.65001 2
    endloop
  endfacet
  facet normal 0 0 1
    outer loop
      vertex -77.1572 15.278 2
      vertex -80.812 9.49901 2
      vertex -76.7211 14.6254 2
    endloop
  endfacet
  facet normal 0 0 1
    outer loop
      vertex -81.588 9.57201 2
      vertex -77.1572 15.278 2
      vertex -77.5043 15.9819 2
    endloop
  endfacet
  facet normal 0 0 1
    outer loop
      vertex -81.588 9.57201 2
      vertex -77.5043 15.9819 2
      vertex -77.7566 16.7251 2
    endloop
  endfacet
  facet normal 0 0 1
    outer loop
      vertex -81.588 9.57201 2
      vertex -77.7566 16.7251 2
      vertex -77.9097 17.4948 2
    endloop
  endfacet
  facet normal 0 0 1
    outer loop
      vertex -91.7159 14.88 2
      vertex -77.9097 17.4948 2
      vertex -77.961 18.278 2
    endloop
  endfacet
  facet normal 0 0 1
    outer loop
      vertex -36.7 16.9445 2
      vertex -59.716 26.4607 2
      vertex -37.0698 16.6974 2
    endloop
  endfacet
  facet normal 0 0 1
    outer loop
      vertex -19.8122 82.679 2
      vertex -55.2959 52.4896 2
      vertex -55.2653 52.3356 2
    endloop
  endfacet
  facet normal 0 0 1
    outer loop
      vertex -19.8122 82.679 2
      vertex -55.3463 52.6382 2
      vertex -55.2959 52.4896 2
    endloop
  endfacet
  facet normal 0 0 1
    outer loop
      vertex -19.8122 82.679 2
      vertex -55.4158 52.779 2
      vertex -55.3463 52.6382 2
    endloop
  endfacet
  facet normal 0 0 1
    outer loop
      vertex -19.8122 82.679 2
      vertex -55.503 52.9095 2
      vertex -55.4158 52.779 2
    endloop
  endfacet
  facet normal 0 0 1
    outer loop
      vertex -37.9445 94.3 2
      vertex -56.2528 94.38 2
      vertex -56.34 94.2495 2
    endloop
  endfacet
  facet normal 0 0 1
    outer loop
      vertex -37.6974 93.9302 2
      vertex -56.34 94.2495 2
      vertex -56.4435 94.1315 2
    endloop
  endfacet
  facet normal 0 0 1
    outer loop
      vertex -19.8122 82.679 2
      vertex -55.6065 53.0275 2
      vertex -55.503 52.9095 2
    endloop
  endfacet
  facet normal 0 0 1
    outer loop
      vertex -37.4042 93.5958 2
      vertex -56.4435 94.1315 2
      vertex -56.5615 94.028 2
    endloop
  endfacet
  facet normal 0 0 1
    outer loop
      vertex -38.3709 95.5562 2
      vertex -56.092 94.98 2
      vertex -56.1023 94.8234 2
    endloop
  endfacet
  facet normal 0 0 1
    outer loop
      vertex -38.4 96 2
      vertex -56.1023 95.1366 2
      vertex -56.092 94.98 2
    endloop
  endfacet
  facet normal 0 0 1
    outer loop
      vertex -38.3709 96.4438 2
      vertex -56.1023 95.1366 2
      vertex -38.4 96 2
    endloop
  endfacet
  facet normal 0 0 1
    outer loop
      vertex -38.081 102.635 2
      vertex -56.2528 95.58 2
      vertex -38.2841 96.88 2
    endloop
  endfacet
  facet normal 0 -0 1
    outer loop
      vertex -56.1023 95.1366 2
      vertex -38.3709 96.4438 2
      vertex -56.1329 95.2906 2
    endloop
  endfacet
  facet normal 0 -0 1
    outer loop
      vertex -56.1329 95.2906 2
      vertex -38.3709 96.4438 2
      vertex -56.1833 95.4392 2
    endloop
  endfacet
  facet normal 0 0 1
    outer loop
      vertex -38.2841 96.88 2
      vertex -56.1833 95.4392 2
      vertex -38.3709 96.4438 2
    endloop
  endfacet
  facet normal 0 0 1
    outer loop
      vertex -57.292 96.18 2
      vertex -56.151 108.83 2
      vertex -56.346 108.849 2
    endloop
  endfacet
  facet normal 0 0 1
    outer loop
      vertex -56.151 108.83 2
      vertex -56.4435 95.8285 2
      vertex -56.34 95.7105 2
    endloop
  endfacet
  facet normal 0 0 1
    outer loop
      vertex -57.4486 96.1697 2
      vertex -56.346 108.849 2
      vertex -56.534 108.906 2
    endloop
  endfacet
  facet normal 0 0 1
    outer loop
      vertex -56.151 108.83 2
      vertex -56.5615 95.932 2
      vertex -56.4435 95.8285 2
    endloop
  endfacet
  facet normal 0 0 1
    outer loop
      vertex -56.151 108.83 2
      vertex -56.692 96.0192 2
      vertex -56.5615 95.932 2
    endloop
  endfacet
  facet normal 0 0 1
    outer loop
      vertex -57.6026 96.1391 2
      vertex -56.534 108.906 2
      vertex -56.706 108.998 2
    endloop
  endfacet
  facet normal 0 0 1
    outer loop
      vertex -56.151 108.83 2
      vertex -56.8328 96.0887 2
      vertex -56.692 96.0192 2
    endloop
  endfacet
  facet normal 0 0 1
    outer loop
      vertex -57.892 96.0192 2
      vertex -56.706 108.998 2
      vertex -56.858 109.123 2
    endloop
  endfacet
  facet normal 0 0 1
    outer loop
      vertex -56.151 108.83 2
      vertex -56.9814 96.1391 2
      vertex -56.8328 96.0887 2
    endloop
  endfacet
  facet normal 0 0 1
    outer loop
      vertex -58.0225 95.932 2
      vertex -56.858 109.123 2
      vertex -56.982 109.274 2
    endloop
  endfacet
  facet normal 0 0 1
    outer loop
      vertex -75.494 111.323 2
      vertex -56.982 109.274 2
      vertex -57.075 109.447 2
    endloop
  endfacet
  facet normal 0 0 1
    outer loop
      vertex -75.37 111.474 2
      vertex -57.075 109.447 2
      vertex -57.132 109.635 2
    endloop
  endfacet
  facet normal 0 0 1
    outer loop
      vertex -56.151 108.83 2
      vertex -57.1354 96.1697 2
      vertex -56.9814 96.1391 2
    endloop
  endfacet
  facet normal 0 0 1
    outer loop
      vertex -74.201 113.53 2
      vertex -57.132 109.635 2
      vertex -57.151 109.83 2
    endloop
  endfacet
  facet normal 0 0 1
    outer loop
      vertex -57.151 112.529 2
      vertex -58.151 113.53 2
      vertex -57.151 109.83 2
    endloop
  endfacet
  facet normal 0 0 1
    outer loop
      vertex -58.151 113.53 2
      vertex -57.166 112.703 2
      vertex -57.211 112.872 2
    endloop
  endfacet
  facet normal 0 0 1
    outer loop
      vertex -58.151 113.53 2
      vertex -57.211 112.872 2
      vertex -57.285 113.03 2
    endloop
  endfacet
  facet normal 0 0 1
    outer loop
      vertex -56.151 108.83 2
      vertex -57.292 96.18 2
      vertex -57.1354 96.1697 2
    endloop
  endfacet
  facet normal 0 0 1
    outer loop
      vertex -58.151 113.53 2
      vertex -57.285 113.03 2
      vertex -57.385 113.172 2
    endloop
  endfacet
  facet normal 0 0 1
    outer loop
      vertex -56.346 108.849 2
      vertex -57.4486 96.1697 2
      vertex -57.292 96.18 2
    endloop
  endfacet
  facet normal 0 0 1
    outer loop
      vertex -58.151 113.53 2
      vertex -57.385 113.172 2
      vertex -57.508 113.296 2
    endloop
  endfacet
  facet normal 0 0 1
    outer loop
      vertex -56.534 108.906 2
      vertex -57.6026 96.1391 2
      vertex -57.4486 96.1697 2
    endloop
  endfacet
  facet normal 0 0 1
    outer loop
      vertex -58.151 113.53 2
      vertex -57.508 113.296 2
      vertex -57.651 113.396 2
    endloop
  endfacet
  facet normal -0 0 1
    outer loop
      vertex -74.201 113.53 2
      vertex -57.151 109.83 2
      vertex -58.151 113.53 2
    endloop
  endfacet
  facet normal 0 0 1
    outer loop
      vertex -58.151 113.53 2
      vertex -57.651 113.396 2
      vertex -57.809 113.469 2
    endloop
  endfacet
  facet normal 0 0 1
    outer loop
      vertex -56.706 108.998 2
      vertex -57.7512 96.0887 2
      vertex -57.6026 96.1391 2
    endloop
  endfacet
  facet normal 0 0 1
    outer loop
      vertex -58.151 113.53 2
      vertex -57.809 113.469 2
      vertex -57.977 113.515 2
    endloop
  endfacet
  facet normal 0 0 1
    outer loop
      vertex -56.706 108.998 2
      vertex -57.892 96.0192 2
      vertex -57.7512 96.0887 2
    endloop
  endfacet
  facet normal 0 0 1
    outer loop
      vertex -56.858 109.123 2
      vertex -58.0225 95.932 2
      vertex -57.892 96.0192 2
    endloop
  endfacet
  facet normal 0 0 1
    outer loop
      vertex -56.982 109.274 2
      vertex -58.1405 95.8285 2
      vertex -58.0225 95.932 2
    endloop
  endfacet
  facet normal 0 0 1
    outer loop
      vertex -57.075 109.447 2
      vertex -75.37 111.474 2
      vertex -75.494 111.323 2
    endloop
  endfacet
  facet normal 0 0 1
    outer loop
      vertex -56.982 109.274 2
      vertex -75.494 111.323 2
      vertex -58.1405 95.8285 2
    endloop
  endfacet
  facet normal 0 0 1
    outer loop
      vertex -58.1405 95.8285 2
      vertex -75.494 111.323 2
      vertex -58.244 95.7105 2
    endloop
  endfacet
  facet normal 0 0 1
    outer loop
      vertex -58.244 95.7105 2
      vertex -75.494 111.323 2
      vertex -58.3312 95.58 2
    endloop
  endfacet
  facet normal -0 0 1
    outer loop
      vertex -75.646 111.198 2
      vertex -58.3312 95.58 2
      vertex -75.494 111.323 2
    endloop
  endfacet
  facet normal 0 0 1
    outer loop
      vertex -58.3312 95.58 2
      vertex -75.646 111.198 2
      vertex -58.4007 95.4392 2
    endloop
  endfacet
  facet normal 0 0 1
    outer loop
      vertex -59.9933 11.1303 2
      vertex -38.2841 14.88 2
      vertex -59.9933 25.4257 2
    endloop
  endfacet
  facet normal 0 0 1
    outer loop
      vertex -57.655 52.179 2
      vertex -59.7517 26.6403 2
      vertex -59.716 26.4607 2
    endloop
  endfacet
  facet normal -0 0 1
    outer loop
      vertex -75.819 111.106 2
      vertex -58.4007 95.4392 2
      vertex -75.646 111.198 2
    endloop
  endfacet
  facet normal 0 0 1
    outer loop
      vertex -57.655 52.179 2
      vertex -59.8106 26.8138 2
      vertex -59.7517 26.6403 2
    endloop
  endfacet
  facet normal 0 0 1
    outer loop
      vertex -57.655 52.179 2
      vertex -59.8916 26.978 2
      vertex -59.8106 26.8138 2
    endloop
  endfacet
  facet normal 0 0 1
    outer loop
      vertex -57.655 52.179 2
      vertex -59.9933 27.1303 2
      vertex -59.8916 26.978 2
    endloop
  endfacet
  facet normal 0 0 1
    outer loop
      vertex -57.655 52.179 2
      vertex -60.1141 27.2679 2
      vertex -59.9933 27.1303 2
    endloop
  endfacet
  facet normal 0 0 1
    outer loop
      vertex -57.655 52.179 2
      vertex -60.2517 27.3887 2
      vertex -60.1141 27.2679 2
    endloop
  endfacet
  facet normal 0 0 1
    outer loop
      vertex -57.655 52.179 2
      vertex -60.404 27.4904 2
      vertex -60.2517 27.3887 2
    endloop
  endfacet
  facet normal 0 0 1
    outer loop
      vertex -57.655 52.179 2
      vertex -60.5682 27.5714 2
      vertex -60.404 27.4904 2
    endloop
  endfacet
  facet normal 0 0 1
    outer loop
      vertex -57.655 52.179 2
      vertex -60.7417 27.6303 2
      vertex -60.5682 27.5714 2
    endloop
  endfacet
  facet normal 0 0 1
    outer loop
      vertex -57.655 52.179 2
      vertex -60.9213 27.666 2
      vertex -60.7417 27.6303 2
    endloop
  endfacet
  facet normal 0 -0 1
    outer loop
      vertex -94.2023 52.0356 2
      vertex -57.6447 52.3356 2
      vertex -94.2329 52.1896 2
    endloop
  endfacet
  facet normal 0 0 1
    outer loop
      vertex -57.655 52.179 2
      vertex -61.104 27.678 2
      vertex -60.9213 27.666 2
    endloop
  endfacet
  facet normal 0 0 1
    outer loop
      vertex -57.6447 52.3356 2
      vertex -94.2023 52.0356 2
      vertex -57.655 52.179 2
    endloop
  endfacet
  facet normal 0 0 1
    outer loop
      vertex -57.655 52.179 2
      vertex -61.2867 27.666 2
      vertex -61.104 27.678 2
    endloop
  endfacet
  facet normal 0 -0 1
    outer loop
      vertex -94.192 51.879 2
      vertex -57.655 52.179 2
      vertex -94.2023 52.0356 2
    endloop
  endfacet
  facet normal 0 0 1
    outer loop
      vertex -57.655 52.179 2
      vertex -61.4663 27.6303 2
      vertex -61.2867 27.666 2
    endloop
  endfacet
  facet normal 0 0 1
    outer loop
      vertex -94.2023 51.7224 2
      vertex -57.655 52.179 2
      vertex -94.192 51.879 2
    endloop
  endfacet
  facet normal 0 0 1
    outer loop
      vertex -57.655 52.179 2
      vertex -61.6398 27.5714 2
      vertex -61.4663 27.6303 2
    endloop
  endfacet
  facet normal 0 0 1
    outer loop
      vertex -94.2329 51.5684 2
      vertex -57.655 52.179 2
      vertex -94.2023 51.7224 2
    endloop
  endfacet
  facet normal 0 0 1
    outer loop
      vertex -57.655 52.179 2
      vertex -61.804 27.4904 2
      vertex -61.6398 27.5714 2
    endloop
  endfacet
  facet normal 0 0 1
    outer loop
      vertex -94.2833 51.4198 2
      vertex -57.655 52.179 2
      vertex -94.2329 51.5684 2
    endloop
  endfacet
  facet normal 0 -0 1
    outer loop
      vertex -61.9563 27.3887 2
      vertex -57.655 52.179 2
      vertex -71.961 24.278 2
    endloop
  endfacet
  facet normal 0 0 1
    outer loop
      vertex -57.655 52.179 2
      vertex -61.9563 27.3887 2
      vertex -61.804 27.4904 2
    endloop
  endfacet
  facet normal 0 0 1
    outer loop
      vertex -62.0939 11.2679 2
      vertex -67.2009 14.6254 2
      vertex -62.2147 11.1303 2
    endloop
  endfacet
  facet normal 0 -0 1
    outer loop
      vertex -71.1778 24.2267 2
      vertex -61.9563 27.3887 2
      vertex -71.961 24.278 2
    endloop
  endfacet
  facet normal 0 0 1
    outer loop
      vertex -62.492 26.0953 2
      vertex -66.0123 19.0612 2
      vertex -65.961 18.278 2
    endloop
  endfacet
  facet normal 0 0 1
    outer loop
      vertex -62.492 26.0953 2
      vertex -66.1654 19.8309 2
      vertex -66.0123 19.0612 2
    endloop
  endfacet
  facet normal 0 0 1
    outer loop
      vertex -62.492 26.0953 2
      vertex -66.4177 20.5741 2
      vertex -66.1654 19.8309 2
    endloop
  endfacet
  facet normal 0 0 1
    outer loop
      vertex -62.492 26.0953 2
      vertex -66.7648 21.278 2
      vertex -66.4177 20.5741 2
    endloop
  endfacet
  facet normal 0 0 1
    outer loop
      vertex -62.492 26.0953 2
      vertex -67.2009 21.9306 2
      vertex -66.7648 21.278 2
    endloop
  endfacet
  facet normal 0 0 1
    outer loop
      vertex -62.492 26.0953 2
      vertex -67.7184 22.5206 2
      vertex -67.2009 21.9306 2
    endloop
  endfacet
  facet normal 0 0 1
    outer loop
      vertex -62.492 26.0953 2
      vertex -68.3084 23.0381 2
      vertex -67.7184 22.5206 2
    endloop
  endfacet
  facet normal 0 0 1
    outer loop
      vertex -62.504 26.278 2
      vertex -68.961 23.4742 2
      vertex -68.3084 23.0381 2
    endloop
  endfacet
  facet normal 0 0 1
    outer loop
      vertex -62.492 26.4607 2
      vertex -68.961 23.4742 2
      vertex -62.504 26.278 2
    endloop
  endfacet
  facet normal 0 0 1
    outer loop
      vertex -62.0939 27.2679 2
      vertex -71.1778 24.2267 2
      vertex -62.2147 27.1303 2
    endloop
  endfacet
  facet normal 0 -0 1
    outer loop
      vertex -70.4081 24.0736 2
      vertex -62.2147 27.1303 2
      vertex -71.1778 24.2267 2
    endloop
  endfacet
  facet normal 0 0 1
    outer loop
      vertex -62.4563 26.6403 2
      vertex -68.961 23.4742 2
      vertex -62.492 26.4607 2
    endloop
  endfacet
  facet normal 0 0 1
    outer loop
      vertex -62.2147 27.1303 2
      vertex -70.4081 24.0736 2
      vertex -62.3164 26.978 2
    endloop
  endfacet
  facet normal 0 -0 1
    outer loop
      vertex -68.961 23.4742 2
      vertex -62.4563 26.6403 2
      vertex -69.6649 23.8213 2
    endloop
  endfacet
  facet normal 0 0 1
    outer loop
      vertex -57.132 109.635 2
      vertex -74.201 113.53 2
      vertex -75.277 111.647 2
    endloop
  endfacet
  facet normal 0 0 1
    outer loop
      vertex -58.4007 95.4392 2
      vertex -75.819 111.106 2
      vertex -58.4511 95.2906 2
    endloop
  endfacet
  facet normal 0 0 1
    outer loop
      vertex -75.201 112.529 2
      vertex -74.201 113.53 2
      vertex -74.396 113.511 2
    endloop
  endfacet
  facet normal 0 0 1
    outer loop
      vertex -75.201 112.529 2
      vertex -74.396 113.511 2
      vertex -74.584 113.453 2
    endloop
  endfacet
  facet normal 0 0 1
    outer loop
      vertex -75.201 112.529 2
      vertex -74.584 113.453 2
      vertex -74.757 113.361 2
    endloop
  endfacet
  facet normal 0 0 1
    outer loop
      vertex -75.201 112.529 2
      vertex -74.757 113.361 2
      vertex -74.908 113.237 2
    endloop
  endfacet
  facet normal 0 0 1
    outer loop
      vertex -74.201 113.53 2
      vertex -75.22 111.834 2
      vertex -75.277 111.647 2
    endloop
  endfacet
  facet normal 0 0 1
    outer loop
      vertex -75.201 112.529 2
      vertex -74.908 113.237 2
      vertex -75.033 113.085 2
    endloop
  endfacet
  facet normal 0 0 1
    outer loop
      vertex -75.201 112.529 2
      vertex -75.033 113.085 2
      vertex -75.125 112.913 2
    endloop
  endfacet
  facet normal 0 0 1
    outer loop
      vertex -75.201 112.529 2
      vertex -75.125 112.913 2
      vertex -75.182 112.725 2
    endloop
  endfacet
  facet normal 0 0 1
    outer loop
      vertex -74.201 113.53 2
      vertex -75.201 112.529 2
      vertex -75.201 112.03 2
    endloop
  endfacet
  facet normal 0 0 1
    outer loop
      vertex -74.201 113.53 2
      vertex -75.201 112.03 2
      vertex -75.22 111.834 2
    endloop
  endfacet
  facet normal 0 0 1
    outer loop
      vertex -57.132 109.635 2
      vertex -75.277 111.647 2
      vertex -75.37 111.474 2
    endloop
  endfacet
  facet normal 0 0 1
    outer loop
      vertex -58.4511 95.2906 2
      vertex -75.819 111.106 2
      vertex -58.4817 95.1366 2
    endloop
  endfacet
  facet normal -0 0 1
    outer loop
      vertex -76.006 111.049 2
      vertex -58.4817 95.1366 2
      vertex -75.819 111.106 2
    endloop
  endfacet
  facet normal 0 0 1
    outer loop
      vertex -62.3164 26.978 2
      vertex -69.6649 23.8213 2
      vertex -62.3974 26.8138 2
    endloop
  endfacet
  facet normal 0 0 1
    outer loop
      vertex -62.3974 26.8138 2
      vertex -69.6649 23.8213 2
      vertex -62.4563 26.6403 2
    endloop
  endfacet
  facet normal 0 -0 1
    outer loop
      vertex -69.6649 23.8213 2
      vertex -62.3164 26.978 2
      vertex -70.4081 24.0736 2
    endloop
  endfacet
  facet normal 0 0 1
    outer loop
      vertex -58.4817 95.1366 2
      vertex -76.006 111.049 2
      vertex -58.492 94.98 2
    endloop
  endfacet
  facet normal -0 0 1
    outer loop
      vertex -76.201 111.03 2
      vertex -58.492 94.98 2
      vertex -76.006 111.049 2
    endloop
  endfacet
  facet normal 0 0 1
    outer loop
      vertex -58.4817 94.8234 2
      vertex -76.201 111.03 2
      vertex -93.356 92.479 2
    endloop
  endfacet
  facet normal 0 0 1
    outer loop
      vertex -57.655 52.179 2
      vertex -72.7442 24.2267 2
      vertex -71.961 24.278 2
    endloop
  endfacet
  facet normal 0 0 1
    outer loop
      vertex -57.655 52.179 2
      vertex -94.2833 51.4198 2
      vertex -72.7442 24.2267 2
    endloop
  endfacet
  facet normal 0 0 1
    outer loop
      vertex -72.7442 24.2267 2
      vertex -94.2833 51.4198 2
      vertex -73.5139 24.0736 2
    endloop
  endfacet
  facet normal -0 0 1
    outer loop
      vertex -94.3528 51.279 2
      vertex -73.5139 24.0736 2
      vertex -94.2833 51.4198 2
    endloop
  endfacet
  facet normal 0 0 1
    outer loop
      vertex -73.5139 24.0736 2
      vertex -94.44 51.1485 2
      vertex -74.2571 23.8213 2
    endloop
  endfacet
  facet normal -0 0 1
    outer loop
      vertex -94.5435 51.0305 2
      vertex -74.2571 23.8213 2
      vertex -94.44 51.1485 2
    endloop
  endfacet
  facet normal 0 0 1
    outer loop
      vertex -74.2571 23.8213 2
      vertex -94.5435 51.0305 2
      vertex -74.961 23.4742 2
    endloop
  endfacet
  facet normal -0 0 1
    outer loop
      vertex -94.6615 50.927 2
      vertex -74.961 23.4742 2
      vertex -94.5435 51.0305 2
    endloop
  endfacet
  facet normal -0 0 1
    outer loop
      vertex -94.792 50.8398 2
      vertex -75.6136 23.0381 2
      vertex -94.6615 50.927 2
    endloop
  endfacet
  facet normal 0 0 1
    outer loop
      vertex -75.6136 23.0381 2
      vertex -94.792 50.8398 2
      vertex -76.2036 22.5206 2
    endloop
  endfacet
  facet normal 0 0 1
    outer loop
      vertex -81.588 9.57201 2
      vertex -91.6291 14.4438 2
      vertex -91.6 14 2
    endloop
  endfacet
  facet normal 0 0 1
    outer loop
      vertex -77.9097 17.4948 2
      vertex -91.6291 14.4438 2
      vertex -81.588 9.57201 2
    endloop
  endfacet
  facet normal 0 -0 1
    outer loop
      vertex -94.12 17.2841 2
      vertex -76.2036 22.5206 2
      vertex -94.9328 50.7703 2
    endloop
  endfacet
  facet normal 0 0 1
    outer loop
      vertex -77.9097 17.4948 2
      vertex -91.7159 14.88 2
      vertex -91.6291 14.4438 2
    endloop
  endfacet
  facet normal 0 0 1
    outer loop
      vertex -76.2036 22.5206 2
      vertex -94.12 17.2841 2
      vertex -76.7211 21.9306 2
    endloop
  endfacet
  facet normal 0 -0 1
    outer loop
      vertex -91.7159 14.88 2
      vertex -77.961 18.278 2
      vertex -91.8588 15.3011 2
    endloop
  endfacet
  facet normal 0 -0 1
    outer loop
      vertex -93.6989 17.1412 2
      vertex -76.7211 21.9306 2
      vertex -94.12 17.2841 2
    endloop
  endfacet
  facet normal 0 0 1
    outer loop
      vertex -94.328 109.147 2
      vertex -76.201 111.03 2
      vertex -93.251 111.03 2
    endloop
  endfacet
  facet normal 0 0 1
    outer loop
      vertex -58.4817 94.8234 2
      vertex -93.356 92.479 2
      vertex -93.3663 92.3224 2
    endloop
  endfacet
  facet normal -0 0 1
    outer loop
      vertex -94.9328 50.7703 2
      vertex -76.2036 22.5206 2
      vertex -94.792 50.8398 2
    endloop
  endfacet
  facet normal 0 0 1
    outer loop
      vertex -76.201 111.03 2
      vertex -93.3663 92.6356 2
      vertex -93.356 92.479 2
    endloop
  endfacet
  facet normal 0 0 1
    outer loop
      vertex -76.201 111.03 2
      vertex -93.3969 92.7896 2
      vertex -93.3663 92.6356 2
    endloop
  endfacet
  facet normal 0 0 1
    outer loop
      vertex -94.252 110.029 2
      vertex -93.251 111.03 2
      vertex -93.447 111.01 2
    endloop
  endfacet
  facet normal 0 0 1
    outer loop
      vertex -76.201 111.03 2
      vertex -93.4473 92.9382 2
      vertex -93.3969 92.7896 2
    endloop
  endfacet
  facet normal 0 0 1
    outer loop
      vertex -76.201 111.03 2
      vertex -93.5168 93.079 2
      vertex -93.4473 92.9382 2
    endloop
  endfacet
  facet normal 0 0 1
    outer loop
      vertex -94.42 108.974 2
      vertex -76.201 111.03 2
      vertex -94.328 109.147 2
    endloop
  endfacet
  facet normal 0 0 1
    outer loop
      vertex -94.252 110.029 2
      vertex -93.447 111.01 2
      vertex -93.634 110.953 2
    endloop
  endfacet
  facet normal 0 0 1
    outer loop
      vertex -76.201 111.03 2
      vertex -93.604 93.2095 2
      vertex -93.5168 93.079 2
    endloop
  endfacet
  facet normal 0 0 1
    outer loop
      vertex -94.252 110.029 2
      vertex -93.634 110.953 2
      vertex -93.807 110.861 2
    endloop
  endfacet
  facet normal 0 0 1
    outer loop
      vertex -93.251 111.03 2
      vertex -94.271 109.335 2
      vertex -94.328 109.147 2
    endloop
  endfacet
  facet normal 0 -0 1
    outer loop
      vertex -93.7075 93.3275 2
      vertex -76.201 111.03 2
      vertex -94.42 108.974 2
    endloop
  endfacet
  facet normal 0 0 1
    outer loop
      vertex -94.252 110.029 2
      vertex -93.807 110.861 2
      vertex -93.959 110.737 2
    endloop
  endfacet
  facet normal 0 0 1
    outer loop
      vertex -94.252 110.029 2
      vertex -93.959 110.737 2
      vertex -94.083 110.585 2
    endloop
  endfacet
  facet normal 0 0 1
    outer loop
      vertex -76.201 111.03 2
      vertex -93.7075 93.3275 2
      vertex -93.604 93.2095 2
    endloop
  endfacet
  facet normal 0 0 1
    outer loop
      vertex -94.252 110.029 2
      vertex -94.083 110.585 2
      vertex -94.175 110.412 2
    endloop
  endfacet
  facet normal 0 0 1
    outer loop
      vertex -94.252 110.029 2
      vertex -94.175 110.412 2
      vertex -94.232 110.225 2
    endloop
  endfacet
  facet normal 0 0 1
    outer loop
      vertex -93.251 111.03 2
      vertex -94.252 109.529 2
      vertex -94.271 109.335 2
    endloop
  endfacet
  facet normal 0 0 1
    outer loop
      vertex -93.251 111.03 2
      vertex -94.252 110.029 2
      vertex -94.252 109.529 2
    endloop
  endfacet
  facet normal -0 0 1
    outer loop
      vertex -94.544 108.823 2
      vertex -93.7075 93.3275 2
      vertex -94.42 108.974 2
    endloop
  endfacet
  facet normal 0 0 1
    outer loop
      vertex -93.7075 93.3275 2
      vertex -94.544 108.823 2
      vertex -93.8255 93.431 2
    endloop
  endfacet
  facet normal 0 0 1
    outer loop
      vertex -93.8255 93.431 2
      vertex -94.544 108.823 2
      vertex -93.956 93.5182 2
    endloop
  endfacet
  facet normal -0 0 1
    outer loop
      vertex -94.696 108.698 2
      vertex -93.956 93.5182 2
      vertex -94.544 108.823 2
    endloop
  endfacet
  facet normal 0 0 1
    outer loop
      vertex -93.956 93.5182 2
      vertex -94.696 108.698 2
      vertex -94.0968 93.5877 2
    endloop
  endfacet
  facet normal -0 0 1
    outer loop
      vertex -94.869 108.605 2
      vertex -94.0968 93.5877 2
      vertex -94.696 108.698 2
    endloop
  endfacet
  facet normal 0 0 1
    outer loop
      vertex -94.0968 93.5877 2
      vertex -94.869 108.605 2
      vertex -94.2454 93.6381 2
    endloop
  endfacet
  facet normal 0 0 1
    outer loop
      vertex -94.2454 93.6381 2
      vertex -94.869 108.605 2
      vertex -94.3994 93.6687 2
    endloop
  endfacet
  facet normal -0 0 1
    outer loop
      vertex -95.056 108.549 2
      vertex -94.3994 93.6687 2
      vertex -94.869 108.605 2
    endloop
  endfacet
  facet normal 0 0 1
    outer loop
      vertex -94.3994 93.6687 2
      vertex -95.056 108.549 2
      vertex -94.556 93.679 2
    endloop
  endfacet
  facet normal -0 0 1
    outer loop
      vertex -101.629 99.4438 2
      vertex -94.556 93.679 2
      vertex -95.056 108.549 2
    endloop
  endfacet
  facet normal 0 0 1
    outer loop
      vertex -94.556 93.679 2
      vertex -101.629 99.4438 2
      vertex -94.7126 93.6687 2
    endloop
  endfacet
  facet normal -0 -0 1
    outer loop
      vertex -101.6 99 2
      vertex -94.7126 93.6687 2
      vertex -101.629 99.4438 2
    endloop
  endfacet
  facet normal 0 0 1
    outer loop
      vertex -94.7126 93.6687 2
      vertex -101.6 99 2
      vertex -94.8666 93.6381 2
    endloop
  endfacet
  facet normal 0 0 1
    outer loop
      vertex -101.716 99.88 2
      vertex -95.056 108.549 2
      vertex -95.252 108.53 2
    endloop
  endfacet
  facet normal 0 0 1
    outer loop
      vertex -94.8666 93.6381 2
      vertex -101.6 99 2
      vertex -95.0152 93.5877 2
    endloop
  endfacet
  facet normal -0 0 1
    outer loop
      vertex -101.629 98.5562 2
      vertex -95.0152 93.5877 2
      vertex -101.6 99 2
    endloop
  endfacet
  facet normal 0 0 1
    outer loop
      vertex -95.0152 93.5877 2
      vertex -101.629 98.5562 2
      vertex -95.156 93.5182 2
    endloop
  endfacet
  facet normal -0 0 1
    outer loop
      vertex -101.716 98.12 2
      vertex -95.156 93.5182 2
      vertex -101.629 98.5562 2
    endloop
  endfacet
  facet normal 0 0 1
    outer loop
      vertex -95.156 93.5182 2
      vertex -101.716 98.12 2
      vertex -95.2865 93.431 2
    endloop
  endfacet
  facet normal -0 0 1
    outer loop
      vertex -101.859 97.6989 2
      vertex -95.2865 93.431 2
      vertex -101.716 98.12 2
    endloop
  endfacet
  facet normal 0 0 1
    outer loop
      vertex -95.2865 93.431 2
      vertex -101.859 97.6989 2
      vertex -95.4045 93.3275 2
    endloop
  endfacet
  facet normal 0 0 1
    outer loop
      vertex -95.4045 93.3275 2
      vertex -101.859 97.6989 2
      vertex -95.508 93.2095 2
    endloop
  endfacet
  facet normal 0 0 1
    outer loop
      vertex -95.156 91.4398 2
      vertex -95.992 52.9182 2
      vertex -95.8512 52.9877 2
    endloop
  endfacet
  facet normal 0 0 1
    outer loop
      vertex -95.7457 92.3224 2
      vertex -105.444 95.6291 2
      vertex -95.992 52.9182 2
    endloop
  endfacet
  facet normal 0 0 1
    outer loop
      vertex -95.992 52.9182 2
      vertex -105.444 95.6291 2
      vertex -96.1225 52.831 2
    endloop
  endfacet
  facet normal 0 0 1
    outer loop
      vertex -105.88 95.7159 2
      vertex -96.1225 52.831 2
      vertex -105.444 95.6291 2
    endloop
  endfacet
  facet normal 0 0 1
    outer loop
      vertex -96.1225 52.831 2
      vertex -105.88 95.7159 2
      vertex -96.2405 52.7275 2
    endloop
  endfacet
  facet normal 0 0 1
    outer loop
      vertex -106.301 95.8588 2
      vertex -96.2405 52.7275 2
      vertex -105.88 95.7159 2
    endloop
  endfacet
  facet normal 0 0 1
    outer loop
      vertex -96.2405 52.7275 2
      vertex -106.301 95.8588 2
      vertex -96.344 52.6095 2
    endloop
  endfacet
  facet normal 0 0 1
    outer loop
      vertex -106.7 96.0555 2
      vertex -96.344 52.6095 2
      vertex -106.301 95.8588 2
    endloop
  endfacet
  facet normal 0 0 1
    outer loop
      vertex -96.344 52.6095 2
      vertex -106.7 96.0555 2
      vertex -96.4312 52.479 2
    endloop
  endfacet
  facet normal 0 0 1
    outer loop
      vertex -96.1225 50.927 2
      vertex -97.0698 16.6974 2
      vertex -96.7 16.9445 2
    endloop
  endfacet
  facet normal 0 0 1
    outer loop
      vertex -96.5817 51.7224 2
      vertex -97.4042 16.4042 2
      vertex -97.0698 16.6974 2
    endloop
  endfacet
  facet normal 0 0 1
    outer loop
      vertex -107.07 96.3026 2
      vertex -96.4312 52.479 2
      vertex -106.7 96.0555 2
    endloop
  endfacet
  facet normal 0 0 1
    outer loop
      vertex -96.4312 52.479 2
      vertex -107.07 96.3026 2
      vertex -96.5007 52.3382 2
    endloop
  endfacet
  facet normal 0 0 1
    outer loop
      vertex -107.404 96.5958 2
      vertex -96.5007 52.3382 2
      vertex -107.07 96.3026 2
    endloop
  endfacet
  facet normal 0 0 1
    outer loop
      vertex -96.5007 52.3382 2
      vertex -107.404 96.5958 2
      vertex -96.5511 52.1896 2
    endloop
  endfacet
  facet normal 0 0 1
    outer loop
      vertex -96.5817 51.7224 2
      vertex -119.41 6.112 2
      vertex -97.6974 16.0698 2
    endloop
  endfacet
  facet normal -0 0 1
    outer loop
      vertex -102.056 97.3 2
      vertex -95.508 93.2095 2
      vertex -101.859 97.6989 2
    endloop
  endfacet
  facet normal 0 0 1
    outer loop
      vertex -95.7151 92.7896 2
      vertex -102.596 96.5958 2
      vertex -95.7457 92.6356 2
    endloop
  endfacet
  facet normal -0 0 1
    outer loop
      vertex -102.93 96.3026 2
      vertex -95.7457 92.6356 2
      vertex -102.596 96.5958 2
    endloop
  endfacet
  facet normal 0 0 1
    outer loop
      vertex -95.7457 92.6356 2
      vertex -102.93 96.3026 2
      vertex -95.756 92.479 2
    endloop
  endfacet
  facet normal -0 0 1
    outer loop
      vertex -103.3 96.0555 2
      vertex -95.756 92.479 2
      vertex -102.93 96.3026 2
    endloop
  endfacet
  facet normal -0 0 1
    outer loop
      vertex -102.303 96.9302 2
      vertex -95.5952 93.079 2
      vertex -102.056 97.3 2
    endloop
  endfacet
  facet normal 0 0 1
    outer loop
      vertex -95.508 93.2095 2
      vertex -102.056 97.3 2
      vertex -95.5952 93.079 2
    endloop
  endfacet
  facet normal 0 0 1
    outer loop
      vertex -95.056 108.549 2
      vertex -101.716 99.88 2
      vertex -101.629 99.4438 2
    endloop
  endfacet
  facet normal 0 0 1
    outer loop
      vertex -95.252 108.53 2
      vertex -101.859 100.301 2
      vertex -101.716 99.88 2
    endloop
  endfacet
  facet normal 0 0 1
    outer loop
      vertex -95.252 108.53 2
      vertex -102.056 100.7 2
      vertex -101.859 100.301 2
    endloop
  endfacet
  facet normal 0 0 1
    outer loop
      vertex -95.252 108.53 2
      vertex -102.303 101.07 2
      vertex -102.056 100.7 2
    endloop
  endfacet
  facet normal 0 0 1
    outer loop
      vertex -95.252 108.53 2
      vertex -102.596 101.404 2
      vertex -102.303 101.07 2
    endloop
  endfacet
  facet normal 0 0 1
    outer loop
      vertex -95.252 108.53 2
      vertex -102.93 101.697 2
      vertex -102.596 101.404 2
    endloop
  endfacet
  facet normal 0 0 1
    outer loop
      vertex -95.252 108.53 2
      vertex -103.3 101.944 2
      vertex -102.93 101.697 2
    endloop
  endfacet
  facet normal 0 0 1
    outer loop
      vertex -95.252 108.53 2
      vertex -103.699 102.141 2
      vertex -103.3 101.944 2
    endloop
  endfacet
  facet normal 0 0 1
    outer loop
      vertex -95.252 108.53 2
      vertex -104.12 102.284 2
      vertex -103.699 102.141 2
    endloop
  endfacet
  facet normal 0 0 1
    outer loop
      vertex -95.252 108.53 2
      vertex -104.556 102.371 2
      vertex -104.12 102.284 2
    endloop
  endfacet
  facet normal 0 0 1
    outer loop
      vertex -95.252 108.53 2
      vertex -105 102.4 2
      vertex -104.556 102.371 2
    endloop
  endfacet
  facet normal 0 0 1
    outer loop
      vertex -95.252 108.53 2
      vertex -105.444 102.371 2
      vertex -105 102.4 2
    endloop
  endfacet
  facet normal 0 0 1
    outer loop
      vertex -95.252 108.53 2
      vertex -105.88 102.284 2
      vertex -105.444 102.371 2
    endloop
  endfacet
  facet normal -0 0 1
    outer loop
      vertex -132.748 108.53 2
      vertex -105.88 102.284 2
      vertex -95.252 108.53 2
    endloop
  endfacet
  facet normal 0 0 1
    outer loop
      vertex -105.88 102.284 2
      vertex -132.748 108.53 2
      vertex -106.301 102.141 2
    endloop
  endfacet
  facet normal 0 0 1
    outer loop
      vertex -132.748 108.53 2
      vertex -108.4 99 2
      vertex -108.371 99.4438 2
    endloop
  endfacet
  facet normal 0 0 1
    outer loop
      vertex -108.4 99 2
      vertex -119.671 11.815 2
      vertex -119.41 6.112 2
    endloop
  endfacet
  facet normal 0 0 1
    outer loop
      vertex -108.4 99 2
      vertex -119.681 11.9716 2
      vertex -119.671 11.815 2
    endloop
  endfacet
  facet normal 0 0 1
    outer loop
      vertex -108.4 99 2
      vertex -119.712 12.1256 2
      vertex -119.681 11.9716 2
    endloop
  endfacet
  facet normal 0 0 1
    outer loop
      vertex -108.4 99 2
      vertex -119.762 12.2742 2
      vertex -119.712 12.1256 2
    endloop
  endfacet
  facet normal 0 0 1
    outer loop
      vertex -108.4 99 2
      vertex -119.832 12.415 2
      vertex -119.762 12.2742 2
    endloop
  endfacet
  facet normal 0 0 1
    outer loop
      vertex -108.4 99 2
      vertex -119.919 12.5455 2
      vertex -119.832 12.415 2
    endloop
  endfacet
  facet normal 0 0 1
    outer loop
      vertex -108.4 99 2
      vertex -132.349 47.516 2
      vertex -119.919 12.5455 2
    endloop
  endfacet
  facet normal -0 -0 1
    outer loop
      vertex -127.676 25.0772 2
      vertex -119.919 12.5455 2
      vertex -132.349 47.516 2
    endloop
  endfacet
  facet normal 0 0 1
    outer loop
      vertex -119.919 12.5455 2
      vertex -127.676 25.0772 2
      vertex -120.022 12.6635 2
    endloop
  endfacet
  facet normal -0 -0 1
    outer loop
      vertex -127.626 24.9286 2
      vertex -120.022 12.6635 2
      vertex -127.676 25.0772 2
    endloop
  endfacet
  facet normal 0 0 1
    outer loop
      vertex -120.022 12.6635 2
      vertex -127.626 24.9286 2
      vertex -120.14 12.767 2
    endloop
  endfacet
  facet normal -0 -0 1
    outer loop
      vertex -127.595 24.7746 2
      vertex -120.14 12.767 2
      vertex -127.626 24.9286 2
    endloop
  endfacet
  facet normal 0 0 1
    outer loop
      vertex -120.14 12.767 2
      vertex -127.595 24.7746 2
      vertex -120.271 12.8542 2
    endloop
  endfacet
  facet normal -0 -0 1
    outer loop
      vertex -127.585 24.618 2
      vertex -120.271 12.8542 2
      vertex -127.595 24.7746 2
    endloop
  endfacet
  facet normal 0 0 1
    outer loop
      vertex -120.271 12.8542 2
      vertex -127.585 24.618 2
      vertex -120.412 12.9237 2
    endloop
  endfacet
  facet normal 0 0 1
    outer loop
      vertex -120.412 12.9237 2
      vertex -127.595 24.4614 2
      vertex -120.56 12.9741 2
    endloop
  endfacet
  facet normal -0 0 1
    outer loop
      vertex -127.626 24.3074 2
      vertex -120.56 12.9741 2
      vertex -127.595 24.4614 2
    endloop
  endfacet
  facet normal 0 0 1
    outer loop
      vertex -120.56 12.9741 2
      vertex -127.626 24.3074 2
      vertex -120.714 13.0047 2
    endloop
  endfacet
  facet normal -0 0 1
    outer loop
      vertex -127.676 24.1588 2
      vertex -120.714 13.0047 2
      vertex -127.626 24.3074 2
    endloop
  endfacet
  facet normal 0 0 1
    outer loop
      vertex -120.714 13.0047 2
      vertex -127.676 24.1588 2
      vertex -120.871 13.015 2
    endloop
  endfacet
  facet normal -0 0 1
    outer loop
      vertex -127.746 24.018 2
      vertex -120.871 13.015 2
      vertex -127.676 24.1588 2
    endloop
  endfacet
  facet normal -0 0 1
    outer loop
      vertex -127.833 23.8875 2
      vertex -121.028 13.0047 2
      vertex -127.746 24.018 2
    endloop
  endfacet
  facet normal 0 0 1
    outer loop
      vertex -121.028 13.0047 2
      vertex -127.833 23.8875 2
      vertex -121.182 12.9741 2
    endloop
  endfacet
  facet normal -0 0 1
    outer loop
      vertex -127.936 23.7695 2
      vertex -121.182 12.9741 2
      vertex -127.833 23.8875 2
    endloop
  endfacet
  facet normal -0 0 1
    outer loop
      vertex -128.185 23.5788 2
      vertex -121.471 12.8542 2
      vertex -128.054 23.666 2
    endloop
  endfacet
  facet normal 0 0 1
    outer loop
      vertex -121.182 12.9741 2
      vertex -127.936 23.7695 2
      vertex -121.33 12.9237 2
    endloop
  endfacet
  facet normal 0 0 1
    outer loop
      vertex -132.748 108.53 2
      vertex -108.371 99.4438 2
      vertex -108.284 99.88 2
    endloop
  endfacet
  facet normal 0 0 1
    outer loop
      vertex -121.33 12.9237 2
      vertex -128.054 23.666 2
      vertex -121.471 12.8542 2
    endloop
  endfacet
  facet normal -0 0 1
    outer loop
      vertex -128.054 23.666 2
      vertex -121.33 12.9237 2
      vertex -127.936 23.7695 2
    endloop
  endfacet
  facet normal 0 0 1
    outer loop
      vertex -120.871 13.015 2
      vertex -127.746 24.018 2
      vertex -121.028 13.0047 2
    endloop
  endfacet
  facet normal -0 0 1
    outer loop
      vertex -127.595 24.4614 2
      vertex -120.412 12.9237 2
      vertex -127.585 24.618 2
    endloop
  endfacet
  facet normal 0 0 1
    outer loop
      vertex -127.676 25.0772 2
      vertex -132.349 47.516 2
      vertex -127.746 25.218 2
    endloop
  endfacet
  facet normal 0 0 1
    outer loop
      vertex -127.746 25.218 2
      vertex -132.349 47.516 2
      vertex -127.833 25.3485 2
    endloop
  endfacet
  facet normal 0 0 1
    outer loop
      vertex -127.833 25.3485 2
      vertex -132.349 47.516 2
      vertex -127.936 25.4665 2
    endloop
  endfacet
  facet normal 0 0 1
    outer loop
      vertex -127.936 25.4665 2
      vertex -132.349 47.516 2
      vertex -128.054 25.57 2
    endloop
  endfacet
  facet normal 0 0 1
    outer loop
      vertex -128.054 25.57 2
      vertex -132.349 47.516 2
      vertex -128.185 25.6572 2
    endloop
  endfacet
  facet normal 0 0 1
    outer loop
      vertex -128.185 25.6572 2
      vertex -132.349 47.516 2
      vertex -128.326 25.7267 2
    endloop
  endfacet
  facet normal 0 0 1
    outer loop
      vertex -128.326 25.7267 2
      vertex -132.349 47.516 2
      vertex -128.474 25.7771 2
    endloop
  endfacet
  facet normal 0 0 1
    outer loop
      vertex -128.474 25.7771 2
      vertex -132.349 47.516 2
      vertex -128.628 25.8077 2
    endloop
  endfacet
  facet normal 0 0 1
    outer loop
      vertex -128.628 25.8077 2
      vertex -132.349 47.516 2
      vertex -128.785 25.818 2
    endloop
  endfacet
  facet normal 0 0 1
    outer loop
      vertex -128.785 25.818 2
      vertex -132.349 47.516 2
      vertex -128.942 25.8077 2
    endloop
  endfacet
  facet normal 0 0 1
    outer loop
      vertex -128.942 25.8077 2
      vertex -132.349 47.516 2
      vertex -129.096 25.7771 2
    endloop
  endfacet
  facet normal 0 0 1
    outer loop
      vertex -129.096 25.7771 2
      vertex -132.349 47.516 2
      vertex -129.244 25.7267 2
    endloop
  endfacet
  facet normal 0 0 1
    outer loop
      vertex -129.244 25.7267 2
      vertex -132.349 47.516 2
      vertex -129.385 25.6572 2
    endloop
  endfacet
  facet normal 0 0 1
    outer loop
      vertex -129.385 25.6572 2
      vertex -132.349 47.516 2
      vertex -129.516 25.57 2
    endloop
  endfacet
  facet normal 0 0 1
    outer loop
      vertex -129.516 25.57 2
      vertex -132.349 47.516 2
      vertex -129.634 25.4665 2
    endloop
  endfacet
  facet normal 0 0 1
    outer loop
      vertex -129.634 25.4665 2
      vertex -132.349 47.516 2
      vertex -129.737 25.3485 2
    endloop
  endfacet
  facet normal 0 0 1
    outer loop
      vertex -132.349 22.76 2
      vertex -129.737 25.3485 2
      vertex -132.349 47.516 2
    endloop
  endfacet
  facet normal 0 0 1
    outer loop
      vertex -129.737 25.3485 2
      vertex -132.349 22.76 2
      vertex -129.824 25.218 2
    endloop
  endfacet
  facet normal 0 0 1
    outer loop
      vertex -129.944 24.9286 2
      vertex -132.349 22.76 2
      vertex -129.975 24.7746 2
    endloop
  endfacet
  facet normal 0 0 1
    outer loop
      vertex -129.894 25.0772 2
      vertex -132.349 22.76 2
      vertex -129.944 24.9286 2
    endloop
  endfacet
  facet normal 0 0 1
    outer loop
      vertex -129.824 25.218 2
      vertex -132.349 22.76 2
      vertex -129.894 25.0772 2
    endloop
  endfacet
  facet normal 0 0 1
    outer loop
      vertex -132.748 108.53 2
      vertex -108.284 99.88 2
      vertex -108.141 100.301 2
    endloop
  endfacet
  facet normal 0 0 1
    outer loop
      vertex -108.4 99 2
      vertex -132.366 47.696 2
      vertex -132.349 47.516 2
    endloop
  endfacet
  facet normal 0 0 1
    outer loop
      vertex -108.4 99 2
      vertex -132.414 47.87 2
      vertex -132.366 47.696 2
    endloop
  endfacet
  facet normal 0 0 1
    outer loop
      vertex -108.4 99 2
      vertex -132.493 48.032 2
      vertex -132.414 47.87 2
    endloop
  endfacet
  facet normal 0 0 1
    outer loop
      vertex -108.4 99 2
      vertex -132.6 48.177 2
      vertex -132.493 48.032 2
    endloop
  endfacet
  facet normal 0 0 1
    outer loop
      vertex -108.4 99 2
      vertex -133.748 49.423 2
      vertex -132.6 48.177 2
    endloop
  endfacet
  facet normal 0 0 1
    outer loop
      vertex -106.301 102.141 2
      vertex -132.748 108.53 2
      vertex -106.7 101.944 2
    endloop
  endfacet
  facet normal 0 0 1
    outer loop
      vertex -132.748 108.53 2
      vertex -107.07 101.697 2
      vertex -106.7 101.944 2
    endloop
  endfacet
  facet normal 0 0 1
    outer loop
      vertex -132.748 108.53 2
      vertex -107.404 101.404 2
      vertex -107.07 101.697 2
    endloop
  endfacet
  facet normal 0 0 1
    outer loop
      vertex -132.748 108.53 2
      vertex -107.697 101.07 2
      vertex -107.404 101.404 2
    endloop
  endfacet
  facet normal 0 0 1
    outer loop
      vertex -132.748 108.53 2
      vertex -107.944 100.7 2
      vertex -107.697 101.07 2
    endloop
  endfacet
  facet normal 0 0 1
    outer loop
      vertex -132.748 108.53 2
      vertex -108.141 100.301 2
      vertex -107.944 100.7 2
    endloop
  endfacet
  facet normal 0 0 1
    outer loop
      vertex -108.4 99 2
      vertex -132.748 108.53 2
      vertex -133.748 107.53 2
    endloop
  endfacet
  facet normal 0 0 1
    outer loop
      vertex -132.6 48.177 2
      vertex -133.748 49.423 2
      vertex -132.731 48.302 2
    endloop
  endfacet
  facet normal 0 0 1
    outer loop
      vertex -133.748 107.53 2
      vertex -132.748 108.53 2
      vertex -132.943 108.511 2
    endloop
  endfacet
  facet normal 0 0 1
    outer loop
      vertex -108.4 99 2
      vertex -133.748 107.53 2
      vertex -133.748 49.423 2
    endloop
  endfacet
  facet normal 0 0 1
    outer loop
      vertex -133.748 107.53 2
      vertex -132.943 108.511 2
      vertex -133.131 108.454 2
    endloop
  endfacet
  facet normal 0 0 1
    outer loop
      vertex -132.731 48.302 2
      vertex -133.748 49.423 2
      vertex -132.882 48.4 2
    endloop
  endfacet
  facet normal 0 0 1
    outer loop
      vertex -133.748 107.53 2
      vertex -133.131 108.454 2
      vertex -133.304 108.361 2
    endloop
  endfacet
  facet normal 0 0 1
    outer loop
      vertex -132.882 48.4 2
      vertex -133.748 49.423 2
      vertex -133.048 48.47 2
    endloop
  endfacet
  facet normal 0 0 1
    outer loop
      vertex -133.748 107.53 2
      vertex -133.304 108.361 2
      vertex -133.455 108.237 2
    endloop
  endfacet
  facet normal 0 0 1
    outer loop
      vertex -133.048 48.47 2
      vertex -133.748 49.423 2
      vertex -133.215 48.539 2
    endloop
  endfacet
  facet normal 0 0 1
    outer loop
      vertex -133.748 107.53 2
      vertex -133.455 108.237 2
      vertex -133.58 108.085 2
    endloop
  endfacet
  facet normal 0 0 1
    outer loop
      vertex -133.215 48.539 2
      vertex -133.748 49.423 2
      vertex -133.367 48.638 2
    endloop
  endfacet
  facet normal 0 0 1
    outer loop
      vertex -133.748 107.53 2
      vertex -133.58 108.085 2
      vertex -133.672 107.912 2
    endloop
  endfacet
  facet normal 0 0 1
    outer loop
      vertex -133.367 48.638 2
      vertex -133.748 49.423 2
      vertex -133.498 48.762 2
    endloop
  endfacet
  facet normal 0 0 1
    outer loop
      vertex -133.748 107.53 2
      vertex -133.672 107.912 2
      vertex -133.729 107.725 2
    endloop
  endfacet
  facet normal 0 0 1
    outer loop
      vertex -133.498 48.762 2
      vertex -133.748 49.423 2
      vertex -133.604 48.907 2
    endloop
  endfacet
  facet normal 0 0 1
    outer loop
      vertex -133.604 48.907 2
      vertex -133.748 49.423 2
      vertex -133.683 49.069 2
    endloop
  endfacet
  facet normal 0 0 1
    outer loop
      vertex -133.683 49.069 2
      vertex -133.748 49.423 2
      vertex -133.732 49.244 2
    endloop
  endfacet
  facet normal 0 0 1
    outer loop
      vertex -38.2841 95.12 2
      vertex -56.1023 94.8234 2
      vertex -56.1329 94.6694 2
    endloop
  endfacet
  facet normal 0 0 1
    outer loop
      vertex -38.1412 94.6989 2
      vertex -56.1329 94.6694 2
      vertex -56.1833 94.5208 2
    endloop
  endfacet
  facet normal 0 0 1
    outer loop
      vertex -38.1412 94.6989 2
      vertex -56.1833 94.5208 2
      vertex -56.2528 94.38 2
    endloop
  endfacet
  facet normal 0 0 1
    outer loop
      vertex -35.88 92.7159 2
      vertex -55.7245 53.131 2
      vertex -55.6065 53.0275 2
    endloop
  endfacet
  facet normal 0 0 1
    outer loop
      vertex -37.0698 93.3026 2
      vertex -56.5615 94.028 2
      vertex -56.692 93.9408 2
    endloop
  endfacet
  facet normal 0 0 1
    outer loop
      vertex -36.3011 92.8588 2
      vertex -55.855 53.2182 2
      vertex -55.7245 53.131 2
    endloop
  endfacet
  facet normal 0 0 1
    outer loop
      vertex -36.7 93.0555 2
      vertex -56.692 93.9408 2
      vertex -56.8328 93.8713 2
    endloop
  endfacet
  facet normal 0 0 1
    outer loop
      vertex -36.7 93.0555 2
      vertex -55.9958 53.2877 2
      vertex -55.855 53.2182 2
    endloop
  endfacet
  facet normal 0 0 1
    outer loop
      vertex -36.7 93.0555 2
      vertex -56.8328 93.8713 2
      vertex -55.9958 53.2877 2
    endloop
  endfacet
  facet normal 0 0 1
    outer loop
      vertex -55.9958 53.2877 2
      vertex -56.8328 93.8713 2
      vertex -56.1444 53.3381 2
    endloop
  endfacet
  facet normal -0 0 1
    outer loop
      vertex -56.9814 93.8209 2
      vertex -56.1444 53.3381 2
      vertex -56.8328 93.8713 2
    endloop
  endfacet
  facet normal 0 0 1
    outer loop
      vertex -56.1444 53.3381 2
      vertex -56.9814 93.8209 2
      vertex -56.2984 53.3687 2
    endloop
  endfacet
  facet normal -0 0 1
    outer loop
      vertex -57.1354 93.7903 2
      vertex -56.2984 53.3687 2
      vertex -56.9814 93.8209 2
    endloop
  endfacet
  facet normal 0 0 1
    outer loop
      vertex -56.2984 53.3687 2
      vertex -57.1354 93.7903 2
      vertex -56.455 53.379 2
    endloop
  endfacet
  facet normal -0 0 1
    outer loop
      vertex -57.292 93.78 2
      vertex -56.455 53.379 2
      vertex -57.1354 93.7903 2
    endloop
  endfacet
  facet normal 0 0 1
    outer loop
      vertex -56.455 53.379 2
      vertex -57.292 93.78 2
      vertex -56.6116 53.3687 2
    endloop
  endfacet
  facet normal 0 0 1
    outer loop
      vertex -57.4486 93.7903 2
      vertex -56.6116 53.3687 2
      vertex -57.292 93.78 2
    endloop
  endfacet
  facet normal 0 0 1
    outer loop
      vertex -56.6116 53.3687 2
      vertex -57.4486 93.7903 2
      vertex -56.7656 53.3381 2
    endloop
  endfacet
  facet normal 0 0 1
    outer loop
      vertex -57.6026 93.8209 2
      vertex -56.7656 53.3381 2
      vertex -57.4486 93.7903 2
    endloop
  endfacet
  facet normal 0 0 1
    outer loop
      vertex -56.7656 53.3381 2
      vertex -57.6026 93.8209 2
      vertex -56.9142 53.2877 2
    endloop
  endfacet
  facet normal 0 0 1
    outer loop
      vertex -57.7512 93.8713 2
      vertex -56.9142 53.2877 2
      vertex -57.6026 93.8209 2
    endloop
  endfacet
  facet normal 0 0 1
    outer loop
      vertex -56.9142 53.2877 2
      vertex -57.7512 93.8713 2
      vertex -57.055 53.2182 2
    endloop
  endfacet
  facet normal 0 0 1
    outer loop
      vertex -57.892 93.9408 2
      vertex -57.055 53.2182 2
      vertex -57.7512 93.8713 2
    endloop
  endfacet
  facet normal 0 0 1
    outer loop
      vertex -57.055 53.2182 2
      vertex -57.892 93.9408 2
      vertex -57.1855 53.131 2
    endloop
  endfacet
  facet normal 0 0 1
    outer loop
      vertex -58.0225 94.028 2
      vertex -57.1855 53.131 2
      vertex -57.892 93.9408 2
    endloop
  endfacet
  facet normal -0 0 1
    outer loop
      vertex -93.7075 91.6305 2
      vertex -57.1855 53.131 2
      vertex -58.0225 94.028 2
    endloop
  endfacet
  facet normal 0 0 1
    outer loop
      vertex -57.1855 53.131 2
      vertex -93.7075 91.6305 2
      vertex -57.3035 53.0275 2
    endloop
  endfacet
  facet normal 0 0 1
    outer loop
      vertex -94.5435 52.7275 2
      vertex -57.3035 53.0275 2
      vertex -93.7075 91.6305 2
    endloop
  endfacet
  facet normal 0 0 1
    outer loop
      vertex -57.3035 53.0275 2
      vertex -94.5435 52.7275 2
      vertex -57.407 52.9095 2
    endloop
  endfacet
  facet normal 0 -0 1
    outer loop
      vertex -94.44 52.6095 2
      vertex -57.407 52.9095 2
      vertex -94.5435 52.7275 2
    endloop
  endfacet
  facet normal 0 0 1
    outer loop
      vertex -38.3709 13.5562 2
      vertex -59.716 10.4607 2
      vertex -38.2841 13.12 2
    endloop
  endfacet
  facet normal 0 0 1
    outer loop
      vertex -37.9445 12.3 2
      vertex -59.8106 9.74224 2
      vertex -37.6974 11.9302 2
    endloop
  endfacet
  facet normal 0 -0 1
    outer loop
      vertex -59.704 10.278 2
      vertex -38.2841 13.12 2
      vertex -59.716 10.4607 2
    endloop
  endfacet
  facet normal 0 0 1
    outer loop
      vertex -59.8106 9.74224 2
      vertex -37.9445 12.3 2
      vertex -59.7517 9.91565 2
    endloop
  endfacet
  facet normal 0 0 1
    outer loop
      vertex -38.2841 13.12 2
      vertex -59.704 10.278 2
      vertex -38.1412 12.6989 2
    endloop
  endfacet
  facet normal 0 0 1
    outer loop
      vertex -38.1412 12.6989 2
      vertex -59.7517 9.91565 2
      vertex -37.9445 12.3 2
    endloop
  endfacet
  facet normal 0 0 1
    outer loop
      vertex -59.716 10.0953 2
      vertex -38.1412 12.6989 2
      vertex -59.704 10.278 2
    endloop
  endfacet
  facet normal 0 0 1
    outer loop
      vertex -59.7517 9.91565 2
      vertex -38.1412 12.6989 2
      vertex -59.716 10.0953 2
    endloop
  endfacet
  facet normal 0 -0 1
    outer loop
      vertex -59.7517 10.6403 2
      vertex -38.4 14 2
      vertex -59.8106 10.8138 2
    endloop
  endfacet
  facet normal 0 0 1
    outer loop
      vertex -38.4 14 2
      vertex -59.7517 10.6403 2
      vertex -38.3709 13.5562 2
    endloop
  endfacet
  facet normal -0 0 1
    outer loop
      vertex -60.1141 25.288 2
      vertex -59.9933 11.1303 2
      vertex -59.9933 25.4257 2
    endloop
  endfacet
  facet normal 0 0 1
    outer loop
      vertex -60.1141 25.288 2
      vertex -60.1141 11.2679 2
      vertex -59.9933 11.1303 2
    endloop
  endfacet
  facet normal -0 0 1
    outer loop
      vertex -60.2517 25.1673 2
      vertex -60.1141 11.2679 2
      vertex -60.1141 25.288 2
    endloop
  endfacet
  facet normal 0 0 1
    outer loop
      vertex -60.2517 25.1673 2
      vertex -60.2517 11.3887 2
      vertex -60.1141 11.2679 2
    endloop
  endfacet
  facet normal -0 0 1
    outer loop
      vertex -60.404 25.0656 2
      vertex -60.2517 11.3887 2
      vertex -60.2517 25.1673 2
    endloop
  endfacet
  facet normal 0 0 1
    outer loop
      vertex -60.404 25.0656 2
      vertex -60.404 11.4904 2
      vertex -60.2517 11.3887 2
    endloop
  endfacet
  facet normal -0 0 1
    outer loop
      vertex -60.5682 24.9846 2
      vertex -60.404 11.4904 2
      vertex -60.404 25.0656 2
    endloop
  endfacet
  facet normal 0 0 1
    outer loop
      vertex -60.5682 24.9846 2
      vertex -60.5682 11.5714 2
      vertex -60.404 11.4904 2
    endloop
  endfacet
  facet normal -0 0 1
    outer loop
      vertex -60.7417 24.9257 2
      vertex -60.5682 11.5714 2
      vertex -60.5682 24.9846 2
    endloop
  endfacet
  facet normal 0 0 1
    outer loop
      vertex -60.7417 24.9257 2
      vertex -60.7417 11.6303 2
      vertex -60.5682 11.5714 2
    endloop
  endfacet
  facet normal 0 0 1
    outer loop
      vertex -65.961 18.278 2
      vertex -60.7417 24.9257 2
      vertex -60.9213 24.89 2
    endloop
  endfacet
  facet normal 0 0 1
    outer loop
      vertex -60.7417 24.9257 2
      vertex -65.961 18.278 2
      vertex -60.7417 11.6303 2
    endloop
  endfacet
  facet normal 0 0 1
    outer loop
      vertex -65.961 18.278 2
      vertex -60.9213 24.89 2
      vertex -61.104 24.878 2
    endloop
  endfacet
  facet normal 0 0 1
    outer loop
      vertex -60.7417 11.6303 2
      vertex -65.961 18.278 2
      vertex -60.9213 11.666 2
    endloop
  endfacet
  facet normal 0 0 1
    outer loop
      vertex -65.961 18.278 2
      vertex -61.104 24.878 2
      vertex -61.2867 24.89 2
    endloop
  endfacet
  facet normal -0 0 1
    outer loop
      vertex -66.0123 17.4948 2
      vertex -60.9213 11.666 2
      vertex -65.961 18.278 2
    endloop
  endfacet
  facet normal 0 0 1
    outer loop
      vertex -65.961 18.278 2
      vertex -61.2867 24.89 2
      vertex -61.4663 24.9257 2
    endloop
  endfacet
  facet normal 0 0 1
    outer loop
      vertex -60.9213 11.666 2
      vertex -66.0123 17.4948 2
      vertex -61.104 11.678 2
    endloop
  endfacet
  facet normal 0 0 1
    outer loop
      vertex -65.961 18.278 2
      vertex -61.4663 24.9257 2
      vertex -61.6398 24.9846 2
    endloop
  endfacet
  facet normal 0 0 1
    outer loop
      vertex -61.104 11.678 2
      vertex -66.0123 17.4948 2
      vertex -61.2867 11.666 2
    endloop
  endfacet
  facet normal 0 0 1
    outer loop
      vertex -65.961 18.278 2
      vertex -61.6398 24.9846 2
      vertex -61.804 25.0656 2
    endloop
  endfacet
  facet normal -0 0 1
    outer loop
      vertex -66.1654 16.7251 2
      vertex -61.2867 11.666 2
      vertex -66.0123 17.4948 2
    endloop
  endfacet
  facet normal 0 0 1
    outer loop
      vertex -65.961 18.278 2
      vertex -61.804 25.0656 2
      vertex -61.9563 25.1673 2
    endloop
  endfacet
  facet normal 0 0 1
    outer loop
      vertex -61.2867 11.666 2
      vertex -66.1654 16.7251 2
      vertex -61.4663 11.6303 2
    endloop
  endfacet
  facet normal 0 0 1
    outer loop
      vertex -65.961 18.278 2
      vertex -61.9563 25.1673 2
      vertex -62.0939 25.288 2
    endloop
  endfacet
  facet normal 0 0 1
    outer loop
      vertex -61.4663 11.6303 2
      vertex -66.1654 16.7251 2
      vertex -61.6398 11.5714 2
    endloop
  endfacet
  facet normal 0 0 1
    outer loop
      vertex -65.961 18.278 2
      vertex -62.0939 25.288 2
      vertex -62.2147 25.4257 2
    endloop
  endfacet
  facet normal -0 0 1
    outer loop
      vertex -66.4177 15.9819 2
      vertex -61.6398 11.5714 2
      vertex -66.1654 16.7251 2
    endloop
  endfacet
  facet normal 0 0 1
    outer loop
      vertex -65.961 18.278 2
      vertex -62.2147 25.4257 2
      vertex -62.3164 25.578 2
    endloop
  endfacet
  facet normal 0 0 1
    outer loop
      vertex -61.6398 11.5714 2
      vertex -66.4177 15.9819 2
      vertex -61.804 11.4904 2
    endloop
  endfacet
  facet normal 0 0 1
    outer loop
      vertex -65.961 18.278 2
      vertex -62.3164 25.578 2
      vertex -62.3974 25.7422 2
    endloop
  endfacet
  facet normal -0 0 1
    outer loop
      vertex -66.7648 15.278 2
      vertex -61.804 11.4904 2
      vertex -66.4177 15.9819 2
    endloop
  endfacet
  facet normal 0 0 1
    outer loop
      vertex -65.961 18.278 2
      vertex -62.3974 25.7422 2
      vertex -62.4563 25.9157 2
    endloop
  endfacet
  facet normal 0 0 1
    outer loop
      vertex -61.804 11.4904 2
      vertex -66.7648 15.278 2
      vertex -61.9563 11.3887 2
    endloop
  endfacet
  facet normal 0 0 1
    outer loop
      vertex -65.961 18.278 2
      vertex -62.4563 25.9157 2
      vertex -62.492 26.0953 2
    endloop
  endfacet
  facet normal 0 0 1
    outer loop
      vertex -61.9563 11.3887 2
      vertex -66.7648 15.278 2
      vertex -62.0939 11.2679 2
    endloop
  endfacet
  facet normal 0 0 1
    outer loop
      vertex -68.3084 23.0381 2
      vertex -62.492 26.0953 2
      vertex -62.504 26.278 2
    endloop
  endfacet
  facet normal -0 0 1
    outer loop
      vertex -67.2009 14.6254 2
      vertex -62.0939 11.2679 2
      vertex -66.7648 15.278 2
    endloop
  endfacet
  facet normal -0 0 1
    outer loop
      vertex -91.6291 13.5562 2
      vertex -81.588 9.57201 2
      vertex -91.6 14 2
    endloop
  endfacet
  facet normal -0 0 1
    outer loop
      vertex -91.7159 13.12 2
      vertex -81.588 9.57201 2
      vertex -91.6291 13.5562 2
    endloop
  endfacet
  facet normal -0 0 1
    outer loop
      vertex -91.8588 12.6989 2
      vertex -81.588 9.57201 2
      vertex -91.7159 13.12 2
    endloop
  endfacet
  facet normal -0 0 1
    outer loop
      vertex -92.0555 12.3 2
      vertex -81.588 9.57201 2
      vertex -91.8588 12.6989 2
    endloop
  endfacet
  facet normal -0 0 1
    outer loop
      vertex -92.3026 11.9302 2
      vertex -81.588 9.57201 2
      vertex -92.0555 12.3 2
    endloop
  endfacet
  facet normal -0 0 1
    outer loop
      vertex -92.5958 11.5958 2
      vertex -81.588 9.57201 2
      vertex -92.3026 11.9302 2
    endloop
  endfacet
  facet normal -0 0 1
    outer loop
      vertex -92.9302 11.3026 2
      vertex -81.588 9.57201 2
      vertex -92.5958 11.5958 2
    endloop
  endfacet
  facet normal -0 0 1
    outer loop
      vertex -93.3 11.0555 2
      vertex -81.588 9.57201 2
      vertex -92.9302 11.3026 2
    endloop
  endfacet
  facet normal -0 0 1
    outer loop
      vertex -93.6989 10.8588 2
      vertex -81.588 9.57201 2
      vertex -93.3 11.0555 2
    endloop
  endfacet
  facet normal -0 0 1
    outer loop
      vertex -94.12 10.7159 2
      vertex -81.588 9.57201 2
      vertex -93.6989 10.8588 2
    endloop
  endfacet
  facet normal -0 0 1
    outer loop
      vertex -94.5562 10.6291 2
      vertex -81.588 9.57201 2
      vertex -94.12 10.7159 2
    endloop
  endfacet
  facet normal 0 0 1
    outer loop
      vertex -100.075 9.485 2
      vertex -94.5562 10.6291 2
      vertex -95 10.6 2
    endloop
  endfacet
  facet normal 0 0 1
    outer loop
      vertex -100.075 9.485 2
      vertex -95 10.6 2
      vertex -95.4438 10.6291 2
    endloop
  endfacet
  facet normal 0 0 1
    outer loop
      vertex -94.5562 10.6291 2
      vertex -100.075 9.485 2
      vertex -81.588 9.57201 2
    endloop
  endfacet
  facet normal 0 0 1
    outer loop
      vertex -95.88 10.7159 2
      vertex -100.075 9.485 2
      vertex -95.4438 10.6291 2
    endloop
  endfacet
  facet normal 0 0 1
    outer loop
      vertex -96.3011 10.8588 2
      vertex -100.075 9.485 2
      vertex -95.88 10.7159 2
    endloop
  endfacet
  facet normal 0 0 1
    outer loop
      vertex -96.7 11.0555 2
      vertex -100.075 9.485 2
      vertex -96.3011 10.8588 2
    endloop
  endfacet
  facet normal 0 0 1
    outer loop
      vertex -97.0698 11.3026 2
      vertex -100.075 9.485 2
      vertex -96.7 11.0555 2
    endloop
  endfacet
  facet normal 0 0 1
    outer loop
      vertex -97.4042 11.5958 2
      vertex -100.075 9.485 2
      vertex -97.0698 11.3026 2
    endloop
  endfacet
  facet normal 0 0 1
    outer loop
      vertex -97.6974 11.9302 2
      vertex -100.075 9.485 2
      vertex -97.4042 11.5958 2
    endloop
  endfacet
  facet normal 0 0 1
    outer loop
      vertex -97.9445 12.3 2
      vertex -100.075 9.485 2
      vertex -97.6974 11.9302 2
    endloop
  endfacet
  facet normal 0 0 1
    outer loop
      vertex -98.1412 12.6989 2
      vertex -100.075 9.485 2
      vertex -97.9445 12.3 2
    endloop
  endfacet
  facet normal 0 0 1
    outer loop
      vertex -98.2841 13.12 2
      vertex -100.075 9.485 2
      vertex -98.1412 12.6989 2
    endloop
  endfacet
  facet normal 0 0 1
    outer loop
      vertex -98.3709 13.5562 2
      vertex -100.075 9.485 2
      vertex -98.2841 13.12 2
    endloop
  endfacet
  facet normal 0 0 1
    outer loop
      vertex -100.075 9.485 2
      vertex -98.3709 13.5562 2
      vertex -98.4 14 2
    endloop
  endfacet
  facet normal 0 0 1
    outer loop
      vertex -58.4511 94.6694 2
      vertex -93.3663 92.3224 2
      vertex -93.3969 92.1684 2
    endloop
  endfacet
  facet normal 0 0 1
    outer loop
      vertex -58.4007 94.5208 2
      vertex -93.3969 92.1684 2
      vertex -93.4473 92.0198 2
    endloop
  endfacet
  facet normal 0 0 1
    outer loop
      vertex -58.3312 94.38 2
      vertex -93.4473 92.0198 2
      vertex -93.5168 91.879 2
    endloop
  endfacet
  facet normal 0 0 1
    outer loop
      vertex -58.244 94.2495 2
      vertex -93.5168 91.879 2
      vertex -93.604 91.7485 2
    endloop
  endfacet
  facet normal 0 0 1
    outer loop
      vertex -58.1405 94.1315 2
      vertex -93.604 91.7485 2
      vertex -93.7075 91.6305 2
    endloop
  endfacet
  facet normal 0 -0 1
    outer loop
      vertex -92.0555 15.7 2
      vertex -77.9097 19.0612 2
      vertex -92.3026 16.0698 2
    endloop
  endfacet
  facet normal 0 -0 1
    outer loop
      vertex -94.2833 52.3382 2
      vertex -57.5637 52.6382 2
      vertex -94.3528 52.479 2
    endloop
  endfacet
  facet normal 0 0 1
    outer loop
      vertex -94.5435 52.7275 2
      vertex -93.7075 91.6305 2
      vertex -93.8255 91.527 2
    endloop
  endfacet
  facet normal 0 0 1
    outer loop
      vertex -94.6615 52.831 2
      vertex -93.8255 91.527 2
      vertex -93.956 91.4398 2
    endloop
  endfacet
  facet normal 0 0 1
    outer loop
      vertex -94.792 52.9182 2
      vertex -93.956 91.4398 2
      vertex -94.0968 91.3703 2
    endloop
  endfacet
  facet normal 0 -0 1
    outer loop
      vertex -91.8588 15.3011 2
      vertex -77.961 18.278 2
      vertex -92.0555 15.7 2
    endloop
  endfacet
  facet normal 0 0 1
    outer loop
      vertex -77.9097 19.0612 2
      vertex -92.0555 15.7 2
      vertex -77.961 18.278 2
    endloop
  endfacet
  facet normal 0 0 1
    outer loop
      vertex -74.961 23.4742 2
      vertex -94.6615 50.927 2
      vertex -75.6136 23.0381 2
    endloop
  endfacet
  facet normal -0 0 1
    outer loop
      vertex -94.44 51.1485 2
      vertex -73.5139 24.0736 2
      vertex -94.3528 51.279 2
    endloop
  endfacet
  facet normal 0 0 1
    outer loop
      vertex -94.9328 52.9877 2
      vertex -94.0968 91.3703 2
      vertex -94.2454 91.3199 2
    endloop
  endfacet
  facet normal 0 0 1
    outer loop
      vertex -61.9563 27.3887 2
      vertex -71.1778 24.2267 2
      vertex -62.0939 27.2679 2
    endloop
  endfacet
  facet normal 0 0 1
    outer loop
      vertex -57.6141 52.4896 2
      vertex -94.2329 52.1896 2
      vertex -57.6447 52.3356 2
    endloop
  endfacet
  facet normal 0 0 1
    outer loop
      vertex -95.0814 53.0381 2
      vertex -94.2454 91.3199 2
      vertex -94.3994 91.2893 2
    endloop
  endfacet
  facet normal 0 -0 1
    outer loop
      vertex -94.2329 52.1896 2
      vertex -57.6141 52.4896 2
      vertex -94.2833 52.3382 2
    endloop
  endfacet
  facet normal 0 0 1
    outer loop
      vertex -57.5637 52.6382 2
      vertex -94.2833 52.3382 2
      vertex -57.6141 52.4896 2
    endloop
  endfacet
  facet normal 0 0 1
    outer loop
      vertex -95.2354 53.0687 2
      vertex -94.3994 91.2893 2
      vertex -94.556 91.279 2
    endloop
  endfacet
  facet normal 0 0 1
    outer loop
      vertex -93.8255 91.527 2
      vertex -94.6615 52.831 2
      vertex -94.5435 52.7275 2
    endloop
  endfacet
  facet normal 0 0 1
    outer loop
      vertex -95.392 53.079 2
      vertex -94.556 91.279 2
      vertex -94.7126 91.2893 2
    endloop
  endfacet
  facet normal 0 0 1
    outer loop
      vertex -93.956 91.4398 2
      vertex -94.792 52.9182 2
      vertex -94.6615 52.831 2
    endloop
  endfacet
  facet normal 0 0 1
    outer loop
      vertex -95.5486 53.0687 2
      vertex -94.7126 91.2893 2
      vertex -94.8666 91.3199 2
    endloop
  endfacet
  facet normal 0 0 1
    outer loop
      vertex -94.0968 91.3703 2
      vertex -94.9328 52.9877 2
      vertex -94.792 52.9182 2
    endloop
  endfacet
  facet normal 0 0 1
    outer loop
      vertex -95.7026 53.0381 2
      vertex -94.8666 91.3199 2
      vertex -95.0152 91.3703 2
    endloop
  endfacet
  facet normal 0 0 1
    outer loop
      vertex -94.2454 91.3199 2
      vertex -95.0814 53.0381 2
      vertex -94.9328 52.9877 2
    endloop
  endfacet
  facet normal 0 0 1
    outer loop
      vertex -95.8512 52.9877 2
      vertex -95.0152 91.3703 2
      vertex -95.156 91.4398 2
    endloop
  endfacet
  facet normal 0 0 1
    outer loop
      vertex -94.3994 91.2893 2
      vertex -95.2354 53.0687 2
      vertex -95.0814 53.0381 2
    endloop
  endfacet
  facet normal 0 0 1
    outer loop
      vertex -95.992 52.9182 2
      vertex -95.156 91.4398 2
      vertex -95.2865 91.527 2
    endloop
  endfacet
  facet normal 0 0 1
    outer loop
      vertex -94.556 91.279 2
      vertex -95.392 53.079 2
      vertex -95.2354 53.0687 2
    endloop
  endfacet
  facet normal 0 0 1
    outer loop
      vertex -95.992 52.9182 2
      vertex -95.2865 91.527 2
      vertex -95.4045 91.6305 2
    endloop
  endfacet
  facet normal 0 0 1
    outer loop
      vertex -95.992 52.9182 2
      vertex -95.4045 91.6305 2
      vertex -95.508 91.7485 2
    endloop
  endfacet
  facet normal 0 0 1
    outer loop
      vertex -94.7126 91.2893 2
      vertex -95.5486 53.0687 2
      vertex -95.392 53.079 2
    endloop
  endfacet
  facet normal 0 0 1
    outer loop
      vertex -95.992 52.9182 2
      vertex -95.508 91.7485 2
      vertex -95.5952 91.879 2
    endloop
  endfacet
  facet normal 0 0 1
    outer loop
      vertex -95.992 52.9182 2
      vertex -95.5952 91.879 2
      vertex -95.6647 92.0198 2
    endloop
  endfacet
  facet normal 0 0 1
    outer loop
      vertex -94.8666 91.3199 2
      vertex -95.7026 53.0381 2
      vertex -95.5486 53.0687 2
    endloop
  endfacet
  facet normal 0 0 1
    outer loop
      vertex -95.992 52.9182 2
      vertex -95.6647 92.0198 2
      vertex -95.7151 92.1684 2
    endloop
  endfacet
  facet normal 0 0 1
    outer loop
      vertex -95.992 52.9182 2
      vertex -95.7151 92.1684 2
      vertex -95.7457 92.3224 2
    endloop
  endfacet
  facet normal 0 0 1
    outer loop
      vertex -103.3 96.0555 2
      vertex -95.7457 92.3224 2
      vertex -95.756 92.479 2
    endloop
  endfacet
  facet normal 0 0 1
    outer loop
      vertex -95.0152 91.3703 2
      vertex -95.8512 52.9877 2
      vertex -95.7026 53.0381 2
    endloop
  endfacet
  facet normal 0 0 1
    outer loop
      vertex -77.1572 15.278 2
      vertex -81.588 9.57201 2
      vertex -80.812 9.49901 2
    endloop
  endfacet
  facet normal 0 0 1
    outer loop
      vertex -76.7211 21.9306 2
      vertex -93.6989 17.1412 2
      vertex -77.1572 21.278 2
    endloop
  endfacet
  facet normal 0 0 1
    outer loop
      vertex -77.7566 19.8309 2
      vertex -92.3026 16.0698 2
      vertex -77.9097 19.0612 2
    endloop
  endfacet
  facet normal 0 -0 1
    outer loop
      vertex -93.3 16.9445 2
      vertex -77.1572 21.278 2
      vertex -93.6989 17.1412 2
    endloop
  endfacet
  facet normal 0 -0 1
    outer loop
      vertex -92.3026 16.0698 2
      vertex -77.7566 19.8309 2
      vertex -92.5958 16.4042 2
    endloop
  endfacet
  facet normal 0 0 1
    outer loop
      vertex -77.1572 21.278 2
      vertex -92.9302 16.6974 2
      vertex -77.5043 20.5741 2
    endloop
  endfacet
  facet normal 0 0 1
    outer loop
      vertex -77.5043 20.5741 2
      vertex -92.5958 16.4042 2
      vertex -77.7566 19.8309 2
    endloop
  endfacet
  facet normal 0 -0 1
    outer loop
      vertex -92.5958 16.4042 2
      vertex -77.5043 20.5741 2
      vertex -92.9302 16.6974 2
    endloop
  endfacet
  facet normal 0 -0 1
    outer loop
      vertex -92.9302 16.6974 2
      vertex -77.1572 21.278 2
      vertex -93.3 16.9445 2
    endloop
  endfacet
  facet normal -0 0 1
    outer loop
      vertex -95.0814 50.7199 2
      vertex -94.12 17.2841 2
      vertex -94.9328 50.7703 2
    endloop
  endfacet
  facet normal 0 0 1
    outer loop
      vertex -94.12 17.2841 2
      vertex -95.0814 50.7199 2
      vertex -94.5562 17.3709 2
    endloop
  endfacet
  facet normal -0 0 1
    outer loop
      vertex -95.2354 50.6893 2
      vertex -94.5562 17.3709 2
      vertex -95.0814 50.7199 2
    endloop
  endfacet
  facet normal 0 0 1
    outer loop
      vertex -94.5562 17.3709 2
      vertex -95.2354 50.6893 2
      vertex -95 17.4 2
    endloop
  endfacet
  facet normal -0 0 1
    outer loop
      vertex -95.392 50.679 2
      vertex -95 17.4 2
      vertex -95.2354 50.6893 2
    endloop
  endfacet
  facet normal 0 0 1
    outer loop
      vertex -95.392 50.679 2
      vertex -95.4438 17.3709 2
      vertex -95 17.4 2
    endloop
  endfacet
  facet normal 0 0 1
    outer loop
      vertex -95.5486 50.6893 2
      vertex -95.4438 17.3709 2
      vertex -95.392 50.679 2
    endloop
  endfacet
  facet normal 0 0 1
    outer loop
      vertex -95.7026 50.7199 2
      vertex -95.4438 17.3709 2
      vertex -95.5486 50.6893 2
    endloop
  endfacet
  facet normal 0 0 1
    outer loop
      vertex -95.88 17.2841 2
      vertex -95.7026 50.7199 2
      vertex -95.8512 50.7703 2
    endloop
  endfacet
  facet normal 0 0 1
    outer loop
      vertex -95.7026 50.7199 2
      vertex -95.88 17.2841 2
      vertex -95.4438 17.3709 2
    endloop
  endfacet
  facet normal 0 0 1
    outer loop
      vertex -96.3011 17.1412 2
      vertex -95.8512 50.7703 2
      vertex -95.992 50.8398 2
    endloop
  endfacet
  facet normal 0 0 1
    outer loop
      vertex -96.7 16.9445 2
      vertex -95.992 50.8398 2
      vertex -96.1225 50.927 2
    endloop
  endfacet
  facet normal 0 0 1
    outer loop
      vertex -97.0698 16.6974 2
      vertex -96.1225 50.927 2
      vertex -96.2405 51.0305 2
    endloop
  endfacet
  facet normal 0 0 1
    outer loop
      vertex -95.8512 50.7703 2
      vertex -96.3011 17.1412 2
      vertex -95.88 17.2841 2
    endloop
  endfacet
  facet normal 0 0 1
    outer loop
      vertex -97.0698 16.6974 2
      vertex -96.2405 51.0305 2
      vertex -96.344 51.1485 2
    endloop
  endfacet
  facet normal 0 0 1
    outer loop
      vertex -97.0698 16.6974 2
      vertex -96.344 51.1485 2
      vertex -96.4312 51.279 2
    endloop
  endfacet
  facet normal 0 0 1
    outer loop
      vertex -97.0698 16.6974 2
      vertex -96.4312 51.279 2
      vertex -96.5007 51.4198 2
    endloop
  endfacet
  facet normal 0 0 1
    outer loop
      vertex -97.0698 16.6974 2
      vertex -96.5007 51.4198 2
      vertex -96.5511 51.5684 2
    endloop
  endfacet
  facet normal 0 0 1
    outer loop
      vertex -97.0698 16.6974 2
      vertex -96.5511 51.5684 2
      vertex -96.5817 51.7224 2
    endloop
  endfacet
  facet normal 0 0 1
    outer loop
      vertex -119.41 6.112 2
      vertex -96.5817 51.7224 2
      vertex -96.592 51.879 2
    endloop
  endfacet
  facet normal 0 0 1
    outer loop
      vertex -95.992 50.8398 2
      vertex -96.7 16.9445 2
      vertex -96.3011 17.1412 2
    endloop
  endfacet
  facet normal 0 0 1
    outer loop
      vertex -95.5952 93.079 2
      vertex -102.303 96.9302 2
      vertex -95.6647 92.9382 2
    endloop
  endfacet
  facet normal 0 0 1
    outer loop
      vertex -95.6647 92.9382 2
      vertex -102.303 96.9302 2
      vertex -95.7151 92.7896 2
    endloop
  endfacet
  facet normal -0 0 1
    outer loop
      vertex -102.596 96.5958 2
      vertex -95.7151 92.7896 2
      vertex -102.303 96.9302 2
    endloop
  endfacet
  facet normal 0 0 1
    outer loop
      vertex -95.7457 92.3224 2
      vertex -103.3 96.0555 2
      vertex -103.699 95.8588 2
    endloop
  endfacet
  facet normal 0 0 1
    outer loop
      vertex -95.7457 92.3224 2
      vertex -103.699 95.8588 2
      vertex -104.12 95.7159 2
    endloop
  endfacet
  facet normal 0 0 1
    outer loop
      vertex -95.7457 92.3224 2
      vertex -104.12 95.7159 2
      vertex -104.556 95.6291 2
    endloop
  endfacet
  facet normal 0 0 1
    outer loop
      vertex -95.7457 92.3224 2
      vertex -104.556 95.6291 2
      vertex -105 95.6 2
    endloop
  endfacet
  facet normal 0 0 1
    outer loop
      vertex -95.7457 92.3224 2
      vertex -105 95.6 2
      vertex -105.444 95.6291 2
    endloop
  endfacet
  facet normal 0 0 1
    outer loop
      vertex -96.5817 51.7224 2
      vertex -97.6974 16.0698 2
      vertex -97.4042 16.4042 2
    endloop
  endfacet
  facet normal 0 0 1
    outer loop
      vertex -97.6974 16.0698 2
      vertex -119.41 6.112 2
      vertex -97.9445 15.7 2
    endloop
  endfacet
  facet normal 0 0 1
    outer loop
      vertex -97.9445 15.7 2
      vertex -119.41 6.112 2
      vertex -98.1412 15.3011 2
    endloop
  endfacet
  facet normal 0 0 1
    outer loop
      vertex -98.4 14 2
      vertex -100.583 9.43901 2
      vertex -100.075 9.485 2
    endloop
  endfacet
  facet normal 0 0 1
    outer loop
      vertex -98.1412 15.3011 2
      vertex -119.41 6.112 2
      vertex -98.2841 14.88 2
    endloop
  endfacet
  facet normal 0 0 1
    outer loop
      vertex -98.2841 14.88 2
      vertex -119.41 6.112 2
      vertex -98.3709 14.4438 2
    endloop
  endfacet
  facet normal 0 -0 1
    outer loop
      vertex -100.583 9.43901 2
      vertex -98.3709 14.4438 2
      vertex -119.41 6.112 2
    endloop
  endfacet
  facet normal 0 0 1
    outer loop
      vertex -107.697 96.9302 2
      vertex -96.5511 52.1896 2
      vertex -107.404 96.5958 2
    endloop
  endfacet
  facet normal 0 0 1
    outer loop
      vertex -96.5511 52.1896 2
      vertex -107.697 96.9302 2
      vertex -96.5817 52.0356 2
    endloop
  endfacet
  facet normal 0 0 1
    outer loop
      vertex -107.944 97.3 2
      vertex -96.5817 52.0356 2
      vertex -107.697 96.9302 2
    endloop
  endfacet
  facet normal 0 0 1
    outer loop
      vertex -96.5817 52.0356 2
      vertex -119.41 6.112 2
      vertex -96.592 51.879 2
    endloop
  endfacet
  facet normal 0 0 1
    outer loop
      vertex -96.5817 52.0356 2
      vertex -107.944 97.3 2
      vertex -119.41 6.112 2
    endloop
  endfacet
  facet normal 0 0 1
    outer loop
      vertex -119.41 6.112 2
      vertex -107.944 97.3 2
      vertex -108.141 97.6989 2
    endloop
  endfacet
  facet normal 0 0 1
    outer loop
      vertex -119.41 6.112 2
      vertex -108.141 97.6989 2
      vertex -108.284 98.12 2
    endloop
  endfacet
  facet normal 0 0 1
    outer loop
      vertex -119.41 6.112 2
      vertex -108.284 98.12 2
      vertex -108.371 98.5562 2
    endloop
  endfacet
  facet normal 0 0 1
    outer loop
      vertex -98.3709 14.4438 2
      vertex -100.583 9.43901 2
      vertex -98.4 14 2
    endloop
  endfacet
  facet normal 0 0 1
    outer loop
      vertex -119.41 6.112 2
      vertex -108.371 98.5562 2
      vertex -108.4 99 2
    endloop
  endfacet
  facet normal -0 0 1
    outer loop
      vertex -119.681 11.6584 2
      vertex -119.41 6.112 2
      vertex -119.671 11.815 2
    endloop
  endfacet
  facet normal -0 0 1
    outer loop
      vertex -119.712 11.5044 2
      vertex -119.41 6.112 2
      vertex -119.681 11.6584 2
    endloop
  endfacet
  facet normal -0 0 1
    outer loop
      vertex -119.762 11.3558 2
      vertex -119.41 6.112 2
      vertex -119.712 11.5044 2
    endloop
  endfacet
  facet normal -0 0 1
    outer loop
      vertex -119.832 11.215 2
      vertex -119.41 6.112 2
      vertex -119.762 11.3558 2
    endloop
  endfacet
  facet normal -0 0 1
    outer loop
      vertex -119.919 11.0845 2
      vertex -119.41 6.112 2
      vertex -119.832 11.215 2
    endloop
  endfacet
  facet normal -0 0 1
    outer loop
      vertex -120.022 10.9665 2
      vertex -119.41 6.112 2
      vertex -119.919 11.0845 2
    endloop
  endfacet
  facet normal -0 0 1
    outer loop
      vertex -120.14 10.863 2
      vertex -119.41 6.112 2
      vertex -120.022 10.9665 2
    endloop
  endfacet
  facet normal -0 0 1
    outer loop
      vertex -120.271 10.7758 2
      vertex -119.41 6.112 2
      vertex -120.14 10.863 2
    endloop
  endfacet
  facet normal -0 0 1
    outer loop
      vertex -120.412 10.7063 2
      vertex -119.41 6.112 2
      vertex -120.271 10.7758 2
    endloop
  endfacet
  facet normal -0 0 1
    outer loop
      vertex -120.56 10.6559 2
      vertex -119.41 6.112 2
      vertex -120.412 10.7063 2
    endloop
  endfacet
  facet normal -0 0 1
    outer loop
      vertex -120.714 10.6253 2
      vertex -119.41 6.112 2
      vertex -120.56 10.6559 2
    endloop
  endfacet
  facet normal 0 0 1
    outer loop
      vertex -119.41 6.112 2
      vertex -120.714 10.6253 2
      vertex -119.914 5.97701 2
    endloop
  endfacet
  facet normal -0 0 1
    outer loop
      vertex -120.871 10.615 2
      vertex -119.914 5.97701 2
      vertex -120.714 10.6253 2
    endloop
  endfacet
  facet normal 0 0 1
    outer loop
      vertex -121.028 10.6253 2
      vertex -119.914 5.97701 2
      vertex -120.871 10.615 2
    endloop
  endfacet
  facet normal 0 0 1
    outer loop
      vertex -121.182 10.6559 2
      vertex -119.914 5.97701 2
      vertex -121.028 10.6253 2
    endloop
  endfacet
  facet normal 0 0 1
    outer loop
      vertex -121.33 10.7063 2
      vertex -119.914 5.97701 2
      vertex -121.182 10.6559 2
    endloop
  endfacet
  facet normal 0 0 1
    outer loop
      vertex -121.471 10.7758 2
      vertex -119.914 5.97701 2
      vertex -121.33 10.7063 2
    endloop
  endfacet
  facet normal 0 0 1
    outer loop
      vertex -121.602 10.863 2
      vertex -119.914 5.97701 2
      vertex -121.471 10.7758 2
    endloop
  endfacet
  facet normal 0 0 1
    outer loop
      vertex -121.72 10.9665 2
      vertex -119.914 5.97701 2
      vertex -121.602 10.863 2
    endloop
  endfacet
  facet normal 0 0 1
    outer loop
      vertex -121.823 11.0845 2
      vertex -119.914 5.97701 2
      vertex -121.72 10.9665 2
    endloop
  endfacet
  facet normal 0 0 1
    outer loop
      vertex -136.16 0.0640116 2
      vertex -121.823 11.0845 2
      vertex -121.91 11.215 2
    endloop
  endfacet
  facet normal 0 0 1
    outer loop
      vertex -136.16 0.0640116 2
      vertex -121.91 11.215 2
      vertex -121.98 11.3558 2
    endloop
  endfacet
  facet normal 0 0 1
    outer loop
      vertex -121.471 12.8542 2
      vertex -128.185 23.5788 2
      vertex -121.602 12.767 2
    endloop
  endfacet
  facet normal -0 0 1
    outer loop
      vertex -128.326 23.5093 2
      vertex -121.602 12.767 2
      vertex -128.185 23.5788 2
    endloop
  endfacet
  facet normal 0 0 1
    outer loop
      vertex -121.602 12.767 2
      vertex -128.326 23.5093 2
      vertex -121.72 12.6635 2
    endloop
  endfacet
  facet normal -0 0 1
    outer loop
      vertex -128.474 23.4589 2
      vertex -121.72 12.6635 2
      vertex -128.326 23.5093 2
    endloop
  endfacet
  facet normal 0 0 1
    outer loop
      vertex -121.72 12.6635 2
      vertex -128.474 23.4589 2
      vertex -121.823 12.5455 2
    endloop
  endfacet
  facet normal -0 0 1
    outer loop
      vertex -128.628 23.4283 2
      vertex -121.823 12.5455 2
      vertex -128.474 23.4589 2
    endloop
  endfacet
  facet normal -0 0 1
    outer loop
      vertex -133.051 20.832 2
      vertex -121.823 12.5455 2
      vertex -128.628 23.4283 2
    endloop
  endfacet
  facet normal 0 0 1
    outer loop
      vertex -121.823 12.5455 2
      vertex -133.051 20.832 2
      vertex -121.91 12.415 2
    endloop
  endfacet
  facet normal -0 0 1
    outer loop
      vertex -133.421 20.462 2
      vertex -121.91 12.415 2
      vertex -133.051 20.832 2
    endloop
  endfacet
  facet normal 0 0 1
    outer loop
      vertex -121.91 12.415 2
      vertex -133.421 20.462 2
      vertex -121.98 12.2742 2
    endloop
  endfacet
  facet normal 0 0 1
    outer loop
      vertex -121.98 12.2742 2
      vertex -133.421 20.462 2
      vertex -122.03 12.1256 2
    endloop
  endfacet
  facet normal -0 0 1
    outer loop
      vertex -133.849 20.162 2
      vertex -122.03 12.1256 2
      vertex -133.421 20.462 2
    endloop
  endfacet
  facet normal 0 0 1
    outer loop
      vertex -122.03 12.1256 2
      vertex -133.849 20.162 2
      vertex -122.061 11.9716 2
    endloop
  endfacet
  facet normal 0 0 1
    outer loop
      vertex -122.061 11.9716 2
      vertex -133.849 20.162 2
      vertex -122.071 11.815 2
    endloop
  endfacet
  facet normal -0 0 1
    outer loop
      vertex -134.323 19.941 2
      vertex -122.071 11.815 2
      vertex -133.849 20.162 2
    endloop
  endfacet
  facet normal 0 0 1
    outer loop
      vertex -133.051 20.832 2
      vertex -128.628 23.4283 2
      vertex -128.785 23.418 2
    endloop
  endfacet
  facet normal 0 0 1
    outer loop
      vertex -132.751 21.26 2
      vertex -128.785 23.418 2
      vertex -128.942 23.4283 2
    endloop
  endfacet
  facet normal 0 0 1
    outer loop
      vertex -132.53 21.734 2
      vertex -128.942 23.4283 2
      vertex -129.096 23.4589 2
    endloop
  endfacet
  facet normal 0 0 1
    outer loop
      vertex -132.53 21.734 2
      vertex -129.096 23.4589 2
      vertex -129.244 23.5093 2
    endloop
  endfacet
  facet normal 0 0 1
    outer loop
      vertex -132.395 22.239 2
      vertex -129.244 23.5093 2
      vertex -129.385 23.5788 2
    endloop
  endfacet
  facet normal 0 0 1
    outer loop
      vertex -132.395 22.239 2
      vertex -129.385 23.5788 2
      vertex -129.516 23.666 2
    endloop
  endfacet
  facet normal 0 0 1
    outer loop
      vertex -132.349 22.76 2
      vertex -129.516 23.666 2
      vertex -129.634 23.7695 2
    endloop
  endfacet
  facet normal 0 0 1
    outer loop
      vertex -132.349 22.76 2
      vertex -129.634 23.7695 2
      vertex -129.737 23.8875 2
    endloop
  endfacet
  facet normal 0 0 1
    outer loop
      vertex -132.349 22.76 2
      vertex -129.737 23.8875 2
      vertex -129.824 24.018 2
    endloop
  endfacet
  facet normal 0 0 1
    outer loop
      vertex -129.975 24.7746 2
      vertex -132.349 22.76 2
      vertex -129.985 24.618 2
    endloop
  endfacet
  facet normal 0 0 1
    outer loop
      vertex -129.985 24.618 2
      vertex -132.349 22.76 2
      vertex -129.975 24.4614 2
    endloop
  endfacet
  facet normal 0 0 1
    outer loop
      vertex -132.349 22.76 2
      vertex -129.944 24.3074 2
      vertex -129.975 24.4614 2
    endloop
  endfacet
  facet normal 0 0 1
    outer loop
      vertex -132.349 22.76 2
      vertex -129.894 24.1588 2
      vertex -129.944 24.3074 2
    endloop
  endfacet
  facet normal 0 0 1
    outer loop
      vertex -132.349 22.76 2
      vertex -129.824 24.018 2
      vertex -129.894 24.1588 2
    endloop
  endfacet
  facet normal 0 0 1
    outer loop
      vertex -129.516 23.666 2
      vertex -132.349 22.76 2
      vertex -132.395 22.239 2
    endloop
  endfacet
  facet normal 0 0 1
    outer loop
      vertex -129.244 23.5093 2
      vertex -132.395 22.239 2
      vertex -132.53 21.734 2
    endloop
  endfacet
  facet normal 0 0 1
    outer loop
      vertex -128.942 23.4283 2
      vertex -132.53 21.734 2
      vertex -132.751 21.26 2
    endloop
  endfacet
  facet normal 0 0 1
    outer loop
      vertex -128.785 23.418 2
      vertex -132.751 21.26 2
      vertex -133.051 20.832 2
    endloop
  endfacet
  facet normal 0 0 1
    outer loop
      vertex -122.071 11.815 2
      vertex -134.323 19.941 2
      vertex -122.061 11.6584 2
    endloop
  endfacet
  facet normal 0 0 1
    outer loop
      vertex -136.16 0.0640116 2
      vertex -122.061 11.6584 2
      vertex -134.323 19.941 2
    endloop
  endfacet
  facet normal 0 0 1
    outer loop
      vertex -122.061 11.6584 2
      vertex -136.16 0.0640116 2
      vertex -122.03 11.5044 2
    endloop
  endfacet
  facet normal 0 0 1
    outer loop
      vertex -122.03 11.5044 2
      vertex -136.16 0.0640116 2
      vertex -121.98 11.3558 2
    endloop
  endfacet
  facet normal 0 0 1
    outer loop
      vertex -121.823 11.0845 2
      vertex -136.16 0.0640116 2
      vertex -119.914 5.97701 2
    endloop
  endfacet
  facet normal -0 0 1
    outer loop
      vertex -137.442 0.661012 2
      vertex -136.16 0.0640116 2
      vertex -134.323 19.941 2
    endloop
  endfacet
  facet normal 0 0 1
    outer loop
      vertex -136.16 0.0640116 2
      vertex -137.442 0.661012 2
      vertex -136.328 0.0190134 2
    endloop
  endfacet
  facet normal 0 0 1
    outer loop
      vertex -136.328 0.0190134 2
      vertex -137.442 0.661012 2
      vertex -136.502 0.00300694 2
    endloop
  endfacet
  facet normal 0 0 1
    outer loop
      vertex -136.502 0.00300694 2
      vertex -137.442 0.661012 2
      vertex -136.676 0.0190134 2
    endloop
  endfacet
  facet normal 0 0 1
    outer loop
      vertex -136.676 0.0190134 2
      vertex -137.442 0.661012 2
      vertex -136.844 0.0640116 2
    endloop
  endfacet
  facet normal 0 0 1
    outer loop
      vertex -136.844 0.0640116 2
      vertex -137.442 0.661012 2
      vertex -137.002 0.13701 2
    endloop
  endfacet
  facet normal 0 0 1
    outer loop
      vertex -137.002 0.13701 2
      vertex -137.442 0.661012 2
      vertex -137.145 0.237 2
    endloop
  endfacet
  facet normal 0 0 1
    outer loop
      vertex -137.145 0.237 2
      vertex -137.442 0.661012 2
      vertex -137.268 0.361009 2
    endloop
  endfacet
  facet normal 0 0 1
    outer loop
      vertex -137.268 0.361009 2
      vertex -137.442 0.661012 2
      vertex -137.368 0.503007 2
    endloop
  endfacet
  facet normal 0 0 1
    outer loop
      vertex -142.931 15.744 2
      vertex -134.323 19.941 2
      vertex -142.334 17.025 2
    endloop
  endfacet
  facet normal 0 0 1
    outer loop
      vertex -142.931 15.744 2
      vertex -142.334 17.025 2
      vertex -142.51 16.941 2
    endloop
  endfacet
  facet normal 0 0 1
    outer loop
      vertex -142.931 15.744 2
      vertex -142.51 16.941 2
      vertex -142.667 16.823 2
    endloop
  endfacet
  facet normal 0 0 1
    outer loop
      vertex -142.931 15.744 2
      vertex -142.667 16.823 2
      vertex -142.798 16.677 2
    endloop
  endfacet
  facet normal 0 0 1
    outer loop
      vertex -142.931 15.744 2
      vertex -142.798 16.677 2
      vertex -142.898 16.508 2
    endloop
  endfacet
  facet normal 0 0 1
    outer loop
      vertex -134.323 19.941 2
      vertex -142.931 15.744 2
      vertex -137.442 0.661012 2
    endloop
  endfacet
  facet normal -0 0 1
    outer loop
      vertex -142.963 16.323 2
      vertex -142.931 15.744 2
      vertex -142.898 16.508 2
    endloop
  endfacet
  facet normal 0 0 1
    outer loop
      vertex -142.963 16.323 2
      vertex -142.98 15.933 2
      vertex -142.931 15.744 2
    endloop
  endfacet
  facet normal 0 -0 1
    outer loop
      vertex -142.98 15.933 2
      vertex -142.963 16.323 2
      vertex -142.99 16.129 2
    endloop
  endfacet
  facet normal -0.258726 -0.965951 0
    outer loop
      vertex -136.844 0.0640116 0
      vertex -136.676 0.0190134 2
      vertex -136.844 0.0640116 2
    endloop
  endfacet
  facet normal -0.258726 -0.965951 -0
    outer loop
      vertex -136.676 0.0190134 2
      vertex -136.844 0.0640116 0
      vertex -136.676 0.0190134 0
    endloop
  endfacet
  facet normal -0.419415 -0.907795 0
    outer loop
      vertex -137.002 0.13701 0
      vertex -136.844 0.0640116 2
      vertex -137.002 0.13701 2
    endloop
  endfacet
  facet normal -0.419415 -0.907795 -0
    outer loop
      vertex -136.844 0.0640116 2
      vertex -137.002 0.13701 0
      vertex -136.844 0.0640116 0
    endloop
  endfacet
  facet normal -0.573039 -0.819528 0
    outer loop
      vertex -137.145 0.237 0
      vertex -137.002 0.13701 2
      vertex -137.145 0.237 2
    endloop
  endfacet
  facet normal -0.573039 -0.819528 -0
    outer loop
      vertex -137.002 0.13701 2
      vertex -137.145 0.237 0
      vertex -137.002 0.13701 0
    endloop
  endfacet
  facet normal -0.709989 -0.704212 0
    outer loop
      vertex -137.145 0.237 0
      vertex -137.268 0.361009 2
      vertex -137.268 0.361009 0
    endloop
  endfacet
  facet normal -0.709989 -0.704212 0
    outer loop
      vertex -137.268 0.361009 2
      vertex -137.145 0.237 0
      vertex -137.145 0.237 2
    endloop
  endfacet
  facet normal -0.817602 -0.575784 0
    outer loop
      vertex -137.268 0.361009 0
      vertex -137.368 0.503007 2
      vertex -137.368 0.503007 0
    endloop
  endfacet
  facet normal -0.817602 -0.575784 0
    outer loop
      vertex -137.368 0.503007 2
      vertex -137.268 0.361009 0
      vertex -137.268 0.361009 2
    endloop
  endfacet
  facet normal -0.905602 -0.424129 0
    outer loop
      vertex -137.368 0.503007 0
      vertex -137.442 0.661012 2
      vertex -137.442 0.661012 0
    endloop
  endfacet
  facet normal -0.905602 -0.424129 0
    outer loop
      vertex -137.442 0.661012 2
      vertex -137.368 0.503007 0
      vertex -137.368 0.503007 2
    endloop
  endfacet
  facet normal -0.939708 -0.341978 0
    outer loop
      vertex -137.442 0.661012 0
      vertex -142.931 15.744 2
      vertex -142.931 15.744 0
    endloop
  endfacet
  facet normal -0.939708 -0.341978 0
    outer loop
      vertex -142.931 15.744 2
      vertex -137.442 0.661012 0
      vertex -137.442 0.661012 2
    endloop
  endfacet
  facet normal -0.967997 -0.250962 0
    outer loop
      vertex -142.931 15.744 0
      vertex -142.98 15.933 2
      vertex -142.98 15.933 0
    endloop
  endfacet
  facet normal -0.967997 -0.250962 0
    outer loop
      vertex -142.98 15.933 2
      vertex -142.931 15.744 0
      vertex -142.931 15.744 2
    endloop
  endfacet
  facet normal -0.998701 -0.0509541 0
    outer loop
      vertex -142.98 15.933 0
      vertex -142.99 16.129 2
      vertex -142.99 16.129 0
    endloop
  endfacet
  facet normal -0.998701 -0.0509541 0
    outer loop
      vertex -142.99 16.129 2
      vertex -142.98 15.933 0
      vertex -142.98 15.933 2
    endloop
  endfacet
  facet normal -0.990454 0.137847 0
    outer loop
      vertex -142.99 16.129 0
      vertex -142.963 16.323 2
      vertex -142.963 16.323 0
    endloop
  endfacet
  facet normal -0.990454 0.137847 0
    outer loop
      vertex -142.963 16.323 2
      vertex -142.99 16.129 0
      vertex -142.99 16.129 2
    endloop
  endfacet
  facet normal -0.94346 0.331486 0
    outer loop
      vertex -142.963 16.323 0
      vertex -142.898 16.508 2
      vertex -142.898 16.508 0
    endloop
  endfacet
  facet normal -0.94346 0.331486 0
    outer loop
      vertex -142.898 16.508 2
      vertex -142.963 16.323 0
      vertex -142.963 16.323 2
    endloop
  endfacet
  facet normal -0.860622 0.509244 0
    outer loop
      vertex -142.898 16.508 0
      vertex -142.798 16.677 2
      vertex -142.798 16.677 0
    endloop
  endfacet
  facet normal -0.860622 0.509244 0
    outer loop
      vertex -142.798 16.677 2
      vertex -142.898 16.508 0
      vertex -142.898 16.508 2
    endloop
  endfacet
  facet normal -0.744307 0.667837 0
    outer loop
      vertex -142.798 16.677 0
      vertex -142.667 16.823 2
      vertex -142.667 16.823 0
    endloop
  endfacet
  facet normal -0.744307 0.667837 0
    outer loop
      vertex -142.667 16.823 2
      vertex -142.798 16.677 0
      vertex -142.798 16.677 2
    endloop
  endfacet
  facet normal -0.600814 0.799389 0
    outer loop
      vertex -142.51 16.941 0
      vertex -142.667 16.823 2
      vertex -142.51 16.941 2
    endloop
  endfacet
  facet normal -0.600814 0.799389 0
    outer loop
      vertex -142.667 16.823 2
      vertex -142.51 16.941 0
      vertex -142.667 16.823 0
    endloop
  endfacet
  facet normal -0.43073 0.902481 0
    outer loop
      vertex -142.334 17.025 0
      vertex -142.51 16.941 2
      vertex -142.334 17.025 2
    endloop
  endfacet
  facet normal -0.43073 0.902481 0
    outer loop
      vertex -142.51 16.941 2
      vertex -142.334 17.025 0
      vertex -142.51 16.941 0
    endloop
  endfacet
  facet normal -0.342044 0.939684 0
    outer loop
      vertex -134.323 19.941 0
      vertex -142.334 17.025 2
      vertex -134.323 19.941 2
    endloop
  endfacet
  facet normal -0.342044 0.939684 0
    outer loop
      vertex -142.334 17.025 2
      vertex -134.323 19.941 0
      vertex -142.334 17.025 0
    endloop
  endfacet
  facet normal -0.422571 0.90633 0
    outer loop
      vertex -133.849 20.162 0
      vertex -134.323 19.941 2
      vertex -133.849 20.162 2
    endloop
  endfacet
  facet normal -0.422571 0.90633 0
    outer loop
      vertex -134.323 19.941 2
      vertex -133.849 20.162 0
      vertex -134.323 19.941 0
    endloop
  endfacet
  facet normal -0.573976 0.818872 0
    outer loop
      vertex -133.421 20.462 0
      vertex -133.849 20.162 2
      vertex -133.421 20.462 2
    endloop
  endfacet
  facet normal -0.573976 0.818872 0
    outer loop
      vertex -133.849 20.162 2
      vertex -133.421 20.462 0
      vertex -133.849 20.162 0
    endloop
  endfacet
  facet normal -0.707107 0.707107 0
    outer loop
      vertex -133.421 20.462 0
      vertex -133.051 20.832 2
      vertex -133.051 20.832 0
    endloop
  endfacet
  facet normal -0.707107 0.707107 0
    outer loop
      vertex -133.051 20.832 2
      vertex -133.421 20.462 0
      vertex -133.421 20.462 2
    endloop
  endfacet
  facet normal -0.818872 0.573976 0
    outer loop
      vertex -133.051 20.832 0
      vertex -132.751 21.26 2
      vertex -132.751 21.26 0
    endloop
  endfacet
  facet normal -0.818872 0.573976 0
    outer loop
      vertex -132.751 21.26 2
      vertex -133.051 20.832 0
      vertex -133.051 20.832 2
    endloop
  endfacet
  facet normal -0.90633 0.422571 0
    outer loop
      vertex -132.751 21.26 0
      vertex -132.53 21.734 2
      vertex -132.53 21.734 0
    endloop
  endfacet
  facet normal -0.90633 0.422571 0
    outer loop
      vertex -132.53 21.734 2
      vertex -132.751 21.26 0
      vertex -132.751 21.26 2
    endloop
  endfacet
  facet normal -0.966076 0.258258 0
    outer loop
      vertex -132.53 21.734 0
      vertex -132.395 22.239 2
      vertex -132.395 22.239 0
    endloop
  endfacet
  facet normal -0.966076 0.258258 0
    outer loop
      vertex -132.395 22.239 2
      vertex -132.53 21.734 0
      vertex -132.53 21.734 2
    endloop
  endfacet
  facet normal -0.996125 0.0879496 0
    outer loop
      vertex -132.395 22.239 0
      vertex -132.349 22.76 2
      vertex -132.349 22.76 0
    endloop
  endfacet
  facet normal -0.996125 0.0879496 0
    outer loop
      vertex -132.349 22.76 2
      vertex -132.395 22.239 0
      vertex -132.395 22.239 2
    endloop
  endfacet
  facet normal -1 0 0
    outer loop
      vertex -132.349 22.76 0
      vertex -132.349 47.516 2
      vertex -132.349 47.516 0
    endloop
  endfacet
  facet normal -1 -0 0
    outer loop
      vertex -132.349 47.516 2
      vertex -132.349 22.76 0
      vertex -132.349 22.76 2
    endloop
  endfacet
  facet normal -0.99557 -0.094026 0
    outer loop
      vertex -132.349 47.516 0
      vertex -132.366 47.696 2
      vertex -132.366 47.696 0
    endloop
  endfacet
  facet normal -0.99557 -0.094026 0
    outer loop
      vertex -132.366 47.696 2
      vertex -132.349 47.516 0
      vertex -132.349 47.516 2
    endloop
  endfacet
  facet normal -0.963993 -0.265929 0
    outer loop
      vertex -132.366 47.696 0
      vertex -132.414 47.87 2
      vertex -132.414 47.87 0
    endloop
  endfacet
  facet normal -0.963993 -0.265929 0
    outer loop
      vertex -132.414 47.87 2
      vertex -132.366 47.696 0
      vertex -132.366 47.696 2
    endloop
  endfacet
  facet normal -0.898822 -0.438314 0
    outer loop
      vertex -132.414 47.87 0
      vertex -132.493 48.032 2
      vertex -132.493 48.032 0
    endloop
  endfacet
  facet normal -0.898822 -0.438314 0
    outer loop
      vertex -132.493 48.032 2
      vertex -132.414 47.87 0
      vertex -132.414 47.87 2
    endloop
  endfacet
  facet normal -0.804637 -0.593767 0
    outer loop
      vertex -132.493 48.032 0
      vertex -132.6 48.177 2
      vertex -132.6 48.177 0
    endloop
  endfacet
  facet normal -0.804637 -0.593767 0
    outer loop
      vertex -132.6 48.177 2
      vertex -132.493 48.032 0
      vertex -132.493 48.032 2
    endloop
  endfacet
  facet normal -0.690344 -0.723481 0
    outer loop
      vertex -132.731 48.302 0
      vertex -132.6 48.177 2
      vertex -132.731 48.302 2
    endloop
  endfacet
  facet normal -0.690344 -0.723481 -0
    outer loop
      vertex -132.6 48.177 2
      vertex -132.731 48.302 0
      vertex -132.6 48.177 0
    endloop
  endfacet
  facet normal -0.544402 -0.838824 0
    outer loop
      vertex -132.882 48.4 0
      vertex -132.731 48.302 2
      vertex -132.882 48.4 2
    endloop
  endfacet
  facet normal -0.544402 -0.838824 -0
    outer loop
      vertex -132.731 48.302 2
      vertex -132.882 48.4 0
      vertex -132.731 48.302 0
    endloop
  endfacet
  facet normal -0.388553 -0.921426 0
    outer loop
      vertex -133.048 48.47 0
      vertex -132.882 48.4 2
      vertex -133.048 48.47 2
    endloop
  endfacet
  facet normal -0.388553 -0.921426 -0
    outer loop
      vertex -132.882 48.4 2
      vertex -133.048 48.47 0
      vertex -132.882 48.4 0
    endloop
  endfacet
  facet normal -0.381863 -0.924219 0
    outer loop
      vertex -133.215 48.539 0
      vertex -133.048 48.47 2
      vertex -133.215 48.539 2
    endloop
  endfacet
  facet normal -0.381863 -0.924219 -0
    outer loop
      vertex -133.048 48.47 2
      vertex -133.215 48.539 0
      vertex -133.048 48.47 0
    endloop
  endfacet
  facet normal -0.545763 -0.837939 0
    outer loop
      vertex -133.367 48.638 0
      vertex -133.215 48.539 2
      vertex -133.367 48.638 2
    endloop
  endfacet
  facet normal -0.545763 -0.837939 -0
    outer loop
      vertex -133.215 48.539 2
      vertex -133.367 48.638 0
      vertex -133.215 48.539 0
    endloop
  endfacet
  facet normal -0.687437 -0.726244 0
    outer loop
      vertex -133.498 48.762 0
      vertex -133.367 48.638 2
      vertex -133.498 48.762 2
    endloop
  endfacet
  facet normal -0.687437 -0.726244 -0
    outer loop
      vertex -133.367 48.638 2
      vertex -133.498 48.762 0
      vertex -133.367 48.638 0
    endloop
  endfacet
  facet normal -0.807289 -0.590156 0
    outer loop
      vertex -133.498 48.762 0
      vertex -133.604 48.907 2
      vertex -133.604 48.907 0
    endloop
  endfacet
  facet normal -0.807289 -0.590156 0
    outer loop
      vertex -133.604 48.907 2
      vertex -133.498 48.762 0
      vertex -133.498 48.762 2
    endloop
  endfacet
  facet normal -0.898822 -0.438314 0
    outer loop
      vertex -133.604 48.907 0
      vertex -133.683 49.069 2
      vertex -133.683 49.069 0
    endloop
  endfacet
  facet normal -0.898822 -0.438314 0
    outer loop
      vertex -133.683 49.069 2
      vertex -133.604 48.907 0
      vertex -133.604 48.907 2
    endloop
  endfacet
  facet normal -0.962964 -0.26963 0
    outer loop
      vertex -133.683 49.069 0
      vertex -133.732 49.244 2
      vertex -133.732 49.244 0
    endloop
  endfacet
  facet normal -0.962964 -0.26963 0
    outer loop
      vertex -133.732 49.244 2
      vertex -133.683 49.069 0
      vertex -133.683 49.069 2
    endloop
  endfacet
  facet normal -0.996029 -0.0890305 0
    outer loop
      vertex -133.732 49.244 0
      vertex -133.748 49.423 2
      vertex -133.748 49.423 0
    endloop
  endfacet
  facet normal -0.996029 -0.0890305 0
    outer loop
      vertex -133.748 49.423 2
      vertex -133.732 49.244 0
      vertex -133.732 49.244 2
    endloop
  endfacet
  facet normal -1 0 0
    outer loop
      vertex -133.748 49.423 0
      vertex -133.748 107.53 2
      vertex -133.748 107.53 0
    endloop
  endfacet
  facet normal -1 -0 0
    outer loop
      vertex -133.748 107.53 2
      vertex -133.748 49.423 0
      vertex -133.748 49.423 2
    endloop
  endfacet
  facet normal -0.995287 0.0969766 0
    outer loop
      vertex -133.748 107.53 0
      vertex -133.729 107.725 2
      vertex -133.729 107.725 0
    endloop
  endfacet
  facet normal -0.995287 0.0969766 0
    outer loop
      vertex -133.729 107.725 2
      vertex -133.748 107.53 0
      vertex -133.748 107.53 2
    endloop
  endfacet
  facet normal -0.95655 0.291569 0
    outer loop
      vertex -133.729 107.725 0
      vertex -133.672 107.912 2
      vertex -133.672 107.912 0
    endloop
  endfacet
  facet normal -0.95655 0.291569 0
    outer loop
      vertex -133.672 107.912 2
      vertex -133.729 107.725 0
      vertex -133.729 107.725 2
    endloop
  endfacet
  facet normal -0.882917 0.469528 0
    outer loop
      vertex -133.672 107.912 0
      vertex -133.58 108.085 2
      vertex -133.58 108.085 0
    endloop
  endfacet
  facet normal -0.882917 0.469528 0
    outer loop
      vertex -133.58 108.085 2
      vertex -133.672 107.912 0
      vertex -133.672 107.912 2
    endloop
  endfacet
  facet normal -0.77237 0.635173 0
    outer loop
      vertex -133.58 108.085 0
      vertex -133.455 108.237 2
      vertex -133.455 108.237 0
    endloop
  endfacet
  facet normal -0.77237 0.635173 0
    outer loop
      vertex -133.455 108.237 2
      vertex -133.58 108.085 0
      vertex -133.58 108.085 2
    endloop
  endfacet
  facet normal -0.63463 0.772816 0
    outer loop
      vertex -133.304 108.361 0
      vertex -133.455 108.237 2
      vertex -133.304 108.361 2
    endloop
  endfacet
  facet normal -0.63463 0.772816 0
    outer loop
      vertex -133.455 108.237 2
      vertex -133.304 108.361 0
      vertex -133.455 108.237 0
    endloop
  endfacet
  facet normal -0.473492 0.880798 0
    outer loop
      vertex -133.131 108.454 0
      vertex -133.304 108.361 2
      vertex -133.131 108.454 2
    endloop
  endfacet
  facet normal -0.473492 0.880798 0
    outer loop
      vertex -133.304 108.361 2
      vertex -133.131 108.454 0
      vertex -133.304 108.361 0
    endloop
  endfacet
  facet normal -0.290149 0.956982 0
    outer loop
      vertex -132.943 108.511 0
      vertex -133.131 108.454 2
      vertex -132.943 108.511 2
    endloop
  endfacet
  facet normal -0.290149 0.956982 0
    outer loop
      vertex -133.131 108.454 2
      vertex -132.943 108.511 0
      vertex -133.131 108.454 0
    endloop
  endfacet
  facet normal -0.0969766 0.995287 0
    outer loop
      vertex -132.748 108.53 0
      vertex -132.943 108.511 2
      vertex -132.748 108.53 2
    endloop
  endfacet
  facet normal -0.0969766 0.995287 0
    outer loop
      vertex -132.943 108.511 2
      vertex -132.748 108.53 0
      vertex -132.943 108.511 0
    endloop
  endfacet
  facet normal 0 1 -0
    outer loop
      vertex -95.252 108.53 0
      vertex -132.748 108.53 2
      vertex -95.252 108.53 2
    endloop
  endfacet
  facet normal 0 1 0
    outer loop
      vertex -132.748 108.53 2
      vertex -95.252 108.53 0
      vertex -132.748 108.53 0
    endloop
  endfacet
  facet normal -0.0964865 0.995334 0
    outer loop
      vertex -95.056 108.549 0
      vertex -95.252 108.53 2
      vertex -95.056 108.549 2
    endloop
  endfacet
  facet normal -0.0964865 0.995334 0
    outer loop
      vertex -95.252 108.53 2
      vertex -95.056 108.549 0
      vertex -95.252 108.53 0
    endloop
  endfacet
  facet normal -0.286878 0.957967 0
    outer loop
      vertex -94.869 108.605 0
      vertex -95.056 108.549 2
      vertex -94.869 108.605 2
    endloop
  endfacet
  facet normal -0.286878 0.957967 0
    outer loop
      vertex -95.056 108.549 2
      vertex -94.869 108.605 0
      vertex -95.056 108.549 0
    endloop
  endfacet
  facet normal -0.473492 0.880798 0
    outer loop
      vertex -94.696 108.698 0
      vertex -94.869 108.605 2
      vertex -94.696 108.698 2
    endloop
  endfacet
  facet normal -0.473492 0.880798 0
    outer loop
      vertex -94.869 108.605 2
      vertex -94.696 108.698 0
      vertex -94.869 108.605 0
    endloop
  endfacet
  facet normal -0.635173 0.77237 0
    outer loop
      vertex -94.544 108.823 0
      vertex -94.696 108.698 2
      vertex -94.544 108.823 2
    endloop
  endfacet
  facet normal -0.635173 0.77237 0
    outer loop
      vertex -94.696 108.698 2
      vertex -94.544 108.823 0
      vertex -94.696 108.698 0
    endloop
  endfacet
  facet normal -0.772816 0.63463 0
    outer loop
      vertex -94.544 108.823 0
      vertex -94.42 108.974 2
      vertex -94.42 108.974 0
    endloop
  endfacet
  facet normal -0.772816 0.63463 0
    outer loop
      vertex -94.42 108.974 2
      vertex -94.544 108.823 0
      vertex -94.544 108.823 2
    endloop
  endfacet
  facet normal -0.882917 0.469528 0
    outer loop
      vertex -94.42 108.974 0
      vertex -94.328 109.147 2
      vertex -94.328 109.147 0
    endloop
  endfacet
  facet normal -0.882917 0.469528 0
    outer loop
      vertex -94.328 109.147 2
      vertex -94.42 108.974 0
      vertex -94.42 108.974 2
    endloop
  endfacet
  facet normal -0.956982 0.290149 0
    outer loop
      vertex -94.328 109.147 0
      vertex -94.271 109.335 2
      vertex -94.271 109.335 0
    endloop
  endfacet
  facet normal -0.956982 0.290149 0
    outer loop
      vertex -94.271 109.335 2
      vertex -94.328 109.147 0
      vertex -94.328 109.147 2
    endloop
  endfacet
  facet normal -0.995238 0.0974718 0
    outer loop
      vertex -94.271 109.335 0
      vertex -94.252 109.529 2
      vertex -94.252 109.529 0
    endloop
  endfacet
  facet normal -0.995238 0.0974718 0
    outer loop
      vertex -94.252 109.529 2
      vertex -94.271 109.335 0
      vertex -94.271 109.335 2
    endloop
  endfacet
  facet normal -1 0 0
    outer loop
      vertex -94.252 109.529 0
      vertex -94.252 110.029 2
      vertex -94.252 110.029 0
    endloop
  endfacet
  facet normal -1 -0 0
    outer loop
      vertex -94.252 110.029 2
      vertex -94.252 109.529 0
      vertex -94.252 109.529 2
    endloop
  endfacet
  facet normal -0.994834 0.101514 0
    outer loop
      vertex -94.252 110.029 0
      vertex -94.232 110.225 2
      vertex -94.232 110.225 0
    endloop
  endfacet
  facet normal -0.994834 0.101514 0
    outer loop
      vertex -94.232 110.225 2
      vertex -94.252 110.029 0
      vertex -94.252 110.029 2
    endloop
  endfacet
  facet normal -0.95655 0.291569 0
    outer loop
      vertex -94.232 110.225 0
      vertex -94.175 110.412 2
      vertex -94.175 110.412 0
    endloop
  endfacet
  facet normal -0.95655 0.291569 0
    outer loop
      vertex -94.175 110.412 2
      vertex -94.232 110.225 0
      vertex -94.232 110.225 2
    endloop
  endfacet
  facet normal -0.882917 0.469528 0
    outer loop
      vertex -94.175 110.412 0
      vertex -94.083 110.585 2
      vertex -94.083 110.585 0
    endloop
  endfacet
  facet normal -0.882917 0.469528 0
    outer loop
      vertex -94.083 110.585 2
      vertex -94.175 110.412 0
      vertex -94.175 110.412 2
    endloop
  endfacet
  facet normal -0.774865 0.632127 0
    outer loop
      vertex -94.083 110.585 0
      vertex -93.959 110.737 2
      vertex -93.959 110.737 0
    endloop
  endfacet
  facet normal -0.774865 0.632127 0
    outer loop
      vertex -93.959 110.737 2
      vertex -94.083 110.585 0
      vertex -94.083 110.585 2
    endloop
  endfacet
  facet normal -0.632127 0.774865 0
    outer loop
      vertex -93.807 110.861 0
      vertex -93.959 110.737 2
      vertex -93.807 110.861 2
    endloop
  endfacet
  facet normal -0.632127 0.774865 0
    outer loop
      vertex -93.959 110.737 2
      vertex -93.807 110.861 0
      vertex -93.959 110.737 0
    endloop
  endfacet
  facet normal -0.469528 0.882917 0
    outer loop
      vertex -93.634 110.953 0
      vertex -93.807 110.861 2
      vertex -93.634 110.953 2
    endloop
  endfacet
  facet normal -0.469528 0.882917 0
    outer loop
      vertex -93.807 110.861 2
      vertex -93.634 110.953 0
      vertex -93.807 110.861 0
    endloop
  endfacet
  facet normal -0.291569 0.95655 0
    outer loop
      vertex -93.447 111.01 0
      vertex -93.634 110.953 2
      vertex -93.447 111.01 2
    endloop
  endfacet
  facet normal -0.291569 0.95655 0
    outer loop
      vertex -93.634 110.953 2
      vertex -93.447 111.01 0
      vertex -93.634 110.953 0
    endloop
  endfacet
  facet normal -0.101514 0.994834 0
    outer loop
      vertex -93.251 111.03 0
      vertex -93.447 111.01 2
      vertex -93.251 111.03 2
    endloop
  endfacet
  facet normal -0.101514 0.994834 0
    outer loop
      vertex -93.447 111.01 2
      vertex -93.251 111.03 0
      vertex -93.447 111.01 0
    endloop
  endfacet
  facet normal 0 1 -0
    outer loop
      vertex -76.201 111.03 0
      vertex -93.251 111.03 2
      vertex -76.201 111.03 2
    endloop
  endfacet
  facet normal 0 1 0
    outer loop
      vertex -93.251 111.03 2
      vertex -76.201 111.03 0
      vertex -93.251 111.03 0
    endloop
  endfacet
  facet normal -0.0969766 0.995287 0
    outer loop
      vertex -76.006 111.049 0
      vertex -76.201 111.03 2
      vertex -76.006 111.049 2
    endloop
  endfacet
  facet normal -0.0969766 0.995287 0
    outer loop
      vertex -76.201 111.03 2
      vertex -76.006 111.049 0
      vertex -76.201 111.03 0
    endloop
  endfacet
  facet normal -0.291569 0.95655 0
    outer loop
      vertex -75.819 111.106 0
      vertex -76.006 111.049 2
      vertex -75.819 111.106 2
    endloop
  endfacet
  facet normal -0.291569 0.95655 0
    outer loop
      vertex -76.006 111.049 2
      vertex -75.819 111.106 0
      vertex -76.006 111.049 0
    endloop
  endfacet
  facet normal -0.469528 0.882917 0
    outer loop
      vertex -75.646 111.198 0
      vertex -75.819 111.106 2
      vertex -75.646 111.198 2
    endloop
  endfacet
  facet normal -0.469528 0.882917 0
    outer loop
      vertex -75.819 111.106 2
      vertex -75.646 111.198 0
      vertex -75.819 111.106 0
    endloop
  endfacet
  facet normal -0.635173 0.77237 0
    outer loop
      vertex -75.494 111.323 0
      vertex -75.646 111.198 2
      vertex -75.494 111.323 2
    endloop
  endfacet
  facet normal -0.635173 0.77237 0
    outer loop
      vertex -75.646 111.198 2
      vertex -75.494 111.323 0
      vertex -75.646 111.198 0
    endloop
  endfacet
  facet normal -0.772816 0.63463 0
    outer loop
      vertex -75.494 111.323 0
      vertex -75.37 111.474 2
      vertex -75.37 111.474 0
    endloop
  endfacet
  facet normal -0.772816 0.63463 0
    outer loop
      vertex -75.37 111.474 2
      vertex -75.494 111.323 0
      vertex -75.494 111.323 2
    endloop
  endfacet
  facet normal -0.880798 0.473492 0
    outer loop
      vertex -75.37 111.474 0
      vertex -75.277 111.647 2
      vertex -75.277 111.647 0
    endloop
  endfacet
  facet normal -0.880798 0.473492 0
    outer loop
      vertex -75.277 111.647 2
      vertex -75.37 111.474 0
      vertex -75.37 111.474 2
    endloop
  endfacet
  facet normal -0.95655 0.291569 0
    outer loop
      vertex -75.277 111.647 0
      vertex -75.22 111.834 2
      vertex -75.22 111.834 0
    endloop
  endfacet
  facet normal -0.95655 0.291569 0
    outer loop
      vertex -75.22 111.834 2
      vertex -75.277 111.647 0
      vertex -75.277 111.647 2
    endloop
  endfacet
  facet normal -0.995334 0.0964865 0
    outer loop
      vertex -75.22 111.834 0
      vertex -75.201 112.03 2
      vertex -75.201 112.03 0
    endloop
  endfacet
  facet normal -0.995334 0.0964865 0
    outer loop
      vertex -75.201 112.03 2
      vertex -75.22 111.834 0
      vertex -75.22 111.834 2
    endloop
  endfacet
  facet normal -1 0 0
    outer loop
      vertex -75.201 112.03 0
      vertex -75.201 112.529 2
      vertex -75.201 112.529 0
    endloop
  endfacet
  facet normal -1 -0 0
    outer loop
      vertex -75.201 112.529 2
      vertex -75.201 112.03 0
      vertex -75.201 112.03 2
    endloop
  endfacet
  facet normal -0.995334 0.0964865 0
    outer loop
      vertex -75.201 112.529 0
      vertex -75.182 112.725 2
      vertex -75.182 112.725 0
    endloop
  endfacet
  facet normal -0.995334 0.0964865 0
    outer loop
      vertex -75.182 112.725 2
      vertex -75.201 112.529 0
      vertex -75.201 112.529 2
    endloop
  endfacet
  facet normal -0.956982 0.290149 0
    outer loop
      vertex -75.182 112.725 0
      vertex -75.125 112.913 2
      vertex -75.125 112.913 0
    endloop
  endfacet
  facet normal -0.956982 0.290149 0
    outer loop
      vertex -75.125 112.913 2
      vertex -75.182 112.725 0
      vertex -75.182 112.725 2
    endloop
  endfacet
  facet normal -0.881785 0.471652 0
    outer loop
      vertex -75.125 112.913 0
      vertex -75.033 113.085 2
      vertex -75.033 113.085 0
    endloop
  endfacet
  facet normal -0.881785 0.471652 0
    outer loop
      vertex -75.033 113.085 2
      vertex -75.125 112.913 0
      vertex -75.125 112.913 2
    endloop
  endfacet
  facet normal -0.77237 0.635173 0
    outer loop
      vertex -75.033 113.085 0
      vertex -74.908 113.237 2
      vertex -74.908 113.237 0
    endloop
  endfacet
  facet normal -0.77237 0.635173 0
    outer loop
      vertex -74.908 113.237 2
      vertex -75.033 113.085 0
      vertex -75.033 113.085 2
    endloop
  endfacet
  facet normal -0.63463 0.772816 0
    outer loop
      vertex -74.757 113.361 0
      vertex -74.908 113.237 2
      vertex -74.757 113.361 2
    endloop
  endfacet
  facet normal -0.63463 0.772816 0
    outer loop
      vertex -74.908 113.237 2
      vertex -74.757 113.361 0
      vertex -74.908 113.237 0
    endloop
  endfacet
  facet normal -0.469528 0.882917 0
    outer loop
      vertex -74.584 113.453 0
      vertex -74.757 113.361 2
      vertex -74.584 113.453 2
    endloop
  endfacet
  facet normal -0.469528 0.882917 0
    outer loop
      vertex -74.757 113.361 2
      vertex -74.584 113.453 0
      vertex -74.757 113.361 0
    endloop
  endfacet
  facet normal -0.2948 0.955559 0
    outer loop
      vertex -74.396 113.511 0
      vertex -74.584 113.453 2
      vertex -74.396 113.511 2
    endloop
  endfacet
  facet normal -0.2948 0.955559 0
    outer loop
      vertex -74.584 113.453 2
      vertex -74.396 113.511 0
      vertex -74.584 113.453 0
    endloop
  endfacet
  facet normal -0.0969766 0.995287 0
    outer loop
      vertex -74.201 113.53 0
      vertex -74.396 113.511 2
      vertex -74.201 113.53 2
    endloop
  endfacet
  facet normal -0.0969766 0.995287 0
    outer loop
      vertex -74.396 113.511 2
      vertex -74.201 113.53 0
      vertex -74.396 113.511 0
    endloop
  endfacet
  facet normal 0 1 -0
    outer loop
      vertex -58.151 113.53 0
      vertex -74.201 113.53 2
      vertex -58.151 113.53 2
    endloop
  endfacet
  facet normal 0 1 0
    outer loop
      vertex -74.201 113.53 2
      vertex -58.151 113.53 0
      vertex -74.201 113.53 0
    endloop
  endfacet
  facet normal 0.0858883 0.996305 -0
    outer loop
      vertex -57.977 113.515 0
      vertex -58.151 113.53 2
      vertex -57.977 113.515 2
    endloop
  endfacet
  facet normal 0.0858883 0.996305 0
    outer loop
      vertex -58.151 113.53 2
      vertex -57.977 113.515 0
      vertex -58.151 113.53 0
    endloop
  endfacet
  facet normal 0.264089 0.964498 -0
    outer loop
      vertex -57.809 113.469 0
      vertex -57.977 113.515 2
      vertex -57.809 113.469 2
    endloop
  endfacet
  facet normal 0.264089 0.964498 0
    outer loop
      vertex -57.977 113.515 2
      vertex -57.809 113.469 0
      vertex -57.977 113.515 0
    endloop
  endfacet
  facet normal 0.419422 0.907791 -0
    outer loop
      vertex -57.651 113.396 0
      vertex -57.809 113.469 2
      vertex -57.651 113.396 2
    endloop
  endfacet
  facet normal 0.419422 0.907791 0
    outer loop
      vertex -57.809 113.469 2
      vertex -57.651 113.396 0
      vertex -57.809 113.469 0
    endloop
  endfacet
  facet normal 0.573078 0.819501 -0
    outer loop
      vertex -57.508 113.296 0
      vertex -57.651 113.396 2
      vertex -57.508 113.296 2
    endloop
  endfacet
  facet normal 0.573078 0.819501 0
    outer loop
      vertex -57.651 113.396 2
      vertex -57.508 113.296 0
      vertex -57.651 113.396 0
    endloop
  endfacet
  facet normal 0.709964 0.704238 0
    outer loop
      vertex -57.385 113.172 2
      vertex -57.508 113.296 0
      vertex -57.508 113.296 2
    endloop
  endfacet
  facet normal 0.709964 0.704238 0
    outer loop
      vertex -57.508 113.296 0
      vertex -57.385 113.172 2
      vertex -57.385 113.172 0
    endloop
  endfacet
  facet normal 0.817606 0.575779 0
    outer loop
      vertex -57.285 113.03 2
      vertex -57.385 113.172 0
      vertex -57.385 113.172 2
    endloop
  endfacet
  facet normal 0.817606 0.575779 0
    outer loop
      vertex -57.385 113.172 0
      vertex -57.285 113.03 2
      vertex -57.285 113.03 0
    endloop
  endfacet
  facet normal 0.905597 0.42414 0
    outer loop
      vertex -57.211 112.872 2
      vertex -57.285 113.03 0
      vertex -57.285 113.03 2
    endloop
  endfacet
  facet normal 0.905597 0.42414 0
    outer loop
      vertex -57.285 113.03 0
      vertex -57.211 112.872 2
      vertex -57.211 112.872 0
    endloop
  endfacet
  facet normal 0.96633 0.257307 0
    outer loop
      vertex -57.166 112.703 2
      vertex -57.211 112.872 0
      vertex -57.211 112.872 2
    endloop
  endfacet
  facet normal 0.96633 0.257307 0
    outer loop
      vertex -57.211 112.872 0
      vertex -57.166 112.703 2
      vertex -57.166 112.703 0
    endloop
  endfacet
  facet normal 0.996305 0.0858883 0
    outer loop
      vertex -57.151 112.529 2
      vertex -57.166 112.703 0
      vertex -57.166 112.703 2
    endloop
  endfacet
  facet normal 0.996305 0.0858883 0
    outer loop
      vertex -57.166 112.703 0
      vertex -57.151 112.529 2
      vertex -57.151 112.529 0
    endloop
  endfacet
  facet normal 1 -0 0
    outer loop
      vertex -57.151 109.83 2
      vertex -57.151 112.529 0
      vertex -57.151 112.529 2
    endloop
  endfacet
  facet normal 1 0 0
    outer loop
      vertex -57.151 112.529 0
      vertex -57.151 109.83 2
      vertex -57.151 109.83 0
    endloop
  endfacet
  facet normal 0.995287 0.0969766 0
    outer loop
      vertex -57.132 109.635 2
      vertex -57.151 109.83 0
      vertex -57.151 109.83 2
    endloop
  endfacet
  facet normal 0.995287 0.0969766 0
    outer loop
      vertex -57.151 109.83 0
      vertex -57.132 109.635 2
      vertex -57.132 109.635 0
    endloop
  endfacet
  facet normal 0.956982 0.290149 0
    outer loop
      vertex -57.075 109.447 2
      vertex -57.132 109.635 0
      vertex -57.132 109.635 2
    endloop
  endfacet
  facet normal 0.956982 0.290149 0
    outer loop
      vertex -57.132 109.635 0
      vertex -57.075 109.447 2
      vertex -57.075 109.447 0
    endloop
  endfacet
  facet normal 0.880798 0.473492 0
    outer loop
      vertex -56.982 109.274 2
      vertex -57.075 109.447 0
      vertex -57.075 109.447 2
    endloop
  endfacet
  facet normal 0.880798 0.473492 0
    outer loop
      vertex -57.075 109.447 0
      vertex -56.982 109.274 2
      vertex -56.982 109.274 0
    endloop
  endfacet
  facet normal 0.772816 0.63463 0
    outer loop
      vertex -56.858 109.123 2
      vertex -56.982 109.274 0
      vertex -56.982 109.274 2
    endloop
  endfacet
  facet normal 0.772816 0.63463 0
    outer loop
      vertex -56.982 109.274 0
      vertex -56.858 109.123 2
      vertex -56.858 109.123 0
    endloop
  endfacet
  facet normal 0.635173 0.77237 -0
    outer loop
      vertex -56.706 108.998 0
      vertex -56.858 109.123 2
      vertex -56.706 108.998 2
    endloop
  endfacet
  facet normal 0.635173 0.77237 0
    outer loop
      vertex -56.858 109.123 2
      vertex -56.706 108.998 0
      vertex -56.858 109.123 0
    endloop
  endfacet
  facet normal 0.471652 0.881785 -0
    outer loop
      vertex -56.534 108.906 0
      vertex -56.706 108.998 2
      vertex -56.534 108.906 2
    endloop
  endfacet
  facet normal 0.471652 0.881785 0
    outer loop
      vertex -56.706 108.998 2
      vertex -56.534 108.906 0
      vertex -56.706 108.998 0
    endloop
  endfacet
  facet normal 0.290149 0.956982 -0
    outer loop
      vertex -56.346 108.849 0
      vertex -56.534 108.906 2
      vertex -56.346 108.849 2
    endloop
  endfacet
  facet normal 0.290149 0.956982 0
    outer loop
      vertex -56.534 108.906 2
      vertex -56.346 108.849 0
      vertex -56.534 108.906 0
    endloop
  endfacet
  facet normal 0.0969766 0.995287 -0
    outer loop
      vertex -56.151 108.83 0
      vertex -56.346 108.849 2
      vertex -56.151 108.83 2
    endloop
  endfacet
  facet normal 0.0969766 0.995287 0
    outer loop
      vertex -56.346 108.849 2
      vertex -56.151 108.83 0
      vertex -56.346 108.849 0
    endloop
  endfacet
  facet normal 0 1 -0
    outer loop
      vertex -39.101 108.83 0
      vertex -56.151 108.83 2
      vertex -39.101 108.83 2
    endloop
  endfacet
  facet normal 0 1 0
    outer loop
      vertex -56.151 108.83 2
      vertex -39.101 108.83 0
      vertex -56.151 108.83 0
    endloop
  endfacet
  facet normal 0.0858883 0.996305 -0
    outer loop
      vertex -38.927 108.815 0
      vertex -39.101 108.83 2
      vertex -38.927 108.815 2
    endloop
  endfacet
  facet normal 0.0858883 0.996305 0
    outer loop
      vertex -39.101 108.83 2
      vertex -38.927 108.815 0
      vertex -39.101 108.83 0
    endloop
  endfacet
  facet normal 0.262634 0.964895 -0
    outer loop
      vertex -38.758 108.769 0
      vertex -38.927 108.815 2
      vertex -38.758 108.769 2
    endloop
  endfacet
  facet normal 0.262634 0.964895 0
    outer loop
      vertex -38.927 108.815 2
      vertex -38.758 108.769 0
      vertex -38.927 108.815 0
    endloop
  endfacet
  facet normal 0.419422 0.907791 -0
    outer loop
      vertex -38.6 108.696 0
      vertex -38.758 108.769 2
      vertex -38.6 108.696 2
    endloop
  endfacet
  facet normal 0.419422 0.907791 0
    outer loop
      vertex -38.758 108.769 2
      vertex -38.6 108.696 0
      vertex -38.758 108.769 0
    endloop
  endfacet
  facet normal 0.579608 0.814895 -0
    outer loop
      vertex -38.458 108.595 0
      vertex -38.6 108.696 2
      vertex -38.458 108.595 2
    endloop
  endfacet
  facet normal 0.579608 0.814895 0
    outer loop
      vertex -38.6 108.696 2
      vertex -38.458 108.595 0
      vertex -38.6 108.696 0
    endloop
  endfacet
  facet normal 0.701335 0.712832 -0
    outer loop
      vertex -38.334 108.473 0
      vertex -38.458 108.595 2
      vertex -38.334 108.473 2
    endloop
  endfacet
  facet normal 0.701335 0.712832 0
    outer loop
      vertex -38.458 108.595 2
      vertex -38.334 108.473 0
      vertex -38.458 108.595 0
    endloop
  endfacet
  facet normal 0.822192 0.56921 0
    outer loop
      vertex -38.235 108.33 2
      vertex -38.334 108.473 0
      vertex -38.334 108.473 2
    endloop
  endfacet
  facet normal 0.822192 0.56921 0
    outer loop
      vertex -38.334 108.473 0
      vertex -38.235 108.33 2
      vertex -38.235 108.33 0
    endloop
  endfacet
  facet normal 0.905597 0.42414 0
    outer loop
      vertex -38.161 108.172 2
      vertex -38.235 108.33 0
      vertex -38.235 108.33 2
    endloop
  endfacet
  facet normal 0.905597 0.42414 0
    outer loop
      vertex -38.235 108.33 0
      vertex -38.161 108.172 2
      vertex -38.161 108.172 0
    endloop
  endfacet
  facet normal 0.96633 0.257307 0
    outer loop
      vertex -38.116 108.003 2
      vertex -38.161 108.172 0
      vertex -38.161 108.172 2
    endloop
  endfacet
  facet normal 0.96633 0.257307 0
    outer loop
      vertex -38.161 108.172 0
      vertex -38.116 108.003 2
      vertex -38.116 108.003 0
    endloop
  endfacet
  facet normal 0.996262 0.0863811 0
    outer loop
      vertex -38.101 107.83 2
      vertex -38.116 108.003 0
      vertex -38.116 108.003 2
    endloop
  endfacet
  facet normal 0.996262 0.0863811 0
    outer loop
      vertex -38.116 108.003 0
      vertex -38.101 107.83 2
      vertex -38.101 107.83 0
    endloop
  endfacet
  facet normal 1 -0 0
    outer loop
      vertex -38.101 102.83 2
      vertex -38.101 107.83 0
      vertex -38.101 107.83 2
    endloop
  endfacet
  facet normal 1 0 0
    outer loop
      vertex -38.101 107.83 0
      vertex -38.101 102.83 2
      vertex -38.101 102.83 0
    endloop
  endfacet
  facet normal 0.994781 0.102029 0
    outer loop
      vertex -38.081 102.635 2
      vertex -38.101 102.83 0
      vertex -38.101 102.83 2
    endloop
  endfacet
  facet normal 0.994781 0.102029 0
    outer loop
      vertex -38.101 102.83 0
      vertex -38.081 102.635 2
      vertex -38.081 102.635 0
    endloop
  endfacet
  facet normal 0.956982 0.290149 0
    outer loop
      vertex -38.024 102.447 2
      vertex -38.081 102.635 0
      vertex -38.081 102.635 2
    endloop
  endfacet
  facet normal 0.956982 0.290149 0
    outer loop
      vertex -38.081 102.635 0
      vertex -38.024 102.447 2
      vertex -38.024 102.447 0
    endloop
  endfacet
  facet normal 0.882917 0.469528 0
    outer loop
      vertex -37.932 102.274 2
      vertex -38.024 102.447 0
      vertex -38.024 102.447 2
    endloop
  endfacet
  facet normal 0.882917 0.469528 0
    outer loop
      vertex -38.024 102.447 0
      vertex -37.932 102.274 2
      vertex -37.932 102.274 0
    endloop
  endfacet
  facet normal 0.774865 0.632127 0
    outer loop
      vertex -37.808 102.122 2
      vertex -37.932 102.274 0
      vertex -37.932 102.274 2
    endloop
  endfacet
  facet normal 0.774865 0.632127 0
    outer loop
      vertex -37.932 102.274 0
      vertex -37.808 102.122 2
      vertex -37.808 102.122 0
    endloop
  endfacet
  facet normal 0.632127 0.774865 -0
    outer loop
      vertex -37.656 101.998 0
      vertex -37.808 102.122 2
      vertex -37.656 101.998 2
    endloop
  endfacet
  facet normal 0.632127 0.774865 0
    outer loop
      vertex -37.808 102.122 2
      vertex -37.656 101.998 0
      vertex -37.808 102.122 0
    endloop
  endfacet
  facet normal 0.469528 0.882917 -0
    outer loop
      vertex -37.483 101.906 0
      vertex -37.656 101.998 2
      vertex -37.483 101.906 2
    endloop
  endfacet
  facet normal 0.469528 0.882917 0
    outer loop
      vertex -37.656 101.998 2
      vertex -37.483 101.906 0
      vertex -37.656 101.998 0
    endloop
  endfacet
  facet normal 0.291569 0.95655 -0
    outer loop
      vertex -37.296 101.849 0
      vertex -37.483 101.906 2
      vertex -37.296 101.849 2
    endloop
  endfacet
  facet normal 0.291569 0.95655 0
    outer loop
      vertex -37.483 101.906 2
      vertex -37.296 101.849 0
      vertex -37.483 101.906 0
    endloop
  endfacet
  facet normal 0.102029 0.994781 -0
    outer loop
      vertex -37.101 101.829 0
      vertex -37.296 101.849 2
      vertex -37.101 101.829 2
    endloop
  endfacet
  facet normal 0.102029 0.994781 0
    outer loop
      vertex -37.296 101.849 2
      vertex -37.101 101.829 0
      vertex -37.296 101.849 0
    endloop
  endfacet
  facet normal 0 1 -0
    outer loop
      vertex -1 101.829 0
      vertex -37.101 101.829 2
      vertex -1 101.829 2
    endloop
  endfacet
  facet normal 0 1 0
    outer loop
      vertex -37.101 101.829 2
      vertex -1 101.829 0
      vertex -37.101 101.829 0
    endloop
  endfacet
  facet normal 0.0969732 0.995287 -0
    outer loop
      vertex -0.804993 101.81 0
      vertex -1 101.829 2
      vertex -0.804993 101.81 2
    endloop
  endfacet
  facet normal 0.0969732 0.995287 0
    outer loop
      vertex -1 101.829 2
      vertex -0.804993 101.81 0
      vertex -1 101.829 0
    endloop
  endfacet
  facet normal 0.290143 0.956983 -0
    outer loop
      vertex -0.616989 101.753 0
      vertex -0.804993 101.81 2
      vertex -0.616989 101.753 2
    endloop
  endfacet
  facet normal 0.290143 0.956983 0
    outer loop
      vertex -0.804993 101.81 2
      vertex -0.616989 101.753 0
      vertex -0.804993 101.81 0
    endloop
  endfacet
  facet normal 0.471659 0.881781 -0
    outer loop
      vertex -0.444992 101.661 0
      vertex -0.616989 101.753 2
      vertex -0.444992 101.661 2
    endloop
  endfacet
  facet normal 0.471659 0.881781 0
    outer loop
      vertex -0.616989 101.753 2
      vertex -0.444992 101.661 0
      vertex -0.616989 101.753 0
    endloop
  endfacet
  facet normal 0.632144 0.774851 -0
    outer loop
      vertex -0.292999 101.537 0
      vertex -0.444992 101.661 2
      vertex -0.292999 101.537 2
    endloop
  endfacet
  facet normal 0.632144 0.774851 0
    outer loop
      vertex -0.444992 101.661 2
      vertex -0.292999 101.537 0
      vertex -0.444992 101.661 0
    endloop
  endfacet
  facet normal 0.77237 0.635173 0
    outer loop
      vertex -0.167999 101.385 2
      vertex -0.292999 101.537 0
      vertex -0.292999 101.537 2
    endloop
  endfacet
  facet normal 0.77237 0.635173 0
    outer loop
      vertex -0.292999 101.537 0
      vertex -0.167999 101.385 2
      vertex -0.167999 101.385 0
    endloop
  endfacet
  facet normal 0.881763 0.471693 0
    outer loop
      vertex -0.0759888 101.213 2
      vertex -0.167999 101.385 0
      vertex -0.167999 101.385 2
    endloop
  endfacet
  facet normal 0.881763 0.471693 0
    outer loop
      vertex -0.167999 101.385 0
      vertex -0.0759888 101.213 2
      vertex -0.0759888 101.213 0
    endloop
  endfacet
  facet normal 0.957419 0.288703 0
    outer loop
      vertex -0.0189972 101.024 2
      vertex -0.0759888 101.213 0
      vertex -0.0759888 101.213 2
    endloop
  endfacet
  facet normal 0.957419 0.288703 0
    outer loop
      vertex -0.0759888 101.213 0
      vertex -0.0189972 101.024 2
      vertex -0.0189972 101.024 0
    endloop
  endfacet
  facet normal 0.995288 0.0969625 0
    outer loop
      vertex 0 100.829 2
      vertex -0.0189972 101.024 0
      vertex -0.0189972 101.024 2
    endloop
  endfacet
  facet normal 0.995288 0.0969625 0
    outer loop
      vertex -0.0189972 101.024 0
      vertex 0 100.829 2
      vertex 0 100.829 0
    endloop
  endfacet
  facet normal 1 -0 0
    outer loop
      vertex 0 8.578 2
      vertex 0 100.829 0
      vertex 0 100.829 2
    endloop
  endfacet
  facet normal 1 0 0
    outer loop
      vertex 0 100.829 0
      vertex 0 8.578 2
      vertex 0 8.578 0
    endloop
  endfacet
  facet normal 0.996262 -0.0863777 0
    outer loop
      vertex -0.0149994 8.405 2
      vertex 0 8.578 0
      vertex 0 8.578 2
    endloop
  endfacet
  facet normal 0.996262 -0.0863777 0
    outer loop
      vertex 0 8.578 0
      vertex -0.0149994 8.405 2
      vertex -0.0149994 8.405 0
    endloop
  endfacet
  facet normal 0.966329 -0.257311 0
    outer loop
      vertex -0.0599976 8.23601 2
      vertex -0.0149994 8.405 0
      vertex -0.0149994 8.405 2
    endloop
  endfacet
  facet normal 0.966329 -0.257311 0
    outer loop
      vertex -0.0149994 8.405 0
      vertex -0.0599976 8.23601 2
      vertex -0.0599976 8.23601 0
    endloop
  endfacet
  facet normal 0.90563 -0.424068 0
    outer loop
      vertex -0.133987 8.078 2
      vertex -0.0599976 8.23601 0
      vertex -0.0599976 8.23601 2
    endloop
  endfacet
  facet normal 0.90563 -0.424068 0
    outer loop
      vertex -0.0599976 8.23601 0
      vertex -0.133987 8.078 2
      vertex -0.133987 8.078 0
    endloop
  endfacet
  facet normal 0.819463 -0.573132 0
    outer loop
      vertex -0.233994 7.93501 2
      vertex -0.133987 8.078 0
      vertex -0.133987 8.078 2
    endloop
  endfacet
  facet normal 0.819463 -0.573132 0
    outer loop
      vertex -0.133987 8.078 0
      vertex -0.233994 7.93501 2
      vertex -0.233994 7.93501 0
    endloop
  endfacet
  facet normal 0.707104 -0.70711 0
    outer loop
      vertex -0.356995 7.81201 2
      vertex -0.233994 7.93501 0
      vertex -0.233994 7.93501 2
    endloop
  endfacet
  facet normal 0.707104 -0.70711 0
    outer loop
      vertex -0.233994 7.93501 0
      vertex -0.356995 7.81201 2
      vertex -0.356995 7.81201 0
    endloop
  endfacet
  facet normal 0.573064 -0.81951 0
    outer loop
      vertex -0.5 7.71201 0
      vertex -0.356995 7.81201 2
      vertex -0.5 7.71201 2
    endloop
  endfacet
  facet normal 0.573064 -0.81951 0
    outer loop
      vertex -0.356995 7.81201 2
      vertex -0.5 7.71201 0
      vertex -0.356995 7.81201 0
    endloop
  endfacet
  facet normal 0.424209 -0.905564 0
    outer loop
      vertex -0.65799 7.638 0
      vertex -0.5 7.71201 2
      vertex -0.65799 7.638 2
    endloop
  endfacet
  facet normal 0.424209 -0.905564 0
    outer loop
      vertex -0.5 7.71201 2
      vertex -0.65799 7.638 0
      vertex -0.5 7.71201 0
    endloop
  endfacet
  facet normal 0.258738 -0.965948 0
    outer loop
      vertex -0.825989 7.593 0
      vertex -0.65799 7.638 2
      vertex -0.825989 7.593 2
    endloop
  endfacet
  facet normal 0.258738 -0.965948 0
    outer loop
      vertex -0.65799 7.638 2
      vertex -0.825989 7.593 0
      vertex -0.65799 7.638 0
    endloop
  endfacet
  facet normal 0.085883 -0.996305 0
    outer loop
      vertex -1 7.578 0
      vertex -0.825989 7.593 2
      vertex -1 7.578 2
    endloop
  endfacet
  facet normal 0.085883 -0.996305 0
    outer loop
      vertex -0.825989 7.593 2
      vertex -1 7.578 0
      vertex -0.825989 7.593 0
    endloop
  endfacet
  facet normal 0 -1 0
    outer loop
      vertex -70.469 7.578 0
      vertex -1 7.578 2
      vertex -70.469 7.578 2
    endloop
  endfacet
  facet normal 0 -1 -0
    outer loop
      vertex -1 7.578 2
      vertex -70.469 7.578 0
      vertex -1 7.578 0
    endloop
  endfacet
  facet normal -0.0945742 -0.995518 0
    outer loop
      vertex -71.227 7.65001 0
      vertex -70.469 7.578 2
      vertex -71.227 7.65001 2
    endloop
  endfacet
  facet normal -0.0945742 -0.995518 -0
    outer loop
      vertex -70.469 7.578 2
      vertex -71.227 7.65001 0
      vertex -70.469 7.578 0
    endloop
  endfacet
  facet normal -0.189413 -0.981897 0
    outer loop
      vertex -80.812 9.49901 0
      vertex -71.227 7.65001 2
      vertex -80.812 9.49901 2
    endloop
  endfacet
  facet normal -0.189413 -0.981897 -0
    outer loop
      vertex -71.227 7.65001 2
      vertex -80.812 9.49901 0
      vertex -71.227 7.65001 0
    endloop
  endfacet
  facet normal -0.0936587 -0.995604 0
    outer loop
      vertex -81.588 9.57201 0
      vertex -80.812 9.49901 2
      vertex -81.588 9.57201 2
    endloop
  endfacet
  facet normal -0.0936587 -0.995604 -0
    outer loop
      vertex -80.812 9.49901 2
      vertex -81.588 9.57201 0
      vertex -80.812 9.49901 0
    endloop
  endfacet
  facet normal 0.0047065 -0.999989 0
    outer loop
      vertex -100.075 9.485 0
      vertex -81.588 9.57201 2
      vertex -100.075 9.485 2
    endloop
  endfacet
  facet normal 0.0047065 -0.999989 0
    outer loop
      vertex -81.588 9.57201 2
      vertex -100.075 9.485 0
      vertex -81.588 9.57201 0
    endloop
  endfacet
  facet normal 0.0901628 -0.995927 0
    outer loop
      vertex -100.583 9.43901 0
      vertex -100.075 9.485 2
      vertex -100.583 9.43901 2
    endloop
  endfacet
  facet normal 0.0901628 -0.995927 0
    outer loop
      vertex -100.075 9.485 2
      vertex -100.583 9.43901 0
      vertex -100.075 9.485 0
    endloop
  endfacet
  facet normal 0.174019 -0.984742 0
    outer loop
      vertex -119.41 6.112 0
      vertex -100.583 9.43901 2
      vertex -119.41 6.112 2
    endloop
  endfacet
  facet normal 0.174019 -0.984742 0
    outer loop
      vertex -100.583 9.43901 2
      vertex -119.41 6.112 0
      vertex -100.583 9.43901 0
    endloop
  endfacet
  facet normal 0.258718 -0.965953 0
    outer loop
      vertex -119.914 5.97701 0
      vertex -119.41 6.112 2
      vertex -119.914 5.97701 2
    endloop
  endfacet
  facet normal 0.258718 -0.965953 0
    outer loop
      vertex -119.41 6.112 2
      vertex -119.914 5.97701 0
      vertex -119.41 6.112 0
    endloop
  endfacet
  facet normal 0.342017 -0.939694 0
    outer loop
      vertex -136.16 0.0640116 0
      vertex -119.914 5.97701 2
      vertex -136.16 0.0640116 2
    endloop
  endfacet
  facet normal 0.342017 -0.939694 0
    outer loop
      vertex -119.914 5.97701 2
      vertex -136.16 0.0640116 0
      vertex -119.914 5.97701 0
    endloop
  endfacet
  facet normal 0.258726 -0.965951 0
    outer loop
      vertex -136.328 0.0190134 0
      vertex -136.16 0.0640116 2
      vertex -136.328 0.0190134 2
    endloop
  endfacet
  facet normal 0.258726 -0.965951 0
    outer loop
      vertex -136.16 0.0640116 2
      vertex -136.328 0.0190134 0
      vertex -136.16 0.0640116 0
    endloop
  endfacet
  facet normal 0.0916044 -0.995795 0
    outer loop
      vertex -136.502 0.00300694 0
      vertex -136.328 0.0190134 2
      vertex -136.502 0.00300694 2
    endloop
  endfacet
  facet normal 0.0916044 -0.995795 0
    outer loop
      vertex -136.328 0.0190134 2
      vertex -136.502 0.00300694 0
      vertex -136.328 0.0190134 0
    endloop
  endfacet
  facet normal -0.0916044 -0.995795 0
    outer loop
      vertex -136.676 0.0190134 0
      vertex -136.502 0.00300694 2
      vertex -136.676 0.0190134 2
    endloop
  endfacet
  facet normal -0.0916044 -0.995795 -0
    outer loop
      vertex -136.502 0.00300694 2
      vertex -136.676 0.0190134 0
      vertex -136.502 0.00300694 0
    endloop
  endfacet
endsolid OpenSCAD_Model
