solid OpenSCAD_Model
  facet normal 0 0 -1
    outer loop
      vertex 40.2092 75.25 0
      vertex 42.799 74.4975 0
      vertex 42.7443 74.3365 0
    endloop
  endfacet
  facet normal 0 0 -1
    outer loop
      vertex 40.2092 75.25 0
      vertex 42.7443 74.3365 0
      vertex 42.7111 74.1697 0
    endloop
  endfacet
  facet normal 0 0 -1
    outer loop
      vertex 40.2092 75.25 0
      vertex 42.7111 74.1697 0
      vertex 42.7 74 0
    endloop
  endfacet
  facet normal 0 0 -1
    outer loop
      vertex 40.5359 72 0
      vertex 42.8742 73.35 0
      vertex 40.8266 71.5649 0
    endloop
  endfacet
  facet normal -0 0 -1
    outer loop
      vertex 42.8742 73.35 0
      vertex 40.5359 72 0
      vertex 42.799 73.5025 0
    endloop
  endfacet
  facet normal 0 0 -1
    outer loop
      vertex 42.799 74.4975 0
      vertex 42 77.4641 0
      vertex 42.4693 77.6955 0
    endloop
  endfacet
  facet normal 0 0 -1
    outer loop
      vertex 42.799 74.4975 0
      vertex 42.4693 77.6955 0
      vertex 42.75 77.7908 0
    endloop
  endfacet
  facet normal 0 0 -1
    outer loop
      vertex 40.3045 72.4693 0
      vertex 42.799 73.5025 0
      vertex 40.5359 72 0
    endloop
  endfacet
  facet normal 0 0 -1
    outer loop
      vertex 42.799 74.4975 0
      vertex 41.5649 77.1734 0
      vertex 42 77.4641 0
    endloop
  endfacet
  facet normal 0 0 -1
    outer loop
      vertex 40.2092 72.75 0
      vertex 42.799 73.5025 0
      vertex 40.3045 72.4693 0
    endloop
  endfacet
  facet normal 0 0 -1
    outer loop
      vertex 42.799 74.4975 0
      vertex 41.1716 76.8284 0
      vertex 41.5649 77.1734 0
    endloop
  endfacet
  facet normal -0 0 -1
    outer loop
      vertex 42.799 73.5025 0
      vertex 40.2092 72.75 0
      vertex 42.7443 73.6635 0
    endloop
  endfacet
  facet normal 0 0 -1
    outer loop
      vertex 42.799 74.4975 0
      vertex 40.8266 76.435 0
      vertex 41.1716 76.8284 0
    endloop
  endfacet
  facet normal -0 0 -1
    outer loop
      vertex 42.7443 73.6635 0
      vertex 40.2092 72.75 0
      vertex 42.7111 73.8303 0
    endloop
  endfacet
  facet normal 0 0 -1
    outer loop
      vertex 40.2092 75.25 0
      vertex 42.7 74 0
      vertex 40.2092 72.75 0
    endloop
  endfacet
  facet normal -0 0 -1
    outer loop
      vertex 42.7111 73.8303 0
      vertex 40.2092 72.75 0
      vertex 42.7 74 0
    endloop
  endfacet
  facet normal 0 0 -1
    outer loop
      vertex 42.799 74.4975 0
      vertex 40.2092 75.25 0
      vertex 40.3045 75.5307 0
    endloop
  endfacet
  facet normal 0 0 -1
    outer loop
      vertex 42.799 74.4975 0
      vertex 40.5359 76 0
      vertex 40.8266 76.435 0
    endloop
  endfacet
  facet normal 0 0 -1
    outer loop
      vertex 42.799 74.4975 0
      vertex 40.3045 75.5307 0
      vertex 40.5359 76 0
    endloop
  endfacet
  facet normal 0 0 -1
    outer loop
      vertex 6.5 72.75 0
      vertex 40.2092 75.25 0
      vertex 40.2092 72.75 0
    endloop
  endfacet
  facet normal -0 0 -1
    outer loop
      vertex 40.2092 75.25 0
      vertex 6.5 72.75 0
      vertex 6.5 75.25 0
    endloop
  endfacet
  facet normal -0 0 -1
    outer loop
      vertex 43.2086 43.9686 0
      vertex 41.5649 41.8266 0
      vertex 43.0808 44.0808 0
    endloop
  endfacet
  facet normal 0 0 -1
    outer loop
      vertex 41.1716 42.1716 0
      vertex 43.0808 44.0808 0
      vertex 41.5649 41.8266 0
    endloop
  endfacet
  facet normal -0 0 -1
    outer loop
      vertex 43.0808 44.0808 0
      vertex 41.1716 42.1716 0
      vertex 42.9686 44.2086 0
    endloop
  endfacet
  facet normal 0 0 -1
    outer loop
      vertex 40.8266 42.5649 0
      vertex 42.9686 44.2086 0
      vertex 41.1716 42.1716 0
    endloop
  endfacet
  facet normal -0 0 -1
    outer loop
      vertex 42.9686 44.2086 0
      vertex 40.8266 42.5649 0
      vertex 42.8742 44.35 0
    endloop
  endfacet
  facet normal -0 0 -1
    outer loop
      vertex 43.2086 72.9686 0
      vertex 41.5649 70.8266 0
      vertex 43.0808 73.0808 0
    endloop
  endfacet
  facet normal 0 0 -1
    outer loop
      vertex 41.1716 71.1716 0
      vertex 43.0808 73.0808 0
      vertex 41.5649 70.8266 0
    endloop
  endfacet
  facet normal -0 0 -1
    outer loop
      vertex 43.0808 73.0808 0
      vertex 41.1716 71.1716 0
      vertex 42.9686 73.2086 0
    endloop
  endfacet
  facet normal 0 0 -1
    outer loop
      vertex 40.8266 71.5649 0
      vertex 42.9686 73.2086 0
      vertex 41.1716 71.1716 0
    endloop
  endfacet
  facet normal -0 0 -1
    outer loop
      vertex 42.9686 73.2086 0
      vertex 40.8266 71.5649 0
      vertex 42.8742 73.35 0
    endloop
  endfacet
  facet normal 0 0 -1
    outer loop
      vertex 42.6421 4.93999 0
      vertex 45.9 6.5 0
      vertex 42.6855 4.72189 0
    endloop
  endfacet
  facet normal 0 0 -1
    outer loop
      vertex 42.5706 5.15056 0
      vertex 45.9 6.5 0
      vertex 42.6421 4.93999 0
    endloop
  endfacet
  facet normal 0 0 -1
    outer loop
      vertex 42.4722 5.35 0
      vertex 45.9 6.5 0
      vertex 42.5706 5.15056 0
    endloop
  endfacet
  facet normal 0 0 -1
    outer loop
      vertex 42.3487 5.53489 0
      vertex 45.9 6.5 0
      vertex 42.4722 5.35 0
    endloop
  endfacet
  facet normal -0 0 -1
    outer loop
      vertex 45.9 6.5 0
      vertex 42.3487 5.53489 0
      vertex 42.75 8 0
    endloop
  endfacet
  facet normal 0 0 -1
    outer loop
      vertex 42.2021 5.70208 0
      vertex 42.75 8 0
      vertex 42.3487 5.53489 0
    endloop
  endfacet
  facet normal 0 0 -1
    outer loop
      vertex 42.0349 5.8487 0
      vertex 42.75 8 0
      vertex 42.2021 5.70208 0
    endloop
  endfacet
  facet normal 0 0 -1
    outer loop
      vertex 41.85 5.97224 0
      vertex 42.75 8 0
      vertex 42.0349 5.8487 0
    endloop
  endfacet
  facet normal 0 0 -1
    outer loop
      vertex 41.6506 6.07059 0
      vertex 42.75 8 0
      vertex 41.85 5.97224 0
    endloop
  endfacet
  facet normal 0 0 -1
    outer loop
      vertex 41.44 6.14207 0
      vertex 42.75 8 0
      vertex 41.6506 6.07059 0
    endloop
  endfacet
  facet normal 0 0 -1
    outer loop
      vertex 41.2219 6.18546 0
      vertex 42.75 8 0
      vertex 41.44 6.14207 0
    endloop
  endfacet
  facet normal 0 0 -1
    outer loop
      vertex 41 6.2 0
      vertex 42.75 8 0
      vertex 41.2219 6.18546 0
    endloop
  endfacet
  facet normal 0 0 -1
    outer loop
      vertex 40.7781 6.18546 0
      vertex 42.75 8 0
      vertex 41 6.2 0
    endloop
  endfacet
  facet normal 0 0 -1
    outer loop
      vertex 40.56 6.14207 0
      vertex 42.75 8 0
      vertex 40.7781 6.18546 0
    endloop
  endfacet
  facet normal 0 0 -1
    outer loop
      vertex 40.3494 6.07059 0
      vertex 42.75 8 0
      vertex 40.56 6.14207 0
    endloop
  endfacet
  facet normal 0 0 -1
    outer loop
      vertex 40.15 5.97224 0
      vertex 42.75 8 0
      vertex 40.3494 6.07059 0
    endloop
  endfacet
  facet normal 0 0 -1
    outer loop
      vertex 32.85 5.97224 0
      vertex 40.15 5.97224 0
      vertex 39.9651 5.8487 0
    endloop
  endfacet
  facet normal 0 0 -1
    outer loop
      vertex 33.7 4.5 0
      vertex 39.3145 4.72189 0
      vertex 39.3 4.5 0
    endloop
  endfacet
  facet normal 0 0 -1
    outer loop
      vertex 33.6855 4.72189 0
      vertex 39.3145 4.72189 0
      vertex 33.7 4.5 0
    endloop
  endfacet
  facet normal 0 0 -1
    outer loop
      vertex 39.3145 4.72189 0
      vertex 33.6855 4.72189 0
      vertex 39.3579 4.93999 0
    endloop
  endfacet
  facet normal 0 0 -1
    outer loop
      vertex 33.6421 4.93999 0
      vertex 39.3579 4.93999 0
      vertex 33.6855 4.72189 0
    endloop
  endfacet
  facet normal 0 0 -1
    outer loop
      vertex 39.3579 4.93999 0
      vertex 33.6421 4.93999 0
      vertex 39.4294 5.15056 0
    endloop
  endfacet
  facet normal 0 0 -1
    outer loop
      vertex 33.5706 5.15056 0
      vertex 39.4294 5.15056 0
      vertex 33.6421 4.93999 0
    endloop
  endfacet
  facet normal 0 0 -1
    outer loop
      vertex 39.4294 5.15056 0
      vertex 33.5706 5.15056 0
      vertex 39.5278 5.35 0
    endloop
  endfacet
  facet normal 0 0 -1
    outer loop
      vertex 33.4722 5.35 0
      vertex 39.5278 5.35 0
      vertex 33.5706 5.15056 0
    endloop
  endfacet
  facet normal 0 0 -1
    outer loop
      vertex 39.5278 5.35 0
      vertex 33.4722 5.35 0
      vertex 39.6513 5.53489 0
    endloop
  endfacet
  facet normal 0 0 -1
    outer loop
      vertex 33.3487 5.53489 0
      vertex 39.6513 5.53489 0
      vertex 33.4722 5.35 0
    endloop
  endfacet
  facet normal 0 0 -1
    outer loop
      vertex 39.6513 5.53489 0
      vertex 33.3487 5.53489 0
      vertex 39.7979 5.70208 0
    endloop
  endfacet
  facet normal 0 0 -1
    outer loop
      vertex 33.2021 5.70208 0
      vertex 39.7979 5.70208 0
      vertex 33.3487 5.53489 0
    endloop
  endfacet
  facet normal 0 0 -1
    outer loop
      vertex 39.7979 5.70208 0
      vertex 33.2021 5.70208 0
      vertex 39.9651 5.8487 0
    endloop
  endfacet
  facet normal 0 0 -1
    outer loop
      vertex 33.0349 5.8487 0
      vertex 39.9651 5.8487 0
      vertex 33.2021 5.70208 0
    endloop
  endfacet
  facet normal 0 0 -1
    outer loop
      vertex 32.85 5.97224 0
      vertex 39.9651 5.8487 0
      vertex 33.0349 5.8487 0
    endloop
  endfacet
  facet normal 0 0 -1
    outer loop
      vertex 40.15 5.97224 0
      vertex 32.85 5.97224 0
      vertex 42.75 8 0
    endloop
  endfacet
  facet normal 0 0 -1
    outer loop
      vertex 32.6506 6.07059 0
      vertex 42.75 8 0
      vertex 32.85 5.97224 0
    endloop
  endfacet
  facet normal 0 0 -1
    outer loop
      vertex 32.44 6.14207 0
      vertex 42.75 8 0
      vertex 32.6506 6.07059 0
    endloop
  endfacet
  facet normal 0 0 -1
    outer loop
      vertex 32.2219 6.18546 0
      vertex 42.75 8 0
      vertex 32.44 6.14207 0
    endloop
  endfacet
  facet normal 0 0 -1
    outer loop
      vertex 32 6.2 0
      vertex 42.75 8 0
      vertex 32.2219 6.18546 0
    endloop
  endfacet
  facet normal 0 0 -1
    outer loop
      vertex 31.7781 6.18546 0
      vertex 42.75 8 0
      vertex 32 6.2 0
    endloop
  endfacet
  facet normal 0 0 -1
    outer loop
      vertex 23.7 4.5 0
      vertex 30.3145 4.72189 0
      vertex 30.3 4.5 0
    endloop
  endfacet
  facet normal 0 0 -1
    outer loop
      vertex 23.6855 4.72189 0
      vertex 30.3145 4.72189 0
      vertex 23.7 4.5 0
    endloop
  endfacet
  facet normal 0 0 -1
    outer loop
      vertex 30.3145 4.72189 0
      vertex 23.6855 4.72189 0
      vertex 30.3579 4.93999 0
    endloop
  endfacet
  facet normal 0 0 -1
    outer loop
      vertex 23.6421 4.93999 0
      vertex 30.3579 4.93999 0
      vertex 23.6855 4.72189 0
    endloop
  endfacet
  facet normal 0 0 -1
    outer loop
      vertex 30.3579 4.93999 0
      vertex 23.6421 4.93999 0
      vertex 30.4294 5.15056 0
    endloop
  endfacet
  facet normal 0 0 -1
    outer loop
      vertex 23.5706 5.15056 0
      vertex 30.4294 5.15056 0
      vertex 23.6421 4.93999 0
    endloop
  endfacet
  facet normal 0 0 -1
    outer loop
      vertex 30.4294 5.15056 0
      vertex 23.5706 5.15056 0
      vertex 30.5278 5.35 0
    endloop
  endfacet
  facet normal 0 0 -1
    outer loop
      vertex 23.4722 5.35 0
      vertex 30.5278 5.35 0
      vertex 23.5706 5.15056 0
    endloop
  endfacet
  facet normal 0 0 -1
    outer loop
      vertex 30.5278 5.35 0
      vertex 23.4722 5.35 0
      vertex 30.6513 5.53489 0
    endloop
  endfacet
  facet normal 0 0 -1
    outer loop
      vertex 23.3487 5.53489 0
      vertex 30.6513 5.53489 0
      vertex 23.4722 5.35 0
    endloop
  endfacet
  facet normal 0 0 -1
    outer loop
      vertex 30.6513 5.53489 0
      vertex 23.3487 5.53489 0
      vertex 30.7979 5.70208 0
    endloop
  endfacet
  facet normal 0 0 -1
    outer loop
      vertex 23.2021 5.70208 0
      vertex 30.7979 5.70208 0
      vertex 23.3487 5.53489 0
    endloop
  endfacet
  facet normal 0 0 -1
    outer loop
      vertex 30.7979 5.70208 0
      vertex 23.2021 5.70208 0
      vertex 30.9651 5.8487 0
    endloop
  endfacet
  facet normal 0 0 -1
    outer loop
      vertex 23.0349 5.8487 0
      vertex 30.9651 5.8487 0
      vertex 23.2021 5.70208 0
    endloop
  endfacet
  facet normal 0 0 -1
    outer loop
      vertex 30.9651 5.8487 0
      vertex 23.0349 5.8487 0
      vertex 31.15 5.97224 0
    endloop
  endfacet
  facet normal 0 0 -1
    outer loop
      vertex 22.85 5.97224 0
      vertex 31.15 5.97224 0
      vertex 23.0349 5.8487 0
    endloop
  endfacet
  facet normal 0 0 -1
    outer loop
      vertex 31.15 5.97224 0
      vertex 22.85 5.97224 0
      vertex 31.3494 6.07059 0
    endloop
  endfacet
  facet normal 0 0 -1
    outer loop
      vertex 22.6506 6.07059 0
      vertex 31.3494 6.07059 0
      vertex 22.85 5.97224 0
    endloop
  endfacet
  facet normal 0 0 -1
    outer loop
      vertex 31.3494 6.07059 0
      vertex 22.6506 6.07059 0
      vertex 31.56 6.14207 0
    endloop
  endfacet
  facet normal 0 0 -1
    outer loop
      vertex 22.44 6.14207 0
      vertex 31.56 6.14207 0
      vertex 22.6506 6.07059 0
    endloop
  endfacet
  facet normal 0 0 -1
    outer loop
      vertex 31.56 6.14207 0
      vertex 22.44 6.14207 0
      vertex 31.7781 6.18546 0
    endloop
  endfacet
  facet normal 0 0 -1
    outer loop
      vertex 22.2219 6.18546 0
      vertex 31.7781 6.18546 0
      vertex 22.44 6.14207 0
    endloop
  endfacet
  facet normal 0 0 -1
    outer loop
      vertex 13 8 0
      vertex 31.7781 6.18546 0
      vertex 22.2219 6.18546 0
    endloop
  endfacet
  facet normal 0 0 -1
    outer loop
      vertex 13 8 0
      vertex 22.2219 6.18546 0
      vertex 22 6.2 0
    endloop
  endfacet
  facet normal 0 0 -1
    outer loop
      vertex 13 8 0
      vertex 22 6.2 0
      vertex 21.7781 6.18546 0
    endloop
  endfacet
  facet normal 0 0 -1
    outer loop
      vertex 13 6.5 0
      vertex 20.3145 4.72189 0
      vertex 20.3 4.5 0
    endloop
  endfacet
  facet normal 0 0 -1
    outer loop
      vertex 13 6.5 0
      vertex 20.3579 4.93999 0
      vertex 20.3145 4.72189 0
    endloop
  endfacet
  facet normal 0 0 -1
    outer loop
      vertex 13 6.5 0
      vertex 20.4294 5.15056 0
      vertex 20.3579 4.93999 0
    endloop
  endfacet
  facet normal 0 0 -1
    outer loop
      vertex 13 6.5 0
      vertex 20.5278 5.35 0
      vertex 20.4294 5.15056 0
    endloop
  endfacet
  facet normal 0 0 -1
    outer loop
      vertex 13 8 0
      vertex 20.5278 5.35 0
      vertex 13 6.5 0
    endloop
  endfacet
  facet normal 0 0 -1
    outer loop
      vertex 20.5278 5.35 0
      vertex 13 8 0
      vertex 20.6513 5.53489 0
    endloop
  endfacet
  facet normal 0 0 -1
    outer loop
      vertex 20.6513 5.53489 0
      vertex 13 8 0
      vertex 20.7979 5.70208 0
    endloop
  endfacet
  facet normal 0 0 -1
    outer loop
      vertex 20.7979 5.70208 0
      vertex 13 8 0
      vertex 20.9651 5.8487 0
    endloop
  endfacet
  facet normal 0 0 -1
    outer loop
      vertex 20.9651 5.8487 0
      vertex 13 8 0
      vertex 21.15 5.97224 0
    endloop
  endfacet
  facet normal 0 0 -1
    outer loop
      vertex 21.15 5.97224 0
      vertex 13 8 0
      vertex 21.3494 6.07059 0
    endloop
  endfacet
  facet normal 0 0 -1
    outer loop
      vertex 21.3494 6.07059 0
      vertex 13 8 0
      vertex 21.56 6.14207 0
    endloop
  endfacet
  facet normal 0 0 -1
    outer loop
      vertex 21.56 6.14207 0
      vertex 13 8 0
      vertex 21.7781 6.18546 0
    endloop
  endfacet
  facet normal 0 0 -1
    outer loop
      vertex 31.7781 6.18546 0
      vertex 13 8 0
      vertex 42.75 8 0
    endloop
  endfacet
  facet normal 0 0 -1
    outer loop
      vertex 70.6485 16.278 0
      vertex 73.6485 16.278 0
      vertex 73.5887 15.3643 0
    endloop
  endfacet
  facet normal 0 0 -1
    outer loop
      vertex 70.6143 15.7559 0
      vertex 73.5887 15.3643 0
      vertex 73.41 14.4663 0
    endloop
  endfacet
  facet normal 0 0 -1
    outer loop
      vertex 73.6485 16.278 0
      vertex 70.6485 16.278 0
      vertex 73.5887 17.1917 0
    endloop
  endfacet
  facet normal 0 0 -1
    outer loop
      vertex 70.5122 15.2427 0
      vertex 73.41 14.4663 0
      vertex 73.1157 13.5992 0
    endloop
  endfacet
  facet normal 0 0 -1
    outer loop
      vertex 70.6143 16.8001 0
      vertex 73.5887 17.1917 0
      vertex 70.6485 16.278 0
    endloop
  endfacet
  facet normal 0 0 -1
    outer loop
      vertex 70.3441 14.7473 0
      vertex 73.1157 13.5992 0
      vertex 72.7107 12.778 0
    endloop
  endfacet
  facet normal -0 0 -1
    outer loop
      vertex 73.5887 17.1917 0
      vertex 70.6143 16.8001 0
      vertex 73.41 18.0897 0
    endloop
  endfacet
  facet normal 0 0 -1
    outer loop
      vertex 70.1126 14.278 0
      vertex 72.7107 12.778 0
      vertex 72.202 12.0167 0
    endloop
  endfacet
  facet normal 0 0 -1
    outer loop
      vertex 70.5122 17.3133 0
      vertex 73.41 18.0897 0
      vertex 70.6143 16.8001 0
    endloop
  endfacet
  facet normal 0 0 -1
    outer loop
      vertex 69.822 13.843 0
      vertex 72.202 12.0167 0
      vertex 71.5983 11.3282 0
    endloop
  endfacet
  facet normal -0 0 -1
    outer loop
      vertex 73.41 18.0897 0
      vertex 70.5122 17.3133 0
      vertex 73.1157 18.9568 0
    endloop
  endfacet
  facet normal 0 0 -1
    outer loop
      vertex 69.477 13.4496 0
      vertex 71.5983 11.3282 0
      vertex 70.9099 10.7245 0
    endloop
  endfacet
  facet normal 0 0 -1
    outer loop
      vertex 70.3441 17.8087 0
      vertex 73.1157 18.9568 0
      vertex 70.5122 17.3133 0
    endloop
  endfacet
  facet normal -0 0 -1
    outer loop
      vertex 73.1157 18.9568 0
      vertex 70.3441 17.8087 0
      vertex 72.7107 19.778 0
    endloop
  endfacet
  facet normal 0 0 -1
    outer loop
      vertex 73.5887 15.3643 0
      vertex 70.6143 15.7559 0
      vertex 70.6485 16.278 0
    endloop
  endfacet
  facet normal 0 0 -1
    outer loop
      vertex 73.41 14.4663 0
      vertex 70.5122 15.2427 0
      vertex 70.6143 15.7559 0
    endloop
  endfacet
  facet normal 0 0 -1
    outer loop
      vertex 73.1157 13.5992 0
      vertex 70.3441 14.7473 0
      vertex 70.5122 15.2427 0
    endloop
  endfacet
  facet normal 0 0 -1
    outer loop
      vertex 69.0836 13.1046 0
      vertex 70.9099 10.7245 0
      vertex 70.1485 10.2158 0
    endloop
  endfacet
  facet normal 0 0 -1
    outer loop
      vertex 72.7107 12.778 0
      vertex 70.1126 14.278 0
      vertex 70.3441 14.7473 0
    endloop
  endfacet
  facet normal 0 0 -1
    outer loop
      vertex 72.202 12.0167 0
      vertex 69.822 13.843 0
      vertex 70.1126 14.278 0
    endloop
  endfacet
  facet normal 0 0 -1
    outer loop
      vertex 71.5983 11.3282 0
      vertex 69.477 13.4496 0
      vertex 69.822 13.843 0
    endloop
  endfacet
  facet normal 0 0 -1
    outer loop
      vertex 68.6485 12.8139 0
      vertex 70.1485 10.2158 0
      vertex 69.3273 9.81084 0
    endloop
  endfacet
  facet normal 0 0 -1
    outer loop
      vertex 70.9099 10.7245 0
      vertex 69.0836 13.1046 0
      vertex 69.477 13.4496 0
    endloop
  endfacet
  facet normal 0 0 -1
    outer loop
      vertex 70.1485 10.2158 0
      vertex 68.6485 12.8139 0
      vertex 69.0836 13.1046 0
    endloop
  endfacet
  facet normal 0 0 -1
    outer loop
      vertex 68.1793 12.5825 0
      vertex 69.3273 9.81084 0
      vertex 68.4603 9.51651 0
    endloop
  endfacet
  facet normal 0 0 -1
    outer loop
      vertex 69.3273 9.81084 0
      vertex 68.1793 12.5825 0
      vertex 68.6485 12.8139 0
    endloop
  endfacet
  facet normal 0 0 -1
    outer loop
      vertex 68.4603 9.51651 0
      vertex 67.6838 12.4143 0
      vertex 68.1793 12.5825 0
    endloop
  endfacet
  facet normal 0 0 -1
    outer loop
      vertex 67.5622 9.33788 0
      vertex 67.6838 12.4143 0
      vertex 68.4603 9.51651 0
    endloop
  endfacet
  facet normal 0 0 -1
    outer loop
      vertex 67.5622 9.33788 0
      vertex 67.1706 12.3122 0
      vertex 67.6838 12.4143 0
    endloop
  endfacet
  facet normal 0 0 -1
    outer loop
      vertex 67.5622 9.33788 0
      vertex 66.6485 12.278 0
      vertex 67.1706 12.3122 0
    endloop
  endfacet
  facet normal 0 0 -1
    outer loop
      vertex 66.6485 9.278 0
      vertex 66.6485 12.278 0
      vertex 67.5622 9.33788 0
    endloop
  endfacet
  facet normal 0 0 -1
    outer loop
      vertex 66.6485 9.278 0
      vertex 66.1264 12.3122 0
      vertex 66.6485 12.278 0
    endloop
  endfacet
  facet normal 0 0 -1
    outer loop
      vertex 65.7348 9.33788 0
      vertex 66.1264 12.3122 0
      vertex 66.6485 9.278 0
    endloop
  endfacet
  facet normal 0 0 -1
    outer loop
      vertex 65.7348 9.33788 0
      vertex 65.6133 12.4143 0
      vertex 66.1264 12.3122 0
    endloop
  endfacet
  facet normal 0 0 -1
    outer loop
      vertex 64.8368 9.51651 0
      vertex 65.6133 12.4143 0
      vertex 65.7348 9.33788 0
    endloop
  endfacet
  facet normal -0 0 -1
    outer loop
      vertex 65.6133 12.4143 0
      vertex 64.8368 9.51651 0
      vertex 65.1178 12.5825 0
    endloop
  endfacet
  facet normal 0 0 -1
    outer loop
      vertex 63.9697 9.81084 0
      vertex 65.1178 12.5825 0
      vertex 64.8368 9.51651 0
    endloop
  endfacet
  facet normal -0 0 -1
    outer loop
      vertex 65.1178 12.5825 0
      vertex 63.9697 9.81084 0
      vertex 64.6485 12.8139 0
    endloop
  endfacet
  facet normal 0 0 -1
    outer loop
      vertex 63.1485 10.2158 0
      vertex 64.6485 12.8139 0
      vertex 63.9697 9.81084 0
    endloop
  endfacet
  facet normal -0 0 -1
    outer loop
      vertex 64.6485 12.8139 0
      vertex 63.1485 10.2158 0
      vertex 64.2135 13.1046 0
    endloop
  endfacet
  facet normal 0 0 -1
    outer loop
      vertex 62.3872 10.7245 0
      vertex 64.2135 13.1046 0
      vertex 63.1485 10.2158 0
    endloop
  endfacet
  facet normal -0 0 -1
    outer loop
      vertex 64.2135 13.1046 0
      vertex 62.3872 10.7245 0
      vertex 63.8201 13.4496 0
    endloop
  endfacet
  facet normal 0 0 -1
    outer loop
      vertex 61.6988 11.3282 0
      vertex 63.8201 13.4496 0
      vertex 62.3872 10.7245 0
    endloop
  endfacet
  facet normal -0 0 -1
    outer loop
      vertex 63.8201 13.4496 0
      vertex 61.6988 11.3282 0
      vertex 63.4751 13.843 0
    endloop
  endfacet
  facet normal 0 0 -1
    outer loop
      vertex 61.0951 12.0167 0
      vertex 63.4751 13.843 0
      vertex 61.6988 11.3282 0
    endloop
  endfacet
  facet normal -0 0 -1
    outer loop
      vertex 63.4751 13.843 0
      vertex 61.0951 12.0167 0
      vertex 63.1844 14.278 0
    endloop
  endfacet
  facet normal -0 0 -1
    outer loop
      vertex 63.1844 14.278 0
      vertex 60.5863 12.778 0
      vertex 62.953 14.7473 0
    endloop
  endfacet
  facet normal 0 0 -1
    outer loop
      vertex 60.5863 12.778 0
      vertex 63.1844 14.278 0
      vertex 61.0951 12.0167 0
    endloop
  endfacet
  facet normal 0 0 -1
    outer loop
      vertex 70.1126 18.278 0
      vertex 72.7107 19.778 0
      vertex 70.3441 17.8087 0
    endloop
  endfacet
  facet normal -0 0 -1
    outer loop
      vertex 72.7107 19.778 0
      vertex 70.1126 18.278 0
      vertex 72.202 20.5393 0
    endloop
  endfacet
  facet normal 0 0 -1
    outer loop
      vertex 69.822 18.713 0
      vertex 72.202 20.5393 0
      vertex 70.1126 18.278 0
    endloop
  endfacet
  facet normal -0 0 -1
    outer loop
      vertex 72.202 20.5393 0
      vertex 69.822 18.713 0
      vertex 71.5983 21.2277 0
    endloop
  endfacet
  facet normal 0 0 -1
    outer loop
      vertex 69.477 19.1064 0
      vertex 71.5983 21.2277 0
      vertex 69.822 18.713 0
    endloop
  endfacet
  facet normal -0 0 -1
    outer loop
      vertex 71.5983 21.2277 0
      vertex 69.477 19.1064 0
      vertex 70.9099 21.8315 0
    endloop
  endfacet
  facet normal 0 0 -1
    outer loop
      vertex 69.0836 19.4514 0
      vertex 70.9099 21.8315 0
      vertex 69.477 19.1064 0
    endloop
  endfacet
  facet normal -0 0 -1
    outer loop
      vertex 70.9099 21.8315 0
      vertex 69.0836 19.4514 0
      vertex 70.1485 22.3402 0
    endloop
  endfacet
  facet normal 0 0 -1
    outer loop
      vertex 68.6485 19.7421 0
      vertex 70.1485 22.3402 0
      vertex 69.0836 19.4514 0
    endloop
  endfacet
  facet normal -0 0 -1
    outer loop
      vertex 70.1485 22.3402 0
      vertex 68.6485 19.7421 0
      vertex 69.3273 22.7451 0
    endloop
  endfacet
  facet normal 0 0 -1
    outer loop
      vertex 68.1793 19.9735 0
      vertex 69.3273 22.7451 0
      vertex 68.6485 19.7421 0
    endloop
  endfacet
  facet normal -0 0 -1
    outer loop
      vertex 69.3273 22.7451 0
      vertex 68.1793 19.9735 0
      vertex 68.4603 23.0395 0
    endloop
  endfacet
  facet normal 0 0 -1
    outer loop
      vertex 67.6838 20.1417 0
      vertex 68.4603 23.0395 0
      vertex 68.1793 19.9735 0
    endloop
  endfacet
  facet normal 0 0 -1
    outer loop
      vertex 67.1706 20.2438 0
      vertex 67.9 23.1509 0
      vertex 67.6838 20.1417 0
    endloop
  endfacet
  facet normal -0 0 -1
    outer loop
      vertex 68.4603 23.0395 0
      vertex 67.6838 20.1417 0
      vertex 67.9 23.1509 0
    endloop
  endfacet
  facet normal 0 0 -1
    outer loop
      vertex 70.6485 32.278 0
      vertex 73.6485 32.278 0
      vertex 73.5887 31.3643 0
    endloop
  endfacet
  facet normal 0 0 -1
    outer loop
      vertex 70.6143 31.7559 0
      vertex 73.5887 31.3643 0
      vertex 73.41 30.4663 0
    endloop
  endfacet
  facet normal 0 0 -1
    outer loop
      vertex 73.6485 32.278 0
      vertex 70.6485 32.278 0
      vertex 73.5887 33.1917 0
    endloop
  endfacet
  facet normal 0 0 -1
    outer loop
      vertex 70.5122 31.2427 0
      vertex 73.41 30.4663 0
      vertex 73.1157 29.5992 0
    endloop
  endfacet
  facet normal 0 0 -1
    outer loop
      vertex 70.6143 32.8001 0
      vertex 73.5887 33.1917 0
      vertex 70.6485 32.278 0
    endloop
  endfacet
  facet normal 0 0 -1
    outer loop
      vertex 70.3441 30.7473 0
      vertex 73.1157 29.5992 0
      vertex 72.7107 28.778 0
    endloop
  endfacet
  facet normal -0 0 -1
    outer loop
      vertex 73.5887 33.1917 0
      vertex 70.6143 32.8001 0
      vertex 73.41 34.0897 0
    endloop
  endfacet
  facet normal 0 0 -1
    outer loop
      vertex 70.1126 30.278 0
      vertex 72.7107 28.778 0
      vertex 72.202 28.0167 0
    endloop
  endfacet
  facet normal 0 0 -1
    outer loop
      vertex 70.5122 33.3133 0
      vertex 73.41 34.0897 0
      vertex 70.6143 32.8001 0
    endloop
  endfacet
  facet normal 0 0 -1
    outer loop
      vertex 69.822 29.843 0
      vertex 72.202 28.0167 0
      vertex 71.5983 27.3282 0
    endloop
  endfacet
  facet normal -0 0 -1
    outer loop
      vertex 73.41 34.0897 0
      vertex 70.5122 33.3133 0
      vertex 73.1157 34.9568 0
    endloop
  endfacet
  facet normal 0 0 -1
    outer loop
      vertex 69.477 29.4496 0
      vertex 71.5983 27.3282 0
      vertex 70.9099 26.7245 0
    endloop
  endfacet
  facet normal 0 0 -1
    outer loop
      vertex 70.3441 33.8087 0
      vertex 73.1157 34.9568 0
      vertex 70.5122 33.3133 0
    endloop
  endfacet
  facet normal -0 0 -1
    outer loop
      vertex 73.1157 34.9568 0
      vertex 70.3441 33.8087 0
      vertex 72.7107 35.778 0
    endloop
  endfacet
  facet normal 0 0 -1
    outer loop
      vertex 73.5887 31.3643 0
      vertex 70.6143 31.7559 0
      vertex 70.6485 32.278 0
    endloop
  endfacet
  facet normal 0 0 -1
    outer loop
      vertex 73.41 30.4663 0
      vertex 70.5122 31.2427 0
      vertex 70.6143 31.7559 0
    endloop
  endfacet
  facet normal 0 0 -1
    outer loop
      vertex 73.1157 29.5992 0
      vertex 70.3441 30.7473 0
      vertex 70.5122 31.2427 0
    endloop
  endfacet
  facet normal 0 0 -1
    outer loop
      vertex 69.0836 29.1046 0
      vertex 70.9099 26.7245 0
      vertex 70.1485 26.2158 0
    endloop
  endfacet
  facet normal 0 0 -1
    outer loop
      vertex 72.7107 28.778 0
      vertex 70.1126 30.278 0
      vertex 70.3441 30.7473 0
    endloop
  endfacet
  facet normal 0 0 -1
    outer loop
      vertex 72.202 28.0167 0
      vertex 69.822 29.843 0
      vertex 70.1126 30.278 0
    endloop
  endfacet
  facet normal 0 0 -1
    outer loop
      vertex 71.5983 27.3282 0
      vertex 69.477 29.4496 0
      vertex 69.822 29.843 0
    endloop
  endfacet
  facet normal 0 0 -1
    outer loop
      vertex 68.6485 28.8139 0
      vertex 70.1485 26.2158 0
      vertex 69.3273 25.8108 0
    endloop
  endfacet
  facet normal 0 0 -1
    outer loop
      vertex 70.9099 26.7245 0
      vertex 69.0836 29.1046 0
      vertex 69.477 29.4496 0
    endloop
  endfacet
  facet normal 0 0 -1
    outer loop
      vertex 70.1485 26.2158 0
      vertex 68.6485 28.8139 0
      vertex 69.0836 29.1046 0
    endloop
  endfacet
  facet normal 0 0 -1
    outer loop
      vertex 68.1793 28.5825 0
      vertex 69.3273 25.8108 0
      vertex 68.4603 25.5165 0
    endloop
  endfacet
  facet normal 0 0 -1
    outer loop
      vertex 69.3273 25.8108 0
      vertex 68.1793 28.5825 0
      vertex 68.6485 28.8139 0
    endloop
  endfacet
  facet normal 0 0 -1
    outer loop
      vertex 67.6838 28.4143 0
      vertex 68.4603 25.5165 0
      vertex 67.9 25.4051 0
    endloop
  endfacet
  facet normal 0 0 -1
    outer loop
      vertex 68.4603 25.5165 0
      vertex 67.6838 28.4143 0
      vertex 68.1793 28.5825 0
    endloop
  endfacet
  facet normal 0 0 -1
    outer loop
      vertex 67.9 23.1509 0
      vertex 65.4 23.1515 0
      vertex 67.9 25.4051 0
    endloop
  endfacet
  facet normal 0 0 -1
    outer loop
      vertex 66.6485 20.278 0
      vertex 67.9 23.1509 0
      vertex 67.1706 20.2438 0
    endloop
  endfacet
  facet normal 0 0 -1
    outer loop
      vertex 65.4 25.4045 0
      vertex 67.9 25.4051 0
      vertex 65.4 23.1515 0
    endloop
  endfacet
  facet normal -0 0 -1
    outer loop
      vertex 67.9 23.1509 0
      vertex 66.6485 20.278 0
      vertex 65.4 23.1515 0
    endloop
  endfacet
  facet normal 0 -0 -1
    outer loop
      vertex 66.6485 28.278 0
      vertex 67.9 25.4051 0
      vertex 65.4 25.4045 0
    endloop
  endfacet
  facet normal 0 0 -1
    outer loop
      vertex 65.4 23.1515 0
      vertex 66.6485 20.278 0
      vertex 66.1264 20.2438 0
    endloop
  endfacet
  facet normal 0 0 -1
    outer loop
      vertex 67.9 25.4051 0
      vertex 67.1706 28.3122 0
      vertex 67.6838 28.4143 0
    endloop
  endfacet
  facet normal 0 0 -1
    outer loop
      vertex 65.4 23.1515 0
      vertex 66.1264 20.2438 0
      vertex 65.6133 20.1417 0
    endloop
  endfacet
  facet normal 0 0 -1
    outer loop
      vertex 67.9 25.4051 0
      vertex 66.6485 28.278 0
      vertex 67.1706 28.3122 0
    endloop
  endfacet
  facet normal -0 0 -1
    outer loop
      vertex 66.6485 28.278 0
      vertex 65.4 25.4045 0
      vertex 66.1264 28.3122 0
    endloop
  endfacet
  facet normal 0 0 -1
    outer loop
      vertex 64.8368 23.0395 0
      vertex 65.6133 20.1417 0
      vertex 65.1178 19.9735 0
    endloop
  endfacet
  facet normal 0 0 -1
    outer loop
      vertex 65.6133 20.1417 0
      vertex 64.8368 23.0395 0
      vertex 65.4 23.1515 0
    endloop
  endfacet
  facet normal 0 0 -1
    outer loop
      vertex 63.9697 22.7451 0
      vertex 65.1178 19.9735 0
      vertex 64.6485 19.7421 0
    endloop
  endfacet
  facet normal 0 0 -1
    outer loop
      vertex 63.1485 22.3402 0
      vertex 64.6485 19.7421 0
      vertex 64.2135 19.4514 0
    endloop
  endfacet
  facet normal 0 0 -1
    outer loop
      vertex 65.1178 19.9735 0
      vertex 63.9697 22.7451 0
      vertex 64.8368 23.0395 0
    endloop
  endfacet
  facet normal 0 0 -1
    outer loop
      vertex 62.3872 21.8315 0
      vertex 64.2135 19.4514 0
      vertex 63.8201 19.1064 0
    endloop
  endfacet
  facet normal 0 0 -1
    outer loop
      vertex 61.6988 21.2277 0
      vertex 63.8201 19.1064 0
      vertex 63.4751 18.713 0
    endloop
  endfacet
  facet normal 0 0 -1
    outer loop
      vertex 61.0951 20.5393 0
      vertex 63.4751 18.713 0
      vertex 63.1844 18.278 0
    endloop
  endfacet
  facet normal 0 0 -1
    outer loop
      vertex 64.6485 19.7421 0
      vertex 63.1485 22.3402 0
      vertex 63.9697 22.7451 0
    endloop
  endfacet
  facet normal 0 0 -1
    outer loop
      vertex 60.5863 19.778 0
      vertex 63.1844 18.278 0
      vertex 62.953 17.8087 0
    endloop
  endfacet
  facet normal 0 0 -1
    outer loop
      vertex 60.1814 18.9568 0
      vertex 62.953 17.8087 0
      vertex 62.7848 17.3133 0
    endloop
  endfacet
  facet normal 0 0 -1
    outer loop
      vertex 59.8871 18.0897 0
      vertex 62.7848 17.3133 0
      vertex 62.6828 16.8001 0
    endloop
  endfacet
  facet normal 0 0 -1
    outer loop
      vertex 64.2135 19.4514 0
      vertex 62.3872 21.8315 0
      vertex 63.1485 22.3402 0
    endloop
  endfacet
  facet normal 0 0 -1
    outer loop
      vertex 59.7084 17.1917 0
      vertex 62.6828 16.8001 0
      vertex 62.6485 16.278 0
    endloop
  endfacet
  facet normal 0 0 -1
    outer loop
      vertex 60.1814 13.5992 0
      vertex 62.953 14.7473 0
      vertex 60.5863 12.778 0
    endloop
  endfacet
  facet normal -0 0 -1
    outer loop
      vertex 62.953 14.7473 0
      vertex 60.1814 13.5992 0
      vertex 62.7848 15.2427 0
    endloop
  endfacet
  facet normal 0 0 -1
    outer loop
      vertex 63.8201 19.1064 0
      vertex 61.6988 21.2277 0
      vertex 62.3872 21.8315 0
    endloop
  endfacet
  facet normal 0 0 -1
    outer loop
      vertex 59.8871 14.4663 0
      vertex 62.7848 15.2427 0
      vertex 60.1814 13.5992 0
    endloop
  endfacet
  facet normal 0 0 -1
    outer loop
      vertex 63.4751 18.713 0
      vertex 61.0951 20.5393 0
      vertex 61.6988 21.2277 0
    endloop
  endfacet
  facet normal -0 0 -1
    outer loop
      vertex 62.7848 15.2427 0
      vertex 59.8871 14.4663 0
      vertex 62.6828 15.7559 0
    endloop
  endfacet
  facet normal 0 0 -1
    outer loop
      vertex 63.1844 18.278 0
      vertex 60.5863 19.778 0
      vertex 61.0951 20.5393 0
    endloop
  endfacet
  facet normal 0 0 -1
    outer loop
      vertex 59.7084 15.3643 0
      vertex 62.6828 15.7559 0
      vertex 59.8871 14.4663 0
    endloop
  endfacet
  facet normal 0 0 -1
    outer loop
      vertex 62.953 17.8087 0
      vertex 60.1814 18.9568 0
      vertex 60.5863 19.778 0
    endloop
  endfacet
  facet normal -0 0 -1
    outer loop
      vertex 62.6828 15.7559 0
      vertex 59.7084 15.3643 0
      vertex 62.6485 16.278 0
    endloop
  endfacet
  facet normal 0 0 -1
    outer loop
      vertex 62.7848 17.3133 0
      vertex 59.8871 18.0897 0
      vertex 60.1814 18.9568 0
    endloop
  endfacet
  facet normal 0 0 -1
    outer loop
      vertex 59.6485 16.278 0
      vertex 62.6485 16.278 0
      vertex 59.7084 15.3643 0
    endloop
  endfacet
  facet normal 0 0 -1
    outer loop
      vertex 62.6828 16.8001 0
      vertex 59.7084 17.1917 0
      vertex 59.8871 18.0897 0
    endloop
  endfacet
  facet normal 0 0 -1
    outer loop
      vertex 62.6485 16.278 0
      vertex 59.6485 16.278 0
      vertex 59.7084 17.1917 0
    endloop
  endfacet
  facet normal 0 0 -1
    outer loop
      vertex 70.1126 34.278 0
      vertex 72.7107 35.778 0
      vertex 70.3441 33.8087 0
    endloop
  endfacet
  facet normal -0 0 -1
    outer loop
      vertex 72.7107 35.778 0
      vertex 70.1126 34.278 0
      vertex 72.202 36.5393 0
    endloop
  endfacet
  facet normal 0 0 -1
    outer loop
      vertex 69.822 34.713 0
      vertex 72.202 36.5393 0
      vertex 70.1126 34.278 0
    endloop
  endfacet
  facet normal -0 0 -1
    outer loop
      vertex 72.202 36.5393 0
      vertex 69.822 34.713 0
      vertex 71.5983 37.2277 0
    endloop
  endfacet
  facet normal 0 0 -1
    outer loop
      vertex 69.477 35.1064 0
      vertex 71.5983 37.2277 0
      vertex 69.822 34.713 0
    endloop
  endfacet
  facet normal -0 0 -1
    outer loop
      vertex 71.5983 37.2277 0
      vertex 69.477 35.1064 0
      vertex 70.9099 37.8315 0
    endloop
  endfacet
  facet normal 0 0 -1
    outer loop
      vertex 69.0836 35.4514 0
      vertex 70.9099 37.8315 0
      vertex 69.477 35.1064 0
    endloop
  endfacet
  facet normal -0 0 -1
    outer loop
      vertex 70.9099 37.8315 0
      vertex 69.0836 35.4514 0
      vertex 70.1485 38.3402 0
    endloop
  endfacet
  facet normal 0 0 -1
    outer loop
      vertex 68.6485 35.7421 0
      vertex 70.1485 38.3402 0
      vertex 69.0836 35.4514 0
    endloop
  endfacet
  facet normal -0 0 -1
    outer loop
      vertex 70.1485 38.3402 0
      vertex 68.6485 35.7421 0
      vertex 69.3273 38.7451 0
    endloop
  endfacet
  facet normal 0 0 -1
    outer loop
      vertex 68.1793 35.9735 0
      vertex 69.3273 38.7451 0
      vertex 68.6485 35.7421 0
    endloop
  endfacet
  facet normal -0 0 -1
    outer loop
      vertex 69.3273 38.7451 0
      vertex 68.1793 35.9735 0
      vertex 68.4603 39.0395 0
    endloop
  endfacet
  facet normal 0 0 -1
    outer loop
      vertex 67.6838 36.1417 0
      vertex 68.4603 39.0395 0
      vertex 68.1793 35.9735 0
    endloop
  endfacet
  facet normal 0 0 -1
    outer loop
      vertex 65.4 43.75 0
      vertex 67.9 43.75 0
      vertex 67.9 39.1509 0
    endloop
  endfacet
  facet normal 0 0 -1
    outer loop
      vertex 67.9 43.75 0
      vertex 65.4 43.75 0
      vertex 67.9 46.25 0
    endloop
  endfacet
  facet normal -0 0 -1
    outer loop
      vertex 68.4603 39.0395 0
      vertex 67.6838 36.1417 0
      vertex 67.9 39.1509 0
    endloop
  endfacet
  facet normal 0 0 -1
    outer loop
      vertex 67.1706 36.2438 0
      vertex 67.9 39.1509 0
      vertex 67.6838 36.1417 0
    endloop
  endfacet
  facet normal 0 0 -1
    outer loop
      vertex 66.6485 36.278 0
      vertex 67.9 39.1509 0
      vertex 67.1706 36.2438 0
    endloop
  endfacet
  facet normal -0 0 -1
    outer loop
      vertex 67.9 39.1509 0
      vertex 66.6485 36.278 0
      vertex 65.4 39.1515 0
    endloop
  endfacet
  facet normal 0 0 -1
    outer loop
      vertex 65.4 39.1515 0
      vertex 66.6485 36.278 0
      vertex 66.1264 36.2438 0
    endloop
  endfacet
  facet normal 0 0 -1
    outer loop
      vertex 65.4 39.1515 0
      vertex 66.1264 36.2438 0
      vertex 65.6133 36.1417 0
    endloop
  endfacet
  facet normal 0 0 -1
    outer loop
      vertex 67.9 39.1509 0
      vertex 65.4 39.1515 0
      vertex 65.4 43.75 0
    endloop
  endfacet
  facet normal 0 0 -1
    outer loop
      vertex 65.4 46.25 0
      vertex 67.9 46.25 0
      vertex 65.4 43.75 0
    endloop
  endfacet
  facet normal 0 0 -1
    outer loop
      vertex 67.9 46.25 0
      vertex 65.4 46.25 0
      vertex 67.9 47 0
    endloop
  endfacet
  facet normal -0 0 -1
    outer loop
      vertex 67.9 47 0
      vertex 65.4 46.25 0
      vertex 65.4 47 0
    endloop
  endfacet
  facet normal 0 0 -1
    outer loop
      vertex 45.0314 45.7914 0
      vertex 47.1734 47.435 0
      vertex 45.1258 45.65 0
    endloop
  endfacet
  facet normal -0 0 -1
    outer loop
      vertex 47.1734 47.435 0
      vertex 45.0314 45.7914 0
      vertex 46.8284 47.8284 0
    endloop
  endfacet
  facet normal 0 0 -1
    outer loop
      vertex 44.9192 45.9192 0
      vertex 46.8284 47.8284 0
      vertex 45.0314 45.7914 0
    endloop
  endfacet
  facet normal 0 0 -1
    outer loop
      vertex 44.7914 46.0314 0
      vertex 46.435 48.1734 0
      vertex 44.9192 45.9192 0
    endloop
  endfacet
  facet normal -0 0 -1
    outer loop
      vertex 46.8284 47.8284 0
      vertex 44.9192 45.9192 0
      vertex 46.435 48.1734 0
    endloop
  endfacet
  facet normal 0 0 -1
    outer loop
      vertex 45.0314 74.7914 0
      vertex 47.1734 76.435 0
      vertex 45.1258 74.65 0
    endloop
  endfacet
  facet normal -0 0 -1
    outer loop
      vertex 47.1734 76.435 0
      vertex 45.0314 74.7914 0
      vertex 46.8284 76.8284 0
    endloop
  endfacet
  facet normal 0 0 -1
    outer loop
      vertex 44.9192 74.9192 0
      vertex 46.8284 76.8284 0
      vertex 45.0314 74.7914 0
    endloop
  endfacet
  facet normal 0 0 -1
    outer loop
      vertex 44.7914 75.0314 0
      vertex 46.435 77.1734 0
      vertex 44.9192 74.9192 0
    endloop
  endfacet
  facet normal -0 0 -1
    outer loop
      vertex 46.8284 76.8284 0
      vertex 44.9192 74.9192 0
      vertex 46.435 77.1734 0
    endloop
  endfacet
  facet normal 0 0 -1
    outer loop
      vertex 47.7908 43.75 0
      vertex 65.4 46.25 0
      vertex 65.4 43.75 0
    endloop
  endfacet
  facet normal 0 0 -1
    outer loop
      vertex 47.7908 43.75 0
      vertex 47.7908 46.25 0
      vertex 65.4 46.25 0
    endloop
  endfacet
  facet normal 0 0 -1
    outer loop
      vertex 45.201 44.5025 0
      vertex 47.7908 43.75 0
      vertex 47.6955 43.4693 0
    endloop
  endfacet
  facet normal 0 0 -1
    outer loop
      vertex 47.7908 43.75 0
      vertex 45.3 45 0
      vertex 47.7908 46.25 0
    endloop
  endfacet
  facet normal 0 0 -1
    outer loop
      vertex 45.201 44.5025 0
      vertex 47.6955 43.4693 0
      vertex 47.4641 43 0
    endloop
  endfacet
  facet normal 0 0 -1
    outer loop
      vertex 45.2889 45.1697 0
      vertex 47.7908 46.25 0
      vertex 45.3 45 0
    endloop
  endfacet
  facet normal 0 0 -1
    outer loop
      vertex 45.1258 44.35 0
      vertex 47.4641 43 0
      vertex 47.1734 42.5649 0
    endloop
  endfacet
  facet normal 0 0 -1
    outer loop
      vertex 45.2557 45.3365 0
      vertex 47.7908 46.25 0
      vertex 45.2889 45.1697 0
    endloop
  endfacet
  facet normal 0 0 -1
    outer loop
      vertex 45.0314 44.2086 0
      vertex 47.1734 42.5649 0
      vertex 46.8284 42.1716 0
    endloop
  endfacet
  facet normal 0 0 -1
    outer loop
      vertex 45.201 45.4975 0
      vertex 47.7908 46.25 0
      vertex 45.2557 45.3365 0
    endloop
  endfacet
  facet normal 0 0 -1
    outer loop
      vertex 44.9192 44.0808 0
      vertex 46.8284 42.1716 0
      vertex 46.435 41.8266 0
    endloop
  endfacet
  facet normal -0 0 -1
    outer loop
      vertex 47.7908 46.25 0
      vertex 45.201 45.4975 0
      vertex 47.6955 46.5307 0
    endloop
  endfacet
  facet normal 0 0 -1
    outer loop
      vertex 44.7914 43.9686 0
      vertex 46.435 41.8266 0
      vertex 46 41.5359 0
    endloop
  endfacet
  facet normal -0 0 -1
    outer loop
      vertex 47.6955 46.5307 0
      vertex 45.201 45.4975 0
      vertex 47.4641 47 0
    endloop
  endfacet
  facet normal 0 0 -1
    outer loop
      vertex 44.65 43.8742 0
      vertex 46 41.5359 0
      vertex 45.5307 41.3045 0
    endloop
  endfacet
  facet normal 0 0 -1
    outer loop
      vertex 45.1258 45.65 0
      vertex 47.4641 47 0
      vertex 45.201 45.4975 0
    endloop
  endfacet
  facet normal -0 0 -1
    outer loop
      vertex 47.4641 47 0
      vertex 45.1258 45.65 0
      vertex 47.1734 47.435 0
    endloop
  endfacet
  facet normal 0 0 -1
    outer loop
      vertex 47.7908 43.75 0
      vertex 45.2889 44.8303 0
      vertex 45.3 45 0
    endloop
  endfacet
  facet normal 0 0 -1
    outer loop
      vertex 47.7908 43.75 0
      vertex 45.2557 44.6635 0
      vertex 45.2889 44.8303 0
    endloop
  endfacet
  facet normal 0 0 -1
    outer loop
      vertex 44.4975 43.799 0
      vertex 45.5307 41.3045 0
      vertex 45.25 41.2092 0
    endloop
  endfacet
  facet normal 0 0 -1
    outer loop
      vertex 47.7908 43.75 0
      vertex 45.201 44.5025 0
      vertex 45.2557 44.6635 0
    endloop
  endfacet
  facet normal 0 0 -1
    outer loop
      vertex 64.8368 39.0395 0
      vertex 65.6133 36.1417 0
      vertex 65.1178 35.9735 0
    endloop
  endfacet
  facet normal 0 0 -1
    outer loop
      vertex 65.6133 36.1417 0
      vertex 64.8368 39.0395 0
      vertex 65.4 39.1515 0
    endloop
  endfacet
  facet normal 0 0 -1
    outer loop
      vertex 63.9697 38.7451 0
      vertex 65.1178 35.9735 0
      vertex 64.6485 35.7421 0
    endloop
  endfacet
  facet normal 0 0 -1
    outer loop
      vertex 63.1485 38.3402 0
      vertex 64.6485 35.7421 0
      vertex 64.2135 35.4514 0
    endloop
  endfacet
  facet normal 0 0 -1
    outer loop
      vertex 65.1178 35.9735 0
      vertex 63.9697 38.7451 0
      vertex 64.8368 39.0395 0
    endloop
  endfacet
  facet normal 0 0 -1
    outer loop
      vertex 62.3872 37.8315 0
      vertex 64.2135 35.4514 0
      vertex 63.8201 35.1064 0
    endloop
  endfacet
  facet normal 0 0 -1
    outer loop
      vertex 61.6988 37.2277 0
      vertex 63.8201 35.1064 0
      vertex 63.4751 34.713 0
    endloop
  endfacet
  facet normal 0 0 -1
    outer loop
      vertex 61.0951 36.5393 0
      vertex 63.4751 34.713 0
      vertex 63.1844 34.278 0
    endloop
  endfacet
  facet normal 0 0 -1
    outer loop
      vertex 64.6485 35.7421 0
      vertex 63.1485 38.3402 0
      vertex 63.9697 38.7451 0
    endloop
  endfacet
  facet normal 0 0 -1
    outer loop
      vertex 60.5863 35.778 0
      vertex 63.1844 34.278 0
      vertex 62.953 33.8087 0
    endloop
  endfacet
  facet normal 0 0 -1
    outer loop
      vertex 60.1814 34.9568 0
      vertex 62.953 33.8087 0
      vertex 62.7848 33.3133 0
    endloop
  endfacet
  facet normal 0 0 -1
    outer loop
      vertex 59.8871 34.0897 0
      vertex 62.7848 33.3133 0
      vertex 62.6828 32.8001 0
    endloop
  endfacet
  facet normal 0 0 -1
    outer loop
      vertex 64.2135 35.4514 0
      vertex 62.3872 37.8315 0
      vertex 63.1485 38.3402 0
    endloop
  endfacet
  facet normal 0 0 -1
    outer loop
      vertex 59.7084 33.1917 0
      vertex 62.6828 32.8001 0
      vertex 62.6485 32.278 0
    endloop
  endfacet
  facet normal 0 0 -1
    outer loop
      vertex 60.1814 29.5992 0
      vertex 62.953 30.7473 0
      vertex 60.5863 28.778 0
    endloop
  endfacet
  facet normal -0 0 -1
    outer loop
      vertex 62.953 30.7473 0
      vertex 60.1814 29.5992 0
      vertex 62.7848 31.2427 0
    endloop
  endfacet
  facet normal 0 0 -1
    outer loop
      vertex 63.8201 35.1064 0
      vertex 61.6988 37.2277 0
      vertex 62.3872 37.8315 0
    endloop
  endfacet
  facet normal 0 0 -1
    outer loop
      vertex 59.8871 30.4663 0
      vertex 62.7848 31.2427 0
      vertex 60.1814 29.5992 0
    endloop
  endfacet
  facet normal 0 0 -1
    outer loop
      vertex 63.4751 34.713 0
      vertex 61.0951 36.5393 0
      vertex 61.6988 37.2277 0
    endloop
  endfacet
  facet normal -0 0 -1
    outer loop
      vertex 62.7848 31.2427 0
      vertex 59.8871 30.4663 0
      vertex 62.6828 31.7559 0
    endloop
  endfacet
  facet normal 0 0 -1
    outer loop
      vertex 63.1844 34.278 0
      vertex 60.5863 35.778 0
      vertex 61.0951 36.5393 0
    endloop
  endfacet
  facet normal 0 0 -1
    outer loop
      vertex 59.7084 31.3643 0
      vertex 62.6828 31.7559 0
      vertex 59.8871 30.4663 0
    endloop
  endfacet
  facet normal 0 0 -1
    outer loop
      vertex 62.953 33.8087 0
      vertex 60.1814 34.9568 0
      vertex 60.5863 35.778 0
    endloop
  endfacet
  facet normal -0 0 -1
    outer loop
      vertex 62.6828 31.7559 0
      vertex 59.7084 31.3643 0
      vertex 62.6485 32.278 0
    endloop
  endfacet
  facet normal 0 0 -1
    outer loop
      vertex 62.7848 33.3133 0
      vertex 59.8871 34.0897 0
      vertex 60.1814 34.9568 0
    endloop
  endfacet
  facet normal 0 0 -1
    outer loop
      vertex 59.6485 32.278 0
      vertex 62.6485 32.278 0
      vertex 59.7084 31.3643 0
    endloop
  endfacet
  facet normal 0 0 -1
    outer loop
      vertex 62.6828 32.8001 0
      vertex 59.7084 33.1917 0
      vertex 59.8871 34.0897 0
    endloop
  endfacet
  facet normal 0 0 -1
    outer loop
      vertex 62.6485 32.278 0
      vertex 59.6485 32.278 0
      vertex 59.7084 33.1917 0
    endloop
  endfacet
  facet normal -0 0 -1
    outer loop
      vertex 66.1264 28.3122 0
      vertex 65.4 25.4045 0
      vertex 65.6133 28.4143 0
    endloop
  endfacet
  facet normal 0 0 -1
    outer loop
      vertex 64.8368 25.5165 0
      vertex 65.6133 28.4143 0
      vertex 65.4 25.4045 0
    endloop
  endfacet
  facet normal -0 0 -1
    outer loop
      vertex 65.6133 28.4143 0
      vertex 64.8368 25.5165 0
      vertex 65.1178 28.5825 0
    endloop
  endfacet
  facet normal 0 0 -1
    outer loop
      vertex 63.9697 25.8108 0
      vertex 65.1178 28.5825 0
      vertex 64.8368 25.5165 0
    endloop
  endfacet
  facet normal -0 0 -1
    outer loop
      vertex 65.1178 28.5825 0
      vertex 63.9697 25.8108 0
      vertex 64.6485 28.8139 0
    endloop
  endfacet
  facet normal 0 0 -1
    outer loop
      vertex 63.1485 26.2158 0
      vertex 64.6485 28.8139 0
      vertex 63.9697 25.8108 0
    endloop
  endfacet
  facet normal -0 0 -1
    outer loop
      vertex 64.6485 28.8139 0
      vertex 63.1485 26.2158 0
      vertex 64.2135 29.1046 0
    endloop
  endfacet
  facet normal 0 0 -1
    outer loop
      vertex 62.3872 26.7245 0
      vertex 64.2135 29.1046 0
      vertex 63.1485 26.2158 0
    endloop
  endfacet
  facet normal -0 0 -1
    outer loop
      vertex 64.2135 29.1046 0
      vertex 62.3872 26.7245 0
      vertex 63.8201 29.4496 0
    endloop
  endfacet
  facet normal 0 0 -1
    outer loop
      vertex 61.6988 27.3282 0
      vertex 63.8201 29.4496 0
      vertex 62.3872 26.7245 0
    endloop
  endfacet
  facet normal -0 0 -1
    outer loop
      vertex 63.8201 29.4496 0
      vertex 61.6988 27.3282 0
      vertex 63.4751 29.843 0
    endloop
  endfacet
  facet normal 0 0 -1
    outer loop
      vertex 61.0951 28.0167 0
      vertex 63.4751 29.843 0
      vertex 61.6988 27.3282 0
    endloop
  endfacet
  facet normal -0 0 -1
    outer loop
      vertex 63.4751 29.843 0
      vertex 61.0951 28.0167 0
      vertex 63.1844 30.278 0
    endloop
  endfacet
  facet normal -0 0 -1
    outer loop
      vertex 63.1844 30.278 0
      vertex 60.5863 28.778 0
      vertex 62.953 30.7473 0
    endloop
  endfacet
  facet normal 0 0 -1
    outer loop
      vertex 60.5863 28.778 0
      vertex 63.1844 30.278 0
      vertex 61.0951 28.0167 0
    endloop
  endfacet
  facet normal 0 0 -1
    outer loop
      vertex 109.209 75.25 0
      vertex 111.799 74.4975 0
      vertex 111.744 74.3365 0
    endloop
  endfacet
  facet normal 0 0 -1
    outer loop
      vertex 109.209 75.25 0
      vertex 111.744 74.3365 0
      vertex 111.711 74.1697 0
    endloop
  endfacet
  facet normal 0 0 -1
    outer loop
      vertex 109.209 75.25 0
      vertex 111.711 74.1697 0
      vertex 111.7 74 0
    endloop
  endfacet
  facet normal 0 0 -1
    outer loop
      vertex 109.536 72 0
      vertex 111.874 73.35 0
      vertex 109.827 71.5649 0
    endloop
  endfacet
  facet normal -0 0 -1
    outer loop
      vertex 111.874 73.35 0
      vertex 109.536 72 0
      vertex 111.799 73.5025 0
    endloop
  endfacet
  facet normal 0 0 -1
    outer loop
      vertex 111.799 74.4975 0
      vertex 111 77.4641 0
      vertex 111.469 77.6955 0
    endloop
  endfacet
  facet normal 0 0 -1
    outer loop
      vertex 111.799 74.4975 0
      vertex 111.469 77.6955 0
      vertex 111.75 77.7908 0
    endloop
  endfacet
  facet normal 0 0 -1
    outer loop
      vertex 109.304 72.4693 0
      vertex 111.799 73.5025 0
      vertex 109.536 72 0
    endloop
  endfacet
  facet normal 0 0 -1
    outer loop
      vertex 111.799 74.4975 0
      vertex 110.565 77.1734 0
      vertex 111 77.4641 0
    endloop
  endfacet
  facet normal 0 0 -1
    outer loop
      vertex 109.209 72.75 0
      vertex 111.799 73.5025 0
      vertex 109.304 72.4693 0
    endloop
  endfacet
  facet normal 0 0 -1
    outer loop
      vertex 111.799 74.4975 0
      vertex 110.172 76.8284 0
      vertex 110.565 77.1734 0
    endloop
  endfacet
  facet normal -0 0 -1
    outer loop
      vertex 111.799 73.5025 0
      vertex 109.209 72.75 0
      vertex 111.744 73.6635 0
    endloop
  endfacet
  facet normal 0 0 -1
    outer loop
      vertex 111.799 74.4975 0
      vertex 109.827 76.435 0
      vertex 110.172 76.8284 0
    endloop
  endfacet
  facet normal -0 0 -1
    outer loop
      vertex 111.744 73.6635 0
      vertex 109.209 72.75 0
      vertex 111.711 73.8303 0
    endloop
  endfacet
  facet normal 0 0 -1
    outer loop
      vertex 109.209 75.25 0
      vertex 111.7 74 0
      vertex 109.209 72.75 0
    endloop
  endfacet
  facet normal -0 0 -1
    outer loop
      vertex 111.711 73.8303 0
      vertex 109.209 72.75 0
      vertex 111.7 74 0
    endloop
  endfacet
  facet normal 0 0 -1
    outer loop
      vertex 111.799 74.4975 0
      vertex 109.209 75.25 0
      vertex 109.304 75.5307 0
    endloop
  endfacet
  facet normal 0 0 -1
    outer loop
      vertex 111.799 74.4975 0
      vertex 109.536 76 0
      vertex 109.827 76.435 0
    endloop
  endfacet
  facet normal 0 0 -1
    outer loop
      vertex 111.799 74.4975 0
      vertex 109.304 75.5307 0
      vertex 109.536 76 0
    endloop
  endfacet
  facet normal 0 0 -1
    outer loop
      vertex 47.7908 72.75 0
      vertex 109.209 75.25 0
      vertex 109.209 72.75 0
    endloop
  endfacet
  facet normal 0 0 -1
    outer loop
      vertex 47.7908 72.75 0
      vertex 47.7908 75.25 0
      vertex 109.209 75.25 0
    endloop
  endfacet
  facet normal 0 0 -1
    outer loop
      vertex 45.201 73.5025 0
      vertex 47.7908 72.75 0
      vertex 47.6955 72.4693 0
    endloop
  endfacet
  facet normal 0 0 -1
    outer loop
      vertex 47.7908 72.75 0
      vertex 45.3 74 0
      vertex 47.7908 75.25 0
    endloop
  endfacet
  facet normal 0 0 -1
    outer loop
      vertex 45.201 73.5025 0
      vertex 47.6955 72.4693 0
      vertex 47.4641 72 0
    endloop
  endfacet
  facet normal 0 0 -1
    outer loop
      vertex 45.2889 74.1697 0
      vertex 47.7908 75.25 0
      vertex 45.3 74 0
    endloop
  endfacet
  facet normal 0 0 -1
    outer loop
      vertex 45.1258 73.35 0
      vertex 47.4641 72 0
      vertex 47.1734 71.5649 0
    endloop
  endfacet
  facet normal 0 0 -1
    outer loop
      vertex 45.2557 74.3365 0
      vertex 47.7908 75.25 0
      vertex 45.2889 74.1697 0
    endloop
  endfacet
  facet normal 0 0 -1
    outer loop
      vertex 45.0314 73.2086 0
      vertex 47.1734 71.5649 0
      vertex 46.8284 71.1716 0
    endloop
  endfacet
  facet normal 0 0 -1
    outer loop
      vertex 45.201 74.4975 0
      vertex 47.7908 75.25 0
      vertex 45.2557 74.3365 0
    endloop
  endfacet
  facet normal 0 0 -1
    outer loop
      vertex 44.9192 73.0808 0
      vertex 46.8284 71.1716 0
      vertex 46.435 70.8266 0
    endloop
  endfacet
  facet normal -0 0 -1
    outer loop
      vertex 47.7908 75.25 0
      vertex 45.201 74.4975 0
      vertex 47.6955 75.5307 0
    endloop
  endfacet
  facet normal 0 0 -1
    outer loop
      vertex 44.7914 72.9686 0
      vertex 46.435 70.8266 0
      vertex 46 70.5359 0
    endloop
  endfacet
  facet normal -0 0 -1
    outer loop
      vertex 47.6955 75.5307 0
      vertex 45.201 74.4975 0
      vertex 47.4641 76 0
    endloop
  endfacet
  facet normal 0 0 -1
    outer loop
      vertex 44.65 72.8742 0
      vertex 46 70.5359 0
      vertex 45.5307 70.3045 0
    endloop
  endfacet
  facet normal 0 0 -1
    outer loop
      vertex 45.1258 74.65 0
      vertex 47.4641 76 0
      vertex 45.201 74.4975 0
    endloop
  endfacet
  facet normal -0 0 -1
    outer loop
      vertex 47.4641 76 0
      vertex 45.1258 74.65 0
      vertex 47.1734 76.435 0
    endloop
  endfacet
  facet normal 0 0 -1
    outer loop
      vertex 47.7908 72.75 0
      vertex 45.2889 73.8303 0
      vertex 45.3 74 0
    endloop
  endfacet
  facet normal 0 0 -1
    outer loop
      vertex 47.7908 72.75 0
      vertex 45.2557 73.6635 0
      vertex 45.2889 73.8303 0
    endloop
  endfacet
  facet normal 0 0 -1
    outer loop
      vertex 44.4975 72.799 0
      vertex 45.5307 70.3045 0
      vertex 45.25 70.2092 0
    endloop
  endfacet
  facet normal -0 0 -1
    outer loop
      vertex 46.435 48.1734 0
      vertex 44.7914 46.0314 0
      vertex 46 48.4641 0
    endloop
  endfacet
  facet normal 0 0 -1
    outer loop
      vertex 47.7908 72.75 0
      vertex 45.201 73.5025 0
      vertex 45.2557 73.6635 0
    endloop
  endfacet
  facet normal 0 0 -1
    outer loop
      vertex 44.65 46.1258 0
      vertex 46 48.4641 0
      vertex 44.7914 46.0314 0
    endloop
  endfacet
  facet normal 0 0 -1
    outer loop
      vertex 47.4641 72 0
      vertex 45.1258 73.35 0
      vertex 45.201 73.5025 0
    endloop
  endfacet
  facet normal -0 0 -1
    outer loop
      vertex 46 48.4641 0
      vertex 44.65 46.1258 0
      vertex 45.5307 48.6955 0
    endloop
  endfacet
  facet normal 0 0 -1
    outer loop
      vertex 47.1734 71.5649 0
      vertex 45.0314 73.2086 0
      vertex 45.1258 73.35 0
    endloop
  endfacet
  facet normal 0 0 -1
    outer loop
      vertex 45.25 48.7908 0
      vertex 42.75 48.7908 0
      vertex 45.25 70.2092 0
    endloop
  endfacet
  facet normal 0 0 -1
    outer loop
      vertex 46.8284 71.1716 0
      vertex 44.9192 73.0808 0
      vertex 45.0314 73.2086 0
    endloop
  endfacet
  facet normal 0 0 -1
    outer loop
      vertex 44.4975 46.201 0
      vertex 45.5307 48.6955 0
      vertex 44.65 46.1258 0
    endloop
  endfacet
  facet normal 0 0 -1
    outer loop
      vertex 42.75 70.2092 0
      vertex 45.25 70.2092 0
      vertex 42.75 48.7908 0
    endloop
  endfacet
  facet normal -0 0 -1
    outer loop
      vertex 45.5307 48.6955 0
      vertex 44.4975 46.201 0
      vertex 45.25 48.7908 0
    endloop
  endfacet
  facet normal 0 0 -1
    outer loop
      vertex 46.435 70.8266 0
      vertex 44.7914 72.9686 0
      vertex 44.9192 73.0808 0
    endloop
  endfacet
  facet normal 0 0 -1
    outer loop
      vertex 44.3365 46.2557 0
      vertex 45.25 48.7908 0
      vertex 44.4975 46.201 0
    endloop
  endfacet
  facet normal 0 0 -1
    outer loop
      vertex 46 70.5359 0
      vertex 44.65 72.8742 0
      vertex 44.7914 72.9686 0
    endloop
  endfacet
  facet normal 0 0 -1
    outer loop
      vertex 44.1697 46.2889 0
      vertex 45.25 48.7908 0
      vertex 44.3365 46.2557 0
    endloop
  endfacet
  facet normal 0 0 -1
    outer loop
      vertex 45.5307 70.3045 0
      vertex 44.4975 72.799 0
      vertex 44.65 72.8742 0
    endloop
  endfacet
  facet normal 0 0 -1
    outer loop
      vertex 44 46.3 0
      vertex 45.25 48.7908 0
      vertex 44.1697 46.2889 0
    endloop
  endfacet
  facet normal 0 0 -1
    outer loop
      vertex 45.25 70.2092 0
      vertex 44.3365 72.7443 0
      vertex 44.4975 72.799 0
    endloop
  endfacet
  facet normal -0 0 -1
    outer loop
      vertex 45.25 48.7908 0
      vertex 44 46.3 0
      vertex 42.75 48.7908 0
    endloop
  endfacet
  facet normal 0 0 -1
    outer loop
      vertex 45.25 70.2092 0
      vertex 44.1697 72.7111 0
      vertex 44.3365 72.7443 0
    endloop
  endfacet
  facet normal 0 0 -1
    outer loop
      vertex 42.75 48.7908 0
      vertex 44 46.3 0
      vertex 43.8303 46.2889 0
    endloop
  endfacet
  facet normal 0 0 -1
    outer loop
      vertex 45.25 70.2092 0
      vertex 44 72.7 0
      vertex 44.1697 72.7111 0
    endloop
  endfacet
  facet normal 0 0 -1
    outer loop
      vertex 42.75 48.7908 0
      vertex 43.8303 46.2889 0
      vertex 43.6635 46.2557 0
    endloop
  endfacet
  facet normal 0 0 -1
    outer loop
      vertex 42.75 70.2092 0
      vertex 44 72.7 0
      vertex 45.25 70.2092 0
    endloop
  endfacet
  facet normal 0 0 -1
    outer loop
      vertex 42.75 48.7908 0
      vertex 43.6635 46.2557 0
      vertex 43.5025 46.201 0
    endloop
  endfacet
  facet normal -0 0 -1
    outer loop
      vertex 44 72.7 0
      vertex 42.75 70.2092 0
      vertex 43.8303 72.7111 0
    endloop
  endfacet
  facet normal 0 0 -1
    outer loop
      vertex 42.4693 48.6955 0
      vertex 43.5025 46.201 0
      vertex 43.35 46.1258 0
    endloop
  endfacet
  facet normal -0 0 -1
    outer loop
      vertex 43.8303 72.7111 0
      vertex 42.75 70.2092 0
      vertex 43.6635 72.7443 0
    endloop
  endfacet
  facet normal 0 0 -1
    outer loop
      vertex 42 48.4641 0
      vertex 43.35 46.1258 0
      vertex 43.2086 46.0314 0
    endloop
  endfacet
  facet normal -0 0 -1
    outer loop
      vertex 43.6635 72.7443 0
      vertex 42.75 70.2092 0
      vertex 43.5025 72.799 0
    endloop
  endfacet
  facet normal 0 0 -1
    outer loop
      vertex 41.5649 48.1734 0
      vertex 43.2086 46.0314 0
      vertex 43.0808 45.9192 0
    endloop
  endfacet
  facet normal 0 0 -1
    outer loop
      vertex 42.4693 70.3045 0
      vertex 43.5025 72.799 0
      vertex 42.75 70.2092 0
    endloop
  endfacet
  facet normal 0 0 -1
    outer loop
      vertex 41.1716 47.8284 0
      vertex 43.0808 45.9192 0
      vertex 42.9686 45.7914 0
    endloop
  endfacet
  facet normal -0 0 -1
    outer loop
      vertex 43.5025 72.799 0
      vertex 42.4693 70.3045 0
      vertex 43.35 72.8742 0
    endloop
  endfacet
  facet normal 0 0 -1
    outer loop
      vertex 40.8266 47.435 0
      vertex 42.9686 45.7914 0
      vertex 42.8742 45.65 0
    endloop
  endfacet
  facet normal 0 0 -1
    outer loop
      vertex 42 70.5359 0
      vertex 43.35 72.8742 0
      vertex 42.4693 70.3045 0
    endloop
  endfacet
  facet normal 0 0 -1
    outer loop
      vertex 40.5359 47 0
      vertex 42.8742 45.65 0
      vertex 42.799 45.4975 0
    endloop
  endfacet
  facet normal -0 0 -1
    outer loop
      vertex 43.35 72.8742 0
      vertex 42 70.5359 0
      vertex 43.2086 72.9686 0
    endloop
  endfacet
  facet normal 0 0 -1
    outer loop
      vertex 41.5649 70.8266 0
      vertex 43.2086 72.9686 0
      vertex 42 70.5359 0
    endloop
  endfacet
  facet normal 0 0 -1
    outer loop
      vertex 40.2092 46.25 0
      vertex 42.799 45.4975 0
      vertex 42.7443 45.3365 0
    endloop
  endfacet
  facet normal 0 0 -1
    outer loop
      vertex 40.2092 46.25 0
      vertex 42.7443 45.3365 0
      vertex 42.7111 45.1697 0
    endloop
  endfacet
  facet normal 0 0 -1
    outer loop
      vertex 40.2092 46.25 0
      vertex 42.7111 45.1697 0
      vertex 42.7 45 0
    endloop
  endfacet
  facet normal 0 0 -1
    outer loop
      vertex 40.5359 43 0
      vertex 42.8742 44.35 0
      vertex 40.8266 42.5649 0
    endloop
  endfacet
  facet normal -0 0 -1
    outer loop
      vertex 42.8742 44.35 0
      vertex 40.5359 43 0
      vertex 42.799 44.5025 0
    endloop
  endfacet
  facet normal 0 0 -1
    outer loop
      vertex 43.35 46.1258 0
      vertex 42 48.4641 0
      vertex 42.4693 48.6955 0
    endloop
  endfacet
  facet normal 0 0 -1
    outer loop
      vertex 43.5025 46.201 0
      vertex 42.4693 48.6955 0
      vertex 42.75 48.7908 0
    endloop
  endfacet
  facet normal 0 0 -1
    outer loop
      vertex 40.3045 43.4693 0
      vertex 42.799 44.5025 0
      vertex 40.5359 43 0
    endloop
  endfacet
  facet normal 0 0 -1
    outer loop
      vertex 43.2086 46.0314 0
      vertex 41.5649 48.1734 0
      vertex 42 48.4641 0
    endloop
  endfacet
  facet normal 0 0 -1
    outer loop
      vertex 40.2092 43.75 0
      vertex 42.799 44.5025 0
      vertex 40.3045 43.4693 0
    endloop
  endfacet
  facet normal 0 0 -1
    outer loop
      vertex 43.0808 45.9192 0
      vertex 41.1716 47.8284 0
      vertex 41.5649 48.1734 0
    endloop
  endfacet
  facet normal -0 0 -1
    outer loop
      vertex 42.799 44.5025 0
      vertex 40.2092 43.75 0
      vertex 42.7443 44.6635 0
    endloop
  endfacet
  facet normal 0 0 -1
    outer loop
      vertex 42.9686 45.7914 0
      vertex 40.8266 47.435 0
      vertex 41.1716 47.8284 0
    endloop
  endfacet
  facet normal -0 0 -1
    outer loop
      vertex 42.7443 44.6635 0
      vertex 40.2092 43.75 0
      vertex 42.7111 44.8303 0
    endloop
  endfacet
  facet normal 0 0 -1
    outer loop
      vertex 40.2092 46.25 0
      vertex 42.7 45 0
      vertex 40.2092 43.75 0
    endloop
  endfacet
  facet normal -0 0 -1
    outer loop
      vertex 42.7111 44.8303 0
      vertex 40.2092 43.75 0
      vertex 42.7 45 0
    endloop
  endfacet
  facet normal 0 0 -1
    outer loop
      vertex 42.799 45.4975 0
      vertex 40.2092 46.25 0
      vertex 40.3045 46.5307 0
    endloop
  endfacet
  facet normal 0 0 -1
    outer loop
      vertex 42.8742 45.65 0
      vertex 40.5359 47 0
      vertex 40.8266 47.435 0
    endloop
  endfacet
  facet normal 0 0 -1
    outer loop
      vertex 42.799 45.4975 0
      vertex 40.3045 46.5307 0
      vertex 40.5359 47 0
    endloop
  endfacet
  facet normal 0 0 -1
    outer loop
      vertex 6.5 43.75 0
      vertex 40.2092 46.25 0
      vertex 40.2092 43.75 0
    endloop
  endfacet
  facet normal -0 0 -1
    outer loop
      vertex 40.2092 46.25 0
      vertex 6.5 43.75 0
      vertex 6.5 46.25 0
    endloop
  endfacet
  facet normal -0 0 -1
    outer loop
      vertex 112.209 43.9686 0
      vertex 110.565 41.8266 0
      vertex 112.081 44.0808 0
    endloop
  endfacet
  facet normal 0 0 -1
    outer loop
      vertex 110.172 42.1716 0
      vertex 112.081 44.0808 0
      vertex 110.565 41.8266 0
    endloop
  endfacet
  facet normal -0 0 -1
    outer loop
      vertex 112.081 44.0808 0
      vertex 110.172 42.1716 0
      vertex 111.969 44.2086 0
    endloop
  endfacet
  facet normal 0 0 -1
    outer loop
      vertex 109.827 42.5649 0
      vertex 111.969 44.2086 0
      vertex 110.172 42.1716 0
    endloop
  endfacet
  facet normal -0 0 -1
    outer loop
      vertex 111.969 44.2086 0
      vertex 109.827 42.5649 0
      vertex 111.874 44.35 0
    endloop
  endfacet
  facet normal -0 0 -1
    outer loop
      vertex 112.209 72.9686 0
      vertex 110.565 70.8266 0
      vertex 112.081 73.0808 0
    endloop
  endfacet
  facet normal 0 0 -1
    outer loop
      vertex 110.172 71.1716 0
      vertex 112.081 73.0808 0
      vertex 110.565 70.8266 0
    endloop
  endfacet
  facet normal -0 0 -1
    outer loop
      vertex 112.081 73.0808 0
      vertex 110.172 71.1716 0
      vertex 111.969 73.2086 0
    endloop
  endfacet
  facet normal 0 0 -1
    outer loop
      vertex 109.827 71.5649 0
      vertex 111.969 73.2086 0
      vertex 110.172 71.1716 0
    endloop
  endfacet
  facet normal -0 0 -1
    outer loop
      vertex 111.969 73.2086 0
      vertex 109.827 71.5649 0
      vertex 111.874 73.35 0
    endloop
  endfacet
  facet normal 0 0 -1
    outer loop
      vertex 116.791 72.75 0
      vertex 143.49 75.25 0
      vertex 143.49 72.75 0
    endloop
  endfacet
  facet normal 0 0 -1
    outer loop
      vertex 116.791 72.75 0
      vertex 116.791 75.25 0
      vertex 143.49 75.25 0
    endloop
  endfacet
  facet normal 0 0 -1
    outer loop
      vertex 114.201 73.5025 0
      vertex 116.791 72.75 0
      vertex 116.696 72.4693 0
    endloop
  endfacet
  facet normal 0 0 -1
    outer loop
      vertex 116.791 72.75 0
      vertex 114.3 74 0
      vertex 116.791 75.25 0
    endloop
  endfacet
  facet normal 0 0 -1
    outer loop
      vertex 114.201 73.5025 0
      vertex 116.696 72.4693 0
      vertex 116.464 72 0
    endloop
  endfacet
  facet normal 0 0 -1
    outer loop
      vertex 114.289 74.1697 0
      vertex 116.791 75.25 0
      vertex 114.3 74 0
    endloop
  endfacet
  facet normal 0 0 -1
    outer loop
      vertex 114.126 73.35 0
      vertex 116.464 72 0
      vertex 116.173 71.5649 0
    endloop
  endfacet
  facet normal 0 0 -1
    outer loop
      vertex 114.256 74.3365 0
      vertex 116.791 75.25 0
      vertex 114.289 74.1697 0
    endloop
  endfacet
  facet normal 0 0 -1
    outer loop
      vertex 114.031 73.2086 0
      vertex 116.173 71.5649 0
      vertex 115.828 71.1716 0
    endloop
  endfacet
  facet normal 0 0 -1
    outer loop
      vertex 114.201 74.4975 0
      vertex 116.791 75.25 0
      vertex 114.256 74.3365 0
    endloop
  endfacet
  facet normal 0 0 -1
    outer loop
      vertex 113.919 73.0808 0
      vertex 115.828 71.1716 0
      vertex 115.435 70.8266 0
    endloop
  endfacet
  facet normal -0 0 -1
    outer loop
      vertex 116.791 75.25 0
      vertex 114.201 74.4975 0
      vertex 116.696 75.5307 0
    endloop
  endfacet
  facet normal 0 0 -1
    outer loop
      vertex 113.791 72.9686 0
      vertex 115.435 70.8266 0
      vertex 115 70.5359 0
    endloop
  endfacet
  facet normal -0 0 -1
    outer loop
      vertex 116.696 75.5307 0
      vertex 114.201 74.4975 0
      vertex 116.464 76 0
    endloop
  endfacet
  facet normal 0 0 -1
    outer loop
      vertex 113.65 72.8742 0
      vertex 115 70.5359 0
      vertex 114.531 70.3045 0
    endloop
  endfacet
  facet normal 0 0 -1
    outer loop
      vertex 114.126 74.65 0
      vertex 116.464 76 0
      vertex 114.201 74.4975 0
    endloop
  endfacet
  facet normal -0 0 -1
    outer loop
      vertex 116.464 76 0
      vertex 114.126 74.65 0
      vertex 116.173 76.435 0
    endloop
  endfacet
  facet normal 0 0 -1
    outer loop
      vertex 116.791 72.75 0
      vertex 114.289 73.8303 0
      vertex 114.3 74 0
    endloop
  endfacet
  facet normal 0 0 -1
    outer loop
      vertex 116.791 72.75 0
      vertex 114.256 73.6635 0
      vertex 114.289 73.8303 0
    endloop
  endfacet
  facet normal 0 0 -1
    outer loop
      vertex 113.497 72.799 0
      vertex 114.531 70.3045 0
      vertex 114.25 70.2092 0
    endloop
  endfacet
  facet normal -0 0 -1
    outer loop
      vertex 115.435 48.1734 0
      vertex 113.791 46.0314 0
      vertex 115 48.4641 0
    endloop
  endfacet
  facet normal 0 0 -1
    outer loop
      vertex 116.791 72.75 0
      vertex 114.201 73.5025 0
      vertex 114.256 73.6635 0
    endloop
  endfacet
  facet normal 0 0 -1
    outer loop
      vertex 113.65 46.1258 0
      vertex 115 48.4641 0
      vertex 113.791 46.0314 0
    endloop
  endfacet
  facet normal 0 0 -1
    outer loop
      vertex 116.464 72 0
      vertex 114.126 73.35 0
      vertex 114.201 73.5025 0
    endloop
  endfacet
  facet normal -0 0 -1
    outer loop
      vertex 115 48.4641 0
      vertex 113.65 46.1258 0
      vertex 114.531 48.6955 0
    endloop
  endfacet
  facet normal 0 0 -1
    outer loop
      vertex 116.173 71.5649 0
      vertex 114.031 73.2086 0
      vertex 114.126 73.35 0
    endloop
  endfacet
  facet normal 0 0 -1
    outer loop
      vertex 114.25 48.7908 0
      vertex 111.75 48.7908 0
      vertex 114.25 70.2092 0
    endloop
  endfacet
  facet normal 0 0 -1
    outer loop
      vertex 115.828 71.1716 0
      vertex 113.919 73.0808 0
      vertex 114.031 73.2086 0
    endloop
  endfacet
  facet normal 0 0 -1
    outer loop
      vertex 113.497 46.201 0
      vertex 114.531 48.6955 0
      vertex 113.65 46.1258 0
    endloop
  endfacet
  facet normal 0 0 -1
    outer loop
      vertex 111.75 70.2092 0
      vertex 114.25 70.2092 0
      vertex 111.75 48.7908 0
    endloop
  endfacet
  facet normal -0 0 -1
    outer loop
      vertex 114.531 48.6955 0
      vertex 113.497 46.201 0
      vertex 114.25 48.7908 0
    endloop
  endfacet
  facet normal 0 0 -1
    outer loop
      vertex 115.435 70.8266 0
      vertex 113.791 72.9686 0
      vertex 113.919 73.0808 0
    endloop
  endfacet
  facet normal 0 0 -1
    outer loop
      vertex 113.336 46.2557 0
      vertex 114.25 48.7908 0
      vertex 113.497 46.201 0
    endloop
  endfacet
  facet normal 0 0 -1
    outer loop
      vertex 115 70.5359 0
      vertex 113.65 72.8742 0
      vertex 113.791 72.9686 0
    endloop
  endfacet
  facet normal 0 0 -1
    outer loop
      vertex 113.17 46.2889 0
      vertex 114.25 48.7908 0
      vertex 113.336 46.2557 0
    endloop
  endfacet
  facet normal 0 0 -1
    outer loop
      vertex 114.531 70.3045 0
      vertex 113.497 72.799 0
      vertex 113.65 72.8742 0
    endloop
  endfacet
  facet normal 0 0 -1
    outer loop
      vertex 113 46.3 0
      vertex 114.25 48.7908 0
      vertex 113.17 46.2889 0
    endloop
  endfacet
  facet normal 0 0 -1
    outer loop
      vertex 114.25 70.2092 0
      vertex 113.336 72.7443 0
      vertex 113.497 72.799 0
    endloop
  endfacet
  facet normal -0 0 -1
    outer loop
      vertex 114.25 48.7908 0
      vertex 113 46.3 0
      vertex 111.75 48.7908 0
    endloop
  endfacet
  facet normal 0 0 -1
    outer loop
      vertex 114.25 70.2092 0
      vertex 113.17 72.7111 0
      vertex 113.336 72.7443 0
    endloop
  endfacet
  facet normal 0 0 -1
    outer loop
      vertex 111.75 48.7908 0
      vertex 113 46.3 0
      vertex 112.83 46.2889 0
    endloop
  endfacet
  facet normal 0 0 -1
    outer loop
      vertex 114.25 70.2092 0
      vertex 113 72.7 0
      vertex 113.17 72.7111 0
    endloop
  endfacet
  facet normal 0 0 -1
    outer loop
      vertex 111.75 48.7908 0
      vertex 112.83 46.2889 0
      vertex 112.664 46.2557 0
    endloop
  endfacet
  facet normal 0 0 -1
    outer loop
      vertex 111.75 70.2092 0
      vertex 113 72.7 0
      vertex 114.25 70.2092 0
    endloop
  endfacet
  facet normal 0 0 -1
    outer loop
      vertex 111.75 48.7908 0
      vertex 112.664 46.2557 0
      vertex 112.503 46.201 0
    endloop
  endfacet
  facet normal -0 0 -1
    outer loop
      vertex 113 72.7 0
      vertex 111.75 70.2092 0
      vertex 112.83 72.7111 0
    endloop
  endfacet
  facet normal 0 0 -1
    outer loop
      vertex 111.469 48.6955 0
      vertex 112.503 46.201 0
      vertex 112.35 46.1258 0
    endloop
  endfacet
  facet normal -0 0 -1
    outer loop
      vertex 112.83 72.7111 0
      vertex 111.75 70.2092 0
      vertex 112.664 72.7443 0
    endloop
  endfacet
  facet normal 0 0 -1
    outer loop
      vertex 111 48.4641 0
      vertex 112.35 46.1258 0
      vertex 112.209 46.0314 0
    endloop
  endfacet
  facet normal -0 0 -1
    outer loop
      vertex 112.664 72.7443 0
      vertex 111.75 70.2092 0
      vertex 112.503 72.799 0
    endloop
  endfacet
  facet normal 0 0 -1
    outer loop
      vertex 110.565 48.1734 0
      vertex 112.209 46.0314 0
      vertex 112.081 45.9192 0
    endloop
  endfacet
  facet normal 0 0 -1
    outer loop
      vertex 111.469 70.3045 0
      vertex 112.503 72.799 0
      vertex 111.75 70.2092 0
    endloop
  endfacet
  facet normal 0 0 -1
    outer loop
      vertex 110.172 47.8284 0
      vertex 112.081 45.9192 0
      vertex 111.969 45.7914 0
    endloop
  endfacet
  facet normal -0 0 -1
    outer loop
      vertex 112.503 72.799 0
      vertex 111.469 70.3045 0
      vertex 112.35 72.8742 0
    endloop
  endfacet
  facet normal 0 0 -1
    outer loop
      vertex 109.827 47.435 0
      vertex 111.969 45.7914 0
      vertex 111.874 45.65 0
    endloop
  endfacet
  facet normal 0 0 -1
    outer loop
      vertex 111 70.5359 0
      vertex 112.35 72.8742 0
      vertex 111.469 70.3045 0
    endloop
  endfacet
  facet normal 0 0 -1
    outer loop
      vertex 109.536 47 0
      vertex 111.874 45.65 0
      vertex 111.799 45.4975 0
    endloop
  endfacet
  facet normal -0 0 -1
    outer loop
      vertex 112.35 72.8742 0
      vertex 111 70.5359 0
      vertex 112.209 72.9686 0
    endloop
  endfacet
  facet normal 0 0 -1
    outer loop
      vertex 110.565 70.8266 0
      vertex 112.209 72.9686 0
      vertex 111 70.5359 0
    endloop
  endfacet
  facet normal 0 0 -1
    outer loop
      vertex 109.209 46.25 0
      vertex 111.799 45.4975 0
      vertex 111.744 45.3365 0
    endloop
  endfacet
  facet normal 0 0 -1
    outer loop
      vertex 109.209 46.25 0
      vertex 111.744 45.3365 0
      vertex 111.711 45.1697 0
    endloop
  endfacet
  facet normal 0 0 -1
    outer loop
      vertex 109.209 46.25 0
      vertex 111.711 45.1697 0
      vertex 111.7 45 0
    endloop
  endfacet
  facet normal 0 0 -1
    outer loop
      vertex 109.536 43 0
      vertex 111.874 44.35 0
      vertex 109.827 42.5649 0
    endloop
  endfacet
  facet normal -0 0 -1
    outer loop
      vertex 111.874 44.35 0
      vertex 109.536 43 0
      vertex 111.799 44.5025 0
    endloop
  endfacet
  facet normal 0 0 -1
    outer loop
      vertex 112.35 46.1258 0
      vertex 111 48.4641 0
      vertex 111.469 48.6955 0
    endloop
  endfacet
  facet normal 0 0 -1
    outer loop
      vertex 112.503 46.201 0
      vertex 111.469 48.6955 0
      vertex 111.75 48.7908 0
    endloop
  endfacet
  facet normal 0 0 -1
    outer loop
      vertex 109.304 43.4693 0
      vertex 111.799 44.5025 0
      vertex 109.536 43 0
    endloop
  endfacet
  facet normal 0 0 -1
    outer loop
      vertex 112.209 46.0314 0
      vertex 110.565 48.1734 0
      vertex 111 48.4641 0
    endloop
  endfacet
  facet normal 0 0 -1
    outer loop
      vertex 109.209 43.75 0
      vertex 111.799 44.5025 0
      vertex 109.304 43.4693 0
    endloop
  endfacet
  facet normal 0 0 -1
    outer loop
      vertex 112.081 45.9192 0
      vertex 110.172 47.8284 0
      vertex 110.565 48.1734 0
    endloop
  endfacet
  facet normal -0 0 -1
    outer loop
      vertex 111.799 44.5025 0
      vertex 109.209 43.75 0
      vertex 111.744 44.6635 0
    endloop
  endfacet
  facet normal 0 0 -1
    outer loop
      vertex 111.969 45.7914 0
      vertex 109.827 47.435 0
      vertex 110.172 47.8284 0
    endloop
  endfacet
  facet normal -0 0 -1
    outer loop
      vertex 111.744 44.6635 0
      vertex 109.209 43.75 0
      vertex 111.711 44.8303 0
    endloop
  endfacet
  facet normal 0 0 -1
    outer loop
      vertex 109.209 46.25 0
      vertex 111.7 45 0
      vertex 109.209 43.75 0
    endloop
  endfacet
  facet normal -0 0 -1
    outer loop
      vertex 111.711 44.8303 0
      vertex 109.209 43.75 0
      vertex 111.7 45 0
    endloop
  endfacet
  facet normal 0 0 -1
    outer loop
      vertex 111.799 45.4975 0
      vertex 109.209 46.25 0
      vertex 109.304 46.5307 0
    endloop
  endfacet
  facet normal 0 0 -1
    outer loop
      vertex 111.874 45.65 0
      vertex 109.536 47 0
      vertex 109.827 47.435 0
    endloop
  endfacet
  facet normal 0 0 -1
    outer loop
      vertex 111.799 45.4975 0
      vertex 109.304 46.5307 0
      vertex 109.536 47 0
    endloop
  endfacet
  facet normal 0 0 -1
    outer loop
      vertex 67.9 43.75 0
      vertex 109.209 46.25 0
      vertex 109.209 43.75 0
    endloop
  endfacet
  facet normal -0 0 -1
    outer loop
      vertex 109.209 46.25 0
      vertex 67.9 43.75 0
      vertex 67.9 46.25 0
    endloop
  endfacet
  facet normal 0 0 -1
    outer loop
      vertex 116.791 43.75 0
      vertex 143.49 46.25 0
      vertex 143.49 43.75 0
    endloop
  endfacet
  facet normal 0 0 -1
    outer loop
      vertex 116.791 43.75 0
      vertex 116.791 46.25 0
      vertex 143.49 46.25 0
    endloop
  endfacet
  facet normal 0 0 -1
    outer loop
      vertex 114.201 44.5025 0
      vertex 116.791 43.75 0
      vertex 116.696 43.4693 0
    endloop
  endfacet
  facet normal 0 0 -1
    outer loop
      vertex 116.791 43.75 0
      vertex 114.3 45 0
      vertex 116.791 46.25 0
    endloop
  endfacet
  facet normal 0 0 -1
    outer loop
      vertex 114.201 44.5025 0
      vertex 116.696 43.4693 0
      vertex 116.464 43 0
    endloop
  endfacet
  facet normal 0 0 -1
    outer loop
      vertex 114.289 45.1697 0
      vertex 116.791 46.25 0
      vertex 114.3 45 0
    endloop
  endfacet
  facet normal 0 0 -1
    outer loop
      vertex 114.126 44.35 0
      vertex 116.464 43 0
      vertex 116.173 42.5649 0
    endloop
  endfacet
  facet normal 0 0 -1
    outer loop
      vertex 114.256 45.3365 0
      vertex 116.791 46.25 0
      vertex 114.289 45.1697 0
    endloop
  endfacet
  facet normal 0 0 -1
    outer loop
      vertex 114.031 44.2086 0
      vertex 116.173 42.5649 0
      vertex 115.828 42.1716 0
    endloop
  endfacet
  facet normal 0 0 -1
    outer loop
      vertex 114.201 45.4975 0
      vertex 116.791 46.25 0
      vertex 114.256 45.3365 0
    endloop
  endfacet
  facet normal 0 0 -1
    outer loop
      vertex 113.919 44.0808 0
      vertex 115.828 42.1716 0
      vertex 115.435 41.8266 0
    endloop
  endfacet
  facet normal -0 0 -1
    outer loop
      vertex 116.791 46.25 0
      vertex 114.201 45.4975 0
      vertex 116.696 46.5307 0
    endloop
  endfacet
  facet normal 0 0 -1
    outer loop
      vertex 113.791 43.9686 0
      vertex 115.435 41.8266 0
      vertex 115 41.5359 0
    endloop
  endfacet
  facet normal -0 0 -1
    outer loop
      vertex 116.696 46.5307 0
      vertex 114.201 45.4975 0
      vertex 116.464 47 0
    endloop
  endfacet
  facet normal 0 0 -1
    outer loop
      vertex 113.65 43.8742 0
      vertex 115 41.5359 0
      vertex 114.531 41.3045 0
    endloop
  endfacet
  facet normal 0 0 -1
    outer loop
      vertex 114.126 45.65 0
      vertex 116.464 47 0
      vertex 114.201 45.4975 0
    endloop
  endfacet
  facet normal -0 0 -1
    outer loop
      vertex 116.464 47 0
      vertex 114.126 45.65 0
      vertex 116.173 47.435 0
    endloop
  endfacet
  facet normal 0 0 -1
    outer loop
      vertex 116.791 43.75 0
      vertex 114.289 44.8303 0
      vertex 114.3 45 0
    endloop
  endfacet
  facet normal 0 0 -1
    outer loop
      vertex 116.791 43.75 0
      vertex 114.256 44.6635 0
      vertex 114.289 44.8303 0
    endloop
  endfacet
  facet normal 0 0 -1
    outer loop
      vertex 113.497 43.799 0
      vertex 114.531 41.3045 0
      vertex 114.25 41.2092 0
    endloop
  endfacet
  facet normal 0 0 -1
    outer loop
      vertex 116.791 43.75 0
      vertex 114.201 44.5025 0
      vertex 114.256 44.6635 0
    endloop
  endfacet
  facet normal 0 0 -1
    outer loop
      vertex 148.339 108.823 0
      vertex 148.49 116.3 0
      vertex 148.55 108.894 0
    endloop
  endfacet
  facet normal 0 0 -1
    outer loop
      vertex 148.14 108.725 0
      vertex 148.49 116.3 0
      vertex 148.339 108.823 0
    endloop
  endfacet
  facet normal 0 0 -1
    outer loop
      vertex 143.49 116.3 0
      vertex 148.14 108.725 0
      vertex 147.955 108.601 0
    endloop
  endfacet
  facet normal 0 0 -1
    outer loop
      vertex 143.49 116.3 0
      vertex 147.955 108.601 0
      vertex 147.788 108.454 0
    endloop
  endfacet
  facet normal 0 0 -1
    outer loop
      vertex 143.49 116.3 0
      vertex 147.788 108.454 0
      vertex 147.641 108.287 0
    endloop
  endfacet
  facet normal 0 0 -1
    outer loop
      vertex 143.49 116.3 0
      vertex 147.641 108.287 0
      vertex 147.518 108.102 0
    endloop
  endfacet
  facet normal 0 0 -1
    outer loop
      vertex 143.49 116.3 0
      vertex 147.518 108.102 0
      vertex 147.419 107.903 0
    endloop
  endfacet
  facet normal 0 0 -1
    outer loop
      vertex 143.49 116.3 0
      vertex 147.419 107.903 0
      vertex 147.348 107.692 0
    endloop
  endfacet
  facet normal 0 0 -1
    outer loop
      vertex 143.49 116.3 0
      vertex 147.348 107.692 0
      vertex 147.305 107.474 0
    endloop
  endfacet
  facet normal -0 0 -1
    outer loop
      vertex 147.518 106.402 0
      vertex 143.49 75.25 0
      vertex 147.419 106.602 0
    endloop
  endfacet
  facet normal -0 0 -1
    outer loop
      vertex 147.419 106.602 0
      vertex 143.49 75.25 0
      vertex 147.348 106.812 0
    endloop
  endfacet
  facet normal 0 0 -1
    outer loop
      vertex 143.49 116.3 0
      vertex 147.348 106.812 0
      vertex 143.49 75.25 0
    endloop
  endfacet
  facet normal 0 0 -1
    outer loop
      vertex 147.348 106.812 0
      vertex 143.49 116.3 0
      vertex 147.305 107.03 0
    endloop
  endfacet
  facet normal 0 0 -1
    outer loop
      vertex 147.305 107.03 0
      vertex 143.49 116.3 0
      vertex 147.29 107.252 0
    endloop
  endfacet
  facet normal 0 0 -1
    outer loop
      vertex 148.14 108.725 0
      vertex 143.49 116.3 0
      vertex 148.49 116.3 0
    endloop
  endfacet
  facet normal 0 0 -1
    outer loop
      vertex 147.29 107.252 0
      vertex 143.49 116.3 0
      vertex 147.305 107.474 0
    endloop
  endfacet
  facet normal 0 0 -1
    outer loop
      vertex 150.675 56.7029 0
      vertex 150.69 107.252 0
      vertex 150.69 56.481 0
    endloop
  endfacet
  facet normal 0 0 -1
    outer loop
      vertex 150.675 56.7029 0
      vertex 150.675 107.03 0
      vertex 150.69 107.252 0
    endloop
  endfacet
  facet normal 0 0 -1
    outer loop
      vertex 150.632 56.921 0
      vertex 150.675 107.03 0
      vertex 150.675 56.7029 0
    endloop
  endfacet
  facet normal 0 0 -1
    outer loop
      vertex 150.632 56.921 0
      vertex 150.632 106.812 0
      vertex 150.675 107.03 0
    endloop
  endfacet
  facet normal 0 0 -1
    outer loop
      vertex 150.561 57.1316 0
      vertex 150.632 106.812 0
      vertex 150.632 56.921 0
    endloop
  endfacet
  facet normal 0 0 -1
    outer loop
      vertex 150.561 57.1316 0
      vertex 150.561 106.602 0
      vertex 150.632 106.812 0
    endloop
  endfacet
  facet normal 0 0 -1
    outer loop
      vertex 150.462 57.331 0
      vertex 150.561 106.602 0
      vertex 150.561 57.1316 0
    endloop
  endfacet
  facet normal 0 0 -1
    outer loop
      vertex 150.462 57.331 0
      vertex 150.462 106.402 0
      vertex 150.561 106.602 0
    endloop
  endfacet
  facet normal 0 0 -1
    outer loop
      vertex 150.339 57.5159 0
      vertex 150.462 106.402 0
      vertex 150.462 57.331 0
    endloop
  endfacet
  facet normal 0 0 -1
    outer loop
      vertex 150.339 57.5159 0
      vertex 150.339 106.217 0
      vertex 150.462 106.402 0
    endloop
  endfacet
  facet normal 0 0 -1
    outer loop
      vertex 143.49 75.25 0
      vertex 150.192 57.6831 0
      vertex 143.49 72.75 0
    endloop
  endfacet
  facet normal 0 0 -1
    outer loop
      vertex 150.192 57.6831 0
      vertex 143.49 75.25 0
      vertex 150.339 57.5159 0
    endloop
  endfacet
  facet normal 0 0 -1
    outer loop
      vertex 143.49 72.75 0
      vertex 150.192 57.6831 0
      vertex 150.025 57.8297 0
    endloop
  endfacet
  facet normal 0 0 -1
    outer loop
      vertex 150.339 57.5159 0
      vertex 143.49 75.25 0
      vertex 150.339 106.217 0
    endloop
  endfacet
  facet normal 0 0 -1
    outer loop
      vertex 143.49 72.75 0
      vertex 150.025 57.8297 0
      vertex 149.84 57.9532 0
    endloop
  endfacet
  facet normal 0 0 -1
    outer loop
      vertex 150.339 106.217 0
      vertex 143.49 75.25 0
      vertex 150.192 106.05 0
    endloop
  endfacet
  facet normal 0 0 -1
    outer loop
      vertex 143.49 72.75 0
      vertex 149.84 57.9532 0
      vertex 149.641 58.0516 0
    endloop
  endfacet
  facet normal 0 0 -1
    outer loop
      vertex 150.192 106.05 0
      vertex 143.49 75.25 0
      vertex 150.025 105.904 0
    endloop
  endfacet
  facet normal 0 0 -1
    outer loop
      vertex 143.49 72.75 0
      vertex 149.641 58.0516 0
      vertex 149.43 58.1231 0
    endloop
  endfacet
  facet normal 0 0 -1
    outer loop
      vertex 150.025 105.904 0
      vertex 143.49 75.25 0
      vertex 149.84 105.78 0
    endloop
  endfacet
  facet normal 0 0 -1
    outer loop
      vertex 143.49 72.75 0
      vertex 149.43 58.1231 0
      vertex 149.212 58.1664 0
    endloop
  endfacet
  facet normal 0 0 -1
    outer loop
      vertex 149.84 105.78 0
      vertex 143.49 75.25 0
      vertex 149.641 105.682 0
    endloop
  endfacet
  facet normal 0 0 -1
    outer loop
      vertex 143.49 72.75 0
      vertex 149.212 58.1664 0
      vertex 148.99 58.181 0
    endloop
  endfacet
  facet normal 0 0 -1
    outer loop
      vertex 149.641 105.682 0
      vertex 143.49 75.25 0
      vertex 149.43 105.61 0
    endloop
  endfacet
  facet normal 0 0 -1
    outer loop
      vertex 143.49 72.75 0
      vertex 148.99 58.181 0
      vertex 148.768 58.1664 0
    endloop
  endfacet
  facet normal 0 0 -1
    outer loop
      vertex 149.43 105.61 0
      vertex 143.49 75.25 0
      vertex 149.212 105.567 0
    endloop
  endfacet
  facet normal 0 0 -1
    outer loop
      vertex 143.49 72.75 0
      vertex 148.768 58.1664 0
      vertex 148.55 58.1231 0
    endloop
  endfacet
  facet normal 0 0 -1
    outer loop
      vertex 149.212 105.567 0
      vertex 143.49 75.25 0
      vertex 148.99 105.552 0
    endloop
  endfacet
  facet normal 0 0 -1
    outer loop
      vertex 143.49 72.75 0
      vertex 148.55 58.1231 0
      vertex 148.339 58.0516 0
    endloop
  endfacet
  facet normal -0 0 -1
    outer loop
      vertex 148.99 105.552 0
      vertex 143.49 75.25 0
      vertex 148.768 105.567 0
    endloop
  endfacet
  facet normal 0 0 -1
    outer loop
      vertex 143.49 72.75 0
      vertex 148.339 58.0516 0
      vertex 148.14 57.9532 0
    endloop
  endfacet
  facet normal -0 0 -1
    outer loop
      vertex 148.768 105.567 0
      vertex 143.49 75.25 0
      vertex 148.55 105.61 0
    endloop
  endfacet
  facet normal 0 0 -1
    outer loop
      vertex 143.49 72.75 0
      vertex 148.14 57.9532 0
      vertex 147.955 57.8297 0
    endloop
  endfacet
  facet normal -0 0 -1
    outer loop
      vertex 148.55 105.61 0
      vertex 143.49 75.25 0
      vertex 148.339 105.682 0
    endloop
  endfacet
  facet normal 0 0 -1
    outer loop
      vertex 143.49 72.75 0
      vertex 147.955 57.8297 0
      vertex 147.788 57.6831 0
    endloop
  endfacet
  facet normal -0 0 -1
    outer loop
      vertex 148.339 105.682 0
      vertex 143.49 75.25 0
      vertex 148.14 105.78 0
    endloop
  endfacet
  facet normal 0 0 -1
    outer loop
      vertex 143.49 72.75 0
      vertex 147.788 57.6831 0
      vertex 147.641 57.5159 0
    endloop
  endfacet
  facet normal -0 0 -1
    outer loop
      vertex 148.14 105.78 0
      vertex 143.49 75.25 0
      vertex 147.955 105.904 0
    endloop
  endfacet
  facet normal 0 0 -1
    outer loop
      vertex 143.49 72.75 0
      vertex 147.641 57.5159 0
      vertex 147.518 57.331 0
    endloop
  endfacet
  facet normal -0 0 -1
    outer loop
      vertex 147.955 105.904 0
      vertex 143.49 75.25 0
      vertex 147.788 106.05 0
    endloop
  endfacet
  facet normal 0 0 -1
    outer loop
      vertex 143.49 72.75 0
      vertex 147.518 57.331 0
      vertex 147.419 57.1316 0
    endloop
  endfacet
  facet normal -0 0 -1
    outer loop
      vertex 147.788 106.05 0
      vertex 143.49 75.25 0
      vertex 147.641 106.217 0
    endloop
  endfacet
  facet normal 0 0 -1
    outer loop
      vertex 143.49 72.75 0
      vertex 147.419 57.1316 0
      vertex 147.348 56.921 0
    endloop
  endfacet
  facet normal -0 0 -1
    outer loop
      vertex 147.641 106.217 0
      vertex 143.49 75.25 0
      vertex 147.518 106.402 0
    endloop
  endfacet
  facet normal -0 0 -1
    outer loop
      vertex 147.29 56.481 0
      vertex 143.49 46.25 0
      vertex 147.305 56.7029 0
    endloop
  endfacet
  facet normal 0 0 -1
    outer loop
      vertex 143.49 72.75 0
      vertex 147.305 56.7029 0
      vertex 143.49 46.25 0
    endloop
  endfacet
  facet normal -0 0 -1
    outer loop
      vertex 147.305 56.2591 0
      vertex 143.49 46.25 0
      vertex 147.29 56.481 0
    endloop
  endfacet
  facet normal 0 0 -1
    outer loop
      vertex 147.305 56.7029 0
      vertex 143.49 72.75 0
      vertex 147.348 56.921 0
    endloop
  endfacet
  facet normal 0 0 -1
    outer loop
      vertex 150.632 6.14965 0
      vertex 152.49 1.13794 0
      vertex 150.675 5.93155 0
    endloop
  endfacet
  facet normal 0 0 -1
    outer loop
      vertex 152.49 1.13794 0
      vertex 150.675 56.2591 0
      vertex 150.69 56.481 0
    endloop
  endfacet
  facet normal 0 0 -1
    outer loop
      vertex 150.632 56.041 0
      vertex 152.49 1.13794 0
      vertex 150.632 6.14965 0
    endloop
  endfacet
  facet normal 0 0 -1
    outer loop
      vertex 152.49 1.13794 0
      vertex 150.632 56.041 0
      vertex 150.675 56.2591 0
    endloop
  endfacet
  facet normal 0 0 -1
    outer loop
      vertex 150.561 6.36022 0
      vertex 150.632 56.041 0
      vertex 150.632 6.14965 0
    endloop
  endfacet
  facet normal 0 0 -1
    outer loop
      vertex 150.561 6.36022 0
      vertex 150.561 55.8304 0
      vertex 150.632 56.041 0
    endloop
  endfacet
  facet normal 0 0 -1
    outer loop
      vertex 150.462 6.55966 0
      vertex 150.561 55.8304 0
      vertex 150.561 6.36022 0
    endloop
  endfacet
  facet normal 0 0 -1
    outer loop
      vertex 150.462 6.55966 0
      vertex 150.462 55.631 0
      vertex 150.561 55.8304 0
    endloop
  endfacet
  facet normal 0 0 -1
    outer loop
      vertex 150.339 6.74455 0
      vertex 150.462 55.631 0
      vertex 150.462 6.55966 0
    endloop
  endfacet
  facet normal 0 0 -1
    outer loop
      vertex 150.339 6.74455 0
      vertex 150.339 55.4461 0
      vertex 150.462 55.631 0
    endloop
  endfacet
  facet normal 0 0 -1
    outer loop
      vertex 143.49 43.75 0
      vertex 150.339 6.74455 0
      vertex 150.192 6.91174 0
    endloop
  endfacet
  facet normal 0 0 -1
    outer loop
      vertex 150.339 6.74455 0
      vertex 143.49 43.75 0
      vertex 150.339 55.4461 0
    endloop
  endfacet
  facet normal 0 0 -1
    outer loop
      vertex 143.49 43.75 0
      vertex 150.192 6.91174 0
      vertex 150.025 7.05836 0
    endloop
  endfacet
  facet normal 0 0 -1
    outer loop
      vertex 150.339 55.4461 0
      vertex 143.49 43.75 0
      vertex 150.192 55.2789 0
    endloop
  endfacet
  facet normal 0 0 -1
    outer loop
      vertex 143.49 43.75 0
      vertex 150.025 7.05836 0
      vertex 149.84 7.1819 0
    endloop
  endfacet
  facet normal 0 0 -1
    outer loop
      vertex 150.192 55.2789 0
      vertex 143.49 43.75 0
      vertex 150.025 55.1323 0
    endloop
  endfacet
  facet normal 0 0 -1
    outer loop
      vertex 143.49 43.75 0
      vertex 149.84 7.1819 0
      vertex 149.641 7.28025 0
    endloop
  endfacet
  facet normal 0 0 -1
    outer loop
      vertex 150.025 55.1323 0
      vertex 143.49 43.75 0
      vertex 149.84 55.0087 0
    endloop
  endfacet
  facet normal 0 0 -1
    outer loop
      vertex 143.49 43.75 0
      vertex 149.641 7.28025 0
      vertex 149.43 7.35173 0
    endloop
  endfacet
  facet normal 0 0 -1
    outer loop
      vertex 149.84 55.0087 0
      vertex 143.49 43.75 0
      vertex 149.641 54.9104 0
    endloop
  endfacet
  facet normal 0 0 -1
    outer loop
      vertex 143.49 43.75 0
      vertex 149.43 7.35173 0
      vertex 149.212 7.39512 0
    endloop
  endfacet
  facet normal 0 0 -1
    outer loop
      vertex 143.49 46.25 0
      vertex 149.641 54.9104 0
      vertex 143.49 43.75 0
    endloop
  endfacet
  facet normal 0 0 -1
    outer loop
      vertex 143.49 43.75 0
      vertex 149.212 7.39512 0
      vertex 148.99 7.40966 0
    endloop
  endfacet
  facet normal 0 0 -1
    outer loop
      vertex 149.641 54.9104 0
      vertex 143.49 46.25 0
      vertex 149.43 54.8389 0
    endloop
  endfacet
  facet normal 0 0 -1
    outer loop
      vertex 143.49 43.75 0
      vertex 148.99 7.40966 0
      vertex 148.768 7.39512 0
    endloop
  endfacet
  facet normal 0 0 -1
    outer loop
      vertex 149.43 54.8389 0
      vertex 143.49 46.25 0
      vertex 149.212 54.7955 0
    endloop
  endfacet
  facet normal 0 0 -1
    outer loop
      vertex 143.49 43.75 0
      vertex 148.768 7.39512 0
      vertex 148.55 7.35173 0
    endloop
  endfacet
  facet normal 0 0 -1
    outer loop
      vertex 149.212 54.7955 0
      vertex 143.49 46.25 0
      vertex 148.99 54.781 0
    endloop
  endfacet
  facet normal 0 0 -1
    outer loop
      vertex 143.49 6.5 0
      vertex 148.55 7.35173 0
      vertex 148.339 7.28025 0
    endloop
  endfacet
  facet normal 0 0 -1
    outer loop
      vertex 143.49 43.75 0
      vertex 148.55 7.35173 0
      vertex 143.49 6.5 0
    endloop
  endfacet
  facet normal 0 0 -1
    outer loop
      vertex 143.49 6.5 0
      vertex 148.339 7.28025 0
      vertex 148.14 7.1819 0
    endloop
  endfacet
  facet normal -0 0 -1
    outer loop
      vertex 148.99 54.781 0
      vertex 143.49 46.25 0
      vertex 148.768 54.7955 0
    endloop
  endfacet
  facet normal 0 0 -1
    outer loop
      vertex 143.49 6.5 0
      vertex 148.14 7.1819 0
      vertex 147.955 7.05836 0
    endloop
  endfacet
  facet normal -0 0 -1
    outer loop
      vertex 148.768 54.7955 0
      vertex 143.49 46.25 0
      vertex 148.55 54.8389 0
    endloop
  endfacet
  facet normal 0 0 -1
    outer loop
      vertex 143.49 6.5 0
      vertex 147.955 7.05836 0
      vertex 147.788 6.91174 0
    endloop
  endfacet
  facet normal -0 0 -1
    outer loop
      vertex 148.55 54.8389 0
      vertex 143.49 46.25 0
      vertex 148.339 54.9104 0
    endloop
  endfacet
  facet normal 0 0 -1
    outer loop
      vertex 143.49 6.5 0
      vertex 147.788 6.91174 0
      vertex 147.641 6.74455 0
    endloop
  endfacet
  facet normal -0 0 -1
    outer loop
      vertex 148.339 54.9104 0
      vertex 143.49 46.25 0
      vertex 148.14 55.0087 0
    endloop
  endfacet
  facet normal 0 0 -1
    outer loop
      vertex 143.49 6.5 0
      vertex 147.641 6.74455 0
      vertex 147.518 6.55966 0
    endloop
  endfacet
  facet normal -0 0 -1
    outer loop
      vertex 148.14 55.0087 0
      vertex 143.49 46.25 0
      vertex 147.955 55.1323 0
    endloop
  endfacet
  facet normal 0 0 -1
    outer loop
      vertex 143.49 6.5 0
      vertex 147.518 6.55966 0
      vertex 147.419 6.36022 0
    endloop
  endfacet
  facet normal -0 0 -1
    outer loop
      vertex 147.955 55.1323 0
      vertex 143.49 46.25 0
      vertex 147.788 55.2789 0
    endloop
  endfacet
  facet normal 0 0 -1
    outer loop
      vertex 143.49 6.5 0
      vertex 147.419 6.36022 0
      vertex 147.348 6.14965 0
    endloop
  endfacet
  facet normal -0 0 -1
    outer loop
      vertex 147.788 55.2789 0
      vertex 143.49 46.25 0
      vertex 147.641 55.4461 0
    endloop
  endfacet
  facet normal 0 0 -1
    outer loop
      vertex 143.49 6.5 0
      vertex 147.348 6.14965 0
      vertex 147.305 5.93155 0
    endloop
  endfacet
  facet normal -0 0 -1
    outer loop
      vertex 147.641 55.4461 0
      vertex 143.49 46.25 0
      vertex 147.518 55.631 0
    endloop
  endfacet
  facet normal 0 0 -1
    outer loop
      vertex 143.49 6.5 0
      vertex 147.305 5.93155 0
      vertex 147.29 5.70966 0
    endloop
  endfacet
  facet normal -0 0 -1
    outer loop
      vertex 147.518 55.631 0
      vertex 143.49 46.25 0
      vertex 147.419 55.8304 0
    endloop
  endfacet
  facet normal 0 0 -1
    outer loop
      vertex 148.99 4.00966 0
      vertex 152.49 1.13794 0
      vertex 152.49 0 0
    endloop
  endfacet
  facet normal 0 0 -1
    outer loop
      vertex 152.49 1.13794 0
      vertex 150.69 56.481 0
      vertex 151.99 124.726 0
    endloop
  endfacet
  facet normal 0 0 -1
    outer loop
      vertex 150.675 5.93155 0
      vertex 152.49 1.13794 0
      vertex 150.69 5.70966 0
    endloop
  endfacet
  facet normal 0 0 -1
    outer loop
      vertex 152.49 1.13794 0
      vertex 150.675 5.48776 0
      vertex 150.69 5.70966 0
    endloop
  endfacet
  facet normal 0 0 -1
    outer loop
      vertex 152.49 1.13794 0
      vertex 150.632 5.26967 0
      vertex 150.675 5.48776 0
    endloop
  endfacet
  facet normal 0 0 -1
    outer loop
      vertex 152.49 1.13794 0
      vertex 150.561 5.0591 0
      vertex 150.632 5.26967 0
    endloop
  endfacet
  facet normal 0 0 -1
    outer loop
      vertex 152.49 1.13794 0
      vertex 150.462 4.85966 0
      vertex 150.561 5.0591 0
    endloop
  endfacet
  facet normal 0 0 -1
    outer loop
      vertex 152.49 1.13794 0
      vertex 150.339 4.67476 0
      vertex 150.462 4.85966 0
    endloop
  endfacet
  facet normal 0 0 -1
    outer loop
      vertex 152.49 1.13794 0
      vertex 150.192 4.50758 0
      vertex 150.339 4.67476 0
    endloop
  endfacet
  facet normal 0 0 -1
    outer loop
      vertex 152.49 1.13794 0
      vertex 150.025 4.36096 0
      vertex 150.192 4.50758 0
    endloop
  endfacet
  facet normal 0 0 -1
    outer loop
      vertex 152.49 1.13794 0
      vertex 149.84 4.23742 0
      vertex 150.025 4.36096 0
    endloop
  endfacet
  facet normal 0 0 -1
    outer loop
      vertex 152.49 1.13794 0
      vertex 149.641 4.13906 0
      vertex 149.84 4.23742 0
    endloop
  endfacet
  facet normal 0 0 -1
    outer loop
      vertex 152.49 1.13794 0
      vertex 149.43 4.06758 0
      vertex 149.641 4.13906 0
    endloop
  endfacet
  facet normal 0 0 -1
    outer loop
      vertex 152.49 1.13794 0
      vertex 149.212 4.0242 0
      vertex 149.43 4.06758 0
    endloop
  endfacet
  facet normal 0 0 -1
    outer loop
      vertex 152.49 1.13794 0
      vertex 148.99 4.00966 0
      vertex 149.212 4.0242 0
    endloop
  endfacet
  facet normal 0 0 -1
    outer loop
      vertex 152.49 0 0
      vertex 148.768 4.0242 0
      vertex 148.99 4.00966 0
    endloop
  endfacet
  facet normal 0 0 -1
    outer loop
      vertex 152.49 0 0
      vertex 148.55 4.06758 0
      vertex 148.768 4.0242 0
    endloop
  endfacet
  facet normal 0 0 -1
    outer loop
      vertex 152.49 0 0
      vertex 148.339 4.13906 0
      vertex 148.55 4.06758 0
    endloop
  endfacet
  facet normal 0 0 -1
    outer loop
      vertex 152.49 0 0
      vertex 148.14 4.23742 0
      vertex 148.339 4.13906 0
    endloop
  endfacet
  facet normal 0 0 -1
    outer loop
      vertex 152.49 0 0
      vertex 147.955 4.36096 0
      vertex 148.14 4.23742 0
    endloop
  endfacet
  facet normal 0 0 -1
    outer loop
      vertex 143.49 6.5 0
      vertex 147.955 4.36096 0
      vertex 152.49 0 0
    endloop
  endfacet
  facet normal -0 0 -1
    outer loop
      vertex 147.419 55.8304 0
      vertex 143.49 46.25 0
      vertex 147.348 56.041 0
    endloop
  endfacet
  facet normal -0 0 -1
    outer loop
      vertex 147.348 56.041 0
      vertex 143.49 46.25 0
      vertex 147.305 56.2591 0
    endloop
  endfacet
  facet normal 0 0 -1
    outer loop
      vertex 147.305 5.48776 0
      vertex 143.49 6.5 0
      vertex 147.29 5.70966 0
    endloop
  endfacet
  facet normal 0 0 -1
    outer loop
      vertex 147.348 5.26967 0
      vertex 143.49 6.5 0
      vertex 147.305 5.48776 0
    endloop
  endfacet
  facet normal 0 0 -1
    outer loop
      vertex 147.419 5.0591 0
      vertex 143.49 6.5 0
      vertex 147.348 5.26967 0
    endloop
  endfacet
  facet normal 0 0 -1
    outer loop
      vertex 147.518 4.85966 0
      vertex 143.49 6.5 0
      vertex 147.419 5.0591 0
    endloop
  endfacet
  facet normal 0 0 -1
    outer loop
      vertex 147.641 4.67476 0
      vertex 143.49 6.5 0
      vertex 147.518 4.85966 0
    endloop
  endfacet
  facet normal 0 0 -1
    outer loop
      vertex 147.788 4.50758 0
      vertex 143.49 6.5 0
      vertex 147.641 4.67476 0
    endloop
  endfacet
  facet normal 0 0 -1
    outer loop
      vertex 147.955 4.36096 0
      vertex 143.49 6.5 0
      vertex 147.788 4.50758 0
    endloop
  endfacet
  facet normal 0 0 -1
    outer loop
      vertex 152.49 0 0
      vertex 114.25 6.5 0
      vertex 143.49 6.5 0
    endloop
  endfacet
  facet normal 0 0 -1
    outer loop
      vertex 111.75 6.5 0
      vertex 114.25 41.2092 0
      vertex 114.25 6.5 0
    endloop
  endfacet
  facet normal 0 0 -1
    outer loop
      vertex 116.464 43 0
      vertex 114.126 44.35 0
      vertex 114.201 44.5025 0
    endloop
  endfacet
  facet normal 0 0 -1
    outer loop
      vertex 116.173 42.5649 0
      vertex 114.031 44.2086 0
      vertex 114.126 44.35 0
    endloop
  endfacet
  facet normal 0 0 -1
    outer loop
      vertex 115.828 42.1716 0
      vertex 113.919 44.0808 0
      vertex 114.031 44.2086 0
    endloop
  endfacet
  facet normal 0 0 -1
    outer loop
      vertex 115.435 41.8266 0
      vertex 113.791 43.9686 0
      vertex 113.919 44.0808 0
    endloop
  endfacet
  facet normal 0 0 -1
    outer loop
      vertex 115 41.5359 0
      vertex 113.65 43.8742 0
      vertex 113.791 43.9686 0
    endloop
  endfacet
  facet normal 0 0 -1
    outer loop
      vertex 114.531 41.3045 0
      vertex 113.497 43.799 0
      vertex 113.65 43.8742 0
    endloop
  endfacet
  facet normal 0 0 -1
    outer loop
      vertex 114.25 41.2092 0
      vertex 113.336 43.7443 0
      vertex 113.497 43.799 0
    endloop
  endfacet
  facet normal 0 0 -1
    outer loop
      vertex 114.25 41.2092 0
      vertex 113.17 43.7111 0
      vertex 113.336 43.7443 0
    endloop
  endfacet
  facet normal 0 0 -1
    outer loop
      vertex 114.25 41.2092 0
      vertex 113 43.7 0
      vertex 113.17 43.7111 0
    endloop
  endfacet
  facet normal 0 0 -1
    outer loop
      vertex 111.75 41.2092 0
      vertex 114.25 41.2092 0
      vertex 111.75 6.5 0
    endloop
  endfacet
  facet normal 0 0 -1
    outer loop
      vertex 111.75 41.2092 0
      vertex 113 43.7 0
      vertex 114.25 41.2092 0
    endloop
  endfacet
  facet normal -0 0 -1
    outer loop
      vertex 113 43.7 0
      vertex 111.75 41.2092 0
      vertex 112.83 43.7111 0
    endloop
  endfacet
  facet normal -0 0 -1
    outer loop
      vertex 112.83 43.7111 0
      vertex 111.75 41.2092 0
      vertex 112.664 43.7443 0
    endloop
  endfacet
  facet normal -0 0 -1
    outer loop
      vertex 112.664 43.7443 0
      vertex 111.75 41.2092 0
      vertex 112.503 43.799 0
    endloop
  endfacet
  facet normal 0 0 -1
    outer loop
      vertex 111.469 41.3045 0
      vertex 112.503 43.799 0
      vertex 111.75 41.2092 0
    endloop
  endfacet
  facet normal -0 0 -1
    outer loop
      vertex 112.503 43.799 0
      vertex 111.469 41.3045 0
      vertex 112.35 43.8742 0
    endloop
  endfacet
  facet normal 0 0 -1
    outer loop
      vertex 111 41.5359 0
      vertex 112.35 43.8742 0
      vertex 111.469 41.3045 0
    endloop
  endfacet
  facet normal -0 0 -1
    outer loop
      vertex 112.35 43.8742 0
      vertex 111 41.5359 0
      vertex 112.209 43.9686 0
    endloop
  endfacet
  facet normal 0 0 -1
    outer loop
      vertex 110.565 41.8266 0
      vertex 112.209 43.9686 0
      vertex 111 41.5359 0
    endloop
  endfacet
  facet normal 0 0 -1
    outer loop
      vertex 152.49 0 0
      vertex 111.75 6.5 0
      vertex 114.25 6.5 0
    endloop
  endfacet
  facet normal 0 0 -1
    outer loop
      vertex 41.2219 2.81454 0
      vertex 111.75 6.5 0
      vertex 152.49 0 0
    endloop
  endfacet
  facet normal 0 0 -1
    outer loop
      vertex 45.9 6.5 0
      vertex 45.25 8 0
      vertex 45.9 8 0
    endloop
  endfacet
  facet normal 0 0 -1
    outer loop
      vertex 42.75 8 0
      vertex 45.25 41.2092 0
      vertex 45.25 8 0
    endloop
  endfacet
  facet normal 0 0 -1
    outer loop
      vertex 47.4641 43 0
      vertex 45.1258 44.35 0
      vertex 45.201 44.5025 0
    endloop
  endfacet
  facet normal 0 0 -1
    outer loop
      vertex 47.1734 42.5649 0
      vertex 45.0314 44.2086 0
      vertex 45.1258 44.35 0
    endloop
  endfacet
  facet normal 0 0 -1
    outer loop
      vertex 46.8284 42.1716 0
      vertex 44.9192 44.0808 0
      vertex 45.0314 44.2086 0
    endloop
  endfacet
  facet normal 0 0 -1
    outer loop
      vertex 46.435 41.8266 0
      vertex 44.7914 43.9686 0
      vertex 44.9192 44.0808 0
    endloop
  endfacet
  facet normal 0 0 -1
    outer loop
      vertex 46 41.5359 0
      vertex 44.65 43.8742 0
      vertex 44.7914 43.9686 0
    endloop
  endfacet
  facet normal 0 0 -1
    outer loop
      vertex 45.5307 41.3045 0
      vertex 44.4975 43.799 0
      vertex 44.65 43.8742 0
    endloop
  endfacet
  facet normal 0 0 -1
    outer loop
      vertex 45.25 41.2092 0
      vertex 44.3365 43.7443 0
      vertex 44.4975 43.799 0
    endloop
  endfacet
  facet normal 0 0 -1
    outer loop
      vertex 45.25 41.2092 0
      vertex 44.1697 43.7111 0
      vertex 44.3365 43.7443 0
    endloop
  endfacet
  facet normal 0 0 -1
    outer loop
      vertex 45.25 41.2092 0
      vertex 44 43.7 0
      vertex 44.1697 43.7111 0
    endloop
  endfacet
  facet normal 0 0 -1
    outer loop
      vertex 42.75 41.2092 0
      vertex 45.25 41.2092 0
      vertex 42.75 8 0
    endloop
  endfacet
  facet normal 0 0 -1
    outer loop
      vertex 42.75 41.2092 0
      vertex 44 43.7 0
      vertex 45.25 41.2092 0
    endloop
  endfacet
  facet normal -0 0 -1
    outer loop
      vertex 44 43.7 0
      vertex 42.75 41.2092 0
      vertex 43.8303 43.7111 0
    endloop
  endfacet
  facet normal -0 0 -1
    outer loop
      vertex 43.8303 43.7111 0
      vertex 42.75 41.2092 0
      vertex 43.6635 43.7443 0
    endloop
  endfacet
  facet normal -0 0 -1
    outer loop
      vertex 43.6635 43.7443 0
      vertex 42.75 41.2092 0
      vertex 43.5025 43.799 0
    endloop
  endfacet
  facet normal 0 0 -1
    outer loop
      vertex 42.4693 41.3045 0
      vertex 43.5025 43.799 0
      vertex 42.75 41.2092 0
    endloop
  endfacet
  facet normal -0 0 -1
    outer loop
      vertex 43.5025 43.799 0
      vertex 42.4693 41.3045 0
      vertex 43.35 43.8742 0
    endloop
  endfacet
  facet normal 0 0 -1
    outer loop
      vertex 42 41.5359 0
      vertex 43.35 43.8742 0
      vertex 42.4693 41.3045 0
    endloop
  endfacet
  facet normal -0 0 -1
    outer loop
      vertex 43.35 43.8742 0
      vertex 42 41.5359 0
      vertex 43.2086 43.9686 0
    endloop
  endfacet
  facet normal 0 0 -1
    outer loop
      vertex 41.5649 41.8266 0
      vertex 43.2086 43.9686 0
      vertex 42 41.5359 0
    endloop
  endfacet
  facet normal 0 0 -1
    outer loop
      vertex 45.9 6.5 0
      vertex 42.75 8 0
      vertex 45.25 8 0
    endloop
  endfacet
  facet normal 0 0 -1
    outer loop
      vertex 42.6855 4.72189 0
      vertex 45.9 6.5 0
      vertex 42.7 4.5 0
    endloop
  endfacet
  facet normal -0 0 -1
    outer loop
      vertex 111.75 6.5 0
      vertex 42.2021 3.29792 0
      vertex 45.9 6.5 0
    endloop
  endfacet
  facet normal 0 0 -1
    outer loop
      vertex 45.9 6.5 0
      vertex 42.6855 4.2781 0
      vertex 42.7 4.5 0
    endloop
  endfacet
  facet normal 0 0 -1
    outer loop
      vertex 45.9 6.5 0
      vertex 42.6421 4.06001 0
      vertex 42.6855 4.2781 0
    endloop
  endfacet
  facet normal 0 0 -1
    outer loop
      vertex 45.9 6.5 0
      vertex 42.5706 3.84944 0
      vertex 42.6421 4.06001 0
    endloop
  endfacet
  facet normal 0 0 -1
    outer loop
      vertex 45.9 6.5 0
      vertex 42.4722 3.65 0
      vertex 42.5706 3.84944 0
    endloop
  endfacet
  facet normal 0 0 -1
    outer loop
      vertex 45.9 6.5 0
      vertex 42.3487 3.46511 0
      vertex 42.4722 3.65 0
    endloop
  endfacet
  facet normal 0 0 -1
    outer loop
      vertex 45.9 6.5 0
      vertex 42.2021 3.29792 0
      vertex 42.3487 3.46511 0
    endloop
  endfacet
  facet normal 0 0 -1
    outer loop
      vertex 111.75 6.5 0
      vertex 42.0349 3.1513 0
      vertex 42.2021 3.29792 0
    endloop
  endfacet
  facet normal 0 0 -1
    outer loop
      vertex 111.75 6.5 0
      vertex 41.85 3.02776 0
      vertex 42.0349 3.1513 0
    endloop
  endfacet
  facet normal 0 0 -1
    outer loop
      vertex 111.75 6.5 0
      vertex 41.6506 2.9294 0
      vertex 41.85 3.02776 0
    endloop
  endfacet
  facet normal 0 0 -1
    outer loop
      vertex 111.75 6.5 0
      vertex 41.44 2.85793 0
      vertex 41.6506 2.9294 0
    endloop
  endfacet
  facet normal 0 0 -1
    outer loop
      vertex 111.75 6.5 0
      vertex 41.2219 2.81454 0
      vertex 41.44 2.85793 0
    endloop
  endfacet
  facet normal 0 0 -1
    outer loop
      vertex 152.49 0 0
      vertex 41 2.8 0
      vertex 41.2219 2.81454 0
    endloop
  endfacet
  facet normal 0 0 -1
    outer loop
      vertex 39.3145 4.2781 0
      vertex 33.7 4.5 0
      vertex 39.3 4.5 0
    endloop
  endfacet
  facet normal 0 0 -1
    outer loop
      vertex 33.6855 4.2781 0
      vertex 39.3145 4.2781 0
      vertex 39.3579 4.06001 0
    endloop
  endfacet
  facet normal 0 0 -1
    outer loop
      vertex 33.6421 4.06001 0
      vertex 39.3579 4.06001 0
      vertex 39.4294 3.84944 0
    endloop
  endfacet
  facet normal 0 0 -1
    outer loop
      vertex 33.5706 3.84944 0
      vertex 39.4294 3.84944 0
      vertex 39.5278 3.65 0
    endloop
  endfacet
  facet normal 0 0 -1
    outer loop
      vertex 33.4722 3.65 0
      vertex 39.5278 3.65 0
      vertex 39.6513 3.46511 0
    endloop
  endfacet
  facet normal 0 0 -1
    outer loop
      vertex 33.3487 3.46511 0
      vertex 39.6513 3.46511 0
      vertex 39.7979 3.29792 0
    endloop
  endfacet
  facet normal 0 0 -1
    outer loop
      vertex 33.2021 3.29792 0
      vertex 39.7979 3.29792 0
      vertex 39.9651 3.1513 0
    endloop
  endfacet
  facet normal 0 0 -1
    outer loop
      vertex 33.0349 3.1513 0
      vertex 39.9651 3.1513 0
      vertex 40.15 3.02776 0
    endloop
  endfacet
  facet normal 0 0 -1
    outer loop
      vertex 32.85 3.02776 0
      vertex 40.15 3.02776 0
      vertex 40.3494 2.9294 0
    endloop
  endfacet
  facet normal 0 0 -1
    outer loop
      vertex 32.6506 2.9294 0
      vertex 40.3494 2.9294 0
      vertex 40.56 2.85793 0
    endloop
  endfacet
  facet normal 0 0 -1
    outer loop
      vertex 39.3145 4.2781 0
      vertex 33.6855 4.2781 0
      vertex 33.7 4.5 0
    endloop
  endfacet
  facet normal 0 0 -1
    outer loop
      vertex 39.3579 4.06001 0
      vertex 33.6421 4.06001 0
      vertex 33.6855 4.2781 0
    endloop
  endfacet
  facet normal 0 0 -1
    outer loop
      vertex 32.44 2.85793 0
      vertex 40.56 2.85793 0
      vertex 40.7781 2.81454 0
    endloop
  endfacet
  facet normal 0 0 -1
    outer loop
      vertex 39.4294 3.84944 0
      vertex 33.5706 3.84944 0
      vertex 33.6421 4.06001 0
    endloop
  endfacet
  facet normal 0 0 -1
    outer loop
      vertex 39.5278 3.65 0
      vertex 33.4722 3.65 0
      vertex 33.5706 3.84944 0
    endloop
  endfacet
  facet normal 0 0 -1
    outer loop
      vertex 39.6513 3.46511 0
      vertex 33.3487 3.46511 0
      vertex 33.4722 3.65 0
    endloop
  endfacet
  facet normal 0 0 -1
    outer loop
      vertex 39.7979 3.29792 0
      vertex 33.2021 3.29792 0
      vertex 33.3487 3.46511 0
    endloop
  endfacet
  facet normal 0 0 -1
    outer loop
      vertex 32.2219 2.81454 0
      vertex 40.7781 2.81454 0
      vertex 41 2.8 0
    endloop
  endfacet
  facet normal 0 0 -1
    outer loop
      vertex 39.9651 3.1513 0
      vertex 33.0349 3.1513 0
      vertex 33.2021 3.29792 0
    endloop
  endfacet
  facet normal 0 0 -1
    outer loop
      vertex 40.15 3.02776 0
      vertex 32.85 3.02776 0
      vertex 33.0349 3.1513 0
    endloop
  endfacet
  facet normal 0 0 -1
    outer loop
      vertex 40.3494 2.9294 0
      vertex 32.6506 2.9294 0
      vertex 32.85 3.02776 0
    endloop
  endfacet
  facet normal 0 0 -1
    outer loop
      vertex 6 0 0
      vertex 41 2.8 0
      vertex 152.49 0 0
    endloop
  endfacet
  facet normal 0 0 -1
    outer loop
      vertex 40.56 2.85793 0
      vertex 32.44 2.85793 0
      vertex 32.6506 2.9294 0
    endloop
  endfacet
  facet normal 0 0 -1
    outer loop
      vertex 40.7781 2.81454 0
      vertex 32.2219 2.81454 0
      vertex 32.44 2.85793 0
    endloop
  endfacet
  facet normal 0 -0 -1
    outer loop
      vertex 32 2.8 0
      vertex 41 2.8 0
      vertex 6 0 0
    endloop
  endfacet
  facet normal 0 0 -1
    outer loop
      vertex 30.3145 4.2781 0
      vertex 23.7 4.5 0
      vertex 30.3 4.5 0
    endloop
  endfacet
  facet normal 0 0 -1
    outer loop
      vertex 23.6855 4.2781 0
      vertex 30.3145 4.2781 0
      vertex 30.3579 4.06001 0
    endloop
  endfacet
  facet normal 0 0 -1
    outer loop
      vertex 23.6421 4.06001 0
      vertex 30.3579 4.06001 0
      vertex 30.4294 3.84944 0
    endloop
  endfacet
  facet normal 0 0 -1
    outer loop
      vertex 23.5706 3.84944 0
      vertex 30.4294 3.84944 0
      vertex 30.5278 3.65 0
    endloop
  endfacet
  facet normal 0 0 -1
    outer loop
      vertex 23.4722 3.65 0
      vertex 30.5278 3.65 0
      vertex 30.6513 3.46511 0
    endloop
  endfacet
  facet normal 0 0 -1
    outer loop
      vertex 23.3487 3.46511 0
      vertex 30.6513 3.46511 0
      vertex 30.7979 3.29792 0
    endloop
  endfacet
  facet normal 0 0 -1
    outer loop
      vertex 23.2021 3.29792 0
      vertex 30.7979 3.29792 0
      vertex 30.9651 3.1513 0
    endloop
  endfacet
  facet normal 0 0 -1
    outer loop
      vertex 23.0349 3.1513 0
      vertex 30.9651 3.1513 0
      vertex 31.15 3.02776 0
    endloop
  endfacet
  facet normal 0 0 -1
    outer loop
      vertex 22.85 3.02776 0
      vertex 31.15 3.02776 0
      vertex 31.3494 2.9294 0
    endloop
  endfacet
  facet normal 0 0 -1
    outer loop
      vertex 22.6506 2.9294 0
      vertex 31.3494 2.9294 0
      vertex 31.56 2.85793 0
    endloop
  endfacet
  facet normal 0 0 -1
    outer loop
      vertex 30.3145 4.2781 0
      vertex 23.6855 4.2781 0
      vertex 23.7 4.5 0
    endloop
  endfacet
  facet normal 0 0 -1
    outer loop
      vertex 22.44 2.85793 0
      vertex 31.56 2.85793 0
      vertex 31.7781 2.81454 0
    endloop
  endfacet
  facet normal 0 0 -1
    outer loop
      vertex 30.3579 4.06001 0
      vertex 23.6421 4.06001 0
      vertex 23.6855 4.2781 0
    endloop
  endfacet
  facet normal 0 0 -1
    outer loop
      vertex 30.4294 3.84944 0
      vertex 23.5706 3.84944 0
      vertex 23.6421 4.06001 0
    endloop
  endfacet
  facet normal 0 0 -1
    outer loop
      vertex 30.5278 3.65 0
      vertex 23.4722 3.65 0
      vertex 23.5706 3.84944 0
    endloop
  endfacet
  facet normal 0 0 -1
    outer loop
      vertex 30.6513 3.46511 0
      vertex 23.3487 3.46511 0
      vertex 23.4722 3.65 0
    endloop
  endfacet
  facet normal 0 0 -1
    outer loop
      vertex 30.7979 3.29792 0
      vertex 23.2021 3.29792 0
      vertex 23.3487 3.46511 0
    endloop
  endfacet
  facet normal 0 0 -1
    outer loop
      vertex 22.2219 2.81454 0
      vertex 31.7781 2.81454 0
      vertex 32 2.8 0
    endloop
  endfacet
  facet normal 0 0 -1
    outer loop
      vertex 30.9651 3.1513 0
      vertex 23.0349 3.1513 0
      vertex 23.2021 3.29792 0
    endloop
  endfacet
  facet normal 0 0 -1
    outer loop
      vertex 31.15 3.02776 0
      vertex 22.85 3.02776 0
      vertex 23.0349 3.1513 0
    endloop
  endfacet
  facet normal 0 0 -1
    outer loop
      vertex 31.3494 2.9294 0
      vertex 22.6506 2.9294 0
      vertex 22.85 3.02776 0
    endloop
  endfacet
  facet normal 0 0 -1
    outer loop
      vertex 41 2.8 0
      vertex 32 2.8 0
      vertex 32.2219 2.81454 0
    endloop
  endfacet
  facet normal 0 0 -1
    outer loop
      vertex 31.56 2.85793 0
      vertex 22.44 2.85793 0
      vertex 22.6506 2.9294 0
    endloop
  endfacet
  facet normal 0 0 -1
    outer loop
      vertex 31.7781 2.81454 0
      vertex 22.2219 2.81454 0
      vertex 22.44 2.85793 0
    endloop
  endfacet
  facet normal -0 0 -1
    outer loop
      vertex 32 2.8 0
      vertex 6 0 0
      vertex 22.2219 2.81454 0
    endloop
  endfacet
  facet normal 0 0 -1
    outer loop
      vertex 20.3145 4.2781 0
      vertex 13 6.5 0
      vertex 20.3 4.5 0
    endloop
  endfacet
  facet normal 0 0 -1
    outer loop
      vertex 20.3579 4.06001 0
      vertex 13 6.5 0
      vertex 20.3145 4.2781 0
    endloop
  endfacet
  facet normal 0 0 -1
    outer loop
      vertex 20.4294 3.84944 0
      vertex 13 6.5 0
      vertex 20.3579 4.06001 0
    endloop
  endfacet
  facet normal 0 0 -1
    outer loop
      vertex 20.5278 3.65 0
      vertex 13 6.5 0
      vertex 20.4294 3.84944 0
    endloop
  endfacet
  facet normal 0 0 -1
    outer loop
      vertex 20.6513 3.46511 0
      vertex 13 6.5 0
      vertex 20.5278 3.65 0
    endloop
  endfacet
  facet normal 0 0 -1
    outer loop
      vertex 6 0 0
      vertex 20.6513 3.46511 0
      vertex 20.7979 3.29792 0
    endloop
  endfacet
  facet normal 0 0 -1
    outer loop
      vertex 6 0 0
      vertex 20.7979 3.29792 0
      vertex 20.9651 3.1513 0
    endloop
  endfacet
  facet normal 0 0 -1
    outer loop
      vertex 6 0 0
      vertex 20.9651 3.1513 0
      vertex 21.15 3.02776 0
    endloop
  endfacet
  facet normal 0 0 -1
    outer loop
      vertex 6 0 0
      vertex 21.15 3.02776 0
      vertex 21.3494 2.9294 0
    endloop
  endfacet
  facet normal -0 0 -1
    outer loop
      vertex 20.6513 3.46511 0
      vertex 6 0 0
      vertex 13 6.5 0
    endloop
  endfacet
  facet normal 0 0 -1
    outer loop
      vertex 6 0 0
      vertex 21.3494 2.9294 0
      vertex 21.56 2.85793 0
    endloop
  endfacet
  facet normal 0 0 -1
    outer loop
      vertex 0 6 0
      vertex 6.5 43.75 0
      vertex 6.5 6.5 0
    endloop
  endfacet
  facet normal -0 0 -1
    outer loop
      vertex 6.5 43.75 0
      vertex 0 6 0
      vertex 6.5 46.25 0
    endloop
  endfacet
  facet normal -0 0 -1
    outer loop
      vertex 6.5 46.25 0
      vertex 0 6 0
      vertex 6.5 72.75 0
    endloop
  endfacet
  facet normal 0 0 -1
    outer loop
      vertex 0 119.53 0
      vertex 6.5 72.75 0
      vertex 0 6 0
    endloop
  endfacet
  facet normal 0 0 -1
    outer loop
      vertex 5.21684 0.0513306 0
      vertex 6.5 6.5 0
      vertex 6 0 0
    endloop
  endfacet
  facet normal -0 0 -1
    outer loop
      vertex 13 6.5 0
      vertex 6 0 0
      vertex 6.5 6.5 0
    endloop
  endfacet
  facet normal -0 0 -1
    outer loop
      vertex 21.7781 2.81454 0
      vertex 6 0 0
      vertex 21.56 2.85793 0
    endloop
  endfacet
  facet normal -0 0 -1
    outer loop
      vertex 22 2.8 0
      vertex 6 0 0
      vertex 21.7781 2.81454 0
    endloop
  endfacet
  facet normal 0 0 -1
    outer loop
      vertex 22.2219 2.81454 0
      vertex 6 0 0
      vertex 22 2.8 0
    endloop
  endfacet
  facet normal 0 0 -1
    outer loop
      vertex 152.49 1.13794 0
      vertex 154.99 6 0
      vertex 154.939 5.21684 0
    endloop
  endfacet
  facet normal 0 0 -1
    outer loop
      vertex 151.99 124.726 0
      vertex 154.99 6 0
      vertex 152.49 1.13794 0
    endloop
  endfacet
  facet normal 0 0 -1
    outer loop
      vertex 152.49 1.13794 0
      vertex 154.939 5.21684 0
      vertex 154.786 4.44708 0
    endloop
  endfacet
  facet normal 0 0 -1
    outer loop
      vertex 154.99 6 0
      vertex 151.99 124.726 0
      vertex 154.99 119.53 0
    endloop
  endfacet
  facet normal 0 0 -1
    outer loop
      vertex 152.49 1.13794 0
      vertex 154.786 4.44708 0
      vertex 154.533 3.7039 0
    endloop
  endfacet
  facet normal 0 0 -1
    outer loop
      vertex 154.99 119.53 0
      vertex 151.99 124.726 0
      vertex 154.939 120.313 0
    endloop
  endfacet
  facet normal 0 0 -1
    outer loop
      vertex 152.49 1.13794 0
      vertex 154.533 3.7039 0
      vertex 154.186 3 0
    endloop
  endfacet
  facet normal 0 0 -1
    outer loop
      vertex 154.939 120.313 0
      vertex 151.99 124.726 0
      vertex 154.786 121.083 0
    endloop
  endfacet
  facet normal 0 0 -1
    outer loop
      vertex 152.49 1.13794 0
      vertex 154.186 3 0
      vertex 153.75 2.34743 0
    endloop
  endfacet
  facet normal 0 0 -1
    outer loop
      vertex 154.786 121.083 0
      vertex 151.99 124.726 0
      vertex 154.533 121.826 0
    endloop
  endfacet
  facet normal 0 0 -1
    outer loop
      vertex 152.49 1.13794 0
      vertex 153.75 2.34743 0
      vertex 153.233 1.75735 0
    endloop
  endfacet
  facet normal 0 0 -1
    outer loop
      vertex 154.533 121.826 0
      vertex 151.99 124.726 0
      vertex 154.186 122.53 0
    endloop
  endfacet
  facet normal 0 0 -1
    outer loop
      vertex 152.49 1.13794 0
      vertex 153.233 1.75735 0
      vertex 152.643 1.23988 0
    endloop
  endfacet
  facet normal 0 0 -1
    outer loop
      vertex 154.186 122.53 0
      vertex 151.99 124.726 0
      vertex 153.75 123.183 0
    endloop
  endfacet
  facet normal 0 0 -1
    outer loop
      vertex 153.75 123.183 0
      vertex 151.99 124.726 0
      vertex 153.233 123.773 0
    endloop
  endfacet
  facet normal 0 0 -1
    outer loop
      vertex 153.233 123.773 0
      vertex 151.99 124.726 0
      vertex 152.643 124.29 0
    endloop
  endfacet
  facet normal 0 0 -1
    outer loop
      vertex 150.69 107.252 0
      vertex 151.99 124.726 0
      vertex 150.69 56.481 0
    endloop
  endfacet
  facet normal 0 0 -1
    outer loop
      vertex 150.675 107.474 0
      vertex 151.99 124.726 0
      vertex 150.69 107.252 0
    endloop
  endfacet
  facet normal 0 0 -1
    outer loop
      vertex 150.632 107.692 0
      vertex 151.99 124.726 0
      vertex 150.675 107.474 0
    endloop
  endfacet
  facet normal 0 0 -1
    outer loop
      vertex 150.561 107.903 0
      vertex 151.99 124.726 0
      vertex 150.632 107.692 0
    endloop
  endfacet
  facet normal 0 0 -1
    outer loop
      vertex 150.462 108.102 0
      vertex 151.99 124.726 0
      vertex 150.561 107.903 0
    endloop
  endfacet
  facet normal 0 0 -1
    outer loop
      vertex 148.49 116.3 0
      vertex 151.99 124.726 0
      vertex 150.462 108.102 0
    endloop
  endfacet
  facet normal 0 0 -1
    outer loop
      vertex 148.49 119.03 0
      vertex 151.99 124.726 0
      vertex 148.49 116.3 0
    endloop
  endfacet
  facet normal 0 0 -1
    outer loop
      vertex 148.49 116.3 0
      vertex 150.462 108.102 0
      vertex 150.339 108.287 0
    endloop
  endfacet
  facet normal 0 0 -1
    outer loop
      vertex 148.49 116.3 0
      vertex 150.339 108.287 0
      vertex 150.192 108.454 0
    endloop
  endfacet
  facet normal 0 0 -1
    outer loop
      vertex 148.49 116.3 0
      vertex 150.192 108.454 0
      vertex 150.025 108.601 0
    endloop
  endfacet
  facet normal 0 0 -1
    outer loop
      vertex 148.49 116.3 0
      vertex 150.025 108.601 0
      vertex 149.84 108.725 0
    endloop
  endfacet
  facet normal -0 0 -1
    outer loop
      vertex 151.99 124.726 0
      vertex 148.49 119.03 0
      vertex 151.286 125.073 0
    endloop
  endfacet
  facet normal 0 0 -1
    outer loop
      vertex 148.49 116.3 0
      vertex 149.84 108.725 0
      vertex 149.641 108.823 0
    endloop
  endfacet
  facet normal 0 0 -1
    outer loop
      vertex 148.49 116.3 0
      vertex 149.641 108.823 0
      vertex 149.43 108.894 0
    endloop
  endfacet
  facet normal 0 0 -1
    outer loop
      vertex 148.49 116.3 0
      vertex 149.43 108.894 0
      vertex 149.212 108.938 0
    endloop
  endfacet
  facet normal 0 0 -1
    outer loop
      vertex 148.49 116.3 0
      vertex 149.212 108.938 0
      vertex 148.99 108.952 0
    endloop
  endfacet
  facet normal -0 0 -1
    outer loop
      vertex 151.286 125.073 0
      vertex 148.49 119.03 0
      vertex 150.543 125.326 0
    endloop
  endfacet
  facet normal 0 0 -1
    outer loop
      vertex 148.49 116.3 0
      vertex 148.99 108.952 0
      vertex 148.768 108.938 0
    endloop
  endfacet
  facet normal 0 0 -1
    outer loop
      vertex 148.49 116.3 0
      vertex 148.768 108.938 0
      vertex 148.55 108.894 0
    endloop
  endfacet
  facet normal -0 0 -1
    outer loop
      vertex 150.543 125.326 0
      vertex 148.49 119.03 0
      vertex 149.773 125.479 0
    endloop
  endfacet
  facet normal -0 0 -1
    outer loop
      vertex 149.773 125.479 0
      vertex 148.49 119.03 0
      vertex 148.99 125.53 0
    endloop
  endfacet
  facet normal 0 0 -1
    outer loop
      vertex 114.25 119.03 0
      vertex 148.99 125.53 0
      vertex 148.49 119.03 0
    endloop
  endfacet
  facet normal -0 0 -1
    outer loop
      vertex 115.435 77.1734 0
      vertex 113.791 75.0314 0
      vertex 115 77.4641 0
    endloop
  endfacet
  facet normal 0 0 -1
    outer loop
      vertex 113.65 75.1258 0
      vertex 115 77.4641 0
      vertex 113.791 75.0314 0
    endloop
  endfacet
  facet normal -0 0 -1
    outer loop
      vertex 115 77.4641 0
      vertex 113.65 75.1258 0
      vertex 114.531 77.6955 0
    endloop
  endfacet
  facet normal 0 0 -1
    outer loop
      vertex 113.497 75.201 0
      vertex 114.531 77.6955 0
      vertex 113.65 75.1258 0
    endloop
  endfacet
  facet normal -0 0 -1
    outer loop
      vertex 114.531 77.6955 0
      vertex 113.497 75.201 0
      vertex 114.25 77.7908 0
    endloop
  endfacet
  facet normal 0 0 -1
    outer loop
      vertex 113.336 75.2557 0
      vertex 114.25 77.7908 0
      vertex 113.497 75.201 0
    endloop
  endfacet
  facet normal 0 0 -1
    outer loop
      vertex 113.17 75.2889 0
      vertex 114.25 77.7908 0
      vertex 113.336 75.2557 0
    endloop
  endfacet
  facet normal 0 0 -1
    outer loop
      vertex 113 75.3 0
      vertex 114.25 77.7908 0
      vertex 113.17 75.2889 0
    endloop
  endfacet
  facet normal -0 0 -1
    outer loop
      vertex 114.25 77.7908 0
      vertex 113 75.3 0
      vertex 111.75 77.7908 0
    endloop
  endfacet
  facet normal 0 0 -1
    outer loop
      vertex 111.75 77.7908 0
      vertex 113 75.3 0
      vertex 112.83 75.2889 0
    endloop
  endfacet
  facet normal 0 0 -1
    outer loop
      vertex 111.75 77.7908 0
      vertex 112.83 75.2889 0
      vertex 112.664 75.2557 0
    endloop
  endfacet
  facet normal 0 0 -1
    outer loop
      vertex 111.75 77.7908 0
      vertex 112.664 75.2557 0
      vertex 112.503 75.201 0
    endloop
  endfacet
  facet normal 0 0 -1
    outer loop
      vertex 111.75 77.7908 0
      vertex 112.503 75.201 0
      vertex 112.35 75.1258 0
    endloop
  endfacet
  facet normal 0 0 -1
    outer loop
      vertex 111.75 77.7908 0
      vertex 112.35 75.1258 0
      vertex 112.209 75.0314 0
    endloop
  endfacet
  facet normal 0 0 -1
    outer loop
      vertex 111.75 77.7908 0
      vertex 112.209 75.0314 0
      vertex 112.081 74.9192 0
    endloop
  endfacet
  facet normal 0 0 -1
    outer loop
      vertex 111.75 77.7908 0
      vertex 112.081 74.9192 0
      vertex 111.969 74.7914 0
    endloop
  endfacet
  facet normal 0 0 -1
    outer loop
      vertex 111.75 77.7908 0
      vertex 111.969 74.7914 0
      vertex 111.874 74.65 0
    endloop
  endfacet
  facet normal 0 0 -1
    outer loop
      vertex 111.75 77.7908 0
      vertex 111.874 74.65 0
      vertex 111.799 74.4975 0
    endloop
  endfacet
  facet normal 0 0 -1
    outer loop
      vertex 114.25 77.7908 0
      vertex 111.75 77.7908 0
      vertex 114.25 119.03 0
    endloop
  endfacet
  facet normal 0 0 -1
    outer loop
      vertex 111.75 119.03 0
      vertex 114.25 119.03 0
      vertex 111.75 77.7908 0
    endloop
  endfacet
  facet normal 0 0 -1
    outer loop
      vertex 111.75 119.03 0
      vertex 148.99 125.53 0
      vertex 114.25 119.03 0
    endloop
  endfacet
  facet normal 0 0 -1
    outer loop
      vertex 45.25 119.03 0
      vertex 148.99 125.53 0
      vertex 111.75 119.03 0
    endloop
  endfacet
  facet normal -0 0 -1
    outer loop
      vertex 46.435 77.1734 0
      vertex 44.7914 75.0314 0
      vertex 46 77.4641 0
    endloop
  endfacet
  facet normal 0 0 -1
    outer loop
      vertex 44.65 75.1258 0
      vertex 46 77.4641 0
      vertex 44.7914 75.0314 0
    endloop
  endfacet
  facet normal -0 0 -1
    outer loop
      vertex 46 77.4641 0
      vertex 44.65 75.1258 0
      vertex 45.5307 77.6955 0
    endloop
  endfacet
  facet normal 0 0 -1
    outer loop
      vertex 44.4975 75.201 0
      vertex 45.5307 77.6955 0
      vertex 44.65 75.1258 0
    endloop
  endfacet
  facet normal -0 0 -1
    outer loop
      vertex 45.5307 77.6955 0
      vertex 44.4975 75.201 0
      vertex 45.25 77.7908 0
    endloop
  endfacet
  facet normal 0 0 -1
    outer loop
      vertex 44.3365 75.2557 0
      vertex 45.25 77.7908 0
      vertex 44.4975 75.201 0
    endloop
  endfacet
  facet normal 0 0 -1
    outer loop
      vertex 44.1697 75.2889 0
      vertex 45.25 77.7908 0
      vertex 44.3365 75.2557 0
    endloop
  endfacet
  facet normal 0 0 -1
    outer loop
      vertex 44 75.3 0
      vertex 45.25 77.7908 0
      vertex 44.1697 75.2889 0
    endloop
  endfacet
  facet normal -0 0 -1
    outer loop
      vertex 45.25 77.7908 0
      vertex 44 75.3 0
      vertex 42.75 77.7908 0
    endloop
  endfacet
  facet normal 0 0 -1
    outer loop
      vertex 42.75 77.7908 0
      vertex 44 75.3 0
      vertex 43.8303 75.2889 0
    endloop
  endfacet
  facet normal 0 0 -1
    outer loop
      vertex 42.75 77.7908 0
      vertex 43.8303 75.2889 0
      vertex 43.6635 75.2557 0
    endloop
  endfacet
  facet normal 0 0 -1
    outer loop
      vertex 42.75 77.7908 0
      vertex 43.6635 75.2557 0
      vertex 43.5025 75.201 0
    endloop
  endfacet
  facet normal 0 0 -1
    outer loop
      vertex 42.75 77.7908 0
      vertex 43.5025 75.201 0
      vertex 43.35 75.1258 0
    endloop
  endfacet
  facet normal 0 0 -1
    outer loop
      vertex 42.75 77.7908 0
      vertex 43.35 75.1258 0
      vertex 43.2086 75.0314 0
    endloop
  endfacet
  facet normal 0 0 -1
    outer loop
      vertex 42.75 77.7908 0
      vertex 43.2086 75.0314 0
      vertex 43.0808 74.9192 0
    endloop
  endfacet
  facet normal 0 0 -1
    outer loop
      vertex 42.75 77.7908 0
      vertex 43.0808 74.9192 0
      vertex 42.9686 74.7914 0
    endloop
  endfacet
  facet normal 0 0 -1
    outer loop
      vertex 42.75 77.7908 0
      vertex 42.9686 74.7914 0
      vertex 42.8742 74.65 0
    endloop
  endfacet
  facet normal 0 0 -1
    outer loop
      vertex 42.75 77.7908 0
      vertex 42.8742 74.65 0
      vertex 42.799 74.4975 0
    endloop
  endfacet
  facet normal 0 0 -1
    outer loop
      vertex 45.25 77.7908 0
      vertex 42.75 77.7908 0
      vertex 45.25 119.03 0
    endloop
  endfacet
  facet normal 0 0 -1
    outer loop
      vertex 42.75 119.03 0
      vertex 45.25 119.03 0
      vertex 42.75 77.7908 0
    endloop
  endfacet
  facet normal 0 0 -1
    outer loop
      vertex 6 125.53 0
      vertex 45.25 119.03 0
      vertex 42.75 119.03 0
    endloop
  endfacet
  facet normal 0 0 -1
    outer loop
      vertex 6 125.53 0
      vertex 42.75 119.03 0
      vertex 6.5 119.03 0
    endloop
  endfacet
  facet normal 0 0 -1
    outer loop
      vertex 45.25 119.03 0
      vertex 6 125.53 0
      vertex 148.99 125.53 0
    endloop
  endfacet
  facet normal 0 0 -1
    outer loop
      vertex 6.5 72.75 0
      vertex 0 119.53 0
      vertex 6.5 75.25 0
    endloop
  endfacet
  facet normal 0 0 -1
    outer loop
      vertex 4.44708 0.204453 0
      vertex 6.5 6.5 0
      vertex 5.21684 0.0513306 0
    endloop
  endfacet
  facet normal 0 0 -1
    outer loop
      vertex 6.5 75.25 0
      vertex 0 119.53 0
      vertex 6.5 119.03 0
    endloop
  endfacet
  facet normal 0 0 -1
    outer loop
      vertex 3.7039 0.456726 0
      vertex 6.5 6.5 0
      vertex 4.44708 0.204453 0
    endloop
  endfacet
  facet normal 0 -0 -1
    outer loop
      vertex 0.0513306 120.313 0
      vertex 6.5 119.03 0
      vertex 0 119.53 0
    endloop
  endfacet
  facet normal 0 0 -1
    outer loop
      vertex 3 0.803848 0
      vertex 6.5 6.5 0
      vertex 3.7039 0.456726 0
    endloop
  endfacet
  facet normal 0 0 -1
    outer loop
      vertex 6.5 119.03 0
      vertex 5.21684 125.479 0
      vertex 6 125.53 0
    endloop
  endfacet
  facet normal 0 0 -1
    outer loop
      vertex 2.34743 1.23988 0
      vertex 6.5 6.5 0
      vertex 3 0.803848 0
    endloop
  endfacet
  facet normal 0 0 -1
    outer loop
      vertex 6.5 119.03 0
      vertex 4.44708 125.326 0
      vertex 5.21684 125.479 0
    endloop
  endfacet
  facet normal 0 0 -1
    outer loop
      vertex 1.75735 1.75735 0
      vertex 6.5 6.5 0
      vertex 2.34743 1.23988 0
    endloop
  endfacet
  facet normal 0 0 -1
    outer loop
      vertex 6.5 119.03 0
      vertex 3.7039 125.073 0
      vertex 4.44708 125.326 0
    endloop
  endfacet
  facet normal 0 0 -1
    outer loop
      vertex 1.23988 2.34743 0
      vertex 6.5 6.5 0
      vertex 1.75735 1.75735 0
    endloop
  endfacet
  facet normal 0 0 -1
    outer loop
      vertex 6.5 119.03 0
      vertex 3 124.726 0
      vertex 3.7039 125.073 0
    endloop
  endfacet
  facet normal 0 0 -1
    outer loop
      vertex 0.803848 3 0
      vertex 6.5 6.5 0
      vertex 1.23988 2.34743 0
    endloop
  endfacet
  facet normal 0 0 -1
    outer loop
      vertex 6.5 119.03 0
      vertex 2.34743 124.29 0
      vertex 3 124.726 0
    endloop
  endfacet
  facet normal 0 0 -1
    outer loop
      vertex 0.456726 3.7039 0
      vertex 6.5 6.5 0
      vertex 0.803848 3 0
    endloop
  endfacet
  facet normal 0 0 -1
    outer loop
      vertex 6.5 119.03 0
      vertex 1.75735 123.773 0
      vertex 2.34743 124.29 0
    endloop
  endfacet
  facet normal 0 0 -1
    outer loop
      vertex 0.204453 4.44708 0
      vertex 6.5 6.5 0
      vertex 0.456726 3.7039 0
    endloop
  endfacet
  facet normal 0 0 -1
    outer loop
      vertex 6.5 119.03 0
      vertex 1.23988 123.183 0
      vertex 1.75735 123.773 0
    endloop
  endfacet
  facet normal 0 0 -1
    outer loop
      vertex 0.0513306 5.21684 0
      vertex 6.5 6.5 0
      vertex 0.204453 4.44708 0
    endloop
  endfacet
  facet normal 0 0 -1
    outer loop
      vertex 6.5 119.03 0
      vertex 0.803848 122.53 0
      vertex 1.23988 123.183 0
    endloop
  endfacet
  facet normal 0 0 -1
    outer loop
      vertex 6.5 6.5 0
      vertex 0.0513306 5.21684 0
      vertex 0 6 0
    endloop
  endfacet
  facet normal 0 0 -1
    outer loop
      vertex 6.5 119.03 0
      vertex 0.456726 121.826 0
      vertex 0.803848 122.53 0
    endloop
  endfacet
  facet normal 0 0 -1
    outer loop
      vertex 6.5 119.03 0
      vertex 0.204453 121.083 0
      vertex 0.456726 121.826 0
    endloop
  endfacet
  facet normal 0 0 -1
    outer loop
      vertex 6.5 119.03 0
      vertex 0.0513306 120.313 0
      vertex 0.204453 121.083 0
    endloop
  endfacet
  facet normal 0 0 -1
    outer loop
      vertex 114.031 45.7914 0
      vertex 116.173 47.435 0
      vertex 114.126 45.65 0
    endloop
  endfacet
  facet normal -0 0 -1
    outer loop
      vertex 116.173 47.435 0
      vertex 114.031 45.7914 0
      vertex 115.828 47.8284 0
    endloop
  endfacet
  facet normal 0 0 -1
    outer loop
      vertex 113.919 45.9192 0
      vertex 115.828 47.8284 0
      vertex 114.031 45.7914 0
    endloop
  endfacet
  facet normal 0 0 -1
    outer loop
      vertex 113.791 46.0314 0
      vertex 115.435 48.1734 0
      vertex 113.919 45.9192 0
    endloop
  endfacet
  facet normal -0 0 -1
    outer loop
      vertex 115.828 47.8284 0
      vertex 113.919 45.9192 0
      vertex 115.435 48.1734 0
    endloop
  endfacet
  facet normal 0 0 -1
    outer loop
      vertex 114.031 74.7914 0
      vertex 116.173 76.435 0
      vertex 114.126 74.65 0
    endloop
  endfacet
  facet normal -0 0 -1
    outer loop
      vertex 116.173 76.435 0
      vertex 114.031 74.7914 0
      vertex 115.828 76.8284 0
    endloop
  endfacet
  facet normal 0 0 -1
    outer loop
      vertex 113.919 74.9192 0
      vertex 115.828 76.8284 0
      vertex 114.031 74.7914 0
    endloop
  endfacet
  facet normal 0 0 -1
    outer loop
      vertex 113.791 75.0314 0
      vertex 115.435 77.1734 0
      vertex 113.919 74.9192 0
    endloop
  endfacet
  facet normal -0 0 -1
    outer loop
      vertex 115.828 76.8284 0
      vertex 113.919 74.9192 0
      vertex 115.435 77.1734 0
    endloop
  endfacet
  facet normal 0.554474 -0.832201 0
    outer loop
      vertex 152.49 1.13794 0
      vertex 152.643 1.23988 13
      vertex 152.49 1.13794 13
    endloop
  endfacet
  facet normal 0.554474 -0.832201 0
    outer loop
      vertex 152.643 1.23988 13
      vertex 152.49 1.13794 0
      vertex 152.643 1.23988 0
    endloop
  endfacet
  facet normal 0.659385 -0.751806 0
    outer loop
      vertex 152.643 1.23988 0
      vertex 153.233 1.75735 13
      vertex 152.643 1.23988 13
    endloop
  endfacet
  facet normal 0.659385 -0.751806 0
    outer loop
      vertex 153.233 1.75735 13
      vertex 152.643 1.23988 0
      vertex 153.233 1.75735 0
    endloop
  endfacet
  facet normal 0.752147 -0.658995 0
    outer loop
      vertex 153.233 1.75735 13
      vertex 153.75 2.34743 0
      vertex 153.75 2.34743 13
    endloop
  endfacet
  facet normal 0.752147 -0.658995 0
    outer loop
      vertex 153.75 2.34743 0
      vertex 153.233 1.75735 13
      vertex 153.233 1.75735 0
    endloop
  endfacet
  facet normal 0.831489 -0.555541 0
    outer loop
      vertex 153.75 2.34743 13
      vertex 154.186 3 0
      vertex 154.186 3 13
    endloop
  endfacet
  facet normal 0.831489 -0.555541 0
    outer loop
      vertex 154.186 3 0
      vertex 153.75 2.34743 13
      vertex 153.75 2.34743 0
    endloop
  endfacet
  facet normal 0.896936 -0.44216 0
    outer loop
      vertex 154.186 3 13
      vertex 154.533 3.7039 0
      vertex 154.533 3.7039 13
    endloop
  endfacet
  facet normal 0.896936 -0.44216 0
    outer loop
      vertex 154.533 3.7039 0
      vertex 154.186 3 13
      vertex 154.186 3 0
    endloop
  endfacet
  facet normal 0.946649 -0.322267 0
    outer loop
      vertex 154.533 3.7039 13
      vertex 154.786 4.44708 0
      vertex 154.786 4.44708 13
    endloop
  endfacet
  facet normal 0.946649 -0.322267 0
    outer loop
      vertex 154.786 4.44708 0
      vertex 154.533 3.7039 13
      vertex 154.533 3.7039 0
    endloop
  endfacet
  facet normal 0.980813 -0.19495 0
    outer loop
      vertex 154.786 4.44708 13
      vertex 154.939 5.21684 0
      vertex 154.939 5.21684 13
    endloop
  endfacet
  facet normal 0.980813 -0.19495 0
    outer loop
      vertex 154.939 5.21684 0
      vertex 154.786 4.44708 13
      vertex 154.786 4.44708 0
    endloop
  endfacet
  facet normal 0.997886 -0.0649832 0
    outer loop
      vertex 154.939 5.21684 13
      vertex 154.99 6 0
      vertex 154.99 6 13
    endloop
  endfacet
  facet normal 0.997886 -0.0649832 0
    outer loop
      vertex 154.99 6 0
      vertex 154.939 5.21684 13
      vertex 154.939 5.21684 0
    endloop
  endfacet
  facet normal 1 0 0
    outer loop
      vertex 154.99 116.4 13
      vertex 154.99 119.53 25.0304
      vertex 154.99 116.4 25.0304
    endloop
  endfacet
  facet normal 1 0 0
    outer loop
      vertex 154.99 119.53 25.0304
      vertex 154.99 116.4 13
      vertex 154.99 119.53 0
    endloop
  endfacet
  facet normal 1 0 0
    outer loop
      vertex 154.99 6 0
      vertex 154.99 116.4 13
      vertex 154.99 6 13
    endloop
  endfacet
  facet normal 1 0 0
    outer loop
      vertex 154.99 116.4 13
      vertex 154.99 6 0
      vertex 154.99 119.53 0
    endloop
  endfacet
  facet normal 0.997886 0.0649964 0
    outer loop
      vertex 154.99 119.53 25.0304
      vertex 154.939 120.313 0
      vertex 154.939 120.313 25.0241
    endloop
  endfacet
  facet normal 0.997886 0.0649964 0
    outer loop
      vertex 154.939 120.313 0
      vertex 154.99 119.53 25.0304
      vertex 154.99 119.53 0
    endloop
  endfacet
  facet normal 0.980825 0.194891 -0
    outer loop
      vertex 154.939 120.313 0
      vertex 154.786 121.083 25.0053
      vertex 154.939 120.313 25.0241
    endloop
  endfacet
  facet normal 0.980825 0.194891 0
    outer loop
      vertex 154.786 121.083 25.0053
      vertex 154.939 120.313 0
      vertex 154.786 121.083 0
    endloop
  endfacet
  facet normal 0.946625 0.322337 -0
    outer loop
      vertex 154.786 121.083 0
      vertex 154.533 121.826 24.9743
      vertex 154.786 121.083 25.0053
    endloop
  endfacet
  facet normal 0.946625 0.322337 0
    outer loop
      vertex 154.533 121.826 24.9743
      vertex 154.786 121.083 0
      vertex 154.533 121.826 0
    endloop
  endfacet
  facet normal 0.896961 0.44211 -0
    outer loop
      vertex 154.533 121.826 0
      vertex 154.186 122.53 24.9317
      vertex 154.533 121.826 24.9743
    endloop
  endfacet
  facet normal 0.896961 0.44211 0
    outer loop
      vertex 154.186 122.53 24.9317
      vertex 154.533 121.826 0
      vertex 154.186 122.53 0
    endloop
  endfacet
  facet normal 0.831658 0.555288 -0
    outer loop
      vertex 154.186 122.53 0
      vertex 153.75 123.183 24.8781
      vertex 154.186 122.53 24.9317
    endloop
  endfacet
  facet normal 0.831658 0.555288 0
    outer loop
      vertex 153.75 123.183 24.8781
      vertex 154.186 122.53 0
      vertex 153.75 123.183 0
    endloop
  endfacet
  facet normal 0.752103 0.659046 -0
    outer loop
      vertex 153.75 123.183 0
      vertex 153.233 123.773 24.8146
      vertex 153.75 123.183 24.8781
    endloop
  endfacet
  facet normal 0.752103 0.659046 0
    outer loop
      vertex 153.233 123.773 24.8146
      vertex 153.75 123.183 0
      vertex 153.233 123.773 0
    endloop
  endfacet
  facet normal 0.659046 0.752103 -0
    outer loop
      vertex 153.233 123.773 0
      vertex 152.643 124.29 24.7421
      vertex 153.233 123.773 24.8146
    endloop
  endfacet
  facet normal 0.659046 0.752103 0
    outer loop
      vertex 152.643 124.29 24.7421
      vertex 153.233 123.773 0
      vertex 152.643 124.29 0
    endloop
  endfacet
  facet normal 0.555288 0.831658 -0
    outer loop
      vertex 152.643 124.29 0
      vertex 151.99 124.726 24.662
      vertex 152.643 124.29 24.7421
    endloop
  endfacet
  facet normal 0.555288 0.831658 0
    outer loop
      vertex 151.99 124.726 24.662
      vertex 152.643 124.29 0
      vertex 151.99 124.726 0
    endloop
  endfacet
  facet normal 0.44211 0.896961 -0
    outer loop
      vertex 151.99 124.726 0
      vertex 151.286 125.073 24.5756
      vertex 151.99 124.726 24.662
    endloop
  endfacet
  facet normal 0.44211 0.896961 0
    outer loop
      vertex 151.286 125.073 24.5756
      vertex 151.99 124.726 0
      vertex 151.286 125.073 0
    endloop
  endfacet
  facet normal 0.322337 0.946625 -0
    outer loop
      vertex 151.286 125.073 0
      vertex 150.543 125.326 24.4843
      vertex 151.286 125.073 24.5756
    endloop
  endfacet
  facet normal 0.322337 0.946625 0
    outer loop
      vertex 150.543 125.326 24.4843
      vertex 151.286 125.073 0
      vertex 150.543 125.326 0
    endloop
  endfacet
  facet normal 0.194891 0.980825 -0
    outer loop
      vertex 150.543 125.326 0
      vertex 149.773 125.479 24.3898
      vertex 150.543 125.326 24.4843
    endloop
  endfacet
  facet normal 0.194891 0.980825 0
    outer loop
      vertex 149.773 125.479 24.3898
      vertex 150.543 125.326 0
      vertex 149.773 125.479 0
    endloop
  endfacet
  facet normal 0.0649964 0.997886 -0
    outer loop
      vertex 149.773 125.479 0
      vertex 148.99 125.53 24.2937
      vertex 149.773 125.479 24.3898
    endloop
  endfacet
  facet normal 0.0649964 0.997886 0
    outer loop
      vertex 148.99 125.53 24.2937
      vertex 149.773 125.479 0
      vertex 148.99 125.53 0
    endloop
  endfacet
  facet normal 0 1 -0
    outer loop
      vertex 148.99 125.53 0
      vertex 6 125.53 6.73671
      vertex 148.99 125.53 24.2937
    endloop
  endfacet
  facet normal 0 1 0
    outer loop
      vertex 6 125.53 6.73671
      vertex 148.99 125.53 0
      vertex 6 125.53 0
    endloop
  endfacet
  facet normal -0.0649832 0.997886 0
    outer loop
      vertex 6 125.53 0
      vertex 5.21684 125.479 6.64055
      vertex 6 125.53 6.73671
    endloop
  endfacet
  facet normal -0.0649832 0.997886 0
    outer loop
      vertex 5.21684 125.479 6.64055
      vertex 6 125.53 0
      vertex 5.21684 125.479 0
    endloop
  endfacet
  facet normal -0.19495 0.980813 0
    outer loop
      vertex 5.21684 125.479 0
      vertex 4.44708 125.326 6.54603
      vertex 5.21684 125.479 6.64055
    endloop
  endfacet
  facet normal -0.19495 0.980813 0
    outer loop
      vertex 4.44708 125.326 6.54603
      vertex 5.21684 125.479 0
      vertex 4.44708 125.326 0
    endloop
  endfacet
  facet normal -0.322267 0.946649 0
    outer loop
      vertex 4.44708 125.326 0
      vertex 3.7039 125.073 6.45478
      vertex 4.44708 125.326 6.54603
    endloop
  endfacet
  facet normal -0.322267 0.946649 0
    outer loop
      vertex 3.7039 125.073 6.45478
      vertex 4.44708 125.326 0
      vertex 3.7039 125.073 0
    endloop
  endfacet
  facet normal -0.44216 0.896936 0
    outer loop
      vertex 3.7039 125.073 0
      vertex 3 124.726 6.36835
      vertex 3.7039 125.073 6.45478
    endloop
  endfacet
  facet normal -0.44216 0.896936 0
    outer loop
      vertex 3 124.726 6.36835
      vertex 3.7039 125.073 0
      vertex 3 124.726 0
    endloop
  endfacet
  facet normal -0.555541 0.831489 0
    outer loop
      vertex 3 124.726 0
      vertex 2.34743 124.29 6.28823
      vertex 3 124.726 6.36835
    endloop
  endfacet
  facet normal -0.555541 0.831489 0
    outer loop
      vertex 2.34743 124.29 6.28823
      vertex 3 124.726 0
      vertex 2.34743 124.29 0
    endloop
  endfacet
  facet normal -0.658995 0.752147 0
    outer loop
      vertex 2.34743 124.29 0
      vertex 1.75735 123.773 6.21578
      vertex 2.34743 124.29 6.28823
    endloop
  endfacet
  facet normal -0.658995 0.752147 0
    outer loop
      vertex 1.75735 123.773 6.21578
      vertex 2.34743 124.29 0
      vertex 1.75735 123.773 0
    endloop
  endfacet
  facet normal -0.751806 0.659385 0
    outer loop
      vertex 1.23988 123.183 6.15224
      vertex 1.75735 123.773 0
      vertex 1.23988 123.183 0
    endloop
  endfacet
  facet normal -0.751806 0.659385 0
    outer loop
      vertex 1.75735 123.773 0
      vertex 1.23988 123.183 6.15224
      vertex 1.75735 123.773 6.21578
    endloop
  endfacet
  facet normal -0.831639 0.555316 0
    outer loop
      vertex 0.803848 122.53 6.0987
      vertex 1.23988 123.183 0
      vertex 0.803848 122.53 0
    endloop
  endfacet
  facet normal -0.831639 0.555316 0
    outer loop
      vertex 1.23988 123.183 0
      vertex 0.803848 122.53 6.0987
      vertex 1.23988 123.183 6.15224
    endloop
  endfacet
  facet normal -0.896899 0.442235 0
    outer loop
      vertex 0.456726 121.826 6.05608
      vertex 0.803848 122.53 0
      vertex 0.456726 121.826 0
    endloop
  endfacet
  facet normal -0.896899 0.442235 0
    outer loop
      vertex 0.803848 122.53 0
      vertex 0.456726 121.826 6.05608
      vertex 0.803848 122.53 6.0987
    endloop
  endfacet
  facet normal -0.946907 0.321506 0
    outer loop
      vertex 0.204453 121.083 6.0251
      vertex 0.456726 121.826 0
      vertex 0.204453 121.083 0
    endloop
  endfacet
  facet normal -0.946907 0.321506 0
    outer loop
      vertex 0.456726 121.826 0
      vertex 0.204453 121.083 6.0251
      vertex 0.456726 121.826 6.05608
    endloop
  endfacet
  facet normal -0.980795 0.195041 0
    outer loop
      vertex 0.0513306 120.313 6.0063
      vertex 0.204453 121.083 0
      vertex 0.0513306 120.313 0
    endloop
  endfacet
  facet normal -0.980795 0.195041 0
    outer loop
      vertex 0.204453 121.083 0
      vertex 0.0513306 120.313 6.0063
      vertex 0.204453 121.083 6.0251
    endloop
  endfacet
  facet normal -0.997858 0.0654159 0
    outer loop
      vertex 0 119.53 0
      vertex 0.0513306 120.313 6.0063
      vertex 0.0513306 120.313 0
    endloop
  endfacet
  facet normal -0.997858 0.0654159 0
    outer loop
      vertex 0.0513306 120.313 6.0063
      vertex 0 119.53 0
      vertex 0 119.53 6
    endloop
  endfacet
  facet normal -1 0 0
    outer loop
      vertex 0 6 0
      vertex 0 119.53 6
      vertex 0 119.53 0
    endloop
  endfacet
  facet normal -1 -0 0
    outer loop
      vertex 0 119.53 6
      vertex 0 6 0
      vertex 0 6 6
    endloop
  endfacet
  facet normal -0.997859 -0.0654026 0
    outer loop
      vertex 0.0513306 5.21684 0
      vertex 0 6 6
      vertex 0 6 0
    endloop
  endfacet
  facet normal -0.997859 -0.0654026 0
    outer loop
      vertex 0 6 6
      vertex 0.0513306 5.21684 0
      vertex 0.0513306 5.21684 6.0063
    endloop
  endfacet
  facet normal -0.980783 -0.1951 0
    outer loop
      vertex 0.204453 4.44708 0
      vertex 0.0513306 5.21684 6.0063
      vertex 0.0513306 5.21684 0
    endloop
  endfacet
  facet normal -0.980783 -0.1951 0
    outer loop
      vertex 0.0513306 5.21684 6.0063
      vertex 0.204453 4.44708 0
      vertex 0.204453 4.44708 6.0251
    endloop
  endfacet
  facet normal -0.946931 -0.321436 0
    outer loop
      vertex 0.456726 3.7039 0
      vertex 0.204453 4.44708 6.0251
      vertex 0.204453 4.44708 0
    endloop
  endfacet
  facet normal -0.946931 -0.321436 0
    outer loop
      vertex 0.204453 4.44708 6.0251
      vertex 0.456726 3.7039 0
      vertex 0.456726 3.7039 6.05608
    endloop
  endfacet
  facet normal -0.896874 -0.442286 0
    outer loop
      vertex 0.803848 3 0
      vertex 0.456726 3.7039 6.05608
      vertex 0.456726 3.7039 0
    endloop
  endfacet
  facet normal -0.896874 -0.442286 0
    outer loop
      vertex 0.456726 3.7039 6.05608
      vertex 0.803848 3 0
      vertex 0.803848 3 6.0987
    endloop
  endfacet
  facet normal -0.83147 -0.555569 0
    outer loop
      vertex 1.23988 2.34743 0
      vertex 0.803848 3 6.0987
      vertex 0.803848 3 0
    endloop
  endfacet
  facet normal -0.83147 -0.555569 0
    outer loop
      vertex 0.803848 3 6.0987
      vertex 1.23988 2.34743 0
      vertex 1.23988 2.34743 6.15224
    endloop
  endfacet
  facet normal -0.75185 -0.659334 0
    outer loop
      vertex 1.75735 1.75735 0
      vertex 1.23988 2.34743 6.15224
      vertex 1.23988 2.34743 0
    endloop
  endfacet
  facet normal -0.75185 -0.659334 0
    outer loop
      vertex 1.23988 2.34743 6.15224
      vertex 1.75735 1.75735 0
      vertex 1.75735 1.75735 6.21578
    endloop
  endfacet
  facet normal -0.659334 -0.75185 0
    outer loop
      vertex 2.34743 1.23988 0
      vertex 1.75735 1.75735 6.21578
      vertex 1.75735 1.75735 0
    endloop
  endfacet
  facet normal -0.659334 -0.75185 0
    outer loop
      vertex 1.75735 1.75735 6.21578
      vertex 2.34743 1.23988 0
      vertex 2.34743 1.23988 6.28823
    endloop
  endfacet
  facet normal -0.555569 -0.83147 0
    outer loop
      vertex 3 0.803848 0
      vertex 2.34743 1.23988 6.28823
      vertex 2.34743 1.23988 0
    endloop
  endfacet
  facet normal -0.555569 -0.83147 0
    outer loop
      vertex 2.34743 1.23988 6.28823
      vertex 3 0.803848 0
      vertex 3 0.803848 6.36835
    endloop
  endfacet
  facet normal -0.442286 -0.896874 0
    outer loop
      vertex 3.7039 0.456726 0
      vertex 3 0.803848 6.36835
      vertex 3 0.803848 0
    endloop
  endfacet
  facet normal -0.442286 -0.896874 0
    outer loop
      vertex 3 0.803848 6.36835
      vertex 3.7039 0.456726 0
      vertex 3.7039 0.456726 6.45478
    endloop
  endfacet
  facet normal -0.321436 -0.946931 0
    outer loop
      vertex 4.44708 0.204453 0
      vertex 3.7039 0.456726 6.45478
      vertex 3.7039 0.456726 0
    endloop
  endfacet
  facet normal -0.321436 -0.946931 0
    outer loop
      vertex 3.7039 0.456726 6.45478
      vertex 4.44708 0.204453 0
      vertex 4.44708 0.204453 6.54603
    endloop
  endfacet
  facet normal -0.1951 -0.980783 0
    outer loop
      vertex 5.21684 0.0513306 0
      vertex 4.44708 0.204453 6.54603
      vertex 4.44708 0.204453 0
    endloop
  endfacet
  facet normal -0.1951 -0.980783 0
    outer loop
      vertex 4.44708 0.204453 6.54603
      vertex 5.21684 0.0513306 0
      vertex 5.21684 0.0513306 6.64055
    endloop
  endfacet
  facet normal -0.0654026 -0.997859 0
    outer loop
      vertex 6 0 0
      vertex 5.21684 0.0513306 6.64055
      vertex 5.21684 0.0513306 0
    endloop
  endfacet
  facet normal -0.0654026 -0.997859 0
    outer loop
      vertex 5.21684 0.0513306 6.64055
      vertex 6 0 0
      vertex 6 0 6.73671
    endloop
  endfacet
  facet normal 0 -1 0
    outer loop
      vertex 6 0 6.73671
      vertex 13.5 0 5.15759
      vertex 13.5 0 7.65759
    endloop
  endfacet
  facet normal 0 -1 -0
    outer loop
      vertex 13.5 0 5.15759
      vertex 6 0 0
      vertex 46 0 3.04809
    endloop
  endfacet
  facet normal 0 -1 0
    outer loop
      vertex 6 0 0
      vertex 13.5 0 5.15759
      vertex 6 0 6.73671
    endloop
  endfacet
  facet normal 0 -1 -0
    outer loop
      vertex 46 0 9.14809
      vertex 13.5 0 5.15759
      vertex 46 0 3.04809
    endloop
  endfacet
  facet normal 0 -1 0
    outer loop
      vertex 46 0 3.04809
      vertex 143.49 0 13
      vertex 143.49 0 15.0184
    endloop
  endfacet
  facet normal 0 -1 0
    outer loop
      vertex 152.49 0 0
      vertex 143.49 0 13
      vertex 46 0 3.04809
    endloop
  endfacet
  facet normal 0 -1 0
    outer loop
      vertex 143.49 0 13
      vertex 152.49 0 0
      vertex 152.49 0 13
    endloop
  endfacet
  facet normal 0 -1 0
    outer loop
      vertex 152.49 0 0
      vertex 46 0 3.04809
      vertex 6 0 0
    endloop
  endfacet
  facet normal 0.0653984 0.997859 -0
    outer loop
      vertex 6.0818 2.5 2.14675
      vertex 5.54395 2.53525 6.68071
      vertex 6.0818 2.5 6.74675
    endloop
  endfacet
  facet normal 0.0653984 0.997859 0
    outer loop
      vertex 5.54395 2.53525 6.68071
      vertex 6.0818 2.5 2.14675
      vertex 5.54395 2.53525 2.08071
    endloop
  endfacet
  facet normal 0.195111 0.980781 -0
    outer loop
      vertex 5.54395 2.53525 2.08071
      vertex 5.09546 2.62447 6.62564
      vertex 5.54395 2.53525 6.68071
    endloop
  endfacet
  facet normal 0.195111 0.980781 0
    outer loop
      vertex 5.09546 2.62447 6.62564
      vertex 5.54395 2.53525 2.08071
      vertex 5.09546 2.62447 2.02564
    endloop
  endfacet
  facet normal 0.321409 0.946941 -0
    outer loop
      vertex 5.09546 2.62447 2.02564
      vertex 4.66269 2.77136 6.57251
      vertex 5.09546 2.62447 6.62564
    endloop
  endfacet
  facet normal 0.321409 0.946941 0
    outer loop
      vertex 4.66269 2.77136 6.57251
      vertex 5.09546 2.62447 2.02564
      vertex 4.66269 2.77136 1.97251
    endloop
  endfacet
  facet normal 0.442307 0.896864 -0
    outer loop
      vertex 4.66269 2.77136 1.97251
      vertex 4.25269 2.97356 6.52216
      vertex 4.66269 2.77136 6.57251
    endloop
  endfacet
  facet normal 0.442307 0.896864 0
    outer loop
      vertex 4.25269 2.97356 6.52216
      vertex 4.66269 2.77136 1.97251
      vertex 4.25269 2.97356 1.92216
    endloop
  endfacet
  facet normal 0.555563 0.831474 -0
    outer loop
      vertex 4.25269 2.97356 1.92216
      vertex 3.87253 3.22757 6.47549
      vertex 4.25269 2.97356 6.52216
    endloop
  endfacet
  facet normal 0.555563 0.831474 0
    outer loop
      vertex 3.87253 3.22757 6.47549
      vertex 4.25269 2.97356 1.92216
      vertex 3.87253 3.22757 1.87549
    endloop
  endfacet
  facet normal 0.659361 0.751827 -0
    outer loop
      vertex 3.87253 3.22757 1.87549
      vertex 3.52892 3.52892 6.4333
      vertex 3.87253 3.22757 6.47549
    endloop
  endfacet
  facet normal 0.659361 0.751827 0
    outer loop
      vertex 3.52892 3.52892 6.4333
      vertex 3.87253 3.22757 1.87549
      vertex 3.52892 3.52892 1.8333
    endloop
  endfacet
  facet normal 0.751827 0.659361 -0
    outer loop
      vertex 3.52892 3.52892 1.8333
      vertex 3.22757 3.87253 6.3963
      vertex 3.52892 3.52892 6.4333
    endloop
  endfacet
  facet normal 0.751827 0.659361 0
    outer loop
      vertex 3.22757 3.87253 6.3963
      vertex 3.52892 3.52892 1.8333
      vertex 3.22757 3.87253 1.7963
    endloop
  endfacet
  facet normal 0.831474 0.555563 -0
    outer loop
      vertex 3.22757 3.87253 1.7963
      vertex 2.97356 4.25269 6.36511
      vertex 3.22757 3.87253 6.3963
    endloop
  endfacet
  facet normal 0.831474 0.555563 0
    outer loop
      vertex 2.97356 4.25269 6.36511
      vertex 3.22757 3.87253 1.7963
      vertex 2.97356 4.25269 1.76511
    endloop
  endfacet
  facet normal 0.896864 0.442307 -0
    outer loop
      vertex 2.97356 4.25269 1.76511
      vertex 2.77136 4.66269 6.34028
      vertex 2.97356 4.25269 6.36511
    endloop
  endfacet
  facet normal 0.896864 0.442307 0
    outer loop
      vertex 2.77136 4.66269 6.34028
      vertex 2.97356 4.25269 1.76511
      vertex 2.77136 4.66269 1.74028
    endloop
  endfacet
  facet normal 0.946941 0.321409 -0
    outer loop
      vertex 2.77136 4.66269 1.74028
      vertex 2.62447 5.09546 6.32224
      vertex 2.77136 4.66269 6.34028
    endloop
  endfacet
  facet normal 0.946941 0.321409 0
    outer loop
      vertex 2.62447 5.09546 6.32224
      vertex 2.77136 4.66269 1.74028
      vertex 2.62447 5.09546 1.72224
    endloop
  endfacet
  facet normal 0.980781 0.195111 -0
    outer loop
      vertex 2.62447 5.09546 1.72224
      vertex 2.53525 5.54395 6.31129
      vertex 2.62447 5.09546 6.32224
    endloop
  endfacet
  facet normal 0.980781 0.195111 0
    outer loop
      vertex 2.53525 5.54395 6.31129
      vertex 2.62447 5.09546 1.72224
      vertex 2.53525 5.54395 1.71129
    endloop
  endfacet
  facet normal 0.997859 0.0653984 -0
    outer loop
      vertex 2.53525 5.54395 1.71129
      vertex 2.5 6.0818 6.30696
      vertex 2.53525 5.54395 6.31129
    endloop
  endfacet
  facet normal 0.997859 0.0653984 0
    outer loop
      vertex 2.5 6.0818 6.30696
      vertex 2.53525 5.54395 1.71129
      vertex 2.5 6.0818 1.70696
    endloop
  endfacet
  facet normal 1 -0 0
    outer loop
      vertex 2.5 6.0818 6.30696
      vertex 2.5 119.448 1.70696
      vertex 2.5 119.448 6.30696
    endloop
  endfacet
  facet normal 1 0 0
    outer loop
      vertex 2.5 119.448 1.70696
      vertex 2.5 6.0818 6.30696
      vertex 2.5 6.0818 1.70696
    endloop
  endfacet
  facet normal 0.99786 -0.0653803 0
    outer loop
      vertex 2.5 119.448 6.30696
      vertex 2.53525 119.986 1.71129
      vertex 2.53525 119.986 6.31129
    endloop
  endfacet
  facet normal 0.99786 -0.0653803 0
    outer loop
      vertex 2.53525 119.986 1.71129
      vertex 2.5 119.448 6.30696
      vertex 2.5 119.448 1.70696
    endloop
  endfacet
  facet normal 0.980824 -0.194898 0
    outer loop
      vertex 2.53525 119.986 6.31129
      vertex 2.62447 120.435 1.72224
      vertex 2.62447 120.435 6.32224
    endloop
  endfacet
  facet normal 0.980824 -0.194898 0
    outer loop
      vertex 2.62447 120.435 1.72224
      vertex 2.53525 119.986 6.31129
      vertex 2.53525 119.986 1.71129
    endloop
  endfacet
  facet normal 0.946766 -0.321922 0
    outer loop
      vertex 2.62447 120.435 6.32224
      vertex 2.77136 120.867 1.74028
      vertex 2.77136 120.867 6.34028
    endloop
  endfacet
  facet normal 0.946766 -0.321922 0
    outer loop
      vertex 2.77136 120.867 1.74028
      vertex 2.62447 120.435 6.32224
      vertex 2.62447 120.435 1.72224
    endloop
  endfacet
  facet normal 0.896864 -0.442307 0
    outer loop
      vertex 2.77136 120.867 6.34028
      vertex 2.97356 121.277 1.76511
      vertex 2.97356 121.277 6.36511
    endloop
  endfacet
  facet normal 0.896864 -0.442307 0
    outer loop
      vertex 2.97356 121.277 1.76511
      vertex 2.77136 120.867 6.34028
      vertex 2.77136 120.867 1.74028
    endloop
  endfacet
  facet normal 0.831366 -0.555725 0
    outer loop
      vertex 2.97356 121.277 6.36511
      vertex 3.22757 121.657 1.7963
      vertex 3.22757 121.657 6.3963
    endloop
  endfacet
  facet normal 0.831366 -0.555725 0
    outer loop
      vertex 3.22757 121.657 1.7963
      vertex 2.97356 121.277 6.36511
      vertex 2.97356 121.277 1.76511
    endloop
  endfacet
  facet normal 0.752197 -0.658938 0
    outer loop
      vertex 3.22757 121.657 6.3963
      vertex 3.52892 122.001 1.8333
      vertex 3.52892 122.001 6.4333
    endloop
  endfacet
  facet normal 0.752197 -0.658938 0
    outer loop
      vertex 3.52892 122.001 1.8333
      vertex 3.22757 121.657 6.3963
      vertex 3.22757 121.657 1.7963
    endloop
  endfacet
  facet normal 0.658928 -0.752206 0
    outer loop
      vertex 3.52892 122.001 6.4333
      vertex 3.87253 122.302 1.87549
      vertex 3.87253 122.302 6.47549
    endloop
  endfacet
  facet normal 0.658928 -0.752206 0
    outer loop
      vertex 3.87253 122.302 1.87549
      vertex 3.52892 122.001 6.4333
      vertex 3.52892 122.001 1.8333
    endloop
  endfacet
  facet normal 0.555548 -0.831485 0
    outer loop
      vertex 3.87253 122.302 6.47549
      vertex 4.25269 122.556 1.92216
      vertex 4.25269 122.556 6.52216
    endloop
  endfacet
  facet normal 0.555548 -0.831485 0
    outer loop
      vertex 4.25269 122.556 1.92216
      vertex 3.87253 122.302 6.47549
      vertex 3.87253 122.302 1.87549
    endloop
  endfacet
  facet normal 0.443713 -0.896169 0
    outer loop
      vertex 4.25269 122.556 6.52216
      vertex 4.66269 122.759 1.97251
      vertex 4.66269 122.759 6.57251
    endloop
  endfacet
  facet normal 0.443713 -0.896169 0
    outer loop
      vertex 4.66269 122.759 1.97251
      vertex 4.25269 122.556 6.52216
      vertex 4.25269 122.556 1.92216
    endloop
  endfacet
  facet normal 0.321625 -0.946867 0
    outer loop
      vertex 4.66269 122.759 6.57251
      vertex 5.09546 122.906 2.02564
      vertex 5.09546 122.906 6.62564
    endloop
  endfacet
  facet normal 0.321625 -0.946867 0
    outer loop
      vertex 5.09546 122.906 2.02564
      vertex 4.66269 122.759 6.57251
      vertex 4.66269 122.759 1.97251
    endloop
  endfacet
  facet normal 0.194648 -0.980873 0
    outer loop
      vertex 5.09546 122.906 6.62564
      vertex 5.54395 122.995 2.08071
      vertex 5.54395 122.995 6.68071
    endloop
  endfacet
  facet normal 0.194648 -0.980873 0
    outer loop
      vertex 5.54395 122.995 2.08071
      vertex 5.09546 122.906 6.62564
      vertex 5.09546 122.906 2.02564
    endloop
  endfacet
  facet normal 0.0649366 -0.997889 0
    outer loop
      vertex 5.54395 122.995 6.68071
      vertex 6.0818 123.03 2.14675
      vertex 6.0818 123.03 6.74675
    endloop
  endfacet
  facet normal 0.0649366 -0.997889 0
    outer loop
      vertex 6.0818 123.03 2.14675
      vertex 5.54395 122.995 6.68071
      vertex 5.54395 122.995 2.08071
    endloop
  endfacet
  facet normal 0 -1 0
    outer loop
      vertex 6.0818 123.03 6.74675
      vertex 148.908 123.03 19.6836
      vertex 148.908 123.03 24.2836
    endloop
  endfacet
  facet normal 0 -1 0
    outer loop
      vertex 148.908 123.03 19.6836
      vertex 6.0818 123.03 6.74675
      vertex 6.0818 123.03 2.14675
    endloop
  endfacet
  facet normal -0.0649185 -0.997891 0
    outer loop
      vertex 148.908 123.03 24.2836
      vertex 149.446 122.995 19.7497
      vertex 149.446 122.995 24.3497
    endloop
  endfacet
  facet normal -0.0649185 -0.997891 0
    outer loop
      vertex 149.446 122.995 19.7497
      vertex 148.908 123.03 24.2836
      vertex 148.908 123.03 19.6836
    endloop
  endfacet
  facet normal -0.194435 -0.980915 0
    outer loop
      vertex 149.446 122.995 24.3497
      vertex 149.895 122.906 19.8047
      vertex 149.895 122.906 24.4047
    endloop
  endfacet
  facet normal -0.194435 -0.980915 0
    outer loop
      vertex 149.895 122.906 19.8047
      vertex 149.446 122.995 24.3497
      vertex 149.446 122.995 19.7497
    endloop
  endfacet
  facet normal -0.322138 -0.946693 0
    outer loop
      vertex 149.895 122.906 24.4047
      vertex 150.327 122.759 19.8579
      vertex 150.327 122.759 24.4579
    endloop
  endfacet
  facet normal -0.322138 -0.946693 0
    outer loop
      vertex 150.327 122.759 19.8579
      vertex 149.895 122.906 24.4047
      vertex 149.895 122.906 19.8047
    endloop
  endfacet
  facet normal -0.443713 -0.896169 0
    outer loop
      vertex 150.327 122.759 24.4579
      vertex 150.737 122.556 19.9082
      vertex 150.737 122.556 24.5082
    endloop
  endfacet
  facet normal -0.443713 -0.896169 0
    outer loop
      vertex 150.737 122.556 19.9082
      vertex 150.327 122.759 24.4579
      vertex 150.327 122.759 19.8579
    endloop
  endfacet
  facet normal -0.55571 -0.831377 0
    outer loop
      vertex 150.737 122.556 24.5082
      vertex 151.117 122.302 19.9549
      vertex 151.117 122.302 24.5549
    endloop
  endfacet
  facet normal -0.55571 -0.831377 0
    outer loop
      vertex 151.117 122.302 19.9549
      vertex 150.737 122.556 24.5082
      vertex 150.737 122.556 19.9082
    endloop
  endfacet
  facet normal -0.658505 -0.752577 0
    outer loop
      vertex 151.117 122.302 24.5549
      vertex 151.461 122.001 19.9971
      vertex 151.461 122.001 24.5971
    endloop
  endfacet
  facet normal -0.658505 -0.752577 0
    outer loop
      vertex 151.461 122.001 19.9971
      vertex 151.117 122.302 24.5549
      vertex 151.117 122.302 19.9549
    endloop
  endfacet
  facet normal -0.752577 -0.658505 0
    outer loop
      vertex 151.762 121.657 20.0341
      vertex 151.461 122.001 24.5971
      vertex 151.461 122.001 19.9971
    endloop
  endfacet
  facet normal -0.752577 -0.658505 0
    outer loop
      vertex 151.461 122.001 24.5971
      vertex 151.762 121.657 20.0341
      vertex 151.762 121.657 24.6341
    endloop
  endfacet
  facet normal -0.831377 -0.55571 0
    outer loop
      vertex 152.016 121.277 20.0653
      vertex 151.762 121.657 24.6341
      vertex 151.762 121.657 20.0341
    endloop
  endfacet
  facet normal -0.831377 -0.55571 0
    outer loop
      vertex 151.762 121.657 24.6341
      vertex 152.016 121.277 20.0653
      vertex 152.016 121.277 24.6653
    endloop
  endfacet
  facet normal -0.896169 -0.443713 0
    outer loop
      vertex 152.219 120.867 20.0901
      vertex 152.016 121.277 24.6653
      vertex 152.016 121.277 20.0653
    endloop
  endfacet
  facet normal -0.896169 -0.443713 0
    outer loop
      vertex 152.016 121.277 24.6653
      vertex 152.219 120.867 20.0901
      vertex 152.219 120.867 24.6901
    endloop
  endfacet
  facet normal -0.946693 -0.322138 0
    outer loop
      vertex 152.366 120.435 20.1081
      vertex 152.219 120.867 24.6901
      vertex 152.219 120.867 20.0901
    endloop
  endfacet
  facet normal -0.946693 -0.322138 0
    outer loop
      vertex 152.219 120.867 24.6901
      vertex 152.366 120.435 20.1081
      vertex 152.366 120.435 24.7081
    endloop
  endfacet
  facet normal -0.980915 -0.194435 0
    outer loop
      vertex 152.455 119.986 20.1191
      vertex 152.366 120.435 24.7081
      vertex 152.366 120.435 20.1081
    endloop
  endfacet
  facet normal -0.980915 -0.194435 0
    outer loop
      vertex 152.366 120.435 24.7081
      vertex 152.455 119.986 20.1191
      vertex 152.455 119.986 24.7191
    endloop
  endfacet
  facet normal -0.997891 -0.0649185 0
    outer loop
      vertex 152.49 119.448 20.1234
      vertex 152.455 119.986 24.7191
      vertex 152.455 119.986 20.1191
    endloop
  endfacet
  facet normal -0.997891 -0.0649185 0
    outer loop
      vertex 152.455 119.986 24.7191
      vertex 152.49 119.448 20.1234
      vertex 152.49 119.448 24.7234
    endloop
  endfacet
  facet normal -1 0 0
    outer loop
      vertex 152.49 116.4 20.1234
      vertex 152.49 119.448 24.7234
      vertex 152.49 119.448 20.1234
    endloop
  endfacet
  facet normal -1 -0 0
    outer loop
      vertex 152.49 119.448 24.7234
      vertex 152.49 116.4 20.1234
      vertex 152.49 116.4 24.7234
    endloop
  endfacet
  facet normal 0 1 0
    outer loop
      vertex 13 2.5 5.0962
      vertex 13.5 2.5 7.65759
      vertex 13.5 2.5 5.15759
    endloop
  endfacet
  facet normal 0 1 0
    outer loop
      vertex 13.5 2.5 7.65759
      vertex 13 2.5 5.0962
      vertex 6.0818 2.5 6.74675
    endloop
  endfacet
  facet normal 0 1 0
    outer loop
      vertex 6.0818 2.5 2.14675
      vertex 13 2.5 5.0962
      vertex 13 2.5 2.9962
    endloop
  endfacet
  facet normal 0 1 0
    outer loop
      vertex 13 2.5 5.0962
      vertex 6.0818 2.5 2.14675
      vertex 6.0818 2.5 6.74675
    endloop
  endfacet
  facet normal 0 1 -0
    outer loop
      vertex 46 2.5 7.04809
      vertex 45.9 2.5 9.13581
      vertex 46 2.5 9.14809
    endloop
  endfacet
  facet normal 0 1 0
    outer loop
      vertex 45.9 2.5 9.13581
      vertex 46 2.5 7.04809
      vertex 45.9 2.5 7.03581
    endloop
  endfacet
  facet normal -0.121885 3.6819e-06 0.992544
    outer loop
      vertex 154.99 119.53 25.0304
      vertex 152.455 119.986 24.7191
      vertex 152.49 119.448 24.7234
    endloop
  endfacet
  facet normal -0.122242 8.45924e-05 0.9925
    outer loop
      vertex 153.233 123.773 24.8146
      vertex 152.366 120.435 24.7081
      vertex 152.455 119.986 24.7191
    endloop
  endfacet
  facet normal -0.121706 -5.67849e-05 0.992566
    outer loop
      vertex 153.233 123.773 24.8146
      vertex 152.219 120.867 24.6901
      vertex 152.366 120.435 24.7081
    endloop
  endfacet
  facet normal -0.121514 -0.000124659 0.99259
    outer loop
      vertex 153.233 123.773 24.8146
      vertex 152.016 121.277 24.6653
      vertex 152.219 120.867 24.6901
    endloop
  endfacet
  facet normal -0.121755 -4.54955e-06 0.99256
    outer loop
      vertex 151.117 122.302 24.5549
      vertex 152.643 124.29 24.7421
      vertex 151.99 124.726 24.662
    endloop
  endfacet
  facet normal -0.121854 4.36327e-05 0.992548
    outer loop
      vertex 153.233 123.773 24.8146
      vertex 151.762 121.657 24.6341
      vertex 152.016 121.277 24.6653
    endloop
  endfacet
  facet normal -0.121911 8.38016e-05 0.992541
    outer loop
      vertex 153.233 123.773 24.8146
      vertex 151.461 122.001 24.5971
      vertex 151.762 121.657 24.6341
    endloop
  endfacet
  facet normal -0.121817 -8.09227e-06 0.992553
    outer loop
      vertex 150.737 122.556 24.5082
      vertex 151.99 124.726 24.662
      vertex 151.286 125.073 24.5756
    endloop
  endfacet
  facet normal -0.121761 3.47292e-07 0.992559
    outer loop
      vertex 152.643 124.29 24.7421
      vertex 151.117 122.302 24.5549
      vertex 151.461 122.001 24.5971
    endloop
  endfacet
  facet normal -0.121936 6.1748e-05 0.992538
    outer loop
      vertex 151.99 124.726 24.662
      vertex 150.737 122.556 24.5082
      vertex 151.117 122.302 24.5549
    endloop
  endfacet
  facet normal -0.121945 5.34229e-05 0.992537
    outer loop
      vertex 150.327 122.759 24.4579
      vertex 151.286 125.073 24.5756
      vertex 150.543 125.326 24.4843
    endloop
  endfacet
  facet normal -0.121778 -1.67536e-05 0.992557
    outer loop
      vertex 151.286 125.073 24.5756
      vertex 150.327 122.759 24.4579
      vertex 150.737 122.556 24.5082
    endloop
  endfacet
  facet normal -0.1222 7.51756e-05 0.992506
    outer loop
      vertex 150.543 125.326 24.4843
      vertex 149.895 122.906 24.4047
      vertex 150.327 122.759 24.4579
    endloop
  endfacet
  facet normal -0.121819 -2.83219e-05 0.992552
    outer loop
      vertex 149.773 125.479 24.3898
      vertex 149.895 122.906 24.4047
      vertex 150.543 125.326 24.4843
    endloop
  endfacet
  facet normal -0.121589 -1.72597e-05 0.992581
    outer loop
      vertex 149.773 125.479 24.3898
      vertex 149.446 122.995 24.3497
      vertex 149.895 122.906 24.4047
    endloop
  endfacet
  facet normal -0.121818 1.33578e-05 0.992552
    outer loop
      vertex 148.99 125.53 24.2937
      vertex 149.446 122.995 24.3497
      vertex 149.773 125.479 24.3898
    endloop
  endfacet
  facet normal -0.121946 -1.00147e-05 0.992537
    outer loop
      vertex 148.99 125.53 24.2937
      vertex 148.908 123.03 24.2836
      vertex 149.446 122.995 24.3497
    endloop
  endfacet
  facet normal -0.121869 -1.25725e-05 0.992546
    outer loop
      vertex 148.99 125.53 24.2937
      vertex 6.0818 123.03 6.74675
      vertex 148.908 123.03 24.2836
    endloop
  endfacet
  facet normal -0.12187 -1.50539e-06 0.992546
    outer loop
      vertex 6 125.53 6.73671
      vertex 6.0818 123.03 6.74675
      vertex 148.99 125.53 24.2937
    endloop
  endfacet
  facet normal -0.12187 -1.5159e-06 0.992546
    outer loop
      vertex 6 125.53 6.73671
      vertex 5.54395 122.995 6.68071
      vertex 6.0818 123.03 6.74675
    endloop
  endfacet
  facet normal -0.121869 -1.61474e-06 0.992546
    outer loop
      vertex 5.21684 125.479 6.64055
      vertex 5.54395 122.995 6.68071
      vertex 6 125.53 6.73671
    endloop
  endfacet
  facet normal -0.121874 -2.24815e-06 0.992546
    outer loop
      vertex 5.21684 125.479 6.64055
      vertex 5.09546 122.906 6.62564
      vertex 5.54395 122.995 6.68071
    endloop
  endfacet
  facet normal -0.121876 -2.16719e-06 0.992545
    outer loop
      vertex 4.44708 125.326 6.54603
      vertex 5.09546 122.906 6.62564
      vertex 5.21684 125.479 6.64055
    endloop
  endfacet
  facet normal -0.121854 3.81369e-06 0.992548
    outer loop
      vertex 5.09546 122.906 6.62564
      vertex 4.44708 125.326 6.54603
      vertex 4.66269 122.759 6.57251
    endloop
  endfacet
  facet normal -0.121869 2.52596e-06 0.992546
    outer loop
      vertex 3.7039 125.073 6.45478
      vertex 4.66269 122.759 6.57251
      vertex 4.44708 125.326 6.54603
    endloop
  endfacet
  facet normal -0.121887 -5.01448e-06 0.992544
    outer loop
      vertex 4.66269 122.759 6.57251
      vertex 3.7039 125.073 6.45478
      vertex 4.25269 122.556 6.52216
    endloop
  endfacet
  facet normal -0.121871 -1.5872e-06 0.992546
    outer loop
      vertex 3 124.726 6.36835
      vertex 4.25269 122.556 6.52216
      vertex 3.7039 125.073 6.45478
    endloop
  endfacet
  facet normal -0.121855 8.13336e-06 0.992548
    outer loop
      vertex 4.25269 122.556 6.52216
      vertex 3 124.726 6.36835
      vertex 3.87253 122.302 6.47549
    endloop
  endfacet
  facet normal -0.121864 4.67691e-06 0.992547
    outer loop
      vertex 2.34743 124.29 6.28823
      vertex 3.87253 122.302 6.47549
      vertex 3 124.726 6.36835
    endloop
  endfacet
  facet normal -0.12187 3.82019e-07 0.992546
    outer loop
      vertex 3.87253 122.302 6.47549
      vertex 2.34743 124.29 6.28823
      vertex 3.52892 122.001 6.4333
    endloop
  endfacet
  facet normal -0.121867 2.00131e-06 0.992546
    outer loop
      vertex 1.75735 123.773 6.21578
      vertex 3.52892 122.001 6.4333
      vertex 2.34743 124.29 6.28823
    endloop
  endfacet
  facet normal -0.121867 1.3559e-06 0.992546
    outer loop
      vertex 3.52892 122.001 6.4333
      vertex 1.75735 123.773 6.21578
      vertex 3.22757 121.657 6.3963
    endloop
  endfacet
  facet normal -0.121872 -2.07088e-06 0.992546
    outer loop
      vertex 1.23988 123.183 6.15224
      vertex 3.22757 121.657 6.3963
      vertex 1.75735 123.773 6.21578
    endloop
  endfacet
  facet normal -0.121872 -2.05857e-06 0.992546
    outer loop
      vertex 3.22757 121.657 6.3963
      vertex 1.23988 123.183 6.15224
      vertex 2.97356 121.277 6.36511
    endloop
  endfacet
  facet normal -0.121868 1.19938e-06 0.992546
    outer loop
      vertex 0.456726 121.826 6.05608
      vertex 2.77136 120.867 6.34028
      vertex 0.803848 122.53 6.0987
    endloop
  endfacet
  facet normal -0.121874 -5.07759e-06 0.992546
    outer loop
      vertex 2.97356 121.277 6.36511
      vertex 0.803848 122.53 6.0987
      vertex 2.77136 120.867 6.34028
    endloop
  endfacet
  facet normal -0.121872 -1.56496e-06 0.992546
    outer loop
      vertex 0.803848 122.53 6.0987
      vertex 2.97356 121.277 6.36511
      vertex 1.23988 123.183 6.15224
    endloop
  endfacet
  facet normal -0.121877 4.76628e-05 0.992545
    outer loop
      vertex 152.455 119.986 24.7191
      vertex 154.99 119.53 25.0304
      vertex 154.939 120.313 25.0241
    endloop
  endfacet
  facet normal -0.121873 1.7295e-05 0.992546
    outer loop
      vertex 152.455 119.986 24.7191
      vertex 154.939 120.313 25.0241
      vertex 154.786 121.083 25.0053
    endloop
  endfacet
  facet normal -0.121831 -7.29049e-05 0.992551
    outer loop
      vertex 152.455 119.986 24.7191
      vertex 154.786 121.083 25.0053
      vertex 154.533 121.826 24.9743
    endloop
  endfacet
  facet normal -0.121882 -1.49255e-05 0.992545
    outer loop
      vertex 152.455 119.986 24.7191
      vertex 154.533 121.826 24.9743
      vertex 154.186 122.53 24.9317
    endloop
  endfacet
  facet normal -0.12196 3.90007e-05 0.992535
    outer loop
      vertex 152.455 119.986 24.7191
      vertex 154.186 122.53 24.9317
      vertex 153.75 123.183 24.8781
    endloop
  endfacet
  facet normal -0.121894 1.21147e-05 0.992543
    outer loop
      vertex 152.455 119.986 24.7191
      vertex 153.75 123.183 24.8781
      vertex 153.233 123.773 24.8146
    endloop
  endfacet
  facet normal -0.121901 7.33678e-05 0.992542
    outer loop
      vertex 151.461 122.001 24.5971
      vertex 153.233 123.773 24.8146
      vertex 152.643 124.29 24.7421
    endloop
  endfacet
  facet normal -0.121884 0 0.992544
    outer loop
      vertex 154.99 119.53 25.0304
      vertex 152.49 119.448 24.7234
      vertex 154.99 116.4 25.0304
    endloop
  endfacet
  facet normal -0.121884 0 0.992544
    outer loop
      vertex 154.99 116.4 25.0304
      vertex 152.49 119.448 24.7234
      vertex 152.49 116.4 24.7234
    endloop
  endfacet
  facet normal -0.121869 0 0.992546
    outer loop
      vertex 6.0818 2.5 6.74675
      vertex 13.5 0 7.65759
      vertex 13.5 2.5 7.65759
    endloop
  endfacet
  facet normal -0.121869 1.48136e-06 0.992546
    outer loop
      vertex 6.0818 2.5 6.74675
      vertex 6 0 6.73671
      vertex 13.5 0 7.65759
    endloop
  endfacet
  facet normal -0.12187 1.51588e-06 0.992546
    outer loop
      vertex 5.54395 2.53525 6.68071
      vertex 6 0 6.73671
      vertex 6.0818 2.5 6.74675
    endloop
  endfacet
  facet normal -0.121869 1.6147e-06 0.992546
    outer loop
      vertex 5.54395 2.53525 6.68071
      vertex 5.21684 0.0513306 6.64055
      vertex 6 0 6.73671
    endloop
  endfacet
  facet normal -0.121874 2.24808e-06 0.992546
    outer loop
      vertex 5.09546 2.62447 6.62564
      vertex 5.21684 0.0513306 6.64055
      vertex 5.54395 2.53525 6.68071
    endloop
  endfacet
  facet normal -0.121854 -3.81391e-06 0.992548
    outer loop
      vertex 4.44708 0.204453 6.54603
      vertex 5.09546 2.62447 6.62564
      vertex 4.66269 2.77136 6.57251
    endloop
  endfacet
  facet normal -0.121876 2.16708e-06 0.992545
    outer loop
      vertex 5.09546 2.62447 6.62564
      vertex 4.44708 0.204453 6.54603
      vertex 5.21684 0.0513306 6.64055
    endloop
  endfacet
  facet normal -0.121887 5.01671e-06 0.992544
    outer loop
      vertex 3.7039 0.456726 6.45478
      vertex 4.66269 2.77136 6.57251
      vertex 4.25269 2.97356 6.52216
    endloop
  endfacet
  facet normal -0.121855 -8.13405e-06 0.992548
    outer loop
      vertex 3 0.803848 6.36835
      vertex 4.25269 2.97356 6.52216
      vertex 3.87253 3.22757 6.47549
    endloop
  endfacet
  facet normal -0.121869 -2.52625e-06 0.992546
    outer loop
      vertex 4.66269 2.77136 6.57251
      vertex 3.7039 0.456726 6.45478
      vertex 4.44708 0.204453 6.54603
    endloop
  endfacet
  facet normal -0.12187 -3.81876e-07 0.992546
    outer loop
      vertex 2.34743 1.23988 6.28823
      vertex 3.87253 3.22757 6.47549
      vertex 3.52892 3.52892 6.4333
    endloop
  endfacet
  facet normal -0.121867 -1.35688e-06 0.992546
    outer loop
      vertex 1.75735 1.75735 6.21578
      vertex 3.52892 3.52892 6.4333
      vertex 3.22757 3.87253 6.3963
    endloop
  endfacet
  facet normal -0.121871 1.58724e-06 0.992546
    outer loop
      vertex 4.25269 2.97356 6.52216
      vertex 3 0.803848 6.36835
      vertex 3.7039 0.456726 6.45478
    endloop
  endfacet
  facet normal -0.121872 2.05841e-06 0.992546
    outer loop
      vertex 1.23988 2.34743 6.15224
      vertex 3.22757 3.87253 6.3963
      vertex 2.97356 4.25269 6.36511
    endloop
  endfacet
  facet normal -0.121874 5.07787e-06 0.992546
    outer loop
      vertex 0.803848 3 6.0987
      vertex 2.97356 4.25269 6.36511
      vertex 2.77136 4.66269 6.34028
    endloop
  endfacet
  facet normal -0.121872 8.565e-06 0.992546
    outer loop
      vertex 0.456726 3.7039 6.05608
      vertex 2.77136 4.66269 6.34028
      vertex 2.62447 5.09546 6.32224
    endloop
  endfacet
  facet normal -0.121866 -1.01101e-05 0.992547
    outer loop
      vertex 0.204453 4.44708 6.0251
      vertex 2.62447 5.09546 6.32224
      vertex 2.53525 5.54395 6.31129
    endloop
  endfacet
  facet normal -0.121864 -4.67728e-06 0.992547
    outer loop
      vertex 3.87253 3.22757 6.47549
      vertex 2.34743 1.23988 6.28823
      vertex 3 0.803848 6.36835
    endloop
  endfacet
  facet normal -0.121869 3.43246e-06 0.992546
    outer loop
      vertex 0 6 6
      vertex 2.53525 5.54395 6.31129
      vertex 2.5 6.0818 6.30696
    endloop
  endfacet
  facet normal -0.121869 0 0.992546
    outer loop
      vertex 2.5 119.448 6.30696
      vertex 0 119.53 6
      vertex 2.5 6.0818 6.30696
    endloop
  endfacet
  facet normal -0.121872 -8.57815e-06 0.992546
    outer loop
      vertex 2.77136 120.867 6.34028
      vertex 0.456726 121.826 6.05608
      vertex 2.62447 120.435 6.32224
    endloop
  endfacet
  facet normal -0.121869 0 0.992546
    outer loop
      vertex 0 6 6
      vertex 2.5 6.0818 6.30696
      vertex 0 119.53 6
    endloop
  endfacet
  facet normal -0.121871 -5.93411e-06 0.992546
    outer loop
      vertex 0.204453 121.083 6.0251
      vertex 2.62447 120.435 6.32224
      vertex 0.456726 121.826 6.05608
    endloop
  endfacet
  facet normal -0.12187 -3.35257e-06 0.992546
    outer loop
      vertex 2.53525 5.54395 6.31129
      vertex 0 6 6
      vertex 0.0513306 5.21684 6.0063
    endloop
  endfacet
  facet normal -0.121866 1.00995e-05 0.992547
    outer loop
      vertex 2.62447 120.435 6.32224
      vertex 0.204453 121.083 6.0251
      vertex 2.53525 119.986 6.31129
    endloop
  endfacet
  facet normal -0.121867 -2.00072e-06 0.992546
    outer loop
      vertex 3.52892 3.52892 6.4333
      vertex 1.75735 1.75735 6.21578
      vertex 2.34743 1.23988 6.28823
    endloop
  endfacet
  facet normal -0.12187 1.57581e-06 0.992546
    outer loop
      vertex 0.0513306 120.313 6.0063
      vertex 2.53525 119.986 6.31129
      vertex 0.204453 121.083 6.0251
    endloop
  endfacet
  facet normal -0.121872 2.0712e-06 0.992546
    outer loop
      vertex 3.22757 3.87253 6.3963
      vertex 1.23988 2.34743 6.15224
      vertex 1.75735 1.75735 6.21578
    endloop
  endfacet
  facet normal -0.12187 3.35326e-06 0.992546
    outer loop
      vertex 0 119.53 6
      vertex 2.53525 119.986 6.31129
      vertex 0.0513306 120.313 6.0063
    endloop
  endfacet
  facet normal -0.121872 1.56581e-06 0.992546
    outer loop
      vertex 2.97356 4.25269 6.36511
      vertex 0.803848 3 6.0987
      vertex 1.23988 2.34743 6.15224
    endloop
  endfacet
  facet normal -0.121869 -3.43148e-06 0.992546
    outer loop
      vertex 2.53525 119.986 6.31129
      vertex 0 119.53 6
      vertex 2.5 119.448 6.30696
    endloop
  endfacet
  facet normal -0.121868 -1.19956e-06 0.992546
    outer loop
      vertex 2.77136 4.66269 6.34028
      vertex 0.456726 3.7039 6.05608
      vertex 0.803848 3 6.0987
    endloop
  endfacet
  facet normal -0.121871 5.9325e-06 0.992546
    outer loop
      vertex 2.62447 5.09546 6.32224
      vertex 0.204453 4.44708 6.0251
      vertex 0.456726 3.7039 6.05608
    endloop
  endfacet
  facet normal -0.12187 -1.57628e-06 0.992546
    outer loop
      vertex 2.53525 5.54395 6.31129
      vertex 0.0513306 5.21684 6.0063
      vertex 0.204453 4.44708 6.0251
    endloop
  endfacet
  facet normal 1 -0 0
    outer loop
      vertex 6.5 75.25 2.1981
      vertex 6.5 119.03 0
      vertex 6.5 119.03 2.1981
    endloop
  endfacet
  facet normal 1 0 0
    outer loop
      vertex 6.5 119.03 0
      vertex 6.5 75.25 2.1981
      vertex 6.5 75.25 0
    endloop
  endfacet
  facet normal 1 -0 0
    outer loop
      vertex 6.5 6.5 2.1981
      vertex 6.5 43.75 0
      vertex 6.5 43.75 2.1981
    endloop
  endfacet
  facet normal 1 0 0
    outer loop
      vertex 6.5 43.75 0
      vertex 6.5 6.5 2.1981
      vertex 6.5 6.5 0
    endloop
  endfacet
  facet normal 1 -0 0
    outer loop
      vertex 6.5 46.25 2.1981
      vertex 6.5 72.75 0
      vertex 6.5 72.75 2.1981
    endloop
  endfacet
  facet normal 1 0 0
    outer loop
      vertex 6.5 72.75 0
      vertex 6.5 46.25 2.1981
      vertex 6.5 46.25 0
    endloop
  endfacet
  facet normal 0 -1 0
    outer loop
      vertex 148.49 119.03 0
      vertex 114.25 119.03 15.4281
      vertex 114.25 119.03 0
    endloop
  endfacet
  facet normal 0 -1 0
    outer loop
      vertex 114.25 119.03 15.4281
      vertex 148.49 119.03 0
      vertex 148.49 119.03 19.6323
    endloop
  endfacet
  facet normal 0 -1 0
    outer loop
      vertex 42.75 119.03 0
      vertex 6.5 119.03 2.1981
      vertex 6.5 119.03 0
    endloop
  endfacet
  facet normal 0 -1 0
    outer loop
      vertex 6.5 119.03 2.1981
      vertex 42.75 119.03 0
      vertex 42.75 119.03 6.64904
    endloop
  endfacet
  facet normal 0 -1 0
    outer loop
      vertex 111.75 119.03 0
      vertex 45.25 119.03 6.956
      vertex 45.25 119.03 0
    endloop
  endfacet
  facet normal 0 -1 0
    outer loop
      vertex 45.25 119.03 6.956
      vertex 111.75 119.03 0
      vertex 111.75 119.03 15.1212
    endloop
  endfacet
  facet normal -1 0 0
    outer loop
      vertex 148.49 119.03 0
      vertex 148.49 116.4 13
      vertex 148.49 119.03 19.6323
    endloop
  endfacet
  facet normal -1 0 0
    outer loop
      vertex 148.49 116.3 0
      vertex 148.49 116.4 13
      vertex 148.49 119.03 0
    endloop
  endfacet
  facet normal -1 -0 0
    outer loop
      vertex 148.49 116.4 13
      vertex 148.49 116.3 0
      vertex 148.49 116.3 13
    endloop
  endfacet
  facet normal -1 -0 0
    outer loop
      vertex 148.49 119.03 19.6323
      vertex 148.49 116.4 13
      vertex 148.49 116.4 19.6323
    endloop
  endfacet
  facet normal 0 1 -0
    outer loop
      vertex 13 6.5 0
      vertex 6.5 6.5 2.1981
      vertex 13 6.5 2.9962
    endloop
  endfacet
  facet normal 0 1 0
    outer loop
      vertex 6.5 6.5 2.1981
      vertex 13 6.5 0
      vertex 6.5 6.5 0
    endloop
  endfacet
  facet normal 0 1 0
    outer loop
      vertex 111.75 6.5 11.1212
      vertex 111.75 6.5 0
      vertex 46 6.5 3.04809
    endloop
  endfacet
  facet normal 0 1 -0
    outer loop
      vertex 46 6.5 3.04809
      vertex 45.9 6.5 7.03581
      vertex 46 6.5 7.04809
    endloop
  endfacet
  facet normal 0 1 0
    outer loop
      vertex 46 6.5 3.04809
      vertex 45.9 6.5 0
      vertex 45.9 6.5 7.03581
    endloop
  endfacet
  facet normal 0 1 0
    outer loop
      vertex 45.9 6.5 0
      vertex 46 6.5 3.04809
      vertex 111.75 6.5 0
    endloop
  endfacet
  facet normal 0 1 0
    outer loop
      vertex 143.49 6.5 7.8
      vertex 143.49 6.5 0
      vertex 142.49 6.5 7.8
    endloop
  endfacet
  facet normal 0 1 -0
    outer loop
      vertex 143.49 6.5 13
      vertex 143.366 6.5 15.0031
      vertex 143.49 6.5 15.0184
    endloop
  endfacet
  facet normal 0 1 0
    outer loop
      vertex 143.366 6.5 15.0031
      vertex 143.49 6.5 13
      vertex 140.962 6.5 14.708
    endloop
  endfacet
  facet normal 0 1 -0
    outer loop
      vertex 142.49 6.5 10.5
      vertex 140.962 6.5 14.708
      vertex 143.49 6.5 13
    endloop
  endfacet
  facet normal 0 1 0
    outer loop
      vertex 142.49 6.5 10.5
      vertex 143.49 6.5 13
      vertex 143.49 6.5 10.5
    endloop
  endfacet
  facet normal 0 1 -0
    outer loop
      vertex 142.49 6.5 7.8
      vertex 140.962 6.5 14.708
      vertex 142.49 6.5 10.5
    endloop
  endfacet
  facet normal 0 1 0
    outer loop
      vertex 140.962 6.5 14.708
      vertex 142.49 6.5 7.8
      vertex 114.25 6.5 11.4281
    endloop
  endfacet
  facet normal 0 1 0
    outer loop
      vertex 114.25 6.5 0
      vertex 142.49 6.5 7.8
      vertex 143.49 6.5 0
    endloop
  endfacet
  facet normal 0 1 0
    outer loop
      vertex 142.49 6.5 7.8
      vertex 114.25 6.5 0
      vertex 114.25 6.5 11.4281
    endloop
  endfacet
  facet normal 0 1 -0
    outer loop
      vertex 143.366 6.5 15.0031
      vertex 140.962 6.5 18.708
      vertex 143.366 6.5 19.0031
    endloop
  endfacet
  facet normal 0 1 0
    outer loop
      vertex 140.962 6.5 18.708
      vertex 143.366 6.5 15.0031
      vertex 140.962 6.5 14.708
    endloop
  endfacet
  facet normal -0.121869 0 0.992546
    outer loop
      vertex 65.4 46.25 9.43011
      vertex 67.9 46.25 9.73707
      vertex 67.9 47 9.73707
    endloop
  endfacet
  facet normal -0.121869 0 0.992546
    outer loop
      vertex 67.9 46.25 9.73707
      vertex 65.4 46.25 9.43011
      vertex 67.9 43.75 9.73707
    endloop
  endfacet
  facet normal -0.121869 0 0.992546
    outer loop
      vertex 67.9 43.75 9.73707
      vertex 65.4 43.75 9.43011
      vertex 67.9 39.1509 9.73707
    endloop
  endfacet
  facet normal -0.121869 0 0.992546
    outer loop
      vertex 65.4 39.1515 9.43011
      vertex 67.9 39.1509 9.73707
      vertex 65.4 43.75 9.43011
    endloop
  endfacet
  facet normal -0.121863 1.5423e-06 0.992547
    outer loop
      vertex 67.9 39.1509 9.73707
      vertex 67.1706 36.2438 9.64752
      vertex 67.6838 36.1417 9.71053
    endloop
  endfacet
  facet normal -0.121877 5.00473e-06 0.992545
    outer loop
      vertex 67.9 39.1509 9.73707
      vertex 66.6485 36.278 9.58341
      vertex 67.1706 36.2438 9.64752
    endloop
  endfacet
  facet normal -0.121859 5.84096e-06 0.992547
    outer loop
      vertex 66.6485 36.278 9.58341
      vertex 65.4 39.1515 9.43011
      vertex 66.1264 36.2438 9.51931
    endloop
  endfacet
  facet normal -0.121869 0 0.992546
    outer loop
      vertex 65.4 46.25 9.43011
      vertex 67.9 47 9.73707
      vertex 65.4 47 9.43011
    endloop
  endfacet
  facet normal -0.121869 0 0.992546
    outer loop
      vertex 67.9 43.75 9.73707
      vertex 65.4 46.25 9.43011
      vertex 65.4 43.75 9.43011
    endloop
  endfacet
  facet normal -0.121869 1.4426e-06 0.992546
    outer loop
      vertex 66.6485 36.278 9.58341
      vertex 67.9 39.1509 9.73707
      vertex 65.4 39.1515 9.43011
    endloop
  endfacet
  facet normal -0.121887 -1.23204e-06 0.992544
    outer loop
      vertex 66.1264 36.2438 9.51931
      vertex 65.4 39.1515 9.43011
      vertex 65.6133 36.1417 9.4563
    endloop
  endfacet
  facet normal -0.121865 2.96203e-07 0.992547
    outer loop
      vertex 64.8368 39.0395 9.36096
      vertex 65.6133 36.1417 9.4563
      vertex 65.4 39.1515 9.43011
    endloop
  endfacet
  facet normal -0.12187 -8.17371e-07 0.992546
    outer loop
      vertex 65.6133 36.1417 9.4563
      vertex 64.8368 39.0395 9.36096
      vertex 65.1178 35.9735 9.39546
    endloop
  endfacet
  facet normal -0.121862 -1.12244e-07 0.992547
    outer loop
      vertex 63.9697 38.7451 9.2545
      vertex 65.1178 35.9735 9.39546
      vertex 64.8368 39.0395 9.36096
    endloop
  endfacet
  facet normal -0.121863 -6.29854e-07 0.992547
    outer loop
      vertex 65.1178 35.9735 9.39546
      vertex 63.9697 38.7451 9.2545
      vertex 64.6485 35.7421 9.33784
    endloop
  endfacet
  facet normal -0.121878 -4.1224e-06 0.992545
    outer loop
      vertex 63.1485 38.3402 9.15366
      vertex 64.6485 35.7421 9.33784
      vertex 63.9697 38.7451 9.2545
    endloop
  endfacet
  facet normal -0.121868 2.09127e-06 0.992546
    outer loop
      vertex 64.6485 35.7421 9.33784
      vertex 63.1485 38.3402 9.15366
      vertex 64.2135 35.4514 9.28443
    endloop
  endfacet
  facet normal -0.121864 3.49472e-06 0.992547
    outer loop
      vertex 62.3872 37.8315 9.06019
      vertex 64.2135 35.4514 9.28443
      vertex 63.1485 38.3402 9.15366
    endloop
  endfacet
  facet normal -0.121879 -7.94401e-06 0.992545
    outer loop
      vertex 64.2135 35.4514 9.28443
      vertex 62.3872 37.8315 9.06019
      vertex 63.8201 35.1064 9.23612
    endloop
  endfacet
  facet normal -0.121873 -4.64383e-06 0.992546
    outer loop
      vertex 61.6988 37.2277 8.97566
      vertex 63.8201 35.1064 9.23612
      vertex 62.3872 37.8315 9.06019
    endloop
  endfacet
  facet normal -0.121854 1.37156e-05 0.992548
    outer loop
      vertex 63.8201 35.1064 9.23612
      vertex 61.6988 37.2277 8.97566
      vertex 63.4751 34.713 9.19377
    endloop
  endfacet
  facet normal -0.121876 -1.48904e-06 0.992545
    outer loop
      vertex 61.0951 36.5393 8.90153
      vertex 63.4751 34.713 9.19377
      vertex 61.6988 37.2277 8.97566
    endloop
  endfacet
  facet normal -0.12188 -7.49824e-06 0.992545
    outer loop
      vertex 63.4751 34.713 9.19377
      vertex 61.0951 36.5393 8.90153
      vertex 63.1844 34.278 9.15807
    endloop
  endfacet
  facet normal -0.121865 2.9015e-06 0.992547
    outer loop
      vertex 63.1844 34.278 9.15807
      vertex 60.5863 35.778 8.83907
      vertex 62.953 33.8087 9.12966
    endloop
  endfacet
  facet normal -0.121861 1.08172e-05 0.992547
    outer loop
      vertex 60.5863 35.778 8.83907
      vertex 63.1844 34.278 9.15807
      vertex 61.0951 36.5393 8.90153
    endloop
  endfacet
  facet normal -0.121884 -4.71885e-05 0.992544
    outer loop
      vertex 70.6485 32.278 10.0745
      vertex 73.6485 32.278 10.4429
      vertex 73.5887 33.1917 10.4356
    endloop
  endfacet
  facet normal -0.121906 5.71012e-05 0.992542
    outer loop
      vertex 70.6143 32.8001 10.0703
      vertex 73.5887 33.1917 10.4356
      vertex 73.41 34.0897 10.4136
    endloop
  endfacet
  facet normal -0.121884 4.71885e-05 0.992544
    outer loop
      vertex 73.6485 32.278 10.4429
      vertex 70.6485 32.278 10.0745
      vertex 73.5887 31.3643 10.4356
    endloop
  endfacet
  facet normal -0.121858 -3.67013e-05 0.992548
    outer loop
      vertex 70.5122 33.3133 10.0578
      vertex 73.41 34.0897 10.4136
      vertex 73.1157 34.9568 10.3775
    endloop
  endfacet
  facet normal -0.121899 4.94267e-07 0.992543
    outer loop
      vertex 70.6143 31.7559 10.0703
      vertex 73.5887 31.3643 10.4356
      vertex 70.6485 32.278 10.0745
    endloop
  endfacet
  facet normal -0.121855 -2.64267e-05 0.992548
    outer loop
      vertex 70.3441 33.8087 10.0372
      vertex 73.1157 34.9568 10.3775
      vertex 72.7107 35.778 10.3278
    endloop
  endfacet
  facet normal -0.121906 -5.71012e-05 0.992542
    outer loop
      vertex 73.5887 31.3643 10.4356
      vertex 70.6143 31.7559 10.0703
      vertex 73.41 30.4663 10.4136
    endloop
  endfacet
  facet normal -0.121916 1.99451e-05 0.99254
    outer loop
      vertex 70.1126 34.278 10.0087
      vertex 72.7107 35.778 10.3278
      vertex 72.202 36.5393 10.2653
    endloop
  endfacet
  facet normal -0.12185 6.63295e-05 0.992549
    outer loop
      vertex 70.5122 31.2427 10.0578
      vertex 73.41 30.4663 10.4136
      vertex 70.6143 31.7559 10.0703
    endloop
  endfacet
  facet normal -0.121856 -2.43664e-05 0.992548
    outer loop
      vertex 69.822 34.713 9.97306
      vertex 72.202 36.5393 10.2653
      vertex 71.5983 37.2277 10.1912
    endloop
  endfacet
  facet normal -0.121858 3.67013e-05 0.992548
    outer loop
      vertex 73.41 30.4663 10.4136
      vertex 70.5122 31.2427 10.0578
      vertex 73.1157 29.5992 10.3775
    endloop
  endfacet
  facet normal -0.121934 4.84403e-05 0.992538
    outer loop
      vertex 69.477 35.1064 9.9307
      vertex 71.5983 37.2277 10.1912
      vertex 70.9099 37.8315 10.1066
    endloop
  endfacet
  facet normal -0.121838 6.93814e-05 0.99255
    outer loop
      vertex 70.3441 30.7473 10.0372
      vertex 73.1157 29.5992 10.3775
      vertex 70.5122 31.2427 10.0578
    endloop
  endfacet
  facet normal -0.121855 2.64267e-05 0.992548
    outer loop
      vertex 73.1157 29.5992 10.3775
      vertex 70.3441 30.7473 10.0372
      vertex 72.7107 28.778 10.3278
    endloop
  endfacet
  facet normal -0.121899 -4.94267e-07 0.992543
    outer loop
      vertex 73.5887 33.1917 10.4356
      vertex 70.6143 32.8001 10.0703
      vertex 70.6485 32.278 10.0745
    endloop
  endfacet
  facet normal -0.12185 -6.63295e-05 0.992549
    outer loop
      vertex 73.41 34.0897 10.4136
      vertex 70.5122 33.3133 10.0578
      vertex 70.6143 32.8001 10.0703
    endloop
  endfacet
  facet normal -0.121838 -6.93814e-05 0.99255
    outer loop
      vertex 73.1157 34.9568 10.3775
      vertex 70.3441 33.8087 10.0372
      vertex 70.5122 33.3133 10.0578
    endloop
  endfacet
  facet normal -0.121787 -4.68751e-05 0.992556
    outer loop
      vertex 69.0836 35.4514 9.8824
      vertex 70.9099 37.8315 10.1066
      vertex 70.1485 38.3402 10.0132
    endloop
  endfacet
  facet normal -0.121967 0.00011037 0.992534
    outer loop
      vertex 72.7107 35.778 10.3278
      vertex 70.1126 34.278 10.0087
      vertex 70.3441 33.8087 10.0372
    endloop
  endfacet
  facet normal -0.121826 -6.44858e-05 0.992551
    outer loop
      vertex 72.202 36.5393 10.2653
      vertex 69.822 34.713 9.97306
      vertex 70.1126 34.278 10.0087
    endloop
  endfacet
  facet normal -0.121878 -9.01825e-06 0.992545
    outer loop
      vertex 71.5983 37.2277 10.1912
      vertex 69.477 35.1064 9.9307
      vertex 69.822 34.713 9.97306
    endloop
  endfacet
  facet normal -0.121921 1.39547e-05 0.99254
    outer loop
      vertex 68.6485 35.7421 9.82898
      vertex 70.1485 38.3402 10.0132
      vertex 69.3273 38.7451 9.91232
    endloop
  endfacet
  facet normal -0.121855 6.34281e-06 0.992548
    outer loop
      vertex 70.9099 37.8315 10.1066
      vertex 69.0836 35.4514 9.8824
      vertex 69.477 35.1064 9.9307
    endloop
  endfacet
  facet normal -0.121871 -1.5284e-05 0.992546
    outer loop
      vertex 70.1485 38.3402 10.0132
      vertex 68.6485 35.7421 9.82898
      vertex 69.0836 35.4514 9.8824
    endloop
  endfacet
  facet normal -0.121875 1.36156e-06 0.992545
    outer loop
      vertex 68.1793 35.9735 9.77136
      vertex 69.3273 38.7451 9.91232
      vertex 68.4603 39.0395 9.80586
    endloop
  endfacet
  facet normal -0.121886 5.91186e-06 0.992544
    outer loop
      vertex 69.3273 38.7451 9.91232
      vertex 68.1793 35.9735 9.77136
      vertex 68.6485 35.7421 9.82898
    endloop
  endfacet
  facet normal -0.121858 1.18167e-06 0.992548
    outer loop
      vertex 67.6838 36.1417 9.71053
      vertex 68.4603 39.0395 9.80586
      vertex 67.9 39.1509 9.73707
    endloop
  endfacet
  facet normal -0.12185 -9.63106e-07 0.992548
    outer loop
      vertex 68.4603 39.0395 9.80586
      vertex 67.6838 36.1417 9.71053
      vertex 68.1793 35.9735 9.77136
    endloop
  endfacet
  facet normal -0.121967 -0.00011037 0.992534
    outer loop
      vertex 70.1126 30.278 10.0087
      vertex 72.7107 28.778 10.3278
      vertex 70.3441 30.7473 10.0372
    endloop
  endfacet
  facet normal -0.121916 -1.99451e-05 0.99254
    outer loop
      vertex 72.7107 28.778 10.3278
      vertex 70.1126 30.278 10.0087
      vertex 72.202 28.0167 10.2653
    endloop
  endfacet
  facet normal -0.121826 6.44858e-05 0.992551
    outer loop
      vertex 69.822 29.843 9.97306
      vertex 72.202 28.0167 10.2653
      vertex 70.1126 30.278 10.0087
    endloop
  endfacet
  facet normal -0.121856 2.43643e-05 0.992548
    outer loop
      vertex 72.202 28.0167 10.2653
      vertex 69.822 29.843 9.97306
      vertex 71.5983 27.3282 10.1912
    endloop
  endfacet
  facet normal -0.121878 9.01805e-06 0.992545
    outer loop
      vertex 69.477 29.4496 9.9307
      vertex 71.5983 27.3282 10.1912
      vertex 69.822 29.843 9.97306
    endloop
  endfacet
  facet normal -0.121934 -4.84428e-05 0.992538
    outer loop
      vertex 71.5983 27.3282 10.1912
      vertex 69.477 29.4496 9.9307
      vertex 70.9099 26.7245 10.1066
    endloop
  endfacet
  facet normal -0.121855 -6.34281e-06 0.992548
    outer loop
      vertex 69.0836 29.1046 9.8824
      vertex 70.9099 26.7245 10.1066
      vertex 69.477 29.4496 9.9307
    endloop
  endfacet
  facet normal -0.121787 4.68751e-05 0.992556
    outer loop
      vertex 70.9099 26.7245 10.1066
      vertex 69.0836 29.1046 9.8824
      vertex 70.1485 26.2158 10.0132
    endloop
  endfacet
  facet normal -0.121871 1.5284e-05 0.992546
    outer loop
      vertex 68.6485 28.8139 9.82898
      vertex 70.1485 26.2158 10.0132
      vertex 69.0836 29.1046 9.8824
    endloop
  endfacet
  facet normal -0.121921 -1.39539e-05 0.99254
    outer loop
      vertex 70.1485 26.2158 10.0132
      vertex 68.6485 28.8139 9.82898
      vertex 69.3273 25.8108 9.91232
    endloop
  endfacet
  facet normal -0.121886 -5.91168e-06 0.992544
    outer loop
      vertex 68.1793 28.5825 9.77136
      vertex 69.3273 25.8108 9.91232
      vertex 68.6485 28.8139 9.82898
    endloop
  endfacet
  facet normal -0.121875 -1.36158e-06 0.992545
    outer loop
      vertex 69.3273 25.8108 9.91232
      vertex 68.1793 28.5825 9.77136
      vertex 68.4603 25.5165 9.80586
    endloop
  endfacet
  facet normal -0.12185 9.63106e-07 0.992548
    outer loop
      vertex 67.6838 28.4143 9.71053
      vertex 68.4603 25.5165 9.80586
      vertex 68.1793 28.5825 9.77136
    endloop
  endfacet
  facet normal -0.121863 -1.5423e-06 0.992547
    outer loop
      vertex 67.1706 28.3122 9.64752
      vertex 67.9 25.4051 9.73707
      vertex 67.6838 28.4143 9.71053
    endloop
  endfacet
  facet normal -0.121858 -1.18167e-06 0.992548
    outer loop
      vertex 68.4603 25.5165 9.80586
      vertex 67.6838 28.4143 9.71053
      vertex 67.9 25.4051 9.73707
    endloop
  endfacet
  facet normal -0.121871 6.11355e-06 0.992546
    outer loop
      vertex 148.908 123.03 19.6836
      vertex 114.25 119.03 15.4281
      vertex 148.49 119.03 19.6323
    endloop
  endfacet
  facet normal -0.121845 0 0.992549
    outer loop
      vertex 111.75 77.7908 15.1212
      vertex 114.25 77.7908 15.4281
      vertex 114.25 119.03 15.4281
    endloop
  endfacet
  facet normal -0.121748 3.1204e-06 0.992561
    outer loop
      vertex 114.25 77.7908 15.4281
      vertex 114.126 74.65 15.4129
      vertex 114.201 74.4975 15.4221
    endloop
  endfacet
  facet normal -0.121231 -1.75958e-05 0.992624
    outer loop
      vertex 114.25 77.7908 15.4281
      vertex 114.031 74.7914 15.4013
      vertex 114.126 74.65 15.4129
    endloop
  endfacet
  facet normal -0.121845 1.99243e-05 0.992549
    outer loop
      vertex 113 75.3 15.2747
      vertex 114.25 77.7908 15.4281
      vertex 111.75 77.7908 15.1212
    endloop
  endfacet
  facet normal -0.122226 5.61813e-05 0.992502
    outer loop
      vertex 114.25 77.7908 15.4281
      vertex 113.919 74.9192 15.3875
      vertex 114.031 74.7914 15.4013
    endloop
  endfacet
  facet normal -0.121744 -2.45257e-07 0.992562
    outer loop
      vertex 114.25 77.7908 15.4281
      vertex 113.791 75.0314 15.3718
      vertex 113.919 74.9192 15.3875
    endloop
  endfacet
  facet normal -0.121778 5.50904e-06 0.992557
    outer loop
      vertex 114.25 77.7908 15.4281
      vertex 113.65 75.1258 15.3545
      vertex 113.791 75.0314 15.3718
    endloop
  endfacet
  facet normal -0.121938 4.20804e-05 0.992538
    outer loop
      vertex 114.25 77.7908 15.4281
      vertex 113.497 75.201 15.3357
      vertex 113.65 75.1258 15.3545
    endloop
  endfacet
  facet normal -0.121485 -9.16446e-05 0.992593
    outer loop
      vertex 114.25 77.7908 15.4281
      vertex 113.336 75.2557 15.316
      vertex 113.497 75.201 15.3357
    endloop
  endfacet
  facet normal -0.122507 0.000282449 0.992468
    outer loop
      vertex 114.25 77.7908 15.4281
      vertex 113.17 75.2889 15.2955
      vertex 113.336 75.2557 15.316
    endloop
  endfacet
  facet normal -0.121459 -0.000177042 0.992596
    outer loop
      vertex 114.25 77.7908 15.4281
      vertex 113 75.3 15.2747
      vertex 113.17 75.2889 15.2955
    endloop
  endfacet
  facet normal -0.122018 -6.80885e-05 0.992528
    outer loop
      vertex 113 75.3 15.2747
      vertex 111.75 77.7908 15.1212
      vertex 112.83 75.2889 15.2538
    endloop
  endfacet
  facet normal -0.122507 -0.000282449 0.992468
    outer loop
      vertex 112.83 75.2889 15.2538
      vertex 111.75 77.7908 15.1212
      vertex 112.664 75.2557 15.2333
    endloop
  endfacet
  facet normal -0.121485 9.16446e-05 0.992593
    outer loop
      vertex 112.664 75.2557 15.2333
      vertex 111.75 77.7908 15.1212
      vertex 112.503 75.201 15.2136
    endloop
  endfacet
  facet normal -0.121855 -1.75047e-05 0.992548
    outer loop
      vertex 111.469 77.6955 15.0867
      vertex 112.503 75.201 15.2136
      vertex 111.75 77.7908 15.1212
    endloop
  endfacet
  facet normal -0.121934 -5.07703e-05 0.992538
    outer loop
      vertex 112.503 75.201 15.2136
      vertex 111.469 77.6955 15.0867
      vertex 112.35 75.1258 15.1948
    endloop
  endfacet
  facet normal -0.121883 -3.28957e-05 0.992545
    outer loop
      vertex 111 77.4641 15.0291
      vertex 112.35 75.1258 15.1948
      vertex 111.469 77.6955 15.0867
    endloop
  endfacet
  facet normal -0.121794 1.88897e-05 0.992555
    outer loop
      vertex 112.35 75.1258 15.1948
      vertex 111 77.4641 15.0291
      vertex 112.209 75.0314 15.1775
    endloop
  endfacet
  facet normal -0.121841 -4.64703e-06 0.99255
    outer loop
      vertex 110.565 77.1734 14.9757
      vertex 112.209 75.0314 15.1775
      vertex 111 77.4641 15.0291
    endloop
  endfacet
  facet normal -0.121845 0 0.992549
    outer loop
      vertex 111.75 77.7908 15.1212
      vertex 114.25 119.03 15.4281
      vertex 111.75 119.03 15.1212
    endloop
  endfacet
  facet normal -0.121845 -0.000219333 0.992549
    outer loop
      vertex 148.908 123.03 19.6836
      vertex 111.75 119.03 15.1212
      vertex 114.25 119.03 15.4281
    endloop
  endfacet
  facet normal -0.12187 1.0827e-05 0.992546
    outer loop
      vertex 148.908 123.03 19.6836
      vertex 45.25 119.03 6.956
      vertex 111.75 119.03 15.1212
    endloop
  endfacet
  facet normal -0.121869 0 0.992546
    outer loop
      vertex 42.75 77.7908 6.64904
      vertex 45.25 77.7908 6.956
      vertex 45.25 119.03 6.956
    endloop
  endfacet
  facet normal -0.121823 1.23715e-06 0.992552
    outer loop
      vertex 45.25 77.7908 6.956
      vertex 45.1258 74.65 6.94076
      vertex 45.201 74.4975 6.94999
    endloop
  endfacet
  facet normal -0.121954 6.52307e-06 0.992536
    outer loop
      vertex 45.25 77.7908 6.956
      vertex 45.0314 74.7914 6.92916
      vertex 45.1258 74.65 6.94076
    endloop
  endfacet
  facet normal -0.121869 0 0.992546
    outer loop
      vertex 44 75.3 6.80252
      vertex 45.25 77.7908 6.956
      vertex 42.75 77.7908 6.64904
    endloop
  endfacet
  facet normal -0.121817 -3.61107e-06 0.992553
    outer loop
      vertex 45.25 77.7908 6.956
      vertex 44.9192 74.9192 6.91539
      vertex 45.0314 74.7914 6.92916
    endloop
  endfacet
  facet normal -0.121924 8.847e-06 0.992539
    outer loop
      vertex 45.25 77.7908 6.956
      vertex 44.7914 75.0314 6.89969
      vertex 44.9192 74.9192 6.91539
    endloop
  endfacet
  facet normal -0.121859 -2.1478e-06 0.992547
    outer loop
      vertex 45.25 77.7908 6.956
      vertex 44.65 75.1258 6.88233
      vertex 44.7914 75.0314 6.89969
    endloop
  endfacet
  facet normal -0.1219 7.30889e-06 0.992542
    outer loop
      vertex 45.25 77.7908 6.956
      vertex 44.4975 75.201 6.8636
      vertex 44.65 75.1258 6.88233
    endloop
  endfacet
  facet normal -0.121879 1.13745e-06 0.992545
    outer loop
      vertex 45.25 77.7908 6.956
      vertex 44.3365 75.2557 6.84383
      vertex 44.4975 75.201 6.8636
    endloop
  endfacet
  facet normal -0.121813 -2.324e-05 0.992553
    outer loop
      vertex 45.25 77.7908 6.956
      vertex 44.1697 75.2889 6.82336
      vertex 44.3365 75.2557 6.84383
    endloop
  endfacet
  facet normal -0.121889 1.01036e-05 0.992544
    outer loop
      vertex 45.25 77.7908 6.956
      vertex 44 75.3 6.80252
      vertex 44.1697 75.2889 6.82336
    endloop
  endfacet
  facet normal -0.121833 1.83157e-05 0.992551
    outer loop
      vertex 44 75.3 6.80252
      vertex 42.75 77.7908 6.64904
      vertex 43.8303 75.2889 6.78169
    endloop
  endfacet
  facet normal -0.121867 3.23269e-06 0.992546
    outer loop
      vertex 43.8303 75.2889 6.78169
      vertex 42.75 77.7908 6.64904
      vertex 43.6635 75.2557 6.76121
    endloop
  endfacet
  facet normal -0.121879 -1.13745e-06 0.992545
    outer loop
      vertex 43.6635 75.2557 6.76121
      vertex 42.75 77.7908 6.64904
      vertex 43.5025 75.201 6.74144
    endloop
  endfacet
  facet normal -0.121884 -2.47928e-06 0.992544
    outer loop
      vertex 42.4693 77.6955 6.61457
      vertex 43.5025 75.201 6.74144
      vertex 42.75 77.7908 6.64904
    endloop
  endfacet
  facet normal -0.121899 -9.01528e-06 0.992542
    outer loop
      vertex 43.5025 75.201 6.74144
      vertex 42.4693 77.6955 6.61457
      vertex 43.35 75.1258 6.72271
    endloop
  endfacet
  facet normal -0.121865 2.93451e-06 0.992547
    outer loop
      vertex 42 77.4641 6.55695
      vertex 43.35 75.1258 6.72271
      vertex 42.4693 77.6955 6.61457
    endloop
  endfacet
  facet normal -0.121861 5.33894e-06 0.992547
    outer loop
      vertex 43.35 75.1258 6.72271
      vertex 42 77.4641 6.55695
      vertex 43.2086 75.0314 6.70535
    endloop
  endfacet
  facet normal -0.121864 3.82147e-06 0.992547
    outer loop
      vertex 41.5649 77.1734 6.50353
      vertex 43.2086 75.0314 6.70535
      vertex 42 77.4641 6.55695
    endloop
  endfacet
  facet normal -0.121869 0 0.992546
    outer loop
      vertex 42.75 77.7908 6.64904
      vertex 45.25 119.03 6.956
      vertex 42.75 119.03 6.64904
    endloop
  endfacet
  facet normal -0.121869 9.41287e-08 0.992546
    outer loop
      vertex 6.0818 123.03 2.14675
      vertex 45.25 119.03 6.956
      vertex 148.908 123.03 19.6836
    endloop
  endfacet
  facet normal -0.121869 5.39231e-06 0.992546
    outer loop
      vertex 45.25 119.03 6.956
      vertex 6.0818 123.03 2.14675
      vertex 42.75 119.03 6.64904
    endloop
  endfacet
  facet normal -0.12187 0 0.992546
    outer loop
      vertex 2.5 119.448 1.70696
      vertex 6.5 75.25 2.1981
      vertex 6.5 119.03 2.1981
    endloop
  endfacet
  facet normal -0.12187 0 0.992546
    outer loop
      vertex 6.5 75.25 2.1981
      vertex 2.5 119.448 1.70696
      vertex 6.5 72.75 2.1981
    endloop
  endfacet
  facet normal -0.12187 0 0.992546
    outer loop
      vertex 2.5 6.0818 1.70696
      vertex 6.5 72.75 2.1981
      vertex 2.5 119.448 1.70696
    endloop
  endfacet
  facet normal -0.12187 0 0.992546
    outer loop
      vertex 6.5 72.75 2.1981
      vertex 2.5 6.0818 1.70696
      vertex 6.5 46.25 2.1981
    endloop
  endfacet
  facet normal -0.12187 3.06786e-07 0.992546
    outer loop
      vertex 5.54395 122.995 2.08071
      vertex 6.5 119.03 2.1981
      vertex 6.0818 123.03 2.14675
    endloop
  endfacet
  facet normal -0.121869 3.72321e-07 0.992546
    outer loop
      vertex 42.75 119.03 6.64904
      vertex 6.0818 123.03 2.14675
      vertex 6.5 119.03 2.1981
    endloop
  endfacet
  facet normal -0.121861 5.26822e-06 0.992547
    outer loop
      vertex 148.49 119.03 19.6323
      vertex 152.49 119.448 20.1234
      vertex 152.455 119.986 20.1191
    endloop
  endfacet
  facet normal -0.121896 0.000154199 0.992543
    outer loop
      vertex 148.49 119.03 19.6323
      vertex 152.455 119.986 20.1191
      vertex 152.366 120.435 20.1081
    endloop
  endfacet
  facet normal -0.121808 -9.21334e-05 0.992554
    outer loop
      vertex 148.49 119.03 19.6323
      vertex 152.366 120.435 20.1081
      vertex 152.219 120.867 20.0901
    endloop
  endfacet
  facet normal -0.121738 -0.00023705 0.992562
    outer loop
      vertex 148.49 119.03 19.6323
      vertex 152.219 120.867 20.0901
      vertex 152.016 121.277 20.0653
    endloop
  endfacet
  facet normal -0.121896 1.5169e-05 0.992543
    outer loop
      vertex 148.49 119.03 19.6323
      vertex 152.016 121.277 20.0653
      vertex 151.762 121.657 20.0341
    endloop
  endfacet
  facet normal -0.121934 6.32931e-05 0.992538
    outer loop
      vertex 148.49 119.03 19.6323
      vertex 151.762 121.657 20.0341
      vertex 151.461 122.001 19.9971
    endloop
  endfacet
  facet normal -0.121813 -5.95647e-05 0.992553
    outer loop
      vertex 148.49 119.03 19.6323
      vertex 151.461 122.001 19.9971
      vertex 151.117 122.302 19.9549
    endloop
  endfacet
  facet normal -0.121945 4.82601e-05 0.992537
    outer loop
      vertex 148.49 119.03 19.6323
      vertex 151.117 122.302 19.9549
      vertex 150.737 122.556 19.9082
    endloop
  endfacet
  facet normal -0.121794 -4.95286e-05 0.992555
    outer loop
      vertex 148.49 119.03 19.6323
      vertex 150.737 122.556 19.9082
      vertex 150.327 122.759 19.8579
    endloop
  endfacet
  facet normal -0.122177 0.000142046 0.992508
    outer loop
      vertex 148.49 119.03 19.6323
      vertex 150.327 122.759 19.8579
      vertex 149.895 122.906 19.8047
    endloop
  endfacet
  facet normal -0.121599 -7.05576e-05 0.992579
    outer loop
      vertex 148.49 119.03 19.6323
      vertex 149.895 122.906 19.8047
      vertex 149.446 122.995 19.7497
    endloop
  endfacet
  facet normal -0.121945 1.39263e-05 0.992537
    outer loop
      vertex 148.49 119.03 19.6323
      vertex 149.446 122.995 19.7497
      vertex 148.908 123.03 19.6836
    endloop
  endfacet
  facet normal -0.12186 0 0.992547
    outer loop
      vertex 152.49 119.448 20.1234
      vertex 148.49 119.03 19.6323
      vertex 152.49 116.4 20.1234
    endloop
  endfacet
  facet normal -0.12186 0 0.992547
    outer loop
      vertex 152.49 116.4 20.1234
      vertex 148.49 119.03 19.6323
      vertex 148.49 116.4 19.6323
    endloop
  endfacet
  facet normal -0.121872 0 0.992546
    outer loop
      vertex 116.791 75.25 15.7401
      vertex 143.49 72.75 19.0184
      vertex 143.49 75.25 19.0184
    endloop
  endfacet
  facet normal -0.121872 0 0.992546
    outer loop
      vertex 116.791 75.25 15.7401
      vertex 116.791 72.75 15.7401
      vertex 143.49 72.75 19.0184
    endloop
  endfacet
  facet normal -0.121898 0.0001156 0.992543
    outer loop
      vertex 114.201 74.4975 15.4221
      vertex 116.791 75.25 15.7401
      vertex 116.696 75.5307 15.7284
    endloop
  endfacet
  facet normal -0.121847 0 0.992549
    outer loop
      vertex 116.791 75.25 15.7401
      vertex 114.3 74 15.4343
      vertex 116.791 72.75 15.7401
    endloop
  endfacet
  facet normal -0.121792 -0.000143261 0.992556
    outer loop
      vertex 114.201 74.4975 15.4221
      vertex 116.696 75.5307 15.7284
      vertex 116.464 76 15.7
    endloop
  endfacet
  facet normal -0.121986 -0.000281064 0.992532
    outer loop
      vertex 114.289 73.8303 15.4329
      vertex 116.791 72.75 15.7401
      vertex 114.3 74 15.4343
    endloop
  endfacet
  facet normal -0.12185 -5.57144e-05 0.992549
    outer loop
      vertex 114.201 74.4975 15.4221
      vertex 116.464 76 15.7
      vertex 116.173 76.435 15.6643
    endloop
  endfacet
  facet normal -0.121979 -0.000264247 0.992533
    outer loop
      vertex 114.256 73.6635 15.4288
      vertex 116.791 72.75 15.7401
      vertex 114.289 73.8303 15.4329
    endloop
  endfacet
  facet normal -0.121939 3.69739e-05 0.992538
    outer loop
      vertex 114.201 74.4975 15.4221
      vertex 116.173 76.435 15.6643
      vertex 115.828 76.8284 15.6219
    endloop
  endfacet
  facet normal -0.12178 0.000296656 0.992557
    outer loop
      vertex 114.201 73.5025 15.4221
      vertex 116.791 72.75 15.7401
      vertex 114.256 73.6635 15.4288
    endloop
  endfacet
  facet normal -0.121947 4.21239e-05 0.992537
    outer loop
      vertex 114.201 74.4975 15.4221
      vertex 115.828 76.8284 15.6219
      vertex 115.435 77.1734 15.5736
    endloop
  endfacet
  facet normal -0.121898 -0.0001156 0.992543
    outer loop
      vertex 116.791 72.75 15.7401
      vertex 114.201 73.5025 15.4221
      vertex 116.696 72.4693 15.7284
    endloop
  endfacet
  facet normal -0.121847 -4.49754e-06 0.992549
    outer loop
      vertex 114.201 74.4975 15.4221
      vertex 115.435 77.1734 15.5736
      vertex 115 77.4641 15.5202
    endloop
  endfacet
  facet normal -0.121792 0.000143261 0.992556
    outer loop
      vertex 116.696 72.4693 15.7284
      vertex 114.201 73.5025 15.4221
      vertex 116.464 72 15.7
    endloop
  endfacet
  facet normal -0.121894 8.50091e-06 0.992543
    outer loop
      vertex 114.201 74.4975 15.4221
      vertex 115 77.4641 15.5202
      vertex 114.531 77.6955 15.4626
    endloop
  endfacet
  facet normal -0.121854 4.96496e-05 0.992548
    outer loop
      vertex 114.126 73.35 15.4129
      vertex 116.464 72 15.7
      vertex 114.201 73.5025 15.4221
    endloop
  endfacet
  facet normal -0.12185 5.59583e-05 0.992549
    outer loop
      vertex 116.464 72 15.7
      vertex 114.126 73.35 15.4129
      vertex 116.173 71.5649 15.6643
    endloop
  endfacet
  facet normal -0.121986 0.000281064 0.992532
    outer loop
      vertex 116.791 75.25 15.7401
      vertex 114.289 74.1697 15.4329
      vertex 114.3 74 15.4343
    endloop
  endfacet
  facet normal -0.121979 0.000264247 0.992533
    outer loop
      vertex 116.791 75.25 15.7401
      vertex 114.256 74.3365 15.4288
      vertex 114.289 74.1697 15.4329
    endloop
  endfacet
  facet normal -0.121859 4.8022e-06 0.992547
    outer loop
      vertex 114.201 74.4975 15.4221
      vertex 114.531 77.6955 15.4626
      vertex 114.25 77.7908 15.4281
    endloop
  endfacet
  facet normal -0.12178 -0.000296656 0.992557
    outer loop
      vertex 116.791 75.25 15.7401
      vertex 114.201 74.4975 15.4221
      vertex 114.256 74.3365 15.4288
    endloop
  endfacet
  facet normal -0.121642 0.000297969 0.992574
    outer loop
      vertex 114.031 73.2086 15.4013
      vertex 116.173 71.5649 15.6643
      vertex 114.126 73.35 15.4129
    endloop
  endfacet
  facet normal -0.121913 -6.04175e-05 0.992541
    outer loop
      vertex 116.173 71.5649 15.6643
      vertex 114.031 73.2086 15.4013
      vertex 115.828 71.1716 15.6219
    endloop
  endfacet
  facet normal -0.122067 -0.000198157 0.992522
    outer loop
      vertex 113.919 73.0808 15.3875
      vertex 115.828 71.1716 15.6219
      vertex 114.031 73.2086 15.4013
    endloop
  endfacet
  facet normal -0.121781 4.24176e-05 0.992557
    outer loop
      vertex 113.791 72.9686 15.3718
      vertex 115.435 70.8266 15.5736
      vertex 113.919 73.0808 15.3875
    endloop
  endfacet
  facet normal -0.121931 -6.0232e-05 0.992539
    outer loop
      vertex 115.828 71.1716 15.6219
      vertex 113.919 73.0808 15.3875
      vertex 115.435 70.8266 15.5736
    endloop
  endfacet
  facet normal -0.12187 0 0.992546
    outer loop
      vertex 116.791 46.25 15.7401
      vertex 138.349 43.75 18.3871
      vertex 138.349 46.25 18.3871
    endloop
  endfacet
  facet normal -0.12187 0 0.992546
    outer loop
      vertex 116.791 46.25 15.7401
      vertex 116.791 43.75 15.7401
      vertex 138.349 43.75 18.3871
    endloop
  endfacet
  facet normal -0.121898 0.0001156 0.992543
    outer loop
      vertex 114.201 45.4975 15.4221
      vertex 116.791 46.25 15.7401
      vertex 116.696 46.5307 15.7284
    endloop
  endfacet
  facet normal -0.121847 0 0.992549
    outer loop
      vertex 116.791 46.25 15.7401
      vertex 114.3 45 15.4343
      vertex 116.791 43.75 15.7401
    endloop
  endfacet
  facet normal -0.121792 -0.000143261 0.992556
    outer loop
      vertex 114.201 45.4975 15.4221
      vertex 116.696 46.5307 15.7284
      vertex 116.464 47 15.7
    endloop
  endfacet
  facet normal -0.121986 -0.000281064 0.992532
    outer loop
      vertex 114.289 44.8303 15.4329
      vertex 116.791 43.75 15.7401
      vertex 114.3 45 15.4343
    endloop
  endfacet
  facet normal -0.12185 -5.59676e-05 0.992549
    outer loop
      vertex 114.126 45.65 15.4129
      vertex 116.464 47 15.7
      vertex 116.173 47.435 15.6643
    endloop
  endfacet
  facet normal -0.121979 -0.000264247 0.992533
    outer loop
      vertex 114.256 44.6635 15.4288
      vertex 116.791 43.75 15.7401
      vertex 114.289 44.8303 15.4329
    endloop
  endfacet
  facet normal -0.121913 6.04098e-05 0.992541
    outer loop
      vertex 114.031 45.7914 15.4013
      vertex 116.173 47.435 15.6643
      vertex 115.828 47.8284 15.6219
    endloop
  endfacet
  facet normal -0.12178 0.000296656 0.992557
    outer loop
      vertex 114.201 44.5025 15.4221
      vertex 116.791 43.75 15.7401
      vertex 114.256 44.6635 15.4288
    endloop
  endfacet
  facet normal -0.121931 6.0232e-05 0.992539
    outer loop
      vertex 113.919 45.9192 15.3875
      vertex 115.828 47.8284 15.6219
      vertex 115.435 48.1734 15.5736
    endloop
  endfacet
  facet normal -0.121898 -0.0001156 0.992543
    outer loop
      vertex 116.791 43.75 15.7401
      vertex 114.201 44.5025 15.4221
      vertex 116.696 43.4693 15.7284
    endloop
  endfacet
  facet normal -0.121841 4.64703e-06 0.99255
    outer loop
      vertex 113.791 46.0314 15.3718
      vertex 115.435 48.1734 15.5736
      vertex 115 48.4641 15.5202
    endloop
  endfacet
  facet normal -0.121792 0.000143261 0.992556
    outer loop
      vertex 116.696 43.4693 15.7284
      vertex 114.201 44.5025 15.4221
      vertex 116.464 43 15.7
    endloop
  endfacet
  facet normal -0.121883 3.28957e-05 0.992545
    outer loop
      vertex 113.65 46.1258 15.3545
      vertex 115 48.4641 15.5202
      vertex 114.531 48.6955 15.4626
    endloop
  endfacet
  facet normal -0.121854 4.96496e-05 0.992548
    outer loop
      vertex 114.126 44.35 15.4129
      vertex 116.464 43 15.7
      vertex 114.201 44.5025 15.4221
    endloop
  endfacet
  facet normal -0.12185 5.59583e-05 0.992549
    outer loop
      vertex 116.464 43 15.7
      vertex 114.126 44.35 15.4129
      vertex 116.173 42.5649 15.6643
    endloop
  endfacet
  facet normal -0.121986 0.000281064 0.992532
    outer loop
      vertex 116.791 46.25 15.7401
      vertex 114.289 45.1697 15.4329
      vertex 114.3 45 15.4343
    endloop
  endfacet
  facet normal -0.121979 0.000264247 0.992533
    outer loop
      vertex 116.791 46.25 15.7401
      vertex 114.256 45.3365 15.4288
      vertex 114.289 45.1697 15.4329
    endloop
  endfacet
  facet normal -0.121855 1.75047e-05 0.992548
    outer loop
      vertex 113.497 46.201 15.3357
      vertex 114.531 48.6955 15.4626
      vertex 114.25 48.7908 15.4281
    endloop
  endfacet
  facet normal -0.121841 -4.64703e-06 0.99255
    outer loop
      vertex 115.435 70.8266 15.5736
      vertex 113.791 72.9686 15.3718
      vertex 115 70.5359 15.5202
    endloop
  endfacet
  facet normal -0.12178 -0.000296656 0.992557
    outer loop
      vertex 116.791 46.25 15.7401
      vertex 114.201 45.4975 15.4221
      vertex 114.256 45.3365 15.4288
    endloop
  endfacet
  facet normal -0.121794 1.88897e-05 0.992555
    outer loop
      vertex 113.65 72.8742 15.3545
      vertex 115 70.5359 15.5202
      vertex 113.791 72.9686 15.3718
    endloop
  endfacet
  facet normal -0.121854 -4.96496e-05 0.992548
    outer loop
      vertex 116.464 47 15.7
      vertex 114.126 45.65 15.4129
      vertex 114.201 45.4975 15.4221
    endloop
  endfacet
  facet normal -0.121883 -3.28957e-05 0.992545
    outer loop
      vertex 115 70.5359 15.5202
      vertex 113.65 72.8742 15.3545
      vertex 114.531 70.3045 15.4626
    endloop
  endfacet
  facet normal -0.121642 -0.000297975 0.992574
    outer loop
      vertex 116.173 47.435 15.6643
      vertex 114.031 45.7914 15.4013
      vertex 114.126 45.65 15.4129
    endloop
  endfacet
  facet normal -0.121845 0 0.992549
    outer loop
      vertex 114.25 70.2092 15.4281
      vertex 111.75 70.2092 15.1212
      vertex 114.25 48.7908 15.4281
    endloop
  endfacet
  facet normal -0.122067 0.000198157 0.992522
    outer loop
      vertex 115.828 47.8284 15.6219
      vertex 113.919 45.9192 15.3875
      vertex 114.031 45.7914 15.4013
    endloop
  endfacet
  facet normal -0.121934 -5.07703e-05 0.992538
    outer loop
      vertex 113.497 72.799 15.3357
      vertex 114.531 70.3045 15.4626
      vertex 113.65 72.8742 15.3545
    endloop
  endfacet
  facet normal -0.121845 0 0.992549
    outer loop
      vertex 111.75 48.7908 15.1212
      vertex 114.25 48.7908 15.4281
      vertex 111.75 70.2092 15.1212
    endloop
  endfacet
  facet normal -0.121855 -1.75047e-05 0.992548
    outer loop
      vertex 114.531 70.3045 15.4626
      vertex 113.497 72.799 15.3357
      vertex 114.25 70.2092 15.4281
    endloop
  endfacet
  facet normal -0.121845 1.99243e-05 0.992549
    outer loop
      vertex 113 46.3 15.2747
      vertex 114.25 48.7908 15.4281
      vertex 111.75 48.7908 15.1212
    endloop
  endfacet
  facet normal -0.121485 9.16446e-05 0.992593
    outer loop
      vertex 113.336 72.7443 15.316
      vertex 114.25 70.2092 15.4281
      vertex 113.497 72.799 15.3357
    endloop
  endfacet
  facet normal -0.121781 -4.24176e-05 0.992557
    outer loop
      vertex 115.435 48.1734 15.5736
      vertex 113.791 46.0314 15.3718
      vertex 113.919 45.9192 15.3875
    endloop
  endfacet
  facet normal -0.122507 -0.000282449 0.992468
    outer loop
      vertex 113.17 72.7111 15.2955
      vertex 114.25 70.2092 15.4281
      vertex 113.336 72.7443 15.316
    endloop
  endfacet
  facet normal -0.121794 -1.88897e-05 0.992555
    outer loop
      vertex 115 48.4641 15.5202
      vertex 113.65 46.1258 15.3545
      vertex 113.791 46.0314 15.3718
    endloop
  endfacet
  facet normal -0.121459 0.000177042 0.992596
    outer loop
      vertex 113 72.7 15.2747
      vertex 114.25 70.2092 15.4281
      vertex 113.17 72.7111 15.2955
    endloop
  endfacet
  facet normal -0.121934 5.07703e-05 0.992538
    outer loop
      vertex 114.531 48.6955 15.4626
      vertex 113.497 46.201 15.3357
      vertex 113.65 46.1258 15.3545
    endloop
  endfacet
  facet normal -0.121845 -1.99243e-05 0.992549
    outer loop
      vertex 114.25 70.2092 15.4281
      vertex 113 72.7 15.2747
      vertex 111.75 70.2092 15.1212
    endloop
  endfacet
  facet normal -0.121485 -9.16446e-05 0.992593
    outer loop
      vertex 114.25 48.7908 15.4281
      vertex 113.336 46.2557 15.316
      vertex 113.497 46.201 15.3357
    endloop
  endfacet
  facet normal -0.122018 6.80885e-05 0.992528
    outer loop
      vertex 111.75 70.2092 15.1212
      vertex 113 72.7 15.2747
      vertex 112.83 72.7111 15.2538
    endloop
  endfacet
  facet normal -0.122507 0.000282449 0.992468
    outer loop
      vertex 114.25 48.7908 15.4281
      vertex 113.17 46.2889 15.2955
      vertex 113.336 46.2557 15.316
    endloop
  endfacet
  facet normal -0.122507 0.000282449 0.992468
    outer loop
      vertex 111.75 70.2092 15.1212
      vertex 112.83 72.7111 15.2538
      vertex 112.664 72.7443 15.2333
    endloop
  endfacet
  facet normal -0.121459 -0.000177042 0.992596
    outer loop
      vertex 114.25 48.7908 15.4281
      vertex 113 46.3 15.2747
      vertex 113.17 46.2889 15.2955
    endloop
  endfacet
  facet normal -0.121485 -9.16446e-05 0.992593
    outer loop
      vertex 111.75 70.2092 15.1212
      vertex 112.664 72.7443 15.2333
      vertex 112.503 72.799 15.2136
    endloop
  endfacet
  facet normal -0.122018 -6.80885e-05 0.992528
    outer loop
      vertex 113 46.3 15.2747
      vertex 111.75 48.7908 15.1212
      vertex 112.83 46.2889 15.2538
    endloop
  endfacet
  facet normal -0.121934 5.07703e-05 0.992538
    outer loop
      vertex 111.469 70.3045 15.0867
      vertex 112.503 72.799 15.2136
      vertex 112.35 72.8742 15.1948
    endloop
  endfacet
  facet normal -0.122507 -0.000282449 0.992468
    outer loop
      vertex 112.83 46.2889 15.2538
      vertex 111.75 48.7908 15.1212
      vertex 112.664 46.2557 15.2333
    endloop
  endfacet
  facet normal -0.121794 -1.88897e-05 0.992555
    outer loop
      vertex 111 70.5359 15.0291
      vertex 112.35 72.8742 15.1948
      vertex 112.209 72.9686 15.1775
    endloop
  endfacet
  facet normal -0.121485 9.16446e-05 0.992593
    outer loop
      vertex 112.664 46.2557 15.2333
      vertex 111.75 48.7908 15.1212
      vertex 112.503 46.201 15.2136
    endloop
  endfacet
  facet normal -0.121781 -4.24176e-05 0.992557
    outer loop
      vertex 110.565 70.8266 14.9757
      vertex 112.209 72.9686 15.1775
      vertex 112.081 73.0808 15.1618
    endloop
  endfacet
  facet normal -0.121855 -1.75047e-05 0.992548
    outer loop
      vertex 111.469 48.6955 15.0867
      vertex 112.503 46.201 15.2136
      vertex 111.75 48.7908 15.1212
    endloop
  endfacet
  facet normal -0.122067 0.000198157 0.992522
    outer loop
      vertex 110.172 71.1716 14.9274
      vertex 112.081 73.0808 15.1618
      vertex 111.969 73.2086 15.148
    endloop
  endfacet
  facet normal -0.121934 -5.07703e-05 0.992538
    outer loop
      vertex 112.503 46.201 15.2136
      vertex 111.469 48.6955 15.0867
      vertex 112.35 46.1258 15.1948
    endloop
  endfacet
  facet normal -0.121642 -0.000297969 0.992574
    outer loop
      vertex 109.827 71.5649 14.885
      vertex 111.969 73.2086 15.148
      vertex 111.874 73.35 15.1364
    endloop
  endfacet
  facet normal -0.121883 -3.28957e-05 0.992545
    outer loop
      vertex 111 48.4641 15.0291
      vertex 112.35 46.1258 15.1948
      vertex 111.469 48.6955 15.0867
    endloop
  endfacet
  facet normal -0.121854 -4.96496e-05 0.992548
    outer loop
      vertex 109.536 72 14.8493
      vertex 111.874 73.35 15.1364
      vertex 111.799 73.5025 15.1272
    endloop
  endfacet
  facet normal -0.121794 1.88897e-05 0.992555
    outer loop
      vertex 112.35 46.1258 15.1948
      vertex 111 48.4641 15.0291
      vertex 112.209 46.0314 15.1775
    endloop
  endfacet
  facet normal -0.121841 -4.64703e-06 0.99255
    outer loop
      vertex 110.565 48.1734 14.9757
      vertex 112.209 46.0314 15.1775
      vertex 111 48.4641 15.0291
    endloop
  endfacet
  facet normal -0.12178 -0.000296656 0.992557
    outer loop
      vertex 109.209 72.75 14.8092
      vertex 111.799 73.5025 15.1272
      vertex 111.744 73.6635 15.1205
    endloop
  endfacet
  facet normal -0.121979 0.000264247 0.992533
    outer loop
      vertex 109.209 72.75 14.8092
      vertex 111.744 73.6635 15.1205
      vertex 111.711 73.8303 15.1164
    endloop
  endfacet
  facet normal -0.121986 0.000281064 0.992532
    outer loop
      vertex 109.209 72.75 14.8092
      vertex 111.711 73.8303 15.1164
      vertex 111.7 74 15.115
    endloop
  endfacet
  facet normal -0.12185 5.59676e-05 0.992549
    outer loop
      vertex 109.536 76 14.8493
      vertex 111.874 74.65 15.1364
      vertex 109.827 76.435 14.885
    endloop
  endfacet
  facet normal -0.121854 4.96496e-05 0.992548
    outer loop
      vertex 111.874 74.65 15.1364
      vertex 109.536 76 14.8493
      vertex 111.799 74.4975 15.1272
    endloop
  endfacet
  facet normal -0.121883 3.28957e-05 0.992545
    outer loop
      vertex 112.35 72.8742 15.1948
      vertex 111 70.5359 15.0291
      vertex 111.469 70.3045 15.0867
    endloop
  endfacet
  facet normal -0.121855 1.75047e-05 0.992548
    outer loop
      vertex 112.503 72.799 15.2136
      vertex 111.469 70.3045 15.0867
      vertex 111.75 70.2092 15.1212
    endloop
  endfacet
  facet normal -0.121792 0.000143261 0.992556
    outer loop
      vertex 109.304 75.5307 14.8209
      vertex 111.799 74.4975 15.1272
      vertex 109.536 76 14.8493
    endloop
  endfacet
  facet normal -0.121841 4.64703e-06 0.99255
    outer loop
      vertex 112.209 72.9686 15.1775
      vertex 110.565 70.8266 14.9757
      vertex 111 70.5359 15.0291
    endloop
  endfacet
  facet normal -0.121898 -0.0001156 0.992543
    outer loop
      vertex 109.209 75.25 14.8092
      vertex 111.799 74.4975 15.1272
      vertex 109.304 75.5307 14.8209
    endloop
  endfacet
  facet normal -0.121931 6.0232e-05 0.992539
    outer loop
      vertex 112.081 73.0808 15.1618
      vertex 110.172 71.1716 14.9274
      vertex 110.565 70.8266 14.9757
    endloop
  endfacet
  facet normal -0.12178 0.000296656 0.992557
    outer loop
      vertex 111.799 74.4975 15.1272
      vertex 109.209 75.25 14.8092
      vertex 111.744 74.3365 15.1205
    endloop
  endfacet
  facet normal -0.121913 6.04175e-05 0.992541
    outer loop
      vertex 111.969 73.2086 15.148
      vertex 109.827 71.5649 14.885
      vertex 110.172 71.1716 14.9274
    endloop
  endfacet
  facet normal -0.121979 -0.000264247 0.992533
    outer loop
      vertex 111.744 74.3365 15.1205
      vertex 109.209 75.25 14.8092
      vertex 111.711 74.1697 15.1164
    endloop
  endfacet
  facet normal -0.121847 0 0.992549
    outer loop
      vertex 109.209 72.75 14.8092
      vertex 111.7 74 15.115
      vertex 109.209 75.25 14.8092
    endloop
  endfacet
  facet normal -0.121986 -0.000281064 0.992532
    outer loop
      vertex 111.711 74.1697 15.1164
      vertex 109.209 75.25 14.8092
      vertex 111.7 74 15.115
    endloop
  endfacet
  facet normal -0.121898 0.0001156 0.992543
    outer loop
      vertex 111.799 73.5025 15.1272
      vertex 109.209 72.75 14.8092
      vertex 109.304 72.4693 14.8209
    endloop
  endfacet
  facet normal -0.12185 -5.59583e-05 0.992549
    outer loop
      vertex 111.874 73.35 15.1364
      vertex 109.536 72 14.8493
      vertex 109.827 71.5649 14.885
    endloop
  endfacet
  facet normal -0.121792 -0.000143261 0.992556
    outer loop
      vertex 111.799 73.5025 15.1272
      vertex 109.304 72.4693 14.8209
      vertex 109.536 72 14.8493
    endloop
  endfacet
  facet normal -0.12187 0 0.992546
    outer loop
      vertex 47.7908 75.25 7.26797
      vertex 109.209 72.75 14.8092
      vertex 109.209 75.25 14.8092
    endloop
  endfacet
  facet normal -0.12187 0 0.992546
    outer loop
      vertex 47.7908 75.25 7.26797
      vertex 47.7908 72.75 7.26797
      vertex 109.209 72.75 14.8092
    endloop
  endfacet
  facet normal -0.121866 -3.52195e-06 0.992547
    outer loop
      vertex 45.201 74.4975 6.94999
      vertex 47.7908 75.25 7.26797
      vertex 47.6955 75.5307 7.25627
    endloop
  endfacet
  facet normal -0.121869 0 0.992546
    outer loop
      vertex 47.7908 75.25 7.26797
      vertex 45.3 74 6.96214
      vertex 47.7908 72.75 7.26797
    endloop
  endfacet
  facet normal -0.121866 -3.13095e-06 0.992547
    outer loop
      vertex 45.201 74.4975 6.94999
      vertex 47.6955 75.5307 7.25627
      vertex 47.4641 76 7.22786
    endloop
  endfacet
  facet normal -0.121889 -4.0203e-05 0.992544
    outer loop
      vertex 45.2889 73.8303 6.96077
      vertex 47.7908 72.75 7.26797
      vertex 45.3 74 6.96214
    endloop
  endfacet
  facet normal -0.121865 -4.72799e-06 0.992547
    outer loop
      vertex 45.201 74.4975 6.94999
      vertex 47.4641 76 7.22786
      vertex 47.1734 76.435 7.19217
    endloop
  endfacet
  facet normal -0.121856 3.57151e-05 0.992548
    outer loop
      vertex 45.2557 73.6635 6.9567
      vertex 47.7908 72.75 7.26797
      vertex 45.2889 73.8303 6.96077
    endloop
  endfacet
  facet normal -0.121868 -8.49352e-07 0.992546
    outer loop
      vertex 45.201 74.4975 6.94999
      vertex 47.1734 76.435 7.19217
      vertex 46.8284 76.8284 7.14981
    endloop
  endfacet
  facet normal -0.121857 3.45524e-05 0.992548
    outer loop
      vertex 45.201 73.5025 6.94999
      vertex 47.7908 72.75 7.26797
      vertex 45.2557 73.6635 6.9567
    endloop
  endfacet
  facet normal -0.121864 -3.87236e-06 0.992547
    outer loop
      vertex 45.201 74.4975 6.94999
      vertex 46.8284 76.8284 7.14981
      vertex 46.435 77.1734 7.10151
    endloop
  endfacet
  facet normal -0.121866 3.52195e-06 0.992547
    outer loop
      vertex 47.7908 72.75 7.26797
      vertex 45.201 73.5025 6.94999
      vertex 47.6955 72.4693 7.25627
    endloop
  endfacet
  facet normal -0.121885 5.91848e-06 0.992544
    outer loop
      vertex 45.201 74.4975 6.94999
      vertex 46.435 77.1734 7.10151
      vertex 46 77.4641 7.04809
    endloop
  endfacet
  facet normal -0.121866 3.13095e-06 0.992547
    outer loop
      vertex 47.6955 72.4693 7.25627
      vertex 45.201 73.5025 6.94999
      vertex 47.4641 72 7.22786
    endloop
  endfacet
  facet normal -0.121864 3.14672e-08 0.992547
    outer loop
      vertex 45.201 74.4975 6.94999
      vertex 46 77.4641 7.04809
      vertex 45.5307 77.6955 6.99047
    endloop
  endfacet
  facet normal -0.121857 1.60568e-05 0.992548
    outer loop
      vertex 45.1258 73.35 6.94076
      vertex 47.4641 72 7.22786
      vertex 45.201 73.5025 6.94999
    endloop
  endfacet
  facet normal -0.121864 4.25436e-06 0.992547
    outer loop
      vertex 47.4641 72 7.22786
      vertex 45.1258 73.35 6.94076
      vertex 47.1734 71.5649 7.19217
    endloop
  endfacet
  facet normal -0.121889 4.0203e-05 0.992544
    outer loop
      vertex 47.7908 75.25 7.26797
      vertex 45.2889 74.1697 6.96077
      vertex 45.3 74 6.96214
    endloop
  endfacet
  facet normal -0.121856 -3.57151e-05 0.992548
    outer loop
      vertex 47.7908 75.25 7.26797
      vertex 45.2557 74.3365 6.9567
      vertex 45.2889 74.1697 6.96077
    endloop
  endfacet
  facet normal -0.121884 2.16114e-06 0.992544
    outer loop
      vertex 45.201 74.4975 6.94999
      vertex 45.5307 77.6955 6.99047
      vertex 45.25 77.7908 6.956
    endloop
  endfacet
  facet normal -0.121857 -3.45524e-05 0.992548
    outer loop
      vertex 47.7908 75.25 7.26797
      vertex 45.201 74.4975 6.94999
      vertex 45.2557 74.3365 6.9567
    endloop
  endfacet
  facet normal -0.121642 0.000297969 0.992574
    outer loop
      vertex 114.031 44.2086 15.4013
      vertex 116.173 42.5649 15.6643
      vertex 114.126 44.35 15.4129
    endloop
  endfacet
  facet normal -0.121913 -6.04175e-05 0.992541
    outer loop
      vertex 116.173 42.5649 15.6643
      vertex 114.031 44.2086 15.4013
      vertex 115.828 42.1716 15.6219
    endloop
  endfacet
  facet normal -0.122067 -0.000198157 0.992522
    outer loop
      vertex 113.919 44.0808 15.3875
      vertex 115.828 42.1716 15.6219
      vertex 114.031 44.2086 15.4013
    endloop
  endfacet
  facet normal -0.121931 -6.0232e-05 0.992539
    outer loop
      vertex 115.828 42.1716 15.6219
      vertex 113.919 44.0808 15.3875
      vertex 115.435 41.8266 15.5736
    endloop
  endfacet
  facet normal -0.121781 4.24176e-05 0.992557
    outer loop
      vertex 113.791 43.9686 15.3718
      vertex 115.435 41.8266 15.5736
      vertex 113.919 44.0808 15.3875
    endloop
  endfacet
  facet normal -0.121841 -4.64703e-06 0.99255
    outer loop
      vertex 115.435 41.8266 15.5736
      vertex 113.791 43.9686 15.3718
      vertex 115 41.5359 15.5202
    endloop
  endfacet
  facet normal -0.121794 1.88897e-05 0.992555
    outer loop
      vertex 113.65 43.8742 15.3545
      vertex 115 41.5359 15.5202
      vertex 113.791 43.9686 15.3718
    endloop
  endfacet
  facet normal -0.121883 -3.28957e-05 0.992545
    outer loop
      vertex 115 41.5359 15.5202
      vertex 113.65 43.8742 15.3545
      vertex 114.531 41.3045 15.4626
    endloop
  endfacet
  facet normal -0.121934 -5.07703e-05 0.992538
    outer loop
      vertex 113.497 43.799 15.3357
      vertex 114.531 41.3045 15.4626
      vertex 113.65 43.8742 15.3545
    endloop
  endfacet
  facet normal -0.121855 -1.75047e-05 0.992548
    outer loop
      vertex 114.531 41.3045 15.4626
      vertex 113.497 43.799 15.3357
      vertex 114.25 41.2092 15.4281
    endloop
  endfacet
  facet normal -0.121485 9.16446e-05 0.992593
    outer loop
      vertex 113.336 43.7443 15.316
      vertex 114.25 41.2092 15.4281
      vertex 113.497 43.799 15.3357
    endloop
  endfacet
  facet normal -0.122507 -0.000282449 0.992468
    outer loop
      vertex 113.17 43.7111 15.2955
      vertex 114.25 41.2092 15.4281
      vertex 113.336 43.7443 15.316
    endloop
  endfacet
  facet normal -0.121459 0.000177042 0.992596
    outer loop
      vertex 113 43.7 15.2747
      vertex 114.25 41.2092 15.4281
      vertex 113.17 43.7111 15.2955
    endloop
  endfacet
  facet normal -0.121845 -1.99243e-05 0.992549
    outer loop
      vertex 114.25 41.2092 15.4281
      vertex 113 43.7 15.2747
      vertex 111.75 41.2092 15.1212
    endloop
  endfacet
  facet normal -0.122018 6.80885e-05 0.992528
    outer loop
      vertex 111.75 41.2092 15.1212
      vertex 113 43.7 15.2747
      vertex 112.83 43.7111 15.2538
    endloop
  endfacet
  facet normal -0.122507 0.000282449 0.992468
    outer loop
      vertex 111.75 41.2092 15.1212
      vertex 112.83 43.7111 15.2538
      vertex 112.664 43.7443 15.2333
    endloop
  endfacet
  facet normal -0.121485 -9.16446e-05 0.992593
    outer loop
      vertex 111.75 41.2092 15.1212
      vertex 112.664 43.7443 15.2333
      vertex 112.503 43.799 15.2136
    endloop
  endfacet
  facet normal -0.121934 5.07703e-05 0.992538
    outer loop
      vertex 111.469 41.3045 15.0867
      vertex 112.503 43.799 15.2136
      vertex 112.35 43.8742 15.1948
    endloop
  endfacet
  facet normal -0.121794 -1.88897e-05 0.992555
    outer loop
      vertex 111 41.5359 15.0291
      vertex 112.35 43.8742 15.1948
      vertex 112.209 43.9686 15.1775
    endloop
  endfacet
  facet normal -0.121781 -4.24176e-05 0.992557
    outer loop
      vertex 110.565 41.8266 14.9757
      vertex 112.209 43.9686 15.1775
      vertex 112.081 44.0808 15.1618
    endloop
  endfacet
  facet normal -0.122067 0.000198157 0.992522
    outer loop
      vertex 110.172 42.1716 14.9274
      vertex 112.081 44.0808 15.1618
      vertex 111.969 44.2086 15.148
    endloop
  endfacet
  facet normal -0.121642 -0.000297969 0.992574
    outer loop
      vertex 109.827 42.5649 14.885
      vertex 111.969 44.2086 15.148
      vertex 111.874 44.35 15.1364
    endloop
  endfacet
  facet normal -0.121854 -4.96496e-05 0.992548
    outer loop
      vertex 109.536 43 14.8493
      vertex 111.874 44.35 15.1364
      vertex 111.799 44.5025 15.1272
    endloop
  endfacet
  facet normal -0.121845 0 0.992549
    outer loop
      vertex 111.75 14.5259 15.1212
      vertex 114.25 41.2092 15.4281
      vertex 111.75 41.2092 15.1212
    endloop
  endfacet
  facet normal -0.121845 0 0.992549
    outer loop
      vertex 114.25 41.2092 15.4281
      vertex 111.75 14.5259 15.1212
      vertex 114.25 14.0841 15.4281
    endloop
  endfacet
  facet normal -0.121884 -4.71885e-05 0.992544
    outer loop
      vertex 70.6485 16.278 10.0745
      vertex 73.6485 16.278 10.4429
      vertex 73.5887 17.1917 10.4356
    endloop
  endfacet
  facet normal -0.121906 5.71012e-05 0.992542
    outer loop
      vertex 70.6143 16.8001 10.0703
      vertex 73.5887 17.1917 10.4356
      vertex 73.41 18.0897 10.4136
    endloop
  endfacet
  facet normal -0.121884 4.71885e-05 0.992544
    outer loop
      vertex 73.6485 16.278 10.4429
      vertex 70.6485 16.278 10.0745
      vertex 73.5887 15.3643 10.4356
    endloop
  endfacet
  facet normal -0.121858 -3.67013e-05 0.992548
    outer loop
      vertex 70.5122 17.3133 10.0578
      vertex 73.41 18.0897 10.4136
      vertex 73.1157 18.9568 10.3775
    endloop
  endfacet
  facet normal -0.121899 4.94267e-07 0.992543
    outer loop
      vertex 70.6143 15.7559 10.0703
      vertex 73.5887 15.3643 10.4356
      vertex 70.6485 16.278 10.0745
    endloop
  endfacet
  facet normal -0.121855 -2.64267e-05 0.992548
    outer loop
      vertex 70.3441 17.8087 10.0372
      vertex 73.1157 18.9568 10.3775
      vertex 72.7107 19.778 10.3278
    endloop
  endfacet
  facet normal -0.121906 -5.71012e-05 0.992542
    outer loop
      vertex 73.5887 15.3643 10.4356
      vertex 70.6143 15.7559 10.0703
      vertex 73.41 14.4663 10.4136
    endloop
  endfacet
  facet normal -0.12185 6.63295e-05 0.992549
    outer loop
      vertex 70.5122 15.2427 10.0578
      vertex 73.41 14.4663 10.4136
      vertex 70.6143 15.7559 10.0703
    endloop
  endfacet
  facet normal -0.121916 1.99451e-05 0.99254
    outer loop
      vertex 70.1126 18.278 10.0087
      vertex 72.7107 19.778 10.3278
      vertex 72.202 20.5393 10.2653
    endloop
  endfacet
  facet normal -0.121858 3.67013e-05 0.992548
    outer loop
      vertex 73.41 14.4663 10.4136
      vertex 70.5122 15.2427 10.0578
      vertex 73.1157 13.5992 10.3775
    endloop
  endfacet
  facet normal -0.121838 6.93814e-05 0.99255
    outer loop
      vertex 70.3441 14.7473 10.0372
      vertex 73.1157 13.5992 10.3775
      vertex 70.5122 15.2427 10.0578
    endloop
  endfacet
  facet normal -0.121856 -2.43664e-05 0.992548
    outer loop
      vertex 69.822 18.713 9.97306
      vertex 72.202 20.5393 10.2653
      vertex 71.5983 21.2277 10.1912
    endloop
  endfacet
  facet normal -0.121855 2.64267e-05 0.992548
    outer loop
      vertex 73.1157 13.5992 10.3775
      vertex 70.3441 14.7473 10.0372
      vertex 72.7107 12.778 10.3278
    endloop
  endfacet
  facet normal -0.121934 4.84403e-05 0.992538
    outer loop
      vertex 69.477 19.1064 9.9307
      vertex 71.5983 21.2277 10.1912
      vertex 70.9099 21.8315 10.1066
    endloop
  endfacet
  facet normal -0.121967 -0.00011037 0.992534
    outer loop
      vertex 70.1126 14.278 10.0087
      vertex 72.7107 12.778 10.3278
      vertex 70.3441 14.7473 10.0372
    endloop
  endfacet
  facet normal -0.121934 -5.1353e-05 0.992538
    outer loop
      vertex 72.7107 12.778 10.3278
      vertex 70.1126 14.278 10.0087
      vertex 72.3186 12.1912 10.2796
    endloop
  endfacet
  facet normal -0.121899 -4.94267e-07 0.992543
    outer loop
      vertex 73.5887 17.1917 10.4356
      vertex 70.6143 16.8001 10.0703
      vertex 70.6485 16.278 10.0745
    endloop
  endfacet
  facet normal -0.12185 -6.63295e-05 0.992549
    outer loop
      vertex 73.41 18.0897 10.4136
      vertex 70.5122 17.3133 10.0578
      vertex 70.6143 16.8001 10.0703
    endloop
  endfacet
  facet normal -0.121838 -6.93814e-05 0.99255
    outer loop
      vertex 73.1157 18.9568 10.3775
      vertex 70.3441 17.8087 10.0372
      vertex 70.5122 17.3133 10.0578
    endloop
  endfacet
  facet normal -0.121787 -4.68751e-05 0.992556
    outer loop
      vertex 69.0836 19.4514 9.8824
      vertex 70.9099 21.8315 10.1066
      vertex 70.1485 22.3402 10.0132
    endloop
  endfacet
  facet normal -0.121967 0.00011037 0.992534
    outer loop
      vertex 72.7107 19.778 10.3278
      vertex 70.1126 18.278 10.0087
      vertex 70.3441 17.8087 10.0372
    endloop
  endfacet
  facet normal -0.121826 -6.44858e-05 0.992551
    outer loop
      vertex 72.202 20.5393 10.2653
      vertex 69.822 18.713 9.97306
      vertex 70.1126 18.278 10.0087
    endloop
  endfacet
  facet normal -0.121878 -9.01825e-06 0.992545
    outer loop
      vertex 71.5983 21.2277 10.1912
      vertex 69.477 19.1064 9.9307
      vertex 69.822 18.713 9.97306
    endloop
  endfacet
  facet normal -0.121921 1.39547e-05 0.99254
    outer loop
      vertex 68.6485 19.7421 9.82898
      vertex 70.1485 22.3402 10.0132
      vertex 69.3273 22.7451 9.91232
    endloop
  endfacet
  facet normal -0.121855 6.34281e-06 0.992548
    outer loop
      vertex 70.9099 21.8315 10.1066
      vertex 69.0836 19.4514 9.8824
      vertex 69.477 19.1064 9.9307
    endloop
  endfacet
  facet normal -0.121871 -1.5284e-05 0.992546
    outer loop
      vertex 70.1485 22.3402 10.0132
      vertex 68.6485 19.7421 9.82898
      vertex 69.0836 19.4514 9.8824
    endloop
  endfacet
  facet normal -0.121875 1.36156e-06 0.992545
    outer loop
      vertex 68.1793 19.9735 9.77136
      vertex 69.3273 22.7451 9.91232
      vertex 68.4603 23.0395 9.80586
    endloop
  endfacet
  facet normal -0.121886 5.91186e-06 0.992544
    outer loop
      vertex 69.3273 22.7451 9.91232
      vertex 68.1793 19.9735 9.77136
      vertex 68.6485 19.7421 9.82898
    endloop
  endfacet
  facet normal -0.121858 1.18167e-06 0.992548
    outer loop
      vertex 67.6838 20.1417 9.71053
      vertex 68.4603 23.0395 9.80586
      vertex 67.9 23.1509 9.73707
    endloop
  endfacet
  facet normal -0.12185 -9.63106e-07 0.992548
    outer loop
      vertex 68.4603 23.0395 9.80586
      vertex 67.6838 20.1417 9.71053
      vertex 68.1793 19.9735 9.77136
    endloop
  endfacet
  facet normal -0.121869 0 0.992546
    outer loop
      vertex 67.9 25.4051 9.73707
      vertex 65.4 25.4045 9.43011
      vertex 67.9 23.1509 9.73707
    endloop
  endfacet
  facet normal -0.121877 -5.00473e-06 0.992545
    outer loop
      vertex 66.6485 28.278 9.58341
      vertex 67.9 25.4051 9.73707
      vertex 67.1706 28.3122 9.64752
    endloop
  endfacet
  facet normal -0.121869 0 0.992546
    outer loop
      vertex 65.4 23.1515 9.43011
      vertex 67.9 23.1509 9.73707
      vertex 65.4 25.4045 9.43011
    endloop
  endfacet
  facet normal -0.121869 -1.4426e-06 0.992546
    outer loop
      vertex 67.9 25.4051 9.73707
      vertex 66.6485 28.278 9.58341
      vertex 65.4 25.4045 9.43011
    endloop
  endfacet
  facet normal -0.121869 1.4426e-06 0.992546
    outer loop
      vertex 66.6485 20.278 9.58341
      vertex 67.9 23.1509 9.73707
      vertex 65.4 23.1515 9.43011
    endloop
  endfacet
  facet normal -0.121859 -5.84096e-06 0.992547
    outer loop
      vertex 65.4 25.4045 9.43011
      vertex 66.6485 28.278 9.58341
      vertex 66.1264 28.3122 9.51931
    endloop
  endfacet
  facet normal -0.121863 1.5423e-06 0.992547
    outer loop
      vertex 67.9 23.1509 9.73707
      vertex 67.1706 20.2438 9.64752
      vertex 67.6838 20.1417 9.71053
    endloop
  endfacet
  facet normal -0.121887 1.23204e-06 0.992544
    outer loop
      vertex 65.4 25.4045 9.43011
      vertex 66.1264 28.3122 9.51931
      vertex 65.6133 28.4143 9.4563
    endloop
  endfacet
  facet normal -0.121877 5.00473e-06 0.992545
    outer loop
      vertex 67.9 23.1509 9.73707
      vertex 66.6485 20.278 9.58341
      vertex 67.1706 20.2438 9.64752
    endloop
  endfacet
  facet normal -0.121859 5.84096e-06 0.992547
    outer loop
      vertex 66.6485 20.278 9.58341
      vertex 65.4 23.1515 9.43011
      vertex 66.1264 20.2438 9.51931
    endloop
  endfacet
  facet normal -0.12187 8.17371e-07 0.992546
    outer loop
      vertex 64.8368 25.5165 9.36096
      vertex 65.6133 28.4143 9.4563
      vertex 65.1178 28.5825 9.39546
    endloop
  endfacet
  facet normal -0.121865 -2.96203e-07 0.992547
    outer loop
      vertex 65.6133 28.4143 9.4563
      vertex 64.8368 25.5165 9.36096
      vertex 65.4 25.4045 9.43011
    endloop
  endfacet
  facet normal -0.121863 6.29835e-07 0.992547
    outer loop
      vertex 63.9697 25.8108 9.2545
      vertex 65.1178 28.5825 9.39546
      vertex 64.6485 28.8139 9.33784
    endloop
  endfacet
  facet normal -0.121868 -2.09127e-06 0.992546
    outer loop
      vertex 63.1485 26.2158 9.15366
      vertex 64.6485 28.8139 9.33784
      vertex 64.2135 29.1046 9.28443
    endloop
  endfacet
  facet normal -0.121862 1.12245e-07 0.992547
    outer loop
      vertex 65.1178 28.5825 9.39546
      vertex 63.9697 25.8108 9.2545
      vertex 64.8368 25.5165 9.36096
    endloop
  endfacet
  facet normal -0.121879 7.94401e-06 0.992545
    outer loop
      vertex 62.3872 26.7245 9.06019
      vertex 64.2135 29.1046 9.28443
      vertex 63.8201 29.4496 9.23612
    endloop
  endfacet
  facet normal -0.121854 -1.37153e-05 0.992548
    outer loop
      vertex 61.6988 27.3282 8.97566
      vertex 63.8201 29.4496 9.23612
      vertex 63.4751 29.843 9.19377
    endloop
  endfacet
  facet normal -0.12188 7.49824e-06 0.992545
    outer loop
      vertex 61.0951 28.0167 8.90153
      vertex 63.4751 29.843 9.19377
      vertex 63.1844 30.278 9.15807
    endloop
  endfacet
  facet normal -0.121878 4.12218e-06 0.992545
    outer loop
      vertex 64.6485 28.8139 9.33784
      vertex 63.1485 26.2158 9.15366
      vertex 63.9697 25.8108 9.2545
    endloop
  endfacet
  facet normal -0.121865 -2.9015e-06 0.992547
    outer loop
      vertex 60.5863 28.778 8.83907
      vertex 63.1844 30.278 9.15807
      vertex 62.953 30.7473 9.12966
    endloop
  endfacet
  facet normal -0.121871 -5.24994e-06 0.992546
    outer loop
      vertex 60.1814 29.5992 8.78934
      vertex 62.953 30.7473 9.12966
      vertex 62.7848 31.2427 9.10901
    endloop
  endfacet
  facet normal -0.121879 2.88697e-05 0.992545
    outer loop
      vertex 59.8871 30.4663 8.75321
      vertex 62.7848 31.2427 9.10901
      vertex 62.6828 31.7559 9.09647
    endloop
  endfacet
  facet normal -0.121864 -3.49472e-06 0.992547
    outer loop
      vertex 64.2135 29.1046 9.28443
      vertex 62.3872 26.7245 9.06019
      vertex 63.1485 26.2158 9.15366
    endloop
  endfacet
  facet normal -0.121863 -2.14685e-05 0.992547
    outer loop
      vertex 59.7084 31.3643 8.73127
      vertex 62.6828 31.7559 9.09647
      vertex 62.6485 32.278 9.09227
    endloop
  endfacet
  facet normal -0.121878 -1.30727e-05 0.992545
    outer loop
      vertex 60.1814 34.9568 8.78934
      vertex 62.953 33.8087 9.12966
      vertex 60.5863 35.778 8.83907
    endloop
  endfacet
  facet normal -0.121871 5.24994e-06 0.992546
    outer loop
      vertex 62.953 33.8087 9.12966
      vertex 60.1814 34.9568 8.78934
      vertex 62.7848 33.3133 9.10901
    endloop
  endfacet
  facet normal -0.121873 4.64407e-06 0.992546
    outer loop
      vertex 63.8201 29.4496 9.23612
      vertex 61.6988 27.3282 8.97566
      vertex 62.3872 26.7245 9.06019
    endloop
  endfacet
  facet normal -0.12187 6.5319e-06 0.992546
    outer loop
      vertex 59.8871 34.0897 8.75321
      vertex 62.7848 33.3133 9.10901
      vertex 60.1814 34.9568 8.78934
    endloop
  endfacet
  facet normal -0.121876 1.48891e-06 0.992545
    outer loop
      vertex 63.4751 29.843 9.19377
      vertex 61.0951 28.0167 8.90153
      vertex 61.6988 27.3282 8.97566
    endloop
  endfacet
  facet normal -0.121879 -2.88697e-05 0.992545
    outer loop
      vertex 62.7848 33.3133 9.10901
      vertex 59.8871 34.0897 8.75321
      vertex 62.6828 32.8001 9.09647
    endloop
  endfacet
  facet normal -0.121861 -1.08172e-05 0.992547
    outer loop
      vertex 63.1844 30.278 9.15807
      vertex 60.5863 28.778 8.83907
      vertex 61.0951 28.0167 8.90153
    endloop
  endfacet
  facet normal -0.121866 1.05157e-06 0.992547
    outer loop
      vertex 59.7084 33.1917 8.73127
      vertex 62.6828 32.8001 9.09647
      vertex 59.8871 34.0897 8.75321
    endloop
  endfacet
  facet normal -0.121878 1.30727e-05 0.992545
    outer loop
      vertex 62.953 30.7473 9.12966
      vertex 60.1814 29.5992 8.78934
      vertex 60.5863 28.778 8.83907
    endloop
  endfacet
  facet normal -0.121863 2.14685e-05 0.992547
    outer loop
      vertex 62.6828 32.8001 9.09647
      vertex 59.7084 33.1917 8.73127
      vertex 62.6485 32.278 9.09227
    endloop
  endfacet
  facet normal -0.12187 -6.5319e-06 0.992546
    outer loop
      vertex 62.7848 31.2427 9.10901
      vertex 59.8871 30.4663 8.75321
      vertex 60.1814 29.5992 8.78934
    endloop
  endfacet
  facet normal -0.121868 5.12912e-06 0.992546
    outer loop
      vertex 59.6485 32.278 8.72392
      vertex 62.6485 32.278 9.09227
      vertex 59.7084 33.1917 8.73127
    endloop
  endfacet
  facet normal -0.121866 -1.05157e-06 0.992547
    outer loop
      vertex 62.6828 31.7559 9.09647
      vertex 59.7084 31.3643 8.73127
      vertex 59.8871 30.4663 8.75321
    endloop
  endfacet
  facet normal -0.121868 -5.12912e-06 0.992546
    outer loop
      vertex 62.6485 32.278 9.09227
      vertex 59.6485 32.278 8.72392
      vertex 59.7084 31.3643 8.73127
    endloop
  endfacet
  facet normal -0.121826 6.44574e-05 0.992551
    outer loop
      vertex 69.822 13.843 9.97306
      vertex 72.3186 12.1912 10.2796
      vertex 70.1126 14.278 10.0087
    endloop
  endfacet
  facet normal -0.121825 6.50646e-05 0.992552
    outer loop
      vertex 72.3186 12.1912 10.2796
      vertex 69.822 13.843 9.97306
      vertex 72.202 12.0167 10.2653
    endloop
  endfacet
  facet normal -0.121846 3.79905e-05 0.992549
    outer loop
      vertex 72.202 12.0167 10.2653
      vertex 69.822 13.843 9.97306
      vertex 71.6764 11.4173 10.2008
    endloop
  endfacet
  facet normal -0.12188 1.13525e-05 0.992545
    outer loop
      vertex 69.477 13.4496 9.9307
      vertex 71.6764 11.4173 10.2008
      vertex 69.822 13.843 9.97306
    endloop
  endfacet
  facet normal -0.12194 -5.43716e-05 0.992537
    outer loop
      vertex 71.6764 11.4173 10.2008
      vertex 69.477 13.4496 9.9307
      vertex 71.5983 11.3282 10.1912
    endloop
  endfacet
  facet normal -0.121934 -4.84428e-05 0.992538
    outer loop
      vertex 71.5983 11.3282 10.1912
      vertex 69.477 13.4496 9.9307
      vertex 70.9099 10.7245 10.1066
    endloop
  endfacet
  facet normal -0.121855 -6.34281e-06 0.992548
    outer loop
      vertex 69.0836 13.1046 9.8824
      vertex 70.9099 10.7245 10.1066
      vertex 69.477 13.4496 9.9307
    endloop
  endfacet
  facet normal -0.121856 -7.23968e-06 0.992548
    outer loop
      vertex 70.9099 10.7245 10.1066
      vertex 69.0836 13.1046 9.8824
      vertex 70.5108 10.4579 10.0576
    endloop
  endfacet
  facet normal -0.121857 -7.28919e-06 0.992548
    outer loop
      vertex 68.6485 12.8139 9.82898
      vertex 70.5108 10.4579 10.0576
      vertex 69.0836 13.1046 9.8824
    endloop
  endfacet
  facet normal -0.121712 0.000108739 0.992565
    outer loop
      vertex 70.5108 10.4579 10.0576
      vertex 68.6485 12.8139 9.82898
      vertex 70.1485 10.2158 10.0132
    endloop
  endfacet
  facet normal -0.121933 -2.09048e-05 0.992538
    outer loop
      vertex 70.1485 10.2158 10.0132
      vertex 68.6485 12.8139 9.82898
      vertex 69.5877 9.93927 9.9443
    endloop
  endfacet
  facet normal -0.121886 -5.42503e-06 0.992544
    outer loop
      vertex 68.1793 12.5825 9.77136
      vertex 69.5877 9.93927 9.9443
      vertex 68.6485 12.8139 9.82898
    endloop
  endfacet
  facet normal -0.121891 -8.05748e-06 0.992543
    outer loop
      vertex 69.5877 9.93927 9.9443
      vertex 68.1793 12.5825 9.77136
      vertex 69.3273 9.81084 9.91232
    endloop
  endfacet
  facet normal -0.121875 -1.36158e-06 0.992545
    outer loop
      vertex 69.3273 9.81084 9.91232
      vertex 68.1793 12.5825 9.77136
      vertex 68.4603 9.51652 9.80586
    endloop
  endfacet
  facet normal -0.12185 9.63112e-07 0.992548
    outer loop
      vertex 67.6838 12.4143 9.71053
      vertex 68.4603 9.51652 9.80586
      vertex 68.1793 12.5825 9.77136
    endloop
  endfacet
  facet normal -0.121855 -3.6824e-07 0.992548
    outer loop
      vertex 67.6838 12.4143 9.71053
      vertex 67.5622 9.33789 9.6956
      vertex 68.4603 9.51652 9.80586
    endloop
  endfacet
  facet normal -0.121864 -3.80189e-08 0.992547
    outer loop
      vertex 67.1706 12.3122 9.64752
      vertex 67.5622 9.33789 9.6956
      vertex 67.6838 12.4143 9.71053
    endloop
  endfacet
  facet normal -0.121872 -1.18363e-06 0.992546
    outer loop
      vertex 67.1706 12.3122 9.64752
      vertex 66.7091 9.28197 9.59085
      vertex 67.5622 9.33789 9.6956
    endloop
  endfacet
  facet normal -0.121877 -4.06828e-07 0.992545
    outer loop
      vertex 66.6485 12.278 9.58341
      vertex 66.7091 9.28197 9.59085
      vertex 67.1706 12.3122 9.64752
    endloop
  endfacet
  facet normal -0.121857 0 0.992548
    outer loop
      vertex 66.6485 12.278 9.58341
      vertex 66.6485 9.278 9.58341
      vertex 66.7091 9.28197 9.59085
    endloop
  endfacet
  facet normal -0.121858 0 0.992547
    outer loop
      vertex 66.1264 12.3122 9.51931
      vertex 66.6485 9.278 9.58341
      vertex 66.6485 12.278 9.58341
    endloop
  endfacet
  facet normal -0.121874 -2.68636e-06 0.992546
    outer loop
      vertex 66.1264 12.3122 9.51931
      vertex 65.7349 9.33789 9.47123
      vertex 66.6485 9.278 9.58341
    endloop
  endfacet
  facet normal -0.121887 -9.08195e-07 0.992544
    outer loop
      vertex 65.6133 12.4143 9.4563
      vertex 65.7349 9.33789 9.47123
      vertex 66.1264 12.3122 9.51931
    endloop
  endfacet
  facet normal -0.12187 8.17376e-07 0.992546
    outer loop
      vertex 64.8368 9.51652 9.36096
      vertex 65.6133 12.4143 9.4563
      vertex 65.1178 12.5825 9.39546
    endloop
  endfacet
  facet normal -0.121866 -7.20548e-08 0.992547
    outer loop
      vertex 65.6133 12.4143 9.4563
      vertex 64.8368 9.51652 9.36096
      vertex 65.7349 9.33789 9.47123
    endloop
  endfacet
  facet normal -0.121865 -3.02126e-06 0.992547
    outer loop
      vertex 63.9698 9.81084 9.2545
      vertex 65.1178 12.5825 9.39546
      vertex 64.6485 12.8139 9.33784
    endloop
  endfacet
  facet normal -0.121866 6.65406e-07 0.992547
    outer loop
      vertex 63.1485 10.2158 9.15367
      vertex 64.6485 12.8139 9.33784
      vertex 64.2135 13.1046 9.28443
    endloop
  endfacet
  facet normal -0.121875 1.36158e-06 0.992545
    outer loop
      vertex 65.1178 12.5825 9.39546
      vertex 63.9698 9.81084 9.2545
      vertex 64.8368 9.51652 9.36096
    endloop
  endfacet
  facet normal -0.121879 7.94401e-06 0.992545
    outer loop
      vertex 62.3872 10.7245 9.06019
      vertex 64.2135 13.1046 9.28443
      vertex 63.8201 13.4496 9.23612
    endloop
  endfacet
  facet normal -0.121854 -1.37156e-05 0.992548
    outer loop
      vertex 61.6988 11.3283 8.97566
      vertex 63.8201 13.4496 9.23612
      vertex 63.4751 13.843 9.19377
    endloop
  endfacet
  facet normal -0.12188 7.49824e-06 0.992545
    outer loop
      vertex 61.0951 12.0167 8.90153
      vertex 63.4751 13.843 9.19377
      vertex 63.1844 14.278 9.15807
    endloop
  endfacet
  facet normal -0.121856 -5.00427e-06 0.992548
    outer loop
      vertex 64.6485 12.8139 9.33784
      vertex 63.1485 10.2158 9.15367
      vertex 63.9698 9.81084 9.2545
    endloop
  endfacet
  facet normal -0.121869 -4.70184e-06 0.992546
    outer loop
      vertex 60.5864 12.778 8.83907
      vertex 63.1844 14.278 9.15807
      vertex 62.953 14.7473 9.12966
    endloop
  endfacet
  facet normal -0.121871 -5.24994e-06 0.992546
    outer loop
      vertex 60.1814 13.5992 8.78934
      vertex 62.953 14.7473 9.12966
      vertex 62.7848 15.2427 9.10901
    endloop
  endfacet
  facet normal -0.121879 2.88697e-05 0.992545
    outer loop
      vertex 59.8871 14.4663 8.75321
      vertex 62.7848 15.2427 9.10901
      vertex 62.6828 15.7559 9.09647
    endloop
  endfacet
  facet normal -0.121873 3.11849e-06 0.992546
    outer loop
      vertex 64.2135 13.1046 9.28443
      vertex 62.3872 10.7245 9.06019
      vertex 63.1485 10.2158 9.15367
    endloop
  endfacet
  facet normal -0.121863 -2.14685e-05 0.992547
    outer loop
      vertex 59.7084 15.3643 8.73127
      vertex 62.6828 15.7559 9.09647
      vertex 62.6485 16.278 9.09227
    endloop
  endfacet
  facet normal -0.121869 0 0.992546
    outer loop
      vertex 6.5 6.5 2.1981
      vertex 13 2.5 2.9962
      vertex 13 6.5 2.9962
    endloop
  endfacet
  facet normal -0.12187 -3.43608e-07 0.992546
    outer loop
      vertex 6.5 6.5 2.1981
      vertex 6.0818 2.5 2.14675
      vertex 13 2.5 2.9962
    endloop
  endfacet
  facet normal -0.12187 0 0.992546
    outer loop
      vertex 6.5 46.25 2.1981
      vertex 2.5 6.0818 1.70696
      vertex 6.5 43.75 2.1981
    endloop
  endfacet
  facet normal -0.121874 -7.62992e-07 0.992546
    outer loop
      vertex 5.09546 122.906 2.02564
      vertex 6.5 119.03 2.1981
      vertex 5.54395 122.995 2.08071
    endloop
  endfacet
  facet normal -0.12187 0 0.992546
    outer loop
      vertex 6.5 43.75 2.1981
      vertex 2.5 6.0818 1.70696
      vertex 6.5 6.5 2.1981
    endloop
  endfacet
  facet normal -0.121855 6.48252e-06 0.992548
    outer loop
      vertex 4.66269 122.759 1.97251
      vertex 6.5 119.03 2.1981
      vertex 5.09546 122.906 2.02564
    endloop
  endfacet
  facet normal -0.12187 3.3518e-06 0.992546
    outer loop
      vertex 2.53525 5.54395 1.71129
      vertex 6.5 6.5 2.1981
      vertex 2.5 6.0818 1.70696
    endloop
  endfacet
  facet normal -0.121885 -8.69373e-06 0.992544
    outer loop
      vertex 4.25269 122.556 1.92216
      vertex 6.5 119.03 2.1981
      vertex 4.66269 122.759 1.97251
    endloop
  endfacet
  facet normal -0.12187 -3.06771e-07 0.992546
    outer loop
      vertex 6.5 6.5 2.1981
      vertex 5.54395 2.53525 2.08071
      vertex 6.0818 2.5 2.14675
    endloop
  endfacet
  facet normal -0.121856 1.00709e-05 0.992548
    outer loop
      vertex 3.87253 122.302 1.87549
      vertex 6.5 119.03 2.1981
      vertex 4.25269 122.556 1.92216
    endloop
  endfacet
  facet normal -0.121874 7.62952e-07 0.992546
    outer loop
      vertex 6.5 6.5 2.1981
      vertex 5.09546 2.62447 2.02564
      vertex 5.54395 2.53525 2.08071
    endloop
  endfacet
  facet normal -0.121869 -4.85711e-07 0.992546
    outer loop
      vertex 3.52892 122.001 1.8333
      vertex 6.5 119.03 2.1981
      vertex 3.87253 122.302 1.87549
    endloop
  endfacet
  facet normal -0.121855 -6.48375e-06 0.992548
    outer loop
      vertex 6.5 6.5 2.1981
      vertex 4.66269 2.77136 1.97251
      vertex 5.09546 2.62447 2.02564
    endloop
  endfacet
  facet normal -0.121867 1.30451e-06 0.992546
    outer loop
      vertex 3.22757 121.657 1.7963
      vertex 6.5 119.03 2.1981
      vertex 3.52892 122.001 1.8333
    endloop
  endfacet
  facet normal -0.121885 8.70113e-06 0.992544
    outer loop
      vertex 6.5 6.5 2.1981
      vertex 4.25269 2.97356 1.92216
      vertex 4.66269 2.77136 1.97251
    endloop
  endfacet
  facet normal -0.121871 -3.05102e-06 0.992546
    outer loop
      vertex 2.97356 121.277 1.76511
      vertex 6.5 119.03 2.1981
      vertex 3.22757 121.657 1.7963
    endloop
  endfacet
  facet normal -0.121856 -1.00699e-05 0.992548
    outer loop
      vertex 6.5 6.5 2.1981
      vertex 3.87253 3.22757 1.87549
      vertex 4.25269 2.97356 1.92216
    endloop
  endfacet
  facet normal -0.121872 -5.70774e-06 0.992546
    outer loop
      vertex 2.77136 120.867 1.74028
      vertex 6.5 119.03 2.1981
      vertex 2.97356 121.277 1.76511
    endloop
  endfacet
  facet normal -0.121869 4.8544e-07 0.992546
    outer loop
      vertex 6.5 6.5 2.1981
      vertex 3.52892 3.52892 1.8333
      vertex 3.87253 3.22757 1.87549
    endloop
  endfacet
  facet normal -0.121873 -8.17308e-06 0.992546
    outer loop
      vertex 2.62447 120.435 1.72224
      vertex 6.5 119.03 2.1981
      vertex 2.77136 120.867 1.74028
    endloop
  endfacet
  facet normal -0.121867 -1.30528e-06 0.992546
    outer loop
      vertex 6.5 6.5 2.1981
      vertex 3.22757 3.87253 1.7963
      vertex 3.52892 3.52892 1.8333
    endloop
  endfacet
  facet normal -0.121867 1.02027e-05 0.992546
    outer loop
      vertex 2.53525 119.986 1.71129
      vertex 6.5 119.03 2.1981
      vertex 2.62447 120.435 1.72224
    endloop
  endfacet
  facet normal -0.121871 3.05e-06 0.992546
    outer loop
      vertex 6.5 6.5 2.1981
      vertex 2.97356 4.25269 1.76511
      vertex 3.22757 3.87253 1.7963
    endloop
  endfacet
  facet normal -0.12187 -3.35088e-06 0.992546
    outer loop
      vertex 6.5 119.03 2.1981
      vertex 2.53525 119.986 1.71129
      vertex 2.5 119.448 1.70696
    endloop
  endfacet
  facet normal -0.121872 5.70755e-06 0.992546
    outer loop
      vertex 6.5 6.5 2.1981
      vertex 2.77136 4.66269 1.74028
      vertex 2.97356 4.25269 1.76511
    endloop
  endfacet
  facet normal -0.121873 8.16042e-06 0.992546
    outer loop
      vertex 6.5 6.5 2.1981
      vertex 2.62447 5.09546 1.72224
      vertex 2.77136 4.66269 1.74028
    endloop
  endfacet
  facet normal -0.121867 -1.02137e-05 0.992546
    outer loop
      vertex 6.5 6.5 2.1981
      vertex 2.53525 5.54395 1.71129
      vertex 2.62447 5.09546 1.72224
    endloop
  endfacet
  facet normal -0.121857 -3.45524e-05 0.992548
    outer loop
      vertex 40.2092 43.75 6.33707
      vertex 42.799 44.5025 6.65505
      vertex 42.7443 44.6635 6.64834
    endloop
  endfacet
  facet normal -0.121856 -3.57151e-05 0.992548
    outer loop
      vertex 40.2092 43.75 6.33707
      vertex 42.7443 44.6635 6.64834
      vertex 42.7111 44.8303 6.64427
    endloop
  endfacet
  facet normal -0.121889 4.0203e-05 0.992544
    outer loop
      vertex 40.2092 43.75 6.33707
      vertex 42.7111 44.8303 6.64427
      vertex 42.7 45 6.6429
    endloop
  endfacet
  facet normal -0.121867 6.30197e-06 0.992546
    outer loop
      vertex 40.5359 47 6.37718
      vertex 42.8742 45.65 6.66429
      vertex 40.8266 47.435 6.41287
    endloop
  endfacet
  facet normal -0.121889 -3.29757e-05 0.992544
    outer loop
      vertex 42.8742 45.65 6.66429
      vertex 40.5359 47 6.37718
      vertex 42.799 45.4975 6.65505
    endloop
  endfacet
  facet normal -0.121864 3.14672e-08 0.992547
    outer loop
      vertex 42.799 44.5025 6.65505
      vertex 42 41.5359 6.55695
      vertex 42.4693 41.3045 6.61457
    endloop
  endfacet
  facet normal -0.121884 2.16114e-06 0.992544
    outer loop
      vertex 42.799 44.5025 6.65505
      vertex 42.4693 41.3045 6.61457
      vertex 42.75 41.2092 6.64904
    endloop
  endfacet
  facet normal -0.121866 3.13095e-06 0.992547
    outer loop
      vertex 40.3045 46.5307 6.34877
      vertex 42.799 45.4975 6.65505
      vertex 40.5359 47 6.37718
    endloop
  endfacet
  facet normal -0.121862 -4.75733e-07 0.992547
    outer loop
      vertex 42.799 44.5025 6.65505
      vertex 41.5649 41.8266 6.50353
      vertex 42 41.5359 6.55695
    endloop
  endfacet
  facet normal -0.121866 3.52195e-06 0.992547
    outer loop
      vertex 40.2092 46.25 6.33707
      vertex 42.799 45.4975 6.65505
      vertex 40.3045 46.5307 6.34877
    endloop
  endfacet
  facet normal -0.121883 9.54408e-06 0.992544
    outer loop
      vertex 42.799 44.5025 6.65505
      vertex 41.1716 42.1716 6.45523
      vertex 41.5649 41.8266 6.50353
    endloop
  endfacet
  facet normal -0.121857 3.45524e-05 0.992548
    outer loop
      vertex 42.799 45.4975 6.65505
      vertex 40.2092 46.25 6.33707
      vertex 42.7443 45.3365 6.64834
    endloop
  endfacet
  facet normal -0.121868 -8.49448e-07 0.992546
    outer loop
      vertex 42.799 44.5025 6.65505
      vertex 40.8266 42.5649 6.41287
      vertex 41.1716 42.1716 6.45523
    endloop
  endfacet
  facet normal -0.121856 3.57151e-05 0.992548
    outer loop
      vertex 42.7443 45.3365 6.64834
      vertex 40.2092 46.25 6.33707
      vertex 42.7111 45.1697 6.64427
    endloop
  endfacet
  facet normal -0.121869 0 0.992546
    outer loop
      vertex 40.2092 43.75 6.33707
      vertex 42.7 45 6.6429
      vertex 40.2092 46.25 6.33707
    endloop
  endfacet
  facet normal -0.121889 -4.0203e-05 0.992544
    outer loop
      vertex 42.7111 45.1697 6.64427
      vertex 40.2092 46.25 6.33707
      vertex 42.7 45 6.6429
    endloop
  endfacet
  facet normal -0.121866 -3.52195e-06 0.992547
    outer loop
      vertex 42.799 44.5025 6.65505
      vertex 40.2092 43.75 6.33707
      vertex 40.3045 43.4693 6.34877
    endloop
  endfacet
  facet normal -0.121865 -4.72724e-06 0.992547
    outer loop
      vertex 42.799 44.5025 6.65505
      vertex 40.5359 43 6.37718
      vertex 40.8266 42.5649 6.41287
    endloop
  endfacet
  facet normal -0.121866 -3.13095e-06 0.992547
    outer loop
      vertex 42.799 44.5025 6.65505
      vertex 40.3045 43.4693 6.34877
      vertex 40.5359 43 6.37718
    endloop
  endfacet
  facet normal -0.121869 0 0.992546
    outer loop
      vertex 6.5 46.25 2.1981
      vertex 40.2092 43.75 6.33707
      vertex 40.2092 46.25 6.33707
    endloop
  endfacet
  facet normal -0.121869 0 0.992546
    outer loop
      vertex 40.2092 43.75 6.33707
      vertex 6.5 46.25 2.1981
      vertex 6.5 43.75 2.1981
    endloop
  endfacet
  facet normal -0.121906 -2.92322e-05 0.992542
    outer loop
      vertex 43.2086 75.0314 6.70535
      vertex 41.5649 77.1734 6.50353
      vertex 43.0808 74.9192 6.68965
    endloop
  endfacet
  facet normal -0.121881 -1.19523e-05 0.992545
    outer loop
      vertex 41.1716 76.8284 6.45523
      vertex 43.0808 74.9192 6.68965
      vertex 41.5649 77.1734 6.50353
    endloop
  endfacet
  facet normal -0.121802 6.78703e-05 0.992554
    outer loop
      vertex 43.0808 74.9192 6.68965
      vertex 41.1716 76.8284 6.45523
      vertex 42.9686 74.7914 6.67589
    endloop
  endfacet
  facet normal -0.121873 4.77367e-06 0.992546
    outer loop
      vertex 40.8266 76.435 6.41287
      vertex 42.9686 74.7914 6.67589
      vertex 41.1716 76.8284 6.45523
    endloop
  endfacet
  facet normal -0.121906 -3.92479e-05 0.992542
    outer loop
      vertex 42.9686 74.7914 6.67589
      vertex 40.8266 76.435 6.41287
      vertex 42.8742 74.65 6.66429
    endloop
  endfacet
  facet normal -0.121906 -2.92322e-05 0.992542
    outer loop
      vertex 43.2086 46.0314 6.70535
      vertex 41.5649 48.1734 6.50353
      vertex 43.0808 45.9192 6.68965
    endloop
  endfacet
  facet normal -0.121881 -1.19523e-05 0.992545
    outer loop
      vertex 41.1716 47.8284 6.45523
      vertex 43.0808 45.9192 6.68965
      vertex 41.5649 48.1734 6.50353
    endloop
  endfacet
  facet normal -0.121802 6.78703e-05 0.992554
    outer loop
      vertex 43.0808 45.9192 6.68965
      vertex 41.1716 47.8284 6.45523
      vertex 42.9686 45.7914 6.67589
    endloop
  endfacet
  facet normal -0.121873 4.77367e-06 0.992546
    outer loop
      vertex 40.8266 47.435 6.41287
      vertex 42.9686 45.7914 6.67589
      vertex 41.1716 47.8284 6.45523
    endloop
  endfacet
  facet normal -0.121906 -3.92479e-05 0.992542
    outer loop
      vertex 42.9686 45.7914 6.67589
      vertex 40.8266 47.435 6.41287
      vertex 42.8742 45.65 6.66429
    endloop
  endfacet
  facet normal -0.121903 -4.12927e-05 0.992542
    outer loop
      vertex 45.0314 73.2086 6.92916
      vertex 47.1734 71.5649 7.19217
      vertex 45.1258 73.35 6.94076
    endloop
  endfacet
  facet normal -0.12187 2.34489e-06 0.992546
    outer loop
      vertex 47.1734 71.5649 7.19217
      vertex 45.0314 73.2086 6.92916
      vertex 46.8284 71.1716 7.14981
    endloop
  endfacet
  facet normal -0.121843 2.65137e-05 0.992549
    outer loop
      vertex 44.9192 73.0808 6.91539
      vertex 46.8284 71.1716 7.14981
      vertex 45.0314 73.2086 6.92916
    endloop
  endfacet
  facet normal -0.121909 -2.58317e-05 0.992541
    outer loop
      vertex 44.7914 72.9686 6.89969
      vertex 46.435 70.8266 7.10151
      vertex 44.9192 73.0808 6.91539
    endloop
  endfacet
  facet normal -0.121865 4.55384e-06 0.992547
    outer loop
      vertex 46.8284 71.1716 7.14981
      vertex 44.9192 73.0808 6.91539
      vertex 46.435 70.8266 7.10151
    endloop
  endfacet
  facet normal -0.121903 -4.12927e-05 0.992542
    outer loop
      vertex 45.0314 44.2086 6.92916
      vertex 47.1734 42.5649 7.19217
      vertex 45.1258 44.35 6.94076
    endloop
  endfacet
  facet normal -0.12187 2.34489e-06 0.992546
    outer loop
      vertex 47.1734 42.5649 7.19217
      vertex 45.0314 44.2086 6.92916
      vertex 46.8284 42.1716 7.14981
    endloop
  endfacet
  facet normal -0.121843 2.65137e-05 0.992549
    outer loop
      vertex 44.9192 44.0808 6.91539
      vertex 46.8284 42.1716 7.14981
      vertex 45.0314 44.2086 6.92916
    endloop
  endfacet
  facet normal -0.121865 4.55384e-06 0.992547
    outer loop
      vertex 46.8284 42.1716 7.14981
      vertex 44.9192 44.0808 6.91539
      vertex 46.435 41.8266 7.10151
    endloop
  endfacet
  facet normal -0.121909 -2.58317e-05 0.992541
    outer loop
      vertex 44.7914 43.9686 6.89969
      vertex 46.435 41.8266 7.10151
      vertex 44.9192 44.0808 6.91539
    endloop
  endfacet
  facet normal -0.121885 -6.62746e-06 0.992544
    outer loop
      vertex 46.435 41.8266 7.10151
      vertex 44.7914 43.9686 6.89969
      vertex 46 41.5359 7.04809
    endloop
  endfacet
  facet normal -0.121861 5.33894e-06 0.992547
    outer loop
      vertex 44.65 43.8742 6.88233
      vertex 46 41.5359 7.04809
      vertex 44.7914 43.9686 6.89969
    endloop
  endfacet
  facet normal -0.121865 2.93451e-06 0.992547
    outer loop
      vertex 46 41.5359 7.04809
      vertex 44.65 43.8742 6.88233
      vertex 45.5307 41.3045 6.99047
    endloop
  endfacet
  facet normal -0.121899 -9.01528e-06 0.992542
    outer loop
      vertex 44.4975 43.799 6.8636
      vertex 45.5307 41.3045 6.99047
      vertex 44.65 43.8742 6.88233
    endloop
  endfacet
  facet normal -0.121884 -2.47928e-06 0.992544
    outer loop
      vertex 45.5307 41.3045 6.99047
      vertex 44.4975 43.799 6.8636
      vertex 45.25 41.2092 6.956
    endloop
  endfacet
  facet normal -0.121879 -1.13745e-06 0.992545
    outer loop
      vertex 44.3365 43.7443 6.84383
      vertex 45.25 41.2092 6.956
      vertex 44.4975 43.799 6.8636
    endloop
  endfacet
  facet normal -0.121813 2.324e-05 0.992553
    outer loop
      vertex 44.1697 43.7111 6.82336
      vertex 45.25 41.2092 6.956
      vertex 44.3365 43.7443 6.84383
    endloop
  endfacet
  facet normal -0.121889 -1.01036e-05 0.992544
    outer loop
      vertex 44 43.7 6.80252
      vertex 45.25 41.2092 6.956
      vertex 44.1697 43.7111 6.82336
    endloop
  endfacet
  facet normal -0.121869 0 0.992546
    outer loop
      vertex 45.25 41.2092 6.956
      vertex 44 43.7 6.80252
      vertex 42.75 41.2092 6.64904
    endloop
  endfacet
  facet normal -0.121833 -1.83157e-05 0.992551
    outer loop
      vertex 42.75 41.2092 6.64904
      vertex 44 43.7 6.80252
      vertex 43.8303 43.7111 6.78169
    endloop
  endfacet
  facet normal -0.121867 -3.23269e-06 0.992546
    outer loop
      vertex 42.75 41.2092 6.64904
      vertex 43.8303 43.7111 6.78169
      vertex 43.6635 43.7443 6.76121
    endloop
  endfacet
  facet normal -0.121879 1.13745e-06 0.992545
    outer loop
      vertex 42.75 41.2092 6.64904
      vertex 43.6635 43.7443 6.76121
      vertex 43.5025 43.799 6.74144
    endloop
  endfacet
  facet normal -0.1219 7.30889e-06 0.992542
    outer loop
      vertex 42.75 41.2092 6.64904
      vertex 43.5025 43.799 6.74144
      vertex 43.35 43.8742 6.72271
    endloop
  endfacet
  facet normal -0.121859 -2.1478e-06 0.992547
    outer loop
      vertex 42.75 41.2092 6.64904
      vertex 43.35 43.8742 6.72271
      vertex 43.2086 43.9686 6.70535
    endloop
  endfacet
  facet normal -0.121924 8.847e-06 0.992539
    outer loop
      vertex 42.75 41.2092 6.64904
      vertex 43.2086 43.9686 6.70535
      vertex 43.0808 44.0808 6.68965
    endloop
  endfacet
  facet normal -0.12174 -1.26198e-05 0.992562
    outer loop
      vertex 42.75 41.2092 6.64904
      vertex 43.0808 44.0808 6.68965
      vertex 42.9686 44.2086 6.67589
    endloop
  endfacet
  facet normal -0.121959 3.53965e-06 0.992535
    outer loop
      vertex 42.75 41.2092 6.64904
      vertex 42.9686 44.2086 6.67589
      vertex 42.8742 44.35 6.66429
    endloop
  endfacet
  facet normal -0.121949 3.14339e-06 0.992536
    outer loop
      vertex 42.75 41.2092 6.64904
      vertex 42.8742 44.35 6.66429
      vertex 42.799 44.5025 6.65505
    endloop
  endfacet
  facet normal -0.121869 0 0.992546
    outer loop
      vertex 45.25 41.2092 6.956
      vertex 42.75 41.2092 6.64904
      vertex 45.25 8 6.956
    endloop
  endfacet
  facet normal -0.121869 0 0.992546
    outer loop
      vertex 45.25 8 6.956
      vertex 42.75 41.2092 6.64904
      vertex 42.75 8 6.64904
    endloop
  endfacet
  facet normal -0.121869 0 0.992546
    outer loop
      vertex 47.7908 46.25 7.26797
      vertex 65.4 43.75 9.43011
      vertex 65.4 46.25 9.43011
    endloop
  endfacet
  facet normal -0.121869 0 0.992546
    outer loop
      vertex 47.7908 46.25 7.26797
      vertex 47.7908 43.75 7.26797
      vertex 65.4 43.75 9.43011
    endloop
  endfacet
  facet normal -0.121866 -3.52195e-06 0.992547
    outer loop
      vertex 45.201 45.4975 6.94999
      vertex 47.7908 46.25 7.26797
      vertex 47.6955 46.5307 7.25627
    endloop
  endfacet
  facet normal -0.121869 0 0.992546
    outer loop
      vertex 47.7908 46.25 7.26797
      vertex 45.3 45 6.96214
      vertex 47.7908 43.75 7.26797
    endloop
  endfacet
  facet normal -0.121866 -3.13095e-06 0.992547
    outer loop
      vertex 45.201 45.4975 6.94999
      vertex 47.6955 46.5307 7.25627
      vertex 47.4641 47 7.22786
    endloop
  endfacet
  facet normal -0.121889 -4.0203e-05 0.992544
    outer loop
      vertex 45.2889 44.8303 6.96077
      vertex 47.7908 43.75 7.26797
      vertex 45.3 45 6.96214
    endloop
  endfacet
  facet normal -0.121864 -4.25506e-06 0.992547
    outer loop
      vertex 45.1258 45.65 6.94076
      vertex 47.4641 47 7.22786
      vertex 47.1734 47.435 7.19217
    endloop
  endfacet
  facet normal -0.121856 3.57151e-05 0.992548
    outer loop
      vertex 45.2557 44.6635 6.9567
      vertex 47.7908 43.75 7.26797
      vertex 45.2889 44.8303 6.96077
    endloop
  endfacet
  facet normal -0.12187 -2.34459e-06 0.992546
    outer loop
      vertex 45.0314 45.7914 6.92916
      vertex 47.1734 47.435 7.19217
      vertex 46.8284 47.8284 7.14981
    endloop
  endfacet
  facet normal -0.121857 3.45524e-05 0.992548
    outer loop
      vertex 45.201 44.5025 6.94999
      vertex 47.7908 43.75 7.26797
      vertex 45.2557 44.6635 6.9567
    endloop
  endfacet
  facet normal -0.121865 -4.55384e-06 0.992547
    outer loop
      vertex 44.9192 45.9192 6.91539
      vertex 46.8284 47.8284 7.14981
      vertex 46.435 48.1734 7.10151
    endloop
  endfacet
  facet normal -0.121866 3.52195e-06 0.992547
    outer loop
      vertex 47.7908 43.75 7.26797
      vertex 45.201 44.5025 6.94999
      vertex 47.6955 43.4693 7.25627
    endloop
  endfacet
  facet normal -0.121885 6.62746e-06 0.992544
    outer loop
      vertex 44.7914 46.0314 6.89969
      vertex 46.435 48.1734 7.10151
      vertex 46 48.4641 7.04809
    endloop
  endfacet
  facet normal -0.121866 3.13095e-06 0.992547
    outer loop
      vertex 47.6955 43.4693 7.25627
      vertex 45.201 44.5025 6.94999
      vertex 47.4641 43 7.22786
    endloop
  endfacet
  facet normal -0.121865 -2.93451e-06 0.992547
    outer loop
      vertex 44.65 46.1258 6.88233
      vertex 46 48.4641 7.04809
      vertex 45.5307 48.6955 6.99047
    endloop
  endfacet
  facet normal -0.121857 1.60568e-05 0.992548
    outer loop
      vertex 45.1258 44.35 6.94076
      vertex 47.4641 43 7.22786
      vertex 45.201 44.5025 6.94999
    endloop
  endfacet
  facet normal -0.121864 4.25436e-06 0.992547
    outer loop
      vertex 47.4641 43 7.22786
      vertex 45.1258 44.35 6.94076
      vertex 47.1734 42.5649 7.19217
    endloop
  endfacet
  facet normal -0.121889 4.0203e-05 0.992544
    outer loop
      vertex 47.7908 46.25 7.26797
      vertex 45.2889 45.1697 6.96077
      vertex 45.3 45 6.96214
    endloop
  endfacet
  facet normal -0.121856 -3.57151e-05 0.992548
    outer loop
      vertex 47.7908 46.25 7.26797
      vertex 45.2557 45.3365 6.9567
      vertex 45.2889 45.1697 6.96077
    endloop
  endfacet
  facet normal -0.121884 2.47928e-06 0.992544
    outer loop
      vertex 44.4975 46.201 6.8636
      vertex 45.5307 48.6955 6.99047
      vertex 45.25 48.7908 6.956
    endloop
  endfacet
  facet normal -0.121885 -6.62746e-06 0.992544
    outer loop
      vertex 46.435 70.8266 7.10151
      vertex 44.7914 72.9686 6.89969
      vertex 46 70.5359 7.04809
    endloop
  endfacet
  facet normal -0.121857 -3.45524e-05 0.992548
    outer loop
      vertex 47.7908 46.25 7.26797
      vertex 45.201 45.4975 6.94999
      vertex 45.2557 45.3365 6.9567
    endloop
  endfacet
  facet normal -0.121861 5.33894e-06 0.992547
    outer loop
      vertex 44.65 72.8742 6.88233
      vertex 46 70.5359 7.04809
      vertex 44.7914 72.9686 6.89969
    endloop
  endfacet
  facet normal -0.121857 -1.60568e-05 0.992548
    outer loop
      vertex 47.4641 47 7.22786
      vertex 45.1258 45.65 6.94076
      vertex 45.201 45.4975 6.94999
    endloop
  endfacet
  facet normal -0.121865 2.93451e-06 0.992547
    outer loop
      vertex 46 70.5359 7.04809
      vertex 44.65 72.8742 6.88233
      vertex 45.5307 70.3045 6.99047
    endloop
  endfacet
  facet normal -0.121903 4.12936e-05 0.992542
    outer loop
      vertex 47.1734 47.435 7.19217
      vertex 45.0314 45.7914 6.92916
      vertex 45.1258 45.65 6.94076
    endloop
  endfacet
  facet normal -0.121869 0 0.992546
    outer loop
      vertex 45.25 70.2092 6.956
      vertex 42.75 70.2092 6.64904
      vertex 45.25 48.7908 6.956
    endloop
  endfacet
  facet normal -0.121843 -2.65137e-05 0.992549
    outer loop
      vertex 46.8284 47.8284 7.14981
      vertex 44.9192 45.9192 6.91539
      vertex 45.0314 45.7914 6.92916
    endloop
  endfacet
  facet normal -0.121899 -9.01528e-06 0.992542
    outer loop
      vertex 44.4975 72.799 6.8636
      vertex 45.5307 70.3045 6.99047
      vertex 44.65 72.8742 6.88233
    endloop
  endfacet
  facet normal -0.121869 0 0.992546
    outer loop
      vertex 42.75 48.7908 6.64904
      vertex 45.25 48.7908 6.956
      vertex 42.75 70.2092 6.64904
    endloop
  endfacet
  facet normal -0.121884 -2.47928e-06 0.992544
    outer loop
      vertex 45.5307 70.3045 6.99047
      vertex 44.4975 72.799 6.8636
      vertex 45.25 70.2092 6.956
    endloop
  endfacet
  facet normal -0.121909 2.58317e-05 0.992541
    outer loop
      vertex 46.435 48.1734 7.10151
      vertex 44.7914 46.0314 6.89969
      vertex 44.9192 45.9192 6.91539
    endloop
  endfacet
  facet normal -0.121879 -1.13745e-06 0.992545
    outer loop
      vertex 44.3365 72.7443 6.84383
      vertex 45.25 70.2092 6.956
      vertex 44.4975 72.799 6.8636
    endloop
  endfacet
  facet normal -0.121861 -5.33894e-06 0.992547
    outer loop
      vertex 46 48.4641 7.04809
      vertex 44.65 46.1258 6.88233
      vertex 44.7914 46.0314 6.89969
    endloop
  endfacet
  facet normal -0.121813 2.324e-05 0.992553
    outer loop
      vertex 44.1697 72.7111 6.82336
      vertex 45.25 70.2092 6.956
      vertex 44.3365 72.7443 6.84383
    endloop
  endfacet
  facet normal -0.121899 9.01528e-06 0.992542
    outer loop
      vertex 45.5307 48.6955 6.99047
      vertex 44.4975 46.201 6.8636
      vertex 44.65 46.1258 6.88233
    endloop
  endfacet
  facet normal -0.121889 -1.01036e-05 0.992544
    outer loop
      vertex 44 72.7 6.80252
      vertex 45.25 70.2092 6.956
      vertex 44.1697 72.7111 6.82336
    endloop
  endfacet
  facet normal -0.121879 1.13745e-06 0.992545
    outer loop
      vertex 45.25 48.7908 6.956
      vertex 44.3365 46.2557 6.84383
      vertex 44.4975 46.201 6.8636
    endloop
  endfacet
  facet normal -0.121869 0 0.992546
    outer loop
      vertex 45.25 70.2092 6.956
      vertex 44 72.7 6.80252
      vertex 42.75 70.2092 6.64904
    endloop
  endfacet
  facet normal -0.121813 -2.324e-05 0.992553
    outer loop
      vertex 45.25 48.7908 6.956
      vertex 44.1697 46.2889 6.82336
      vertex 44.3365 46.2557 6.84383
    endloop
  endfacet
  facet normal -0.121833 -1.83157e-05 0.992551
    outer loop
      vertex 42.75 70.2092 6.64904
      vertex 44 72.7 6.80252
      vertex 43.8303 72.7111 6.78169
    endloop
  endfacet
  facet normal -0.121889 1.01036e-05 0.992544
    outer loop
      vertex 45.25 48.7908 6.956
      vertex 44 46.3 6.80252
      vertex 44.1697 46.2889 6.82336
    endloop
  endfacet
  facet normal -0.121867 -3.23269e-06 0.992546
    outer loop
      vertex 42.75 70.2092 6.64904
      vertex 43.8303 72.7111 6.78169
      vertex 43.6635 72.7443 6.76121
    endloop
  endfacet
  facet normal -0.121869 0 0.992546
    outer loop
      vertex 42.75 48.7908 6.64904
      vertex 44 46.3 6.80252
      vertex 45.25 48.7908 6.956
    endloop
  endfacet
  facet normal -0.121879 1.13745e-06 0.992545
    outer loop
      vertex 42.75 70.2092 6.64904
      vertex 43.6635 72.7443 6.76121
      vertex 43.5025 72.799 6.74144
    endloop
  endfacet
  facet normal -0.121833 1.83157e-05 0.992551
    outer loop
      vertex 44 46.3 6.80252
      vertex 42.75 48.7908 6.64904
      vertex 43.8303 46.2889 6.78169
    endloop
  endfacet
  facet normal -0.121899 9.01528e-06 0.992542
    outer loop
      vertex 42.4693 70.3045 6.61457
      vertex 43.5025 72.799 6.74144
      vertex 43.35 72.8742 6.72271
    endloop
  endfacet
  facet normal -0.121867 3.23269e-06 0.992546
    outer loop
      vertex 43.8303 46.2889 6.78169
      vertex 42.75 48.7908 6.64904
      vertex 43.6635 46.2557 6.76121
    endloop
  endfacet
  facet normal -0.121861 -5.33894e-06 0.992547
    outer loop
      vertex 42 70.5359 6.55695
      vertex 43.35 72.8742 6.72271
      vertex 43.2086 72.9686 6.70535
    endloop
  endfacet
  facet normal -0.121879 -1.13745e-06 0.992545
    outer loop
      vertex 43.6635 46.2557 6.76121
      vertex 42.75 48.7908 6.64904
      vertex 43.5025 46.201 6.74144
    endloop
  endfacet
  facet normal -0.121906 2.92322e-05 0.992542
    outer loop
      vertex 41.5649 70.8266 6.50353
      vertex 43.2086 72.9686 6.70535
      vertex 43.0808 73.0808 6.68965
    endloop
  endfacet
  facet normal -0.121884 -2.47928e-06 0.992544
    outer loop
      vertex 42.4693 48.6955 6.61457
      vertex 43.5025 46.201 6.74144
      vertex 42.75 48.7908 6.64904
    endloop
  endfacet
  facet normal -0.121802 -6.78703e-05 0.992554
    outer loop
      vertex 41.1716 71.1716 6.45523
      vertex 43.0808 73.0808 6.68965
      vertex 42.9686 73.2086 6.67589
    endloop
  endfacet
  facet normal -0.121899 -9.01528e-06 0.992542
    outer loop
      vertex 43.5025 46.201 6.74144
      vertex 42.4693 48.6955 6.61457
      vertex 43.35 46.1258 6.72271
    endloop
  endfacet
  facet normal -0.121906 3.92471e-05 0.992542
    outer loop
      vertex 40.8266 71.5649 6.41287
      vertex 42.9686 73.2086 6.67589
      vertex 42.8742 73.35 6.66429
    endloop
  endfacet
  facet normal -0.121865 2.93451e-06 0.992547
    outer loop
      vertex 42 48.4641 6.55695
      vertex 43.35 46.1258 6.72271
      vertex 42.4693 48.6955 6.61457
    endloop
  endfacet
  facet normal -0.121889 3.29757e-05 0.992544
    outer loop
      vertex 40.5359 72 6.37718
      vertex 42.8742 73.35 6.66429
      vertex 42.799 73.5025 6.65505
    endloop
  endfacet
  facet normal -0.121861 5.33894e-06 0.992547
    outer loop
      vertex 43.35 46.1258 6.72271
      vertex 42 48.4641 6.55695
      vertex 43.2086 46.0314 6.70535
    endloop
  endfacet
  facet normal -0.121864 3.82147e-06 0.992547
    outer loop
      vertex 41.5649 48.1734 6.50353
      vertex 43.2086 46.0314 6.70535
      vertex 42 48.4641 6.55695
    endloop
  endfacet
  facet normal -0.121857 -3.45524e-05 0.992548
    outer loop
      vertex 40.2092 72.75 6.33707
      vertex 42.799 73.5025 6.65505
      vertex 42.7443 73.6635 6.64834
    endloop
  endfacet
  facet normal -0.121856 -3.57151e-05 0.992548
    outer loop
      vertex 40.2092 72.75 6.33707
      vertex 42.7443 73.6635 6.64834
      vertex 42.7111 73.8303 6.64427
    endloop
  endfacet
  facet normal -0.121889 4.0203e-05 0.992544
    outer loop
      vertex 40.2092 72.75 6.33707
      vertex 42.7111 73.8303 6.64427
      vertex 42.7 74 6.6429
    endloop
  endfacet
  facet normal -0.121867 6.30197e-06 0.992546
    outer loop
      vertex 40.5359 76 6.37718
      vertex 42.8742 74.65 6.66429
      vertex 40.8266 76.435 6.41287
    endloop
  endfacet
  facet normal -0.121889 -3.29757e-05 0.992544
    outer loop
      vertex 42.8742 74.65 6.66429
      vertex 40.5359 76 6.37718
      vertex 42.799 74.4975 6.65505
    endloop
  endfacet
  facet normal -0.121865 -2.93451e-06 0.992547
    outer loop
      vertex 43.35 72.8742 6.72271
      vertex 42 70.5359 6.55695
      vertex 42.4693 70.3045 6.61457
    endloop
  endfacet
  facet normal -0.121884 2.47928e-06 0.992544
    outer loop
      vertex 43.5025 72.799 6.74144
      vertex 42.4693 70.3045 6.61457
      vertex 42.75 70.2092 6.64904
    endloop
  endfacet
  facet normal -0.121866 3.13095e-06 0.992547
    outer loop
      vertex 40.3045 75.5307 6.34877
      vertex 42.799 74.4975 6.65505
      vertex 40.5359 76 6.37718
    endloop
  endfacet
  facet normal -0.121864 -3.82147e-06 0.992547
    outer loop
      vertex 43.2086 72.9686 6.70535
      vertex 41.5649 70.8266 6.50353
      vertex 42 70.5359 6.55695
    endloop
  endfacet
  facet normal -0.121866 3.52195e-06 0.992547
    outer loop
      vertex 40.2092 75.25 6.33707
      vertex 42.799 74.4975 6.65505
      vertex 40.3045 75.5307 6.34877
    endloop
  endfacet
  facet normal -0.121881 1.19523e-05 0.992545
    outer loop
      vertex 43.0808 73.0808 6.68965
      vertex 41.1716 71.1716 6.45523
      vertex 41.5649 70.8266 6.50353
    endloop
  endfacet
  facet normal -0.121857 3.45524e-05 0.992548
    outer loop
      vertex 42.799 74.4975 6.65505
      vertex 40.2092 75.25 6.33707
      vertex 42.7443 74.3365 6.64834
    endloop
  endfacet
  facet normal -0.121873 -4.77427e-06 0.992546
    outer loop
      vertex 42.9686 73.2086 6.67589
      vertex 40.8266 71.5649 6.41287
      vertex 41.1716 71.1716 6.45523
    endloop
  endfacet
  facet normal -0.121856 3.57151e-05 0.992548
    outer loop
      vertex 42.7443 74.3365 6.64834
      vertex 40.2092 75.25 6.33707
      vertex 42.7111 74.1697 6.64427
    endloop
  endfacet
  facet normal -0.121869 0 0.992546
    outer loop
      vertex 40.2092 72.75 6.33707
      vertex 42.7 74 6.6429
      vertex 40.2092 75.25 6.33707
    endloop
  endfacet
  facet normal -0.121889 -4.0203e-05 0.992544
    outer loop
      vertex 42.7111 74.1697 6.64427
      vertex 40.2092 75.25 6.33707
      vertex 42.7 74 6.6429
    endloop
  endfacet
  facet normal -0.121866 -3.52195e-06 0.992547
    outer loop
      vertex 42.799 73.5025 6.65505
      vertex 40.2092 72.75 6.33707
      vertex 40.3045 72.4693 6.34877
    endloop
  endfacet
  facet normal -0.121867 -6.30092e-06 0.992546
    outer loop
      vertex 42.8742 73.35 6.66429
      vertex 40.5359 72 6.37718
      vertex 40.8266 71.5649 6.41287
    endloop
  endfacet
  facet normal -0.121866 -3.13095e-06 0.992547
    outer loop
      vertex 42.799 73.5025 6.65505
      vertex 40.3045 72.4693 6.34877
      vertex 40.5359 72 6.37718
    endloop
  endfacet
  facet normal -0.121869 0 0.992546
    outer loop
      vertex 6.5 75.25 2.1981
      vertex 40.2092 72.75 6.33707
      vertex 40.2092 75.25 6.33707
    endloop
  endfacet
  facet normal -0.121869 0 0.992546
    outer loop
      vertex 40.2092 72.75 6.33707
      vertex 6.5 75.25 2.1981
      vertex 6.5 72.75 2.1981
    endloop
  endfacet
  facet normal -0.121887 -1.23204e-06 0.992544
    outer loop
      vertex 66.1264 20.2438 9.51931
      vertex 65.4 23.1515 9.43011
      vertex 65.6133 20.1417 9.4563
    endloop
  endfacet
  facet normal -0.121865 2.96203e-07 0.992547
    outer loop
      vertex 64.8368 23.0395 9.36096
      vertex 65.6133 20.1417 9.4563
      vertex 65.4 23.1515 9.43011
    endloop
  endfacet
  facet normal -0.12187 -8.17371e-07 0.992546
    outer loop
      vertex 65.6133 20.1417 9.4563
      vertex 64.8368 23.0395 9.36096
      vertex 65.1178 19.9735 9.39546
    endloop
  endfacet
  facet normal -0.121862 -1.12244e-07 0.992547
    outer loop
      vertex 63.9697 22.7451 9.2545
      vertex 65.1178 19.9735 9.39546
      vertex 64.8368 23.0395 9.36096
    endloop
  endfacet
  facet normal -0.121863 -6.29854e-07 0.992547
    outer loop
      vertex 65.1178 19.9735 9.39546
      vertex 63.9697 22.7451 9.2545
      vertex 64.6485 19.7421 9.33784
    endloop
  endfacet
  facet normal -0.121878 -4.1224e-06 0.992545
    outer loop
      vertex 63.1485 22.3402 9.15366
      vertex 64.6485 19.7421 9.33784
      vertex 63.9697 22.7451 9.2545
    endloop
  endfacet
  facet normal -0.121868 2.09127e-06 0.992546
    outer loop
      vertex 64.6485 19.7421 9.33784
      vertex 63.1485 22.3402 9.15366
      vertex 64.2135 19.4514 9.28443
    endloop
  endfacet
  facet normal -0.121864 3.49472e-06 0.992547
    outer loop
      vertex 62.3872 21.8315 9.06019
      vertex 64.2135 19.4514 9.28443
      vertex 63.1485 22.3402 9.15366
    endloop
  endfacet
  facet normal -0.121879 -7.94401e-06 0.992545
    outer loop
      vertex 64.2135 19.4514 9.28443
      vertex 62.3872 21.8315 9.06019
      vertex 63.8201 19.1064 9.23612
    endloop
  endfacet
  facet normal -0.121873 -4.64383e-06 0.992546
    outer loop
      vertex 61.6988 21.2277 8.97566
      vertex 63.8201 19.1064 9.23612
      vertex 62.3872 21.8315 9.06019
    endloop
  endfacet
  facet normal -0.121854 1.37156e-05 0.992548
    outer loop
      vertex 63.8201 19.1064 9.23612
      vertex 61.6988 21.2277 8.97566
      vertex 63.4751 18.713 9.19377
    endloop
  endfacet
  facet normal -0.121876 -1.48904e-06 0.992545
    outer loop
      vertex 61.0951 20.5393 8.90153
      vertex 63.4751 18.713 9.19377
      vertex 61.6988 21.2277 8.97566
    endloop
  endfacet
  facet normal -0.12188 -7.49824e-06 0.992545
    outer loop
      vertex 63.4751 18.713 9.19377
      vertex 61.0951 20.5393 8.90153
      vertex 63.1844 18.278 9.15807
    endloop
  endfacet
  facet normal -0.121861 1.08172e-05 0.992547
    outer loop
      vertex 60.5863 19.778 8.83907
      vertex 63.1844 18.278 9.15807
      vertex 61.0951 20.5393 8.90153
    endloop
  endfacet
  facet normal -0.121865 2.9015e-06 0.992547
    outer loop
      vertex 63.1844 18.278 9.15807
      vertex 60.5863 19.778 8.83907
      vertex 62.953 17.8087 9.12966
    endloop
  endfacet
  facet normal -0.121878 -1.30727e-05 0.992545
    outer loop
      vertex 60.1814 18.9568 8.78934
      vertex 62.953 17.8087 9.12966
      vertex 60.5863 19.778 8.83907
    endloop
  endfacet
  facet normal -0.121871 5.24994e-06 0.992546
    outer loop
      vertex 62.953 17.8087 9.12966
      vertex 60.1814 18.9568 8.78934
      vertex 62.7848 17.3133 9.10901
    endloop
  endfacet
  facet normal -0.121873 4.64383e-06 0.992546
    outer loop
      vertex 63.8201 13.4496 9.23612
      vertex 61.6988 11.3283 8.97566
      vertex 62.3872 10.7245 9.06019
    endloop
  endfacet
  facet normal -0.121876 1.48904e-06 0.992545
    outer loop
      vertex 63.4751 13.843 9.19377
      vertex 61.0951 12.0167 8.90153
      vertex 61.6988 11.3283 8.97566
    endloop
  endfacet
  facet normal -0.12187 6.5319e-06 0.992546
    outer loop
      vertex 59.8871 18.0897 8.75321
      vertex 62.7848 17.3133 9.10901
      vertex 60.1814 18.9568 8.78934
    endloop
  endfacet
  facet normal -0.121871 -1.52816e-06 0.992546
    outer loop
      vertex 63.1844 14.278 9.15807
      vertex 60.5864 12.778 8.83907
      vertex 61.0951 12.0167 8.90153
    endloop
  endfacet
  facet normal -0.121879 -2.88697e-05 0.992545
    outer loop
      vertex 62.7848 17.3133 9.10901
      vertex 59.8871 18.0897 8.75321
      vertex 62.6828 16.8001 9.09647
    endloop
  endfacet
  facet normal -0.121864 -1.06712e-05 0.992547
    outer loop
      vertex 62.953 14.7473 9.12966
      vertex 60.1918 13.578 8.79063
      vertex 60.5864 12.778 8.83907
    endloop
  endfacet
  facet normal -0.121866 1.05157e-06 0.992547
    outer loop
      vertex 59.7084 17.1917 8.73127
      vertex 62.6828 16.8001 9.09647
      vertex 59.8871 18.0897 8.75321
    endloop
  endfacet
  facet normal -0.121863 2.14685e-05 0.992547
    outer loop
      vertex 62.6828 16.8001 9.09647
      vertex 59.7084 17.1917 8.73127
      vertex 62.6485 16.278 9.09227
    endloop
  endfacet
  facet normal -0.12187 -6.5319e-06 0.992546
    outer loop
      vertex 62.7848 15.2427 9.10901
      vertex 59.8871 14.4663 8.75321
      vertex 60.1814 13.5992 8.78934
    endloop
  endfacet
  facet normal -0.122079 0.000505904 0.99252
    outer loop
      vertex 62.953 14.7473 9.12966
      vertex 60.1814 13.5992 8.78934
      vertex 60.1918 13.578 8.79063
    endloop
  endfacet
  facet normal -0.121868 5.12912e-06 0.992546
    outer loop
      vertex 59.6485 16.278 8.72392
      vertex 62.6485 16.278 9.09227
      vertex 59.7084 17.1917 8.73127
    endloop
  endfacet
  facet normal -0.121866 -1.05157e-06 0.992547
    outer loop
      vertex 62.6828 15.7559 9.09647
      vertex 59.7084 15.3643 8.73127
      vertex 59.8871 14.4663 8.75321
    endloop
  endfacet
  facet normal -0.121868 -5.12912e-06 0.992546
    outer loop
      vertex 62.6485 16.278 9.09227
      vertex 59.6485 16.278 8.72392
      vertex 59.7084 15.3643 8.73127
    endloop
  endfacet
  facet normal -0.12178 -0.000296656 0.992557
    outer loop
      vertex 109.209 43.75 14.8092
      vertex 111.799 44.5025 15.1272
      vertex 111.744 44.6635 15.1205
    endloop
  endfacet
  facet normal -0.121979 0.000264247 0.992533
    outer loop
      vertex 109.209 43.75 14.8092
      vertex 111.744 44.6635 15.1205
      vertex 111.711 44.8303 15.1164
    endloop
  endfacet
  facet normal -0.121986 0.000281064 0.992532
    outer loop
      vertex 109.209 43.75 14.8092
      vertex 111.711 44.8303 15.1164
      vertex 111.7 45 15.115
    endloop
  endfacet
  facet normal -0.12185 5.59676e-05 0.992549
    outer loop
      vertex 109.536 47 14.8493
      vertex 111.874 45.65 15.1364
      vertex 109.827 47.435 14.885
    endloop
  endfacet
  facet normal -0.121854 4.96496e-05 0.992548
    outer loop
      vertex 111.874 45.65 15.1364
      vertex 109.536 47 14.8493
      vertex 111.799 45.4975 15.1272
    endloop
  endfacet
  facet normal -0.121883 3.28957e-05 0.992545
    outer loop
      vertex 112.35 43.8742 15.1948
      vertex 111 41.5359 15.0291
      vertex 111.469 41.3045 15.0867
    endloop
  endfacet
  facet normal -0.121855 1.75047e-05 0.992548
    outer loop
      vertex 112.503 43.799 15.2136
      vertex 111.469 41.3045 15.0867
      vertex 111.75 41.2092 15.1212
    endloop
  endfacet
  facet normal -0.121792 0.000143261 0.992556
    outer loop
      vertex 109.304 46.5307 14.8209
      vertex 111.799 45.4975 15.1272
      vertex 109.536 47 14.8493
    endloop
  endfacet
  facet normal -0.121841 4.64703e-06 0.99255
    outer loop
      vertex 112.209 43.9686 15.1775
      vertex 110.565 41.8266 14.9757
      vertex 111 41.5359 15.0291
    endloop
  endfacet
  facet normal -0.121898 -0.0001156 0.992543
    outer loop
      vertex 109.209 46.25 14.8092
      vertex 111.799 45.4975 15.1272
      vertex 109.304 46.5307 14.8209
    endloop
  endfacet
  facet normal -0.121931 6.0232e-05 0.992539
    outer loop
      vertex 112.081 44.0808 15.1618
      vertex 110.172 42.1716 14.9274
      vertex 110.565 41.8266 14.9757
    endloop
  endfacet
  facet normal -0.12178 0.000296656 0.992557
    outer loop
      vertex 111.799 45.4975 15.1272
      vertex 109.209 46.25 14.8092
      vertex 111.744 45.3365 15.1205
    endloop
  endfacet
  facet normal -0.121913 6.04175e-05 0.992541
    outer loop
      vertex 111.969 44.2086 15.148
      vertex 109.827 42.5649 14.885
      vertex 110.172 42.1716 14.9274
    endloop
  endfacet
  facet normal -0.121979 -0.000264247 0.992533
    outer loop
      vertex 111.744 45.3365 15.1205
      vertex 109.209 46.25 14.8092
      vertex 111.711 45.1697 15.1164
    endloop
  endfacet
  facet normal -0.121847 0 0.992549
    outer loop
      vertex 109.209 43.75 14.8092
      vertex 111.7 45 15.115
      vertex 109.209 46.25 14.8092
    endloop
  endfacet
  facet normal -0.121986 -0.000281064 0.992532
    outer loop
      vertex 111.711 45.1697 15.1164
      vertex 109.209 46.25 14.8092
      vertex 111.7 45 15.115
    endloop
  endfacet
  facet normal -0.121898 0.0001156 0.992543
    outer loop
      vertex 111.799 44.5025 15.1272
      vertex 109.209 43.75 14.8092
      vertex 109.304 43.4693 14.8209
    endloop
  endfacet
  facet normal -0.12185 -5.59583e-05 0.992549
    outer loop
      vertex 111.874 44.35 15.1364
      vertex 109.536 43 14.8493
      vertex 109.827 42.5649 14.885
    endloop
  endfacet
  facet normal -0.121792 -0.000143261 0.992556
    outer loop
      vertex 111.799 44.5025 15.1272
      vertex 109.304 43.4693 14.8209
      vertex 109.536 43 14.8493
    endloop
  endfacet
  facet normal -0.12187 0 0.992546
    outer loop
      vertex 67.9 46.25 9.73707
      vertex 109.209 43.75 14.8092
      vertex 109.209 46.25 14.8092
    endloop
  endfacet
  facet normal -0.12187 0 0.992546
    outer loop
      vertex 109.209 43.75 14.8092
      vertex 67.9 46.25 9.73707
      vertex 67.9 43.75 9.73707
    endloop
  endfacet
  facet normal -0.121781 4.24176e-05 0.992557
    outer loop
      vertex 112.209 75.0314 15.1775
      vertex 110.565 77.1734 14.9757
      vertex 112.081 74.9192 15.1618
    endloop
  endfacet
  facet normal -0.121931 -6.0232e-05 0.992539
    outer loop
      vertex 110.172 76.8284 14.9274
      vertex 112.081 74.9192 15.1618
      vertex 110.565 77.1734 14.9757
    endloop
  endfacet
  facet normal -0.122067 -0.000198157 0.992522
    outer loop
      vertex 112.081 74.9192 15.1618
      vertex 110.172 76.8284 14.9274
      vertex 111.969 74.7914 15.148
    endloop
  endfacet
  facet normal -0.121913 -6.04098e-05 0.992541
    outer loop
      vertex 109.827 76.435 14.885
      vertex 111.969 74.7914 15.148
      vertex 110.172 76.8284 14.9274
    endloop
  endfacet
  facet normal -0.121642 0.000297975 0.992574
    outer loop
      vertex 111.969 74.7914 15.148
      vertex 109.827 76.435 14.885
      vertex 111.874 74.65 15.1364
    endloop
  endfacet
  facet normal -0.121781 4.24176e-05 0.992557
    outer loop
      vertex 112.209 46.0314 15.1775
      vertex 110.565 48.1734 14.9757
      vertex 112.081 45.9192 15.1618
    endloop
  endfacet
  facet normal -0.121931 -6.0232e-05 0.992539
    outer loop
      vertex 110.172 47.8284 14.9274
      vertex 112.081 45.9192 15.1618
      vertex 110.565 48.1734 14.9757
    endloop
  endfacet
  facet normal -0.122067 -0.000198157 0.992522
    outer loop
      vertex 112.081 45.9192 15.1618
      vertex 110.172 47.8284 14.9274
      vertex 111.969 45.7914 15.148
    endloop
  endfacet
  facet normal -0.121913 -6.04098e-05 0.992541
    outer loop
      vertex 109.827 47.435 14.885
      vertex 111.969 45.7914 15.148
      vertex 110.172 47.8284 14.9274
    endloop
  endfacet
  facet normal -0.121642 0.000297975 0.992574
    outer loop
      vertex 111.969 45.7914 15.148
      vertex 109.827 47.435 14.885
      vertex 111.874 45.65 15.1364
    endloop
  endfacet
  facet normal -0.121884 0 0.992544
    outer loop
      vertex 45.9 6.5 7.03581
      vertex 46 2.5 7.04809
      vertex 46 6.5 7.04809
    endloop
  endfacet
  facet normal -0.121884 0 0.992544
    outer loop
      vertex 46 2.5 7.04809
      vertex 45.9 6.5 7.03581
      vertex 45.9 2.5 7.03581
    endloop
  endfacet
  facet normal -0.122607 0.000762996 0.992455
    outer loop
      vertex 143.366 6.5 19.0031
      vertex 143.145 6.237 18.976
      vertex 143.268 6.36101 18.9911
    endloop
  endfacet
  facet normal -0.122785 0.000914938 0.992433
    outer loop
      vertex 143.366 6.5 19.0031
      vertex 143.002 6.13701 18.9584
      vertex 143.145 6.237 18.976
    endloop
  endfacet
  facet normal -0.121855 -3.22461e-05 0.992548
    outer loop
      vertex 143.366 6.5 19.0031
      vertex 142.844 6.06401 18.939
      vertex 143.002 6.13701 18.9584
    endloop
  endfacet
  facet normal -0.121625 -0.0003112 0.992576
    outer loop
      vertex 143.366 6.5 19.0031
      vertex 142.676 6.01901 18.9184
      vertex 142.844 6.06401 18.939
    endloop
  endfacet
  facet normal -0.122104 0.000385246 0.992517
    outer loop
      vertex 143.366 6.5 19.0031
      vertex 142.502 6.00301 18.897
      vertex 142.676 6.01901 18.9184
    endloop
  endfacet
  facet normal -0.121559 -0.000575955 0.992584
    outer loop
      vertex 143.366 6.5 19.0031
      vertex 142.328 6.01901 18.8757
      vertex 142.502 6.00301 18.897
    endloop
  endfacet
  facet normal -0.121749 -0.000158789 0.992561
    outer loop
      vertex 143.366 6.5 19.0031
      vertex 142.16 6.06401 18.8551
      vertex 142.328 6.01901 18.8757
    endloop
  endfacet
  facet normal -0.121839 9.33723e-05 0.99255
    outer loop
      vertex 142.16 6.06401 18.8551
      vertex 143.366 6.5 19.0031
      vertex 140.962 6.5 18.708
    endloop
  endfacet
  facet normal 0.321178 -0.947019 0
    outer loop
      vertex 114.531 41.3045 0
      vertex 114.25 41.2092 15.4281
      vertex 114.25 41.2092 0
    endloop
  endfacet
  facet normal 0.321178 -0.947019 0
    outer loop
      vertex 114.25 41.2092 15.4281
      vertex 114.531 41.3045 0
      vertex 114.531 41.3045 15.4626
    endloop
  endfacet
  facet normal 0.442465 -0.896786 0
    outer loop
      vertex 115 41.5359 0
      vertex 114.531 41.3045 15.4626
      vertex 114.531 41.3045 0
    endloop
  endfacet
  facet normal 0.442465 -0.896786 0
    outer loop
      vertex 114.531 41.3045 15.4626
      vertex 115 41.5359 0
      vertex 115 41.5359 15.5202
    endloop
  endfacet
  facet normal 0.555626 -0.831432 0
    outer loop
      vertex 115.435 41.8266 0
      vertex 115 41.5359 15.5202
      vertex 115 41.5359 0
    endloop
  endfacet
  facet normal 0.555626 -0.831432 0
    outer loop
      vertex 115 41.5359 15.5202
      vertex 115.435 41.8266 0
      vertex 115.435 41.8266 15.5736
    endloop
  endfacet
  facet normal 0.659722 -0.75151 0
    outer loop
      vertex 115.828 42.1716 0
      vertex 115.435 41.8266 15.5736
      vertex 115.435 41.8266 0
    endloop
  endfacet
  facet normal 0.659722 -0.75151 0
    outer loop
      vertex 115.435 41.8266 15.5736
      vertex 115.828 42.1716 0
      vertex 115.828 42.1716 15.6219
    endloop
  endfacet
  facet normal 0.751759 -0.659438 0
    outer loop
      vertex 115.828 42.1716 15.6219
      vertex 116.173 42.5649 0
      vertex 116.173 42.5649 15.6643
    endloop
  endfacet
  facet normal 0.751759 -0.659438 0
    outer loop
      vertex 116.173 42.5649 0
      vertex 115.828 42.1716 15.6219
      vertex 115.828 42.1716 0
    endloop
  endfacet
  facet normal 0.831226 -0.555934 0
    outer loop
      vertex 116.173 42.5649 15.6643
      vertex 116.464 43 0
      vertex 116.464 43 15.7
    endloop
  endfacet
  facet normal 0.831226 -0.555934 0
    outer loop
      vertex 116.464 43 0
      vertex 116.173 42.5649 15.6643
      vertex 116.173 42.5649 0
    endloop
  endfacet
  facet normal 0.896443 -0.443159 0
    outer loop
      vertex 116.464 43 15.7
      vertex 116.696 43.4693 0
      vertex 116.696 43.4693 15.7284
    endloop
  endfacet
  facet normal 0.896443 -0.443159 0
    outer loop
      vertex 116.696 43.4693 0
      vertex 116.464 43 15.7
      vertex 116.464 43 0
    endloop
  endfacet
  facet normal 0.947222 -0.320578 0
    outer loop
      vertex 116.696 43.4693 15.7284
      vertex 116.791 43.75 0
      vertex 116.791 43.75 15.7401
    endloop
  endfacet
  facet normal 0.947222 -0.320578 0
    outer loop
      vertex 116.791 43.75 0
      vertex 116.696 43.4693 15.7284
      vertex 116.696 43.4693 0
    endloop
  endfacet
  facet normal 0 -1 0
    outer loop
      vertex 116.791 43.75 15.7401
      vertex 138.349 43.75 14.3871
      vertex 138.349 43.75 18.3871
    endloop
  endfacet
  facet normal 0 -1 0
    outer loop
      vertex 116.791 43.75 0
      vertex 138.349 43.75 14.3871
      vertex 116.791 43.75 15.7401
    endloop
  endfacet
  facet normal 0 -1 0
    outer loop
      vertex 143.49 43.75 0
      vertex 138.349 43.75 14.3871
      vertex 116.791 43.75 0
    endloop
  endfacet
  facet normal 0 -1 0
    outer loop
      vertex 138.349 43.75 14.3871
      vertex 143.49 43.75 0
      vertex 143.49 43.75 13
    endloop
  endfacet
  facet normal 0 -1 -0
    outer loop
      vertex 143.49 43.75 15.0184
      vertex 138.349 43.75 14.3871
      vertex 143.49 43.75 13
    endloop
  endfacet
  facet normal 0 1 0
    outer loop
      vertex 143.49 46.25 15.0184
      vertex 143.49 46.25 13
      vertex 138.349 46.25 14.3871
    endloop
  endfacet
  facet normal 0 1 -0
    outer loop
      vertex 138.349 46.25 14.3871
      vertex 116.791 46.25 15.7401
      vertex 138.349 46.25 18.3871
    endloop
  endfacet
  facet normal 0 1 -0
    outer loop
      vertex 143.49 46.25 0
      vertex 138.349 46.25 14.3871
      vertex 143.49 46.25 13
    endloop
  endfacet
  facet normal 0 1 0
    outer loop
      vertex 138.349 46.25 14.3871
      vertex 143.49 46.25 0
      vertex 116.791 46.25 0
    endloop
  endfacet
  facet normal 0 1 0
    outer loop
      vertex 138.349 46.25 14.3871
      vertex 116.791 46.25 0
      vertex 116.791 46.25 15.7401
    endloop
  endfacet
  facet normal 0.947222 0.320578 -0
    outer loop
      vertex 116.791 46.25 0
      vertex 116.696 46.5307 15.7284
      vertex 116.791 46.25 15.7401
    endloop
  endfacet
  facet normal 0.947222 0.320578 0
    outer loop
      vertex 116.696 46.5307 15.7284
      vertex 116.791 46.25 0
      vertex 116.696 46.5307 0
    endloop
  endfacet
  facet normal 0.896443 0.443159 -0
    outer loop
      vertex 116.696 46.5307 0
      vertex 116.464 47 15.7
      vertex 116.696 46.5307 15.7284
    endloop
  endfacet
  facet normal 0.896443 0.443159 0
    outer loop
      vertex 116.464 47 15.7
      vertex 116.696 46.5307 0
      vertex 116.464 47 0
    endloop
  endfacet
  facet normal 0.831167 0.556022 -0
    outer loop
      vertex 116.464 47 0
      vertex 116.173 47.435 15.6643
      vertex 116.464 47 15.7
    endloop
  endfacet
  facet normal 0.831167 0.556022 0
    outer loop
      vertex 116.173 47.435 15.6643
      vertex 116.464 47 0
      vertex 116.173 47.435 0
    endloop
  endfacet
  facet normal 0.751842 0.659343 -0
    outer loop
      vertex 116.173 47.435 0
      vertex 115.828 47.8284 15.6219
      vertex 116.173 47.435 15.6643
    endloop
  endfacet
  facet normal 0.751842 0.659343 0
    outer loop
      vertex 115.828 47.8284 15.6219
      vertex 116.173 47.435 0
      vertex 115.828 47.8284 0
    endloop
  endfacet
  facet normal 0.659722 0.75151 -0
    outer loop
      vertex 115.828 47.8284 0
      vertex 115.435 48.1734 15.5736
      vertex 115.828 47.8284 15.6219
    endloop
  endfacet
  facet normal 0.659722 0.75151 0
    outer loop
      vertex 115.435 48.1734 15.5736
      vertex 115.828 47.8284 0
      vertex 115.435 48.1734 0
    endloop
  endfacet
  facet normal 0.555626 0.831432 -0
    outer loop
      vertex 115.435 48.1734 0
      vertex 115 48.4641 15.5202
      vertex 115.435 48.1734 15.5736
    endloop
  endfacet
  facet normal 0.555626 0.831432 0
    outer loop
      vertex 115 48.4641 15.5202
      vertex 115.435 48.1734 0
      vertex 115 48.4641 0
    endloop
  endfacet
  facet normal 0.442465 0.896786 -0
    outer loop
      vertex 115 48.4641 0
      vertex 114.531 48.6955 15.4626
      vertex 115 48.4641 15.5202
    endloop
  endfacet
  facet normal 0.442465 0.896786 0
    outer loop
      vertex 114.531 48.6955 15.4626
      vertex 115 48.4641 0
      vertex 114.531 48.6955 0
    endloop
  endfacet
  facet normal 0.321178 0.947019 -0
    outer loop
      vertex 114.531 48.6955 0
      vertex 114.25 48.7908 15.4281
      vertex 114.531 48.6955 15.4626
    endloop
  endfacet
  facet normal 0.321178 0.947019 0
    outer loop
      vertex 114.25 48.7908 15.4281
      vertex 114.531 48.6955 0
      vertex 114.25 48.7908 0
    endloop
  endfacet
  facet normal 1 -0 0
    outer loop
      vertex 114.25 48.7908 15.4281
      vertex 114.25 70.2092 0
      vertex 114.25 70.2092 15.4281
    endloop
  endfacet
  facet normal 1 0 0
    outer loop
      vertex 114.25 70.2092 0
      vertex 114.25 48.7908 15.4281
      vertex 114.25 48.7908 0
    endloop
  endfacet
  facet normal 0.321178 -0.947019 0
    outer loop
      vertex 114.531 70.3045 0
      vertex 114.25 70.2092 15.4281
      vertex 114.25 70.2092 0
    endloop
  endfacet
  facet normal 0.321178 -0.947019 0
    outer loop
      vertex 114.25 70.2092 15.4281
      vertex 114.531 70.3045 0
      vertex 114.531 70.3045 15.4626
    endloop
  endfacet
  facet normal 0.442465 -0.896786 0
    outer loop
      vertex 115 70.5359 0
      vertex 114.531 70.3045 15.4626
      vertex 114.531 70.3045 0
    endloop
  endfacet
  facet normal 0.442465 -0.896786 0
    outer loop
      vertex 114.531 70.3045 15.4626
      vertex 115 70.5359 0
      vertex 115 70.5359 15.5202
    endloop
  endfacet
  facet normal 0.555626 -0.831432 0
    outer loop
      vertex 115.435 70.8266 0
      vertex 115 70.5359 15.5202
      vertex 115 70.5359 0
    endloop
  endfacet
  facet normal 0.555626 -0.831432 0
    outer loop
      vertex 115 70.5359 15.5202
      vertex 115.435 70.8266 0
      vertex 115.435 70.8266 15.5736
    endloop
  endfacet
  facet normal 0.659722 -0.75151 0
    outer loop
      vertex 115.828 71.1716 0
      vertex 115.435 70.8266 15.5736
      vertex 115.435 70.8266 0
    endloop
  endfacet
  facet normal 0.659722 -0.75151 0
    outer loop
      vertex 115.435 70.8266 15.5736
      vertex 115.828 71.1716 0
      vertex 115.828 71.1716 15.6219
    endloop
  endfacet
  facet normal 0.751759 -0.659438 0
    outer loop
      vertex 115.828 71.1716 15.6219
      vertex 116.173 71.5649 0
      vertex 116.173 71.5649 15.6643
    endloop
  endfacet
  facet normal 0.751759 -0.659438 0
    outer loop
      vertex 116.173 71.5649 0
      vertex 115.828 71.1716 15.6219
      vertex 115.828 71.1716 0
    endloop
  endfacet
  facet normal 0.831226 -0.555934 0
    outer loop
      vertex 116.173 71.5649 15.6643
      vertex 116.464 72 0
      vertex 116.464 72 15.7
    endloop
  endfacet
  facet normal 0.831226 -0.555934 0
    outer loop
      vertex 116.464 72 0
      vertex 116.173 71.5649 15.6643
      vertex 116.173 71.5649 0
    endloop
  endfacet
  facet normal 0.896443 -0.443159 0
    outer loop
      vertex 116.464 72 15.7
      vertex 116.696 72.4693 0
      vertex 116.696 72.4693 15.7284
    endloop
  endfacet
  facet normal 0.896443 -0.443159 0
    outer loop
      vertex 116.696 72.4693 0
      vertex 116.464 72 15.7
      vertex 116.464 72 0
    endloop
  endfacet
  facet normal 0.947222 -0.320578 0
    outer loop
      vertex 116.696 72.4693 15.7284
      vertex 116.791 72.75 0
      vertex 116.791 72.75 15.7401
    endloop
  endfacet
  facet normal 0.947222 -0.320578 0
    outer loop
      vertex 116.791 72.75 0
      vertex 116.696 72.4693 15.7284
      vertex 116.696 72.4693 0
    endloop
  endfacet
  facet normal 0 -1 0
    outer loop
      vertex 116.791 72.75 15.7401
      vertex 143.49 72.75 13
      vertex 143.49 72.75 19.0184
    endloop
  endfacet
  facet normal 0 -1 0
    outer loop
      vertex 116.791 72.75 0
      vertex 143.49 72.75 13
      vertex 116.791 72.75 15.7401
    endloop
  endfacet
  facet normal 0 -1 -0
    outer loop
      vertex 143.49 72.75 13
      vertex 116.791 72.75 0
      vertex 143.49 72.75 0
    endloop
  endfacet
  facet normal 0 1 -0
    outer loop
      vertex 143.49 75.25 13
      vertex 116.791 75.25 15.7401
      vertex 143.49 75.25 19.0184
    endloop
  endfacet
  facet normal 0 1 0
    outer loop
      vertex 116.791 75.25 0
      vertex 143.49 75.25 13
      vertex 143.49 75.25 0
    endloop
  endfacet
  facet normal 0 1 0
    outer loop
      vertex 143.49 75.25 13
      vertex 116.791 75.25 0
      vertex 116.791 75.25 15.7401
    endloop
  endfacet
  facet normal 0.947222 0.320578 -0
    outer loop
      vertex 116.791 75.25 0
      vertex 116.696 75.5307 15.7284
      vertex 116.791 75.25 15.7401
    endloop
  endfacet
  facet normal 0.947222 0.320578 0
    outer loop
      vertex 116.696 75.5307 15.7284
      vertex 116.791 75.25 0
      vertex 116.696 75.5307 0
    endloop
  endfacet
  facet normal 0.896443 0.443159 -0
    outer loop
      vertex 116.696 75.5307 0
      vertex 116.464 76 15.7
      vertex 116.696 75.5307 15.7284
    endloop
  endfacet
  facet normal 0.896443 0.443159 0
    outer loop
      vertex 116.464 76 15.7
      vertex 116.696 75.5307 0
      vertex 116.464 76 0
    endloop
  endfacet
  facet normal 0.831167 0.556022 -0
    outer loop
      vertex 116.464 76 0
      vertex 116.173 76.435 15.6643
      vertex 116.464 76 15.7
    endloop
  endfacet
  facet normal 0.831167 0.556022 0
    outer loop
      vertex 116.173 76.435 15.6643
      vertex 116.464 76 0
      vertex 116.173 76.435 0
    endloop
  endfacet
  facet normal 0.751842 0.659343 -0
    outer loop
      vertex 116.173 76.435 0
      vertex 115.828 76.8284 15.6219
      vertex 116.173 76.435 15.6643
    endloop
  endfacet
  facet normal 0.751842 0.659343 0
    outer loop
      vertex 115.828 76.8284 15.6219
      vertex 116.173 76.435 0
      vertex 115.828 76.8284 0
    endloop
  endfacet
  facet normal 0.659722 0.75151 -0
    outer loop
      vertex 115.828 76.8284 0
      vertex 115.435 77.1734 15.5736
      vertex 115.828 76.8284 15.6219
    endloop
  endfacet
  facet normal 0.659722 0.75151 0
    outer loop
      vertex 115.435 77.1734 15.5736
      vertex 115.828 76.8284 0
      vertex 115.435 77.1734 0
    endloop
  endfacet
  facet normal 0.555626 0.831432 -0
    outer loop
      vertex 115.435 77.1734 0
      vertex 115 77.4641 15.5202
      vertex 115.435 77.1734 15.5736
    endloop
  endfacet
  facet normal 0.555626 0.831432 0
    outer loop
      vertex 115 77.4641 15.5202
      vertex 115.435 77.1734 0
      vertex 115 77.4641 0
    endloop
  endfacet
  facet normal 0.442465 0.896786 -0
    outer loop
      vertex 115 77.4641 0
      vertex 114.531 77.6955 15.4626
      vertex 115 77.4641 15.5202
    endloop
  endfacet
  facet normal 0.442465 0.896786 0
    outer loop
      vertex 114.531 77.6955 15.4626
      vertex 115 77.4641 0
      vertex 114.531 77.6955 0
    endloop
  endfacet
  facet normal 0.321178 0.947019 -0
    outer loop
      vertex 114.531 77.6955 0
      vertex 114.25 77.7908 15.4281
      vertex 114.531 77.6955 15.4626
    endloop
  endfacet
  facet normal 0.321178 0.947019 0
    outer loop
      vertex 114.25 77.7908 15.4281
      vertex 114.531 77.6955 0
      vertex 114.25 77.7908 0
    endloop
  endfacet
  facet normal 1 -0 0
    outer loop
      vertex 114.25 77.7908 15.4281
      vertex 114.25 119.03 0
      vertex 114.25 119.03 15.4281
    endloop
  endfacet
  facet normal 1 0 0
    outer loop
      vertex 114.25 119.03 0
      vertex 114.25 77.7908 15.4281
      vertex 114.25 77.7908 0
    endloop
  endfacet
  facet normal -1 0 0
    outer loop
      vertex 111.75 77.7908 0
      vertex 111.75 119.03 15.1212
      vertex 111.75 119.03 0
    endloop
  endfacet
  facet normal -1 -0 0
    outer loop
      vertex 111.75 119.03 15.1212
      vertex 111.75 77.7908 0
      vertex 111.75 77.7908 15.1212
    endloop
  endfacet
  facet normal -0.321178 0.947019 0
    outer loop
      vertex 111.75 77.7908 0
      vertex 111.469 77.6955 15.0867
      vertex 111.75 77.7908 15.1212
    endloop
  endfacet
  facet normal -0.321178 0.947019 0
    outer loop
      vertex 111.469 77.6955 15.0867
      vertex 111.75 77.7908 0
      vertex 111.469 77.6955 0
    endloop
  endfacet
  facet normal -0.442465 0.896786 0
    outer loop
      vertex 111.469 77.6955 0
      vertex 111 77.4641 15.0291
      vertex 111.469 77.6955 15.0867
    endloop
  endfacet
  facet normal -0.442465 0.896786 0
    outer loop
      vertex 111 77.4641 15.0291
      vertex 111.469 77.6955 0
      vertex 111 77.4641 0
    endloop
  endfacet
  facet normal -0.555626 0.831432 0
    outer loop
      vertex 111 77.4641 0
      vertex 110.565 77.1734 14.9757
      vertex 111 77.4641 15.0291
    endloop
  endfacet
  facet normal -0.555626 0.831432 0
    outer loop
      vertex 110.565 77.1734 14.9757
      vertex 111 77.4641 0
      vertex 110.565 77.1734 0
    endloop
  endfacet
  facet normal -0.659722 0.75151 0
    outer loop
      vertex 110.565 77.1734 0
      vertex 110.172 76.8284 14.9274
      vertex 110.565 77.1734 14.9757
    endloop
  endfacet
  facet normal -0.659722 0.75151 0
    outer loop
      vertex 110.172 76.8284 14.9274
      vertex 110.565 77.1734 0
      vertex 110.172 76.8284 0
    endloop
  endfacet
  facet normal -0.751842 0.659343 0
    outer loop
      vertex 109.827 76.435 14.885
      vertex 110.172 76.8284 0
      vertex 109.827 76.435 0
    endloop
  endfacet
  facet normal -0.751842 0.659343 0
    outer loop
      vertex 110.172 76.8284 0
      vertex 109.827 76.435 14.885
      vertex 110.172 76.8284 14.9274
    endloop
  endfacet
  facet normal -0.831167 0.556022 0
    outer loop
      vertex 109.536 76 14.8493
      vertex 109.827 76.435 0
      vertex 109.536 76 0
    endloop
  endfacet
  facet normal -0.831167 0.556022 0
    outer loop
      vertex 109.827 76.435 0
      vertex 109.536 76 14.8493
      vertex 109.827 76.435 14.885
    endloop
  endfacet
  facet normal -0.896443 0.443159 0
    outer loop
      vertex 109.304 75.5307 14.8209
      vertex 109.536 76 0
      vertex 109.304 75.5307 0
    endloop
  endfacet
  facet normal -0.896443 0.443159 0
    outer loop
      vertex 109.536 76 0
      vertex 109.304 75.5307 14.8209
      vertex 109.536 76 14.8493
    endloop
  endfacet
  facet normal -0.947222 0.320578 0
    outer loop
      vertex 109.209 75.25 14.8092
      vertex 109.304 75.5307 0
      vertex 109.209 75.25 0
    endloop
  endfacet
  facet normal -0.947222 0.320578 0
    outer loop
      vertex 109.304 75.5307 0
      vertex 109.209 75.25 14.8092
      vertex 109.304 75.5307 14.8209
    endloop
  endfacet
  facet normal 0 1 -0
    outer loop
      vertex 109.209 75.25 0
      vertex 47.7908 75.25 7.26797
      vertex 109.209 75.25 14.8092
    endloop
  endfacet
  facet normal 0 1 0
    outer loop
      vertex 47.7908 75.25 7.26797
      vertex 109.209 75.25 0
      vertex 47.7908 75.25 0
    endloop
  endfacet
  facet normal 0.946915 0.321485 -0
    outer loop
      vertex 47.7908 75.25 0
      vertex 47.6955 75.5307 7.25627
      vertex 47.7908 75.25 7.26797
    endloop
  endfacet
  facet normal 0.946915 0.321485 0
    outer loop
      vertex 47.6955 75.5307 7.25627
      vertex 47.7908 75.25 0
      vertex 47.6955 75.5307 0
    endloop
  endfacet
  facet normal 0.896898 0.442238 -0
    outer loop
      vertex 47.6955 75.5307 0
      vertex 47.4641 76 7.22786
      vertex 47.6955 75.5307 7.25627
    endloop
  endfacet
  facet normal 0.896898 0.442238 0
    outer loop
      vertex 47.4641 76 7.22786
      vertex 47.6955 75.5307 0
      vertex 47.4641 76 0
    endloop
  endfacet
  facet normal 0.831432 0.555626 -0
    outer loop
      vertex 47.4641 76 0
      vertex 47.1734 76.435 7.19217
      vertex 47.4641 76 7.22786
    endloop
  endfacet
  facet normal 0.831432 0.555626 0
    outer loop
      vertex 47.1734 76.435 7.19217
      vertex 47.4641 76 0
      vertex 47.1734 76.435 0
    endloop
  endfacet
  facet normal 0.751842 0.659343 -0
    outer loop
      vertex 47.1734 76.435 0
      vertex 46.8284 76.8284 7.14981
      vertex 47.1734 76.435 7.19217
    endloop
  endfacet
  facet normal 0.751842 0.659343 0
    outer loop
      vertex 46.8284 76.8284 7.14981
      vertex 47.1734 76.435 0
      vertex 46.8284 76.8284 0
    endloop
  endfacet
  facet normal 0.659343 0.751842 -0
    outer loop
      vertex 46.8284 76.8284 0
      vertex 46.435 77.1734 7.10151
      vertex 46.8284 76.8284 7.14981
    endloop
  endfacet
  facet normal 0.659343 0.751842 0
    outer loop
      vertex 46.435 77.1734 7.10151
      vertex 46.8284 76.8284 0
      vertex 46.435 77.1734 0
    endloop
  endfacet
  facet normal 0.555626 0.831432 -0
    outer loop
      vertex 46.435 77.1734 0
      vertex 46 77.4641 7.04809
      vertex 46.435 77.1734 7.10151
    endloop
  endfacet
  facet normal 0.555626 0.831432 0
    outer loop
      vertex 46 77.4641 7.04809
      vertex 46.435 77.1734 0
      vertex 46 77.4641 0
    endloop
  endfacet
  facet normal 0.442238 0.896898 -0
    outer loop
      vertex 46 77.4641 0
      vertex 45.5307 77.6955 6.99047
      vertex 46 77.4641 7.04809
    endloop
  endfacet
  facet normal 0.442238 0.896898 0
    outer loop
      vertex 45.5307 77.6955 6.99047
      vertex 46 77.4641 0
      vertex 45.5307 77.6955 0
    endloop
  endfacet
  facet normal 0.321485 0.946915 -0
    outer loop
      vertex 45.5307 77.6955 0
      vertex 45.25 77.7908 6.956
      vertex 45.5307 77.6955 6.99047
    endloop
  endfacet
  facet normal 0.321485 0.946915 0
    outer loop
      vertex 45.25 77.7908 6.956
      vertex 45.5307 77.6955 0
      vertex 45.25 77.7908 0
    endloop
  endfacet
  facet normal 1 -0 0
    outer loop
      vertex 45.25 77.7908 6.956
      vertex 45.25 119.03 0
      vertex 45.25 119.03 6.956
    endloop
  endfacet
  facet normal 1 0 0
    outer loop
      vertex 45.25 119.03 0
      vertex 45.25 77.7908 6.956
      vertex 45.25 77.7908 0
    endloop
  endfacet
  facet normal -1 0 0
    outer loop
      vertex 42.75 77.7908 0
      vertex 42.75 119.03 6.64904
      vertex 42.75 119.03 0
    endloop
  endfacet
  facet normal -1 -0 0
    outer loop
      vertex 42.75 119.03 6.64904
      vertex 42.75 77.7908 0
      vertex 42.75 77.7908 6.64904
    endloop
  endfacet
  facet normal -0.321485 0.946915 0
    outer loop
      vertex 42.75 77.7908 0
      vertex 42.4693 77.6955 6.61457
      vertex 42.75 77.7908 6.64904
    endloop
  endfacet
  facet normal -0.321485 0.946915 0
    outer loop
      vertex 42.4693 77.6955 6.61457
      vertex 42.75 77.7908 0
      vertex 42.4693 77.6955 0
    endloop
  endfacet
  facet normal -0.442238 0.896898 0
    outer loop
      vertex 42.4693 77.6955 0
      vertex 42 77.4641 6.55695
      vertex 42.4693 77.6955 6.61457
    endloop
  endfacet
  facet normal -0.442238 0.896898 0
    outer loop
      vertex 42 77.4641 6.55695
      vertex 42.4693 77.6955 0
      vertex 42 77.4641 0
    endloop
  endfacet
  facet normal -0.555538 0.831491 0
    outer loop
      vertex 42 77.4641 0
      vertex 41.5649 77.1734 6.50353
      vertex 42 77.4641 6.55695
    endloop
  endfacet
  facet normal -0.555538 0.831491 0
    outer loop
      vertex 41.5649 77.1734 6.50353
      vertex 42 77.4641 0
      vertex 41.5649 77.1734 0
    endloop
  endfacet
  facet normal -0.659438 0.751759 0
    outer loop
      vertex 41.5649 77.1734 0
      vertex 41.1716 76.8284 6.45523
      vertex 41.5649 77.1734 6.50353
    endloop
  endfacet
  facet normal -0.659438 0.751759 0
    outer loop
      vertex 41.1716 76.8284 6.45523
      vertex 41.5649 77.1734 0
      vertex 41.1716 76.8284 0
    endloop
  endfacet
  facet normal -0.751842 0.659343 0
    outer loop
      vertex 40.8266 76.435 6.41287
      vertex 41.1716 76.8284 0
      vertex 40.8266 76.435 0
    endloop
  endfacet
  facet normal -0.751842 0.659343 0
    outer loop
      vertex 41.1716 76.8284 0
      vertex 40.8266 76.435 6.41287
      vertex 41.1716 76.8284 6.45523
    endloop
  endfacet
  facet normal -0.831432 0.555626 0
    outer loop
      vertex 40.5359 76 6.37718
      vertex 40.8266 76.435 0
      vertex 40.5359 76 0
    endloop
  endfacet
  facet normal -0.831432 0.555626 0
    outer loop
      vertex 40.8266 76.435 0
      vertex 40.5359 76 6.37718
      vertex 40.8266 76.435 6.41287
    endloop
  endfacet
  facet normal -0.896898 0.442238 0
    outer loop
      vertex 40.3045 75.5307 6.34877
      vertex 40.5359 76 0
      vertex 40.3045 75.5307 0
    endloop
  endfacet
  facet normal -0.896898 0.442238 0
    outer loop
      vertex 40.5359 76 0
      vertex 40.3045 75.5307 6.34877
      vertex 40.5359 76 6.37718
    endloop
  endfacet
  facet normal -0.946915 0.321485 0
    outer loop
      vertex 40.2092 75.25 6.33707
      vertex 40.3045 75.5307 0
      vertex 40.2092 75.25 0
    endloop
  endfacet
  facet normal -0.946915 0.321485 0
    outer loop
      vertex 40.3045 75.5307 0
      vertex 40.2092 75.25 6.33707
      vertex 40.3045 75.5307 6.34877
    endloop
  endfacet
  facet normal 0 1 -0
    outer loop
      vertex 40.2092 75.25 0
      vertex 6.5 75.25 2.1981
      vertex 40.2092 75.25 6.33707
    endloop
  endfacet
  facet normal 0 1 0
    outer loop
      vertex 6.5 75.25 2.1981
      vertex 40.2092 75.25 0
      vertex 6.5 75.25 0
    endloop
  endfacet
  facet normal 0 -1 0
    outer loop
      vertex 40.2092 72.75 0
      vertex 6.5 72.75 2.1981
      vertex 6.5 72.75 0
    endloop
  endfacet
  facet normal 0 -1 0
    outer loop
      vertex 6.5 72.75 2.1981
      vertex 40.2092 72.75 0
      vertex 40.2092 72.75 6.33707
    endloop
  endfacet
  facet normal -0.946915 -0.321485 0
    outer loop
      vertex 40.3045 72.4693 0
      vertex 40.2092 72.75 6.33707
      vertex 40.2092 72.75 0
    endloop
  endfacet
  facet normal -0.946915 -0.321485 0
    outer loop
      vertex 40.2092 72.75 6.33707
      vertex 40.3045 72.4693 0
      vertex 40.3045 72.4693 6.34877
    endloop
  endfacet
  facet normal -0.896898 -0.442238 0
    outer loop
      vertex 40.5359 72 0
      vertex 40.3045 72.4693 6.34877
      vertex 40.3045 72.4693 0
    endloop
  endfacet
  facet normal -0.896898 -0.442238 0
    outer loop
      vertex 40.3045 72.4693 6.34877
      vertex 40.5359 72 0
      vertex 40.5359 72 6.37718
    endloop
  endfacet
  facet normal -0.831491 -0.555538 0
    outer loop
      vertex 40.8266 71.5649 0
      vertex 40.5359 72 6.37718
      vertex 40.5359 72 0
    endloop
  endfacet
  facet normal -0.831491 -0.555538 0
    outer loop
      vertex 40.5359 72 6.37718
      vertex 40.8266 71.5649 0
      vertex 40.8266 71.5649 6.41287
    endloop
  endfacet
  facet normal -0.751759 -0.659438 0
    outer loop
      vertex 41.1716 71.1716 0
      vertex 40.8266 71.5649 6.41287
      vertex 40.8266 71.5649 0
    endloop
  endfacet
  facet normal -0.751759 -0.659438 0
    outer loop
      vertex 40.8266 71.5649 6.41287
      vertex 41.1716 71.1716 0
      vertex 41.1716 71.1716 6.45523
    endloop
  endfacet
  facet normal -0.659438 -0.751759 0
    outer loop
      vertex 41.5649 70.8266 0
      vertex 41.1716 71.1716 6.45523
      vertex 41.1716 71.1716 0
    endloop
  endfacet
  facet normal -0.659438 -0.751759 0
    outer loop
      vertex 41.1716 71.1716 6.45523
      vertex 41.5649 70.8266 0
      vertex 41.5649 70.8266 6.50353
    endloop
  endfacet
  facet normal -0.555538 -0.831491 0
    outer loop
      vertex 42 70.5359 0
      vertex 41.5649 70.8266 6.50353
      vertex 41.5649 70.8266 0
    endloop
  endfacet
  facet normal -0.555538 -0.831491 0
    outer loop
      vertex 41.5649 70.8266 6.50353
      vertex 42 70.5359 0
      vertex 42 70.5359 6.55695
    endloop
  endfacet
  facet normal -0.442238 -0.896898 0
    outer loop
      vertex 42.4693 70.3045 0
      vertex 42 70.5359 6.55695
      vertex 42 70.5359 0
    endloop
  endfacet
  facet normal -0.442238 -0.896898 0
    outer loop
      vertex 42 70.5359 6.55695
      vertex 42.4693 70.3045 0
      vertex 42.4693 70.3045 6.61457
    endloop
  endfacet
  facet normal -0.321485 -0.946915 0
    outer loop
      vertex 42.75 70.2092 0
      vertex 42.4693 70.3045 6.61457
      vertex 42.4693 70.3045 0
    endloop
  endfacet
  facet normal -0.321485 -0.946915 0
    outer loop
      vertex 42.4693 70.3045 6.61457
      vertex 42.75 70.2092 0
      vertex 42.75 70.2092 6.64904
    endloop
  endfacet
  facet normal -1 0 0
    outer loop
      vertex 42.75 48.7908 0
      vertex 42.75 70.2092 6.64904
      vertex 42.75 70.2092 0
    endloop
  endfacet
  facet normal -1 -0 0
    outer loop
      vertex 42.75 70.2092 6.64904
      vertex 42.75 48.7908 0
      vertex 42.75 48.7908 6.64904
    endloop
  endfacet
  facet normal -0.321485 0.946915 0
    outer loop
      vertex 42.75 48.7908 0
      vertex 42.4693 48.6955 6.61457
      vertex 42.75 48.7908 6.64904
    endloop
  endfacet
  facet normal -0.321485 0.946915 0
    outer loop
      vertex 42.4693 48.6955 6.61457
      vertex 42.75 48.7908 0
      vertex 42.4693 48.6955 0
    endloop
  endfacet
  facet normal -0.442238 0.896898 0
    outer loop
      vertex 42.4693 48.6955 0
      vertex 42 48.4641 6.55695
      vertex 42.4693 48.6955 6.61457
    endloop
  endfacet
  facet normal -0.442238 0.896898 0
    outer loop
      vertex 42 48.4641 6.55695
      vertex 42.4693 48.6955 0
      vertex 42 48.4641 0
    endloop
  endfacet
  facet normal -0.555538 0.831491 0
    outer loop
      vertex 42 48.4641 0
      vertex 41.5649 48.1734 6.50353
      vertex 42 48.4641 6.55695
    endloop
  endfacet
  facet normal -0.555538 0.831491 0
    outer loop
      vertex 41.5649 48.1734 6.50353
      vertex 42 48.4641 0
      vertex 41.5649 48.1734 0
    endloop
  endfacet
  facet normal -0.659438 0.751759 0
    outer loop
      vertex 41.5649 48.1734 0
      vertex 41.1716 47.8284 6.45523
      vertex 41.5649 48.1734 6.50353
    endloop
  endfacet
  facet normal -0.659438 0.751759 0
    outer loop
      vertex 41.1716 47.8284 6.45523
      vertex 41.5649 48.1734 0
      vertex 41.1716 47.8284 0
    endloop
  endfacet
  facet normal -0.751842 0.659343 0
    outer loop
      vertex 40.8266 47.435 6.41287
      vertex 41.1716 47.8284 0
      vertex 40.8266 47.435 0
    endloop
  endfacet
  facet normal -0.751842 0.659343 0
    outer loop
      vertex 41.1716 47.8284 0
      vertex 40.8266 47.435 6.41287
      vertex 41.1716 47.8284 6.45523
    endloop
  endfacet
  facet normal -0.831432 0.555626 0
    outer loop
      vertex 40.5359 47 6.37718
      vertex 40.8266 47.435 0
      vertex 40.5359 47 0
    endloop
  endfacet
  facet normal -0.831432 0.555626 0
    outer loop
      vertex 40.8266 47.435 0
      vertex 40.5359 47 6.37718
      vertex 40.8266 47.435 6.41287
    endloop
  endfacet
  facet normal -0.896898 0.442238 0
    outer loop
      vertex 40.3045 46.5307 6.34877
      vertex 40.5359 47 0
      vertex 40.3045 46.5307 0
    endloop
  endfacet
  facet normal -0.896898 0.442238 0
    outer loop
      vertex 40.5359 47 0
      vertex 40.3045 46.5307 6.34877
      vertex 40.5359 47 6.37718
    endloop
  endfacet
  facet normal -0.946915 0.321485 0
    outer loop
      vertex 40.2092 46.25 6.33707
      vertex 40.3045 46.5307 0
      vertex 40.2092 46.25 0
    endloop
  endfacet
  facet normal -0.946915 0.321485 0
    outer loop
      vertex 40.3045 46.5307 0
      vertex 40.2092 46.25 6.33707
      vertex 40.3045 46.5307 6.34877
    endloop
  endfacet
  facet normal 0 1 -0
    outer loop
      vertex 40.2092 46.25 0
      vertex 6.5 46.25 2.1981
      vertex 40.2092 46.25 6.33707
    endloop
  endfacet
  facet normal 0 1 0
    outer loop
      vertex 6.5 46.25 2.1981
      vertex 40.2092 46.25 0
      vertex 6.5 46.25 0
    endloop
  endfacet
  facet normal 0 -1 0
    outer loop
      vertex 40.2092 43.75 0
      vertex 6.5 43.75 2.1981
      vertex 6.5 43.75 0
    endloop
  endfacet
  facet normal 0 -1 0
    outer loop
      vertex 6.5 43.75 2.1981
      vertex 40.2092 43.75 0
      vertex 40.2092 43.75 6.33707
    endloop
  endfacet
  facet normal -0.946915 -0.321485 0
    outer loop
      vertex 40.3045 43.4693 0
      vertex 40.2092 43.75 6.33707
      vertex 40.2092 43.75 0
    endloop
  endfacet
  facet normal -0.946915 -0.321485 0
    outer loop
      vertex 40.2092 43.75 6.33707
      vertex 40.3045 43.4693 0
      vertex 40.3045 43.4693 6.34877
    endloop
  endfacet
  facet normal -0.896898 -0.442238 0
    outer loop
      vertex 40.5359 43 0
      vertex 40.3045 43.4693 6.34877
      vertex 40.3045 43.4693 0
    endloop
  endfacet
  facet normal -0.896898 -0.442238 0
    outer loop
      vertex 40.3045 43.4693 6.34877
      vertex 40.5359 43 0
      vertex 40.5359 43 6.37718
    endloop
  endfacet
  facet normal -0.831491 -0.555538 0
    outer loop
      vertex 40.8266 42.5649 0
      vertex 40.5359 43 6.37718
      vertex 40.5359 43 0
    endloop
  endfacet
  facet normal -0.831491 -0.555538 0
    outer loop
      vertex 40.5359 43 6.37718
      vertex 40.8266 42.5649 0
      vertex 40.8266 42.5649 6.41287
    endloop
  endfacet
  facet normal -0.751759 -0.659438 0
    outer loop
      vertex 41.1716 42.1716 0
      vertex 40.8266 42.5649 6.41287
      vertex 40.8266 42.5649 0
    endloop
  endfacet
  facet normal -0.751759 -0.659438 0
    outer loop
      vertex 40.8266 42.5649 6.41287
      vertex 41.1716 42.1716 0
      vertex 41.1716 42.1716 6.45523
    endloop
  endfacet
  facet normal -0.659438 -0.751759 0
    outer loop
      vertex 41.5649 41.8266 0
      vertex 41.1716 42.1716 6.45523
      vertex 41.1716 42.1716 0
    endloop
  endfacet
  facet normal -0.659438 -0.751759 0
    outer loop
      vertex 41.1716 42.1716 6.45523
      vertex 41.5649 41.8266 0
      vertex 41.5649 41.8266 6.50353
    endloop
  endfacet
  facet normal -0.555538 -0.831491 0
    outer loop
      vertex 42 41.5359 0
      vertex 41.5649 41.8266 6.50353
      vertex 41.5649 41.8266 0
    endloop
  endfacet
  facet normal -0.555538 -0.831491 0
    outer loop
      vertex 41.5649 41.8266 6.50353
      vertex 42 41.5359 0
      vertex 42 41.5359 6.55695
    endloop
  endfacet
  facet normal -0.442238 -0.896898 0
    outer loop
      vertex 42.4693 41.3045 0
      vertex 42 41.5359 6.55695
      vertex 42 41.5359 0
    endloop
  endfacet
  facet normal -0.442238 -0.896898 0
    outer loop
      vertex 42 41.5359 6.55695
      vertex 42.4693 41.3045 0
      vertex 42.4693 41.3045 6.61457
    endloop
  endfacet
  facet normal -0.321485 -0.946915 0
    outer loop
      vertex 42.75 41.2092 0
      vertex 42.4693 41.3045 6.61457
      vertex 42.4693 41.3045 0
    endloop
  endfacet
  facet normal -0.321485 -0.946915 0
    outer loop
      vertex 42.4693 41.3045 6.61457
      vertex 42.75 41.2092 0
      vertex 42.75 41.2092 6.64904
    endloop
  endfacet
  facet normal -1 0 0
    outer loop
      vertex 42.75 41.2092 0
      vertex 42.75 9.7 3.33417
      vertex 42.75 41.2092 6.64904
    endloop
  endfacet
  facet normal -1 0 0
    outer loop
      vertex 42.75 8 0
      vertex 42.75 9.7 3.33417
      vertex 42.75 41.2092 0
    endloop
  endfacet
  facet normal -1 -0 0
    outer loop
      vertex 42.75 9.7 3.33417
      vertex 42.75 8 0
      vertex 42.75 8 3.33417
    endloop
  endfacet
  facet normal -1 0 0
    outer loop
      vertex 42.75 9.7 6.03417
      vertex 42.75 41.2092 6.64904
      vertex 42.75 9.7 3.33417
    endloop
  endfacet
  facet normal -1 0 0
    outer loop
      vertex 42.75 8 6.64904
      vertex 42.75 9.7 6.03417
      vertex 42.75 8 6.03417
    endloop
  endfacet
  facet normal -1 0 0
    outer loop
      vertex 42.75 9.7 6.03417
      vertex 42.75 8 6.64904
      vertex 42.75 41.2092 6.64904
    endloop
  endfacet
  facet normal 1 -0 0
    outer loop
      vertex 45.25 8 6.956
      vertex 45.25 41.2092 0
      vertex 45.25 41.2092 6.956
    endloop
  endfacet
  facet normal 1 0 0
    outer loop
      vertex 45.25 41.2092 0
      vertex 45.25 8 6.956
      vertex 45.25 8 0
    endloop
  endfacet
  facet normal 0.321485 -0.946915 0
    outer loop
      vertex 45.5307 41.3045 0
      vertex 45.25 41.2092 6.956
      vertex 45.25 41.2092 0
    endloop
  endfacet
  facet normal 0.321485 -0.946915 0
    outer loop
      vertex 45.25 41.2092 6.956
      vertex 45.5307 41.3045 0
      vertex 45.5307 41.3045 6.99047
    endloop
  endfacet
  facet normal 0.442238 -0.896898 0
    outer loop
      vertex 46 41.5359 0
      vertex 45.5307 41.3045 6.99047
      vertex 45.5307 41.3045 0
    endloop
  endfacet
  facet normal 0.442238 -0.896898 0
    outer loop
      vertex 45.5307 41.3045 6.99047
      vertex 46 41.5359 0
      vertex 46 41.5359 7.04809
    endloop
  endfacet
  facet normal 0.555626 -0.831432 0
    outer loop
      vertex 46.435 41.8266 0
      vertex 46 41.5359 7.04809
      vertex 46 41.5359 0
    endloop
  endfacet
  facet normal 0.555626 -0.831432 0
    outer loop
      vertex 46 41.5359 7.04809
      vertex 46.435 41.8266 0
      vertex 46.435 41.8266 7.10151
    endloop
  endfacet
  facet normal 0.659343 -0.751842 0
    outer loop
      vertex 46.8284 42.1716 0
      vertex 46.435 41.8266 7.10151
      vertex 46.435 41.8266 0
    endloop
  endfacet
  facet normal 0.659343 -0.751842 0
    outer loop
      vertex 46.435 41.8266 7.10151
      vertex 46.8284 42.1716 0
      vertex 46.8284 42.1716 7.14981
    endloop
  endfacet
  facet normal 0.751759 -0.659438 0
    outer loop
      vertex 46.8284 42.1716 7.14981
      vertex 47.1734 42.5649 0
      vertex 47.1734 42.5649 7.19217
    endloop
  endfacet
  facet normal 0.751759 -0.659438 0
    outer loop
      vertex 47.1734 42.5649 0
      vertex 46.8284 42.1716 7.14981
      vertex 46.8284 42.1716 0
    endloop
  endfacet
  facet normal 0.831491 -0.555538 0
    outer loop
      vertex 47.1734 42.5649 7.19217
      vertex 47.4641 43 0
      vertex 47.4641 43 7.22786
    endloop
  endfacet
  facet normal 0.831491 -0.555538 0
    outer loop
      vertex 47.4641 43 0
      vertex 47.1734 42.5649 7.19217
      vertex 47.1734 42.5649 0
    endloop
  endfacet
  facet normal 0.896898 -0.442238 0
    outer loop
      vertex 47.4641 43 7.22786
      vertex 47.6955 43.4693 0
      vertex 47.6955 43.4693 7.25627
    endloop
  endfacet
  facet normal 0.896898 -0.442238 0
    outer loop
      vertex 47.6955 43.4693 0
      vertex 47.4641 43 7.22786
      vertex 47.4641 43 0
    endloop
  endfacet
  facet normal 0.946915 -0.321485 0
    outer loop
      vertex 47.6955 43.4693 7.25627
      vertex 47.7908 43.75 0
      vertex 47.7908 43.75 7.26797
    endloop
  endfacet
  facet normal 0.946915 -0.321485 0
    outer loop
      vertex 47.7908 43.75 0
      vertex 47.6955 43.4693 7.25627
      vertex 47.6955 43.4693 0
    endloop
  endfacet
  facet normal 0 -1 0
    outer loop
      vertex 65.4 43.75 0
      vertex 47.7908 43.75 7.26797
      vertex 47.7908 43.75 0
    endloop
  endfacet
  facet normal 0 -1 0
    outer loop
      vertex 47.7908 43.75 7.26797
      vertex 65.4 43.75 0
      vertex 65.4 43.75 9.43011
    endloop
  endfacet
  facet normal -1 0 0
    outer loop
      vertex 65.4 39.1515 0
      vertex 65.4 43.75 9.43011
      vertex 65.4 43.75 0
    endloop
  endfacet
  facet normal -1 -0 0
    outer loop
      vertex 65.4 43.75 9.43011
      vertex 65.4 39.1515 0
      vertex 65.4 39.1515 9.43011
    endloop
  endfacet
  facet normal -0.195044 0.980794 0
    outer loop
      vertex 65.4 39.1515 0
      vertex 64.8368 39.0395 9.36096
      vertex 65.4 39.1515 9.43011
    endloop
  endfacet
  facet normal -0.195044 0.980794 0
    outer loop
      vertex 64.8368 39.0395 9.36096
      vertex 65.4 39.1515 0
      vertex 64.8368 39.0395 0
    endloop
  endfacet
  facet normal -0.321497 0.94691 0
    outer loop
      vertex 64.8368 39.0395 0
      vertex 63.9697 38.7451 9.2545
      vertex 64.8368 39.0395 9.36096
    endloop
  endfacet
  facet normal -0.321497 0.94691 0
    outer loop
      vertex 63.9697 38.7451 9.2545
      vertex 64.8368 39.0395 0
      vertex 63.9697 38.7451 0
    endloop
  endfacet
  facet normal -0.442226 0.896904 0
    outer loop
      vertex 63.9697 38.7451 0
      vertex 63.1485 38.3402 9.15366
      vertex 63.9697 38.7451 9.2545
    endloop
  endfacet
  facet normal -0.442226 0.896904 0
    outer loop
      vertex 63.1485 38.3402 9.15366
      vertex 63.9697 38.7451 0
      vertex 63.1485 38.3402 0
    endloop
  endfacet
  facet normal -0.555582 0.831462 0
    outer loop
      vertex 63.1485 38.3402 0
      vertex 62.3872 37.8315 9.06019
      vertex 63.1485 38.3402 9.15366
    endloop
  endfacet
  facet normal -0.555582 0.831462 0
    outer loop
      vertex 62.3872 37.8315 9.06019
      vertex 63.1485 38.3402 0
      vertex 62.3872 37.8315 0
    endloop
  endfacet
  facet normal -0.659401 0.751791 0
    outer loop
      vertex 62.3872 37.8315 0
      vertex 61.6988 37.2277 8.97566
      vertex 62.3872 37.8315 9.06019
    endloop
  endfacet
  facet normal -0.659401 0.751791 0
    outer loop
      vertex 61.6988 37.2277 8.97566
      vertex 62.3872 37.8315 0
      vertex 61.6988 37.2277 0
    endloop
  endfacet
  facet normal -0.751846 0.659339 0
    outer loop
      vertex 61.0951 36.5393 8.90153
      vertex 61.6988 37.2277 0
      vertex 61.0951 36.5393 0
    endloop
  endfacet
  facet normal -0.751846 0.659339 0
    outer loop
      vertex 61.6988 37.2277 0
      vertex 61.0951 36.5393 8.90153
      vertex 61.6988 37.2277 8.97566
    endloop
  endfacet
  facet normal -0.831411 0.555658 0
    outer loop
      vertex 60.5863 35.778 8.83907
      vertex 61.0951 36.5393 0
      vertex 60.5863 35.778 0
    endloop
  endfacet
  facet normal -0.831411 0.555658 0
    outer loop
      vertex 61.0951 36.5393 0
      vertex 60.5863 35.778 8.83907
      vertex 61.0951 36.5393 8.90153
    endloop
  endfacet
  facet normal -0.896904 0.442226 0
    outer loop
      vertex 60.1814 34.9568 8.78934
      vertex 60.5863 35.778 0
      vertex 60.1814 34.9568 0
    endloop
  endfacet
  facet normal -0.896904 0.442226 0
    outer loop
      vertex 60.5863 35.778 0
      vertex 60.1814 34.9568 8.78934
      vertex 60.5863 35.778 8.83907
    endloop
  endfacet
  facet normal -0.946944 0.3214 0
    outer loop
      vertex 59.8871 34.0897 8.75321
      vertex 60.1814 34.9568 0
      vertex 59.8871 34.0897 0
    endloop
  endfacet
  facet normal -0.946944 0.3214 0
    outer loop
      vertex 60.1814 34.9568 0
      vertex 59.8871 34.0897 8.75321
      vertex 60.1814 34.9568 8.78934
    endloop
  endfacet
  facet normal -0.980769 0.195171 0
    outer loop
      vertex 59.7084 33.1917 8.73127
      vertex 59.8871 34.0897 0
      vertex 59.7084 33.1917 0
    endloop
  endfacet
  facet normal -0.980769 0.195171 0
    outer loop
      vertex 59.8871 34.0897 0
      vertex 59.7084 33.1917 8.73127
      vertex 59.8871 34.0897 8.75321
    endloop
  endfacet
  facet normal -0.997858 0.0654172 0
    outer loop
      vertex 59.6485 32.278 0
      vertex 59.7084 33.1917 8.73127
      vertex 59.7084 33.1917 0
    endloop
  endfacet
  facet normal -0.997858 0.0654172 0
    outer loop
      vertex 59.7084 33.1917 8.73127
      vertex 59.6485 32.278 0
      vertex 59.6485 32.278 8.72392
    endloop
  endfacet
  facet normal -0.997858 -0.0654172 0
    outer loop
      vertex 59.7084 31.3643 0
      vertex 59.6485 32.278 8.72392
      vertex 59.6485 32.278 0
    endloop
  endfacet
  facet normal -0.997858 -0.0654172 0
    outer loop
      vertex 59.6485 32.278 8.72392
      vertex 59.7084 31.3643 0
      vertex 59.7084 31.3643 8.73127
    endloop
  endfacet
  facet normal -0.980769 -0.195171 0
    outer loop
      vertex 59.8871 30.4663 0
      vertex 59.7084 31.3643 8.73127
      vertex 59.7084 31.3643 0
    endloop
  endfacet
  facet normal -0.980769 -0.195171 0
    outer loop
      vertex 59.7084 31.3643 8.73127
      vertex 59.8871 30.4663 0
      vertex 59.8871 30.4663 8.75321
    endloop
  endfacet
  facet normal -0.946944 -0.3214 0
    outer loop
      vertex 60.1814 29.5992 0
      vertex 59.8871 30.4663 8.75321
      vertex 59.8871 30.4663 0
    endloop
  endfacet
  facet normal -0.946944 -0.3214 0
    outer loop
      vertex 59.8871 30.4663 8.75321
      vertex 60.1814 29.5992 0
      vertex 60.1814 29.5992 8.78934
    endloop
  endfacet
  facet normal -0.896904 -0.442226 0
    outer loop
      vertex 60.5863 28.778 0
      vertex 60.1814 29.5992 8.78934
      vertex 60.1814 29.5992 0
    endloop
  endfacet
  facet normal -0.896904 -0.442226 0
    outer loop
      vertex 60.1814 29.5992 8.78934
      vertex 60.5863 28.778 0
      vertex 60.5863 28.778 8.83907
    endloop
  endfacet
  facet normal -0.831411 -0.555658 0
    outer loop
      vertex 61.0951 28.0167 0
      vertex 60.5863 28.778 8.83907
      vertex 60.5863 28.778 0
    endloop
  endfacet
  facet normal -0.831411 -0.555658 0
    outer loop
      vertex 60.5863 28.778 8.83907
      vertex 61.0951 28.0167 0
      vertex 61.0951 28.0167 8.90153
    endloop
  endfacet
  facet normal -0.751893 -0.659285 0
    outer loop
      vertex 61.6988 27.3282 0
      vertex 61.0951 28.0167 8.90153
      vertex 61.0951 28.0167 0
    endloop
  endfacet
  facet normal -0.751893 -0.659285 0
    outer loop
      vertex 61.0951 28.0167 8.90153
      vertex 61.6988 27.3282 0
      vertex 61.6988 27.3282 8.97566
    endloop
  endfacet
  facet normal -0.659339 -0.751846 0
    outer loop
      vertex 62.3872 26.7245 0
      vertex 61.6988 27.3282 8.97566
      vertex 61.6988 27.3282 0
    endloop
  endfacet
  facet normal -0.659339 -0.751846 0
    outer loop
      vertex 61.6988 27.3282 8.97566
      vertex 62.3872 26.7245 0
      vertex 62.3872 26.7245 9.06019
    endloop
  endfacet
  facet normal -0.555582 -0.831462 0
    outer loop
      vertex 63.1485 26.2158 0
      vertex 62.3872 26.7245 9.06019
      vertex 62.3872 26.7245 0
    endloop
  endfacet
  facet normal -0.555582 -0.831462 0
    outer loop
      vertex 62.3872 26.7245 9.06019
      vertex 63.1485 26.2158 0
      vertex 63.1485 26.2158 9.15366
    endloop
  endfacet
  facet normal -0.442314 -0.89686 0
    outer loop
      vertex 63.9697 25.8108 0
      vertex 63.1485 26.2158 9.15366
      vertex 63.1485 26.2158 0
    endloop
  endfacet
  facet normal -0.442314 -0.89686 0
    outer loop
      vertex 63.1485 26.2158 9.15366
      vertex 63.9697 25.8108 0
      vertex 63.9697 25.8108 9.2545
    endloop
  endfacet
  facet normal -0.3214 -0.946944 0
    outer loop
      vertex 64.8368 25.5165 0
      vertex 63.9697 25.8108 9.2545
      vertex 63.9697 25.8108 0
    endloop
  endfacet
  facet normal -0.3214 -0.946944 0
    outer loop
      vertex 63.9697 25.8108 9.2545
      vertex 64.8368 25.5165 0
      vertex 64.8368 25.5165 9.36096
    endloop
  endfacet
  facet normal -0.195044 -0.980794 0
    outer loop
      vertex 65.4 25.4045 0
      vertex 64.8368 25.5165 9.36096
      vertex 64.8368 25.5165 0
    endloop
  endfacet
  facet normal -0.195044 -0.980794 0
    outer loop
      vertex 64.8368 25.5165 9.36096
      vertex 65.4 25.4045 0
      vertex 65.4 25.4045 9.43011
    endloop
  endfacet
  facet normal -1 0 0
    outer loop
      vertex 65.4 23.1515 0
      vertex 65.4 25.4045 9.43011
      vertex 65.4 25.4045 0
    endloop
  endfacet
  facet normal -1 -0 0
    outer loop
      vertex 65.4 25.4045 9.43011
      vertex 65.4 23.1515 0
      vertex 65.4 23.1515 9.43011
    endloop
  endfacet
  facet normal -0.195044 0.980794 0
    outer loop
      vertex 65.4 23.1515 0
      vertex 64.8368 23.0395 9.36096
      vertex 65.4 23.1515 9.43011
    endloop
  endfacet
  facet normal -0.195044 0.980794 0
    outer loop
      vertex 64.8368 23.0395 9.36096
      vertex 65.4 23.1515 0
      vertex 64.8368 23.0395 0
    endloop
  endfacet
  facet normal -0.321497 0.94691 0
    outer loop
      vertex 64.8368 23.0395 0
      vertex 63.9697 22.7451 9.2545
      vertex 64.8368 23.0395 9.36096
    endloop
  endfacet
  facet normal -0.321497 0.94691 0
    outer loop
      vertex 63.9697 22.7451 9.2545
      vertex 64.8368 23.0395 0
      vertex 63.9697 22.7451 0
    endloop
  endfacet
  facet normal -0.442226 0.896904 0
    outer loop
      vertex 63.9697 22.7451 0
      vertex 63.1485 22.3402 9.15366
      vertex 63.9697 22.7451 9.2545
    endloop
  endfacet
  facet normal -0.442226 0.896904 0
    outer loop
      vertex 63.1485 22.3402 9.15366
      vertex 63.9697 22.7451 0
      vertex 63.1485 22.3402 0
    endloop
  endfacet
  facet normal -0.555582 0.831462 0
    outer loop
      vertex 63.1485 22.3402 0
      vertex 62.3872 21.8315 9.06019
      vertex 63.1485 22.3402 9.15366
    endloop
  endfacet
  facet normal -0.555582 0.831462 0
    outer loop
      vertex 62.3872 21.8315 9.06019
      vertex 63.1485 22.3402 0
      vertex 62.3872 21.8315 0
    endloop
  endfacet
  facet normal -0.659401 0.751791 0
    outer loop
      vertex 62.3872 21.8315 0
      vertex 61.6988 21.2277 8.97566
      vertex 62.3872 21.8315 9.06019
    endloop
  endfacet
  facet normal -0.659401 0.751791 0
    outer loop
      vertex 61.6988 21.2277 8.97566
      vertex 62.3872 21.8315 0
      vertex 61.6988 21.2277 0
    endloop
  endfacet
  facet normal -0.751846 0.659339 0
    outer loop
      vertex 61.0951 20.5393 8.90153
      vertex 61.6988 21.2277 0
      vertex 61.0951 20.5393 0
    endloop
  endfacet
  facet normal -0.751846 0.659339 0
    outer loop
      vertex 61.6988 21.2277 0
      vertex 61.0951 20.5393 8.90153
      vertex 61.6988 21.2277 8.97566
    endloop
  endfacet
  facet normal -0.831411 0.555658 0
    outer loop
      vertex 60.5863 19.778 8.83907
      vertex 61.0951 20.5393 0
      vertex 60.5863 19.778 0
    endloop
  endfacet
  facet normal -0.831411 0.555658 0
    outer loop
      vertex 61.0951 20.5393 0
      vertex 60.5863 19.778 8.83907
      vertex 61.0951 20.5393 8.90153
    endloop
  endfacet
  facet normal -0.896904 0.442226 0
    outer loop
      vertex 60.1814 18.9568 8.78934
      vertex 60.5863 19.778 0
      vertex 60.1814 18.9568 0
    endloop
  endfacet
  facet normal -0.896904 0.442226 0
    outer loop
      vertex 60.5863 19.778 0
      vertex 60.1814 18.9568 8.78934
      vertex 60.5863 19.778 8.83907
    endloop
  endfacet
  facet normal -0.946944 0.3214 0
    outer loop
      vertex 59.8871 18.0897 8.75321
      vertex 60.1814 18.9568 0
      vertex 59.8871 18.0897 0
    endloop
  endfacet
  facet normal -0.946944 0.3214 0
    outer loop
      vertex 60.1814 18.9568 0
      vertex 59.8871 18.0897 8.75321
      vertex 60.1814 18.9568 8.78934
    endloop
  endfacet
  facet normal -0.980769 0.195171 0
    outer loop
      vertex 59.7084 17.1917 8.73127
      vertex 59.8871 18.0897 0
      vertex 59.7084 17.1917 0
    endloop
  endfacet
  facet normal -0.980769 0.195171 0
    outer loop
      vertex 59.8871 18.0897 0
      vertex 59.7084 17.1917 8.73127
      vertex 59.8871 18.0897 8.75321
    endloop
  endfacet
  facet normal -0.997858 0.0654172 0
    outer loop
      vertex 59.6485 16.278 0
      vertex 59.7084 17.1917 8.73127
      vertex 59.7084 17.1917 0
    endloop
  endfacet
  facet normal -0.997858 0.0654172 0
    outer loop
      vertex 59.7084 17.1917 8.73127
      vertex 59.6485 16.278 0
      vertex 59.6485 16.278 8.72392
    endloop
  endfacet
  facet normal -0.997858 -0.0654172 0
    outer loop
      vertex 59.7084 15.3643 0
      vertex 59.6485 16.278 8.72392
      vertex 59.6485 16.278 0
    endloop
  endfacet
  facet normal -0.997858 -0.0654172 0
    outer loop
      vertex 59.6485 16.278 8.72392
      vertex 59.7084 15.3643 0
      vertex 59.7084 15.3643 8.73127
    endloop
  endfacet
  facet normal -0.980769 -0.195171 0
    outer loop
      vertex 59.8871 14.4663 0
      vertex 59.7084 15.3643 8.73127
      vertex 59.7084 15.3643 0
    endloop
  endfacet
  facet normal -0.980769 -0.195171 0
    outer loop
      vertex 59.7084 15.3643 8.73127
      vertex 59.8871 14.4663 0
      vertex 59.8871 14.4663 8.75321
    endloop
  endfacet
  facet normal -0.946944 -0.3214 0
    outer loop
      vertex 60.1814 13.5992 0
      vertex 59.8871 14.4663 8.75321
      vertex 59.8871 14.4663 0
    endloop
  endfacet
  facet normal -0.946944 -0.3214 0
    outer loop
      vertex 59.8871 14.4663 8.75321
      vertex 60.1814 13.5992 0
      vertex 60.1814 13.5992 8.78934
    endloop
  endfacet
  facet normal -0.897789 -0.440425 0
    outer loop
      vertex 60.1814 13.5992 0
      vertex 60.1918 13.578 4.79063
      vertex 60.1814 13.5992 8.78934
    endloop
  endfacet
  facet normal -0.896904 -0.442226 -9.8945e-06
    outer loop
      vertex 60.5863 12.778 0
      vertex 60.1918 13.578 4.79063
      vertex 60.1814 13.5992 0
    endloop
  endfacet
  facet normal -0.89688 -0.442274 0
    outer loop
      vertex 60.1918 13.578 4.79063
      vertex 60.5863 12.778 0
      vertex 60.5863 12.778 4.83907
    endloop
  endfacet
  facet normal -0.897789 -0.440425 0
    outer loop
      vertex 60.1814 13.5992 8.78934
      vertex 60.1918 13.578 4.79063
      vertex 60.1918 13.578 8.79063
    endloop
  endfacet
  facet normal -0.831411 -0.555658 0
    outer loop
      vertex 61.0951 12.0167 0
      vertex 60.5863 12.778 4.83907
      vertex 60.5863 12.778 0
    endloop
  endfacet
  facet normal -0.831411 -0.555658 0
    outer loop
      vertex 60.5863 12.778 4.83907
      vertex 61.0951 12.0167 0
      vertex 61.0951 12.0167 4.90153
    endloop
  endfacet
  facet normal -0.751893 -0.659285 0
    outer loop
      vertex 61.6988 11.3282 0
      vertex 61.0951 12.0167 4.90153
      vertex 61.0951 12.0167 0
    endloop
  endfacet
  facet normal -0.751893 -0.659285 0
    outer loop
      vertex 61.0951 12.0167 4.90153
      vertex 61.6988 11.3282 0
      vertex 61.6988 11.3282 4.97566
    endloop
  endfacet
  facet normal -0.659339 -0.751846 0
    outer loop
      vertex 62.3872 10.7245 0
      vertex 61.6988 11.3282 4.97566
      vertex 61.6988 11.3282 0
    endloop
  endfacet
  facet normal -0.659339 -0.751846 0
    outer loop
      vertex 61.6988 11.3282 4.97566
      vertex 62.3872 10.7245 0
      vertex 62.3872 10.7245 5.06019
    endloop
  endfacet
  facet normal -0.555582 -0.831462 0
    outer loop
      vertex 63.1485 10.2158 0
      vertex 62.3872 10.7245 5.06019
      vertex 62.3872 10.7245 0
    endloop
  endfacet
  facet normal -0.555582 -0.831462 0
    outer loop
      vertex 62.3872 10.7245 5.06019
      vertex 63.1485 10.2158 0
      vertex 63.1485 10.2158 5.15366
    endloop
  endfacet
  facet normal -0.442279 -0.896878 0
    outer loop
      vertex 63.9697 9.81084 0
      vertex 63.1485 10.2158 5.15366
      vertex 63.1485 10.2158 0
    endloop
  endfacet
  facet normal -0.442279 -0.896878 0
    outer loop
      vertex 63.1485 10.2158 5.15366
      vertex 63.9697 9.81084 0
      vertex 63.9697 9.81084 5.2545
    endloop
  endfacet
  facet normal -0.321429 -0.946934 0
    outer loop
      vertex 64.8368 9.51651 0
      vertex 63.9697 9.81084 5.2545
      vertex 63.9697 9.81084 0
    endloop
  endfacet
  facet normal -0.321429 -0.946934 0
    outer loop
      vertex 63.9697 9.81084 5.2545
      vertex 64.8368 9.51651 0
      vertex 64.8368 9.51651 5.36096
    endloop
  endfacet
  facet normal -0.195097 -0.980784 0
    outer loop
      vertex 65.7348 9.33788 0
      vertex 64.8368 9.51651 5.36096
      vertex 64.8368 9.51651 0
    endloop
  endfacet
  facet normal -0.195097 -0.980784 0
    outer loop
      vertex 64.8368 9.51651 5.36096
      vertex 65.7348 9.33788 0
      vertex 65.7348 9.33788 5.47122
    endloop
  endfacet
  facet normal -0.0653954 -0.997859 0
    outer loop
      vertex 66.6485 9.278 0
      vertex 65.7348 9.33788 5.47122
      vertex 65.7348 9.33788 0
    endloop
  endfacet
  facet normal -0.0653954 -0.997859 0
    outer loop
      vertex 65.7348 9.33788 5.47122
      vertex 66.6485 9.278 0
      vertex 66.6485 9.278 5.58341
    endloop
  endfacet
  facet normal 0.0653714 -0.997861 0
    outer loop
      vertex 66.6485 9.278 9.58341
      vertex 66.7091 9.28197 5.59085
      vertex 66.7091 9.28197 9.59085
    endloop
  endfacet
  facet normal 0.0653714 -0.997861 0
    outer loop
      vertex 66.7091 9.28197 5.59085
      vertex 66.6485 9.278 9.58341
      vertex 66.6485 9.278 5.58341
    endloop
  endfacet
  facet normal 0.0653714 -0.997861 0
    outer loop
      vertex 66.6485 9.278 0
      vertex 66.7091 9.28197 5.59085
      vertex 66.6485 9.278 5.58341
    endloop
  endfacet
  facet normal 0.0653954 -0.997859 -2.61558e-07
    outer loop
      vertex 66.7091 9.28197 5.59085
      vertex 66.6485 9.278 0
      vertex 67.5622 9.33788 0
    endloop
  endfacet
  facet normal 0.0653972 -0.997859 0
    outer loop
      vertex 66.7091 9.28197 5.59085
      vertex 67.5622 9.33788 0
      vertex 67.5622 9.33788 5.6956
    endloop
  endfacet
  facet normal 0.195076 -0.980788 0
    outer loop
      vertex 68.4603 9.51651 0
      vertex 67.5622 9.33788 5.6956
      vertex 67.5622 9.33788 0
    endloop
  endfacet
  facet normal 0.195076 -0.980788 0
    outer loop
      vertex 67.5622 9.33788 5.6956
      vertex 68.4603 9.51651 0
      vertex 68.4603 9.51651 5.80586
    endloop
  endfacet
  facet normal 0.321462 -0.946922 0
    outer loop
      vertex 69.3273 9.81084 0
      vertex 68.4603 9.51651 5.80586
      vertex 68.4603 9.51651 0
    endloop
  endfacet
  facet normal 0.321462 -0.946922 0
    outer loop
      vertex 68.4603 9.51651 5.80586
      vertex 69.3273 9.81084 0
      vertex 69.3273 9.81084 5.91232
    endloop
  endfacet
  facet normal 0.442255 -0.896889 0
    outer loop
      vertex 69.5877 9.93927 5.9443
      vertex 70.1485 10.2158 10.0132
      vertex 69.5877 9.93927 9.9443
    endloop
  endfacet
  facet normal 0.442279 -0.896878 0
    outer loop
      vertex 70.1485 10.2158 0
      vertex 69.3273 9.81084 5.91232
      vertex 69.3273 9.81084 0
    endloop
  endfacet
  facet normal 0.442329 -0.896853 8.66708e-06
    outer loop
      vertex 69.3273 9.81084 5.91232
      vertex 70.1485 10.2158 0
      vertex 69.5877 9.93927 5.9443
    endloop
  endfacet
  facet normal 0.442255 -0.896889 0
    outer loop
      vertex 69.5877 9.93927 5.9443
      vertex 70.1485 10.2158 0
      vertex 70.1485 10.2158 10.0132
    endloop
  endfacet
  facet normal 0.5556 -0.83145 0
    outer loop
      vertex 70.1485 10.2158 10.0132
      vertex 70.5108 10.4579 6.05764
      vertex 70.5108 10.4579 10.0576
    endloop
  endfacet
  facet normal 0.5556 -0.83145 0
    outer loop
      vertex 70.5108 10.4579 6.05764
      vertex 70.1485 10.2158 10.0132
      vertex 70.1485 10.2158 0
    endloop
  endfacet
  facet normal 0.555532 -0.831495 5.93657e-06
    outer loop
      vertex 70.9099 10.7245 0
      vertex 70.5108 10.4579 6.05764
      vertex 70.1485 10.2158 0
    endloop
  endfacet
  facet normal 0.555469 -0.831537 0
    outer loop
      vertex 70.5108 10.4579 6.05764
      vertex 70.9099 10.7245 0
      vertex 70.9099 10.7245 6.10664
    endloop
  endfacet
  facet normal 0.659339 -0.751846 0
    outer loop
      vertex 71.5983 11.3282 0
      vertex 70.9099 10.7245 6.10664
      vertex 70.9099 10.7245 0
    endloop
  endfacet
  facet normal 0.659339 -0.751846 0
    outer loop
      vertex 70.9099 10.7245 6.10664
      vertex 71.5983 11.3282 0
      vertex 71.5983 11.3282 6.19116
    endloop
  endfacet
  facet normal 0.752001 -0.659162 0
    outer loop
      vertex 71.6764 11.4173 10.2008
      vertex 71.5983 11.3282 10.1912
      vertex 71.6764 11.4173 6.20076
    endloop
  endfacet
  facet normal 0.751877 -0.659303 0
    outer loop
      vertex 71.6764 11.4173 6.20076
      vertex 72.202 12.0167 0
      vertex 72.202 12.0167 6.26529
    endloop
  endfacet
  facet normal 0.752001 -0.659162 0
    outer loop
      vertex 71.5983 11.3282 6.19116
      vertex 71.6764 11.4173 6.20076
      vertex 71.5983 11.3282 10.1912
    endloop
  endfacet
  facet normal 0.752 -0.659163 2.40051e-05
    outer loop
      vertex 71.5983 11.3282 6.19116
      vertex 72.202 12.0167 0
      vertex 71.6764 11.4173 6.20076
    endloop
  endfacet
  facet normal 0.751893 -0.659285 0
    outer loop
      vertex 71.5983 11.3282 6.19116
      vertex 71.5983 11.3282 0
      vertex 72.202 12.0167 0
    endloop
  endfacet
  facet normal 0.831461 -0.555583 0
    outer loop
      vertex 72.3186 12.1912 6.27961
      vertex 72.7107 12.778 10.3278
      vertex 72.3186 12.1912 10.2796
    endloop
  endfacet
  facet normal 0.831461 -0.555583 0
    outer loop
      vertex 72.7107 12.778 10.3278
      vertex 72.3186 12.1912 6.27961
      vertex 72.7107 12.778 0
    endloop
  endfacet
  facet normal 0.831463 -0.55558 0
    outer loop
      vertex 72.202 12.0167 0
      vertex 72.3186 12.1912 6.27961
      vertex 72.202 12.0167 6.26529
    endloop
  endfacet
  facet normal 0.831462 -0.555582 9.91354e-08
    outer loop
      vertex 72.3186 12.1912 6.27961
      vertex 72.202 12.0167 0
      vertex 72.7107 12.778 0
    endloop
  endfacet
  facet normal 0.89686 -0.442314 0
    outer loop
      vertex 72.7107 12.778 10.3278
      vertex 73.1157 13.5992 0
      vertex 73.1157 13.5992 10.3775
    endloop
  endfacet
  facet normal 0.89686 -0.442314 0
    outer loop
      vertex 73.1157 13.5992 0
      vertex 72.7107 12.778 10.3278
      vertex 72.7107 12.778 0
    endloop
  endfacet
  facet normal 0.946944 -0.3214 0
    outer loop
      vertex 73.1157 13.5992 10.3775
      vertex 73.41 14.4663 0
      vertex 73.41 14.4663 10.4136
    endloop
  endfacet
  facet normal 0.946944 -0.3214 0
    outer loop
      vertex 73.41 14.4663 0
      vertex 73.1157 13.5992 10.3775
      vertex 73.1157 13.5992 0
    endloop
  endfacet
  facet normal 0.980769 -0.195171 0
    outer loop
      vertex 73.41 14.4663 10.4136
      vertex 73.5887 15.3643 0
      vertex 73.5887 15.3643 10.4356
    endloop
  endfacet
  facet normal 0.980769 -0.195171 0
    outer loop
      vertex 73.5887 15.3643 0
      vertex 73.41 14.4663 10.4136
      vertex 73.41 14.4663 0
    endloop
  endfacet
  facet normal 0.997865 -0.0653085 0
    outer loop
      vertex 73.5887 15.3643 10.4356
      vertex 73.6485 16.278 0
      vertex 73.6485 16.278 10.4429
    endloop
  endfacet
  facet normal 0.997865 -0.0653085 0
    outer loop
      vertex 73.6485 16.278 0
      vertex 73.5887 15.3643 10.4356
      vertex 73.5887 15.3643 0
    endloop
  endfacet
  facet normal 0.997865 0.0653085 0
    outer loop
      vertex 73.6485 16.278 10.4429
      vertex 73.5887 17.1917 0
      vertex 73.5887 17.1917 10.4356
    endloop
  endfacet
  facet normal 0.997865 0.0653085 0
    outer loop
      vertex 73.5887 17.1917 0
      vertex 73.6485 16.278 10.4429
      vertex 73.6485 16.278 0
    endloop
  endfacet
  facet normal 0.980769 0.195171 -0
    outer loop
      vertex 73.5887 17.1917 0
      vertex 73.41 18.0897 10.4136
      vertex 73.5887 17.1917 10.4356
    endloop
  endfacet
  facet normal 0.980769 0.195171 0
    outer loop
      vertex 73.41 18.0897 10.4136
      vertex 73.5887 17.1917 0
      vertex 73.41 18.0897 0
    endloop
  endfacet
  facet normal 0.946944 0.3214 -0
    outer loop
      vertex 73.41 18.0897 0
      vertex 73.1157 18.9568 10.3775
      vertex 73.41 18.0897 10.4136
    endloop
  endfacet
  facet normal 0.946944 0.3214 0
    outer loop
      vertex 73.1157 18.9568 10.3775
      vertex 73.41 18.0897 0
      vertex 73.1157 18.9568 0
    endloop
  endfacet
  facet normal 0.89686 0.442314 -0
    outer loop
      vertex 73.1157 18.9568 0
      vertex 72.7107 19.778 10.3278
      vertex 73.1157 18.9568 10.3775
    endloop
  endfacet
  facet normal 0.89686 0.442314 0
    outer loop
      vertex 72.7107 19.778 10.3278
      vertex 73.1157 18.9568 0
      vertex 72.7107 19.778 0
    endloop
  endfacet
  facet normal 0.831462 0.555582 -0
    outer loop
      vertex 72.7107 19.778 0
      vertex 72.202 20.5393 10.2653
      vertex 72.7107 19.778 10.3278
    endloop
  endfacet
  facet normal 0.831462 0.555582 0
    outer loop
      vertex 72.202 20.5393 10.2653
      vertex 72.7107 19.778 0
      vertex 72.202 20.5393 0
    endloop
  endfacet
  facet normal 0.751846 0.659339 -0
    outer loop
      vertex 72.202 20.5393 0
      vertex 71.5983 21.2277 10.1912
      vertex 72.202 20.5393 10.2653
    endloop
  endfacet
  facet normal 0.751846 0.659339 0
    outer loop
      vertex 71.5983 21.2277 10.1912
      vertex 72.202 20.5393 0
      vertex 71.5983 21.2277 0
    endloop
  endfacet
  facet normal 0.659401 0.751791 -0
    outer loop
      vertex 71.5983 21.2277 0
      vertex 70.9099 21.8315 10.1066
      vertex 71.5983 21.2277 10.1912
    endloop
  endfacet
  facet normal 0.659401 0.751791 0
    outer loop
      vertex 70.9099 21.8315 10.1066
      vertex 71.5983 21.2277 0
      vertex 70.9099 21.8315 0
    endloop
  endfacet
  facet normal 0.555532 0.831495 -0
    outer loop
      vertex 70.9099 21.8315 0
      vertex 70.1485 22.3402 10.0132
      vertex 70.9099 21.8315 10.1066
    endloop
  endfacet
  facet normal 0.555532 0.831495 0
    outer loop
      vertex 70.1485 22.3402 10.0132
      vertex 70.9099 21.8315 0
      vertex 70.1485 22.3402 0
    endloop
  endfacet
  facet normal 0.442226 0.896904 -0
    outer loop
      vertex 70.1485 22.3402 0
      vertex 69.3273 22.7451 9.91232
      vertex 70.1485 22.3402 10.0132
    endloop
  endfacet
  facet normal 0.442226 0.896904 0
    outer loop
      vertex 69.3273 22.7451 9.91232
      vertex 70.1485 22.3402 0
      vertex 69.3273 22.7451 0
    endloop
  endfacet
  facet normal 0.321531 0.946899 -0
    outer loop
      vertex 69.3273 22.7451 0
      vertex 68.4603 23.0395 9.80586
      vertex 69.3273 22.7451 9.91232
    endloop
  endfacet
  facet normal 0.321531 0.946899 0
    outer loop
      vertex 68.4603 23.0395 9.80586
      vertex 69.3273 22.7451 0
      vertex 68.4603 23.0395 0
    endloop
  endfacet
  facet normal 0.195005 0.980802 -0
    outer loop
      vertex 68.4603 23.0395 0
      vertex 67.9 23.1509 9.73707
      vertex 68.4603 23.0395 9.80586
    endloop
  endfacet
  facet normal 0.195005 0.980802 0
    outer loop
      vertex 67.9 23.1509 9.73707
      vertex 68.4603 23.0395 0
      vertex 67.9 23.1509 0
    endloop
  endfacet
  facet normal 1 -0 0
    outer loop
      vertex 67.9 23.1509 9.73707
      vertex 67.9 25.4051 0
      vertex 67.9 25.4051 9.73707
    endloop
  endfacet
  facet normal 1 0 0
    outer loop
      vertex 67.9 25.4051 0
      vertex 67.9 23.1509 9.73707
      vertex 67.9 23.1509 0
    endloop
  endfacet
  facet normal 0.195005 -0.980802 0
    outer loop
      vertex 68.4603 25.5165 0
      vertex 67.9 25.4051 9.73707
      vertex 67.9 25.4051 0
    endloop
  endfacet
  facet normal 0.195005 -0.980802 0
    outer loop
      vertex 67.9 25.4051 9.73707
      vertex 68.4603 25.5165 0
      vertex 68.4603 25.5165 9.80586
    endloop
  endfacet
  facet normal 0.321433 -0.946932 0
    outer loop
      vertex 69.3273 25.8108 0
      vertex 68.4603 25.5165 9.80586
      vertex 68.4603 25.5165 0
    endloop
  endfacet
  facet normal 0.321433 -0.946932 0
    outer loop
      vertex 68.4603 25.5165 9.80586
      vertex 69.3273 25.8108 0
      vertex 69.3273 25.8108 9.91232
    endloop
  endfacet
  facet normal 0.442314 -0.89686 0
    outer loop
      vertex 70.1485 26.2158 0
      vertex 69.3273 25.8108 9.91232
      vertex 69.3273 25.8108 0
    endloop
  endfacet
  facet normal 0.442314 -0.89686 0
    outer loop
      vertex 69.3273 25.8108 9.91232
      vertex 70.1485 26.2158 0
      vertex 70.1485 26.2158 10.0132
    endloop
  endfacet
  facet normal 0.555532 -0.831495 0
    outer loop
      vertex 70.9099 26.7245 0
      vertex 70.1485 26.2158 10.0132
      vertex 70.1485 26.2158 0
    endloop
  endfacet
  facet normal 0.555532 -0.831495 0
    outer loop
      vertex 70.1485 26.2158 10.0132
      vertex 70.9099 26.7245 0
      vertex 70.9099 26.7245 10.1066
    endloop
  endfacet
  facet normal 0.659339 -0.751846 0
    outer loop
      vertex 71.5983 27.3282 0
      vertex 70.9099 26.7245 10.1066
      vertex 70.9099 26.7245 0
    endloop
  endfacet
  facet normal 0.659339 -0.751846 0
    outer loop
      vertex 70.9099 26.7245 10.1066
      vertex 71.5983 27.3282 0
      vertex 71.5983 27.3282 10.1912
    endloop
  endfacet
  facet normal 0.751893 -0.659285 0
    outer loop
      vertex 71.5983 27.3282 10.1912
      vertex 72.202 28.0167 0
      vertex 72.202 28.0167 10.2653
    endloop
  endfacet
  facet normal 0.751893 -0.659285 0
    outer loop
      vertex 72.202 28.0167 0
      vertex 71.5983 27.3282 10.1912
      vertex 71.5983 27.3282 0
    endloop
  endfacet
  facet normal 0.831462 -0.555582 0
    outer loop
      vertex 72.202 28.0167 10.2653
      vertex 72.7107 28.778 0
      vertex 72.7107 28.778 10.3278
    endloop
  endfacet
  facet normal 0.831462 -0.555582 0
    outer loop
      vertex 72.7107 28.778 0
      vertex 72.202 28.0167 10.2653
      vertex 72.202 28.0167 0
    endloop
  endfacet
  facet normal 0.89686 -0.442314 0
    outer loop
      vertex 72.7107 28.778 10.3278
      vertex 73.1157 29.5992 0
      vertex 73.1157 29.5992 10.3775
    endloop
  endfacet
  facet normal 0.89686 -0.442314 0
    outer loop
      vertex 73.1157 29.5992 0
      vertex 72.7107 28.778 10.3278
      vertex 72.7107 28.778 0
    endloop
  endfacet
  facet normal 0.946944 -0.3214 0
    outer loop
      vertex 73.1157 29.5992 10.3775
      vertex 73.41 30.4663 0
      vertex 73.41 30.4663 10.4136
    endloop
  endfacet
  facet normal 0.946944 -0.3214 0
    outer loop
      vertex 73.41 30.4663 0
      vertex 73.1157 29.5992 10.3775
      vertex 73.1157 29.5992 0
    endloop
  endfacet
  facet normal 0.980769 -0.195171 0
    outer loop
      vertex 73.41 30.4663 10.4136
      vertex 73.5887 31.3643 0
      vertex 73.5887 31.3643 10.4356
    endloop
  endfacet
  facet normal 0.980769 -0.195171 0
    outer loop
      vertex 73.5887 31.3643 0
      vertex 73.41 30.4663 10.4136
      vertex 73.41 30.4663 0
    endloop
  endfacet
  facet normal 0.997865 -0.0653085 0
    outer loop
      vertex 73.5887 31.3643 10.4356
      vertex 73.6485 32.278 0
      vertex 73.6485 32.278 10.4429
    endloop
  endfacet
  facet normal 0.997865 -0.0653085 0
    outer loop
      vertex 73.6485 32.278 0
      vertex 73.5887 31.3643 10.4356
      vertex 73.5887 31.3643 0
    endloop
  endfacet
  facet normal 0.997865 0.0653085 0
    outer loop
      vertex 73.6485 32.278 10.4429
      vertex 73.5887 33.1917 0
      vertex 73.5887 33.1917 10.4356
    endloop
  endfacet
  facet normal 0.997865 0.0653085 0
    outer loop
      vertex 73.5887 33.1917 0
      vertex 73.6485 32.278 10.4429
      vertex 73.6485 32.278 0
    endloop
  endfacet
  facet normal 0.980769 0.195171 -0
    outer loop
      vertex 73.5887 33.1917 0
      vertex 73.41 34.0897 10.4136
      vertex 73.5887 33.1917 10.4356
    endloop
  endfacet
  facet normal 0.980769 0.195171 0
    outer loop
      vertex 73.41 34.0897 10.4136
      vertex 73.5887 33.1917 0
      vertex 73.41 34.0897 0
    endloop
  endfacet
  facet normal 0.946944 0.3214 -0
    outer loop
      vertex 73.41 34.0897 0
      vertex 73.1157 34.9568 10.3775
      vertex 73.41 34.0897 10.4136
    endloop
  endfacet
  facet normal 0.946944 0.3214 0
    outer loop
      vertex 73.1157 34.9568 10.3775
      vertex 73.41 34.0897 0
      vertex 73.1157 34.9568 0
    endloop
  endfacet
  facet normal 0.89686 0.442314 -0
    outer loop
      vertex 73.1157 34.9568 0
      vertex 72.7107 35.778 10.3278
      vertex 73.1157 34.9568 10.3775
    endloop
  endfacet
  facet normal 0.89686 0.442314 0
    outer loop
      vertex 72.7107 35.778 10.3278
      vertex 73.1157 34.9568 0
      vertex 72.7107 35.778 0
    endloop
  endfacet
  facet normal 0.831462 0.555582 -0
    outer loop
      vertex 72.7107 35.778 0
      vertex 72.202 36.5393 10.2653
      vertex 72.7107 35.778 10.3278
    endloop
  endfacet
  facet normal 0.831462 0.555582 0
    outer loop
      vertex 72.202 36.5393 10.2653
      vertex 72.7107 35.778 0
      vertex 72.202 36.5393 0
    endloop
  endfacet
  facet normal 0.751846 0.659339 -0
    outer loop
      vertex 72.202 36.5393 0
      vertex 71.5983 37.2277 10.1912
      vertex 72.202 36.5393 10.2653
    endloop
  endfacet
  facet normal 0.751846 0.659339 0
    outer loop
      vertex 71.5983 37.2277 10.1912
      vertex 72.202 36.5393 0
      vertex 71.5983 37.2277 0
    endloop
  endfacet
  facet normal 0.659401 0.751791 -0
    outer loop
      vertex 71.5983 37.2277 0
      vertex 70.9099 37.8315 10.1066
      vertex 71.5983 37.2277 10.1912
    endloop
  endfacet
  facet normal 0.659401 0.751791 0
    outer loop
      vertex 70.9099 37.8315 10.1066
      vertex 71.5983 37.2277 0
      vertex 70.9099 37.8315 0
    endloop
  endfacet
  facet normal 0.555532 0.831495 -0
    outer loop
      vertex 70.9099 37.8315 0
      vertex 70.1485 38.3402 10.0132
      vertex 70.9099 37.8315 10.1066
    endloop
  endfacet
  facet normal 0.555532 0.831495 0
    outer loop
      vertex 70.1485 38.3402 10.0132
      vertex 70.9099 37.8315 0
      vertex 70.1485 38.3402 0
    endloop
  endfacet
  facet normal 0.442226 0.896904 -0
    outer loop
      vertex 70.1485 38.3402 0
      vertex 69.3273 38.7451 9.91232
      vertex 70.1485 38.3402 10.0132
    endloop
  endfacet
  facet normal 0.442226 0.896904 0
    outer loop
      vertex 69.3273 38.7451 9.91232
      vertex 70.1485 38.3402 0
      vertex 69.3273 38.7451 0
    endloop
  endfacet
  facet normal 0.321531 0.946899 -0
    outer loop
      vertex 69.3273 38.7451 0
      vertex 68.4603 39.0395 9.80586
      vertex 69.3273 38.7451 9.91232
    endloop
  endfacet
  facet normal 0.321531 0.946899 0
    outer loop
      vertex 68.4603 39.0395 9.80586
      vertex 69.3273 38.7451 0
      vertex 68.4603 39.0395 0
    endloop
  endfacet
  facet normal 0.195005 0.980802 -0
    outer loop
      vertex 68.4603 39.0395 0
      vertex 67.9 39.1509 9.73707
      vertex 68.4603 39.0395 9.80586
    endloop
  endfacet
  facet normal 0.195005 0.980802 0
    outer loop
      vertex 67.9 39.1509 9.73707
      vertex 68.4603 39.0395 0
      vertex 67.9 39.1509 0
    endloop
  endfacet
  facet normal 1 -0 0
    outer loop
      vertex 67.9 39.1509 9.73707
      vertex 67.9 43.75 0
      vertex 67.9 43.75 9.73707
    endloop
  endfacet
  facet normal 1 0 0
    outer loop
      vertex 67.9 43.75 0
      vertex 67.9 39.1509 9.73707
      vertex 67.9 39.1509 0
    endloop
  endfacet
  facet normal 0 -1 0
    outer loop
      vertex 109.209 43.75 0
      vertex 67.9 43.75 9.73707
      vertex 67.9 43.75 0
    endloop
  endfacet
  facet normal 0 -1 0
    outer loop
      vertex 67.9 43.75 9.73707
      vertex 109.209 43.75 0
      vertex 109.209 43.75 14.8092
    endloop
  endfacet
  facet normal -0.947222 -0.320578 0
    outer loop
      vertex 109.304 43.4693 0
      vertex 109.209 43.75 14.8092
      vertex 109.209 43.75 0
    endloop
  endfacet
  facet normal -0.947222 -0.320578 0
    outer loop
      vertex 109.209 43.75 14.8092
      vertex 109.304 43.4693 0
      vertex 109.304 43.4693 14.8209
    endloop
  endfacet
  facet normal -0.896443 -0.443159 0
    outer loop
      vertex 109.536 43 0
      vertex 109.304 43.4693 14.8209
      vertex 109.304 43.4693 0
    endloop
  endfacet
  facet normal -0.896443 -0.443159 0
    outer loop
      vertex 109.304 43.4693 14.8209
      vertex 109.536 43 0
      vertex 109.536 43 14.8493
    endloop
  endfacet
  facet normal -0.831226 -0.555934 0
    outer loop
      vertex 109.827 42.5649 0
      vertex 109.536 43 14.8493
      vertex 109.536 43 0
    endloop
  endfacet
  facet normal -0.831226 -0.555934 0
    outer loop
      vertex 109.536 43 14.8493
      vertex 109.827 42.5649 0
      vertex 109.827 42.5649 14.885
    endloop
  endfacet
  facet normal -0.751759 -0.659438 0
    outer loop
      vertex 110.172 42.1716 0
      vertex 109.827 42.5649 14.885
      vertex 109.827 42.5649 0
    endloop
  endfacet
  facet normal -0.751759 -0.659438 0
    outer loop
      vertex 109.827 42.5649 14.885
      vertex 110.172 42.1716 0
      vertex 110.172 42.1716 14.9274
    endloop
  endfacet
  facet normal -0.659722 -0.75151 0
    outer loop
      vertex 110.565 41.8266 0
      vertex 110.172 42.1716 14.9274
      vertex 110.172 42.1716 0
    endloop
  endfacet
  facet normal -0.659722 -0.75151 0
    outer loop
      vertex 110.172 42.1716 14.9274
      vertex 110.565 41.8266 0
      vertex 110.565 41.8266 14.9757
    endloop
  endfacet
  facet normal -0.555626 -0.831432 0
    outer loop
      vertex 111 41.5359 0
      vertex 110.565 41.8266 14.9757
      vertex 110.565 41.8266 0
    endloop
  endfacet
  facet normal -0.555626 -0.831432 0
    outer loop
      vertex 110.565 41.8266 14.9757
      vertex 111 41.5359 0
      vertex 111 41.5359 15.0291
    endloop
  endfacet
  facet normal -0.442465 -0.896786 0
    outer loop
      vertex 111.469 41.3045 0
      vertex 111 41.5359 15.0291
      vertex 111 41.5359 0
    endloop
  endfacet
  facet normal -0.442465 -0.896786 0
    outer loop
      vertex 111 41.5359 15.0291
      vertex 111.469 41.3045 0
      vertex 111.469 41.3045 15.0867
    endloop
  endfacet
  facet normal -0.321178 -0.947019 0
    outer loop
      vertex 111.75 41.2092 0
      vertex 111.469 41.3045 15.0867
      vertex 111.469 41.3045 0
    endloop
  endfacet
  facet normal -0.321178 -0.947019 0
    outer loop
      vertex 111.469 41.3045 15.0867
      vertex 111.75 41.2092 0
      vertex 111.75 41.2092 15.1212
    endloop
  endfacet
  facet normal -1 0 0
    outer loop
      vertex 111.75 41.2092 0
      vertex 111.75 14.5259 11.1212
      vertex 111.75 41.2092 15.1212
    endloop
  endfacet
  facet normal -1 0 0
    outer loop
      vertex 111.75 6.5 0
      vertex 111.75 14.5259 11.1212
      vertex 111.75 41.2092 0
    endloop
  endfacet
  facet normal -1 -0 0
    outer loop
      vertex 111.75 14.5259 11.1212
      vertex 111.75 6.5 0
      vertex 111.75 6.5 11.1212
    endloop
  endfacet
  facet normal -1 -0 0
    outer loop
      vertex 111.75 41.2092 15.1212
      vertex 111.75 14.5259 11.1212
      vertex 111.75 14.5259 15.1212
    endloop
  endfacet
  facet normal 1 0 0
    outer loop
      vertex 114.25 14.0841 11.4281
      vertex 114.25 41.2092 15.4281
      vertex 114.25 14.0841 15.4281
    endloop
  endfacet
  facet normal 1 0 0
    outer loop
      vertex 114.25 41.2092 15.4281
      vertex 114.25 14.0841 11.4281
      vertex 114.25 41.2092 0
    endloop
  endfacet
  facet normal 1 0 0
    outer loop
      vertex 114.25 6.5 0
      vertex 114.25 14.0841 11.4281
      vertex 114.25 6.5 11.4281
    endloop
  endfacet
  facet normal 1 0 0
    outer loop
      vertex 114.25 14.0841 11.4281
      vertex 114.25 6.5 0
      vertex 114.25 41.2092 0
    endloop
  endfacet
  facet normal 0.946915 0.321485 -0
    outer loop
      vertex 47.7908 46.25 0
      vertex 47.6955 46.5307 7.25627
      vertex 47.7908 46.25 7.26797
    endloop
  endfacet
  facet normal 0.946915 0.321485 0
    outer loop
      vertex 47.6955 46.5307 7.25627
      vertex 47.7908 46.25 0
      vertex 47.6955 46.5307 0
    endloop
  endfacet
  facet normal 0.896898 0.442238 -0
    outer loop
      vertex 47.6955 46.5307 0
      vertex 47.4641 47 7.22786
      vertex 47.6955 46.5307 7.25627
    endloop
  endfacet
  facet normal 0.896898 0.442238 0
    outer loop
      vertex 47.4641 47 7.22786
      vertex 47.6955 46.5307 0
      vertex 47.4641 47 0
    endloop
  endfacet
  facet normal 0.831432 0.555626 -0
    outer loop
      vertex 47.4641 47 0
      vertex 47.1734 47.435 7.19217
      vertex 47.4641 47 7.22786
    endloop
  endfacet
  facet normal 0.831432 0.555626 0
    outer loop
      vertex 47.1734 47.435 7.19217
      vertex 47.4641 47 0
      vertex 47.1734 47.435 0
    endloop
  endfacet
  facet normal 0.751842 0.659343 -0
    outer loop
      vertex 47.1734 47.435 0
      vertex 46.8284 47.8284 7.14981
      vertex 47.1734 47.435 7.19217
    endloop
  endfacet
  facet normal 0.751842 0.659343 0
    outer loop
      vertex 46.8284 47.8284 7.14981
      vertex 47.1734 47.435 0
      vertex 46.8284 47.8284 0
    endloop
  endfacet
  facet normal 0.659343 0.751842 -0
    outer loop
      vertex 46.8284 47.8284 0
      vertex 46.435 48.1734 7.10151
      vertex 46.8284 47.8284 7.14981
    endloop
  endfacet
  facet normal 0.659343 0.751842 0
    outer loop
      vertex 46.435 48.1734 7.10151
      vertex 46.8284 47.8284 0
      vertex 46.435 48.1734 0
    endloop
  endfacet
  facet normal 0.555626 0.831432 -0
    outer loop
      vertex 46.435 48.1734 0
      vertex 46 48.4641 7.04809
      vertex 46.435 48.1734 7.10151
    endloop
  endfacet
  facet normal 0.555626 0.831432 0
    outer loop
      vertex 46 48.4641 7.04809
      vertex 46.435 48.1734 0
      vertex 46 48.4641 0
    endloop
  endfacet
  facet normal 0.442238 0.896898 -0
    outer loop
      vertex 46 48.4641 0
      vertex 45.5307 48.6955 6.99047
      vertex 46 48.4641 7.04809
    endloop
  endfacet
  facet normal 0.442238 0.896898 0
    outer loop
      vertex 45.5307 48.6955 6.99047
      vertex 46 48.4641 0
      vertex 45.5307 48.6955 0
    endloop
  endfacet
  facet normal 0.321485 0.946915 -0
    outer loop
      vertex 45.5307 48.6955 0
      vertex 45.25 48.7908 6.956
      vertex 45.5307 48.6955 6.99047
    endloop
  endfacet
  facet normal 0.321485 0.946915 0
    outer loop
      vertex 45.25 48.7908 6.956
      vertex 45.5307 48.6955 0
      vertex 45.25 48.7908 0
    endloop
  endfacet
  facet normal 1 -0 0
    outer loop
      vertex 45.25 48.7908 6.956
      vertex 45.25 70.2092 0
      vertex 45.25 70.2092 6.956
    endloop
  endfacet
  facet normal 1 0 0
    outer loop
      vertex 45.25 70.2092 0
      vertex 45.25 48.7908 6.956
      vertex 45.25 48.7908 0
    endloop
  endfacet
  facet normal 0.321485 -0.946915 0
    outer loop
      vertex 45.5307 70.3045 0
      vertex 45.25 70.2092 6.956
      vertex 45.25 70.2092 0
    endloop
  endfacet
  facet normal 0.321485 -0.946915 0
    outer loop
      vertex 45.25 70.2092 6.956
      vertex 45.5307 70.3045 0
      vertex 45.5307 70.3045 6.99047
    endloop
  endfacet
  facet normal 0.442238 -0.896898 0
    outer loop
      vertex 46 70.5359 0
      vertex 45.5307 70.3045 6.99047
      vertex 45.5307 70.3045 0
    endloop
  endfacet
  facet normal 0.442238 -0.896898 0
    outer loop
      vertex 45.5307 70.3045 6.99047
      vertex 46 70.5359 0
      vertex 46 70.5359 7.04809
    endloop
  endfacet
  facet normal 0.555626 -0.831432 0
    outer loop
      vertex 46.435 70.8266 0
      vertex 46 70.5359 7.04809
      vertex 46 70.5359 0
    endloop
  endfacet
  facet normal 0.555626 -0.831432 0
    outer loop
      vertex 46 70.5359 7.04809
      vertex 46.435 70.8266 0
      vertex 46.435 70.8266 7.10151
    endloop
  endfacet
  facet normal 0.659343 -0.751842 0
    outer loop
      vertex 46.8284 71.1716 0
      vertex 46.435 70.8266 7.10151
      vertex 46.435 70.8266 0
    endloop
  endfacet
  facet normal 0.659343 -0.751842 0
    outer loop
      vertex 46.435 70.8266 7.10151
      vertex 46.8284 71.1716 0
      vertex 46.8284 71.1716 7.14981
    endloop
  endfacet
  facet normal 0.751759 -0.659438 0
    outer loop
      vertex 46.8284 71.1716 7.14981
      vertex 47.1734 71.5649 0
      vertex 47.1734 71.5649 7.19217
    endloop
  endfacet
  facet normal 0.751759 -0.659438 0
    outer loop
      vertex 47.1734 71.5649 0
      vertex 46.8284 71.1716 7.14981
      vertex 46.8284 71.1716 0
    endloop
  endfacet
  facet normal 0.831491 -0.555538 0
    outer loop
      vertex 47.1734 71.5649 7.19217
      vertex 47.4641 72 0
      vertex 47.4641 72 7.22786
    endloop
  endfacet
  facet normal 0.831491 -0.555538 0
    outer loop
      vertex 47.4641 72 0
      vertex 47.1734 71.5649 7.19217
      vertex 47.1734 71.5649 0
    endloop
  endfacet
  facet normal 0.896898 -0.442238 0
    outer loop
      vertex 47.4641 72 7.22786
      vertex 47.6955 72.4693 0
      vertex 47.6955 72.4693 7.25627
    endloop
  endfacet
  facet normal 0.896898 -0.442238 0
    outer loop
      vertex 47.6955 72.4693 0
      vertex 47.4641 72 7.22786
      vertex 47.4641 72 0
    endloop
  endfacet
  facet normal 0.946915 -0.321485 0
    outer loop
      vertex 47.6955 72.4693 7.25627
      vertex 47.7908 72.75 0
      vertex 47.7908 72.75 7.26797
    endloop
  endfacet
  facet normal 0.946915 -0.321485 0
    outer loop
      vertex 47.7908 72.75 0
      vertex 47.6955 72.4693 7.25627
      vertex 47.6955 72.4693 0
    endloop
  endfacet
  facet normal 0 -1 0
    outer loop
      vertex 109.209 72.75 0
      vertex 47.7908 72.75 7.26797
      vertex 47.7908 72.75 0
    endloop
  endfacet
  facet normal 0 -1 0
    outer loop
      vertex 47.7908 72.75 7.26797
      vertex 109.209 72.75 0
      vertex 109.209 72.75 14.8092
    endloop
  endfacet
  facet normal -0.947222 -0.320578 0
    outer loop
      vertex 109.304 72.4693 0
      vertex 109.209 72.75 14.8092
      vertex 109.209 72.75 0
    endloop
  endfacet
  facet normal -0.947222 -0.320578 0
    outer loop
      vertex 109.209 72.75 14.8092
      vertex 109.304 72.4693 0
      vertex 109.304 72.4693 14.8209
    endloop
  endfacet
  facet normal -0.896443 -0.443159 0
    outer loop
      vertex 109.536 72 0
      vertex 109.304 72.4693 14.8209
      vertex 109.304 72.4693 0
    endloop
  endfacet
  facet normal -0.896443 -0.443159 0
    outer loop
      vertex 109.304 72.4693 14.8209
      vertex 109.536 72 0
      vertex 109.536 72 14.8493
    endloop
  endfacet
  facet normal -0.831226 -0.555934 0
    outer loop
      vertex 109.827 71.5649 0
      vertex 109.536 72 14.8493
      vertex 109.536 72 0
    endloop
  endfacet
  facet normal -0.831226 -0.555934 0
    outer loop
      vertex 109.536 72 14.8493
      vertex 109.827 71.5649 0
      vertex 109.827 71.5649 14.885
    endloop
  endfacet
  facet normal -0.751759 -0.659438 0
    outer loop
      vertex 110.172 71.1716 0
      vertex 109.827 71.5649 14.885
      vertex 109.827 71.5649 0
    endloop
  endfacet
  facet normal -0.751759 -0.659438 0
    outer loop
      vertex 109.827 71.5649 14.885
      vertex 110.172 71.1716 0
      vertex 110.172 71.1716 14.9274
    endloop
  endfacet
  facet normal -0.659722 -0.75151 0
    outer loop
      vertex 110.565 70.8266 0
      vertex 110.172 71.1716 14.9274
      vertex 110.172 71.1716 0
    endloop
  endfacet
  facet normal -0.659722 -0.75151 0
    outer loop
      vertex 110.172 71.1716 14.9274
      vertex 110.565 70.8266 0
      vertex 110.565 70.8266 14.9757
    endloop
  endfacet
  facet normal -0.555626 -0.831432 0
    outer loop
      vertex 111 70.5359 0
      vertex 110.565 70.8266 14.9757
      vertex 110.565 70.8266 0
    endloop
  endfacet
  facet normal -0.555626 -0.831432 0
    outer loop
      vertex 110.565 70.8266 14.9757
      vertex 111 70.5359 0
      vertex 111 70.5359 15.0291
    endloop
  endfacet
  facet normal -0.442465 -0.896786 0
    outer loop
      vertex 111.469 70.3045 0
      vertex 111 70.5359 15.0291
      vertex 111 70.5359 0
    endloop
  endfacet
  facet normal -0.442465 -0.896786 0
    outer loop
      vertex 111 70.5359 15.0291
      vertex 111.469 70.3045 0
      vertex 111.469 70.3045 15.0867
    endloop
  endfacet
  facet normal -0.321178 -0.947019 0
    outer loop
      vertex 111.75 70.2092 0
      vertex 111.469 70.3045 15.0867
      vertex 111.469 70.3045 0
    endloop
  endfacet
  facet normal -0.321178 -0.947019 0
    outer loop
      vertex 111.469 70.3045 15.0867
      vertex 111.75 70.2092 0
      vertex 111.75 70.2092 15.1212
    endloop
  endfacet
  facet normal -1 0 0
    outer loop
      vertex 111.75 48.7908 0
      vertex 111.75 70.2092 15.1212
      vertex 111.75 70.2092 0
    endloop
  endfacet
  facet normal -1 -0 0
    outer loop
      vertex 111.75 70.2092 15.1212
      vertex 111.75 48.7908 0
      vertex 111.75 48.7908 15.1212
    endloop
  endfacet
  facet normal -0.321178 0.947019 0
    outer loop
      vertex 111.75 48.7908 0
      vertex 111.469 48.6955 15.0867
      vertex 111.75 48.7908 15.1212
    endloop
  endfacet
  facet normal -0.321178 0.947019 0
    outer loop
      vertex 111.469 48.6955 15.0867
      vertex 111.75 48.7908 0
      vertex 111.469 48.6955 0
    endloop
  endfacet
  facet normal -0.442465 0.896786 0
    outer loop
      vertex 111.469 48.6955 0
      vertex 111 48.4641 15.0291
      vertex 111.469 48.6955 15.0867
    endloop
  endfacet
  facet normal -0.442465 0.896786 0
    outer loop
      vertex 111 48.4641 15.0291
      vertex 111.469 48.6955 0
      vertex 111 48.4641 0
    endloop
  endfacet
  facet normal -0.555626 0.831432 0
    outer loop
      vertex 111 48.4641 0
      vertex 110.565 48.1734 14.9757
      vertex 111 48.4641 15.0291
    endloop
  endfacet
  facet normal -0.555626 0.831432 0
    outer loop
      vertex 110.565 48.1734 14.9757
      vertex 111 48.4641 0
      vertex 110.565 48.1734 0
    endloop
  endfacet
  facet normal -0.659722 0.75151 0
    outer loop
      vertex 110.565 48.1734 0
      vertex 110.172 47.8284 14.9274
      vertex 110.565 48.1734 14.9757
    endloop
  endfacet
  facet normal -0.659722 0.75151 0
    outer loop
      vertex 110.172 47.8284 14.9274
      vertex 110.565 48.1734 0
      vertex 110.172 47.8284 0
    endloop
  endfacet
  facet normal -0.751842 0.659343 0
    outer loop
      vertex 109.827 47.435 14.885
      vertex 110.172 47.8284 0
      vertex 109.827 47.435 0
    endloop
  endfacet
  facet normal -0.751842 0.659343 0
    outer loop
      vertex 110.172 47.8284 0
      vertex 109.827 47.435 14.885
      vertex 110.172 47.8284 14.9274
    endloop
  endfacet
  facet normal -0.831167 0.556022 0
    outer loop
      vertex 109.536 47 14.8493
      vertex 109.827 47.435 0
      vertex 109.536 47 0
    endloop
  endfacet
  facet normal -0.831167 0.556022 0
    outer loop
      vertex 109.827 47.435 0
      vertex 109.536 47 14.8493
      vertex 109.827 47.435 14.885
    endloop
  endfacet
  facet normal -0.896443 0.443159 0
    outer loop
      vertex 109.304 46.5307 14.8209
      vertex 109.536 47 0
      vertex 109.304 46.5307 0
    endloop
  endfacet
  facet normal -0.896443 0.443159 0
    outer loop
      vertex 109.536 47 0
      vertex 109.304 46.5307 14.8209
      vertex 109.536 47 14.8493
    endloop
  endfacet
  facet normal -0.947222 0.320578 0
    outer loop
      vertex 109.209 46.25 14.8092
      vertex 109.304 46.5307 0
      vertex 109.209 46.25 0
    endloop
  endfacet
  facet normal -0.947222 0.320578 0
    outer loop
      vertex 109.304 46.5307 0
      vertex 109.209 46.25 14.8092
      vertex 109.304 46.5307 14.8209
    endloop
  endfacet
  facet normal 0 1 -0
    outer loop
      vertex 109.209 46.25 0
      vertex 67.9 46.25 9.73707
      vertex 109.209 46.25 14.8092
    endloop
  endfacet
  facet normal 0 1 0
    outer loop
      vertex 67.9 46.25 9.73707
      vertex 109.209 46.25 0
      vertex 67.9 46.25 0
    endloop
  endfacet
  facet normal 1 -0 0
    outer loop
      vertex 67.9 46.25 9.73707
      vertex 67.9 47 0
      vertex 67.9 47 9.73707
    endloop
  endfacet
  facet normal 1 0 0
    outer loop
      vertex 67.9 47 0
      vertex 67.9 46.25 9.73707
      vertex 67.9 46.25 0
    endloop
  endfacet
  facet normal 0 1 -0
    outer loop
      vertex 67.9 47 0
      vertex 65.4 47 9.43011
      vertex 67.9 47 9.73707
    endloop
  endfacet
  facet normal 0 1 0
    outer loop
      vertex 65.4 47 9.43011
      vertex 67.9 47 0
      vertex 65.4 47 0
    endloop
  endfacet
  facet normal -1 0 0
    outer loop
      vertex 65.4 46.25 0
      vertex 65.4 47 9.43011
      vertex 65.4 47 0
    endloop
  endfacet
  facet normal -1 -0 0
    outer loop
      vertex 65.4 47 9.43011
      vertex 65.4 46.25 0
      vertex 65.4 46.25 9.43011
    endloop
  endfacet
  facet normal 0 1 -0
    outer loop
      vertex 65.4 46.25 0
      vertex 47.7908 46.25 7.26797
      vertex 65.4 46.25 9.43011
    endloop
  endfacet
  facet normal 0 1 0
    outer loop
      vertex 47.7908 46.25 7.26797
      vertex 65.4 46.25 0
      vertex 47.7908 46.25 0
    endloop
  endfacet
  facet normal 1 0 0
    outer loop
      vertex 45.9 8 9.13581
      vertex 45.9 6.5 7.03581
      vertex 45.9 8 0
    endloop
  endfacet
  facet normal 1 -0 0
    outer loop
      vertex 45.9 2.5 9.13581
      vertex 45.9 6.5 7.03581
      vertex 45.9 8 9.13581
    endloop
  endfacet
  facet normal 1 0 0
    outer loop
      vertex 45.9 6.5 7.03581
      vertex 45.9 2.5 9.13581
      vertex 45.9 2.5 7.03581
    endloop
  endfacet
  facet normal 1 0 0
    outer loop
      vertex 45.9 8 0
      vertex 45.9 6.5 7.03581
      vertex 45.9 6.5 0
    endloop
  endfacet
  facet normal -1 0 0
    outer loop
      vertex 13 6.5 2.9962
      vertex 13 8 0
      vertex 13 6.5 0
    endloop
  endfacet
  facet normal -1 0 0
    outer loop
      vertex 13 8 0
      vertex 13 6.5 2.9962
      vertex 13 8 5.0962
    endloop
  endfacet
  facet normal -1 0 0
    outer loop
      vertex 13 2.5 5.0962
      vertex 13 6.5 2.9962
      vertex 13 2.5 2.9962
    endloop
  endfacet
  facet normal -1 0 0
    outer loop
      vertex 13 6.5 2.9962
      vertex 13 2.5 5.0962
      vertex 13 8 5.0962
    endloop
  endfacet
  facet normal 0 1 -0
    outer loop
      vertex 42.75 8 0
      vertex 38.05 8 3.33417
      vertex 42.75 8 3.33417
    endloop
  endfacet
  facet normal 0 1 0
    outer loop
      vertex 34.95 8 2.2291
      vertex 24.95 8 1.00126
      vertex 29.05 8 2.2291
    endloop
  endfacet
  facet normal 0 1 0
    outer loop
      vertex 13 8 0
      vertex 24.95 8 1.00126
      vertex 42.75 8 0
    endloop
  endfacet
  facet normal 0 1 0
    outer loop
      vertex 34.95 8 2.2291
      vertex 42.75 8 0
      vertex 24.95 8 1.00126
    endloop
  endfacet
  facet normal 0 1 0
    outer loop
      vertex 38.05 8 3.33417
      vertex 42.75 8 0
      vertex 34.95 8 2.2291
    endloop
  endfacet
  facet normal 0 1 -0
    outer loop
      vertex 29.05 8 2.2291
      vertex 24.95 8 3.70126
      vertex 29.05 8 4.92911
    endloop
  endfacet
  facet normal 0 1 0
    outer loop
      vertex 24.95 8 3.70126
      vertex 29.05 8 2.2291
      vertex 24.95 8 1.00126
    endloop
  endfacet
  facet normal 0 1 -0
    outer loop
      vertex 45.9 8 0
      vertex 45.25 8 6.956
      vertex 45.9 8 9.13581
    endloop
  endfacet
  facet normal 0 1 0
    outer loop
      vertex 45.25 8 6.956
      vertex 45.9 8 0
      vertex 45.25 8 0
    endloop
  endfacet
  facet normal 0 1 0
    outer loop
      vertex 42.75 8 6.64904
      vertex 45.9 8 9.13581
      vertex 45.25 8 6.956
    endloop
  endfacet
  facet normal 0 1 0
    outer loop
      vertex 38.05 8 6.03417
      vertex 42.75 8 6.64904
      vertex 42.75 8 6.03417
    endloop
  endfacet
  facet normal 0 1 0
    outer loop
      vertex 38.05 8 6.03417
      vertex 45.9 8 9.13581
      vertex 42.75 8 6.64904
    endloop
  endfacet
  facet normal 0 1 0
    outer loop
      vertex 29.05 8 4.92911
      vertex 45.9 8 9.13581
      vertex 38.05 8 6.03417
    endloop
  endfacet
  facet normal 0 1 0
    outer loop
      vertex 45.9 8 9.13581
      vertex 29.05 8 4.92911
      vertex 13.5 8 5.15759
    endloop
  endfacet
  facet normal 0 1 0
    outer loop
      vertex 29.05 8 4.92911
      vertex 38.05 8 6.03417
      vertex 34.95 8 4.92911
    endloop
  endfacet
  facet normal 0 1 -0
    outer loop
      vertex 38.05 8 3.33417
      vertex 34.95 8 4.92911
      vertex 38.05 8 6.03417
    endloop
  endfacet
  facet normal 0 1 0
    outer loop
      vertex 34.95 8 4.92911
      vertex 38.05 8 3.33417
      vertex 34.95 8 2.2291
    endloop
  endfacet
  facet normal 0 1 -0
    outer loop
      vertex 19.05 8 3.70126
      vertex 13.5 8 5.15759
      vertex 29.05 8 4.92911
    endloop
  endfacet
  facet normal 0 1 0
    outer loop
      vertex 19.05 8 3.70126
      vertex 29.05 8 4.92911
      vertex 24.95 8 3.70126
    endloop
  endfacet
  facet normal 0 1 0
    outer loop
      vertex 13 8 0
      vertex 13.5 8 5.15759
      vertex 19.05 8 3.70126
    endloop
  endfacet
  facet normal 0 1 0
    outer loop
      vertex 13 8 0
      vertex 19.05 8 3.70126
      vertex 19.05 8 1.00126
    endloop
  endfacet
  facet normal 0 1 0
    outer loop
      vertex 13.5 8 5.15759
      vertex 13 8 0
      vertex 13 8 5.0962
    endloop
  endfacet
  facet normal 0 1 0
    outer loop
      vertex 24.95 8 1.00126
      vertex 13 8 0
      vertex 19.05 8 1.00126
    endloop
  endfacet
  facet normal -0.121865 0 0.992547
    outer loop
      vertex 13 8 5.0962
      vertex 13.5 2.5 5.15759
      vertex 13.5 8 5.15759
    endloop
  endfacet
  facet normal -0.121865 0 0.992547
    outer loop
      vertex 13.5 2.5 5.15759
      vertex 13 8 5.0962
      vertex 13 2.5 5.0962
    endloop
  endfacet
  facet normal -0.121869 0 0.992546
    outer loop
      vertex 42.6855 4.72189 8.74112
      vertex 45.9 2.5 9.13581
      vertex 45.9 8 9.13581
    endloop
  endfacet
  facet normal -0.12187 -1.74157e-06 0.992546
    outer loop
      vertex 45.9 2.5 9.13581
      vertex 42.6855 4.72189 8.74112
      vertex 42.7 4.5 8.7429
    endloop
  endfacet
  facet normal -0.121873 4.40045e-06 0.992546
    outer loop
      vertex 45.9 8 9.13581
      vertex 42.6421 4.93999 8.73579
      vertex 42.6855 4.72189 8.74112
    endloop
  endfacet
  facet normal -0.121872 3.21632e-06 0.992546
    outer loop
      vertex 45.9 8 9.13581
      vertex 42.5706 5.15056 8.72701
      vertex 42.6421 4.93999 8.73579
    endloop
  endfacet
  facet normal -0.121834 -4.21046e-05 0.99255
    outer loop
      vertex 45.9 8 9.13581
      vertex 42.4722 5.35 8.71494
      vertex 42.5706 5.15056 8.72701
    endloop
  endfacet
  facet normal -0.121884 2.30114e-05 0.992544
    outer loop
      vertex 45.9 8 9.13581
      vertex 42.3487 5.53489 8.69977
      vertex 42.4722 5.35 8.71494
    endloop
  endfacet
  facet normal -0.121893 3.68377e-05 0.992543
    outer loop
      vertex 45.9 8 9.13581
      vertex 42.2021 5.70208 8.68176
      vertex 42.3487 5.53489 8.69977
    endloop
  endfacet
  facet normal -0.121847 -3.88406e-05 0.992549
    outer loop
      vertex 45.9 8 9.13581
      vertex 42.0349 5.8487 8.66124
      vertex 42.2021 5.70208 8.68176
    endloop
  endfacet
  facet normal -0.121886 3.2237e-05 0.992544
    outer loop
      vertex 45.9 8 9.13581
      vertex 41.85 5.97224 8.63853
      vertex 42.0349 5.8487 8.66124
    endloop
  endfacet
  facet normal -0.121862 -1.68571e-05 0.992547
    outer loop
      vertex 45.9 8 9.13581
      vertex 41.6506 6.07059 8.61405
      vertex 41.85 5.97224 8.63853
    endloop
  endfacet
  facet normal -0.121873 9.54413e-06 0.992546
    outer loop
      vertex 45.9 8 9.13581
      vertex 41.44 6.14207 8.58819
      vertex 41.6506 6.07059 8.61405
    endloop
  endfacet
  facet normal -0.121871 4.77098e-06 0.992546
    outer loop
      vertex 45.9 8 9.13581
      vertex 41.2219 6.18546 8.56141
      vertex 41.44 6.14207 8.58819
    endloop
  endfacet
  facet normal -0.121847 -5.88698e-05 0.992549
    outer loop
      vertex 45.9 8 9.13581
      vertex 41 6.2 8.53417
      vertex 41.2219 6.18546 8.56141
    endloop
  endfacet
  facet normal -0.121892 6.37673e-05 0.992543
    outer loop
      vertex 45.9 8 9.13581
      vertex 40.7781 6.18546 8.50692
      vertex 41 6.2 8.53417
    endloop
  endfacet
  facet normal -0.121876 2.04387e-05 0.992545
    outer loop
      vertex 45.9 8 9.13581
      vertex 40.56 6.14207 8.48014
      vertex 40.7781 6.18546 8.50692
    endloop
  endfacet
  facet normal -0.121869 -4.60536e-07 0.992546
    outer loop
      vertex 32.44 6.14207 7.48313
      vertex 40.56 6.14207 8.48014
      vertex 45.9 8 9.13581
    endloop
  endfacet
  facet normal -0.121869 -4.309e-05 0.992546
    outer loop
      vertex 39.3145 4.72189 8.32722
      vertex 33.7 4.5 7.63784
      vertex 39.3 4.5 8.32543
    endloop
  endfacet
  facet normal -0.121872 -4.68266e-06 0.992546
    outer loop
      vertex 33.6855 4.72189 7.63605
      vertex 39.3145 4.72189 8.32722
      vertex 39.3579 4.93999 8.33255
    endloop
  endfacet
  facet normal -0.121871 4.33476e-05 0.992546
    outer loop
      vertex 33.6421 4.93999 7.63073
      vertex 39.3579 4.93999 8.33255
      vertex 39.4294 5.15056 8.34132
    endloop
  endfacet
  facet normal -0.121869 9.94178e-06 0.992546
    outer loop
      vertex 33.5706 5.15056 7.62195
      vertex 39.4294 5.15056 8.34132
      vertex 39.5278 5.35 8.3534
    endloop
  endfacet
  facet normal -0.121869 -3.32412e-05 0.992546
    outer loop
      vertex 33.4722 5.35 7.60987
      vertex 39.5278 5.35 8.3534
      vertex 39.6513 5.53489 8.36857
    endloop
  endfacet
  facet normal -0.121869 1.01352e-06 0.992546
    outer loop
      vertex 33.3487 5.53489 7.59471
      vertex 39.6513 5.53489 8.36857
      vertex 39.7979 5.70208 8.38657
    endloop
  endfacet
  facet normal -0.12187 -1.54977e-06 0.992546
    outer loop
      vertex 33.2021 5.70208 7.5767
      vertex 39.7979 5.70208 8.38657
      vertex 39.9651 5.8487 8.4071
    endloop
  endfacet
  facet normal -0.121869 2.26853e-05 0.992546
    outer loop
      vertex 33.0349 5.8487 7.55618
      vertex 39.9651 5.8487 8.4071
      vertex 40.15 5.97224 8.4298
    endloop
  endfacet
  facet normal -0.12187 -6.74614e-05 0.992546
    outer loop
      vertex 32.85 5.97224 7.53347
      vertex 40.15 5.97224 8.4298
      vertex 40.3494 6.07059 8.45429
    endloop
  endfacet
  facet normal -0.121869 0.000116807 0.992546
    outer loop
      vertex 40.56 6.14207 8.48014
      vertex 32.44 6.14207 7.48313
      vertex 40.3494 6.07059 8.45429
    endloop
  endfacet
  facet normal -0.121872 4.2868e-05 0.992546
    outer loop
      vertex 39.3145 4.72189 8.32722
      vertex 33.6855 4.72189 7.63605
      vertex 33.7 4.5 7.63784
    endloop
  endfacet
  facet normal -0.121871 -4.05517e-05 0.992546
    outer loop
      vertex 39.3579 4.93999 8.33255
      vertex 33.6421 4.93999 7.63073
      vertex 33.6855 4.72189 7.63605
    endloop
  endfacet
  facet normal -0.121869 4.27128e-06 0.992546
    outer loop
      vertex 39.4294 5.15056 8.34132
      vertex 33.5706 5.15056 7.62195
      vertex 33.6421 4.93999 7.63073
    endloop
  endfacet
  facet normal -0.121869 -9.61868e-06 0.992546
    outer loop
      vertex 39.5278 5.35 8.3534
      vertex 33.4722 5.35 7.60987
      vertex 33.5706 5.15056 7.62195
    endloop
  endfacet
  facet normal -0.121869 -2.06927e-05 0.992546
    outer loop
      vertex 39.6513 5.53489 8.36857
      vertex 33.3487 5.53489 7.59471
      vertex 33.4722 5.35 7.60987
    endloop
  endfacet
  facet normal -0.12187 5.70784e-05 0.992546
    outer loop
      vertex 39.7979 5.70208 8.38657
      vertex 33.2021 5.70208 7.5767
      vertex 33.3487 5.53489 7.59471
    endloop
  endfacet
  facet normal -0.121869 -6.45869e-05 0.992546
    outer loop
      vertex 39.9651 5.8487 8.4071
      vertex 33.0349 5.8487 7.55618
      vertex 33.2021 5.70208 7.5767
    endloop
  endfacet
  facet normal -0.12187 5.6771e-05 0.992546
    outer loop
      vertex 40.15 5.97224 8.4298
      vertex 32.85 5.97224 7.53347
      vertex 33.0349 5.8487 7.55618
    endloop
  endfacet
  facet normal -0.12187 -3.4339e-05 0.992546
    outer loop
      vertex 40.3494 6.07059 8.45429
      vertex 32.6506 6.07059 7.50899
      vertex 32.85 5.97224 7.53347
    endloop
  endfacet
  facet normal -0.12187 1.94574e-05 0.992546
    outer loop
      vertex 40.3494 6.07059 8.45429
      vertex 32.44 6.14207 7.48313
      vertex 32.6506 6.07059 7.50899
    endloop
  endfacet
  facet normal -0.121871 9.32302e-06 0.992546
    outer loop
      vertex 45.9 8 9.13581
      vertex 32.2219 6.18546 7.45635
      vertex 32.44 6.14207 7.48313
    endloop
  endfacet
  facet normal -0.121852 -0.000133209 0.992548
    outer loop
      vertex 45.9 8 9.13581
      vertex 32 6.2 7.42911
      vertex 32.2219 6.18546 7.45635
    endloop
  endfacet
  facet normal -0.121869 3.02938e-06 0.992546
    outer loop
      vertex 13.5 8 5.15759
      vertex 32 6.2 7.42911
      vertex 45.9 8 9.13581
    endloop
  endfacet
  facet normal -0.12187 -4.30303e-05 0.992546
    outer loop
      vertex 30.3145 4.72189 7.22216
      vertex 23.7 4.5 6.40999
      vertex 30.3 4.5 7.22037
    endloop
  endfacet
  facet normal -0.121871 4.06071e-05 0.992546
    outer loop
      vertex 23.6855 4.72189 6.40821
      vertex 30.3145 4.72189 7.22216
      vertex 30.3579 4.93999 7.22748
    endloop
  endfacet
  facet normal -0.12187 -4.08769e-06 0.992546
    outer loop
      vertex 23.6421 4.93999 6.40288
      vertex 30.3579 4.93999 7.22748
      vertex 30.4294 5.15056 7.23626
    endloop
  endfacet
  facet normal -0.121869 9.6184e-06 0.992546
    outer loop
      vertex 23.5706 5.15056 6.39411
      vertex 30.4294 5.15056 7.23626
      vertex 30.5278 5.35 7.24834
    endloop
  endfacet
  facet normal -0.121868 -3.36048e-05 0.992546
    outer loop
      vertex 23.4722 5.35 6.38203
      vertex 30.5278 5.35 7.24834
      vertex 30.6513 5.53489 7.26351
    endloop
  endfacet
  facet normal -0.12187 1.69906e-06 0.992546
    outer loop
      vertex 23.3487 5.53489 6.36686
      vertex 30.6513 5.53489 7.26351
      vertex 30.7979 5.70208 7.28151
    endloop
  endfacet
  facet normal -0.12187 -2.40094e-06 0.992546
    outer loop
      vertex 23.2021 5.70208 6.34886
      vertex 30.7979 5.70208 7.28151
      vertex 30.9651 5.8487 7.30204
    endloop
  endfacet
  facet normal -0.12187 2.37464e-05 0.992546
    outer loop
      vertex 23.0349 5.8487 6.32833
      vertex 30.9651 5.8487 7.30204
      vertex 31.15 5.97224 7.32474
    endloop
  endfacet
  facet normal -0.121869 -6.86571e-05 0.992546
    outer loop
      vertex 22.85 5.97224 6.30563
      vertex 31.15 5.97224 7.32474
      vertex 31.3494 6.07059 7.34923
    endloop
  endfacet
  facet normal -0.121871 0.000120956 0.992546
    outer loop
      vertex 22.6506 6.07059 6.28114
      vertex 31.3494 6.07059 7.34923
      vertex 31.56 6.14207 7.37508
    endloop
  endfacet
  facet normal -0.121871 -1.79155e-06 0.992546
    outer loop
      vertex 30.3145 4.72189 7.22216
      vertex 23.6855 4.72189 6.40821
      vertex 23.7 4.5 6.40999
    endloop
  endfacet
  facet normal -0.12187 -1.30929e-05 0.992546
    outer loop
      vertex 22.44 6.14207 6.25528
      vertex 31.56 6.14207 7.37508
      vertex 31.7781 6.18546 7.40186
    endloop
  endfacet
  facet normal -0.12187 5.13242e-06 0.992546
    outer loop
      vertex 30.3579 4.93999 7.22748
      vertex 23.6421 4.93999 6.40288
      vertex 23.6855 4.72189 6.40821
    endloop
  endfacet
  facet normal -0.121869 -4.26423e-05 0.992546
    outer loop
      vertex 30.4294 5.15056 7.23626
      vertex 23.5706 5.15056 6.39411
      vertex 23.6421 4.93999 6.40288
    endloop
  endfacet
  facet normal -0.12188 -0.000110942 0.992545
    outer loop
      vertex 32 6.2 7.42911
      vertex 13.5 8 5.15759
      vertex 31.7781 6.18546 7.40186
    endloop
  endfacet
  facet normal -0.121868 -9.35012e-06 0.992546
    outer loop
      vertex 30.5278 5.35 7.24834
      vertex 23.4722 5.35 6.38203
      vertex 23.5706 5.15056 6.39411
    endloop
  endfacet
  facet normal -0.12187 3.24682e-05 0.992546
    outer loop
      vertex 30.6513 5.53489 7.26351
      vertex 23.3487 5.53489 6.36686
      vertex 23.4722 5.35 6.38203
    endloop
  endfacet
  facet normal -0.12187 -1.63348e-06 0.992546
    outer loop
      vertex 30.7979 5.70208 7.28151
      vertex 23.2021 5.70208 6.34886
      vertex 23.3487 5.53489 6.36686
    endloop
  endfacet
  facet normal -0.12187 2.2997e-06 0.992546
    outer loop
      vertex 30.9651 5.8487 7.30204
      vertex 23.0349 5.8487 6.32833
      vertex 23.2021 5.70208 6.34886
    endloop
  endfacet
  facet normal -0.121869 -2.26884e-05 0.992546
    outer loop
      vertex 31.15 5.97224 7.32474
      vertex 22.85 5.97224 6.30563
      vertex 23.0349 5.8487 6.32833
    endloop
  endfacet
  facet normal -0.121871 6.55094e-05 0.992546
    outer loop
      vertex 31.3494 6.07059 7.34923
      vertex 22.6506 6.07059 6.28114
      vertex 22.85 5.97224 6.30563
    endloop
  endfacet
  facet normal -0.12187 2.02804e-05 0.992546
    outer loop
      vertex 31.56 6.14207 7.37508
      vertex 22.44 6.14207 6.25528
      vertex 22.6506 6.07059 6.28114
    endloop
  endfacet
  facet normal -0.121869 -0.000211034 0.992546
    outer loop
      vertex 31.7781 6.18546 7.40186
      vertex 22.2219 6.18546 6.22851
      vertex 22.44 6.14207 6.25528
    endloop
  endfacet
  facet normal -0.121869 4.82756e-06 0.992546
    outer loop
      vertex 31.7781 6.18546 7.40186
      vertex 13.5 8 5.15759
      vertex 22.2219 6.18546 6.22851
    endloop
  endfacet
  facet normal -0.121895 -0.000124601 0.992543
    outer loop
      vertex 22.2219 6.18546 6.22851
      vertex 13.5 8 5.15759
      vertex 22 6.2 6.20126
    endloop
  endfacet
  facet normal -0.12187 0 0.992546
    outer loop
      vertex 13.5 2.5 5.15759
      vertex 20.3145 4.72189 5.99431
      vertex 13.5 8 5.15759
    endloop
  endfacet
  facet normal -0.121872 -4.6546e-06 0.992546
    outer loop
      vertex 20.3579 4.93999 5.99964
      vertex 13.5 8 5.15759
      vertex 20.3145 4.72189 5.99431
    endloop
  endfacet
  facet normal -0.121872 -3.45421e-06 0.992546
    outer loop
      vertex 20.4294 5.15056 6.00842
      vertex 13.5 8 5.15759
      vertex 20.3579 4.93999 5.99964
    endloop
  endfacet
  facet normal -0.12185 5.00423e-05 0.992549
    outer loop
      vertex 20.5278 5.35 6.02049
      vertex 13.5 8 5.15759
      vertex 20.4294 5.15056 6.00842
    endloop
  endfacet
  facet normal -0.121878 -2.65892e-05 0.992545
    outer loop
      vertex 20.6513 5.53489 6.03566
      vertex 13.5 8 5.15759
      vertex 20.5278 5.35 6.02049
    endloop
  endfacet
  facet normal -0.121869 1.05947e-06 0.992546
    outer loop
      vertex 20.7979 5.70208 6.05366
      vertex 13.5 8 5.15759
      vertex 20.6513 5.53489 6.03566
    endloop
  endfacet
  facet normal -0.12187 -2.03597e-06 0.992546
    outer loop
      vertex 20.9651 5.8487 6.07419
      vertex 13.5 8 5.15759
      vertex 20.7979 5.70208 6.05366
    endloop
  endfacet
  facet normal -0.121865 1.62189e-05 0.992547
    outer loop
      vertex 21.15 5.97224 6.09689
      vertex 13.5 8 5.15759
      vertex 20.9651 5.8487 6.07419
    endloop
  endfacet
  facet normal -0.121881 -4.46885e-05 0.992545
    outer loop
      vertex 21.3494 6.07059 6.12138
      vertex 13.5 8 5.15759
      vertex 21.15 5.97224 6.09689
    endloop
  endfacet
  facet normal -0.121873 -1.16039e-05 0.992546
    outer loop
      vertex 21.56 6.14207 6.14724
      vertex 13.5 8 5.15759
      vertex 21.3494 6.07059 6.12138
    endloop
  endfacet
  facet normal -0.121871 -5.43644e-06 0.992546
    outer loop
      vertex 21.7781 6.18546 6.17402
      vertex 13.5 8 5.15759
      vertex 21.56 6.14207 6.14724
    endloop
  endfacet
  facet normal -0.12185 9.5596e-05 0.992549
    outer loop
      vertex 22 6.2 6.20126
      vertex 13.5 8 5.15759
      vertex 21.7781 6.18546 6.17402
    endloop
  endfacet
  facet normal -0.121884 0 0.992544
    outer loop
      vertex 45.9 2.5 9.13581
      vertex 46 0 9.14809
      vertex 46 2.5 9.14809
    endloop
  endfacet
  facet normal -0.121868 1.60482e-06 0.992546
    outer loop
      vertex 42.6855 4.2781 8.74112
      vertex 45.9 2.5 9.13581
      vertex 42.7 4.5 8.7429
    endloop
  endfacet
  facet normal -0.121872 -4.76874e-06 0.992546
    outer loop
      vertex 42.6421 4.06001 8.73579
      vertex 45.9 2.5 9.13581
      vertex 42.6855 4.2781 8.74112
    endloop
  endfacet
  facet normal -0.121871 -3.64882e-06 0.992546
    outer loop
      vertex 42.5706 3.84944 8.72701
      vertex 45.9 2.5 9.13581
      vertex 42.6421 4.06001 8.73579
    endloop
  endfacet
  facet normal -0.12185 4.99039e-05 0.992549
    outer loop
      vertex 42.4722 3.65 8.71494
      vertex 45.9 2.5 9.13581
      vertex 42.5706 3.84944 8.72701
    endloop
  endfacet
  facet normal -0.121876 -2.85063e-05 0.992545
    outer loop
      vertex 42.3487 3.46511 8.69977
      vertex 45.9 2.5 9.13581
      vertex 42.4722 3.65 8.71494
    endloop
  endfacet
  facet normal -0.121881 -4.78556e-05 0.992545
    outer loop
      vertex 42.2021 3.29792 8.68176
      vertex 45.9 2.5 9.13581
      vertex 42.3487 3.46511 8.69977
    endloop
  endfacet
  facet normal -0.121859 5.32592e-05 0.992547
    outer loop
      vertex 42.0349 3.1513 8.66124
      vertex 45.9 2.5 9.13581
      vertex 42.2021 3.29792 8.68176
    endloop
  endfacet
  facet normal -0.121868 6.64757e-07 0.992546
    outer loop
      vertex 45.9 2.5 9.13581
      vertex 42.0349 3.1513 8.66124
      vertex 46 0 9.14809
    endloop
  endfacet
  facet normal -0.121889 -2.67042e-05 0.992544
    outer loop
      vertex 41.85 3.02776 8.63853
      vertex 46 0 9.14809
      vertex 42.0349 3.1513 8.66124
    endloop
  endfacet
  facet normal -0.12186 1.39908e-05 0.992547
    outer loop
      vertex 41.6506 2.9294 8.61405
      vertex 46 0 9.14809
      vertex 41.85 3.02776 8.63853
    endloop
  endfacet
  facet normal -0.121874 -7.12489e-06 0.992546
    outer loop
      vertex 41.44 2.85793 8.58819
      vertex 46 0 9.14809
      vertex 41.6506 2.9294 8.61405
    endloop
  endfacet
  facet normal -0.121872 -3.15469e-06 0.992546
    outer loop
      vertex 41.2219 2.81454 8.56141
      vertex 46 0 9.14809
      vertex 41.44 2.85793 8.58819
    endloop
  endfacet
  facet normal -0.121846 4.12568e-05 0.992549
    outer loop
      vertex 41 2.8 8.53417
      vertex 46 0 9.14809
      vertex 41.2219 2.81454 8.56141
    endloop
  endfacet
  facet normal -0.12189 -3.82674e-05 0.992544
    outer loop
      vertex 40.7781 2.81454 8.50692
      vertex 46 0 9.14809
      vertex 41 2.8 8.53417
    endloop
  endfacet
  facet normal -0.121874 -8.47042e-06 0.992546
    outer loop
      vertex 40.56 2.85793 8.48014
      vertex 46 0 9.14809
      vertex 40.7781 2.81454 8.50692
    endloop
  endfacet
  facet normal -0.121869 -0.000116823 0.992546
    outer loop
      vertex 32.44 2.85793 7.48313
      vertex 40.56 2.85793 8.48014
      vertex 40.3494 2.9294 8.45429
    endloop
  endfacet
  facet normal -0.12187 6.6574e-05 0.992546
    outer loop
      vertex 32.6506 2.9294 7.50899
      vertex 40.3494 2.9294 8.45429
      vertex 40.15 3.02776 8.4298
    endloop
  endfacet
  facet normal -0.121869 4.3088e-05 0.992546
    outer loop
      vertex 33.7 4.5 7.63784
      vertex 39.3145 4.2781 8.32722
      vertex 39.3 4.5 8.32543
    endloop
  endfacet
  facet normal -0.121872 -4.2866e-05 0.992546
    outer loop
      vertex 33.6855 4.2781 7.63605
      vertex 39.3145 4.2781 8.32722
      vertex 33.7 4.5 7.63784
    endloop
  endfacet
  facet normal -0.121872 4.68287e-06 0.992546
    outer loop
      vertex 39.3145 4.2781 8.32722
      vertex 33.6855 4.2781 7.63605
      vertex 39.3579 4.06001 8.33255
    endloop
  endfacet
  facet normal -0.121871 4.05535e-05 0.992546
    outer loop
      vertex 33.6421 4.06001 7.63073
      vertex 39.3579 4.06001 8.33255
      vertex 33.6855 4.2781 7.63605
    endloop
  endfacet
  facet normal -0.121871 -4.33476e-05 0.992546
    outer loop
      vertex 39.3579 4.06001 8.33255
      vertex 33.6421 4.06001 7.63073
      vertex 39.4294 3.84944 8.34132
    endloop
  endfacet
  facet normal -0.121869 -4.27128e-06 0.992546
    outer loop
      vertex 33.5706 3.84944 7.62195
      vertex 39.4294 3.84944 8.34132
      vertex 33.6421 4.06001 7.63073
    endloop
  endfacet
  facet normal -0.121869 -9.94178e-06 0.992546
    outer loop
      vertex 39.4294 3.84944 8.34132
      vertex 33.5706 3.84944 7.62195
      vertex 39.5278 3.65 8.3534
    endloop
  endfacet
  facet normal -0.121869 9.61868e-06 0.992546
    outer loop
      vertex 33.4722 3.65 7.60987
      vertex 39.5278 3.65 8.3534
      vertex 33.5706 3.84944 7.62195
    endloop
  endfacet
  facet normal -0.121869 3.32412e-05 0.992546
    outer loop
      vertex 39.5278 3.65 8.3534
      vertex 33.4722 3.65 7.60987
      vertex 39.6513 3.46511 8.36857
    endloop
  endfacet
  facet normal -0.121869 2.06927e-05 0.992546
    outer loop
      vertex 33.3487 3.46511 7.59471
      vertex 39.6513 3.46511 8.36857
      vertex 33.4722 3.65 7.60987
    endloop
  endfacet
  facet normal -0.121869 -1.01352e-06 0.992546
    outer loop
      vertex 39.6513 3.46511 8.36857
      vertex 33.3487 3.46511 7.59471
      vertex 39.7979 3.29792 8.38657
    endloop
  endfacet
  facet normal -0.12187 -5.70784e-05 0.992546
    outer loop
      vertex 33.2021 3.29792 7.5767
      vertex 39.7979 3.29792 8.38657
      vertex 33.3487 3.46511 7.59471
    endloop
  endfacet
  facet normal -0.12187 1.54977e-06 0.992546
    outer loop
      vertex 39.7979 3.29792 8.38657
      vertex 33.2021 3.29792 7.5767
      vertex 39.9651 3.1513 8.4071
    endloop
  endfacet
  facet normal -0.121869 6.45869e-05 0.992546
    outer loop
      vertex 33.0349 3.1513 7.55618
      vertex 39.9651 3.1513 8.4071
      vertex 33.2021 3.29792 7.5767
    endloop
  endfacet
  facet normal -0.121869 -2.26853e-05 0.992546
    outer loop
      vertex 39.9651 3.1513 8.4071
      vertex 33.0349 3.1513 7.55618
      vertex 40.15 3.02776 8.4298
    endloop
  endfacet
  facet normal -0.12187 -5.6771e-05 0.992546
    outer loop
      vertex 32.85 3.02776 7.53347
      vertex 40.15 3.02776 8.4298
      vertex 33.0349 3.1513 7.55618
    endloop
  endfacet
  facet normal -0.12187 3.3455e-05 0.992546
    outer loop
      vertex 32.6506 2.9294 7.50899
      vertex 40.15 3.02776 8.4298
      vertex 32.85 3.02776 7.53347
    endloop
  endfacet
  facet normal -0.12187 -1.94601e-05 0.992546
    outer loop
      vertex 40.3494 2.9294 8.45429
      vertex 32.6506 2.9294 7.50899
      vertex 32.44 2.85793 7.48313
    endloop
  endfacet
  facet normal -0.121869 8.38299e-07 0.992546
    outer loop
      vertex 40.56 2.85793 8.48014
      vertex 32.44 2.85793 7.48313
      vertex 46 0 9.14809
    endloop
  endfacet
  facet normal -0.121871 -7.39198e-06 0.992546
    outer loop
      vertex 32.2219 2.81454 7.45635
      vertex 46 0 9.14809
      vertex 32.44 2.85793 7.48313
    endloop
  endfacet
  facet normal -0.12185 9.8261e-05 0.992549
    outer loop
      vertex 32 2.8 7.42911
      vertex 46 0 9.14809
      vertex 32.2219 2.81454 7.45635
    endloop
  endfacet
  facet normal -0.121882 8.32912e-05 0.992545
    outer loop
      vertex 13.5 0 5.15759
      vertex 32 2.8 7.42911
      vertex 31.7781 2.81454 7.40186
    endloop
  endfacet
  facet normal -0.12187 4.30284e-05 0.992546
    outer loop
      vertex 23.7 4.5 6.40999
      vertex 30.3145 4.2781 7.22216
      vertex 30.3 4.5 7.22037
    endloop
  endfacet
  facet normal -0.121871 1.79147e-06 0.992546
    outer loop
      vertex 23.6855 4.2781 6.40821
      vertex 30.3145 4.2781 7.22216
      vertex 23.7 4.5 6.40999
    endloop
  endfacet
  facet normal -0.121871 -4.06089e-05 0.992546
    outer loop
      vertex 30.3145 4.2781 7.22216
      vertex 23.6855 4.2781 6.40821
      vertex 30.3579 4.06001 7.22748
    endloop
  endfacet
  facet normal -0.12187 -5.13266e-06 0.992546
    outer loop
      vertex 23.6421 4.06001 6.40288
      vertex 30.3579 4.06001 7.22748
      vertex 23.6855 4.2781 6.40821
    endloop
  endfacet
  facet normal -0.12187 4.08769e-06 0.992546
    outer loop
      vertex 30.3579 4.06001 7.22748
      vertex 23.6421 4.06001 6.40288
      vertex 30.4294 3.84944 7.23626
    endloop
  endfacet
  facet normal -0.121869 4.26423e-05 0.992546
    outer loop
      vertex 23.5706 3.84944 6.39411
      vertex 30.4294 3.84944 7.23626
      vertex 23.6421 4.06001 6.40288
    endloop
  endfacet
  facet normal -0.121869 -9.6184e-06 0.992546
    outer loop
      vertex 30.4294 3.84944 7.23626
      vertex 23.5706 3.84944 6.39411
      vertex 30.5278 3.65 7.24834
    endloop
  endfacet
  facet normal -0.121868 9.35012e-06 0.992546
    outer loop
      vertex 23.4722 3.65 6.38203
      vertex 30.5278 3.65 7.24834
      vertex 23.5706 3.84944 6.39411
    endloop
  endfacet
  facet normal -0.121868 3.36048e-05 0.992546
    outer loop
      vertex 30.5278 3.65 7.24834
      vertex 23.4722 3.65 6.38203
      vertex 30.6513 3.46511 7.26351
    endloop
  endfacet
  facet normal -0.12187 -3.24682e-05 0.992546
    outer loop
      vertex 23.3487 3.46511 6.36686
      vertex 30.6513 3.46511 7.26351
      vertex 23.4722 3.65 6.38203
    endloop
  endfacet
  facet normal -0.12187 -1.69906e-06 0.992546
    outer loop
      vertex 30.6513 3.46511 7.26351
      vertex 23.3487 3.46511 6.36686
      vertex 30.7979 3.29792 7.28151
    endloop
  endfacet
  facet normal -0.12187 1.63348e-06 0.992546
    outer loop
      vertex 23.2021 3.29792 6.34886
      vertex 30.7979 3.29792 7.28151
      vertex 23.3487 3.46511 6.36686
    endloop
  endfacet
  facet normal -0.12187 2.40094e-06 0.992546
    outer loop
      vertex 30.7979 3.29792 7.28151
      vertex 23.2021 3.29792 6.34886
      vertex 30.9651 3.1513 7.30204
    endloop
  endfacet
  facet normal -0.12187 -2.2997e-06 0.992546
    outer loop
      vertex 23.0349 3.1513 6.32833
      vertex 30.9651 3.1513 7.30204
      vertex 23.2021 3.29792 6.34886
    endloop
  endfacet
  facet normal -0.12187 -2.37464e-05 0.992546
    outer loop
      vertex 30.9651 3.1513 7.30204
      vertex 23.0349 3.1513 6.32833
      vertex 31.15 3.02776 7.32474
    endloop
  endfacet
  facet normal -0.121869 2.26884e-05 0.992546
    outer loop
      vertex 22.85 3.02776 6.30563
      vertex 31.15 3.02776 7.32474
      vertex 23.0349 3.1513 6.32833
    endloop
  endfacet
  facet normal -0.121869 6.86501e-05 0.992546
    outer loop
      vertex 31.15 3.02776 7.32474
      vertex 22.85 3.02776 6.30563
      vertex 31.3494 2.9294 7.34923
    endloop
  endfacet
  facet normal -0.121871 -6.55028e-05 0.992546
    outer loop
      vertex 22.6506 2.9294 6.28114
      vertex 31.3494 2.9294 7.34923
      vertex 22.85 3.02776 6.30563
    endloop
  endfacet
  facet normal -0.121871 -0.000120973 0.992546
    outer loop
      vertex 31.3494 2.9294 7.34923
      vertex 22.6506 2.9294 6.28114
      vertex 31.56 2.85793 7.37508
    endloop
  endfacet
  facet normal -0.12187 -2.02832e-05 0.992546
    outer loop
      vertex 22.44 2.85793 6.25528
      vertex 31.56 2.85793 7.37508
      vertex 22.6506 2.9294 6.28114
    endloop
  endfacet
  facet normal -0.12187 1.30929e-05 0.992546
    outer loop
      vertex 31.56 2.85793 7.37508
      vertex 22.44 2.85793 6.25528
      vertex 31.7781 2.81454 7.40186
    endloop
  endfacet
  facet normal -0.121869 0.000211034 0.992546
    outer loop
      vertex 22.2219 2.81454 6.22851
      vertex 31.7781 2.81454 7.40186
      vertex 22.44 2.85793 6.25528
    endloop
  endfacet
  facet normal -0.121869 -3.11234e-06 0.992546
    outer loop
      vertex 13.5 0 5.15759
      vertex 31.7781 2.81454 7.40186
      vertex 22.2219 2.81454 6.22851
    endloop
  endfacet
  facet normal -0.121892 6.90511e-05 0.992543
    outer loop
      vertex 13.5 0 5.15759
      vertex 22.2219 2.81454 6.22851
      vertex 22 2.8 6.20126
    endloop
  endfacet
  facet normal -0.121848 -6.71191e-05 0.992549
    outer loop
      vertex 13.5 0 5.15759
      vertex 22 2.8 6.20126
      vertex 21.7781 2.81454 6.17402
    endloop
  endfacet
  facet normal -0.121871 1.76396e-06 0.992546
    outer loop
      vertex 20.3145 4.72189 5.99431
      vertex 13.5 2.5 5.15759
      vertex 20.3 4.5 5.99253
    endloop
  endfacet
  facet normal -0.12187 -1.69736e-06 0.992546
    outer loop
      vertex 20.3 4.5 5.99253
      vertex 13.5 2.5 5.15759
      vertex 20.3145 4.2781 5.99431
    endloop
  endfacet
  facet normal -0.121871 4.84863e-06 0.992546
    outer loop
      vertex 20.3145 4.2781 5.99431
      vertex 13.5 2.5 5.15759
      vertex 20.3579 4.06001 5.99964
    endloop
  endfacet
  facet normal -0.121871 3.69236e-06 0.992546
    outer loop
      vertex 20.3579 4.06001 5.99964
      vertex 13.5 2.5 5.15759
      vertex 20.4294 3.84944 6.00842
    endloop
  endfacet
  facet normal -0.12186 -5.49183e-05 0.992547
    outer loop
      vertex 20.4294 3.84944 6.00842
      vertex 13.5 2.5 5.15759
      vertex 20.5278 3.65 6.02049
    endloop
  endfacet
  facet normal -0.121873 3.00065e-05 0.992546
    outer loop
      vertex 20.5278 3.65 6.02049
      vertex 13.5 2.5 5.15759
      vertex 20.6513 3.46511 6.03566
    endloop
  endfacet
  facet normal -0.121869 0 0.992546
    outer loop
      vertex 13.5 0 5.15759
      vertex 20.6513 3.46511 6.03566
      vertex 13.5 2.5 5.15759
    endloop
  endfacet
  facet normal -0.121869 -9.68303e-07 0.992546
    outer loop
      vertex 20.6513 3.46511 6.03566
      vertex 13.5 0 5.15759
      vertex 20.7979 3.29792 6.05366
    endloop
  endfacet
  facet normal -0.12187 1.82602e-06 0.992546
    outer loop
      vertex 20.7979 3.29792 6.05366
      vertex 13.5 0 5.15759
      vertex 20.9651 3.1513 6.07419
    endloop
  endfacet
  facet normal -0.121864 -1.42262e-05 0.992547
    outer loop
      vertex 20.9651 3.1513 6.07419
      vertex 13.5 0 5.15759
      vertex 21.15 3.02776 6.09689
    endloop
  endfacet
  facet normal -0.121884 3.81154e-05 0.992544
    outer loop
      vertex 21.15 3.02776 6.09689
      vertex 13.5 0 5.15759
      vertex 21.3494 2.9294 6.12138
    endloop
  endfacet
  facet normal -0.121873 9.53003e-06 0.992546
    outer loop
      vertex 21.3494 2.9294 6.12138
      vertex 13.5 0 5.15759
      vertex 21.56 2.85793 6.14724
    endloop
  endfacet
  facet normal -0.121872 4.2179e-06 0.992546
    outer loop
      vertex 21.56 2.85793 6.14724
      vertex 13.5 0 5.15759
      vertex 21.7781 2.81454 6.17402
    endloop
  endfacet
  facet normal -0.121869 -1.63607e-06 0.992546
    outer loop
      vertex 32 2.8 7.42911
      vertex 13.5 0 5.15759
      vertex 46 0 9.14809
    endloop
  endfacet
  facet normal 1 -0 0
    outer loop
      vertex 152.49 0 13
      vertex 152.49 1.13794 0
      vertex 152.49 1.13794 13
    endloop
  endfacet
  facet normal 1 0 0
    outer loop
      vertex 152.49 1.13794 0
      vertex 152.49 0 13
      vertex 152.49 0 0
    endloop
  endfacet
  facet normal -0 0 1
    outer loop
      vertex 150.632 56.041 13
      vertex 154.99 6 13
      vertex 150.675 56.2591 13
    endloop
  endfacet
  facet normal 0 0 1
    outer loop
      vertex 154.99 6 13
      vertex 150.675 5.93155 13
      vertex 150.69 5.70966 13
    endloop
  endfacet
  facet normal -0 0 1
    outer loop
      vertex 150.561 55.8304 13
      vertex 154.99 6 13
      vertex 150.632 56.041 13
    endloop
  endfacet
  facet normal 0 0 1
    outer loop
      vertex 154.99 6 13
      vertex 150.632 6.14965 13
      vertex 150.675 5.93155 13
    endloop
  endfacet
  facet normal -0 0 1
    outer loop
      vertex 150.462 55.631 13
      vertex 154.99 6 13
      vertex 150.561 55.8304 13
    endloop
  endfacet
  facet normal 0 0 1
    outer loop
      vertex 154.99 6 13
      vertex 150.561 6.36022 13
      vertex 150.632 6.14965 13
    endloop
  endfacet
  facet normal -0 0 1
    outer loop
      vertex 150.339 55.4461 13
      vertex 154.99 6 13
      vertex 150.462 55.631 13
    endloop
  endfacet
  facet normal 0 0 1
    outer loop
      vertex 154.99 6 13
      vertex 150.462 6.55966 13
      vertex 150.561 6.36022 13
    endloop
  endfacet
  facet normal -0 0 1
    outer loop
      vertex 143.49 43.75 13
      vertex 154.99 6 13
      vertex 150.339 55.4461 13
    endloop
  endfacet
  facet normal 0 0 1
    outer loop
      vertex 154.99 6 13
      vertex 150.339 6.74455 13
      vertex 150.462 6.55966 13
    endloop
  endfacet
  facet normal 0 0 1
    outer loop
      vertex 143.49 43.75 13
      vertex 150.339 55.4461 13
      vertex 150.192 55.2789 13
    endloop
  endfacet
  facet normal -0 -0 1
    outer loop
      vertex 149.641 7.28025 13
      vertex 154.99 6 13
      vertex 143.49 43.75 13
    endloop
  endfacet
  facet normal 0 0 1
    outer loop
      vertex 143.49 43.75 13
      vertex 150.192 55.2789 13
      vertex 150.025 55.1323 13
    endloop
  endfacet
  facet normal 0 0 1
    outer loop
      vertex 154.99 6 13
      vertex 150.192 6.91174 13
      vertex 150.339 6.74455 13
    endloop
  endfacet
  facet normal 0 0 1
    outer loop
      vertex 143.49 43.75 13
      vertex 150.025 55.1323 13
      vertex 149.84 55.0087 13
    endloop
  endfacet
  facet normal 0 0 1
    outer loop
      vertex 154.99 6 13
      vertex 150.025 7.05836 13
      vertex 150.192 6.91174 13
    endloop
  endfacet
  facet normal 0 0 1
    outer loop
      vertex 143.49 43.75 13
      vertex 149.84 55.0087 13
      vertex 149.641 54.9104 13
    endloop
  endfacet
  facet normal 0 0 1
    outer loop
      vertex 154.99 6 13
      vertex 149.84 7.1819 13
      vertex 150.025 7.05836 13
    endloop
  endfacet
  facet normal 0 0 1
    outer loop
      vertex 143.49 46.25 13
      vertex 149.641 54.9104 13
      vertex 149.43 54.8389 13
    endloop
  endfacet
  facet normal 0 0 1
    outer loop
      vertex 154.99 6 13
      vertex 149.641 7.28025 13
      vertex 149.84 7.1819 13
    endloop
  endfacet
  facet normal 0 0 1
    outer loop
      vertex 143.49 46.25 13
      vertex 149.43 54.8389 13
      vertex 149.212 54.7955 13
    endloop
  endfacet
  facet normal 0 0 1
    outer loop
      vertex 149.641 7.28025 13
      vertex 143.49 43.75 13
      vertex 149.43 7.35173 13
    endloop
  endfacet
  facet normal 0 0 1
    outer loop
      vertex 143.49 46.25 13
      vertex 149.212 54.7955 13
      vertex 148.99 54.781 13
    endloop
  endfacet
  facet normal 0 0 1
    outer loop
      vertex 149.43 7.35173 13
      vertex 143.49 43.75 13
      vertex 149.212 7.39512 13
    endloop
  endfacet
  facet normal 0 0 1
    outer loop
      vertex 143.49 46.25 13
      vertex 148.99 54.781 13
      vertex 148.768 54.7955 13
    endloop
  endfacet
  facet normal 0 0 1
    outer loop
      vertex 149.212 7.39512 13
      vertex 143.49 43.75 13
      vertex 148.99 7.40966 13
    endloop
  endfacet
  facet normal 0 0 1
    outer loop
      vertex 143.49 46.25 13
      vertex 148.768 54.7955 13
      vertex 148.55 54.8389 13
    endloop
  endfacet
  facet normal 0 0 1
    outer loop
      vertex 148.99 7.40966 13
      vertex 143.49 43.75 13
      vertex 148.768 7.39512 13
    endloop
  endfacet
  facet normal 0 0 1
    outer loop
      vertex 143.49 46.25 13
      vertex 148.55 54.8389 13
      vertex 148.339 54.9104 13
    endloop
  endfacet
  facet normal 0 0 1
    outer loop
      vertex 148.768 7.39512 13
      vertex 143.49 43.75 13
      vertex 148.55 7.35173 13
    endloop
  endfacet
  facet normal 0 0 1
    outer loop
      vertex 143.49 46.25 13
      vertex 148.339 54.9104 13
      vertex 148.14 55.0087 13
    endloop
  endfacet
  facet normal 0 0 1
    outer loop
      vertex 143.49 6.5 13
      vertex 148.55 7.35173 13
      vertex 143.49 43.75 13
    endloop
  endfacet
  facet normal 0 0 1
    outer loop
      vertex 143.49 46.25 13
      vertex 148.14 55.0087 13
      vertex 147.955 55.1323 13
    endloop
  endfacet
  facet normal 0 0 1
    outer loop
      vertex 148.55 7.35173 13
      vertex 143.49 6.5 13
      vertex 148.339 7.28025 13
    endloop
  endfacet
  facet normal 0 0 1
    outer loop
      vertex 143.49 46.25 13
      vertex 147.955 55.1323 13
      vertex 147.788 55.2789 13
    endloop
  endfacet
  facet normal 0 0 1
    outer loop
      vertex 148.339 7.28025 13
      vertex 143.49 6.5 13
      vertex 148.14 7.1819 13
    endloop
  endfacet
  facet normal 0 0 1
    outer loop
      vertex 143.49 46.25 13
      vertex 147.788 55.2789 13
      vertex 147.641 55.4461 13
    endloop
  endfacet
  facet normal 0 0 1
    outer loop
      vertex 148.14 7.1819 13
      vertex 143.49 6.5 13
      vertex 147.955 7.05836 13
    endloop
  endfacet
  facet normal 0 0 1
    outer loop
      vertex 143.49 46.25 13
      vertex 147.641 55.4461 13
      vertex 147.518 55.631 13
    endloop
  endfacet
  facet normal 0 0 1
    outer loop
      vertex 147.955 7.05836 13
      vertex 143.49 6.5 13
      vertex 147.788 6.91174 13
    endloop
  endfacet
  facet normal 0 0 1
    outer loop
      vertex 143.49 46.25 13
      vertex 147.518 55.631 13
      vertex 147.419 55.8304 13
    endloop
  endfacet
  facet normal 0 0 1
    outer loop
      vertex 147.788 6.91174 13
      vertex 143.49 6.5 13
      vertex 147.641 6.74455 13
    endloop
  endfacet
  facet normal 0 0 1
    outer loop
      vertex 143.49 46.25 13
      vertex 147.419 55.8304 13
      vertex 147.348 56.041 13
    endloop
  endfacet
  facet normal 0 0 1
    outer loop
      vertex 147.641 6.74455 13
      vertex 143.49 6.5 13
      vertex 147.518 6.55966 13
    endloop
  endfacet
  facet normal 0 0 1
    outer loop
      vertex 143.49 46.25 13
      vertex 147.348 56.041 13
      vertex 147.305 56.2591 13
    endloop
  endfacet
  facet normal 0 0 1
    outer loop
      vertex 147.518 6.55966 13
      vertex 143.49 6.5 13
      vertex 147.419 6.36022 13
    endloop
  endfacet
  facet normal 0 0 1
    outer loop
      vertex 143.49 46.25 13
      vertex 147.305 56.2591 13
      vertex 147.29 56.481 13
    endloop
  endfacet
  facet normal 0 0 1
    outer loop
      vertex 147.419 6.36022 13
      vertex 143.49 6.5 13
      vertex 147.348 6.14965 13
    endloop
  endfacet
  facet normal 0 0 1
    outer loop
      vertex 150.632 106.812 13
      vertex 154.99 116.4 13
      vertex 150.675 107.03 13
    endloop
  endfacet
  facet normal 0 0 1
    outer loop
      vertex 154.99 116.4 13
      vertex 150.675 56.7029 13
      vertex 150.69 56.481 13
    endloop
  endfacet
  facet normal 0 0 1
    outer loop
      vertex 150.561 106.602 13
      vertex 154.99 116.4 13
      vertex 150.632 106.812 13
    endloop
  endfacet
  facet normal 0 0 1
    outer loop
      vertex 154.99 116.4 13
      vertex 150.632 56.921 13
      vertex 150.675 56.7029 13
    endloop
  endfacet
  facet normal 0 0 1
    outer loop
      vertex 150.561 57.1316 13
      vertex 154.99 116.4 13
      vertex 150.561 106.602 13
    endloop
  endfacet
  facet normal 0 0 1
    outer loop
      vertex 154.99 116.4 13
      vertex 150.561 57.1316 13
      vertex 150.632 56.921 13
    endloop
  endfacet
  facet normal -0 0 1
    outer loop
      vertex 150.462 106.402 13
      vertex 150.561 57.1316 13
      vertex 150.561 106.602 13
    endloop
  endfacet
  facet normal 0 0 1
    outer loop
      vertex 150.462 106.402 13
      vertex 150.462 57.331 13
      vertex 150.561 57.1316 13
    endloop
  endfacet
  facet normal -0 0 1
    outer loop
      vertex 150.339 106.217 13
      vertex 150.462 57.331 13
      vertex 150.462 106.402 13
    endloop
  endfacet
  facet normal 0 0 1
    outer loop
      vertex 150.339 106.217 13
      vertex 150.339 57.5159 13
      vertex 150.462 57.331 13
    endloop
  endfacet
  facet normal 0 0 1
    outer loop
      vertex 143.49 75.25 13
      vertex 150.339 106.217 13
      vertex 150.192 106.05 13
    endloop
  endfacet
  facet normal 0 0 1
    outer loop
      vertex 150.339 106.217 13
      vertex 143.49 75.25 13
      vertex 150.339 57.5159 13
    endloop
  endfacet
  facet normal 0 0 1
    outer loop
      vertex 143.49 75.25 13
      vertex 150.192 106.05 13
      vertex 150.025 105.904 13
    endloop
  endfacet
  facet normal 0 0 1
    outer loop
      vertex 150.339 57.5159 13
      vertex 143.49 75.25 13
      vertex 150.192 57.6831 13
    endloop
  endfacet
  facet normal 0 0 1
    outer loop
      vertex 143.49 75.25 13
      vertex 150.025 105.904 13
      vertex 149.84 105.78 13
    endloop
  endfacet
  facet normal -0 0 1
    outer loop
      vertex 143.49 72.75 13
      vertex 150.192 57.6831 13
      vertex 143.49 75.25 13
    endloop
  endfacet
  facet normal 0 0 1
    outer loop
      vertex 143.49 75.25 13
      vertex 149.84 105.78 13
      vertex 149.641 105.682 13
    endloop
  endfacet
  facet normal 0 0 1
    outer loop
      vertex 150.192 57.6831 13
      vertex 143.49 72.75 13
      vertex 150.025 57.8297 13
    endloop
  endfacet
  facet normal 0 0 1
    outer loop
      vertex 143.49 75.25 13
      vertex 149.641 105.682 13
      vertex 149.43 105.61 13
    endloop
  endfacet
  facet normal 0 0 1
    outer loop
      vertex 150.025 57.8297 13
      vertex 143.49 72.75 13
      vertex 149.84 57.9532 13
    endloop
  endfacet
  facet normal 0 0 1
    outer loop
      vertex 143.49 75.25 13
      vertex 149.43 105.61 13
      vertex 149.212 105.567 13
    endloop
  endfacet
  facet normal 0 0 1
    outer loop
      vertex 149.84 57.9532 13
      vertex 143.49 72.75 13
      vertex 149.641 58.0516 13
    endloop
  endfacet
  facet normal 0 0 1
    outer loop
      vertex 143.49 75.25 13
      vertex 149.212 105.567 13
      vertex 148.99 105.552 13
    endloop
  endfacet
  facet normal 0 0 1
    outer loop
      vertex 149.641 58.0516 13
      vertex 143.49 72.75 13
      vertex 149.43 58.1231 13
    endloop
  endfacet
  facet normal 0 0 1
    outer loop
      vertex 143.49 75.25 13
      vertex 148.99 105.552 13
      vertex 148.768 105.567 13
    endloop
  endfacet
  facet normal 0 0 1
    outer loop
      vertex 149.43 58.1231 13
      vertex 143.49 72.75 13
      vertex 149.212 58.1664 13
    endloop
  endfacet
  facet normal 0 0 1
    outer loop
      vertex 143.49 75.25 13
      vertex 148.768 105.567 13
      vertex 148.55 105.61 13
    endloop
  endfacet
  facet normal 0 0 1
    outer loop
      vertex 149.212 58.1664 13
      vertex 143.49 72.75 13
      vertex 148.99 58.181 13
    endloop
  endfacet
  facet normal 0 0 1
    outer loop
      vertex 143.49 75.25 13
      vertex 148.55 105.61 13
      vertex 148.339 105.682 13
    endloop
  endfacet
  facet normal 0 0 1
    outer loop
      vertex 148.99 58.181 13
      vertex 143.49 72.75 13
      vertex 148.768 58.1664 13
    endloop
  endfacet
  facet normal 0 0 1
    outer loop
      vertex 143.49 75.25 13
      vertex 148.339 105.682 13
      vertex 148.14 105.78 13
    endloop
  endfacet
  facet normal 0 0 1
    outer loop
      vertex 148.768 58.1664 13
      vertex 143.49 72.75 13
      vertex 148.55 58.1231 13
    endloop
  endfacet
  facet normal 0 0 1
    outer loop
      vertex 143.49 75.25 13
      vertex 148.14 105.78 13
      vertex 147.955 105.904 13
    endloop
  endfacet
  facet normal 0 0 1
    outer loop
      vertex 148.55 58.1231 13
      vertex 143.49 72.75 13
      vertex 148.339 58.0516 13
    endloop
  endfacet
  facet normal 0 0 1
    outer loop
      vertex 143.49 75.25 13
      vertex 147.955 105.904 13
      vertex 147.788 106.05 13
    endloop
  endfacet
  facet normal 0 0 1
    outer loop
      vertex 148.339 58.0516 13
      vertex 143.49 72.75 13
      vertex 148.14 57.9532 13
    endloop
  endfacet
  facet normal 0 0 1
    outer loop
      vertex 143.49 75.25 13
      vertex 147.788 106.05 13
      vertex 147.641 106.217 13
    endloop
  endfacet
  facet normal 0 0 1
    outer loop
      vertex 148.14 57.9532 13
      vertex 143.49 72.75 13
      vertex 147.955 57.8297 13
    endloop
  endfacet
  facet normal 0 0 1
    outer loop
      vertex 143.49 75.25 13
      vertex 147.641 106.217 13
      vertex 147.518 106.402 13
    endloop
  endfacet
  facet normal 0 0 1
    outer loop
      vertex 147.955 57.8297 13
      vertex 143.49 72.75 13
      vertex 147.788 57.6831 13
    endloop
  endfacet
  facet normal 0 0 1
    outer loop
      vertex 143.49 75.25 13
      vertex 147.518 106.402 13
      vertex 147.419 106.602 13
    endloop
  endfacet
  facet normal 0 0 1
    outer loop
      vertex 147.788 57.6831 13
      vertex 143.49 72.75 13
      vertex 147.641 57.5159 13
    endloop
  endfacet
  facet normal 0 0 1
    outer loop
      vertex 143.49 75.25 13
      vertex 147.419 106.602 13
      vertex 147.348 106.812 13
    endloop
  endfacet
  facet normal 0 0 1
    outer loop
      vertex 147.641 57.5159 13
      vertex 143.49 72.75 13
      vertex 147.518 57.331 13
    endloop
  endfacet
  facet normal 0 0 1
    outer loop
      vertex 143.49 116.3 13
      vertex 147.348 106.812 13
      vertex 147.305 107.03 13
    endloop
  endfacet
  facet normal 0 0 1
    outer loop
      vertex 147.518 57.331 13
      vertex 143.49 72.75 13
      vertex 147.419 57.1316 13
    endloop
  endfacet
  facet normal 0 0 1
    outer loop
      vertex 143.49 116.3 13
      vertex 147.305 107.03 13
      vertex 147.29 107.252 13
    endloop
  endfacet
  facet normal 0 0 1
    outer loop
      vertex 147.419 57.1316 13
      vertex 143.49 72.75 13
      vertex 147.348 56.921 13
    endloop
  endfacet
  facet normal -0 0 1
    outer loop
      vertex 150.69 56.481 13
      vertex 154.99 6 13
      vertex 154.99 116.4 13
    endloop
  endfacet
  facet normal -0 0 1
    outer loop
      vertex 150.675 56.2591 13
      vertex 154.99 6 13
      vertex 150.69 56.481 13
    endloop
  endfacet
  facet normal 0 0 1
    outer loop
      vertex 154.99 6 13
      vertex 150.69 5.70966 13
      vertex 154.939 5.21684 13
    endloop
  endfacet
  facet normal -0 0 1
    outer loop
      vertex 150.675 5.48776 13
      vertex 154.939 5.21684 13
      vertex 150.69 5.70966 13
    endloop
  endfacet
  facet normal 0 0 1
    outer loop
      vertex 154.939 5.21684 13
      vertex 150.675 5.48776 13
      vertex 154.786 4.44708 13
    endloop
  endfacet
  facet normal -0 0 1
    outer loop
      vertex 150.632 5.26967 13
      vertex 154.786 4.44708 13
      vertex 150.675 5.48776 13
    endloop
  endfacet
  facet normal 0 0 1
    outer loop
      vertex 154.786 4.44708 13
      vertex 150.632 5.26967 13
      vertex 154.533 3.7039 13
    endloop
  endfacet
  facet normal -0 0 1
    outer loop
      vertex 150.561 5.0591 13
      vertex 154.533 3.7039 13
      vertex 150.632 5.26967 13
    endloop
  endfacet
  facet normal 0 0 1
    outer loop
      vertex 154.533 3.7039 13
      vertex 150.561 5.0591 13
      vertex 154.186 3 13
    endloop
  endfacet
  facet normal 0 0 1
    outer loop
      vertex 150.675 107.03 13
      vertex 154.99 116.4 13
      vertex 150.69 107.252 13
    endloop
  endfacet
  facet normal 0 0 1
    outer loop
      vertex 154.99 116.4 13
      vertex 150.675 107.474 13
      vertex 150.69 107.252 13
    endloop
  endfacet
  facet normal 0 0 1
    outer loop
      vertex 154.99 116.4 13
      vertex 150.632 107.692 13
      vertex 150.675 107.474 13
    endloop
  endfacet
  facet normal 0 0 1
    outer loop
      vertex 154.99 116.4 13
      vertex 150.561 107.903 13
      vertex 150.632 107.692 13
    endloop
  endfacet
  facet normal 0 0 1
    outer loop
      vertex 154.99 116.4 13
      vertex 150.462 108.102 13
      vertex 150.561 107.903 13
    endloop
  endfacet
  facet normal 0 0 1
    outer loop
      vertex 154.99 116.4 13
      vertex 150.339 108.287 13
      vertex 150.462 108.102 13
    endloop
  endfacet
  facet normal 0 0 1
    outer loop
      vertex 154.99 116.4 13
      vertex 150.192 108.454 13
      vertex 150.339 108.287 13
    endloop
  endfacet
  facet normal 0 0 1
    outer loop
      vertex 154.99 116.4 13
      vertex 150.025 108.601 13
      vertex 150.192 108.454 13
    endloop
  endfacet
  facet normal 0 0 1
    outer loop
      vertex 154.99 116.4 13
      vertex 149.84 108.725 13
      vertex 150.025 108.601 13
    endloop
  endfacet
  facet normal 0 0 1
    outer loop
      vertex 154.99 116.4 13
      vertex 149.641 108.823 13
      vertex 149.84 108.725 13
    endloop
  endfacet
  facet normal -0 0 1
    outer loop
      vertex 148.49 116.3 13
      vertex 149.641 108.823 13
      vertex 154.99 116.4 13
    endloop
  endfacet
  facet normal 0 0 1
    outer loop
      vertex 149.641 108.823 13
      vertex 148.49 116.3 13
      vertex 149.43 108.894 13
    endloop
  endfacet
  facet normal 0 0 1
    outer loop
      vertex 149.43 108.894 13
      vertex 148.49 116.3 13
      vertex 149.212 108.938 13
    endloop
  endfacet
  facet normal 0 0 1
    outer loop
      vertex 149.212 108.938 13
      vertex 148.49 116.3 13
      vertex 148.99 108.952 13
    endloop
  endfacet
  facet normal 0 0 1
    outer loop
      vertex 148.99 108.952 13
      vertex 148.49 116.3 13
      vertex 148.768 108.938 13
    endloop
  endfacet
  facet normal 0 0 1
    outer loop
      vertex 148.49 116.3 13
      vertex 154.99 116.4 13
      vertex 148.49 116.4 13
    endloop
  endfacet
  facet normal 0 0 1
    outer loop
      vertex 148.768 108.938 13
      vertex 148.49 116.3 13
      vertex 148.55 108.894 13
    endloop
  endfacet
  facet normal 0 0 1
    outer loop
      vertex 148.49 116.3 13
      vertex 148.339 108.823 13
      vertex 148.55 108.894 13
    endloop
  endfacet
  facet normal 0 0 1
    outer loop
      vertex 148.49 116.3 13
      vertex 148.14 108.725 13
      vertex 148.339 108.823 13
    endloop
  endfacet
  facet normal -0 0 1
    outer loop
      vertex 143.49 116.3 13
      vertex 148.14 108.725 13
      vertex 148.49 116.3 13
    endloop
  endfacet
  facet normal 0 0 1
    outer loop
      vertex 148.14 108.725 13
      vertex 143.49 116.3 13
      vertex 147.955 108.601 13
    endloop
  endfacet
  facet normal 0 0 1
    outer loop
      vertex 147.955 108.601 13
      vertex 143.49 116.3 13
      vertex 147.788 108.454 13
    endloop
  endfacet
  facet normal 0 0 1
    outer loop
      vertex 147.788 108.454 13
      vertex 143.49 116.3 13
      vertex 147.641 108.287 13
    endloop
  endfacet
  facet normal 0 0 1
    outer loop
      vertex 147.641 108.287 13
      vertex 143.49 116.3 13
      vertex 147.518 108.102 13
    endloop
  endfacet
  facet normal 0 0 1
    outer loop
      vertex 147.518 108.102 13
      vertex 143.49 116.3 13
      vertex 147.419 107.903 13
    endloop
  endfacet
  facet normal 0 0 1
    outer loop
      vertex 147.419 107.903 13
      vertex 143.49 116.3 13
      vertex 147.348 107.692 13
    endloop
  endfacet
  facet normal 0 0 1
    outer loop
      vertex 147.348 56.921 13
      vertex 143.49 72.75 13
      vertex 147.305 56.7029 13
    endloop
  endfacet
  facet normal 0 0 1
    outer loop
      vertex 147.348 106.812 13
      vertex 143.49 116.3 13
      vertex 143.49 75.25 13
    endloop
  endfacet
  facet normal 0 0 1
    outer loop
      vertex 147.305 107.474 13
      vertex 143.49 116.3 13
      vertex 147.29 107.252 13
    endloop
  endfacet
  facet normal 0 0 1
    outer loop
      vertex 147.348 107.692 13
      vertex 143.49 116.3 13
      vertex 147.305 107.474 13
    endloop
  endfacet
  facet normal -0 0 1
    outer loop
      vertex 150.462 4.85966 13
      vertex 154.186 3 13
      vertex 150.561 5.0591 13
    endloop
  endfacet
  facet normal 0 0 1
    outer loop
      vertex 154.186 3 13
      vertex 150.462 4.85966 13
      vertex 153.75 2.34743 13
    endloop
  endfacet
  facet normal -0 0 1
    outer loop
      vertex 150.339 4.67476 13
      vertex 153.75 2.34743 13
      vertex 150.462 4.85966 13
    endloop
  endfacet
  facet normal 0 0 1
    outer loop
      vertex 153.75 2.34743 13
      vertex 150.339 4.67476 13
      vertex 153.233 1.75735 13
    endloop
  endfacet
  facet normal -0 0 1
    outer loop
      vertex 150.192 4.50758 13
      vertex 153.233 1.75735 13
      vertex 150.339 4.67476 13
    endloop
  endfacet
  facet normal 0 0 1
    outer loop
      vertex 153.233 1.75735 13
      vertex 150.192 4.50758 13
      vertex 152.643 1.23988 13
    endloop
  endfacet
  facet normal -0 0 1
    outer loop
      vertex 150.025 4.36096 13
      vertex 152.643 1.23988 13
      vertex 150.192 4.50758 13
    endloop
  endfacet
  facet normal 0 0 1
    outer loop
      vertex 152.643 1.23988 13
      vertex 150.025 4.36096 13
      vertex 152.49 1.13794 13
    endloop
  endfacet
  facet normal -0 0 1
    outer loop
      vertex 149.84 4.23742 13
      vertex 152.49 1.13794 13
      vertex 150.025 4.36096 13
    endloop
  endfacet
  facet normal -0 0 1
    outer loop
      vertex 149.641 4.13906 13
      vertex 152.49 1.13794 13
      vertex 149.84 4.23742 13
    endloop
  endfacet
  facet normal -0 0 1
    outer loop
      vertex 149.43 4.06758 13
      vertex 152.49 1.13794 13
      vertex 149.641 4.13906 13
    endloop
  endfacet
  facet normal -0 0 1
    outer loop
      vertex 149.212 4.0242 13
      vertex 152.49 1.13794 13
      vertex 149.43 4.06758 13
    endloop
  endfacet
  facet normal -0 0 1
    outer loop
      vertex 148.99 4.00966 13
      vertex 152.49 1.13794 13
      vertex 149.212 4.0242 13
    endloop
  endfacet
  facet normal 0 0 1
    outer loop
      vertex 152.49 1.13794 13
      vertex 148.99 4.00966 13
      vertex 152.49 0 13
    endloop
  endfacet
  facet normal 0 0 1
    outer loop
      vertex 148.768 4.0242 13
      vertex 152.49 0 13
      vertex 148.99 4.00966 13
    endloop
  endfacet
  facet normal 0 0 1
    outer loop
      vertex 143.49 0 13
      vertex 148.768 4.0242 13
      vertex 148.55 4.06758 13
    endloop
  endfacet
  facet normal 0 0 1
    outer loop
      vertex 143.49 0 13
      vertex 148.55 4.06758 13
      vertex 148.339 4.13906 13
    endloop
  endfacet
  facet normal 0 0 1
    outer loop
      vertex 143.49 0 13
      vertex 148.339 4.13906 13
      vertex 148.14 4.23742 13
    endloop
  endfacet
  facet normal 0 0 1
    outer loop
      vertex 143.49 0 13
      vertex 148.14 4.23742 13
      vertex 147.955 4.36096 13
    endloop
  endfacet
  facet normal 0 0 1
    outer loop
      vertex 143.49 0 13
      vertex 147.955 4.36096 13
      vertex 147.788 4.50758 13
    endloop
  endfacet
  facet normal 0 0 1
    outer loop
      vertex 143.49 46.25 13
      vertex 147.305 56.7029 13
      vertex 143.49 72.75 13
    endloop
  endfacet
  facet normal 0 0 1
    outer loop
      vertex 147.305 56.7029 13
      vertex 143.49 46.25 13
      vertex 147.29 56.481 13
    endloop
  endfacet
  facet normal 0 0 1
    outer loop
      vertex 149.641 54.9104 13
      vertex 143.49 46.25 13
      vertex 143.49 43.75 13
    endloop
  endfacet
  facet normal 0 0 1
    outer loop
      vertex 147.348 6.14965 13
      vertex 143.49 6.5 13
      vertex 147.305 5.93155 13
    endloop
  endfacet
  facet normal 0 0 1
    outer loop
      vertex 147.305 5.93155 13
      vertex 143.49 6.5 13
      vertex 147.29 5.70966 13
    endloop
  endfacet
  facet normal 0 0 1
    outer loop
      vertex 147.29 5.70966 13
      vertex 143.49 6.5 13
      vertex 147.305 5.48776 13
    endloop
  endfacet
  facet normal 0 0 1
    outer loop
      vertex 143.49 6.5 13
      vertex 147.348 5.26967 13
      vertex 147.305 5.48776 13
    endloop
  endfacet
  facet normal 0 0 1
    outer loop
      vertex 143.49 6.5 13
      vertex 147.419 5.0591 13
      vertex 147.348 5.26967 13
    endloop
  endfacet
  facet normal 0 0 1
    outer loop
      vertex 143.49 6.5 13
      vertex 147.518 4.85966 13
      vertex 147.419 5.0591 13
    endloop
  endfacet
  facet normal 0 0 1
    outer loop
      vertex 143.49 0 13
      vertex 147.518 4.85966 13
      vertex 143.49 6.5 13
    endloop
  endfacet
  facet normal 0 0 1
    outer loop
      vertex 147.518 4.85966 13
      vertex 143.49 0 13
      vertex 147.641 4.67476 13
    endloop
  endfacet
  facet normal 0 0 1
    outer loop
      vertex 147.641 4.67476 13
      vertex 143.49 0 13
      vertex 147.788 4.50758 13
    endloop
  endfacet
  facet normal 0 0 1
    outer loop
      vertex 148.768 4.0242 13
      vertex 143.49 0 13
      vertex 152.49 0 13
    endloop
  endfacet
  facet normal -1 0 0
    outer loop
      vertex 143.49 116.3 0
      vertex 143.49 110.202 7.8
      vertex 143.49 116.3 13
    endloop
  endfacet
  facet normal -1 0 0
    outer loop
      vertex 143.49 116.3 0
      vertex 143.49 104.302 7.8
      vertex 143.49 110.202 7.8
    endloop
  endfacet
  facet normal -1 0 0
    outer loop
      vertex 143.49 75.25 13
      vertex 143.49 104.302 7.8
      vertex 143.49 75.25 0
    endloop
  endfacet
  facet normal -1 0 0
    outer loop
      vertex 143.49 75.25 0
      vertex 143.49 104.302 7.8
      vertex 143.49 116.3 0
    endloop
  endfacet
  facet normal -1 0 0
    outer loop
      vertex 143.49 110.202 10.5
      vertex 143.49 116.3 13
      vertex 143.49 110.202 7.8
    endloop
  endfacet
  facet normal -1 0 0
    outer loop
      vertex 143.49 104.302 10.5
      vertex 143.49 116.3 13
      vertex 143.49 110.202 10.5
    endloop
  endfacet
  facet normal -1 0 0
    outer loop
      vertex 143.49 104.302 10.5
      vertex 143.49 75.25 13
      vertex 143.49 116.3 13
    endloop
  endfacet
  facet normal -1 0 0
    outer loop
      vertex 143.49 104.302 7.8
      vertex 143.49 75.25 13
      vertex 143.49 104.302 10.5
    endloop
  endfacet
  facet normal -1 0 0
    outer loop
      vertex 143.49 43.75 0
      vertex 143.49 8.65966 7.8
      vertex 143.49 43.75 13
    endloop
  endfacet
  facet normal -1 0 0
    outer loop
      vertex 143.49 6.5 0
      vertex 143.49 8.65966 7.8
      vertex 143.49 43.75 0
    endloop
  endfacet
  facet normal -1 -0 0
    outer loop
      vertex 143.49 8.65966 7.8
      vertex 143.49 6.5 0
      vertex 143.49 6.5 7.8
    endloop
  endfacet
  facet normal -1 0 0
    outer loop
      vertex 143.49 8.65966 10.5
      vertex 143.49 43.75 13
      vertex 143.49 8.65966 7.8
    endloop
  endfacet
  facet normal -1 0 0
    outer loop
      vertex 143.49 6.5 13
      vertex 143.49 8.65966 10.5
      vertex 143.49 6.5 10.5
    endloop
  endfacet
  facet normal -1 0 0
    outer loop
      vertex 143.49 8.65966 10.5
      vertex 143.49 6.5 13
      vertex 143.49 43.75 13
    endloop
  endfacet
  facet normal -1 0 0
    outer loop
      vertex 143.49 72.75 0
      vertex 143.49 59.431 7.8
      vertex 143.49 72.75 13
    endloop
  endfacet
  facet normal -1 0 0
    outer loop
      vertex 143.49 46.25 0
      vertex 143.49 59.431 7.8
      vertex 143.49 72.75 0
    endloop
  endfacet
  facet normal -1 0 0
    outer loop
      vertex 143.49 46.25 13
      vertex 143.49 53.531 7.8
      vertex 143.49 46.25 0
    endloop
  endfacet
  facet normal -1 -0 0
    outer loop
      vertex 143.49 59.431 7.8
      vertex 143.49 46.25 0
      vertex 143.49 53.531 7.8
    endloop
  endfacet
  facet normal -1 0 0
    outer loop
      vertex 143.49 59.431 10.5
      vertex 143.49 72.75 13
      vertex 143.49 59.431 7.8
    endloop
  endfacet
  facet normal -1 0 0
    outer loop
      vertex 143.49 46.25 13
      vertex 143.49 59.431 10.5
      vertex 143.49 53.531 10.5
    endloop
  endfacet
  facet normal -1 0 0
    outer loop
      vertex 143.49 59.431 10.5
      vertex 143.49 46.25 13
      vertex 143.49 72.75 13
    endloop
  endfacet
  facet normal -1 0 0
    outer loop
      vertex 143.49 53.531 7.8
      vertex 143.49 46.25 13
      vertex 143.49 53.531 10.5
    endloop
  endfacet
  facet normal 0 1 -0
    outer loop
      vertex 148.49 116.3 0
      vertex 143.49 116.3 13
      vertex 148.49 116.3 13
    endloop
  endfacet
  facet normal 0 1 0
    outer loop
      vertex 143.49 116.3 13
      vertex 148.49 116.3 0
      vertex 143.49 116.3 0
    endloop
  endfacet
  facet normal -0.980779 0.195124 0
    outer loop
      vertex 70.5122 15.2427 10.0578
      vertex 70.6143 15.7559 0
      vertex 70.5122 15.2427 0
    endloop
  endfacet
  facet normal -0.980779 0.195124 0
    outer loop
      vertex 70.6143 15.7559 0
      vertex 70.5122 15.2427 10.0578
      vertex 70.6143 15.7559 10.0703
    endloop
  endfacet
  facet normal -0.980779 -0.195124 0
    outer loop
      vertex 70.6143 16.8001 0
      vertex 70.5122 17.3133 10.0578
      vertex 70.5122 17.3133 0
    endloop
  endfacet
  facet normal -0.980779 -0.195124 0
    outer loop
      vertex 70.5122 17.3133 10.0578
      vertex 70.6143 16.8001 0
      vertex 70.6143 16.8001 10.0703
    endloop
  endfacet
  facet normal -0.997861 -0.0653646 0
    outer loop
      vertex 70.6485 16.278 0
      vertex 70.6143 16.8001 10.0703
      vertex 70.6143 16.8001 0
    endloop
  endfacet
  facet normal -0.997861 -0.0653646 0
    outer loop
      vertex 70.6143 16.8001 10.0703
      vertex 70.6485 16.278 0
      vertex 70.6485 16.278 10.0745
    endloop
  endfacet
  facet normal -0.195124 -0.980779 0
    outer loop
      vertex 67.6838 20.1417 0
      vertex 67.1706 20.2438 9.64752
      vertex 67.1706 20.2438 0
    endloop
  endfacet
  facet normal -0.195124 -0.980779 0
    outer loop
      vertex 67.1706 20.2438 9.64752
      vertex 67.6838 20.1417 0
      vertex 67.6838 20.1417 9.71053
    endloop
  endfacet
  facet normal 0.32144 -0.94693 0
    outer loop
      vertex 65.6133 20.1417 0
      vertex 65.1178 19.9735 9.39546
      vertex 65.1178 19.9735 0
    endloop
  endfacet
  facet normal 0.32144 -0.94693 0
    outer loop
      vertex 65.1178 19.9735 9.39546
      vertex 65.6133 20.1417 0
      vertex 65.6133 20.1417 9.4563
    endloop
  endfacet
  facet normal -0.555538 0.831491 0
    outer loop
      vertex 69.0836 13.1046 0
      vertex 68.6485 12.8139 9.82898
      vertex 69.0836 13.1046 9.8824
    endloop
  endfacet
  facet normal -0.555538 0.831491 0
    outer loop
      vertex 68.6485 12.8139 9.82898
      vertex 69.0836 13.1046 0
      vertex 68.6485 12.8139 0
    endloop
  endfacet
  facet normal 0.19516 0.980771 -0
    outer loop
      vertex 66.1264 12.3122 0
      vertex 65.6133 12.4143 9.4563
      vertex 66.1264 12.3122 9.51931
    endloop
  endfacet
  facet normal 0.19516 0.980771 0
    outer loop
      vertex 65.6133 12.4143 9.4563
      vertex 66.1264 12.3122 0
      vertex 65.6133 12.4143 0
    endloop
  endfacet
  facet normal 0.442238 0.896898 -0
    outer loop
      vertex 65.1178 12.5825 0
      vertex 64.6485 12.8139 9.33784
      vertex 65.1178 12.5825 9.39546
    endloop
  endfacet
  facet normal 0.442238 0.896898 0
    outer loop
      vertex 64.6485 12.8139 9.33784
      vertex 65.1178 12.5825 0
      vertex 64.6485 12.8139 0
    endloop
  endfacet
  facet normal 0.0653646 0.997861 -0
    outer loop
      vertex 66.6485 12.278 0
      vertex 66.1264 12.3122 9.51931
      vertex 66.6485 12.278 9.58341
    endloop
  endfacet
  facet normal 0.0653646 0.997861 0
    outer loop
      vertex 66.1264 12.3122 9.51931
      vertex 66.6485 12.278 0
      vertex 66.1264 12.3122 0
    endloop
  endfacet
  facet normal 0.751842 -0.659343 0
    outer loop
      vertex 63.4751 18.713 9.19377
      vertex 63.8201 19.1064 0
      vertex 63.8201 19.1064 9.23612
    endloop
  endfacet
  facet normal 0.751842 -0.659343 0
    outer loop
      vertex 63.8201 19.1064 0
      vertex 63.4751 18.713 9.19377
      vertex 63.4751 18.713 0
    endloop
  endfacet
  facet normal -0.946968 0.321327 0
    outer loop
      vertex 70.3441 14.7473 10.0372
      vertex 70.5122 15.2427 0
      vertex 70.3441 14.7473 0
    endloop
  endfacet
  facet normal -0.946968 0.321327 0
    outer loop
      vertex 70.5122 15.2427 0
      vertex 70.3441 14.7473 10.0372
      vertex 70.5122 15.2427 10.0578
    endloop
  endfacet
  facet normal 0.896898 -0.442238 0
    outer loop
      vertex 62.953 17.8087 9.12966
      vertex 63.1844 18.278 0
      vertex 63.1844 18.278 9.15807
    endloop
  endfacet
  facet normal 0.896898 -0.442238 0
    outer loop
      vertex 63.1844 18.278 0
      vertex 62.953 17.8087 9.12966
      vertex 62.953 17.8087 0
    endloop
  endfacet
  facet normal -0.0653646 -0.997861 0
    outer loop
      vertex 67.1706 20.2438 0
      vertex 66.6485 20.278 9.58341
      vertex 66.6485 20.278 0
    endloop
  endfacet
  facet normal -0.0653646 -0.997861 0
    outer loop
      vertex 66.6485 20.278 9.58341
      vertex 67.1706 20.2438 0
      vertex 67.1706 20.2438 9.64752
    endloop
  endfacet
  facet normal 0.555626 -0.831432 0
    outer loop
      vertex 64.6485 19.7421 0
      vertex 64.2135 19.4514 9.28443
      vertex 64.2135 19.4514 0
    endloop
  endfacet
  facet normal 0.555626 -0.831432 0
    outer loop
      vertex 64.2135 19.4514 9.28443
      vertex 64.6485 19.7421 0
      vertex 64.6485 19.7421 9.33784
    endloop
  endfacet
  facet normal -0.555538 -0.831491 0
    outer loop
      vertex 69.0836 19.4514 0
      vertex 68.6485 19.7421 9.82898
      vertex 68.6485 19.7421 0
    endloop
  endfacet
  facet normal -0.555538 -0.831491 0
    outer loop
      vertex 68.6485 19.7421 9.82898
      vertex 69.0836 19.4514 0
      vertex 69.0836 19.4514 9.8824
    endloop
  endfacet
  facet normal -0.442314 0.89686 0
    outer loop
      vertex 68.6485 12.8139 0
      vertex 68.1793 12.5825 9.77136
      vertex 68.6485 12.8139 9.82898
    endloop
  endfacet
  facet normal -0.442314 0.89686 0
    outer loop
      vertex 68.1793 12.5825 9.77136
      vertex 68.6485 12.8139 0
      vertex 68.1793 12.5825 0
    endloop
  endfacet
  facet normal 0.442238 -0.896898 0
    outer loop
      vertex 65.1178 19.9735 0
      vertex 64.6485 19.7421 9.33784
      vertex 64.6485 19.7421 0
    endloop
  endfacet
  facet normal 0.442238 -0.896898 0
    outer loop
      vertex 64.6485 19.7421 9.33784
      vertex 65.1178 19.9735 0
      vertex 65.1178 19.9735 9.39546
    endloop
  endfacet
  facet normal -0.442314 -0.89686 0
    outer loop
      vertex 68.6485 19.7421 0
      vertex 68.1793 19.9735 9.77136
      vertex 68.1793 19.9735 0
    endloop
  endfacet
  facet normal -0.442314 -0.89686 0
    outer loop
      vertex 68.1793 19.9735 9.77136
      vertex 68.6485 19.7421 0
      vertex 68.6485 19.7421 9.82898
    endloop
  endfacet
  facet normal -0.0653646 0.997861 0
    outer loop
      vertex 67.1706 12.3122 0
      vertex 66.6485 12.278 9.58341
      vertex 67.1706 12.3122 9.64752
    endloop
  endfacet
  facet normal -0.0653646 0.997861 0
    outer loop
      vertex 66.6485 12.278 9.58341
      vertex 67.1706 12.3122 0
      vertex 66.6485 12.278 0
    endloop
  endfacet
  facet normal 0.751842 0.659343 -0
    outer loop
      vertex 63.8201 13.4496 0
      vertex 63.4751 13.843 9.19377
      vertex 63.8201 13.4496 9.23612
    endloop
  endfacet
  facet normal 0.751842 0.659343 0
    outer loop
      vertex 63.4751 13.843 9.19377
      vertex 63.8201 13.4496 0
      vertex 63.4751 13.843 0
    endloop
  endfacet
  facet normal 0.555626 0.831432 -0
    outer loop
      vertex 64.6485 12.8139 0
      vertex 64.2135 13.1046 9.28443
      vertex 64.6485 12.8139 9.33784
    endloop
  endfacet
  facet normal 0.555626 0.831432 0
    outer loop
      vertex 64.2135 13.1046 9.28443
      vertex 64.6485 12.8139 0
      vertex 64.2135 13.1046 0
    endloop
  endfacet
  facet normal -0.831521 0.555494 0
    outer loop
      vertex 69.822 13.843 9.97306
      vertex 70.1126 14.278 0
      vertex 69.822 13.843 0
    endloop
  endfacet
  facet normal -0.831521 0.555494 0
    outer loop
      vertex 70.1126 14.278 0
      vertex 69.822 13.843 9.97306
      vertex 70.1126 14.278 10.0087
    endloop
  endfacet
  facet normal 0.659343 0.751842 -0
    outer loop
      vertex 64.2135 13.1046 0
      vertex 63.8201 13.4496 9.23612
      vertex 64.2135 13.1046 9.28443
    endloop
  endfacet
  facet normal 0.659343 0.751842 0
    outer loop
      vertex 63.8201 13.4496 9.23612
      vertex 64.2135 13.1046 0
      vertex 63.8201 13.4496 0
    endloop
  endfacet
  facet normal 0.0653646 -0.997861 0
    outer loop
      vertex 66.6485 20.278 0
      vertex 66.1264 20.2438 9.51931
      vertex 66.1264 20.2438 0
    endloop
  endfacet
  facet normal 0.0653646 -0.997861 0
    outer loop
      vertex 66.1264 20.2438 9.51931
      vertex 66.6485 20.278 0
      vertex 66.6485 20.278 9.58341
    endloop
  endfacet
  facet normal -0.831521 -0.555494 0
    outer loop
      vertex 70.1126 18.278 0
      vertex 69.822 18.713 9.97306
      vertex 69.822 18.713 0
    endloop
  endfacet
  facet normal -0.831521 -0.555494 0
    outer loop
      vertex 69.822 18.713 9.97306
      vertex 70.1126 18.278 0
      vertex 70.1126 18.278 10.0087
    endloop
  endfacet
  facet normal 0.94691 -0.321498 0
    outer loop
      vertex 62.7848 17.3133 9.10901
      vertex 62.953 17.8087 0
      vertex 62.953 17.8087 9.12966
    endloop
  endfacet
  facet normal 0.94691 -0.321498 0
    outer loop
      vertex 62.953 17.8087 0
      vertex 62.7848 17.3133 9.10901
      vertex 62.7848 17.3133 0
    endloop
  endfacet
  facet normal 0.94691 0.321498 -0
    outer loop
      vertex 62.953 14.7473 0
      vertex 62.7848 15.2427 9.10901
      vertex 62.953 14.7473 9.12966
    endloop
  endfacet
  facet normal 0.94691 0.321498 0
    outer loop
      vertex 62.7848 15.2427 9.10901
      vertex 62.953 14.7473 0
      vertex 62.7848 15.2427 0
    endloop
  endfacet
  facet normal -0.32144 -0.94693 0
    outer loop
      vertex 68.1793 19.9735 0
      vertex 67.6838 20.1417 9.71053
      vertex 67.6838 20.1417 0
    endloop
  endfacet
  facet normal -0.32144 -0.94693 0
    outer loop
      vertex 67.6838 20.1417 9.71053
      vertex 68.1793 19.9735 0
      vertex 68.1793 19.9735 9.77136
    endloop
  endfacet
  facet normal -0.32144 0.94693 0
    outer loop
      vertex 68.1793 12.5825 0
      vertex 67.6838 12.4143 9.71053
      vertex 68.1793 12.5825 9.77136
    endloop
  endfacet
  facet normal -0.32144 0.94693 0
    outer loop
      vertex 67.6838 12.4143 9.71053
      vertex 68.1793 12.5825 0
      vertex 67.6838 12.4143 0
    endloop
  endfacet
  facet normal 0.19516 -0.980771 0
    outer loop
      vertex 66.1264 20.2438 0
      vertex 65.6133 20.1417 9.4563
      vertex 65.6133 20.1417 0
    endloop
  endfacet
  facet normal 0.19516 -0.980771 0
    outer loop
      vertex 65.6133 20.1417 9.4563
      vertex 66.1264 20.2438 0
      vertex 66.1264 20.2438 9.51931
    endloop
  endfacet
  facet normal -0.997861 0.0653646 0
    outer loop
      vertex 70.6143 15.7559 0
      vertex 70.6485 16.278 10.0745
      vertex 70.6485 16.278 0
    endloop
  endfacet
  facet normal -0.997861 0.0653646 0
    outer loop
      vertex 70.6485 16.278 10.0745
      vertex 70.6143 15.7559 0
      vertex 70.6143 15.7559 10.0703
    endloop
  endfacet
  facet normal 0.997849 -0.0655549 0
    outer loop
      vertex 62.6485 16.278 9.09227
      vertex 62.6828 16.8001 0
      vertex 62.6828 16.8001 9.09647
    endloop
  endfacet
  facet normal 0.997849 -0.0655549 0
    outer loop
      vertex 62.6828 16.8001 0
      vertex 62.6485 16.278 9.09227
      vertex 62.6485 16.278 0
    endloop
  endfacet
  facet normal -0.896822 0.442391 0
    outer loop
      vertex 70.1126 14.278 10.0087
      vertex 70.3441 14.7473 0
      vertex 70.1126 14.278 0
    endloop
  endfacet
  facet normal -0.896822 0.442391 0
    outer loop
      vertex 70.3441 14.7473 0
      vertex 70.1126 14.278 10.0087
      vertex 70.3441 14.7473 10.0372
    endloop
  endfacet
  facet normal -0.751842 0.659343 0
    outer loop
      vertex 69.477 13.4496 9.9307
      vertex 69.822 13.843 0
      vertex 69.477 13.4496 0
    endloop
  endfacet
  facet normal -0.751842 0.659343 0
    outer loop
      vertex 69.822 13.843 0
      vertex 69.477 13.4496 9.9307
      vertex 69.822 13.843 9.97306
    endloop
  endfacet
  facet normal 0.32144 0.94693 -0
    outer loop
      vertex 65.6133 12.4143 0
      vertex 65.1178 12.5825 9.39546
      vertex 65.6133 12.4143 9.4563
    endloop
  endfacet
  facet normal 0.32144 0.94693 0
    outer loop
      vertex 65.1178 12.5825 9.39546
      vertex 65.6133 12.4143 0
      vertex 65.1178 12.5825 0
    endloop
  endfacet
  facet normal -0.195124 0.980779 0
    outer loop
      vertex 67.6838 12.4143 0
      vertex 67.1706 12.3122 9.64752
      vertex 67.6838 12.4143 9.71053
    endloop
  endfacet
  facet normal -0.195124 0.980779 0
    outer loop
      vertex 67.1706 12.3122 9.64752
      vertex 67.6838 12.4143 0
      vertex 67.1706 12.3122 0
    endloop
  endfacet
  facet normal 0.659343 -0.751842 0
    outer loop
      vertex 64.2135 19.4514 0
      vertex 63.8201 19.1064 9.23612
      vertex 63.8201 19.1064 0
    endloop
  endfacet
  facet normal 0.659343 -0.751842 0
    outer loop
      vertex 63.8201 19.1064 9.23612
      vertex 64.2135 19.4514 0
      vertex 64.2135 19.4514 9.28443
    endloop
  endfacet
  facet normal 0.896898 0.442238 -0
    outer loop
      vertex 63.1844 14.278 0
      vertex 62.953 14.7473 9.12966
      vertex 63.1844 14.278 9.15807
    endloop
  endfacet
  facet normal 0.896898 0.442238 0
    outer loop
      vertex 62.953 14.7473 9.12966
      vertex 63.1844 14.278 0
      vertex 62.953 14.7473 0
    endloop
  endfacet
  facet normal 0.980815 -0.19494 0
    outer loop
      vertex 62.6828 16.8001 9.09647
      vertex 62.7848 17.3133 0
      vertex 62.7848 17.3133 9.10901
    endloop
  endfacet
  facet normal 0.980815 -0.19494 0
    outer loop
      vertex 62.7848 17.3133 0
      vertex 62.6828 16.8001 9.09647
      vertex 62.6828 16.8001 0
    endloop
  endfacet
  facet normal 0.980815 0.19494 -0
    outer loop
      vertex 62.7848 15.2427 0
      vertex 62.6828 15.7559 9.09647
      vertex 62.7848 15.2427 9.10901
    endloop
  endfacet
  facet normal 0.980815 0.19494 0
    outer loop
      vertex 62.6828 15.7559 9.09647
      vertex 62.7848 15.2427 0
      vertex 62.6828 15.7559 0
    endloop
  endfacet
  facet normal -0.896822 -0.442391 0
    outer loop
      vertex 70.3441 17.8087 0
      vertex 70.1126 18.278 10.0087
      vertex 70.1126 18.278 0
    endloop
  endfacet
  facet normal -0.896822 -0.442391 0
    outer loop
      vertex 70.1126 18.278 10.0087
      vertex 70.3441 17.8087 0
      vertex 70.3441 17.8087 10.0372
    endloop
  endfacet
  facet normal -0.946968 -0.321327 0
    outer loop
      vertex 70.5122 17.3133 0
      vertex 70.3441 17.8087 10.0372
      vertex 70.3441 17.8087 0
    endloop
  endfacet
  facet normal -0.946968 -0.321327 0
    outer loop
      vertex 70.3441 17.8087 10.0372
      vertex 70.5122 17.3133 0
      vertex 70.5122 17.3133 10.0578
    endloop
  endfacet
  facet normal -0.659343 -0.751842 0
    outer loop
      vertex 69.477 19.1064 0
      vertex 69.0836 19.4514 9.8824
      vertex 69.0836 19.4514 0
    endloop
  endfacet
  facet normal -0.659343 -0.751842 0
    outer loop
      vertex 69.0836 19.4514 9.8824
      vertex 69.477 19.1064 0
      vertex 69.477 19.1064 9.9307
    endloop
  endfacet
  facet normal 0.997849 0.0655549 0
    outer loop
      vertex 62.6828 15.7559 9.09647
      vertex 62.6485 16.278 0
      vertex 62.6485 16.278 9.09227
    endloop
  endfacet
  facet normal 0.997849 0.0655549 0
    outer loop
      vertex 62.6485 16.278 0
      vertex 62.6828 15.7559 9.09647
      vertex 62.6828 15.7559 0
    endloop
  endfacet
  facet normal -0.751842 -0.659343 0
    outer loop
      vertex 69.822 18.713 0
      vertex 69.477 19.1064 9.9307
      vertex 69.477 19.1064 0
    endloop
  endfacet
  facet normal -0.751842 -0.659343 0
    outer loop
      vertex 69.477 19.1064 9.9307
      vertex 69.822 18.713 0
      vertex 69.822 18.713 9.97306
    endloop
  endfacet
  facet normal 0.831432 0.555626 -0
    outer loop
      vertex 63.4751 13.843 0
      vertex 63.1844 14.278 9.15807
      vertex 63.4751 13.843 9.19377
    endloop
  endfacet
  facet normal 0.831432 0.555626 0
    outer loop
      vertex 63.1844 14.278 9.15807
      vertex 63.4751 13.843 0
      vertex 63.1844 14.278 0
    endloop
  endfacet
  facet normal 0.831432 -0.555626 0
    outer loop
      vertex 63.1844 18.278 9.15807
      vertex 63.4751 18.713 0
      vertex 63.4751 18.713 9.19377
    endloop
  endfacet
  facet normal 0.831432 -0.555626 0
    outer loop
      vertex 63.4751 18.713 0
      vertex 63.1844 18.278 9.15807
      vertex 63.1844 18.278 0
    endloop
  endfacet
  facet normal -0.659343 0.751842 0
    outer loop
      vertex 69.477 13.4496 0
      vertex 69.0836 13.1046 9.8824
      vertex 69.477 13.4496 9.9307
    endloop
  endfacet
  facet normal -0.659343 0.751842 0
    outer loop
      vertex 69.0836 13.1046 9.8824
      vertex 69.477 13.4496 0
      vertex 69.0836 13.1046 0
    endloop
  endfacet
  facet normal -0.980779 0.195124 0
    outer loop
      vertex 70.5122 31.2427 10.0578
      vertex 70.6143 31.7559 0
      vertex 70.5122 31.2427 0
    endloop
  endfacet
  facet normal -0.980779 0.195124 0
    outer loop
      vertex 70.6143 31.7559 0
      vertex 70.5122 31.2427 10.0578
      vertex 70.6143 31.7559 10.0703
    endloop
  endfacet
  facet normal -0.980779 -0.195124 0
    outer loop
      vertex 70.6143 32.8001 0
      vertex 70.5122 33.3133 10.0578
      vertex 70.5122 33.3133 0
    endloop
  endfacet
  facet normal -0.980779 -0.195124 0
    outer loop
      vertex 70.5122 33.3133 10.0578
      vertex 70.6143 32.8001 0
      vertex 70.6143 32.8001 10.0703
    endloop
  endfacet
  facet normal -0.997861 -0.0653646 0
    outer loop
      vertex 70.6485 32.278 0
      vertex 70.6143 32.8001 10.0703
      vertex 70.6143 32.8001 0
    endloop
  endfacet
  facet normal -0.997861 -0.0653646 0
    outer loop
      vertex 70.6143 32.8001 10.0703
      vertex 70.6485 32.278 0
      vertex 70.6485 32.278 10.0745
    endloop
  endfacet
  facet normal -0.195124 -0.980779 0
    outer loop
      vertex 67.6838 36.1417 0
      vertex 67.1706 36.2438 9.64752
      vertex 67.1706 36.2438 0
    endloop
  endfacet
  facet normal -0.195124 -0.980779 0
    outer loop
      vertex 67.1706 36.2438 9.64752
      vertex 67.6838 36.1417 0
      vertex 67.6838 36.1417 9.71053
    endloop
  endfacet
  facet normal 0.32144 -0.94693 0
    outer loop
      vertex 65.6133 36.1417 0
      vertex 65.1178 35.9735 9.39546
      vertex 65.1178 35.9735 0
    endloop
  endfacet
  facet normal 0.32144 -0.94693 0
    outer loop
      vertex 65.1178 35.9735 9.39546
      vertex 65.6133 36.1417 0
      vertex 65.6133 36.1417 9.4563
    endloop
  endfacet
  facet normal -0.555538 0.831491 0
    outer loop
      vertex 69.0836 29.1046 0
      vertex 68.6485 28.8139 9.82898
      vertex 69.0836 29.1046 9.8824
    endloop
  endfacet
  facet normal -0.555538 0.831491 0
    outer loop
      vertex 68.6485 28.8139 9.82898
      vertex 69.0836 29.1046 0
      vertex 68.6485 28.8139 0
    endloop
  endfacet
  facet normal 0.19516 0.980771 -0
    outer loop
      vertex 66.1264 28.3122 0
      vertex 65.6133 28.4143 9.4563
      vertex 66.1264 28.3122 9.51931
    endloop
  endfacet
  facet normal 0.19516 0.980771 0
    outer loop
      vertex 65.6133 28.4143 9.4563
      vertex 66.1264 28.3122 0
      vertex 65.6133 28.4143 0
    endloop
  endfacet
  facet normal 0.442238 0.896898 -0
    outer loop
      vertex 65.1178 28.5825 0
      vertex 64.6485 28.8139 9.33784
      vertex 65.1178 28.5825 9.39546
    endloop
  endfacet
  facet normal 0.442238 0.896898 0
    outer loop
      vertex 64.6485 28.8139 9.33784
      vertex 65.1178 28.5825 0
      vertex 64.6485 28.8139 0
    endloop
  endfacet
  facet normal 0.0653646 0.997861 -0
    outer loop
      vertex 66.6485 28.278 0
      vertex 66.1264 28.3122 9.51931
      vertex 66.6485 28.278 9.58341
    endloop
  endfacet
  facet normal 0.0653646 0.997861 0
    outer loop
      vertex 66.1264 28.3122 9.51931
      vertex 66.6485 28.278 0
      vertex 66.1264 28.3122 0
    endloop
  endfacet
  facet normal 0.751842 -0.659343 0
    outer loop
      vertex 63.4751 34.713 9.19377
      vertex 63.8201 35.1064 0
      vertex 63.8201 35.1064 9.23612
    endloop
  endfacet
  facet normal 0.751842 -0.659343 0
    outer loop
      vertex 63.8201 35.1064 0
      vertex 63.4751 34.713 9.19377
      vertex 63.4751 34.713 0
    endloop
  endfacet
  facet normal -0.946968 0.321327 0
    outer loop
      vertex 70.3441 30.7473 10.0372
      vertex 70.5122 31.2427 0
      vertex 70.3441 30.7473 0
    endloop
  endfacet
  facet normal -0.946968 0.321327 0
    outer loop
      vertex 70.5122 31.2427 0
      vertex 70.3441 30.7473 10.0372
      vertex 70.5122 31.2427 10.0578
    endloop
  endfacet
  facet normal 0.896898 -0.442238 0
    outer loop
      vertex 62.953 33.8087 9.12966
      vertex 63.1844 34.278 0
      vertex 63.1844 34.278 9.15807
    endloop
  endfacet
  facet normal 0.896898 -0.442238 0
    outer loop
      vertex 63.1844 34.278 0
      vertex 62.953 33.8087 9.12966
      vertex 62.953 33.8087 0
    endloop
  endfacet
  facet normal -0.0653646 -0.997861 0
    outer loop
      vertex 67.1706 36.2438 0
      vertex 66.6485 36.278 9.58341
      vertex 66.6485 36.278 0
    endloop
  endfacet
  facet normal -0.0653646 -0.997861 0
    outer loop
      vertex 66.6485 36.278 9.58341
      vertex 67.1706 36.2438 0
      vertex 67.1706 36.2438 9.64752
    endloop
  endfacet
  facet normal 0.555626 -0.831432 0
    outer loop
      vertex 64.6485 35.7421 0
      vertex 64.2135 35.4514 9.28443
      vertex 64.2135 35.4514 0
    endloop
  endfacet
  facet normal 0.555626 -0.831432 0
    outer loop
      vertex 64.2135 35.4514 9.28443
      vertex 64.6485 35.7421 0
      vertex 64.6485 35.7421 9.33784
    endloop
  endfacet
  facet normal -0.555538 -0.831491 0
    outer loop
      vertex 69.0836 35.4514 0
      vertex 68.6485 35.7421 9.82898
      vertex 68.6485 35.7421 0
    endloop
  endfacet
  facet normal -0.555538 -0.831491 0
    outer loop
      vertex 68.6485 35.7421 9.82898
      vertex 69.0836 35.4514 0
      vertex 69.0836 35.4514 9.8824
    endloop
  endfacet
  facet normal -0.442314 0.89686 0
    outer loop
      vertex 68.6485 28.8139 0
      vertex 68.1793 28.5825 9.77136
      vertex 68.6485 28.8139 9.82898
    endloop
  endfacet
  facet normal -0.442314 0.89686 0
    outer loop
      vertex 68.1793 28.5825 9.77136
      vertex 68.6485 28.8139 0
      vertex 68.1793 28.5825 0
    endloop
  endfacet
  facet normal 0.442238 -0.896898 0
    outer loop
      vertex 65.1178 35.9735 0
      vertex 64.6485 35.7421 9.33784
      vertex 64.6485 35.7421 0
    endloop
  endfacet
  facet normal 0.442238 -0.896898 0
    outer loop
      vertex 64.6485 35.7421 9.33784
      vertex 65.1178 35.9735 0
      vertex 65.1178 35.9735 9.39546
    endloop
  endfacet
  facet normal -0.442314 -0.89686 0
    outer loop
      vertex 68.6485 35.7421 0
      vertex 68.1793 35.9735 9.77136
      vertex 68.1793 35.9735 0
    endloop
  endfacet
  facet normal -0.442314 -0.89686 0
    outer loop
      vertex 68.1793 35.9735 9.77136
      vertex 68.6485 35.7421 0
      vertex 68.6485 35.7421 9.82898
    endloop
  endfacet
  facet normal -0.0653646 0.997861 0
    outer loop
      vertex 67.1706 28.3122 0
      vertex 66.6485 28.278 9.58341
      vertex 67.1706 28.3122 9.64752
    endloop
  endfacet
  facet normal -0.0653646 0.997861 0
    outer loop
      vertex 66.6485 28.278 9.58341
      vertex 67.1706 28.3122 0
      vertex 66.6485 28.278 0
    endloop
  endfacet
  facet normal 0.751842 0.659343 -0
    outer loop
      vertex 63.8201 29.4496 0
      vertex 63.4751 29.843 9.19377
      vertex 63.8201 29.4496 9.23612
    endloop
  endfacet
  facet normal 0.751842 0.659343 0
    outer loop
      vertex 63.4751 29.843 9.19377
      vertex 63.8201 29.4496 0
      vertex 63.4751 29.843 0
    endloop
  endfacet
  facet normal 0.555626 0.831432 -0
    outer loop
      vertex 64.6485 28.8139 0
      vertex 64.2135 29.1046 9.28443
      vertex 64.6485 28.8139 9.33784
    endloop
  endfacet
  facet normal 0.555626 0.831432 0
    outer loop
      vertex 64.2135 29.1046 9.28443
      vertex 64.6485 28.8139 0
      vertex 64.2135 29.1046 0
    endloop
  endfacet
  facet normal 0.659343 0.751842 -0
    outer loop
      vertex 64.2135 29.1046 0
      vertex 63.8201 29.4496 9.23612
      vertex 64.2135 29.1046 9.28443
    endloop
  endfacet
  facet normal 0.659343 0.751842 0
    outer loop
      vertex 63.8201 29.4496 9.23612
      vertex 64.2135 29.1046 0
      vertex 63.8201 29.4496 0
    endloop
  endfacet
  facet normal 0.0653646 -0.997861 0
    outer loop
      vertex 66.6485 36.278 0
      vertex 66.1264 36.2438 9.51931
      vertex 66.1264 36.2438 0
    endloop
  endfacet
  facet normal 0.0653646 -0.997861 0
    outer loop
      vertex 66.1264 36.2438 9.51931
      vertex 66.6485 36.278 0
      vertex 66.6485 36.278 9.58341
    endloop
  endfacet
  facet normal -0.831521 -0.555494 0
    outer loop
      vertex 70.1126 34.278 0
      vertex 69.822 34.713 9.97306
      vertex 69.822 34.713 0
    endloop
  endfacet
  facet normal -0.831521 -0.555494 0
    outer loop
      vertex 69.822 34.713 9.97306
      vertex 70.1126 34.278 0
      vertex 70.1126 34.278 10.0087
    endloop
  endfacet
  facet normal 0.94691 -0.321498 0
    outer loop
      vertex 62.7848 33.3133 9.10901
      vertex 62.953 33.8087 0
      vertex 62.953 33.8087 9.12966
    endloop
  endfacet
  facet normal 0.94691 -0.321498 0
    outer loop
      vertex 62.953 33.8087 0
      vertex 62.7848 33.3133 9.10901
      vertex 62.7848 33.3133 0
    endloop
  endfacet
  facet normal 0.94691 0.321498 -0
    outer loop
      vertex 62.953 30.7473 0
      vertex 62.7848 31.2427 9.10901
      vertex 62.953 30.7473 9.12966
    endloop
  endfacet
  facet normal 0.94691 0.321498 0
    outer loop
      vertex 62.7848 31.2427 9.10901
      vertex 62.953 30.7473 0
      vertex 62.7848 31.2427 0
    endloop
  endfacet
  facet normal -0.32144 -0.94693 0
    outer loop
      vertex 68.1793 35.9735 0
      vertex 67.6838 36.1417 9.71053
      vertex 67.6838 36.1417 0
    endloop
  endfacet
  facet normal -0.32144 -0.94693 0
    outer loop
      vertex 67.6838 36.1417 9.71053
      vertex 68.1793 35.9735 0
      vertex 68.1793 35.9735 9.77136
    endloop
  endfacet
  facet normal -0.32144 0.94693 0
    outer loop
      vertex 68.1793 28.5825 0
      vertex 67.6838 28.4143 9.71053
      vertex 68.1793 28.5825 9.77136
    endloop
  endfacet
  facet normal -0.32144 0.94693 0
    outer loop
      vertex 67.6838 28.4143 9.71053
      vertex 68.1793 28.5825 0
      vertex 67.6838 28.4143 0
    endloop
  endfacet
  facet normal 0.19516 -0.980771 0
    outer loop
      vertex 66.1264 36.2438 0
      vertex 65.6133 36.1417 9.4563
      vertex 65.6133 36.1417 0
    endloop
  endfacet
  facet normal 0.19516 -0.980771 0
    outer loop
      vertex 65.6133 36.1417 9.4563
      vertex 66.1264 36.2438 0
      vertex 66.1264 36.2438 9.51931
    endloop
  endfacet
  facet normal -0.997861 0.0653646 0
    outer loop
      vertex 70.6143 31.7559 0
      vertex 70.6485 32.278 10.0745
      vertex 70.6485 32.278 0
    endloop
  endfacet
  facet normal -0.997861 0.0653646 0
    outer loop
      vertex 70.6485 32.278 10.0745
      vertex 70.6143 31.7559 0
      vertex 70.6143 31.7559 10.0703
    endloop
  endfacet
  facet normal 0.997849 -0.0655549 0
    outer loop
      vertex 62.6485 32.278 9.09227
      vertex 62.6828 32.8001 0
      vertex 62.6828 32.8001 9.09647
    endloop
  endfacet
  facet normal 0.997849 -0.0655549 0
    outer loop
      vertex 62.6828 32.8001 0
      vertex 62.6485 32.278 9.09227
      vertex 62.6485 32.278 0
    endloop
  endfacet
  facet normal -0.896822 0.442391 0
    outer loop
      vertex 70.1126 30.278 10.0087
      vertex 70.3441 30.7473 0
      vertex 70.1126 30.278 0
    endloop
  endfacet
  facet normal -0.896822 0.442391 0
    outer loop
      vertex 70.3441 30.7473 0
      vertex 70.1126 30.278 10.0087
      vertex 70.3441 30.7473 10.0372
    endloop
  endfacet
  facet normal -0.751842 0.659343 0
    outer loop
      vertex 69.477 29.4496 9.9307
      vertex 69.822 29.843 0
      vertex 69.477 29.4496 0
    endloop
  endfacet
  facet normal -0.751842 0.659343 0
    outer loop
      vertex 69.822 29.843 0
      vertex 69.477 29.4496 9.9307
      vertex 69.822 29.843 9.97306
    endloop
  endfacet
  facet normal 0.32144 0.94693 -0
    outer loop
      vertex 65.6133 28.4143 0
      vertex 65.1178 28.5825 9.39546
      vertex 65.6133 28.4143 9.4563
    endloop
  endfacet
  facet normal 0.32144 0.94693 0
    outer loop
      vertex 65.1178 28.5825 9.39546
      vertex 65.6133 28.4143 0
      vertex 65.1178 28.5825 0
    endloop
  endfacet
  facet normal -0.195124 0.980779 0
    outer loop
      vertex 67.6838 28.4143 0
      vertex 67.1706 28.3122 9.64752
      vertex 67.6838 28.4143 9.71053
    endloop
  endfacet
  facet normal -0.195124 0.980779 0
    outer loop
      vertex 67.1706 28.3122 9.64752
      vertex 67.6838 28.4143 0
      vertex 67.1706 28.3122 0
    endloop
  endfacet
  facet normal -0.831521 0.555494 0
    outer loop
      vertex 69.822 29.843 9.97306
      vertex 70.1126 30.278 0
      vertex 69.822 29.843 0
    endloop
  endfacet
  facet normal -0.831521 0.555494 0
    outer loop
      vertex 70.1126 30.278 0
      vertex 69.822 29.843 9.97306
      vertex 70.1126 30.278 10.0087
    endloop
  endfacet
  facet normal 0.659343 -0.751842 0
    outer loop
      vertex 64.2135 35.4514 0
      vertex 63.8201 35.1064 9.23612
      vertex 63.8201 35.1064 0
    endloop
  endfacet
  facet normal 0.659343 -0.751842 0
    outer loop
      vertex 63.8201 35.1064 9.23612
      vertex 64.2135 35.4514 0
      vertex 64.2135 35.4514 9.28443
    endloop
  endfacet
  facet normal 0.896898 0.442238 -0
    outer loop
      vertex 63.1844 30.278 0
      vertex 62.953 30.7473 9.12966
      vertex 63.1844 30.278 9.15807
    endloop
  endfacet
  facet normal 0.896898 0.442238 0
    outer loop
      vertex 62.953 30.7473 9.12966
      vertex 63.1844 30.278 0
      vertex 62.953 30.7473 0
    endloop
  endfacet
  facet normal 0.980815 -0.19494 0
    outer loop
      vertex 62.6828 32.8001 9.09647
      vertex 62.7848 33.3133 0
      vertex 62.7848 33.3133 9.10901
    endloop
  endfacet
  facet normal 0.980815 -0.19494 0
    outer loop
      vertex 62.7848 33.3133 0
      vertex 62.6828 32.8001 9.09647
      vertex 62.6828 32.8001 0
    endloop
  endfacet
  facet normal 0.980815 0.19494 -0
    outer loop
      vertex 62.7848 31.2427 0
      vertex 62.6828 31.7559 9.09647
      vertex 62.7848 31.2427 9.10901
    endloop
  endfacet
  facet normal 0.980815 0.19494 0
    outer loop
      vertex 62.6828 31.7559 9.09647
      vertex 62.7848 31.2427 0
      vertex 62.6828 31.7559 0
    endloop
  endfacet
  facet normal -0.896822 -0.442391 0
    outer loop
      vertex 70.3441 33.8087 0
      vertex 70.1126 34.278 10.0087
      vertex 70.1126 34.278 0
    endloop
  endfacet
  facet normal -0.896822 -0.442391 0
    outer loop
      vertex 70.1126 34.278 10.0087
      vertex 70.3441 33.8087 0
      vertex 70.3441 33.8087 10.0372
    endloop
  endfacet
  facet normal -0.946968 -0.321327 0
    outer loop
      vertex 70.5122 33.3133 0
      vertex 70.3441 33.8087 10.0372
      vertex 70.3441 33.8087 0
    endloop
  endfacet
  facet normal -0.946968 -0.321327 0
    outer loop
      vertex 70.3441 33.8087 10.0372
      vertex 70.5122 33.3133 0
      vertex 70.5122 33.3133 10.0578
    endloop
  endfacet
  facet normal -0.659343 -0.751842 0
    outer loop
      vertex 69.477 35.1064 0
      vertex 69.0836 35.4514 9.8824
      vertex 69.0836 35.4514 0
    endloop
  endfacet
  facet normal -0.659343 -0.751842 0
    outer loop
      vertex 69.0836 35.4514 9.8824
      vertex 69.477 35.1064 0
      vertex 69.477 35.1064 9.9307
    endloop
  endfacet
  facet normal 0.997849 0.0655549 0
    outer loop
      vertex 62.6828 31.7559 9.09647
      vertex 62.6485 32.278 0
      vertex 62.6485 32.278 9.09227
    endloop
  endfacet
  facet normal 0.997849 0.0655549 0
    outer loop
      vertex 62.6485 32.278 0
      vertex 62.6828 31.7559 9.09647
      vertex 62.6828 31.7559 0
    endloop
  endfacet
  facet normal -0.751842 -0.659343 0
    outer loop
      vertex 69.822 34.713 0
      vertex 69.477 35.1064 9.9307
      vertex 69.477 35.1064 0
    endloop
  endfacet
  facet normal -0.751842 -0.659343 0
    outer loop
      vertex 69.477 35.1064 9.9307
      vertex 69.822 34.713 0
      vertex 69.822 34.713 9.97306
    endloop
  endfacet
  facet normal 0.831432 0.555626 -0
    outer loop
      vertex 63.4751 29.843 0
      vertex 63.1844 30.278 9.15807
      vertex 63.4751 29.843 9.19377
    endloop
  endfacet
  facet normal 0.831432 0.555626 0
    outer loop
      vertex 63.1844 30.278 9.15807
      vertex 63.4751 29.843 0
      vertex 63.1844 30.278 0
    endloop
  endfacet
  facet normal 0.831432 -0.555626 0
    outer loop
      vertex 63.1844 34.278 9.15807
      vertex 63.4751 34.713 0
      vertex 63.4751 34.713 9.19377
    endloop
  endfacet
  facet normal 0.831432 -0.555626 0
    outer loop
      vertex 63.4751 34.713 0
      vertex 63.1844 34.278 9.15807
      vertex 63.1844 34.278 0
    endloop
  endfacet
  facet normal -0.659343 0.751842 0
    outer loop
      vertex 69.477 29.4496 0
      vertex 69.0836 29.1046 9.8824
      vertex 69.477 29.4496 9.9307
    endloop
  endfacet
  facet normal -0.659343 0.751842 0
    outer loop
      vertex 69.0836 29.1046 9.8824
      vertex 69.477 29.4496 0
      vertex 69.0836 29.1046 0
    endloop
  endfacet
  facet normal 0.896884 0.442267 -0
    outer loop
      vertex 42.8742 44.35 0
      vertex 42.799 44.5025 6.65505
      vertex 42.8742 44.35 6.66429
    endloop
  endfacet
  facet normal 0.896884 0.442267 0
    outer loop
      vertex 42.799 44.5025 6.65505
      vertex 42.8742 44.35 0
      vertex 42.799 44.5025 0
    endloop
  endfacet
  facet normal -0.321692 0.946844 0
    outer loop
      vertex 44.4975 43.799 0
      vertex 44.3365 43.7443 6.84383
      vertex 44.4975 43.799 6.8636
    endloop
  endfacet
  facet normal -0.321692 0.946844 0
    outer loop
      vertex 44.3365 43.7443 6.84383
      vertex 44.4975 43.799 0
      vertex 44.3365 43.7443 0
    endloop
  endfacet
  facet normal -0.980761 -0.195211 0
    outer loop
      vertex 45.2889 45.1697 0
      vertex 45.2557 45.3365 6.9567
      vertex 45.2557 45.3365 0
    endloop
  endfacet
  facet normal -0.980761 -0.195211 0
    outer loop
      vertex 45.2557 45.3365 6.9567
      vertex 45.2889 45.1697 0
      vertex 45.2889 45.1697 6.96077
    endloop
  endfacet
  facet normal -0.997868 -0.0652701 0
    outer loop
      vertex 45.3 45 0
      vertex 45.2889 45.1697 6.96077
      vertex 45.2889 45.1697 0
    endloop
  endfacet
  facet normal -0.997868 -0.0652701 0
    outer loop
      vertex 45.2889 45.1697 6.96077
      vertex 45.3 45 0
      vertex 45.3 45 6.96214
    endloop
  endfacet
  facet normal -0.946844 -0.321692 0
    outer loop
      vertex 45.2557 45.3365 0
      vertex 45.201 45.4975 6.94999
      vertex 45.201 45.4975 0
    endloop
  endfacet
  facet normal -0.946844 -0.321692 0
    outer loop
      vertex 45.201 45.4975 6.94999
      vertex 45.2557 45.3365 0
      vertex 45.2557 45.3365 6.9567
    endloop
  endfacet
  facet normal -0.321692 -0.946844 0
    outer loop
      vertex 44.4975 46.201 0
      vertex 44.3365 46.2557 6.84383
      vertex 44.3365 46.2557 0
    endloop
  endfacet
  facet normal -0.321692 -0.946844 0
    outer loop
      vertex 44.3365 46.2557 6.84383
      vertex 44.4975 46.201 0
      vertex 44.4975 46.201 6.8636
    endloop
  endfacet
  facet normal 0.896884 -0.442267 0
    outer loop
      vertex 42.799 45.4975 6.65505
      vertex 42.8742 45.65 0
      vertex 42.8742 45.65 6.66429
    endloop
  endfacet
  facet normal 0.896884 -0.442267 0
    outer loop
      vertex 42.8742 45.65 0
      vertex 42.799 45.4975 6.65505
      vertex 42.799 45.4975 0
    endloop
  endfacet
  facet normal 0.751483 0.659753 -0
    outer loop
      vertex 43.0808 44.0808 0
      vertex 42.9686 44.2086 6.67589
      vertex 43.0808 44.0808 6.68965
    endloop
  endfacet
  facet normal 0.751483 0.659753 0
    outer loop
      vertex 42.9686 44.2086 6.67589
      vertex 43.0808 44.0808 0
      vertex 42.9686 44.2086 0
    endloop
  endfacet
  facet normal -0.831688 -0.555243 0
    outer loop
      vertex 45.1258 45.65 0
      vertex 45.0314 45.7914 6.92916
      vertex 45.0314 45.7914 0
    endloop
  endfacet
  facet normal -0.831688 -0.555243 0
    outer loop
      vertex 45.0314 45.7914 6.92916
      vertex 45.1258 45.65 0
      vertex 45.1258 45.65 6.94076
    endloop
  endfacet
  facet normal -0.896884 -0.442267 0
    outer loop
      vertex 45.201 45.4975 0
      vertex 45.1258 45.65 6.94076
      vertex 45.1258 45.65 0
    endloop
  endfacet
  facet normal -0.896884 -0.442267 0
    outer loop
      vertex 45.1258 45.65 6.94076
      vertex 45.201 45.4975 0
      vertex 45.201 45.4975 6.94999
    endloop
  endfacet
  facet normal 0.659753 0.751483 -0
    outer loop
      vertex 43.2086 43.9686 0
      vertex 43.0808 44.0808 6.68965
      vertex 43.2086 43.9686 6.70535
    endloop
  endfacet
  facet normal 0.659753 0.751483 0
    outer loop
      vertex 43.0808 44.0808 6.68965
      vertex 43.2086 43.9686 0
      vertex 43.0808 44.0808 0
    endloop
  endfacet
  facet normal 0.751483 -0.659753 0
    outer loop
      vertex 42.9686 45.7914 6.67589
      vertex 43.0808 45.9192 0
      vertex 43.0808 45.9192 6.68965
    endloop
  endfacet
  facet normal 0.751483 -0.659753 0
    outer loop
      vertex 43.0808 45.9192 0
      vertex 42.9686 45.7914 6.67589
      vertex 42.9686 45.7914 0
    endloop
  endfacet
  facet normal -0.946844 0.321692 0
    outer loop
      vertex 45.201 44.5025 6.94999
      vertex 45.2557 44.6635 0
      vertex 45.201 44.5025 0
    endloop
  endfacet
  facet normal -0.946844 0.321692 0
    outer loop
      vertex 45.2557 44.6635 0
      vertex 45.201 44.5025 6.94999
      vertex 45.2557 44.6635 6.9567
    endloop
  endfacet
  facet normal 0.831688 -0.555243 0
    outer loop
      vertex 42.8742 45.65 6.66429
      vertex 42.9686 45.7914 0
      vertex 42.9686 45.7914 6.67589
    endloop
  endfacet
  facet normal 0.831688 -0.555243 0
    outer loop
      vertex 42.9686 45.7914 0
      vertex 42.8742 45.65 6.66429
      vertex 42.8742 45.65 0
    endloop
  endfacet
  facet normal -0.442267 0.896884 0
    outer loop
      vertex 44.65 43.8742 0
      vertex 44.4975 43.799 6.8636
      vertex 44.65 43.8742 6.88233
    endloop
  endfacet
  facet normal -0.442267 0.896884 0
    outer loop
      vertex 44.4975 43.799 6.8636
      vertex 44.65 43.8742 0
      vertex 44.4975 43.799 0
    endloop
  endfacet
  facet normal 0.946844 -0.321692 0
    outer loop
      vertex 42.7443 45.3365 6.64834
      vertex 42.799 45.4975 0
      vertex 42.799 45.4975 6.65505
    endloop
  endfacet
  facet normal 0.946844 -0.321692 0
    outer loop
      vertex 42.799 45.4975 0
      vertex 42.7443 45.3365 6.64834
      vertex 42.7443 45.3365 0
    endloop
  endfacet
  facet normal 0.442267 -0.896884 0
    outer loop
      vertex 43.5025 46.201 0
      vertex 43.35 46.1258 6.72271
      vertex 43.35 46.1258 0
    endloop
  endfacet
  facet normal 0.442267 -0.896884 0
    outer loop
      vertex 43.35 46.1258 6.72271
      vertex 43.5025 46.201 0
      vertex 43.5025 46.201 6.74144
    endloop
  endfacet
  facet normal 0.321692 0.946844 -0
    outer loop
      vertex 43.6635 43.7443 0
      vertex 43.5025 43.799 6.74144
      vertex 43.6635 43.7443 6.76121
    endloop
  endfacet
  facet normal 0.321692 0.946844 0
    outer loop
      vertex 43.5025 43.799 6.74144
      vertex 43.6635 43.7443 0
      vertex 43.5025 43.799 0
    endloop
  endfacet
  facet normal -0.831688 0.555243 0
    outer loop
      vertex 45.0314 44.2086 6.92916
      vertex 45.1258 44.35 0
      vertex 45.0314 44.2086 0
    endloop
  endfacet
  facet normal -0.831688 0.555243 0
    outer loop
      vertex 45.1258 44.35 0
      vertex 45.0314 44.2086 6.92916
      vertex 45.1258 44.35 6.94076
    endloop
  endfacet
  facet normal -0.195211 0.980761 0
    outer loop
      vertex 44.3365 43.7443 0
      vertex 44.1697 43.7111 6.82336
      vertex 44.3365 43.7443 6.84383
    endloop
  endfacet
  facet normal -0.195211 0.980761 0
    outer loop
      vertex 44.1697 43.7111 6.82336
      vertex 44.3365 43.7443 0
      vertex 44.1697 43.7111 0
    endloop
  endfacet
  facet normal -0.0652701 -0.997868 0
    outer loop
      vertex 44.1697 46.2889 0
      vertex 44 46.3 6.80252
      vertex 44 46.3 0
    endloop
  endfacet
  facet normal -0.0652701 -0.997868 0
    outer loop
      vertex 44 46.3 6.80252
      vertex 44.1697 46.2889 0
      vertex 44.1697 46.2889 6.82336
    endloop
  endfacet
  facet normal -0.980761 0.195211 0
    outer loop
      vertex 45.2557 44.6635 6.9567
      vertex 45.2889 44.8303 0
      vertex 45.2557 44.6635 0
    endloop
  endfacet
  facet normal -0.980761 0.195211 0
    outer loop
      vertex 45.2889 44.8303 0
      vertex 45.2557 44.6635 6.9567
      vertex 45.2889 44.8303 6.96077
    endloop
  endfacet
  facet normal -0.555243 0.831688 0
    outer loop
      vertex 44.7914 43.9686 0
      vertex 44.65 43.8742 6.88233
      vertex 44.7914 43.9686 6.89969
    endloop
  endfacet
  facet normal -0.555243 0.831688 0
    outer loop
      vertex 44.65 43.8742 6.88233
      vertex 44.7914 43.9686 0
      vertex 44.65 43.8742 0
    endloop
  endfacet
  facet normal -0.555243 -0.831688 0
    outer loop
      vertex 44.7914 46.0314 0
      vertex 44.65 46.1258 6.88233
      vertex 44.65 46.1258 0
    endloop
  endfacet
  facet normal -0.555243 -0.831688 0
    outer loop
      vertex 44.65 46.1258 6.88233
      vertex 44.7914 46.0314 0
      vertex 44.7914 46.0314 6.89969
    endloop
  endfacet
  facet normal -0.896884 0.442267 0
    outer loop
      vertex 45.1258 44.35 6.94076
      vertex 45.201 44.5025 0
      vertex 45.1258 44.35 0
    endloop
  endfacet
  facet normal -0.896884 0.442267 0
    outer loop
      vertex 45.201 44.5025 0
      vertex 45.1258 44.35 6.94076
      vertex 45.201 44.5025 6.94999
    endloop
  endfacet
  facet normal 0.555243 -0.831688 0
    outer loop
      vertex 43.35 46.1258 0
      vertex 43.2086 46.0314 6.70535
      vertex 43.2086 46.0314 0
    endloop
  endfacet
  facet normal 0.555243 -0.831688 0
    outer loop
      vertex 43.2086 46.0314 6.70535
      vertex 43.35 46.1258 0
      vertex 43.35 46.1258 6.72271
    endloop
  endfacet
  facet normal -0.751483 0.659753 0
    outer loop
      vertex 44.9192 44.0808 6.91539
      vertex 45.0314 44.2086 0
      vertex 44.9192 44.0808 0
    endloop
  endfacet
  facet normal -0.751483 0.659753 0
    outer loop
      vertex 45.0314 44.2086 0
      vertex 44.9192 44.0808 6.91539
      vertex 45.0314 44.2086 6.92916
    endloop
  endfacet
  facet normal -0.195211 -0.980761 0
    outer loop
      vertex 44.3365 46.2557 0
      vertex 44.1697 46.2889 6.82336
      vertex 44.1697 46.2889 0
    endloop
  endfacet
  facet normal -0.195211 -0.980761 0
    outer loop
      vertex 44.1697 46.2889 6.82336
      vertex 44.3365 46.2557 0
      vertex 44.3365 46.2557 6.84383
    endloop
  endfacet
  facet normal 0.659753 -0.751483 0
    outer loop
      vertex 43.2086 46.0314 0
      vertex 43.0808 45.9192 6.68965
      vertex 43.0808 45.9192 0
    endloop
  endfacet
  facet normal 0.659753 -0.751483 0
    outer loop
      vertex 43.0808 45.9192 6.68965
      vertex 43.2086 46.0314 0
      vertex 43.2086 46.0314 6.70535
    endloop
  endfacet
  facet normal 0.321692 -0.946844 0
    outer loop
      vertex 43.6635 46.2557 0
      vertex 43.5025 46.201 6.74144
      vertex 43.5025 46.201 0
    endloop
  endfacet
  facet normal 0.321692 -0.946844 0
    outer loop
      vertex 43.5025 46.201 6.74144
      vertex 43.6635 46.2557 0
      vertex 43.6635 46.2557 6.76121
    endloop
  endfacet
  facet normal -0.997868 0.0652701 0
    outer loop
      vertex 45.2889 44.8303 0
      vertex 45.3 45 6.96214
      vertex 45.3 45 0
    endloop
  endfacet
  facet normal -0.997868 0.0652701 0
    outer loop
      vertex 45.3 45 6.96214
      vertex 45.2889 44.8303 0
      vertex 45.2889 44.8303 6.96077
    endloop
  endfacet
  facet normal 0.980761 0.195211 -0
    outer loop
      vertex 42.7443 44.6635 0
      vertex 42.7111 44.8303 6.64427
      vertex 42.7443 44.6635 6.64834
    endloop
  endfacet
  facet normal 0.980761 0.195211 0
    outer loop
      vertex 42.7111 44.8303 6.64427
      vertex 42.7443 44.6635 0
      vertex 42.7111 44.8303 0
    endloop
  endfacet
  facet normal -0.659753 -0.751483 0
    outer loop
      vertex 44.9192 45.9192 0
      vertex 44.7914 46.0314 6.89969
      vertex 44.7914 46.0314 0
    endloop
  endfacet
  facet normal -0.659753 -0.751483 0
    outer loop
      vertex 44.7914 46.0314 6.89969
      vertex 44.9192 45.9192 0
      vertex 44.9192 45.9192 6.91539
    endloop
  endfacet
  facet normal -0.0652701 0.997868 0
    outer loop
      vertex 44.1697 43.7111 0
      vertex 44 43.7 6.80252
      vertex 44.1697 43.7111 6.82336
    endloop
  endfacet
  facet normal -0.0652701 0.997868 0
    outer loop
      vertex 44 43.7 6.80252
      vertex 44.1697 43.7111 0
      vertex 44 43.7 0
    endloop
  endfacet
  facet normal 0.442267 0.896884 -0
    outer loop
      vertex 43.5025 43.799 0
      vertex 43.35 43.8742 6.72271
      vertex 43.5025 43.799 6.74144
    endloop
  endfacet
  facet normal 0.442267 0.896884 0
    outer loop
      vertex 43.35 43.8742 6.72271
      vertex 43.5025 43.799 0
      vertex 43.35 43.8742 0
    endloop
  endfacet
  facet normal 0.831688 0.555243 -0
    outer loop
      vertex 42.9686 44.2086 0
      vertex 42.8742 44.35 6.66429
      vertex 42.9686 44.2086 6.67589
    endloop
  endfacet
  facet normal 0.831688 0.555243 0
    outer loop
      vertex 42.8742 44.35 6.66429
      vertex 42.9686 44.2086 0
      vertex 42.8742 44.35 0
    endloop
  endfacet
  facet normal -0.751483 -0.659753 0
    outer loop
      vertex 45.0314 45.7914 0
      vertex 44.9192 45.9192 6.91539
      vertex 44.9192 45.9192 0
    endloop
  endfacet
  facet normal -0.751483 -0.659753 0
    outer loop
      vertex 44.9192 45.9192 6.91539
      vertex 45.0314 45.7914 0
      vertex 45.0314 45.7914 6.92916
    endloop
  endfacet
  facet normal 0.0652701 -0.997868 0
    outer loop
      vertex 44 46.3 0
      vertex 43.8303 46.2889 6.78169
      vertex 43.8303 46.2889 0
    endloop
  endfacet
  facet normal 0.0652701 -0.997868 0
    outer loop
      vertex 43.8303 46.2889 6.78169
      vertex 44 46.3 0
      vertex 44 46.3 6.80252
    endloop
  endfacet
  facet normal -0.442267 -0.896884 0
    outer loop
      vertex 44.65 46.1258 0
      vertex 44.4975 46.201 6.8636
      vertex 44.4975 46.201 0
    endloop
  endfacet
  facet normal -0.442267 -0.896884 0
    outer loop
      vertex 44.4975 46.201 6.8636
      vertex 44.65 46.1258 0
      vertex 44.65 46.1258 6.88233
    endloop
  endfacet
  facet normal 0.980761 -0.195211 0
    outer loop
      vertex 42.7111 45.1697 6.64427
      vertex 42.7443 45.3365 0
      vertex 42.7443 45.3365 6.64834
    endloop
  endfacet
  facet normal 0.980761 -0.195211 0
    outer loop
      vertex 42.7443 45.3365 0
      vertex 42.7111 45.1697 6.64427
      vertex 42.7111 45.1697 0
    endloop
  endfacet
  facet normal 0.946844 0.321692 -0
    outer loop
      vertex 42.799 44.5025 0
      vertex 42.7443 44.6635 6.64834
      vertex 42.799 44.5025 6.65505
    endloop
  endfacet
  facet normal 0.946844 0.321692 0
    outer loop
      vertex 42.7443 44.6635 6.64834
      vertex 42.799 44.5025 0
      vertex 42.7443 44.6635 0
    endloop
  endfacet
  facet normal 0.195211 -0.980761 0
    outer loop
      vertex 43.8303 46.2889 0
      vertex 43.6635 46.2557 6.76121
      vertex 43.6635 46.2557 0
    endloop
  endfacet
  facet normal 0.195211 -0.980761 0
    outer loop
      vertex 43.6635 46.2557 6.76121
      vertex 43.8303 46.2889 0
      vertex 43.8303 46.2889 6.78169
    endloop
  endfacet
  facet normal 0.997868 0.0652701 0
    outer loop
      vertex 42.7111 44.8303 6.64427
      vertex 42.7 45 0
      vertex 42.7 45 6.6429
    endloop
  endfacet
  facet normal 0.997868 0.0652701 0
    outer loop
      vertex 42.7 45 0
      vertex 42.7111 44.8303 6.64427
      vertex 42.7111 44.8303 0
    endloop
  endfacet
  facet normal 0.997868 -0.0652701 0
    outer loop
      vertex 42.7 45 6.6429
      vertex 42.7111 45.1697 0
      vertex 42.7111 45.1697 6.64427
    endloop
  endfacet
  facet normal 0.997868 -0.0652701 0
    outer loop
      vertex 42.7111 45.1697 0
      vertex 42.7 45 6.6429
      vertex 42.7 45 0
    endloop
  endfacet
  facet normal 0.555243 0.831688 -0
    outer loop
      vertex 43.35 43.8742 0
      vertex 43.2086 43.9686 6.70535
      vertex 43.35 43.8742 6.72271
    endloop
  endfacet
  facet normal 0.555243 0.831688 0
    outer loop
      vertex 43.2086 43.9686 6.70535
      vertex 43.35 43.8742 0
      vertex 43.2086 43.9686 0
    endloop
  endfacet
  facet normal 0.0652701 0.997868 -0
    outer loop
      vertex 44 43.7 0
      vertex 43.8303 43.7111 6.78169
      vertex 44 43.7 6.80252
    endloop
  endfacet
  facet normal 0.0652701 0.997868 0
    outer loop
      vertex 43.8303 43.7111 6.78169
      vertex 44 43.7 0
      vertex 43.8303 43.7111 0
    endloop
  endfacet
  facet normal 0.195211 0.980761 -0
    outer loop
      vertex 43.8303 43.7111 0
      vertex 43.6635 43.7443 6.76121
      vertex 43.8303 43.7111 6.78169
    endloop
  endfacet
  facet normal 0.195211 0.980761 0
    outer loop
      vertex 43.6635 43.7443 6.76121
      vertex 43.8303 43.7111 0
      vertex 43.6635 43.7443 0
    endloop
  endfacet
  facet normal -0.659753 0.751483 0
    outer loop
      vertex 44.9192 44.0808 0
      vertex 44.7914 43.9686 6.89969
      vertex 44.9192 44.0808 6.91539
    endloop
  endfacet
  facet normal -0.659753 0.751483 0
    outer loop
      vertex 44.7914 43.9686 6.89969
      vertex 44.9192 44.0808 0
      vertex 44.7914 43.9686 0
    endloop
  endfacet
  facet normal 0.896884 0.442267 -0
    outer loop
      vertex 42.8742 73.35 0
      vertex 42.799 73.5025 6.65505
      vertex 42.8742 73.35 6.66429
    endloop
  endfacet
  facet normal 0.896884 0.442267 0
    outer loop
      vertex 42.799 73.5025 6.65505
      vertex 42.8742 73.35 0
      vertex 42.799 73.5025 0
    endloop
  endfacet
  facet normal -0.321692 0.946844 0
    outer loop
      vertex 44.4975 72.799 0
      vertex 44.3365 72.7443 6.84383
      vertex 44.4975 72.799 6.8636
    endloop
  endfacet
  facet normal -0.321692 0.946844 0
    outer loop
      vertex 44.3365 72.7443 6.84383
      vertex 44.4975 72.799 0
      vertex 44.3365 72.7443 0
    endloop
  endfacet
  facet normal -0.980761 -0.195211 0
    outer loop
      vertex 45.2889 74.1697 0
      vertex 45.2557 74.3365 6.9567
      vertex 45.2557 74.3365 0
    endloop
  endfacet
  facet normal -0.980761 -0.195211 0
    outer loop
      vertex 45.2557 74.3365 6.9567
      vertex 45.2889 74.1697 0
      vertex 45.2889 74.1697 6.96077
    endloop
  endfacet
  facet normal -0.997868 -0.0652701 0
    outer loop
      vertex 45.3 74 0
      vertex 45.2889 74.1697 6.96077
      vertex 45.2889 74.1697 0
    endloop
  endfacet
  facet normal -0.997868 -0.0652701 0
    outer loop
      vertex 45.2889 74.1697 6.96077
      vertex 45.3 74 0
      vertex 45.3 74 6.96214
    endloop
  endfacet
  facet normal -0.946844 -0.321692 0
    outer loop
      vertex 45.2557 74.3365 0
      vertex 45.201 74.4975 6.94999
      vertex 45.201 74.4975 0
    endloop
  endfacet
  facet normal -0.946844 -0.321692 0
    outer loop
      vertex 45.201 74.4975 6.94999
      vertex 45.2557 74.3365 0
      vertex 45.2557 74.3365 6.9567
    endloop
  endfacet
  facet normal -0.321692 -0.946844 0
    outer loop
      vertex 44.4975 75.201 0
      vertex 44.3365 75.2557 6.84383
      vertex 44.3365 75.2557 0
    endloop
  endfacet
  facet normal -0.321692 -0.946844 0
    outer loop
      vertex 44.3365 75.2557 6.84383
      vertex 44.4975 75.201 0
      vertex 44.4975 75.201 6.8636
    endloop
  endfacet
  facet normal 0.896884 -0.442267 0
    outer loop
      vertex 42.799 74.4975 6.65505
      vertex 42.8742 74.65 0
      vertex 42.8742 74.65 6.66429
    endloop
  endfacet
  facet normal 0.896884 -0.442267 0
    outer loop
      vertex 42.8742 74.65 0
      vertex 42.799 74.4975 6.65505
      vertex 42.799 74.4975 0
    endloop
  endfacet
  facet normal 0.751483 0.659753 -0
    outer loop
      vertex 43.0808 73.0808 0
      vertex 42.9686 73.2086 6.67589
      vertex 43.0808 73.0808 6.68965
    endloop
  endfacet
  facet normal 0.751483 0.659753 0
    outer loop
      vertex 42.9686 73.2086 6.67589
      vertex 43.0808 73.0808 0
      vertex 42.9686 73.2086 0
    endloop
  endfacet
  facet normal -0.831688 -0.555243 0
    outer loop
      vertex 45.1258 74.65 0
      vertex 45.0314 74.7914 6.92916
      vertex 45.0314 74.7914 0
    endloop
  endfacet
  facet normal -0.831688 -0.555243 0
    outer loop
      vertex 45.0314 74.7914 6.92916
      vertex 45.1258 74.65 0
      vertex 45.1258 74.65 6.94076
    endloop
  endfacet
  facet normal -0.896884 -0.442267 0
    outer loop
      vertex 45.201 74.4975 0
      vertex 45.1258 74.65 6.94076
      vertex 45.1258 74.65 0
    endloop
  endfacet
  facet normal -0.896884 -0.442267 0
    outer loop
      vertex 45.1258 74.65 6.94076
      vertex 45.201 74.4975 0
      vertex 45.201 74.4975 6.94999
    endloop
  endfacet
  facet normal 0.659753 0.751483 -0
    outer loop
      vertex 43.2086 72.9686 0
      vertex 43.0808 73.0808 6.68965
      vertex 43.2086 72.9686 6.70535
    endloop
  endfacet
  facet normal 0.659753 0.751483 0
    outer loop
      vertex 43.0808 73.0808 6.68965
      vertex 43.2086 72.9686 0
      vertex 43.0808 73.0808 0
    endloop
  endfacet
  facet normal 0.751483 -0.659753 0
    outer loop
      vertex 42.9686 74.7914 6.67589
      vertex 43.0808 74.9192 0
      vertex 43.0808 74.9192 6.68965
    endloop
  endfacet
  facet normal 0.751483 -0.659753 0
    outer loop
      vertex 43.0808 74.9192 0
      vertex 42.9686 74.7914 6.67589
      vertex 42.9686 74.7914 0
    endloop
  endfacet
  facet normal 0.831688 -0.555243 0
    outer loop
      vertex 42.8742 74.65 6.66429
      vertex 42.9686 74.7914 0
      vertex 42.9686 74.7914 6.67589
    endloop
  endfacet
  facet normal 0.831688 -0.555243 0
    outer loop
      vertex 42.9686 74.7914 0
      vertex 42.8742 74.65 6.66429
      vertex 42.8742 74.65 0
    endloop
  endfacet
  facet normal -0.442267 0.896884 0
    outer loop
      vertex 44.65 72.8742 0
      vertex 44.4975 72.799 6.8636
      vertex 44.65 72.8742 6.88233
    endloop
  endfacet
  facet normal -0.442267 0.896884 0
    outer loop
      vertex 44.4975 72.799 6.8636
      vertex 44.65 72.8742 0
      vertex 44.4975 72.799 0
    endloop
  endfacet
  facet normal 0.946844 -0.321692 0
    outer loop
      vertex 42.7443 74.3365 6.64834
      vertex 42.799 74.4975 0
      vertex 42.799 74.4975 6.65505
    endloop
  endfacet
  facet normal 0.946844 -0.321692 0
    outer loop
      vertex 42.799 74.4975 0
      vertex 42.7443 74.3365 6.64834
      vertex 42.7443 74.3365 0
    endloop
  endfacet
  facet normal 0.442267 -0.896884 0
    outer loop
      vertex 43.5025 75.201 0
      vertex 43.35 75.1258 6.72271
      vertex 43.35 75.1258 0
    endloop
  endfacet
  facet normal 0.442267 -0.896884 0
    outer loop
      vertex 43.35 75.1258 6.72271
      vertex 43.5025 75.201 0
      vertex 43.5025 75.201 6.74144
    endloop
  endfacet
  facet normal 0.321692 0.946844 -0
    outer loop
      vertex 43.6635 72.7443 0
      vertex 43.5025 72.799 6.74144
      vertex 43.6635 72.7443 6.76121
    endloop
  endfacet
  facet normal 0.321692 0.946844 0
    outer loop
      vertex 43.5025 72.799 6.74144
      vertex 43.6635 72.7443 0
      vertex 43.5025 72.799 0
    endloop
  endfacet
  facet normal -0.831688 0.555243 0
    outer loop
      vertex 45.0314 73.2086 6.92916
      vertex 45.1258 73.35 0
      vertex 45.0314 73.2086 0
    endloop
  endfacet
  facet normal -0.831688 0.555243 0
    outer loop
      vertex 45.1258 73.35 0
      vertex 45.0314 73.2086 6.92916
      vertex 45.1258 73.35 6.94076
    endloop
  endfacet
  facet normal -0.195211 0.980761 0
    outer loop
      vertex 44.3365 72.7443 0
      vertex 44.1697 72.7111 6.82336
      vertex 44.3365 72.7443 6.84383
    endloop
  endfacet
  facet normal -0.195211 0.980761 0
    outer loop
      vertex 44.1697 72.7111 6.82336
      vertex 44.3365 72.7443 0
      vertex 44.1697 72.7111 0
    endloop
  endfacet
  facet normal -0.0652701 -0.997868 0
    outer loop
      vertex 44.1697 75.2889 0
      vertex 44 75.3 6.80252
      vertex 44 75.3 0
    endloop
  endfacet
  facet normal -0.0652701 -0.997868 0
    outer loop
      vertex 44 75.3 6.80252
      vertex 44.1697 75.2889 0
      vertex 44.1697 75.2889 6.82336
    endloop
  endfacet
  facet normal -0.980761 0.195211 0
    outer loop
      vertex 45.2557 73.6635 6.9567
      vertex 45.2889 73.8303 0
      vertex 45.2557 73.6635 0
    endloop
  endfacet
  facet normal -0.980761 0.195211 0
    outer loop
      vertex 45.2889 73.8303 0
      vertex 45.2557 73.6635 6.9567
      vertex 45.2889 73.8303 6.96077
    endloop
  endfacet
  facet normal -0.555243 0.831688 0
    outer loop
      vertex 44.7914 72.9686 0
      vertex 44.65 72.8742 6.88233
      vertex 44.7914 72.9686 6.89969
    endloop
  endfacet
  facet normal -0.555243 0.831688 0
    outer loop
      vertex 44.65 72.8742 6.88233
      vertex 44.7914 72.9686 0
      vertex 44.65 72.8742 0
    endloop
  endfacet
  facet normal -0.555243 -0.831688 0
    outer loop
      vertex 44.7914 75.0314 0
      vertex 44.65 75.1258 6.88233
      vertex 44.65 75.1258 0
    endloop
  endfacet
  facet normal -0.555243 -0.831688 0
    outer loop
      vertex 44.65 75.1258 6.88233
      vertex 44.7914 75.0314 0
      vertex 44.7914 75.0314 6.89969
    endloop
  endfacet
  facet normal -0.896884 0.442267 0
    outer loop
      vertex 45.1258 73.35 6.94076
      vertex 45.201 73.5025 0
      vertex 45.1258 73.35 0
    endloop
  endfacet
  facet normal -0.896884 0.442267 0
    outer loop
      vertex 45.201 73.5025 0
      vertex 45.1258 73.35 6.94076
      vertex 45.201 73.5025 6.94999
    endloop
  endfacet
  facet normal 0.555243 -0.831688 0
    outer loop
      vertex 43.35 75.1258 0
      vertex 43.2086 75.0314 6.70535
      vertex 43.2086 75.0314 0
    endloop
  endfacet
  facet normal 0.555243 -0.831688 0
    outer loop
      vertex 43.2086 75.0314 6.70535
      vertex 43.35 75.1258 0
      vertex 43.35 75.1258 6.72271
    endloop
  endfacet
  facet normal -0.751483 0.659753 0
    outer loop
      vertex 44.9192 73.0808 6.91539
      vertex 45.0314 73.2086 0
      vertex 44.9192 73.0808 0
    endloop
  endfacet
  facet normal -0.751483 0.659753 0
    outer loop
      vertex 45.0314 73.2086 0
      vertex 44.9192 73.0808 6.91539
      vertex 45.0314 73.2086 6.92916
    endloop
  endfacet
  facet normal -0.195211 -0.980761 0
    outer loop
      vertex 44.3365 75.2557 0
      vertex 44.1697 75.2889 6.82336
      vertex 44.1697 75.2889 0
    endloop
  endfacet
  facet normal -0.195211 -0.980761 0
    outer loop
      vertex 44.1697 75.2889 6.82336
      vertex 44.3365 75.2557 0
      vertex 44.3365 75.2557 6.84383
    endloop
  endfacet
  facet normal 0.659753 -0.751483 0
    outer loop
      vertex 43.2086 75.0314 0
      vertex 43.0808 74.9192 6.68965
      vertex 43.0808 74.9192 0
    endloop
  endfacet
  facet normal 0.659753 -0.751483 0
    outer loop
      vertex 43.0808 74.9192 6.68965
      vertex 43.2086 75.0314 0
      vertex 43.2086 75.0314 6.70535
    endloop
  endfacet
  facet normal 0.321692 -0.946844 0
    outer loop
      vertex 43.6635 75.2557 0
      vertex 43.5025 75.201 6.74144
      vertex 43.5025 75.201 0
    endloop
  endfacet
  facet normal 0.321692 -0.946844 0
    outer loop
      vertex 43.5025 75.201 6.74144
      vertex 43.6635 75.2557 0
      vertex 43.6635 75.2557 6.76121
    endloop
  endfacet
  facet normal -0.997868 0.0652701 0
    outer loop
      vertex 45.2889 73.8303 0
      vertex 45.3 74 6.96214
      vertex 45.3 74 0
    endloop
  endfacet
  facet normal -0.997868 0.0652701 0
    outer loop
      vertex 45.3 74 6.96214
      vertex 45.2889 73.8303 0
      vertex 45.2889 73.8303 6.96077
    endloop
  endfacet
  facet normal 0.980761 0.195211 -0
    outer loop
      vertex 42.7443 73.6635 0
      vertex 42.7111 73.8303 6.64427
      vertex 42.7443 73.6635 6.64834
    endloop
  endfacet
  facet normal 0.980761 0.195211 0
    outer loop
      vertex 42.7111 73.8303 6.64427
      vertex 42.7443 73.6635 0
      vertex 42.7111 73.8303 0
    endloop
  endfacet
  facet normal -0.659753 -0.751483 0
    outer loop
      vertex 44.9192 74.9192 0
      vertex 44.7914 75.0314 6.89969
      vertex 44.7914 75.0314 0
    endloop
  endfacet
  facet normal -0.659753 -0.751483 0
    outer loop
      vertex 44.7914 75.0314 6.89969
      vertex 44.9192 74.9192 0
      vertex 44.9192 74.9192 6.91539
    endloop
  endfacet
  facet normal -0.0652701 0.997868 0
    outer loop
      vertex 44.1697 72.7111 0
      vertex 44 72.7 6.80252
      vertex 44.1697 72.7111 6.82336
    endloop
  endfacet
  facet normal -0.0652701 0.997868 0
    outer loop
      vertex 44 72.7 6.80252
      vertex 44.1697 72.7111 0
      vertex 44 72.7 0
    endloop
  endfacet
  facet normal 0.442267 0.896884 -0
    outer loop
      vertex 43.5025 72.799 0
      vertex 43.35 72.8742 6.72271
      vertex 43.5025 72.799 6.74144
    endloop
  endfacet
  facet normal 0.442267 0.896884 0
    outer loop
      vertex 43.35 72.8742 6.72271
      vertex 43.5025 72.799 0
      vertex 43.35 72.8742 0
    endloop
  endfacet
  facet normal 0.831688 0.555243 -0
    outer loop
      vertex 42.9686 73.2086 0
      vertex 42.8742 73.35 6.66429
      vertex 42.9686 73.2086 6.67589
    endloop
  endfacet
  facet normal 0.831688 0.555243 0
    outer loop
      vertex 42.8742 73.35 6.66429
      vertex 42.9686 73.2086 0
      vertex 42.8742 73.35 0
    endloop
  endfacet
  facet normal -0.751483 -0.659753 0
    outer loop
      vertex 45.0314 74.7914 0
      vertex 44.9192 74.9192 6.91539
      vertex 44.9192 74.9192 0
    endloop
  endfacet
  facet normal -0.751483 -0.659753 0
    outer loop
      vertex 44.9192 74.9192 6.91539
      vertex 45.0314 74.7914 0
      vertex 45.0314 74.7914 6.92916
    endloop
  endfacet
  facet normal -0.946844 0.321692 0
    outer loop
      vertex 45.201 73.5025 6.94999
      vertex 45.2557 73.6635 0
      vertex 45.201 73.5025 0
    endloop
  endfacet
  facet normal -0.946844 0.321692 0
    outer loop
      vertex 45.2557 73.6635 0
      vertex 45.201 73.5025 6.94999
      vertex 45.2557 73.6635 6.9567
    endloop
  endfacet
  facet normal 0.0652701 -0.997868 0
    outer loop
      vertex 44 75.3 0
      vertex 43.8303 75.2889 6.78169
      vertex 43.8303 75.2889 0
    endloop
  endfacet
  facet normal 0.0652701 -0.997868 0
    outer loop
      vertex 43.8303 75.2889 6.78169
      vertex 44 75.3 0
      vertex 44 75.3 6.80252
    endloop
  endfacet
  facet normal -0.442267 -0.896884 0
    outer loop
      vertex 44.65 75.1258 0
      vertex 44.4975 75.201 6.8636
      vertex 44.4975 75.201 0
    endloop
  endfacet
  facet normal -0.442267 -0.896884 0
    outer loop
      vertex 44.4975 75.201 6.8636
      vertex 44.65 75.1258 0
      vertex 44.65 75.1258 6.88233
    endloop
  endfacet
  facet normal 0.980761 -0.195211 0
    outer loop
      vertex 42.7111 74.1697 6.64427
      vertex 42.7443 74.3365 0
      vertex 42.7443 74.3365 6.64834
    endloop
  endfacet
  facet normal 0.980761 -0.195211 0
    outer loop
      vertex 42.7443 74.3365 0
      vertex 42.7111 74.1697 6.64427
      vertex 42.7111 74.1697 0
    endloop
  endfacet
  facet normal 0.946844 0.321692 -0
    outer loop
      vertex 42.799 73.5025 0
      vertex 42.7443 73.6635 6.64834
      vertex 42.799 73.5025 6.65505
    endloop
  endfacet
  facet normal 0.946844 0.321692 0
    outer loop
      vertex 42.7443 73.6635 6.64834
      vertex 42.799 73.5025 0
      vertex 42.7443 73.6635 0
    endloop
  endfacet
  facet normal 0.195211 -0.980761 0
    outer loop
      vertex 43.8303 75.2889 0
      vertex 43.6635 75.2557 6.76121
      vertex 43.6635 75.2557 0
    endloop
  endfacet
  facet normal 0.195211 -0.980761 0
    outer loop
      vertex 43.6635 75.2557 6.76121
      vertex 43.8303 75.2889 0
      vertex 43.8303 75.2889 6.78169
    endloop
  endfacet
  facet normal 0.997868 0.0652701 0
    outer loop
      vertex 42.7111 73.8303 6.64427
      vertex 42.7 74 0
      vertex 42.7 74 6.6429
    endloop
  endfacet
  facet normal 0.997868 0.0652701 0
    outer loop
      vertex 42.7 74 0
      vertex 42.7111 73.8303 6.64427
      vertex 42.7111 73.8303 0
    endloop
  endfacet
  facet normal 0.997868 -0.0652701 0
    outer loop
      vertex 42.7 74 6.6429
      vertex 42.7111 74.1697 0
      vertex 42.7111 74.1697 6.64427
    endloop
  endfacet
  facet normal 0.997868 -0.0652701 0
    outer loop
      vertex 42.7111 74.1697 0
      vertex 42.7 74 6.6429
      vertex 42.7 74 0
    endloop
  endfacet
  facet normal 0.555243 0.831688 -0
    outer loop
      vertex 43.35 72.8742 0
      vertex 43.2086 72.9686 6.70535
      vertex 43.35 72.8742 6.72271
    endloop
  endfacet
  facet normal 0.555243 0.831688 0
    outer loop
      vertex 43.2086 72.9686 6.70535
      vertex 43.35 72.8742 0
      vertex 43.2086 72.9686 0
    endloop
  endfacet
  facet normal 0.0652701 0.997868 -0
    outer loop
      vertex 44 72.7 0
      vertex 43.8303 72.7111 6.78169
      vertex 44 72.7 6.80252
    endloop
  endfacet
  facet normal 0.0652701 0.997868 0
    outer loop
      vertex 43.8303 72.7111 6.78169
      vertex 44 72.7 0
      vertex 43.8303 72.7111 0
    endloop
  endfacet
  facet normal 0.195211 0.980761 -0
    outer loop
      vertex 43.8303 72.7111 0
      vertex 43.6635 72.7443 6.76121
      vertex 43.8303 72.7111 6.78169
    endloop
  endfacet
  facet normal 0.195211 0.980761 0
    outer loop
      vertex 43.6635 72.7443 6.76121
      vertex 43.8303 72.7111 0
      vertex 43.6635 72.7443 0
    endloop
  endfacet
  facet normal -0.659753 0.751483 0
    outer loop
      vertex 44.9192 73.0808 0
      vertex 44.7914 72.9686 6.89969
      vertex 44.9192 73.0808 6.91539
    endloop
  endfacet
  facet normal -0.659753 0.751483 0
    outer loop
      vertex 44.7914 72.9686 6.89969
      vertex 44.9192 73.0808 0
      vertex 44.7914 72.9686 0
    endloop
  endfacet
  facet normal 0.89735 0.44132 -0
    outer loop
      vertex 111.874 44.35 0
      vertex 111.799 44.5025 15.1272
      vertex 111.874 44.35 15.1364
    endloop
  endfacet
  facet normal 0.89735 0.44132 0
    outer loop
      vertex 111.799 44.5025 15.1272
      vertex 111.874 44.35 0
      vertex 111.799 44.5025 0
    endloop
  endfacet
  facet normal -0.321692 0.946844 0
    outer loop
      vertex 113.497 43.799 0
      vertex 113.336 43.7443 15.316
      vertex 113.497 43.799 15.3357
    endloop
  endfacet
  facet normal -0.321692 0.946844 0
    outer loop
      vertex 113.336 43.7443 15.316
      vertex 113.497 43.799 0
      vertex 113.336 43.7443 0
    endloop
  endfacet
  facet normal -0.980986 -0.19408 0
    outer loop
      vertex 114.289 45.1697 0
      vertex 114.256 45.3365 15.4288
      vertex 114.256 45.3365 0
    endloop
  endfacet
  facet normal -0.980986 -0.19408 0
    outer loop
      vertex 114.256 45.3365 15.4288
      vertex 114.289 45.1697 0
      vertex 114.289 45.1697 15.4329
    endloop
  endfacet
  facet normal -0.997906 -0.0646845 0
    outer loop
      vertex 114.3 45 0
      vertex 114.289 45.1697 15.4329
      vertex 114.289 45.1697 0
    endloop
  endfacet
  facet normal -0.997906 -0.0646845 0
    outer loop
      vertex 114.289 45.1697 15.4329
      vertex 114.3 45 0
      vertex 114.3 45 15.4343
    endloop
  endfacet
  facet normal -0.946306 -0.323272 0
    outer loop
      vertex 114.256 45.3365 0
      vertex 114.201 45.4975 15.4221
      vertex 114.201 45.4975 0
    endloop
  endfacet
  facet normal -0.946306 -0.323272 0
    outer loop
      vertex 114.201 45.4975 15.4221
      vertex 114.256 45.3365 0
      vertex 114.256 45.3365 15.4288
    endloop
  endfacet
  facet normal -0.321692 -0.946844 0
    outer loop
      vertex 113.497 46.201 0
      vertex 113.336 46.2557 15.316
      vertex 113.336 46.2557 0
    endloop
  endfacet
  facet normal -0.321692 -0.946844 0
    outer loop
      vertex 113.336 46.2557 15.316
      vertex 113.497 46.201 0
      vertex 113.497 46.201 15.3357
    endloop
  endfacet
  facet normal 0.89735 -0.44132 0
    outer loop
      vertex 111.799 45.4975 15.1272
      vertex 111.874 45.65 0
      vertex 111.874 45.65 15.1364
    endloop
  endfacet
  facet normal 0.89735 -0.44132 0
    outer loop
      vertex 111.874 45.65 0
      vertex 111.799 45.4975 15.1272
      vertex 111.799 45.4975 0
    endloop
  endfacet
  facet normal 0.752066 0.659088 -0
    outer loop
      vertex 112.081 44.0808 0
      vertex 111.969 44.2086 15.148
      vertex 112.081 44.0808 15.1618
    endloop
  endfacet
  facet normal 0.752066 0.659088 0
    outer loop
      vertex 111.969 44.2086 15.148
      vertex 112.081 44.0808 0
      vertex 111.969 44.2086 0
    endloop
  endfacet
  facet normal -0.830058 -0.557677 0
    outer loop
      vertex 114.126 45.65 0
      vertex 114.031 45.7914 15.4013
      vertex 114.031 45.7914 0
    endloop
  endfacet
  facet normal -0.830058 -0.557677 0
    outer loop
      vertex 114.031 45.7914 15.4013
      vertex 114.126 45.65 0
      vertex 114.126 45.65 15.4129
    endloop
  endfacet
  facet normal -0.89735 -0.44132 0
    outer loop
      vertex 114.201 45.4975 0
      vertex 114.126 45.65 15.4129
      vertex 114.126 45.65 0
    endloop
  endfacet
  facet normal -0.89735 -0.44132 0
    outer loop
      vertex 114.126 45.65 15.4129
      vertex 114.201 45.4975 0
      vertex 114.201 45.4975 15.4221
    endloop
  endfacet
  facet normal 0.65917 0.751994 -0
    outer loop
      vertex 112.209 43.9686 0
      vertex 112.081 44.0808 15.1618
      vertex 112.209 43.9686 15.1775
    endloop
  endfacet
  facet normal 0.65917 0.751994 0
    outer loop
      vertex 112.081 44.0808 15.1618
      vertex 112.209 43.9686 0
      vertex 112.081 44.0808 0
    endloop
  endfacet
  facet normal 0.752066 -0.659088 0
    outer loop
      vertex 111.969 45.7914 15.148
      vertex 112.081 45.9192 0
      vertex 112.081 45.9192 15.1618
    endloop
  endfacet
  facet normal 0.752066 -0.659088 0
    outer loop
      vertex 112.081 45.9192 0
      vertex 111.969 45.7914 15.148
      vertex 111.969 45.7914 0
    endloop
  endfacet
  facet normal 0.830058 -0.557677 0
    outer loop
      vertex 111.874 45.65 15.1364
      vertex 111.969 45.7914 0
      vertex 111.969 45.7914 15.148
    endloop
  endfacet
  facet normal 0.830058 -0.557677 0
    outer loop
      vertex 111.969 45.7914 0
      vertex 111.874 45.65 15.1364
      vertex 111.874 45.65 0
    endloop
  endfacet
  facet normal -0.441103 0.897457 0
    outer loop
      vertex 113.65 43.8742 0
      vertex 113.497 43.799 15.3357
      vertex 113.65 43.8742 15.3545
    endloop
  endfacet
  facet normal -0.441103 0.897457 0
    outer loop
      vertex 113.497 43.799 15.3357
      vertex 113.65 43.8742 0
      vertex 113.497 43.799 0
    endloop
  endfacet
  facet normal 0.946306 -0.323272 0
    outer loop
      vertex 111.744 45.3365 15.1205
      vertex 111.799 45.4975 0
      vertex 111.799 45.4975 15.1272
    endloop
  endfacet
  facet normal 0.946306 -0.323272 0
    outer loop
      vertex 111.799 45.4975 0
      vertex 111.744 45.3365 15.1205
      vertex 111.744 45.3365 0
    endloop
  endfacet
  facet normal 0.441103 -0.897457 0
    outer loop
      vertex 112.503 46.201 0
      vertex 112.35 46.1258 15.1948
      vertex 112.35 46.1258 0
    endloop
  endfacet
  facet normal 0.441103 -0.897457 0
    outer loop
      vertex 112.35 46.1258 15.1948
      vertex 112.503 46.201 0
      vertex 112.503 46.201 15.2136
    endloop
  endfacet
  facet normal 0.321692 0.946844 -0
    outer loop
      vertex 112.664 43.7443 0
      vertex 112.503 43.799 15.2136
      vertex 112.664 43.7443 15.2333
    endloop
  endfacet
  facet normal 0.321692 0.946844 0
    outer loop
      vertex 112.503 43.799 15.2136
      vertex 112.664 43.7443 0
      vertex 112.503 43.799 0
    endloop
  endfacet
  facet normal -0.830058 0.557677 0
    outer loop
      vertex 114.031 44.2086 15.4013
      vertex 114.126 44.35 0
      vertex 114.031 44.2086 0
    endloop
  endfacet
  facet normal -0.830058 0.557677 0
    outer loop
      vertex 114.126 44.35 0
      vertex 114.031 44.2086 15.4013
      vertex 114.126 44.35 15.4129
    endloop
  endfacet
  facet normal -0.196116 0.980581 0
    outer loop
      vertex 113.336 43.7443 0
      vertex 113.17 43.7111 15.2955
      vertex 113.336 43.7443 15.316
    endloop
  endfacet
  facet normal -0.196116 0.980581 0
    outer loop
      vertex 113.17 43.7111 15.2955
      vertex 113.336 43.7443 0
      vertex 113.17 43.7111 0
    endloop
  endfacet
  facet normal -0.0651554 -0.997875 0
    outer loop
      vertex 113.17 46.2889 0
      vertex 113 46.3 15.2747
      vertex 113 46.3 0
    endloop
  endfacet
  facet normal -0.0651554 -0.997875 0
    outer loop
      vertex 113 46.3 15.2747
      vertex 113.17 46.2889 0
      vertex 113.17 46.2889 15.2955
    endloop
  endfacet
  facet normal -0.980986 0.19408 0
    outer loop
      vertex 114.256 44.6635 15.4288
      vertex 114.289 44.8303 0
      vertex 114.256 44.6635 0
    endloop
  endfacet
  facet normal -0.980986 0.19408 0
    outer loop
      vertex 114.289 44.8303 0
      vertex 114.256 44.6635 15.4288
      vertex 114.289 44.8303 15.4329
    endloop
  endfacet
  facet normal -0.556331 0.830961 0
    outer loop
      vertex 113.791 43.9686 0
      vertex 113.65 43.8742 15.3545
      vertex 113.791 43.9686 15.3718
    endloop
  endfacet
  facet normal -0.556331 0.830961 0
    outer loop
      vertex 113.65 43.8742 15.3545
      vertex 113.791 43.9686 0
      vertex 113.65 43.8742 0
    endloop
  endfacet
  facet normal -0.556331 -0.830961 0
    outer loop
      vertex 113.791 46.0314 0
      vertex 113.65 46.1258 15.3545
      vertex 113.65 46.1258 0
    endloop
  endfacet
  facet normal -0.556331 -0.830961 0
    outer loop
      vertex 113.65 46.1258 15.3545
      vertex 113.791 46.0314 0
      vertex 113.791 46.0314 15.3718
    endloop
  endfacet
  facet normal -0.89735 0.44132 0
    outer loop
      vertex 114.126 44.35 15.4129
      vertex 114.201 44.5025 0
      vertex 114.126 44.35 0
    endloop
  endfacet
  facet normal -0.89735 0.44132 0
    outer loop
      vertex 114.201 44.5025 0
      vertex 114.126 44.35 15.4129
      vertex 114.201 44.5025 15.4221
    endloop
  endfacet
  facet normal 0.556331 -0.830961 0
    outer loop
      vertex 112.35 46.1258 0
      vertex 112.209 46.0314 15.1775
      vertex 112.209 46.0314 0
    endloop
  endfacet
  facet normal 0.556331 -0.830961 0
    outer loop
      vertex 112.209 46.0314 15.1775
      vertex 112.35 46.1258 0
      vertex 112.35 46.1258 15.1948
    endloop
  endfacet
  facet normal -0.752066 0.659088 0
    outer loop
      vertex 113.919 44.0808 15.3875
      vertex 114.031 44.2086 0
      vertex 113.919 44.0808 0
    endloop
  endfacet
  facet normal -0.752066 0.659088 0
    outer loop
      vertex 114.031 44.2086 0
      vertex 113.919 44.0808 15.3875
      vertex 114.031 44.2086 15.4013
    endloop
  endfacet
  facet normal -0.196116 -0.980581 0
    outer loop
      vertex 113.336 46.2557 0
      vertex 113.17 46.2889 15.2955
      vertex 113.17 46.2889 0
    endloop
  endfacet
  facet normal -0.196116 -0.980581 0
    outer loop
      vertex 113.17 46.2889 15.2955
      vertex 113.336 46.2557 0
      vertex 113.336 46.2557 15.316
    endloop
  endfacet
  facet normal 0.65917 -0.751994 0
    outer loop
      vertex 112.209 46.0314 0
      vertex 112.081 45.9192 15.1618
      vertex 112.081 45.9192 0
    endloop
  endfacet
  facet normal 0.65917 -0.751994 0
    outer loop
      vertex 112.081 45.9192 15.1618
      vertex 112.209 46.0314 0
      vertex 112.209 46.0314 15.1775
    endloop
  endfacet
  facet normal 0.321692 -0.946844 0
    outer loop
      vertex 112.664 46.2557 0
      vertex 112.503 46.201 15.2136
      vertex 112.503 46.201 0
    endloop
  endfacet
  facet normal 0.321692 -0.946844 0
    outer loop
      vertex 112.503 46.201 15.2136
      vertex 112.664 46.2557 0
      vertex 112.664 46.2557 15.2333
    endloop
  endfacet
  facet normal -0.997906 0.0646845 0
    outer loop
      vertex 114.289 44.8303 0
      vertex 114.3 45 15.4343
      vertex 114.3 45 0
    endloop
  endfacet
  facet normal -0.997906 0.0646845 0
    outer loop
      vertex 114.3 45 15.4343
      vertex 114.289 44.8303 0
      vertex 114.289 44.8303 15.4329
    endloop
  endfacet
  facet normal 0.980986 0.19408 -0
    outer loop
      vertex 111.744 44.6635 0
      vertex 111.711 44.8303 15.1164
      vertex 111.744 44.6635 15.1205
    endloop
  endfacet
  facet normal 0.980986 0.19408 0
    outer loop
      vertex 111.711 44.8303 15.1164
      vertex 111.744 44.6635 0
      vertex 111.711 44.8303 0
    endloop
  endfacet
  facet normal -0.65917 -0.751994 0
    outer loop
      vertex 113.919 45.9192 0
      vertex 113.791 46.0314 15.3718
      vertex 113.791 46.0314 0
    endloop
  endfacet
  facet normal -0.65917 -0.751994 0
    outer loop
      vertex 113.791 46.0314 15.3718
      vertex 113.919 45.9192 0
      vertex 113.919 45.9192 15.3875
    endloop
  endfacet
  facet normal -0.0651554 0.997875 0
    outer loop
      vertex 113.17 43.7111 0
      vertex 113 43.7 15.2747
      vertex 113.17 43.7111 15.2955
    endloop
  endfacet
  facet normal -0.0651554 0.997875 0
    outer loop
      vertex 113 43.7 15.2747
      vertex 113.17 43.7111 0
      vertex 113 43.7 0
    endloop
  endfacet
  facet normal 0.441103 0.897457 -0
    outer loop
      vertex 112.503 43.799 0
      vertex 112.35 43.8742 15.1948
      vertex 112.503 43.799 15.2136
    endloop
  endfacet
  facet normal 0.441103 0.897457 0
    outer loop
      vertex 112.35 43.8742 15.1948
      vertex 112.503 43.799 0
      vertex 112.35 43.8742 0
    endloop
  endfacet
  facet normal 0.830058 0.557677 -0
    outer loop
      vertex 111.969 44.2086 0
      vertex 111.874 44.35 15.1364
      vertex 111.969 44.2086 15.148
    endloop
  endfacet
  facet normal 0.830058 0.557677 0
    outer loop
      vertex 111.874 44.35 15.1364
      vertex 111.969 44.2086 0
      vertex 111.874 44.35 0
    endloop
  endfacet
  facet normal -0.752066 -0.659088 0
    outer loop
      vertex 114.031 45.7914 0
      vertex 113.919 45.9192 15.3875
      vertex 113.919 45.9192 0
    endloop
  endfacet
  facet normal -0.752066 -0.659088 0
    outer loop
      vertex 113.919 45.9192 15.3875
      vertex 114.031 45.7914 0
      vertex 114.031 45.7914 15.4013
    endloop
  endfacet
  facet normal -0.946306 0.323272 0
    outer loop
      vertex 114.201 44.5025 15.4221
      vertex 114.256 44.6635 0
      vertex 114.201 44.5025 0
    endloop
  endfacet
  facet normal -0.946306 0.323272 0
    outer loop
      vertex 114.256 44.6635 0
      vertex 114.201 44.5025 15.4221
      vertex 114.256 44.6635 15.4288
    endloop
  endfacet
  facet normal 0.0651554 -0.997875 0
    outer loop
      vertex 113 46.3 0
      vertex 112.83 46.2889 15.2538
      vertex 112.83 46.2889 0
    endloop
  endfacet
  facet normal 0.0651554 -0.997875 0
    outer loop
      vertex 112.83 46.2889 15.2538
      vertex 113 46.3 0
      vertex 113 46.3 15.2747
    endloop
  endfacet
  facet normal -0.441103 -0.897457 0
    outer loop
      vertex 113.65 46.1258 0
      vertex 113.497 46.201 15.3357
      vertex 113.497 46.201 0
    endloop
  endfacet
  facet normal -0.441103 -0.897457 0
    outer loop
      vertex 113.497 46.201 15.3357
      vertex 113.65 46.1258 0
      vertex 113.65 46.1258 15.3545
    endloop
  endfacet
  facet normal 0.980986 -0.19408 0
    outer loop
      vertex 111.711 45.1697 15.1164
      vertex 111.744 45.3365 0
      vertex 111.744 45.3365 15.1205
    endloop
  endfacet
  facet normal 0.980986 -0.19408 0
    outer loop
      vertex 111.744 45.3365 0
      vertex 111.711 45.1697 15.1164
      vertex 111.711 45.1697 0
    endloop
  endfacet
  facet normal 0.946306 0.323272 -0
    outer loop
      vertex 111.799 44.5025 0
      vertex 111.744 44.6635 15.1205
      vertex 111.799 44.5025 15.1272
    endloop
  endfacet
  facet normal 0.946306 0.323272 0
    outer loop
      vertex 111.744 44.6635 15.1205
      vertex 111.799 44.5025 0
      vertex 111.744 44.6635 0
    endloop
  endfacet
  facet normal 0.196116 -0.980581 0
    outer loop
      vertex 112.83 46.2889 0
      vertex 112.664 46.2557 15.2333
      vertex 112.664 46.2557 0
    endloop
  endfacet
  facet normal 0.196116 -0.980581 0
    outer loop
      vertex 112.664 46.2557 15.2333
      vertex 112.83 46.2889 0
      vertex 112.83 46.2889 15.2538
    endloop
  endfacet
  facet normal 0.997906 0.0646845 0
    outer loop
      vertex 111.711 44.8303 15.1164
      vertex 111.7 45 0
      vertex 111.7 45 15.115
    endloop
  endfacet
  facet normal 0.997906 0.0646845 0
    outer loop
      vertex 111.7 45 0
      vertex 111.711 44.8303 15.1164
      vertex 111.711 44.8303 0
    endloop
  endfacet
  facet normal 0.997906 -0.0646845 0
    outer loop
      vertex 111.7 45 15.115
      vertex 111.711 45.1697 0
      vertex 111.711 45.1697 15.1164
    endloop
  endfacet
  facet normal 0.997906 -0.0646845 0
    outer loop
      vertex 111.711 45.1697 0
      vertex 111.7 45 15.115
      vertex 111.7 45 0
    endloop
  endfacet
  facet normal 0.556331 0.830961 -0
    outer loop
      vertex 112.35 43.8742 0
      vertex 112.209 43.9686 15.1775
      vertex 112.35 43.8742 15.1948
    endloop
  endfacet
  facet normal 0.556331 0.830961 0
    outer loop
      vertex 112.209 43.9686 15.1775
      vertex 112.35 43.8742 0
      vertex 112.209 43.9686 0
    endloop
  endfacet
  facet normal 0.0651554 0.997875 -0
    outer loop
      vertex 113 43.7 0
      vertex 112.83 43.7111 15.2538
      vertex 113 43.7 15.2747
    endloop
  endfacet
  facet normal 0.0651554 0.997875 0
    outer loop
      vertex 112.83 43.7111 15.2538
      vertex 113 43.7 0
      vertex 112.83 43.7111 0
    endloop
  endfacet
  facet normal 0.196116 0.980581 -0
    outer loop
      vertex 112.83 43.7111 0
      vertex 112.664 43.7443 15.2333
      vertex 112.83 43.7111 15.2538
    endloop
  endfacet
  facet normal 0.196116 0.980581 0
    outer loop
      vertex 112.664 43.7443 15.2333
      vertex 112.83 43.7111 0
      vertex 112.664 43.7443 0
    endloop
  endfacet
  facet normal -0.65917 0.751994 0
    outer loop
      vertex 113.919 44.0808 0
      vertex 113.791 43.9686 15.3718
      vertex 113.919 44.0808 15.3875
    endloop
  endfacet
  facet normal -0.65917 0.751994 0
    outer loop
      vertex 113.791 43.9686 15.3718
      vertex 113.919 44.0808 0
      vertex 113.791 43.9686 0
    endloop
  endfacet
  facet normal -0.321692 0.946844 0
    outer loop
      vertex 113.497 72.799 0
      vertex 113.336 72.7443 15.316
      vertex 113.497 72.799 15.3357
    endloop
  endfacet
  facet normal -0.321692 0.946844 0
    outer loop
      vertex 113.336 72.7443 15.316
      vertex 113.497 72.799 0
      vertex 113.336 72.7443 0
    endloop
  endfacet
  facet normal -0.980986 -0.19408 0
    outer loop
      vertex 114.289 74.1697 0
      vertex 114.256 74.3365 15.4288
      vertex 114.256 74.3365 0
    endloop
  endfacet
  facet normal -0.980986 -0.19408 0
    outer loop
      vertex 114.256 74.3365 15.4288
      vertex 114.289 74.1697 0
      vertex 114.289 74.1697 15.4329
    endloop
  endfacet
  facet normal -0.997906 -0.0646845 0
    outer loop
      vertex 114.3 74 0
      vertex 114.289 74.1697 15.4329
      vertex 114.289 74.1697 0
    endloop
  endfacet
  facet normal -0.997906 -0.0646845 0
    outer loop
      vertex 114.289 74.1697 15.4329
      vertex 114.3 74 0
      vertex 114.3 74 15.4343
    endloop
  endfacet
  facet normal -0.946306 -0.323272 0
    outer loop
      vertex 114.256 74.3365 0
      vertex 114.201 74.4975 15.4221
      vertex 114.201 74.4975 0
    endloop
  endfacet
  facet normal -0.946306 -0.323272 0
    outer loop
      vertex 114.201 74.4975 15.4221
      vertex 114.256 74.3365 0
      vertex 114.256 74.3365 15.4288
    endloop
  endfacet
  facet normal -0.321692 -0.946844 0
    outer loop
      vertex 113.497 75.201 0
      vertex 113.336 75.2557 15.316
      vertex 113.336 75.2557 0
    endloop
  endfacet
  facet normal -0.321692 -0.946844 0
    outer loop
      vertex 113.336 75.2557 15.316
      vertex 113.497 75.201 0
      vertex 113.497 75.201 15.3357
    endloop
  endfacet
  facet normal 0.89735 -0.44132 0
    outer loop
      vertex 111.799 74.4975 15.1272
      vertex 111.874 74.65 0
      vertex 111.874 74.65 15.1364
    endloop
  endfacet
  facet normal 0.89735 -0.44132 0
    outer loop
      vertex 111.874 74.65 0
      vertex 111.799 74.4975 15.1272
      vertex 111.799 74.4975 0
    endloop
  endfacet
  facet normal 0.752066 0.659088 -0
    outer loop
      vertex 112.081 73.0808 0
      vertex 111.969 73.2086 15.148
      vertex 112.081 73.0808 15.1618
    endloop
  endfacet
  facet normal 0.752066 0.659088 0
    outer loop
      vertex 111.969 73.2086 15.148
      vertex 112.081 73.0808 0
      vertex 111.969 73.2086 0
    endloop
  endfacet
  facet normal -0.830058 -0.557677 0
    outer loop
      vertex 114.126 74.65 0
      vertex 114.031 74.7914 15.4013
      vertex 114.031 74.7914 0
    endloop
  endfacet
  facet normal -0.830058 -0.557677 0
    outer loop
      vertex 114.031 74.7914 15.4013
      vertex 114.126 74.65 0
      vertex 114.126 74.65 15.4129
    endloop
  endfacet
  facet normal -0.89735 -0.44132 0
    outer loop
      vertex 114.201 74.4975 0
      vertex 114.126 74.65 15.4129
      vertex 114.126 74.65 0
    endloop
  endfacet
  facet normal -0.89735 -0.44132 0
    outer loop
      vertex 114.126 74.65 15.4129
      vertex 114.201 74.4975 0
      vertex 114.201 74.4975 15.4221
    endloop
  endfacet
  facet normal 0.65917 0.751994 -0
    outer loop
      vertex 112.209 72.9686 0
      vertex 112.081 73.0808 15.1618
      vertex 112.209 72.9686 15.1775
    endloop
  endfacet
  facet normal 0.65917 0.751994 0
    outer loop
      vertex 112.081 73.0808 15.1618
      vertex 112.209 72.9686 0
      vertex 112.081 73.0808 0
    endloop
  endfacet
  facet normal 0.752066 -0.659088 0
    outer loop
      vertex 111.969 74.7914 15.148
      vertex 112.081 74.9192 0
      vertex 112.081 74.9192 15.1618
    endloop
  endfacet
  facet normal 0.752066 -0.659088 0
    outer loop
      vertex 112.081 74.9192 0
      vertex 111.969 74.7914 15.148
      vertex 111.969 74.7914 0
    endloop
  endfacet
  facet normal -0.946306 0.323272 0
    outer loop
      vertex 114.201 73.5025 15.4221
      vertex 114.256 73.6635 0
      vertex 114.201 73.5025 0
    endloop
  endfacet
  facet normal -0.946306 0.323272 0
    outer loop
      vertex 114.256 73.6635 0
      vertex 114.201 73.5025 15.4221
      vertex 114.256 73.6635 15.4288
    endloop
  endfacet
  facet normal 0.830058 -0.557677 0
    outer loop
      vertex 111.874 74.65 15.1364
      vertex 111.969 74.7914 0
      vertex 111.969 74.7914 15.148
    endloop
  endfacet
  facet normal 0.830058 -0.557677 0
    outer loop
      vertex 111.969 74.7914 0
      vertex 111.874 74.65 15.1364
      vertex 111.874 74.65 0
    endloop
  endfacet
  facet normal 0.196116 -0.980581 0
    outer loop
      vertex 112.83 75.2889 0
      vertex 112.664 75.2557 15.2333
      vertex 112.664 75.2557 0
    endloop
  endfacet
  facet normal 0.196116 -0.980581 0
    outer loop
      vertex 112.664 75.2557 15.2333
      vertex 112.83 75.2889 0
      vertex 112.83 75.2889 15.2538
    endloop
  endfacet
  facet normal -0.441103 0.897457 0
    outer loop
      vertex 113.65 72.8742 0
      vertex 113.497 72.799 15.3357
      vertex 113.65 72.8742 15.3545
    endloop
  endfacet
  facet normal -0.441103 0.897457 0
    outer loop
      vertex 113.497 72.799 15.3357
      vertex 113.65 72.8742 0
      vertex 113.497 72.799 0
    endloop
  endfacet
  facet normal 0.946306 -0.323272 0
    outer loop
      vertex 111.744 74.3365 15.1205
      vertex 111.799 74.4975 0
      vertex 111.799 74.4975 15.1272
    endloop
  endfacet
  facet normal 0.946306 -0.323272 0
    outer loop
      vertex 111.799 74.4975 0
      vertex 111.744 74.3365 15.1205
      vertex 111.744 74.3365 0
    endloop
  endfacet
  facet normal 0.441103 -0.897457 0
    outer loop
      vertex 112.503 75.201 0
      vertex 112.35 75.1258 15.1948
      vertex 112.35 75.1258 0
    endloop
  endfacet
  facet normal 0.441103 -0.897457 0
    outer loop
      vertex 112.35 75.1258 15.1948
      vertex 112.503 75.201 0
      vertex 112.503 75.201 15.2136
    endloop
  endfacet
  facet normal 0.321692 0.946844 -0
    outer loop
      vertex 112.664 72.7443 0
      vertex 112.503 72.799 15.2136
      vertex 112.664 72.7443 15.2333
    endloop
  endfacet
  facet normal 0.321692 0.946844 0
    outer loop
      vertex 112.503 72.799 15.2136
      vertex 112.664 72.7443 0
      vertex 112.503 72.799 0
    endloop
  endfacet
  facet normal -0.830058 0.557677 0
    outer loop
      vertex 114.031 73.2086 15.4013
      vertex 114.126 73.35 0
      vertex 114.031 73.2086 0
    endloop
  endfacet
  facet normal -0.830058 0.557677 0
    outer loop
      vertex 114.126 73.35 0
      vertex 114.031 73.2086 15.4013
      vertex 114.126 73.35 15.4129
    endloop
  endfacet
  facet normal -0.196116 0.980581 0
    outer loop
      vertex 113.336 72.7443 0
      vertex 113.17 72.7111 15.2955
      vertex 113.336 72.7443 15.316
    endloop
  endfacet
  facet normal -0.196116 0.980581 0
    outer loop
      vertex 113.17 72.7111 15.2955
      vertex 113.336 72.7443 0
      vertex 113.17 72.7111 0
    endloop
  endfacet
  facet normal -0.0651554 -0.997875 0
    outer loop
      vertex 113.17 75.2889 0
      vertex 113 75.3 15.2747
      vertex 113 75.3 0
    endloop
  endfacet
  facet normal -0.0651554 -0.997875 0
    outer loop
      vertex 113 75.3 15.2747
      vertex 113.17 75.2889 0
      vertex 113.17 75.2889 15.2955
    endloop
  endfacet
  facet normal -0.980986 0.19408 0
    outer loop
      vertex 114.256 73.6635 15.4288
      vertex 114.289 73.8303 0
      vertex 114.256 73.6635 0
    endloop
  endfacet
  facet normal -0.980986 0.19408 0
    outer loop
      vertex 114.289 73.8303 0
      vertex 114.256 73.6635 15.4288
      vertex 114.289 73.8303 15.4329
    endloop
  endfacet
  facet normal -0.556331 0.830961 0
    outer loop
      vertex 113.791 72.9686 0
      vertex 113.65 72.8742 15.3545
      vertex 113.791 72.9686 15.3718
    endloop
  endfacet
  facet normal -0.556331 0.830961 0
    outer loop
      vertex 113.65 72.8742 15.3545
      vertex 113.791 72.9686 0
      vertex 113.65 72.8742 0
    endloop
  endfacet
  facet normal -0.556331 -0.830961 0
    outer loop
      vertex 113.791 75.0314 0
      vertex 113.65 75.1258 15.3545
      vertex 113.65 75.1258 0
    endloop
  endfacet
  facet normal -0.556331 -0.830961 0
    outer loop
      vertex 113.65 75.1258 15.3545
      vertex 113.791 75.0314 0
      vertex 113.791 75.0314 15.3718
    endloop
  endfacet
  facet normal -0.89735 0.44132 0
    outer loop
      vertex 114.126 73.35 15.4129
      vertex 114.201 73.5025 0
      vertex 114.126 73.35 0
    endloop
  endfacet
  facet normal -0.89735 0.44132 0
    outer loop
      vertex 114.201 73.5025 0
      vertex 114.126 73.35 15.4129
      vertex 114.201 73.5025 15.4221
    endloop
  endfacet
  facet normal 0.556331 -0.830961 0
    outer loop
      vertex 112.35 75.1258 0
      vertex 112.209 75.0314 15.1775
      vertex 112.209 75.0314 0
    endloop
  endfacet
  facet normal 0.556331 -0.830961 0
    outer loop
      vertex 112.209 75.0314 15.1775
      vertex 112.35 75.1258 0
      vertex 112.35 75.1258 15.1948
    endloop
  endfacet
  facet normal -0.752066 0.659088 0
    outer loop
      vertex 113.919 73.0808 15.3875
      vertex 114.031 73.2086 0
      vertex 113.919 73.0808 0
    endloop
  endfacet
  facet normal -0.752066 0.659088 0
    outer loop
      vertex 114.031 73.2086 0
      vertex 113.919 73.0808 15.3875
      vertex 114.031 73.2086 15.4013
    endloop
  endfacet
  facet normal -0.196116 -0.980581 0
    outer loop
      vertex 113.336 75.2557 0
      vertex 113.17 75.2889 15.2955
      vertex 113.17 75.2889 0
    endloop
  endfacet
  facet normal -0.196116 -0.980581 0
    outer loop
      vertex 113.17 75.2889 15.2955
      vertex 113.336 75.2557 0
      vertex 113.336 75.2557 15.316
    endloop
  endfacet
  facet normal 0.65917 -0.751994 0
    outer loop
      vertex 112.209 75.0314 0
      vertex 112.081 74.9192 15.1618
      vertex 112.081 74.9192 0
    endloop
  endfacet
  facet normal 0.65917 -0.751994 0
    outer loop
      vertex 112.081 74.9192 15.1618
      vertex 112.209 75.0314 0
      vertex 112.209 75.0314 15.1775
    endloop
  endfacet
  facet normal 0.321692 -0.946844 0
    outer loop
      vertex 112.664 75.2557 0
      vertex 112.503 75.201 15.2136
      vertex 112.503 75.201 0
    endloop
  endfacet
  facet normal 0.321692 -0.946844 0
    outer loop
      vertex 112.503 75.201 15.2136
      vertex 112.664 75.2557 0
      vertex 112.664 75.2557 15.2333
    endloop
  endfacet
  facet normal -0.997906 0.0646845 0
    outer loop
      vertex 114.289 73.8303 0
      vertex 114.3 74 15.4343
      vertex 114.3 74 0
    endloop
  endfacet
  facet normal -0.997906 0.0646845 0
    outer loop
      vertex 114.3 74 15.4343
      vertex 114.289 73.8303 0
      vertex 114.289 73.8303 15.4329
    endloop
  endfacet
  facet normal 0.980986 0.19408 -0
    outer loop
      vertex 111.744 73.6635 0
      vertex 111.711 73.8303 15.1164
      vertex 111.744 73.6635 15.1205
    endloop
  endfacet
  facet normal 0.980986 0.19408 0
    outer loop
      vertex 111.711 73.8303 15.1164
      vertex 111.744 73.6635 0
      vertex 111.711 73.8303 0
    endloop
  endfacet
  facet normal -0.65917 -0.751994 0
    outer loop
      vertex 113.919 74.9192 0
      vertex 113.791 75.0314 15.3718
      vertex 113.791 75.0314 0
    endloop
  endfacet
  facet normal -0.65917 -0.751994 0
    outer loop
      vertex 113.791 75.0314 15.3718
      vertex 113.919 74.9192 0
      vertex 113.919 74.9192 15.3875
    endloop
  endfacet
  facet normal -0.0651554 0.997875 0
    outer loop
      vertex 113.17 72.7111 0
      vertex 113 72.7 15.2747
      vertex 113.17 72.7111 15.2955
    endloop
  endfacet
  facet normal -0.0651554 0.997875 0
    outer loop
      vertex 113 72.7 15.2747
      vertex 113.17 72.7111 0
      vertex 113 72.7 0
    endloop
  endfacet
  facet normal 0.89735 0.44132 -0
    outer loop
      vertex 111.874 73.35 0
      vertex 111.799 73.5025 15.1272
      vertex 111.874 73.35 15.1364
    endloop
  endfacet
  facet normal 0.89735 0.44132 0
    outer loop
      vertex 111.799 73.5025 15.1272
      vertex 111.874 73.35 0
      vertex 111.799 73.5025 0
    endloop
  endfacet
  facet normal 0.441103 0.897457 -0
    outer loop
      vertex 112.503 72.799 0
      vertex 112.35 72.8742 15.1948
      vertex 112.503 72.799 15.2136
    endloop
  endfacet
  facet normal 0.441103 0.897457 0
    outer loop
      vertex 112.35 72.8742 15.1948
      vertex 112.503 72.799 0
      vertex 112.35 72.8742 0
    endloop
  endfacet
  facet normal 0.830058 0.557677 -0
    outer loop
      vertex 111.969 73.2086 0
      vertex 111.874 73.35 15.1364
      vertex 111.969 73.2086 15.148
    endloop
  endfacet
  facet normal 0.830058 0.557677 0
    outer loop
      vertex 111.874 73.35 15.1364
      vertex 111.969 73.2086 0
      vertex 111.874 73.35 0
    endloop
  endfacet
  facet normal -0.752066 -0.659088 0
    outer loop
      vertex 114.031 74.7914 0
      vertex 113.919 74.9192 15.3875
      vertex 113.919 74.9192 0
    endloop
  endfacet
  facet normal -0.752066 -0.659088 0
    outer loop
      vertex 113.919 74.9192 15.3875
      vertex 114.031 74.7914 0
      vertex 114.031 74.7914 15.4013
    endloop
  endfacet
  facet normal 0.0651554 -0.997875 0
    outer loop
      vertex 113 75.3 0
      vertex 112.83 75.2889 15.2538
      vertex 112.83 75.2889 0
    endloop
  endfacet
  facet normal 0.0651554 -0.997875 0
    outer loop
      vertex 112.83 75.2889 15.2538
      vertex 113 75.3 0
      vertex 113 75.3 15.2747
    endloop
  endfacet
  facet normal -0.441103 -0.897457 0
    outer loop
      vertex 113.65 75.1258 0
      vertex 113.497 75.201 15.3357
      vertex 113.497 75.201 0
    endloop
  endfacet
  facet normal -0.441103 -0.897457 0
    outer loop
      vertex 113.497 75.201 15.3357
      vertex 113.65 75.1258 0
      vertex 113.65 75.1258 15.3545
    endloop
  endfacet
  facet normal 0.980986 -0.19408 0
    outer loop
      vertex 111.711 74.1697 15.1164
      vertex 111.744 74.3365 0
      vertex 111.744 74.3365 15.1205
    endloop
  endfacet
  facet normal 0.980986 -0.19408 0
    outer loop
      vertex 111.744 74.3365 0
      vertex 111.711 74.1697 15.1164
      vertex 111.711 74.1697 0
    endloop
  endfacet
  facet normal 0.946306 0.323272 -0
    outer loop
      vertex 111.799 73.5025 0
      vertex 111.744 73.6635 15.1205
      vertex 111.799 73.5025 15.1272
    endloop
  endfacet
  facet normal 0.946306 0.323272 0
    outer loop
      vertex 111.744 73.6635 15.1205
      vertex 111.799 73.5025 0
      vertex 111.744 73.6635 0
    endloop
  endfacet
  facet normal 0.997906 0.0646845 0
    outer loop
      vertex 111.711 73.8303 15.1164
      vertex 111.7 74 0
      vertex 111.7 74 15.115
    endloop
  endfacet
  facet normal 0.997906 0.0646845 0
    outer loop
      vertex 111.7 74 0
      vertex 111.711 73.8303 15.1164
      vertex 111.711 73.8303 0
    endloop
  endfacet
  facet normal 0.997906 -0.0646845 0
    outer loop
      vertex 111.7 74 15.115
      vertex 111.711 74.1697 0
      vertex 111.711 74.1697 15.1164
    endloop
  endfacet
  facet normal 0.997906 -0.0646845 0
    outer loop
      vertex 111.711 74.1697 0
      vertex 111.7 74 15.115
      vertex 111.7 74 0
    endloop
  endfacet
  facet normal 0.556331 0.830961 -0
    outer loop
      vertex 112.35 72.8742 0
      vertex 112.209 72.9686 15.1775
      vertex 112.35 72.8742 15.1948
    endloop
  endfacet
  facet normal 0.556331 0.830961 0
    outer loop
      vertex 112.209 72.9686 15.1775
      vertex 112.35 72.8742 0
      vertex 112.209 72.9686 0
    endloop
  endfacet
  facet normal 0.0651554 0.997875 -0
    outer loop
      vertex 113 72.7 0
      vertex 112.83 72.7111 15.2538
      vertex 113 72.7 15.2747
    endloop
  endfacet
  facet normal 0.0651554 0.997875 0
    outer loop
      vertex 112.83 72.7111 15.2538
      vertex 113 72.7 0
      vertex 112.83 72.7111 0
    endloop
  endfacet
  facet normal 0.196116 0.980581 -0
    outer loop
      vertex 112.83 72.7111 0
      vertex 112.664 72.7443 15.2333
      vertex 112.83 72.7111 15.2538
    endloop
  endfacet
  facet normal 0.196116 0.980581 0
    outer loop
      vertex 112.664 72.7443 15.2333
      vertex 112.83 72.7111 0
      vertex 112.664 72.7443 0
    endloop
  endfacet
  facet normal -0.65917 0.751994 0
    outer loop
      vertex 113.919 73.0808 0
      vertex 113.791 72.9686 15.3718
      vertex 113.919 73.0808 15.3875
    endloop
  endfacet
  facet normal -0.65917 0.751994 0
    outer loop
      vertex 113.791 72.9686 15.3718
      vertex 113.919 73.0808 0
      vertex 113.791 72.9686 0
    endloop
  endfacet
  facet normal 1 0 0
    outer loop
      vertex 46 2.5 9.14809
      vertex 46 0 9.14809
      vertex 46 2.5 7.04809
    endloop
  endfacet
  facet normal 1 -0 0
    outer loop
      vertex 46 2.5 7.04809
      vertex 46 6.5 3.04809
      vertex 46 6.5 7.04809
    endloop
  endfacet
  facet normal 1 0 0
    outer loop
      vertex 46 0 3.04809
      vertex 46 2.5 7.04809
      vertex 46 0 9.14809
    endloop
  endfacet
  facet normal 1 0 0
    outer loop
      vertex 46 2.5 7.04809
      vertex 46 0 3.04809
      vertex 46 6.5 3.04809
    endloop
  endfacet
  facet normal -0.121845 0 0.992549
    outer loop
      vertex 111.75 6.5 11.1212
      vertex 114.25 14.0841 11.4281
      vertex 111.75 14.5259 11.1212
    endloop
  endfacet
  facet normal -0.122458 0.000656475 0.992473
    outer loop
      vertex 143.268 6.36101 14.9911
      vertex 143.49 6.5 15.0184
      vertex 143.366 6.5 15.0031
    endloop
  endfacet
  facet normal -0.122388 0.000542161 0.992482
    outer loop
      vertex 143.145 6.237 14.976
      vertex 143.49 6.5 15.0184
      vertex 143.268 6.36101 14.9911
    endloop
  endfacet
  facet normal -0.121981 0 0.992532
    outer loop
      vertex 143.49 6.5 15.0184
      vertex 143.145 6.237 14.976
      vertex 143.49 0 15.0184
    endloop
  endfacet
  facet normal -0.122149 -9.42813e-06 0.992512
    outer loop
      vertex 143.002 6.13701 14.9584
      vertex 143.49 0 15.0184
      vertex 143.145 6.237 14.976
    endloop
  endfacet
  facet normal -0.121875 1.2638e-05 0.992545
    outer loop
      vertex 142.844 6.06401 14.939
      vertex 143.49 0 15.0184
      vertex 143.002 6.13701 14.9584
    endloop
  endfacet
  facet normal -0.121715 2.99335e-05 0.992565
    outer loop
      vertex 142.676 6.01901 14.9184
      vertex 143.49 0 15.0184
      vertex 142.844 6.06401 14.939
    endloop
  endfacet
  facet normal -0.122067 -1.83465e-05 0.992522
    outer loop
      vertex 142.502 6.00301 14.897
      vertex 143.49 0 15.0184
      vertex 142.676 6.01901 14.9184
    endloop
  endfacet
  facet normal -0.1215 7.64188e-05 0.992591
    outer loop
      vertex 142.328 6.01901 14.8757
      vertex 143.49 0 15.0184
      vertex 142.502 6.00301 14.897
    endloop
  endfacet
  facet normal -0.121698 3.76779e-05 0.992567
    outer loop
      vertex 142.16 6.06401 14.8551
      vertex 143.49 0 15.0184
      vertex 142.328 6.01901 14.8757
    endloop
  endfacet
  facet normal -0.121873 -1.42539e-06 0.992546
    outer loop
      vertex 140.962 6.5 14.708
      vertex 143.49 0 15.0184
      vertex 142.16 6.06401 14.8551
    endloop
  endfacet
  facet normal -0.121872 -1.04269e-06 0.992546
    outer loop
      vertex 114.25 6.5 11.4281
      vertex 143.49 0 15.0184
      vertex 140.962 6.5 14.708
    endloop
  endfacet
  facet normal -0.121845 0 0.992549
    outer loop
      vertex 114.25 14.0841 11.4281
      vertex 111.75 6.5 11.1212
      vertex 114.25 6.5 11.4281
    endloop
  endfacet
  facet normal -0.121845 0.000121793 0.992549
    outer loop
      vertex 111.75 6.5 11.1212
      vertex 143.49 0 15.0184
      vertex 114.25 6.5 11.4281
    endloop
  endfacet
  facet normal -0.12187 0 0.992546
    outer loop
      vertex 46 0 3.04809
      vertex 111.75 6.5 11.1212
      vertex 46 6.5 3.04809
    endloop
  endfacet
  facet normal -0.12187 6.08667e-07 0.992546
    outer loop
      vertex 111.75 6.5 11.1212
      vertex 46 0 3.04809
      vertex 143.49 0 15.0184
    endloop
  endfacet
  facet normal -0.111994 0.135509 0.984426
    outer loop
      vertex 65.7349 9.33789 5.47123
      vertex 65.7348 9.33788 5.47122
      vertex 66.6485 9.278 5.58341
    endloop
  endfacet
  facet normal -0.106698 0.0755639 0.991416
    outer loop
      vertex 64.8368 9.51652 5.36096
      vertex 65.7348 9.33788 5.47122
      vertex 65.7349 9.33789 5.47123
    endloop
  endfacet
  facet normal -0.121869 0 0.992546
    outer loop
      vertex 64.8368 9.51652 5.36096
      vertex 64.8368 9.51651 5.36096
      vertex 65.7348 9.33788 5.47122
    endloop
  endfacet
  facet normal -0.121876 0 0.992545
    outer loop
      vertex 63.9698 9.81084 5.2545
      vertex 64.8368 9.51651 5.36096
      vertex 64.8368 9.51652 5.36096
    endloop
  endfacet
  facet normal 0 0.340137 0.940376
    outer loop
      vertex 63.9698 9.81084 5.2545
      vertex 63.9697 9.81084 5.2545
      vertex 64.8368 9.51651 5.36096
    endloop
  endfacet
  facet normal 0 0.241611 0.970373
    outer loop
      vertex 63.1485 10.2158 5.15367
      vertex 63.9697 9.81084 5.2545
      vertex 63.9698 9.81084 5.2545
    endloop
  endfacet
  facet normal -0.442279 -0.896878 -0
    outer loop
      vertex 63.1485 10.2158 5.15367
      vertex 63.1485 10.2158 5.15366
      vertex 63.9697 9.81084 5.2545
    endloop
  endfacet
  facet normal -0.555582 -0.831462 0
    outer loop
      vertex 62.3872 10.7245 5.06019
      vertex 63.1485 10.2158 5.15366
      vertex 63.1485 10.2158 5.15367
    endloop
  endfacet
  facet normal -0.121877 0 0.992545
    outer loop
      vertex 61.6988 11.3282 4.97566
      vertex 62.3872 10.7245 5.06019
      vertex 61.6988 11.3283 4.97566
    endloop
  endfacet
  facet normal -0.121877 0 0.992545
    outer loop
      vertex 61.6988 11.3283 4.97566
      vertex 61.0951 12.0167 4.90153
      vertex 61.6988 11.3282 4.97566
    endloop
  endfacet
  facet normal 0 0.0817691 0.996651
    outer loop
      vertex 60.5864 12.778 4.83907
      vertex 60.5863 12.778 4.83907
      vertex 61.0951 12.0167 4.90153
    endloop
  endfacet
  facet normal 0 0.0604393 0.998172
    outer loop
      vertex 60.1918 13.578 4.79063
      vertex 60.5863 12.778 4.83907
      vertex 60.5864 12.778 4.83907
    endloop
  endfacet
  facet normal -0.121876 0 0.992545
    outer loop
      vertex 68.4603 9.51652 5.80586
      vertex 68.4603 9.51651 5.80586
      vertex 69.3273 9.81084 5.91232
    endloop
  endfacet
  facet normal -0.121855 0 0.992548
    outer loop
      vertex 67.5622 9.33789 5.6956
      vertex 68.4603 9.51651 5.80586
      vertex 68.4603 9.51652 5.80586
    endloop
  endfacet
  facet normal -0.121855 0 0.992548
    outer loop
      vertex 67.5622 9.33789 5.6956
      vertex 67.5622 9.33788 5.6956
      vertex 68.4603 9.51651 5.80586
    endloop
  endfacet
  facet normal -0.121872 0 0.992546
    outer loop
      vertex 67.5622 9.33788 5.6956
      vertex 67.5622 9.33789 5.6956
      vertex 66.7091 9.28197 5.59085
    endloop
  endfacet
  facet normal -0.121882 0 0.992545
    outer loop
      vertex 138.349 46.25 14.3871
      vertex 143.49 43.75 15.0184
      vertex 143.49 46.25 15.0184
    endloop
  endfacet
  facet normal -0.121882 0 0.992545
    outer loop
      vertex 143.49 43.75 15.0184
      vertex 138.349 46.25 14.3871
      vertex 138.349 43.75 14.3871
    endloop
  endfacet
  facet normal 0.195076 -0.980788 0
    outer loop
      vertex 67.5622 9.33789 9.6956
      vertex 68.4603 9.51652 5.80586
      vertex 68.4603 9.51652 9.80586
    endloop
  endfacet
  facet normal 0.195076 -0.980788 0
    outer loop
      vertex 68.4603 9.51652 5.80586
      vertex 67.5622 9.33789 9.6956
      vertex 67.5622 9.33789 5.6956
    endloop
  endfacet
  facet normal 0.555469 -0.831537 0
    outer loop
      vertex 70.5108 10.4579 10.0576
      vertex 70.9099 10.7245 6.10664
      vertex 70.9099 10.7245 10.1066
    endloop
  endfacet
  facet normal 0.555469 -0.831537 0
    outer loop
      vertex 70.9099 10.7245 6.10664
      vertex 70.5108 10.4579 10.0576
      vertex 70.5108 10.4579 6.05764
    endloop
  endfacet
  facet normal -0.555582 -0.831462 0
    outer loop
      vertex 62.3872 10.7245 9.06019
      vertex 63.1485 10.2158 5.15367
      vertex 63.1485 10.2158 9.15367
    endloop
  endfacet
  facet normal -0.555582 -0.831462 0
    outer loop
      vertex 63.1485 10.2158 5.15367
      vertex 62.3872 10.7245 9.06019
      vertex 62.3872 10.7245 5.06019
    endloop
  endfacet
  facet normal 0.831463 -0.55558 0
    outer loop
      vertex 72.202 12.0167 10.2653
      vertex 72.3186 12.1912 6.27961
      vertex 72.3186 12.1912 10.2796
    endloop
  endfacet
  facet normal 0.831463 -0.55558 0
    outer loop
      vertex 72.3186 12.1912 6.27961
      vertex 72.202 12.0167 10.2653
      vertex 72.202 12.0167 6.26529
    endloop
  endfacet
  facet normal -0.896836 -0.442364 0
    outer loop
      vertex 60.5864 12.778 4.83907
      vertex 60.1918 13.578 8.79063
      vertex 60.1918 13.578 4.79063
    endloop
  endfacet
  facet normal -0.896836 -0.442364 0
    outer loop
      vertex 60.1918 13.578 8.79063
      vertex 60.5864 12.778 4.83907
      vertex 60.5864 12.778 8.83907
    endloop
  endfacet
  facet normal -0.0654135 -0.997858 0
    outer loop
      vertex 65.7349 9.33789 9.47123
      vertex 66.6485 9.278 5.58341
      vertex 66.6485 9.278 9.58341
    endloop
  endfacet
  facet normal -0.0654135 -0.997858 0
    outer loop
      vertex 66.6485 9.278 5.58341
      vertex 65.7349 9.33789 9.47123
      vertex 65.7349 9.33789 5.47123
    endloop
  endfacet
  facet normal 0.659339 -0.751846 0
    outer loop
      vertex 70.9099 10.7245 10.1066
      vertex 71.5983 11.3282 6.19116
      vertex 71.5983 11.3282 10.1912
    endloop
  endfacet
  facet normal 0.659339 -0.751846 0
    outer loop
      vertex 71.5983 11.3282 6.19116
      vertex 70.9099 10.7245 10.1066
      vertex 70.9099 10.7245 6.10664
    endloop
  endfacet
  facet normal 0.321452 -0.946926 0
    outer loop
      vertex 68.4603 9.51652 9.80586
      vertex 69.3273 9.81084 5.91232
      vertex 69.3273 9.81084 9.91232
    endloop
  endfacet
  facet normal 0.321452 -0.946926 0
    outer loop
      vertex 69.3273 9.81084 5.91232
      vertex 68.4603 9.51652 9.80586
      vertex 68.4603 9.51652 5.80586
    endloop
  endfacet
  facet normal -0.831462 -0.555582 0
    outer loop
      vertex 61.0951 12.0167 4.90153
      vertex 60.5864 12.778 8.83907
      vertex 60.5864 12.778 4.83907
    endloop
  endfacet
  facet normal -0.831462 -0.555582 0
    outer loop
      vertex 60.5864 12.778 8.83907
      vertex 61.0951 12.0167 4.90153
      vertex 61.0951 12.0167 8.90153
    endloop
  endfacet
  facet normal -0.442236 -0.896899 0
    outer loop
      vertex 63.1485 10.2158 9.15367
      vertex 63.9698 9.81084 5.2545
      vertex 63.9698 9.81084 9.2545
    endloop
  endfacet
  facet normal -0.442236 -0.896899 0
    outer loop
      vertex 63.9698 9.81084 5.2545
      vertex 63.1485 10.2158 9.15367
      vertex 63.1485 10.2158 5.15367
    endloop
  endfacet
  facet normal 0.751877 -0.659303 0
    outer loop
      vertex 71.6764 11.4173 10.2008
      vertex 72.202 12.0167 6.26529
      vertex 72.202 12.0167 10.2653
    endloop
  endfacet
  facet normal 0.751877 -0.659303 0
    outer loop
      vertex 72.202 12.0167 6.26529
      vertex 71.6764 11.4173 10.2008
      vertex 71.6764 11.4173 6.20076
    endloop
  endfacet
  facet normal -0.195076 -0.980788 0
    outer loop
      vertex 64.8368 9.51652 9.36096
      vertex 65.7349 9.33789 5.47123
      vertex 65.7349 9.33789 9.47123
    endloop
  endfacet
  facet normal -0.195076 -0.980788 0
    outer loop
      vertex 65.7349 9.33789 5.47123
      vertex 64.8368 9.51652 9.36096
      vertex 64.8368 9.51652 5.36096
    endloop
  endfacet
  facet normal -0.321452 -0.946926 0
    outer loop
      vertex 63.9698 9.81084 9.2545
      vertex 64.8368 9.51652 5.36096
      vertex 64.8368 9.51652 9.36096
    endloop
  endfacet
  facet normal -0.321452 -0.946926 0
    outer loop
      vertex 64.8368 9.51652 5.36096
      vertex 63.9698 9.81084 9.2545
      vertex 63.9698 9.81084 5.2545
    endloop
  endfacet
  facet normal 0.44233 -0.896852 0
    outer loop
      vertex 69.3273 9.81084 9.91232
      vertex 69.5877 9.93927 5.9443
      vertex 69.5877 9.93927 9.9443
    endloop
  endfacet
  facet normal 0.44233 -0.896852 0
    outer loop
      vertex 69.5877 9.93927 5.9443
      vertex 69.3273 9.81084 9.91232
      vertex 69.3273 9.81084 5.91232
    endloop
  endfacet
  facet normal 0.0654088 -0.997859 0
    outer loop
      vertex 66.7091 9.28197 9.59085
      vertex 67.5622 9.33789 5.6956
      vertex 67.5622 9.33789 9.6956
    endloop
  endfacet
  facet normal 0.0654088 -0.997859 0
    outer loop
      vertex 67.5622 9.33789 5.6956
      vertex 66.7091 9.28197 9.59085
      vertex 66.7091 9.28197 5.59085
    endloop
  endfacet
  facet normal -0.751846 -0.659339 0
    outer loop
      vertex 61.6988 11.3283 4.97566
      vertex 61.0951 12.0167 8.90153
      vertex 61.0951 12.0167 4.90153
    endloop
  endfacet
  facet normal -0.751846 -0.659339 0
    outer loop
      vertex 61.0951 12.0167 8.90153
      vertex 61.6988 11.3283 4.97566
      vertex 61.6988 11.3283 8.97566
    endloop
  endfacet
  facet normal -0.659401 -0.751791 0
    outer loop
      vertex 61.6988 11.3283 8.97566
      vertex 62.3872 10.7245 5.06019
      vertex 62.3872 10.7245 9.06019
    endloop
  endfacet
  facet normal -0.659401 -0.751791 0
    outer loop
      vertex 62.3872 10.7245 5.06019
      vertex 61.6988 11.3283 8.97566
      vertex 61.6988 11.3283 4.97566
    endloop
  endfacet
  facet normal 0.258736 -0.965948 0
    outer loop
      vertex 142.676 6.01901 18.9184
      vertex 142.844 6.06401 14.939
      vertex 142.844 6.06401 18.939
    endloop
  endfacet
  facet normal 0.258736 -0.965948 0
    outer loop
      vertex 142.844 6.06401 14.939
      vertex 142.676 6.01901 18.9184
      vertex 142.676 6.01901 14.9184
    endloop
  endfacet
  facet normal 0.419422 -0.907791 0
    outer loop
      vertex 142.844 6.06401 18.939
      vertex 143.002 6.13701 14.9584
      vertex 143.002 6.13701 18.9584
    endloop
  endfacet
  facet normal 0.419422 -0.907791 0
    outer loop
      vertex 143.002 6.13701 14.9584
      vertex 142.844 6.06401 18.939
      vertex 142.844 6.06401 14.939
    endloop
  endfacet
  facet normal 0.573039 -0.819528 0
    outer loop
      vertex 143.002 6.13701 18.9584
      vertex 143.145 6.237 14.976
      vertex 143.145 6.237 18.976
    endloop
  endfacet
  facet normal 0.573039 -0.819528 0
    outer loop
      vertex 143.145 6.237 14.976
      vertex 143.002 6.13701 18.9584
      vertex 143.002 6.13701 14.9584
    endloop
  endfacet
  facet normal 0.709992 -0.70421 0
    outer loop
      vertex 143.145 6.237 18.976
      vertex 143.268 6.36101 14.9911
      vertex 143.268 6.36101 18.9911
    endloop
  endfacet
  facet normal 0.709992 -0.70421 0
    outer loop
      vertex 143.268 6.36101 14.9911
      vertex 143.145 6.237 18.976
      vertex 143.145 6.237 14.976
    endloop
  endfacet
  facet normal 0.817274 -0.576249 0
    outer loop
      vertex 143.268 6.36101 18.9911
      vertex 143.366 6.5 15.0031
      vertex 143.366 6.5 19.0031
    endloop
  endfacet
  facet normal 0.817274 -0.576249 0
    outer loop
      vertex 143.366 6.5 15.0031
      vertex 143.268 6.36101 18.9911
      vertex 143.268 6.36101 14.9911
    endloop
  endfacet
  facet normal 1 -0 0
    outer loop
      vertex 138.349 43.75 18.3871
      vertex 138.349 46.25 14.3871
      vertex 138.349 46.25 18.3871
    endloop
  endfacet
  facet normal 1 0 0
    outer loop
      vertex 138.349 46.25 14.3871
      vertex 138.349 43.75 18.3871
      vertex 138.349 43.75 14.3871
    endloop
  endfacet
  facet normal -0.174024 -0.984741 0
    outer loop
      vertex 111.75 14.5259 15.1212
      vertex 114.25 14.0841 11.4281
      vertex 114.25 14.0841 15.4281
    endloop
  endfacet
  facet normal -0.174024 -0.984741 0
    outer loop
      vertex 114.25 14.0841 11.4281
      vertex 111.75 14.5259 15.1212
      vertex 111.75 14.5259 11.1212
    endloop
  endfacet
  facet normal -0.341988 -0.939704 0
    outer loop
      vertex 140.962 6.5 18.708
      vertex 142.16 6.06401 14.8551
      vertex 142.16 6.06401 18.8551
    endloop
  endfacet
  facet normal -0.341988 -0.939704 0
    outer loop
      vertex 142.16 6.06401 14.8551
      vertex 140.962 6.5 18.708
      vertex 140.962 6.5 14.708
    endloop
  endfacet
  facet normal -0.258736 -0.965948 0
    outer loop
      vertex 142.16 6.06401 18.8551
      vertex 142.328 6.01901 14.8757
      vertex 142.328 6.01901 18.8757
    endloop
  endfacet
  facet normal -0.258736 -0.965948 0
    outer loop
      vertex 142.328 6.01901 14.8757
      vertex 142.16 6.06401 18.8551
      vertex 142.16 6.06401 14.8551
    endloop
  endfacet
  facet normal -0.0915677 -0.995799 0
    outer loop
      vertex 142.328 6.01901 18.8757
      vertex 142.502 6.00301 14.897
      vertex 142.502 6.00301 18.897
    endloop
  endfacet
  facet normal -0.0915677 -0.995799 0
    outer loop
      vertex 142.502 6.00301 14.897
      vertex 142.328 6.01901 18.8757
      vertex 142.328 6.01901 14.8757
    endloop
  endfacet
  facet normal 0.0915677 -0.995799 0
    outer loop
      vertex 142.502 6.00301 18.897
      vertex 142.676 6.01901 14.9184
      vertex 142.676 6.01901 18.9184
    endloop
  endfacet
  facet normal 0.0915677 -0.995799 0
    outer loop
      vertex 142.676 6.01901 14.9184
      vertex 142.502 6.00301 18.897
      vertex 142.502 6.00301 14.897
    endloop
  endfacet
  facet normal 0.659765 -0.751472 0
    outer loop
      vertex 147.788 6.91174 0
      vertex 147.955 7.05836 7.8
      vertex 147.788 6.91174 7.8
    endloop
  endfacet
  facet normal 0.659765 -0.751472 0
    outer loop
      vertex 147.955 7.05836 7.8
      vertex 147.788 6.91174 0
      vertex 147.955 7.05836 0
    endloop
  endfacet
  facet normal 0.659765 -0.751472 0
    outer loop
      vertex 147.788 6.91174 10.5
      vertex 147.955 7.05836 13
      vertex 147.788 6.91174 13
    endloop
  endfacet
  facet normal 0.659765 -0.751472 0
    outer loop
      vertex 147.955 7.05836 13
      vertex 147.788 6.91174 10.5
      vertex 147.955 7.05836 10.5
    endloop
  endfacet
  facet normal -0.195164 0.980771 0
    outer loop
      vertex 149.43 4.06758 0
      vertex 149.212 4.0242 7.8
      vertex 149.43 4.06758 7.8
    endloop
  endfacet
  facet normal -0.195164 0.980771 0
    outer loop
      vertex 149.212 4.0242 7.8
      vertex 149.43 4.06758 0
      vertex 149.212 4.0242 0
    endloop
  endfacet
  facet normal -0.195164 0.980771 0
    outer loop
      vertex 149.43 4.06758 10.5
      vertex 149.212 4.0242 13
      vertex 149.43 4.06758 13
    endloop
  endfacet
  facet normal -0.195164 0.980771 0
    outer loop
      vertex 149.212 4.0242 13
      vertex 149.43 4.06758 10.5
      vertex 149.212 4.0242 10.5
    endloop
  endfacet
  facet normal -0.981113 -0.193434 0
    outer loop
      vertex 150.675 5.93155 0
      vertex 150.632 6.14965 7.8
      vertex 150.632 6.14965 0
    endloop
  endfacet
  facet normal -0.981113 -0.193434 0
    outer loop
      vertex 150.632 6.14965 7.8
      vertex 150.675 5.93155 0
      vertex 150.675 5.93155 7.8
    endloop
  endfacet
  facet normal -0.981113 -0.193434 0
    outer loop
      vertex 150.675 5.93155 10.5
      vertex 150.632 6.14965 13
      vertex 150.632 6.14965 10.5
    endloop
  endfacet
  facet normal -0.981113 -0.193434 0
    outer loop
      vertex 150.632 6.14965 13
      vertex 150.675 5.93155 10.5
      vertex 150.675 5.93155 13
    endloop
  endfacet
  facet normal -0.997723 -0.0674471 0
    outer loop
      vertex 150.69 5.70966 0
      vertex 150.675 5.93155 7.8
      vertex 150.675 5.93155 0
    endloop
  endfacet
  facet normal -0.997723 -0.0674471 0
    outer loop
      vertex 150.675 5.93155 7.8
      vertex 150.69 5.70966 0
      vertex 150.69 5.70966 7.8
    endloop
  endfacet
  facet normal -0.997723 -0.0674471 0
    outer loop
      vertex 150.69 5.70966 10.5
      vertex 150.675 5.93155 13
      vertex 150.675 5.93155 10.5
    endloop
  endfacet
  facet normal -0.997723 -0.0674471 0
    outer loop
      vertex 150.675 5.93155 13
      vertex 150.69 5.70966 10.5
      vertex 150.69 5.70966 13
    endloop
  endfacet
  facet normal 0.195164 0.980771 -0
    outer loop
      vertex 148.768 4.0242 0
      vertex 148.55 4.06758 7.8
      vertex 148.768 4.0242 7.8
    endloop
  endfacet
  facet normal 0.195164 0.980771 0
    outer loop
      vertex 148.55 4.06758 7.8
      vertex 148.768 4.0242 0
      vertex 148.55 4.06758 0
    endloop
  endfacet
  facet normal 0.195164 0.980771 -0
    outer loop
      vertex 148.768 4.0242 10.5
      vertex 148.55 4.06758 13
      vertex 148.768 4.0242 13
    endloop
  endfacet
  facet normal 0.195164 0.980771 0
    outer loop
      vertex 148.55 4.06758 13
      vertex 148.768 4.0242 10.5
      vertex 148.55 4.06758 10.5
    endloop
  endfacet
  facet normal 0.555343 0.831621 -0
    outer loop
      vertex 148.14 4.23742 0
      vertex 147.955 4.36096 7.8
      vertex 148.14 4.23742 7.8
    endloop
  endfacet
  facet normal 0.555343 0.831621 0
    outer loop
      vertex 147.955 4.36096 7.8
      vertex 148.14 4.23742 0
      vertex 147.955 4.36096 0
    endloop
  endfacet
  facet normal 0.555343 0.831621 -0
    outer loop
      vertex 148.14 4.23742 10.5
      vertex 147.955 4.36096 13
      vertex 148.14 4.23742 13
    endloop
  endfacet
  facet normal 0.555343 0.831621 0
    outer loop
      vertex 147.955 4.36096 13
      vertex 148.14 4.23742 10.5
      vertex 147.955 4.36096 10.5
    endloop
  endfacet
  facet normal -0.981112 0.193442 0
    outer loop
      vertex 150.632 5.26967 0
      vertex 150.675 5.48776 7.8
      vertex 150.675 5.48776 0
    endloop
  endfacet
  facet normal -0.981112 0.193442 0
    outer loop
      vertex 150.675 5.48776 7.8
      vertex 150.632 5.26967 0
      vertex 150.632 5.26967 7.8
    endloop
  endfacet
  facet normal -0.981112 0.193442 0
    outer loop
      vertex 150.632 5.26967 10.5
      vertex 150.675 5.48776 13
      vertex 150.675 5.48776 10.5
    endloop
  endfacet
  facet normal -0.981112 0.193442 0
    outer loop
      vertex 150.675 5.48776 13
      vertex 150.632 5.26967 10.5
      vertex 150.632 5.26967 13
    endloop
  endfacet
  facet normal 0.750997 -0.660306 0
    outer loop
      vertex 147.641 6.74455 7.8
      vertex 147.788 6.91174 0
      vertex 147.788 6.91174 7.8
    endloop
  endfacet
  facet normal 0.750997 -0.660306 0
    outer loop
      vertex 147.788 6.91174 0
      vertex 147.641 6.74455 7.8
      vertex 147.641 6.74455 0
    endloop
  endfacet
  facet normal 0.750997 -0.660306 0
    outer loop
      vertex 147.641 6.74455 13
      vertex 147.788 6.91174 10.5
      vertex 147.788 6.91174 13
    endloop
  endfacet
  facet normal 0.750997 -0.660306 0
    outer loop
      vertex 147.788 6.91174 10.5
      vertex 147.641 6.74455 13
      vertex 147.641 6.74455 10.5
    endloop
  endfacet
  facet normal -0.4431 0.896472 0
    outer loop
      vertex 149.84 4.23742 0
      vertex 149.641 4.13906 7.8
      vertex 149.84 4.23742 7.8
    endloop
  endfacet
  facet normal -0.4431 0.896472 0
    outer loop
      vertex 149.641 4.13906 7.8
      vertex 149.84 4.23742 0
      vertex 149.641 4.13906 0
    endloop
  endfacet
  facet normal -0.4431 0.896472 0
    outer loop
      vertex 149.84 4.23742 10.5
      vertex 149.641 4.13906 13
      vertex 149.84 4.23742 13
    endloop
  endfacet
  facet normal -0.4431 0.896472 0
    outer loop
      vertex 149.641 4.13906 13
      vertex 149.84 4.23742 10.5
      vertex 149.641 4.13906 10.5
    endloop
  endfacet
  facet normal -0.320856 -0.947128 0
    outer loop
      vertex 149.43 7.35173 0
      vertex 149.641 7.28025 7.8
      vertex 149.43 7.35173 7.8
    endloop
  endfacet
  facet normal -0.320856 -0.947128 -0
    outer loop
      vertex 149.641 7.28025 7.8
      vertex 149.43 7.35173 0
      vertex 149.641 7.28025 0
    endloop
  endfacet
  facet normal -0.320856 -0.947128 0
    outer loop
      vertex 149.43 7.35173 10.5
      vertex 149.641 7.28025 13
      vertex 149.43 7.35173 13
    endloop
  endfacet
  facet normal -0.320856 -0.947128 -0
    outer loop
      vertex 149.641 7.28025 13
      vertex 149.43 7.35173 10.5
      vertex 149.641 7.28025 10.5
    endloop
  endfacet
  facet normal 0.4431 0.896472 -0
    outer loop
      vertex 148.339 4.13906 0
      vertex 148.14 4.23742 7.8
      vertex 148.339 4.13906 7.8
    endloop
  endfacet
  facet normal 0.4431 0.896472 0
    outer loop
      vertex 148.14 4.23742 7.8
      vertex 148.339 4.13906 0
      vertex 148.14 4.23742 0
    endloop
  endfacet
  facet normal 0.4431 0.896472 -0
    outer loop
      vertex 148.339 4.13906 10.5
      vertex 148.14 4.23742 13
      vertex 148.339 4.13906 13
    endloop
  endfacet
  facet normal 0.4431 0.896472 0
    outer loop
      vertex 148.14 4.23742 13
      vertex 148.339 4.13906 10.5
      vertex 148.14 4.23742 10.5
    endloop
  endfacet
  facet normal -0.659765 -0.751472 0
    outer loop
      vertex 150.025 7.05836 0
      vertex 150.192 6.91174 7.8
      vertex 150.025 7.05836 7.8
    endloop
  endfacet
  facet normal -0.659765 -0.751472 -0
    outer loop
      vertex 150.192 6.91174 7.8
      vertex 150.025 7.05836 0
      vertex 150.192 6.91174 0
    endloop
  endfacet
  facet normal -0.659765 -0.751472 0
    outer loop
      vertex 150.025 7.05836 10.5
      vertex 150.192 6.91174 13
      vertex 150.025 7.05836 13
    endloop
  endfacet
  facet normal -0.659765 -0.751472 -0
    outer loop
      vertex 150.192 6.91174 13
      vertex 150.025 7.05836 10.5
      vertex 150.192 6.91174 10.5
    endloop
  endfacet
  facet normal 0.997723 0.0674441 0
    outer loop
      vertex 147.305 5.48776 7.8
      vertex 147.29 5.70966 0
      vertex 147.29 5.70966 7.8
    endloop
  endfacet
  facet normal 0.997723 0.0674441 0
    outer loop
      vertex 147.29 5.70966 0
      vertex 147.305 5.48776 7.8
      vertex 147.305 5.48776 0
    endloop
  endfacet
  facet normal 0.997723 0.0674441 0
    outer loop
      vertex 147.305 5.48776 13
      vertex 147.29 5.70966 10.5
      vertex 147.29 5.70966 13
    endloop
  endfacet
  facet normal 0.997723 0.0674441 0
    outer loop
      vertex 147.29 5.70966 10.5
      vertex 147.305 5.48776 13
      vertex 147.305 5.48776 10.5
    endloop
  endfacet
  facet normal 0.895717 -0.444625 0
    outer loop
      vertex 147.419 6.36022 7.8
      vertex 147.518 6.55966 0
      vertex 147.518 6.55966 7.8
    endloop
  endfacet
  facet normal 0.895717 -0.444625 0
    outer loop
      vertex 147.518 6.55966 0
      vertex 147.419 6.36022 7.8
      vertex 147.419 6.36022 0
    endloop
  endfacet
  facet normal 0.895717 -0.444625 0
    outer loop
      vertex 147.419 6.36022 13
      vertex 147.518 6.55966 10.5
      vertex 147.518 6.55966 13
    endloop
  endfacet
  facet normal 0.895717 -0.444625 0
    outer loop
      vertex 147.518 6.55966 10.5
      vertex 147.419 6.36022 13
      vertex 147.419 6.36022 10.5
    endloop
  endfacet
  facet normal 0.981112 0.193442 0
    outer loop
      vertex 147.348 5.26967 7.8
      vertex 147.305 5.48776 0
      vertex 147.305 5.48776 7.8
    endloop
  endfacet
  facet normal 0.981112 0.193442 0
    outer loop
      vertex 147.305 5.48776 0
      vertex 147.348 5.26967 7.8
      vertex 147.348 5.26967 0
    endloop
  endfacet
  facet normal 0.981112 0.193442 0
    outer loop
      vertex 147.348 5.26967 13
      vertex 147.305 5.48776 10.5
      vertex 147.305 5.48776 13
    endloop
  endfacet
  facet normal 0.981112 0.193442 0
    outer loop
      vertex 147.305 5.48776 10.5
      vertex 147.348 5.26967 13
      vertex 147.348 5.26967 10.5
    endloop
  endfacet
  facet normal -0.832604 0.553869 0
    outer loop
      vertex 150.339 4.67476 0
      vertex 150.462 4.85966 7.8
      vertex 150.462 4.85966 0
    endloop
  endfacet
  facet normal -0.832604 0.553869 0
    outer loop
      vertex 150.462 4.85966 7.8
      vertex 150.339 4.67476 0
      vertex 150.339 4.67476 7.8
    endloop
  endfacet
  facet normal -0.832604 0.553869 0
    outer loop
      vertex 150.339 4.67476 10.5
      vertex 150.462 4.85966 13
      vertex 150.462 4.85966 10.5
    endloop
  endfacet
  facet normal -0.832604 0.553869 0
    outer loop
      vertex 150.462 4.85966 13
      vertex 150.339 4.67476 10.5
      vertex 150.339 4.67476 13
    endloop
  endfacet
  facet normal -0.895717 0.444625 0
    outer loop
      vertex 150.462 4.85966 0
      vertex 150.561 5.0591 7.8
      vertex 150.561 5.0591 0
    endloop
  endfacet
  facet normal -0.895717 0.444625 0
    outer loop
      vertex 150.561 5.0591 7.8
      vertex 150.462 4.85966 0
      vertex 150.462 4.85966 7.8
    endloop
  endfacet
  facet normal -0.895717 0.444625 0
    outer loop
      vertex 150.462 4.85966 10.5
      vertex 150.561 5.0591 13
      vertex 150.561 5.0591 10.5
    endloop
  endfacet
  facet normal -0.895717 0.444625 0
    outer loop
      vertex 150.561 5.0591 13
      vertex 150.462 4.85966 10.5
      vertex 150.462 4.85966 13
    endloop
  endfacet
  facet normal 0.320856 -0.947128 0
    outer loop
      vertex 148.339 7.28025 0
      vertex 148.55 7.35173 7.8
      vertex 148.339 7.28025 7.8
    endloop
  endfacet
  facet normal 0.320856 -0.947128 0
    outer loop
      vertex 148.55 7.35173 7.8
      vertex 148.339 7.28025 0
      vertex 148.55 7.35173 0
    endloop
  endfacet
  facet normal 0.320856 -0.947128 0
    outer loop
      vertex 148.339 7.28025 10.5
      vertex 148.55 7.35173 13
      vertex 148.339 7.28025 13
    endloop
  endfacet
  facet normal 0.320856 -0.947128 0
    outer loop
      vertex 148.55 7.35173 13
      vertex 148.339 7.28025 10.5
      vertex 148.55 7.35173 10.5
    endloop
  endfacet
  facet normal 0.895717 0.444625 0
    outer loop
      vertex 147.518 4.85966 7.8
      vertex 147.419 5.0591 0
      vertex 147.419 5.0591 7.8
    endloop
  endfacet
  facet normal 0.895717 0.444625 0
    outer loop
      vertex 147.419 5.0591 0
      vertex 147.518 4.85966 7.8
      vertex 147.518 4.85966 0
    endloop
  endfacet
  facet normal 0.895717 0.444625 0
    outer loop
      vertex 147.518 4.85966 13
      vertex 147.419 5.0591 10.5
      vertex 147.419 5.0591 13
    endloop
  endfacet
  facet normal 0.895717 0.444625 0
    outer loop
      vertex 147.419 5.0591 10.5
      vertex 147.518 4.85966 13
      vertex 147.518 4.85966 10.5
    endloop
  endfacet
  facet normal 0.947584 0.319506 0
    outer loop
      vertex 147.419 5.0591 7.8
      vertex 147.348 5.26967 0
      vertex 147.348 5.26967 7.8
    endloop
  endfacet
  facet normal 0.947584 0.319506 0
    outer loop
      vertex 147.348 5.26967 0
      vertex 147.419 5.0591 7.8
      vertex 147.419 5.0591 0
    endloop
  endfacet
  facet normal 0.947584 0.319506 0
    outer loop
      vertex 147.419 5.0591 13
      vertex 147.348 5.26967 10.5
      vertex 147.348 5.26967 13
    endloop
  endfacet
  facet normal 0.947584 0.319506 0
    outer loop
      vertex 147.348 5.26967 10.5
      vertex 147.419 5.0591 13
      vertex 147.419 5.0591 10.5
    endloop
  endfacet
  facet normal -0.555343 -0.831621 0
    outer loop
      vertex 149.84 7.1819 0
      vertex 150.025 7.05836 7.8
      vertex 149.84 7.1819 7.8
    endloop
  endfacet
  facet normal -0.555343 -0.831621 -0
    outer loop
      vertex 150.025 7.05836 7.8
      vertex 149.84 7.1819 0
      vertex 150.025 7.05836 0
    endloop
  endfacet
  facet normal -0.555343 -0.831621 0
    outer loop
      vertex 149.84 7.1819 10.5
      vertex 150.025 7.05836 13
      vertex 149.84 7.1819 13
    endloop
  endfacet
  facet normal -0.555343 -0.831621 -0
    outer loop
      vertex 150.025 7.05836 13
      vertex 149.84 7.1819 10.5
      vertex 150.025 7.05836 10.5
    endloop
  endfacet
  facet normal -0.443064 -0.89649 0
    outer loop
      vertex 149.641 7.28025 0
      vertex 149.84 7.1819 7.8
      vertex 149.641 7.28025 7.8
    endloop
  endfacet
  facet normal -0.443064 -0.89649 -0
    outer loop
      vertex 149.84 7.1819 7.8
      vertex 149.641 7.28025 0
      vertex 149.84 7.1819 0
    endloop
  endfacet
  facet normal -0.443064 -0.89649 0
    outer loop
      vertex 149.641 7.28025 10.5
      vertex 149.84 7.1819 13
      vertex 149.641 7.28025 13
    endloop
  endfacet
  facet normal -0.443064 -0.89649 -0
    outer loop
      vertex 149.84 7.1819 13
      vertex 149.641 7.28025 10.5
      vertex 149.84 7.1819 10.5
    endloop
  endfacet
  facet normal -0.195208 -0.980762 0
    outer loop
      vertex 149.212 7.39512 0
      vertex 149.43 7.35173 7.8
      vertex 149.212 7.39512 7.8
    endloop
  endfacet
  facet normal -0.195208 -0.980762 -0
    outer loop
      vertex 149.43 7.35173 7.8
      vertex 149.212 7.39512 0
      vertex 149.43 7.35173 0
    endloop
  endfacet
  facet normal -0.195208 -0.980762 0
    outer loop
      vertex 149.212 7.39512 10.5
      vertex 149.43 7.35173 13
      vertex 149.212 7.39512 13
    endloop
  endfacet
  facet normal -0.195208 -0.980762 -0
    outer loop
      vertex 149.43 7.35173 13
      vertex 149.212 7.39512 10.5
      vertex 149.43 7.35173 10.5
    endloop
  endfacet
  facet normal -0.997723 0.0674441 0
    outer loop
      vertex 150.675 5.48776 0
      vertex 150.69 5.70966 7.8
      vertex 150.69 5.70966 0
    endloop
  endfacet
  facet normal -0.997723 0.0674441 0
    outer loop
      vertex 150.69 5.70966 7.8
      vertex 150.675 5.48776 0
      vertex 150.675 5.48776 7.8
    endloop
  endfacet
  facet normal -0.997723 0.0674441 0
    outer loop
      vertex 150.675 5.48776 10.5
      vertex 150.69 5.70966 13
      vertex 150.69 5.70966 10.5
    endloop
  endfacet
  facet normal -0.997723 0.0674441 0
    outer loop
      vertex 150.69 5.70966 13
      vertex 150.675 5.48776 10.5
      vertex 150.675 5.48776 13
    endloop
  endfacet
  facet normal 0.981113 -0.193434 0
    outer loop
      vertex 147.305 5.93155 7.8
      vertex 147.348 6.14965 0
      vertex 147.348 6.14965 7.8
    endloop
  endfacet
  facet normal 0.981113 -0.193434 0
    outer loop
      vertex 147.348 6.14965 0
      vertex 147.305 5.93155 7.8
      vertex 147.305 5.93155 0
    endloop
  endfacet
  facet normal 0.981113 -0.193434 0
    outer loop
      vertex 147.305 5.93155 13
      vertex 147.348 6.14965 10.5
      vertex 147.348 6.14965 13
    endloop
  endfacet
  facet normal 0.981113 -0.193434 0
    outer loop
      vertex 147.348 6.14965 10.5
      vertex 147.305 5.93155 13
      vertex 147.305 5.93155 10.5
    endloop
  endfacet
  facet normal -0.659765 0.751472 0
    outer loop
      vertex 150.192 4.50758 0
      vertex 150.025 4.36096 7.8
      vertex 150.192 4.50758 7.8
    endloop
  endfacet
  facet normal -0.659765 0.751472 0
    outer loop
      vertex 150.025 4.36096 7.8
      vertex 150.192 4.50758 0
      vertex 150.025 4.36096 0
    endloop
  endfacet
  facet normal -0.659765 0.751472 0
    outer loop
      vertex 150.192 4.50758 10.5
      vertex 150.025 4.36096 13
      vertex 150.192 4.50758 13
    endloop
  endfacet
  facet normal -0.659765 0.751472 0
    outer loop
      vertex 150.025 4.36096 13
      vertex 150.192 4.50758 10.5
      vertex 150.025 4.36096 10.5
    endloop
  endfacet
  facet normal -0.83259 -0.553889 0
    outer loop
      vertex 150.462 6.55966 0
      vertex 150.339 6.74455 7.8
      vertex 150.339 6.74455 0
    endloop
  endfacet
  facet normal -0.83259 -0.553889 0
    outer loop
      vertex 150.339 6.74455 7.8
      vertex 150.462 6.55966 0
      vertex 150.462 6.55966 7.8
    endloop
  endfacet
  facet normal -0.83259 -0.553889 0
    outer loop
      vertex 150.462 6.55966 10.5
      vertex 150.339 6.74455 13
      vertex 150.339 6.74455 10.5
    endloop
  endfacet
  facet normal -0.83259 -0.553889 0
    outer loop
      vertex 150.339 6.74455 13
      vertex 150.462 6.55966 10.5
      vertex 150.462 6.55966 13
    endloop
  endfacet
  facet normal 0.997723 -0.0674471 0
    outer loop
      vertex 147.29 5.70966 7.8
      vertex 147.305 5.93155 0
      vertex 147.305 5.93155 7.8
    endloop
  endfacet
  facet normal 0.997723 -0.0674471 0
    outer loop
      vertex 147.305 5.93155 0
      vertex 147.29 5.70966 7.8
      vertex 147.29 5.70966 0
    endloop
  endfacet
  facet normal 0.997723 -0.0674471 0
    outer loop
      vertex 147.29 5.70966 13
      vertex 147.305 5.93155 10.5
      vertex 147.305 5.93155 13
    endloop
  endfacet
  facet normal 0.997723 -0.0674471 0
    outer loop
      vertex 147.305 5.93155 10.5
      vertex 147.29 5.70966 13
      vertex 147.29 5.70966 10.5
    endloop
  endfacet
  facet normal 0.555343 -0.831621 0
    outer loop
      vertex 147.955 7.05836 0
      vertex 148.14 7.1819 7.8
      vertex 147.955 7.05836 7.8
    endloop
  endfacet
  facet normal 0.555343 -0.831621 0
    outer loop
      vertex 148.14 7.1819 7.8
      vertex 147.955 7.05836 0
      vertex 148.14 7.1819 0
    endloop
  endfacet
  facet normal 0.555343 -0.831621 0
    outer loop
      vertex 147.955 7.05836 10.5
      vertex 148.14 7.1819 13
      vertex 147.955 7.05836 13
    endloop
  endfacet
  facet normal 0.555343 -0.831621 0
    outer loop
      vertex 148.14 7.1819 13
      vertex 147.955 7.05836 10.5
      vertex 148.14 7.1819 10.5
    endloop
  endfacet
  facet normal 0.320856 0.947128 -0
    outer loop
      vertex 148.55 4.06758 0
      vertex 148.339 4.13906 7.8
      vertex 148.55 4.06758 7.8
    endloop
  endfacet
  facet normal 0.320856 0.947128 0
    outer loop
      vertex 148.339 4.13906 7.8
      vertex 148.55 4.06758 0
      vertex 148.339 4.13906 0
    endloop
  endfacet
  facet normal 0.320856 0.947128 -0
    outer loop
      vertex 148.55 4.06758 10.5
      vertex 148.339 4.13906 13
      vertex 148.55 4.06758 13
    endloop
  endfacet
  facet normal 0.320856 0.947128 0
    outer loop
      vertex 148.339 4.13906 13
      vertex 148.55 4.06758 10.5
      vertex 148.339 4.13906 10.5
    endloop
  endfacet
  facet normal -0.555343 0.831621 0
    outer loop
      vertex 150.025 4.36096 0
      vertex 149.84 4.23742 7.8
      vertex 150.025 4.36096 7.8
    endloop
  endfacet
  facet normal -0.555343 0.831621 0
    outer loop
      vertex 149.84 4.23742 7.8
      vertex 150.025 4.36096 0
      vertex 149.84 4.23742 0
    endloop
  endfacet
  facet normal -0.555343 0.831621 0
    outer loop
      vertex 150.025 4.36096 10.5
      vertex 149.84 4.23742 13
      vertex 150.025 4.36096 13
    endloop
  endfacet
  facet normal -0.555343 0.831621 0
    outer loop
      vertex 149.84 4.23742 13
      vertex 150.025 4.36096 10.5
      vertex 149.84 4.23742 10.5
    endloop
  endfacet
  facet normal 0.195208 -0.980762 0
    outer loop
      vertex 148.55 7.35173 0
      vertex 148.768 7.39512 7.8
      vertex 148.55 7.35173 7.8
    endloop
  endfacet
  facet normal 0.195208 -0.980762 0
    outer loop
      vertex 148.768 7.39512 7.8
      vertex 148.55 7.35173 0
      vertex 148.768 7.39512 0
    endloop
  endfacet
  facet normal 0.195208 -0.980762 0
    outer loop
      vertex 148.55 7.35173 10.5
      vertex 148.768 7.39512 13
      vertex 148.55 7.35173 13
    endloop
  endfacet
  facet normal 0.195208 -0.980762 0
    outer loop
      vertex 148.768 7.39512 13
      vertex 148.55 7.35173 10.5
      vertex 148.768 7.39512 10.5
    endloop
  endfacet
  facet normal -0.895717 -0.444625 0
    outer loop
      vertex 150.561 6.36022 0
      vertex 150.462 6.55966 7.8
      vertex 150.462 6.55966 0
    endloop
  endfacet
  facet normal -0.895717 -0.444625 0
    outer loop
      vertex 150.462 6.55966 7.8
      vertex 150.561 6.36022 0
      vertex 150.561 6.36022 7.8
    endloop
  endfacet
  facet normal -0.895717 -0.444625 0
    outer loop
      vertex 150.561 6.36022 10.5
      vertex 150.462 6.55966 13
      vertex 150.462 6.55966 10.5
    endloop
  endfacet
  facet normal -0.895717 -0.444625 0
    outer loop
      vertex 150.462 6.55966 13
      vertex 150.561 6.36022 10.5
      vertex 150.561 6.36022 13
    endloop
  endfacet
  facet normal -0.947584 0.319506 0
    outer loop
      vertex 150.561 5.0591 0
      vertex 150.632 5.26967 7.8
      vertex 150.632 5.26967 0
    endloop
  endfacet
  facet normal -0.947584 0.319506 0
    outer loop
      vertex 150.632 5.26967 7.8
      vertex 150.561 5.0591 0
      vertex 150.561 5.0591 7.8
    endloop
  endfacet
  facet normal -0.947584 0.319506 0
    outer loop
      vertex 150.561 5.0591 10.5
      vertex 150.632 5.26967 13
      vertex 150.632 5.26967 10.5
    endloop
  endfacet
  facet normal -0.947584 0.319506 0
    outer loop
      vertex 150.632 5.26967 13
      vertex 150.561 5.0591 10.5
      vertex 150.561 5.0591 13
    endloop
  endfacet
  facet normal 0.659765 0.751472 -0
    outer loop
      vertex 147.955 4.36096 0
      vertex 147.788 4.50758 7.8
      vertex 147.955 4.36096 7.8
    endloop
  endfacet
  facet normal 0.659765 0.751472 0
    outer loop
      vertex 147.788 4.50758 7.8
      vertex 147.955 4.36096 0
      vertex 147.788 4.50758 0
    endloop
  endfacet
  facet normal 0.659765 0.751472 -0
    outer loop
      vertex 147.955 4.36096 10.5
      vertex 147.788 4.50758 13
      vertex 147.955 4.36096 13
    endloop
  endfacet
  facet normal 0.659765 0.751472 0
    outer loop
      vertex 147.788 4.50758 13
      vertex 147.955 4.36096 10.5
      vertex 147.788 4.50758 10.5
    endloop
  endfacet
  facet normal -0.750977 0.660328 0
    outer loop
      vertex 150.192 4.50758 0
      vertex 150.339 4.67476 7.8
      vertex 150.339 4.67476 0
    endloop
  endfacet
  facet normal -0.750977 0.660328 0
    outer loop
      vertex 150.339 4.67476 7.8
      vertex 150.192 4.50758 0
      vertex 150.192 4.50758 7.8
    endloop
  endfacet
  facet normal -0.750977 0.660328 0
    outer loop
      vertex 150.192 4.50758 10.5
      vertex 150.339 4.67476 13
      vertex 150.339 4.67476 10.5
    endloop
  endfacet
  facet normal -0.750977 0.660328 0
    outer loop
      vertex 150.339 4.67476 13
      vertex 150.192 4.50758 10.5
      vertex 150.192 4.50758 13
    endloop
  endfacet
  facet normal -0.320856 0.947128 0
    outer loop
      vertex 149.641 4.13906 0
      vertex 149.43 4.06758 7.8
      vertex 149.641 4.13906 7.8
    endloop
  endfacet
  facet normal -0.320856 0.947128 0
    outer loop
      vertex 149.43 4.06758 7.8
      vertex 149.641 4.13906 0
      vertex 149.43 4.06758 0
    endloop
  endfacet
  facet normal -0.320856 0.947128 0
    outer loop
      vertex 149.641 4.13906 10.5
      vertex 149.43 4.06758 13
      vertex 149.641 4.13906 13
    endloop
  endfacet
  facet normal -0.320856 0.947128 0
    outer loop
      vertex 149.43 4.06758 13
      vertex 149.641 4.13906 10.5
      vertex 149.43 4.06758 10.5
    endloop
  endfacet
  facet normal 0.750977 0.660328 0
    outer loop
      vertex 147.788 4.50758 7.8
      vertex 147.641 4.67476 0
      vertex 147.641 4.67476 7.8
    endloop
  endfacet
  facet normal 0.750977 0.660328 0
    outer loop
      vertex 147.641 4.67476 0
      vertex 147.788 4.50758 7.8
      vertex 147.788 4.50758 0
    endloop
  endfacet
  facet normal 0.750977 0.660328 0
    outer loop
      vertex 147.788 4.50758 13
      vertex 147.641 4.67476 10.5
      vertex 147.641 4.67476 13
    endloop
  endfacet
  facet normal 0.750977 0.660328 0
    outer loop
      vertex 147.641 4.67476 10.5
      vertex 147.788 4.50758 13
      vertex 147.788 4.50758 10.5
    endloop
  endfacet
  facet normal -0.750997 -0.660306 0
    outer loop
      vertex 150.339 6.74455 0
      vertex 150.192 6.91174 7.8
      vertex 150.192 6.91174 0
    endloop
  endfacet
  facet normal -0.750997 -0.660306 0
    outer loop
      vertex 150.192 6.91174 7.8
      vertex 150.339 6.74455 0
      vertex 150.339 6.74455 7.8
    endloop
  endfacet
  facet normal -0.750997 -0.660306 0
    outer loop
      vertex 150.339 6.74455 10.5
      vertex 150.192 6.91174 13
      vertex 150.192 6.91174 10.5
    endloop
  endfacet
  facet normal -0.750997 -0.660306 0
    outer loop
      vertex 150.192 6.91174 13
      vertex 150.339 6.74455 10.5
      vertex 150.339 6.74455 13
    endloop
  endfacet
  facet normal -0.947584 -0.319506 0
    outer loop
      vertex 150.632 6.14965 0
      vertex 150.561 6.36022 7.8
      vertex 150.561 6.36022 0
    endloop
  endfacet
  facet normal -0.947584 -0.319506 0
    outer loop
      vertex 150.561 6.36022 7.8
      vertex 150.632 6.14965 0
      vertex 150.632 6.14965 7.8
    endloop
  endfacet
  facet normal -0.947584 -0.319506 0
    outer loop
      vertex 150.632 6.14965 10.5
      vertex 150.561 6.36022 13
      vertex 150.561 6.36022 10.5
    endloop
  endfacet
  facet normal -0.947584 -0.319506 0
    outer loop
      vertex 150.561 6.36022 13
      vertex 150.632 6.14965 10.5
      vertex 150.632 6.14965 13
    endloop
  endfacet
  facet normal 0.443064 -0.89649 0
    outer loop
      vertex 148.14 7.1819 0
      vertex 148.339 7.28025 7.8
      vertex 148.14 7.1819 7.8
    endloop
  endfacet
  facet normal 0.443064 -0.89649 0
    outer loop
      vertex 148.339 7.28025 7.8
      vertex 148.14 7.1819 0
      vertex 148.339 7.28025 0
    endloop
  endfacet
  facet normal 0.443064 -0.89649 0
    outer loop
      vertex 148.14 7.1819 10.5
      vertex 148.339 7.28025 13
      vertex 148.14 7.1819 13
    endloop
  endfacet
  facet normal 0.443064 -0.89649 0
    outer loop
      vertex 148.339 7.28025 13
      vertex 148.14 7.1819 10.5
      vertex 148.339 7.28025 10.5
    endloop
  endfacet
  facet normal -0.0653555 -0.997862 0
    outer loop
      vertex 148.99 7.40966 0
      vertex 149.212 7.39512 7.8
      vertex 148.99 7.40966 7.8
    endloop
  endfacet
  facet normal -0.0653555 -0.997862 -0
    outer loop
      vertex 149.212 7.39512 7.8
      vertex 148.99 7.40966 0
      vertex 149.212 7.39512 0
    endloop
  endfacet
  facet normal -0.0653555 -0.997862 0
    outer loop
      vertex 148.99 7.40966 10.5
      vertex 149.212 7.39512 13
      vertex 148.99 7.40966 13
    endloop
  endfacet
  facet normal -0.0653555 -0.997862 -0
    outer loop
      vertex 149.212 7.39512 13
      vertex 148.99 7.40966 10.5
      vertex 149.212 7.39512 10.5
    endloop
  endfacet
  facet normal 0.947584 -0.319506 0
    outer loop
      vertex 147.348 6.14965 7.8
      vertex 147.419 6.36022 0
      vertex 147.419 6.36022 7.8
    endloop
  endfacet
  facet normal 0.947584 -0.319506 0
    outer loop
      vertex 147.419 6.36022 0
      vertex 147.348 6.14965 7.8
      vertex 147.348 6.14965 0
    endloop
  endfacet
  facet normal 0.947584 -0.319506 0
    outer loop
      vertex 147.348 6.14965 13
      vertex 147.419 6.36022 10.5
      vertex 147.419 6.36022 13
    endloop
  endfacet
  facet normal 0.947584 -0.319506 0
    outer loop
      vertex 147.419 6.36022 10.5
      vertex 147.348 6.14965 13
      vertex 147.348 6.14965 10.5
    endloop
  endfacet
  facet normal 0.0653555 -0.997862 0
    outer loop
      vertex 148.768 7.39512 0
      vertex 148.99 7.40966 7.8
      vertex 148.768 7.39512 7.8
    endloop
  endfacet
  facet normal 0.0653555 -0.997862 0
    outer loop
      vertex 148.99 7.40966 7.8
      vertex 148.768 7.39512 0
      vertex 148.99 7.40966 0
    endloop
  endfacet
  facet normal 0.0653555 -0.997862 0
    outer loop
      vertex 148.768 7.39512 10.5
      vertex 148.99 7.40966 13
      vertex 148.768 7.39512 13
    endloop
  endfacet
  facet normal 0.0653555 -0.997862 0
    outer loop
      vertex 148.99 7.40966 13
      vertex 148.768 7.39512 10.5
      vertex 148.99 7.40966 10.5
    endloop
  endfacet
  facet normal 0.832604 0.553869 0
    outer loop
      vertex 147.641 4.67476 7.8
      vertex 147.518 4.85966 0
      vertex 147.518 4.85966 7.8
    endloop
  endfacet
  facet normal 0.832604 0.553869 0
    outer loop
      vertex 147.518 4.85966 0
      vertex 147.641 4.67476 7.8
      vertex 147.641 4.67476 0
    endloop
  endfacet
  facet normal 0.832604 0.553869 0
    outer loop
      vertex 147.641 4.67476 13
      vertex 147.518 4.85966 10.5
      vertex 147.518 4.85966 13
    endloop
  endfacet
  facet normal 0.832604 0.553869 0
    outer loop
      vertex 147.518 4.85966 10.5
      vertex 147.641 4.67476 13
      vertex 147.641 4.67476 10.5
    endloop
  endfacet
  facet normal 0.0653555 0.997862 -0
    outer loop
      vertex 148.99 4.00966 0
      vertex 148.768 4.0242 7.8
      vertex 148.99 4.00966 7.8
    endloop
  endfacet
  facet normal 0.0653555 0.997862 0
    outer loop
      vertex 148.768 4.0242 7.8
      vertex 148.99 4.00966 0
      vertex 148.768 4.0242 0
    endloop
  endfacet
  facet normal 0.0653555 0.997862 -0
    outer loop
      vertex 148.99 4.00966 10.5
      vertex 148.768 4.0242 13
      vertex 148.99 4.00966 13
    endloop
  endfacet
  facet normal 0.0653555 0.997862 0
    outer loop
      vertex 148.768 4.0242 13
      vertex 148.99 4.00966 10.5
      vertex 148.768 4.0242 10.5
    endloop
  endfacet
  facet normal -0.0653555 0.997862 0
    outer loop
      vertex 149.212 4.0242 0
      vertex 148.99 4.00966 7.8
      vertex 149.212 4.0242 7.8
    endloop
  endfacet
  facet normal -0.0653555 0.997862 0
    outer loop
      vertex 148.99 4.00966 7.8
      vertex 149.212 4.0242 0
      vertex 148.99 4.00966 0
    endloop
  endfacet
  facet normal -0.0653555 0.997862 0
    outer loop
      vertex 149.212 4.0242 10.5
      vertex 148.99 4.00966 13
      vertex 149.212 4.0242 13
    endloop
  endfacet
  facet normal -0.0653555 0.997862 0
    outer loop
      vertex 148.99 4.00966 13
      vertex 149.212 4.0242 10.5
      vertex 148.99 4.00966 10.5
    endloop
  endfacet
  facet normal 0.83259 -0.553889 0
    outer loop
      vertex 147.518 6.55966 7.8
      vertex 147.641 6.74455 0
      vertex 147.641 6.74455 7.8
    endloop
  endfacet
  facet normal 0.83259 -0.553889 0
    outer loop
      vertex 147.641 6.74455 0
      vertex 147.518 6.55966 7.8
      vertex 147.518 6.55966 0
    endloop
  endfacet
  facet normal 0.83259 -0.553889 0
    outer loop
      vertex 147.518 6.55966 13
      vertex 147.641 6.74455 10.5
      vertex 147.641 6.74455 13
    endloop
  endfacet
  facet normal 0.83259 -0.553889 0
    outer loop
      vertex 147.641 6.74455 10.5
      vertex 147.518 6.55966 13
      vertex 147.518 6.55966 10.5
    endloop
  endfacet
  facet normal -1 0 0
    outer loop
      vertex 152.29 2.75966 7.8
      vertex 152.29 8.65966 10.5
      vertex 152.29 8.65966 7.8
    endloop
  endfacet
  facet normal -1 -0 0
    outer loop
      vertex 152.29 8.65966 10.5
      vertex 152.29 2.75966 7.8
      vertex 152.29 2.75966 10.5
    endloop
  endfacet
  facet normal 0 0 -1
    outer loop
      vertex 152.29 2.75966 10.5
      vertex 150.69 5.70966 10.5
      vertex 152.29 8.65966 10.5
    endloop
  endfacet
  facet normal 0 0 -1
    outer loop
      vertex 152.29 2.75966 10.5
      vertex 150.675 5.48776 10.5
      vertex 150.69 5.70966 10.5
    endloop
  endfacet
  facet normal 0 0 -1
    outer loop
      vertex 152.29 2.75966 10.5
      vertex 150.632 5.26967 10.5
      vertex 150.675 5.48776 10.5
    endloop
  endfacet
  facet normal 0 0 -1
    outer loop
      vertex 152.29 2.75966 10.5
      vertex 150.561 5.0591 10.5
      vertex 150.632 5.26967 10.5
    endloop
  endfacet
  facet normal 0 0 -1
    outer loop
      vertex 152.29 2.75966 10.5
      vertex 150.462 4.85966 10.5
      vertex 150.561 5.0591 10.5
    endloop
  endfacet
  facet normal 0 0 -1
    outer loop
      vertex 152.29 2.75966 10.5
      vertex 150.339 4.67476 10.5
      vertex 150.462 4.85966 10.5
    endloop
  endfacet
  facet normal 0 0 -1
    outer loop
      vertex 152.29 2.75966 10.5
      vertex 150.192 4.50758 10.5
      vertex 150.339 4.67476 10.5
    endloop
  endfacet
  facet normal 0 0 -1
    outer loop
      vertex 152.29 2.75966 10.5
      vertex 150.025 4.36096 10.5
      vertex 150.192 4.50758 10.5
    endloop
  endfacet
  facet normal 0 0 -1
    outer loop
      vertex 152.29 2.75966 10.5
      vertex 149.84 4.23742 10.5
      vertex 150.025 4.36096 10.5
    endloop
  endfacet
  facet normal 0 0 -1
    outer loop
      vertex 152.29 2.75966 10.5
      vertex 149.641 4.13906 10.5
      vertex 149.84 4.23742 10.5
    endloop
  endfacet
  facet normal 0 0 -1
    outer loop
      vertex 152.29 2.75966 10.5
      vertex 149.43 4.06758 10.5
      vertex 149.641 4.13906 10.5
    endloop
  endfacet
  facet normal 0 0 -1
    outer loop
      vertex 152.29 2.75966 10.5
      vertex 149.212 4.0242 10.5
      vertex 149.43 4.06758 10.5
    endloop
  endfacet
  facet normal 0 0 -1
    outer loop
      vertex 152.29 2.75966 10.5
      vertex 148.99 4.00966 10.5
      vertex 149.212 4.0242 10.5
    endloop
  endfacet
  facet normal 0 0 -1
    outer loop
      vertex 152.29 2.75966 10.5
      vertex 148.768 4.0242 10.5
      vertex 148.99 4.00966 10.5
    endloop
  endfacet
  facet normal 0 0 -1
    outer loop
      vertex 142.49 2.75966 10.5
      vertex 148.768 4.0242 10.5
      vertex 152.29 2.75966 10.5
    endloop
  endfacet
  facet normal -0 0 -1
    outer loop
      vertex 148.768 4.0242 10.5
      vertex 142.49 2.75966 10.5
      vertex 148.55 4.06758 10.5
    endloop
  endfacet
  facet normal 0 0 -1
    outer loop
      vertex 147.305 5.48776 10.5
      vertex 143.49 6.5 10.5
      vertex 147.29 5.70966 10.5
    endloop
  endfacet
  facet normal 0 0 -1
    outer loop
      vertex 147.348 5.26967 10.5
      vertex 143.49 6.5 10.5
      vertex 147.305 5.48776 10.5
    endloop
  endfacet
  facet normal 0 0 -1
    outer loop
      vertex 147.419 5.0591 10.5
      vertex 143.49 6.5 10.5
      vertex 147.348 5.26967 10.5
    endloop
  endfacet
  facet normal 0 0 -1
    outer loop
      vertex 142.49 2.75966 10.5
      vertex 147.419 5.0591 10.5
      vertex 147.518 4.85966 10.5
    endloop
  endfacet
  facet normal 0 0 -1
    outer loop
      vertex 142.49 2.75966 10.5
      vertex 147.518 4.85966 10.5
      vertex 147.641 4.67476 10.5
    endloop
  endfacet
  facet normal 0 0 -1
    outer loop
      vertex 142.49 2.75966 10.5
      vertex 147.641 4.67476 10.5
      vertex 147.788 4.50758 10.5
    endloop
  endfacet
  facet normal 0 0 -1
    outer loop
      vertex 142.49 2.75966 10.5
      vertex 147.788 4.50758 10.5
      vertex 147.955 4.36096 10.5
    endloop
  endfacet
  facet normal 0 0 -1
    outer loop
      vertex 142.49 2.75966 10.5
      vertex 147.955 4.36096 10.5
      vertex 148.14 4.23742 10.5
    endloop
  endfacet
  facet normal 0 0 -1
    outer loop
      vertex 142.49 2.75966 10.5
      vertex 148.14 4.23742 10.5
      vertex 148.339 4.13906 10.5
    endloop
  endfacet
  facet normal -0 0 -1
    outer loop
      vertex 148.55 4.06758 10.5
      vertex 142.49 2.75966 10.5
      vertex 148.339 4.13906 10.5
    endloop
  endfacet
  facet normal -0 0 -1
    outer loop
      vertex 147.419 5.0591 10.5
      vertex 142.49 2.75966 10.5
      vertex 143.49 6.5 10.5
    endloop
  endfacet
  facet normal -0 0 -1
    outer loop
      vertex 143.49 6.5 10.5
      vertex 142.49 2.75966 10.5
      vertex 142.49 6.5 10.5
    endloop
  endfacet
  facet normal 0 0 -1
    outer loop
      vertex 150.675 5.93155 10.5
      vertex 152.29 8.65966 10.5
      vertex 150.69 5.70966 10.5
    endloop
  endfacet
  facet normal 0 0 -1
    outer loop
      vertex 150.632 6.14965 10.5
      vertex 152.29 8.65966 10.5
      vertex 150.675 5.93155 10.5
    endloop
  endfacet
  facet normal 0 0 -1
    outer loop
      vertex 150.561 6.36022 10.5
      vertex 152.29 8.65966 10.5
      vertex 150.632 6.14965 10.5
    endloop
  endfacet
  facet normal 0 0 -1
    outer loop
      vertex 150.462 6.55966 10.5
      vertex 152.29 8.65966 10.5
      vertex 150.561 6.36022 10.5
    endloop
  endfacet
  facet normal 0 0 -1
    outer loop
      vertex 150.339 6.74455 10.5
      vertex 152.29 8.65966 10.5
      vertex 150.462 6.55966 10.5
    endloop
  endfacet
  facet normal 0 0 -1
    outer loop
      vertex 150.192 6.91174 10.5
      vertex 152.29 8.65966 10.5
      vertex 150.339 6.74455 10.5
    endloop
  endfacet
  facet normal 0 0 -1
    outer loop
      vertex 150.025 7.05836 10.5
      vertex 152.29 8.65966 10.5
      vertex 150.192 6.91174 10.5
    endloop
  endfacet
  facet normal 0 0 -1
    outer loop
      vertex 149.84 7.1819 10.5
      vertex 152.29 8.65966 10.5
      vertex 150.025 7.05836 10.5
    endloop
  endfacet
  facet normal 0 0 -1
    outer loop
      vertex 149.641 7.28025 10.5
      vertex 152.29 8.65966 10.5
      vertex 149.84 7.1819 10.5
    endloop
  endfacet
  facet normal 0 0 -1
    outer loop
      vertex 149.43 7.35173 10.5
      vertex 152.29 8.65966 10.5
      vertex 149.641 7.28025 10.5
    endloop
  endfacet
  facet normal 0 0 -1
    outer loop
      vertex 149.212 7.39512 10.5
      vertex 152.29 8.65966 10.5
      vertex 149.43 7.35173 10.5
    endloop
  endfacet
  facet normal 0 0 -1
    outer loop
      vertex 148.99 7.40966 10.5
      vertex 152.29 8.65966 10.5
      vertex 149.212 7.39512 10.5
    endloop
  endfacet
  facet normal 0 0 -1
    outer loop
      vertex 148.768 7.39512 10.5
      vertex 152.29 8.65966 10.5
      vertex 148.99 7.40966 10.5
    endloop
  endfacet
  facet normal 0 0 -1
    outer loop
      vertex 143.49 8.65966 10.5
      vertex 148.768 7.39512 10.5
      vertex 148.55 7.35173 10.5
    endloop
  endfacet
  facet normal 0 0 -1
    outer loop
      vertex 143.49 8.65966 10.5
      vertex 148.55 7.35173 10.5
      vertex 148.339 7.28025 10.5
    endloop
  endfacet
  facet normal 0 0 -1
    outer loop
      vertex 143.49 6.5 10.5
      vertex 147.305 5.93155 10.5
      vertex 147.29 5.70966 10.5
    endloop
  endfacet
  facet normal 0 0 -1
    outer loop
      vertex 143.49 6.5 10.5
      vertex 147.348 6.14965 10.5
      vertex 147.305 5.93155 10.5
    endloop
  endfacet
  facet normal 0 0 -1
    outer loop
      vertex 143.49 6.5 10.5
      vertex 147.419 6.36022 10.5
      vertex 147.348 6.14965 10.5
    endloop
  endfacet
  facet normal 0 0 -1
    outer loop
      vertex 143.49 6.5 10.5
      vertex 147.518 6.55966 10.5
      vertex 147.419 6.36022 10.5
    endloop
  endfacet
  facet normal 0 0 -1
    outer loop
      vertex 143.49 8.65966 10.5
      vertex 147.518 6.55966 10.5
      vertex 143.49 6.5 10.5
    endloop
  endfacet
  facet normal 0 0 -1
    outer loop
      vertex 147.518 6.55966 10.5
      vertex 143.49 8.65966 10.5
      vertex 147.641 6.74455 10.5
    endloop
  endfacet
  facet normal 0 0 -1
    outer loop
      vertex 147.641 6.74455 10.5
      vertex 143.49 8.65966 10.5
      vertex 147.788 6.91174 10.5
    endloop
  endfacet
  facet normal 0 0 -1
    outer loop
      vertex 147.788 6.91174 10.5
      vertex 143.49 8.65966 10.5
      vertex 147.955 7.05836 10.5
    endloop
  endfacet
  facet normal 0 0 -1
    outer loop
      vertex 147.955 7.05836 10.5
      vertex 143.49 8.65966 10.5
      vertex 148.14 7.1819 10.5
    endloop
  endfacet
  facet normal 0 0 -1
    outer loop
      vertex 148.14 7.1819 10.5
      vertex 143.49 8.65966 10.5
      vertex 148.339 7.28025 10.5
    endloop
  endfacet
  facet normal 0 0 -1
    outer loop
      vertex 148.768 7.39512 10.5
      vertex 143.49 8.65966 10.5
      vertex 152.29 8.65966 10.5
    endloop
  endfacet
  facet normal 0 0 1
    outer loop
      vertex 152.29 8.65966 7.8
      vertex 150.69 5.70966 7.8
      vertex 152.29 2.75966 7.8
    endloop
  endfacet
  facet normal 0 0 1
    outer loop
      vertex 152.29 8.65966 7.8
      vertex 150.675 5.93155 7.8
      vertex 150.69 5.70966 7.8
    endloop
  endfacet
  facet normal 0 0 1
    outer loop
      vertex 152.29 8.65966 7.8
      vertex 150.632 6.14965 7.8
      vertex 150.675 5.93155 7.8
    endloop
  endfacet
  facet normal 0 0 1
    outer loop
      vertex 152.29 8.65966 7.8
      vertex 150.561 6.36022 7.8
      vertex 150.632 6.14965 7.8
    endloop
  endfacet
  facet normal 0 0 1
    outer loop
      vertex 152.29 8.65966 7.8
      vertex 150.462 6.55966 7.8
      vertex 150.561 6.36022 7.8
    endloop
  endfacet
  facet normal 0 0 1
    outer loop
      vertex 152.29 8.65966 7.8
      vertex 150.339 6.74455 7.8
      vertex 150.462 6.55966 7.8
    endloop
  endfacet
  facet normal 0 0 1
    outer loop
      vertex 152.29 8.65966 7.8
      vertex 150.192 6.91174 7.8
      vertex 150.339 6.74455 7.8
    endloop
  endfacet
  facet normal 0 0 1
    outer loop
      vertex 152.29 8.65966 7.8
      vertex 150.025 7.05836 7.8
      vertex 150.192 6.91174 7.8
    endloop
  endfacet
  facet normal 0 0 1
    outer loop
      vertex 152.29 8.65966 7.8
      vertex 149.84 7.1819 7.8
      vertex 150.025 7.05836 7.8
    endloop
  endfacet
  facet normal 0 0 1
    outer loop
      vertex 152.29 8.65966 7.8
      vertex 149.641 7.28025 7.8
      vertex 149.84 7.1819 7.8
    endloop
  endfacet
  facet normal 0 0 1
    outer loop
      vertex 152.29 8.65966 7.8
      vertex 149.43 7.35173 7.8
      vertex 149.641 7.28025 7.8
    endloop
  endfacet
  facet normal 0 0 1
    outer loop
      vertex 152.29 8.65966 7.8
      vertex 149.212 7.39512 7.8
      vertex 149.43 7.35173 7.8
    endloop
  endfacet
  facet normal 0 0 1
    outer loop
      vertex 152.29 8.65966 7.8
      vertex 148.99 7.40966 7.8
      vertex 149.212 7.39512 7.8
    endloop
  endfacet
  facet normal 0 0 1
    outer loop
      vertex 152.29 8.65966 7.8
      vertex 148.768 7.39512 7.8
      vertex 148.99 7.40966 7.8
    endloop
  endfacet
  facet normal -0 0 1
    outer loop
      vertex 143.49 8.65966 7.8
      vertex 148.768 7.39512 7.8
      vertex 152.29 8.65966 7.8
    endloop
  endfacet
  facet normal 0 0 1
    outer loop
      vertex 148.768 7.39512 7.8
      vertex 143.49 8.65966 7.8
      vertex 148.55 7.35173 7.8
    endloop
  endfacet
  facet normal 0 0 1
    outer loop
      vertex 147.348 6.14965 7.8
      vertex 143.49 6.5 7.8
      vertex 147.305 5.93155 7.8
    endloop
  endfacet
  facet normal 0 0 1
    outer loop
      vertex 147.419 6.36022 7.8
      vertex 143.49 6.5 7.8
      vertex 147.348 6.14965 7.8
    endloop
  endfacet
  facet normal 0 0 1
    outer loop
      vertex 147.518 6.55966 7.8
      vertex 143.49 6.5 7.8
      vertex 147.419 6.36022 7.8
    endloop
  endfacet
  facet normal 0 0 1
    outer loop
      vertex 143.49 6.5 7.8
      vertex 147.518 6.55966 7.8
      vertex 143.49 8.65966 7.8
    endloop
  endfacet
  facet normal 0 0 1
    outer loop
      vertex 147.641 6.74455 7.8
      vertex 143.49 8.65966 7.8
      vertex 147.518 6.55966 7.8
    endloop
  endfacet
  facet normal 0 0 1
    outer loop
      vertex 147.788 6.91174 7.8
      vertex 143.49 8.65966 7.8
      vertex 147.641 6.74455 7.8
    endloop
  endfacet
  facet normal 0 0 1
    outer loop
      vertex 147.955 7.05836 7.8
      vertex 143.49 8.65966 7.8
      vertex 147.788 6.91174 7.8
    endloop
  endfacet
  facet normal 0 0 1
    outer loop
      vertex 148.14 7.1819 7.8
      vertex 143.49 8.65966 7.8
      vertex 147.955 7.05836 7.8
    endloop
  endfacet
  facet normal 0 0 1
    outer loop
      vertex 148.339 7.28025 7.8
      vertex 143.49 8.65966 7.8
      vertex 148.14 7.1819 7.8
    endloop
  endfacet
  facet normal 0 0 1
    outer loop
      vertex 148.55 7.35173 7.8
      vertex 143.49 8.65966 7.8
      vertex 148.339 7.28025 7.8
    endloop
  endfacet
  facet normal -0 0 1
    outer loop
      vertex 150.675 5.48776 7.8
      vertex 152.29 2.75966 7.8
      vertex 150.69 5.70966 7.8
    endloop
  endfacet
  facet normal -0 0 1
    outer loop
      vertex 150.632 5.26967 7.8
      vertex 152.29 2.75966 7.8
      vertex 150.675 5.48776 7.8
    endloop
  endfacet
  facet normal -0 0 1
    outer loop
      vertex 150.561 5.0591 7.8
      vertex 152.29 2.75966 7.8
      vertex 150.632 5.26967 7.8
    endloop
  endfacet
  facet normal -0 0 1
    outer loop
      vertex 150.462 4.85966 7.8
      vertex 152.29 2.75966 7.8
      vertex 150.561 5.0591 7.8
    endloop
  endfacet
  facet normal -0 0 1
    outer loop
      vertex 150.339 4.67476 7.8
      vertex 152.29 2.75966 7.8
      vertex 150.462 4.85966 7.8
    endloop
  endfacet
  facet normal -0 0 1
    outer loop
      vertex 150.192 4.50758 7.8
      vertex 152.29 2.75966 7.8
      vertex 150.339 4.67476 7.8
    endloop
  endfacet
  facet normal -0 0 1
    outer loop
      vertex 150.025 4.36096 7.8
      vertex 152.29 2.75966 7.8
      vertex 150.192 4.50758 7.8
    endloop
  endfacet
  facet normal -0 0 1
    outer loop
      vertex 149.84 4.23742 7.8
      vertex 152.29 2.75966 7.8
      vertex 150.025 4.36096 7.8
    endloop
  endfacet
  facet normal -0 0 1
    outer loop
      vertex 149.641 4.13906 7.8
      vertex 152.29 2.75966 7.8
      vertex 149.84 4.23742 7.8
    endloop
  endfacet
  facet normal -0 0 1
    outer loop
      vertex 149.43 4.06758 7.8
      vertex 152.29 2.75966 7.8
      vertex 149.641 4.13906 7.8
    endloop
  endfacet
  facet normal -0 0 1
    outer loop
      vertex 149.212 4.0242 7.8
      vertex 152.29 2.75966 7.8
      vertex 149.43 4.06758 7.8
    endloop
  endfacet
  facet normal -0 0 1
    outer loop
      vertex 148.99 4.00966 7.8
      vertex 152.29 2.75966 7.8
      vertex 149.212 4.0242 7.8
    endloop
  endfacet
  facet normal 0 0 1
    outer loop
      vertex 148.768 4.0242 7.8
      vertex 152.29 2.75966 7.8
      vertex 148.99 4.00966 7.8
    endloop
  endfacet
  facet normal 0 0 1
    outer loop
      vertex 142.49 2.75966 7.8
      vertex 148.768 4.0242 7.8
      vertex 148.55 4.06758 7.8
    endloop
  endfacet
  facet normal 0 0 1
    outer loop
      vertex 142.49 2.75966 7.8
      vertex 148.55 4.06758 7.8
      vertex 148.339 4.13906 7.8
    endloop
  endfacet
  facet normal 0 0 1
    outer loop
      vertex 147.305 5.93155 7.8
      vertex 143.49 6.5 7.8
      vertex 147.29 5.70966 7.8
    endloop
  endfacet
  facet normal 0 0 1
    outer loop
      vertex 147.29 5.70966 7.8
      vertex 143.49 6.5 7.8
      vertex 147.305 5.48776 7.8
    endloop
  endfacet
  facet normal 0 0 1
    outer loop
      vertex 147.305 5.48776 7.8
      vertex 143.49 6.5 7.8
      vertex 147.348 5.26967 7.8
    endloop
  endfacet
  facet normal 0 0 1
    outer loop
      vertex 147.348 5.26967 7.8
      vertex 143.49 6.5 7.8
      vertex 147.419 5.0591 7.8
    endloop
  endfacet
  facet normal 0 0 1
    outer loop
      vertex 142.49 2.75966 7.8
      vertex 147.419 5.0591 7.8
      vertex 143.49 6.5 7.8
    endloop
  endfacet
  facet normal 0 0 1
    outer loop
      vertex 147.419 5.0591 7.8
      vertex 142.49 2.75966 7.8
      vertex 147.518 4.85966 7.8
    endloop
  endfacet
  facet normal 0 0 1
    outer loop
      vertex 147.518 4.85966 7.8
      vertex 142.49 2.75966 7.8
      vertex 147.641 4.67476 7.8
    endloop
  endfacet
  facet normal 0 0 1
    outer loop
      vertex 147.641 4.67476 7.8
      vertex 142.49 2.75966 7.8
      vertex 147.788 4.50758 7.8
    endloop
  endfacet
  facet normal 0 0 1
    outer loop
      vertex 147.788 4.50758 7.8
      vertex 142.49 2.75966 7.8
      vertex 147.955 4.36096 7.8
    endloop
  endfacet
  facet normal 0 0 1
    outer loop
      vertex 147.955 4.36096 7.8
      vertex 142.49 2.75966 7.8
      vertex 148.14 4.23742 7.8
    endloop
  endfacet
  facet normal 0 0 1
    outer loop
      vertex 142.49 2.75966 7.8
      vertex 143.49 6.5 7.8
      vertex 142.49 6.5 7.8
    endloop
  endfacet
  facet normal 0 0 1
    outer loop
      vertex 148.768 4.0242 7.8
      vertex 142.49 2.75966 7.8
      vertex 152.29 2.75966 7.8
    endloop
  endfacet
  facet normal 0 0 1
    outer loop
      vertex 148.14 4.23742 7.8
      vertex 142.49 2.75966 7.8
      vertex 148.339 4.13906 7.8
    endloop
  endfacet
  facet normal 1 -0 0
    outer loop
      vertex 142.49 2.75966 10.5
      vertex 142.49 6.5 7.8
      vertex 142.49 6.5 10.5
    endloop
  endfacet
  facet normal 1 0 0
    outer loop
      vertex 142.49 6.5 7.8
      vertex 142.49 2.75966 10.5
      vertex 142.49 2.75966 7.8
    endloop
  endfacet
  facet normal 0 -1 0
    outer loop
      vertex 143.49 8.65966 7.8
      vertex 152.29 8.65966 10.5
      vertex 143.49 8.65966 10.5
    endloop
  endfacet
  facet normal 0 -1 -0
    outer loop
      vertex 152.29 8.65966 10.5
      vertex 143.49 8.65966 7.8
      vertex 152.29 8.65966 7.8
    endloop
  endfacet
  facet normal 0 1 -0
    outer loop
      vertex 152.29 2.75966 7.8
      vertex 142.49 2.75966 10.5
      vertex 152.29 2.75966 10.5
    endloop
  endfacet
  facet normal 0 1 0
    outer loop
      vertex 142.49 2.75966 10.5
      vertex 152.29 2.75966 7.8
      vertex 142.49 2.75966 7.8
    endloop
  endfacet
  facet normal -0.981113 -0.193434 0
    outer loop
      vertex 150.675 56.7029 10.5
      vertex 150.632 56.921 13
      vertex 150.632 56.921 10.5
    endloop
  endfacet
  facet normal -0.981113 -0.193434 0
    outer loop
      vertex 150.632 56.921 13
      vertex 150.675 56.7029 10.5
      vertex 150.675 56.7029 13
    endloop
  endfacet
  facet normal -0.981113 -0.193434 0
    outer loop
      vertex 150.675 56.7029 0
      vertex 150.632 56.921 7.8
      vertex 150.632 56.921 0
    endloop
  endfacet
  facet normal -0.981113 -0.193434 0
    outer loop
      vertex 150.632 56.921 7.8
      vertex 150.675 56.7029 0
      vertex 150.675 56.7029 7.8
    endloop
  endfacet
  facet normal -0.997723 -0.0674441 0
    outer loop
      vertex 150.69 56.481 10.5
      vertex 150.675 56.7029 13
      vertex 150.675 56.7029 10.5
    endloop
  endfacet
  facet normal -0.997723 -0.0674441 0
    outer loop
      vertex 150.675 56.7029 13
      vertex 150.69 56.481 10.5
      vertex 150.69 56.481 13
    endloop
  endfacet
  facet normal -0.997723 -0.0674441 0
    outer loop
      vertex 150.69 56.481 0
      vertex 150.675 56.7029 7.8
      vertex 150.675 56.7029 0
    endloop
  endfacet
  facet normal -0.997723 -0.0674441 0
    outer loop
      vertex 150.675 56.7029 7.8
      vertex 150.69 56.481 0
      vertex 150.69 56.481 7.8
    endloop
  endfacet
  facet normal -0.320937 0.947101 0
    outer loop
      vertex 149.641 54.9104 10.5
      vertex 149.43 54.8389 13
      vertex 149.641 54.9104 13
    endloop
  endfacet
  facet normal -0.320937 0.947101 0
    outer loop
      vertex 149.43 54.8389 13
      vertex 149.641 54.9104 10.5
      vertex 149.43 54.8389 10.5
    endloop
  endfacet
  facet normal -0.320937 0.947101 0
    outer loop
      vertex 149.641 54.9104 0
      vertex 149.43 54.8389 7.8
      vertex 149.641 54.9104 7.8
    endloop
  endfacet
  facet normal -0.320937 0.947101 0
    outer loop
      vertex 149.43 54.8389 7.8
      vertex 149.641 54.9104 0
      vertex 149.43 54.8389 0
    endloop
  endfacet
  facet normal 0.981113 0.193434 0
    outer loop
      vertex 147.348 56.041 13
      vertex 147.305 56.2591 10.5
      vertex 147.305 56.2591 13
    endloop
  endfacet
  facet normal 0.981113 0.193434 0
    outer loop
      vertex 147.305 56.2591 10.5
      vertex 147.348 56.041 13
      vertex 147.348 56.041 10.5
    endloop
  endfacet
  facet normal 0.981113 0.193434 0
    outer loop
      vertex 147.348 56.041 7.8
      vertex 147.305 56.2591 0
      vertex 147.305 56.2591 7.8
    endloop
  endfacet
  facet normal 0.981113 0.193434 0
    outer loop
      vertex 147.305 56.2591 0
      vertex 147.348 56.041 7.8
      vertex 147.348 56.041 0
    endloop
  endfacet
  facet normal -0.659714 -0.751516 0
    outer loop
      vertex 150.025 57.8297 10.5
      vertex 150.192 57.6831 13
      vertex 150.025 57.8297 13
    endloop
  endfacet
  facet normal -0.659714 -0.751516 -0
    outer loop
      vertex 150.192 57.6831 13
      vertex 150.025 57.8297 10.5
      vertex 150.192 57.6831 10.5
    endloop
  endfacet
  facet normal -0.659714 -0.751516 0
    outer loop
      vertex 150.025 57.8297 0
      vertex 150.192 57.6831 7.8
      vertex 150.025 57.8297 7.8
    endloop
  endfacet
  facet normal -0.659714 -0.751516 -0
    outer loop
      vertex 150.192 57.6831 7.8
      vertex 150.025 57.8297 0
      vertex 150.192 57.6831 0
    endloop
  endfacet
  facet normal -0.832604 0.553869 0
    outer loop
      vertex 150.339 55.4461 10.5
      vertex 150.462 55.631 13
      vertex 150.462 55.631 10.5
    endloop
  endfacet
  facet normal -0.832604 0.553869 0
    outer loop
      vertex 150.462 55.631 13
      vertex 150.339 55.4461 10.5
      vertex 150.339 55.4461 13
    endloop
  endfacet
  facet normal -0.832604 0.553869 0
    outer loop
      vertex 150.339 55.4461 0
      vertex 150.462 55.631 7.8
      vertex 150.462 55.631 0
    endloop
  endfacet
  facet normal -0.832604 0.553869 0
    outer loop
      vertex 150.462 55.631 7.8
      vertex 150.339 55.4461 0
      vertex 150.339 55.4461 7.8
    endloop
  endfacet
  facet normal -0.442883 0.896579 0
    outer loop
      vertex 149.84 55.0087 10.5
      vertex 149.641 54.9104 13
      vertex 149.84 55.0087 13
    endloop
  endfacet
  facet normal -0.442883 0.896579 0
    outer loop
      vertex 149.641 54.9104 13
      vertex 149.84 55.0087 10.5
      vertex 149.641 54.9104 10.5
    endloop
  endfacet
  facet normal -0.442883 0.896579 0
    outer loop
      vertex 149.84 55.0087 0
      vertex 149.641 54.9104 7.8
      vertex 149.84 55.0087 7.8
    endloop
  endfacet
  facet normal -0.442883 0.896579 0
    outer loop
      vertex 149.641 54.9104 7.8
      vertex 149.84 55.0087 0
      vertex 149.641 54.9104 0
    endloop
  endfacet
  facet normal 0.751016 -0.660284 0
    outer loop
      vertex 147.641 57.5159 13
      vertex 147.788 57.6831 10.5
      vertex 147.788 57.6831 13
    endloop
  endfacet
  facet normal 0.751016 -0.660284 0
    outer loop
      vertex 147.788 57.6831 10.5
      vertex 147.641 57.5159 13
      vertex 147.641 57.5159 10.5
    endloop
  endfacet
  facet normal 0.751016 -0.660284 0
    outer loop
      vertex 147.641 57.5159 7.8
      vertex 147.788 57.6831 0
      vertex 147.788 57.6831 7.8
    endloop
  endfacet
  facet normal 0.751016 -0.660284 0
    outer loop
      vertex 147.788 57.6831 0
      vertex 147.641 57.5159 7.8
      vertex 147.641 57.5159 0
    endloop
  endfacet
  facet normal 0.895681 0.444696 0
    outer loop
      vertex 147.518 55.631 13
      vertex 147.419 55.8304 10.5
      vertex 147.419 55.8304 13
    endloop
  endfacet
  facet normal 0.895681 0.444696 0
    outer loop
      vertex 147.419 55.8304 10.5
      vertex 147.518 55.631 13
      vertex 147.518 55.631 10.5
    endloop
  endfacet
  facet normal 0.895681 0.444696 0
    outer loop
      vertex 147.518 55.631 7.8
      vertex 147.419 55.8304 0
      vertex 147.419 55.8304 7.8
    endloop
  endfacet
  facet normal 0.895681 0.444696 0
    outer loop
      vertex 147.419 55.8304 0
      vertex 147.518 55.631 7.8
      vertex 147.518 55.631 0
    endloop
  endfacet
  facet normal -0.981113 0.193434 0
    outer loop
      vertex 150.632 56.041 10.5
      vertex 150.675 56.2591 13
      vertex 150.675 56.2591 10.5
    endloop
  endfacet
  facet normal -0.981113 0.193434 0
    outer loop
      vertex 150.675 56.2591 13
      vertex 150.632 56.041 10.5
      vertex 150.632 56.041 13
    endloop
  endfacet
  facet normal -0.981113 0.193434 0
    outer loop
      vertex 150.632 56.041 0
      vertex 150.675 56.2591 7.8
      vertex 150.675 56.2591 0
    endloop
  endfacet
  facet normal -0.981113 0.193434 0
    outer loop
      vertex 150.675 56.2591 7.8
      vertex 150.632 56.041 0
      vertex 150.632 56.041 7.8
    endloop
  endfacet
  facet normal -0.997723 0.0674441 0
    outer loop
      vertex 150.675 56.2591 10.5
      vertex 150.69 56.481 13
      vertex 150.69 56.481 10.5
    endloop
  endfacet
  facet normal -0.997723 0.0674441 0
    outer loop
      vertex 150.69 56.481 13
      vertex 150.675 56.2591 10.5
      vertex 150.675 56.2591 13
    endloop
  endfacet
  facet normal -0.997723 0.0674441 0
    outer loop
      vertex 150.675 56.2591 0
      vertex 150.69 56.481 7.8
      vertex 150.69 56.481 0
    endloop
  endfacet
  facet normal -0.997723 0.0674441 0
    outer loop
      vertex 150.69 56.481 7.8
      vertex 150.675 56.2591 0
      vertex 150.675 56.2591 7.8
    endloop
  endfacet
  facet normal 0.997723 0.0674441 0
    outer loop
      vertex 147.305 56.2591 13
      vertex 147.29 56.481 10.5
      vertex 147.29 56.481 13
    endloop
  endfacet
  facet normal 0.997723 0.0674441 0
    outer loop
      vertex 147.29 56.481 10.5
      vertex 147.305 56.2591 13
      vertex 147.305 56.2591 10.5
    endloop
  endfacet
  facet normal 0.997723 0.0674441 0
    outer loop
      vertex 147.305 56.2591 7.8
      vertex 147.29 56.481 0
      vertex 147.29 56.481 7.8
    endloop
  endfacet
  facet normal 0.997723 0.0674441 0
    outer loop
      vertex 147.29 56.481 0
      vertex 147.305 56.2591 7.8
      vertex 147.305 56.2591 0
    endloop
  endfacet
  facet normal -0.832604 -0.553869 0
    outer loop
      vertex 150.462 57.331 10.5
      vertex 150.339 57.5159 13
      vertex 150.339 57.5159 10.5
    endloop
  endfacet
  facet normal -0.832604 -0.553869 0
    outer loop
      vertex 150.339 57.5159 13
      vertex 150.462 57.331 10.5
      vertex 150.462 57.331 13
    endloop
  endfacet
  facet normal -0.832604 -0.553869 0
    outer loop
      vertex 150.462 57.331 0
      vertex 150.339 57.5159 7.8
      vertex 150.339 57.5159 0
    endloop
  endfacet
  facet normal -0.832604 -0.553869 0
    outer loop
      vertex 150.339 57.5159 7.8
      vertex 150.462 57.331 0
      vertex 150.462 57.331 7.8
    endloop
  endfacet
  facet normal -0.320937 -0.947101 0
    outer loop
      vertex 149.43 58.1231 10.5
      vertex 149.641 58.0516 13
      vertex 149.43 58.1231 13
    endloop
  endfacet
  facet normal -0.320937 -0.947101 -0
    outer loop
      vertex 149.641 58.0516 13
      vertex 149.43 58.1231 10.5
      vertex 149.641 58.0516 10.5
    endloop
  endfacet
  facet normal -0.320937 -0.947101 0
    outer loop
      vertex 149.43 58.1231 0
      vertex 149.641 58.0516 7.8
      vertex 149.43 58.1231 7.8
    endloop
  endfacet
  facet normal -0.320937 -0.947101 -0
    outer loop
      vertex 149.641 58.0516 7.8
      vertex 149.43 58.1231 0
      vertex 149.641 58.0516 0
    endloop
  endfacet
  facet normal 0.555219 -0.831704 0
    outer loop
      vertex 147.955 57.8297 10.5
      vertex 148.14 57.9532 13
      vertex 147.955 57.8297 13
    endloop
  endfacet
  facet normal 0.555219 -0.831704 0
    outer loop
      vertex 148.14 57.9532 13
      vertex 147.955 57.8297 10.5
      vertex 148.14 57.9532 10.5
    endloop
  endfacet
  facet normal 0.555219 -0.831704 0
    outer loop
      vertex 147.955 57.8297 0
      vertex 148.14 57.9532 7.8
      vertex 147.955 57.8297 7.8
    endloop
  endfacet
  facet normal 0.555219 -0.831704 0
    outer loop
      vertex 148.14 57.9532 7.8
      vertex 147.955 57.8297 0
      vertex 148.14 57.9532 0
    endloop
  endfacet
  facet normal -0.55553 0.831497 0
    outer loop
      vertex 150.025 55.1323 10.5
      vertex 149.84 55.0087 13
      vertex 150.025 55.1323 13
    endloop
  endfacet
  facet normal -0.55553 0.831497 0
    outer loop
      vertex 149.84 55.0087 13
      vertex 150.025 55.1323 10.5
      vertex 149.84 55.0087 10.5
    endloop
  endfacet
  facet normal -0.55553 0.831497 0
    outer loop
      vertex 150.025 55.1323 0
      vertex 149.84 55.0087 7.8
      vertex 150.025 55.1323 7.8
    endloop
  endfacet
  facet normal -0.55553 0.831497 0
    outer loop
      vertex 149.84 55.0087 7.8
      vertex 150.025 55.1323 0
      vertex 149.84 55.0087 0
    endloop
  endfacet
  facet normal 0.659714 0.751516 -0
    outer loop
      vertex 147.955 55.1323 10.5
      vertex 147.788 55.2789 13
      vertex 147.955 55.1323 13
    endloop
  endfacet
  facet normal 0.659714 0.751516 0
    outer loop
      vertex 147.788 55.2789 13
      vertex 147.955 55.1323 10.5
      vertex 147.788 55.2789 10.5
    endloop
  endfacet
  facet normal 0.659714 0.751516 -0
    outer loop
      vertex 147.955 55.1323 0
      vertex 147.788 55.2789 7.8
      vertex 147.955 55.1323 7.8
    endloop
  endfacet
  facet normal 0.659714 0.751516 0
    outer loop
      vertex 147.788 55.2789 7.8
      vertex 147.955 55.1323 0
      vertex 147.788 55.2789 0
    endloop
  endfacet
  facet normal 0.659714 -0.751516 0
    outer loop
      vertex 147.788 57.6831 10.5
      vertex 147.955 57.8297 13
      vertex 147.788 57.6831 13
    endloop
  endfacet
  facet normal 0.659714 -0.751516 0
    outer loop
      vertex 147.955 57.8297 13
      vertex 147.788 57.6831 10.5
      vertex 147.955 57.8297 10.5
    endloop
  endfacet
  facet normal 0.659714 -0.751516 0
    outer loop
      vertex 147.788 57.6831 0
      vertex 147.955 57.8297 7.8
      vertex 147.788 57.6831 7.8
    endloop
  endfacet
  facet normal 0.659714 -0.751516 0
    outer loop
      vertex 147.955 57.8297 7.8
      vertex 147.788 57.6831 0
      vertex 147.955 57.8297 0
    endloop
  endfacet
  facet normal 0.0651764 0.997874 -0
    outer loop
      vertex 148.99 54.781 10.5
      vertex 148.768 54.7955 13
      vertex 148.99 54.781 13
    endloop
  endfacet
  facet normal 0.0651764 0.997874 0
    outer loop
      vertex 148.768 54.7955 13
      vertex 148.99 54.781 10.5
      vertex 148.768 54.7955 10.5
    endloop
  endfacet
  facet normal 0.0651764 0.997874 -0
    outer loop
      vertex 148.99 54.781 0
      vertex 148.768 54.7955 7.8
      vertex 148.99 54.781 7.8
    endloop
  endfacet
  facet normal 0.0651764 0.997874 0
    outer loop
      vertex 148.768 54.7955 7.8
      vertex 148.99 54.781 0
      vertex 148.768 54.7955 0
    endloop
  endfacet
  facet normal 0.751016 0.660284 0
    outer loop
      vertex 147.788 55.2789 13
      vertex 147.641 55.4461 10.5
      vertex 147.641 55.4461 13
    endloop
  endfacet
  facet normal 0.751016 0.660284 0
    outer loop
      vertex 147.641 55.4461 10.5
      vertex 147.788 55.2789 13
      vertex 147.788 55.2789 10.5
    endloop
  endfacet
  facet normal 0.751016 0.660284 0
    outer loop
      vertex 147.788 55.2789 7.8
      vertex 147.641 55.4461 0
      vertex 147.641 55.4461 7.8
    endloop
  endfacet
  facet normal 0.751016 0.660284 0
    outer loop
      vertex 147.641 55.4461 0
      vertex 147.788 55.2789 7.8
      vertex 147.788 55.2789 0
    endloop
  endfacet
  facet normal 0.832604 0.553869 0
    outer loop
      vertex 147.641 55.4461 13
      vertex 147.518 55.631 10.5
      vertex 147.518 55.631 13
    endloop
  endfacet
  facet normal 0.832604 0.553869 0
    outer loop
      vertex 147.518 55.631 10.5
      vertex 147.641 55.4461 13
      vertex 147.641 55.4461 10.5
    endloop
  endfacet
  facet normal 0.832604 0.553869 0
    outer loop
      vertex 147.641 55.4461 7.8
      vertex 147.518 55.631 0
      vertex 147.518 55.631 7.8
    endloop
  endfacet
  facet normal 0.832604 0.553869 0
    outer loop
      vertex 147.518 55.631 0
      vertex 147.641 55.4461 7.8
      vertex 147.641 55.4461 0
    endloop
  endfacet
  facet normal 0.443245 -0.8964 0
    outer loop
      vertex 148.14 57.9532 10.5
      vertex 148.339 58.0516 13
      vertex 148.14 57.9532 13
    endloop
  endfacet
  facet normal 0.443245 -0.8964 0
    outer loop
      vertex 148.339 58.0516 13
      vertex 148.14 57.9532 10.5
      vertex 148.339 58.0516 10.5
    endloop
  endfacet
  facet normal 0.443245 -0.8964 0
    outer loop
      vertex 148.14 57.9532 0
      vertex 148.339 58.0516 7.8
      vertex 148.14 57.9532 7.8
    endloop
  endfacet
  facet normal 0.443245 -0.8964 0
    outer loop
      vertex 148.339 58.0516 7.8
      vertex 148.14 57.9532 0
      vertex 148.339 58.0516 0
    endloop
  endfacet
  facet normal -0.895681 -0.444696 0
    outer loop
      vertex 150.561 57.1316 10.5
      vertex 150.462 57.331 13
      vertex 150.462 57.331 10.5
    endloop
  endfacet
  facet normal -0.895681 -0.444696 0
    outer loop
      vertex 150.462 57.331 13
      vertex 150.561 57.1316 10.5
      vertex 150.561 57.1316 13
    endloop
  endfacet
  facet normal -0.895681 -0.444696 0
    outer loop
      vertex 150.561 57.1316 0
      vertex 150.462 57.331 7.8
      vertex 150.462 57.331 0
    endloop
  endfacet
  facet normal -0.895681 -0.444696 0
    outer loop
      vertex 150.462 57.331 7.8
      vertex 150.561 57.1316 0
      vertex 150.561 57.1316 7.8
    endloop
  endfacet
  facet normal -0.065624 -0.997844 0
    outer loop
      vertex 148.99 58.181 10.5
      vertex 149.212 58.1664 13
      vertex 148.99 58.181 13
    endloop
  endfacet
  facet normal -0.065624 -0.997844 -0
    outer loop
      vertex 149.212 58.1664 13
      vertex 148.99 58.181 10.5
      vertex 149.212 58.1664 10.5
    endloop
  endfacet
  facet normal -0.065624 -0.997844 0
    outer loop
      vertex 148.99 58.181 0
      vertex 149.212 58.1664 7.8
      vertex 148.99 58.181 7.8
    endloop
  endfacet
  facet normal -0.065624 -0.997844 -0
    outer loop
      vertex 149.212 58.1664 7.8
      vertex 148.99 58.181 0
      vertex 149.212 58.1664 0
    endloop
  endfacet
  facet normal -0.443245 -0.8964 0
    outer loop
      vertex 149.641 58.0516 10.5
      vertex 149.84 57.9532 13
      vertex 149.641 58.0516 13
    endloop
  endfacet
  facet normal -0.443245 -0.8964 -0
    outer loop
      vertex 149.84 57.9532 13
      vertex 149.641 58.0516 10.5
      vertex 149.84 57.9532 10.5
    endloop
  endfacet
  facet normal -0.443245 -0.8964 0
    outer loop
      vertex 149.641 58.0516 0
      vertex 149.84 57.9532 7.8
      vertex 149.641 58.0516 7.8
    endloop
  endfacet
  facet normal -0.443245 -0.8964 -0
    outer loop
      vertex 149.84 57.9532 7.8
      vertex 149.641 58.0516 0
      vertex 149.84 57.9532 0
    endloop
  endfacet
  facet normal -0.555219 -0.831704 0
    outer loop
      vertex 149.84 57.9532 10.5
      vertex 150.025 57.8297 13
      vertex 149.84 57.9532 13
    endloop
  endfacet
  facet normal -0.555219 -0.831704 -0
    outer loop
      vertex 150.025 57.8297 13
      vertex 149.84 57.9532 10.5
      vertex 150.025 57.8297 10.5
    endloop
  endfacet
  facet normal -0.555219 -0.831704 0
    outer loop
      vertex 149.84 57.9532 0
      vertex 150.025 57.8297 7.8
      vertex 149.84 57.9532 7.8
    endloop
  endfacet
  facet normal -0.555219 -0.831704 -0
    outer loop
      vertex 150.025 57.8297 7.8
      vertex 149.84 57.9532 0
      vertex 150.025 57.8297 0
    endloop
  endfacet
  facet normal 0.947598 -0.319466 0
    outer loop
      vertex 147.348 56.921 13
      vertex 147.419 57.1316 10.5
      vertex 147.419 57.1316 13
    endloop
  endfacet
  facet normal 0.947598 -0.319466 0
    outer loop
      vertex 147.419 57.1316 10.5
      vertex 147.348 56.921 13
      vertex 147.348 56.921 10.5
    endloop
  endfacet
  facet normal 0.947598 -0.319466 0
    outer loop
      vertex 147.348 56.921 7.8
      vertex 147.419 57.1316 0
      vertex 147.419 57.1316 7.8
    endloop
  endfacet
  facet normal 0.947598 -0.319466 0
    outer loop
      vertex 147.419 57.1316 0
      vertex 147.348 56.921 7.8
      vertex 147.348 56.921 0
    endloop
  endfacet
  facet normal 0.320937 -0.947101 0
    outer loop
      vertex 148.339 58.0516 10.5
      vertex 148.55 58.1231 13
      vertex 148.339 58.0516 13
    endloop
  endfacet
  facet normal 0.320937 -0.947101 0
    outer loop
      vertex 148.55 58.1231 13
      vertex 148.339 58.0516 10.5
      vertex 148.55 58.1231 10.5
    endloop
  endfacet
  facet normal 0.320937 -0.947101 0
    outer loop
      vertex 148.339 58.0516 0
      vertex 148.55 58.1231 7.8
      vertex 148.339 58.0516 7.8
    endloop
  endfacet
  facet normal 0.320937 -0.947101 0
    outer loop
      vertex 148.55 58.1231 7.8
      vertex 148.339 58.0516 0
      vertex 148.55 58.1231 0
    endloop
  endfacet
  facet normal 0.442883 0.896579 -0
    outer loop
      vertex 148.339 54.9104 10.5
      vertex 148.14 55.0087 13
      vertex 148.339 54.9104 13
    endloop
  endfacet
  facet normal 0.442883 0.896579 0
    outer loop
      vertex 148.14 55.0087 13
      vertex 148.339 54.9104 10.5
      vertex 148.14 55.0087 10.5
    endloop
  endfacet
  facet normal 0.442883 0.896579 -0
    outer loop
      vertex 148.339 54.9104 0
      vertex 148.14 55.0087 7.8
      vertex 148.339 54.9104 7.8
    endloop
  endfacet
  facet normal 0.442883 0.896579 0
    outer loop
      vertex 148.14 55.0087 7.8
      vertex 148.339 54.9104 0
      vertex 148.14 55.0087 0
    endloop
  endfacet
  facet normal -0.195251 0.980753 0
    outer loop
      vertex 149.43 54.8389 10.5
      vertex 149.212 54.7955 13
      vertex 149.43 54.8389 13
    endloop
  endfacet
  facet normal -0.195251 0.980753 0
    outer loop
      vertex 149.212 54.7955 13
      vertex 149.43 54.8389 10.5
      vertex 149.212 54.7955 10.5
    endloop
  endfacet
  facet normal -0.195251 0.980753 0
    outer loop
      vertex 149.43 54.8389 0
      vertex 149.212 54.7955 7.8
      vertex 149.43 54.8389 7.8
    endloop
  endfacet
  facet normal -0.195251 0.980753 0
    outer loop
      vertex 149.212 54.7955 7.8
      vertex 149.43 54.8389 0
      vertex 149.212 54.7955 0
    endloop
  endfacet
  facet normal 0.195251 0.980753 -0
    outer loop
      vertex 148.768 54.7955 10.5
      vertex 148.55 54.8389 13
      vertex 148.768 54.7955 13
    endloop
  endfacet
  facet normal 0.195251 0.980753 0
    outer loop
      vertex 148.55 54.8389 13
      vertex 148.768 54.7955 10.5
      vertex 148.55 54.8389 10.5
    endloop
  endfacet
  facet normal 0.195251 0.980753 -0
    outer loop
      vertex 148.768 54.7955 0
      vertex 148.55 54.8389 7.8
      vertex 148.768 54.7955 7.8
    endloop
  endfacet
  facet normal 0.195251 0.980753 0
    outer loop
      vertex 148.55 54.8389 7.8
      vertex 148.768 54.7955 0
      vertex 148.55 54.8389 0
    endloop
  endfacet
  facet normal -0.751016 0.660284 0
    outer loop
      vertex 150.192 55.2789 10.5
      vertex 150.339 55.4461 13
      vertex 150.339 55.4461 10.5
    endloop
  endfacet
  facet normal -0.751016 0.660284 0
    outer loop
      vertex 150.339 55.4461 13
      vertex 150.192 55.2789 10.5
      vertex 150.192 55.2789 13
    endloop
  endfacet
  facet normal -0.751016 0.660284 0
    outer loop
      vertex 150.192 55.2789 0
      vertex 150.339 55.4461 7.8
      vertex 150.339 55.4461 0
    endloop
  endfacet
  facet normal -0.751016 0.660284 0
    outer loop
      vertex 150.339 55.4461 7.8
      vertex 150.192 55.2789 0
      vertex 150.192 55.2789 7.8
    endloop
  endfacet
  facet normal -0.895681 0.444696 0
    outer loop
      vertex 150.462 55.631 10.5
      vertex 150.561 55.8304 13
      vertex 150.561 55.8304 10.5
    endloop
  endfacet
  facet normal -0.895681 0.444696 0
    outer loop
      vertex 150.561 55.8304 13
      vertex 150.462 55.631 10.5
      vertex 150.462 55.631 13
    endloop
  endfacet
  facet normal -0.895681 0.444696 0
    outer loop
      vertex 150.462 55.631 0
      vertex 150.561 55.8304 7.8
      vertex 150.561 55.8304 0
    endloop
  endfacet
  facet normal -0.895681 0.444696 0
    outer loop
      vertex 150.561 55.8304 7.8
      vertex 150.462 55.631 0
      vertex 150.462 55.631 7.8
    endloop
  endfacet
  facet normal -0.0651764 0.997874 0
    outer loop
      vertex 149.212 54.7955 10.5
      vertex 148.99 54.781 13
      vertex 149.212 54.7955 13
    endloop
  endfacet
  facet normal -0.0651764 0.997874 0
    outer loop
      vertex 148.99 54.781 13
      vertex 149.212 54.7955 10.5
      vertex 148.99 54.781 10.5
    endloop
  endfacet
  facet normal -0.0651764 0.997874 0
    outer loop
      vertex 149.212 54.7955 0
      vertex 148.99 54.781 7.8
      vertex 149.212 54.7955 7.8
    endloop
  endfacet
  facet normal -0.0651764 0.997874 0
    outer loop
      vertex 148.99 54.781 7.8
      vertex 149.212 54.7955 0
      vertex 148.99 54.781 0
    endloop
  endfacet
  facet normal 0.320937 0.947101 -0
    outer loop
      vertex 148.55 54.8389 10.5
      vertex 148.339 54.9104 13
      vertex 148.55 54.8389 13
    endloop
  endfacet
  facet normal 0.320937 0.947101 0
    outer loop
      vertex 148.339 54.9104 13
      vertex 148.55 54.8389 10.5
      vertex 148.339 54.9104 10.5
    endloop
  endfacet
  facet normal 0.320937 0.947101 -0
    outer loop
      vertex 148.55 54.8389 0
      vertex 148.339 54.9104 7.8
      vertex 148.55 54.8389 7.8
    endloop
  endfacet
  facet normal 0.320937 0.947101 0
    outer loop
      vertex 148.339 54.9104 7.8
      vertex 148.55 54.8389 0
      vertex 148.339 54.9104 0
    endloop
  endfacet
  facet normal 0.997723 -0.0674441 0
    outer loop
      vertex 147.29 56.481 13
      vertex 147.305 56.7029 10.5
      vertex 147.305 56.7029 13
    endloop
  endfacet
  facet normal 0.997723 -0.0674441 0
    outer loop
      vertex 147.305 56.7029 10.5
      vertex 147.29 56.481 13
      vertex 147.29 56.481 10.5
    endloop
  endfacet
  facet normal 0.997723 -0.0674441 0
    outer loop
      vertex 147.29 56.481 7.8
      vertex 147.305 56.7029 0
      vertex 147.305 56.7029 7.8
    endloop
  endfacet
  facet normal 0.997723 -0.0674441 0
    outer loop
      vertex 147.305 56.7029 0
      vertex 147.29 56.481 7.8
      vertex 147.29 56.481 0
    endloop
  endfacet
  facet normal -0.194818 -0.980839 0
    outer loop
      vertex 149.212 58.1664 10.5
      vertex 149.43 58.1231 13
      vertex 149.212 58.1664 13
    endloop
  endfacet
  facet normal -0.194818 -0.980839 -0
    outer loop
      vertex 149.43 58.1231 13
      vertex 149.212 58.1664 10.5
      vertex 149.43 58.1231 10.5
    endloop
  endfacet
  facet normal -0.194818 -0.980839 0
    outer loop
      vertex 149.212 58.1664 0
      vertex 149.43 58.1231 7.8
      vertex 149.212 58.1664 7.8
    endloop
  endfacet
  facet normal -0.194818 -0.980839 -0
    outer loop
      vertex 149.43 58.1231 7.8
      vertex 149.212 58.1664 0
      vertex 149.43 58.1231 0
    endloop
  endfacet
  facet normal 0.194818 -0.980839 0
    outer loop
      vertex 148.55 58.1231 10.5
      vertex 148.768 58.1664 13
      vertex 148.55 58.1231 13
    endloop
  endfacet
  facet normal 0.194818 -0.980839 0
    outer loop
      vertex 148.768 58.1664 13
      vertex 148.55 58.1231 10.5
      vertex 148.768 58.1664 10.5
    endloop
  endfacet
  facet normal 0.194818 -0.980839 0
    outer loop
      vertex 148.55 58.1231 0
      vertex 148.768 58.1664 7.8
      vertex 148.55 58.1231 7.8
    endloop
  endfacet
  facet normal 0.194818 -0.980839 0
    outer loop
      vertex 148.768 58.1664 7.8
      vertex 148.55 58.1231 0
      vertex 148.768 58.1664 0
    endloop
  endfacet
  facet normal 0.981113 -0.193434 0
    outer loop
      vertex 147.305 56.7029 13
      vertex 147.348 56.921 10.5
      vertex 147.348 56.921 13
    endloop
  endfacet
  facet normal 0.981113 -0.193434 0
    outer loop
      vertex 147.348 56.921 10.5
      vertex 147.305 56.7029 13
      vertex 147.305 56.7029 10.5
    endloop
  endfacet
  facet normal 0.981113 -0.193434 0
    outer loop
      vertex 147.305 56.7029 7.8
      vertex 147.348 56.921 0
      vertex 147.348 56.921 7.8
    endloop
  endfacet
  facet normal 0.981113 -0.193434 0
    outer loop
      vertex 147.348 56.921 0
      vertex 147.305 56.7029 7.8
      vertex 147.305 56.7029 0
    endloop
  endfacet
  facet normal -0.751016 -0.660284 0
    outer loop
      vertex 150.339 57.5159 10.5
      vertex 150.192 57.6831 13
      vertex 150.192 57.6831 10.5
    endloop
  endfacet
  facet normal -0.751016 -0.660284 0
    outer loop
      vertex 150.192 57.6831 13
      vertex 150.339 57.5159 10.5
      vertex 150.339 57.5159 13
    endloop
  endfacet
  facet normal -0.751016 -0.660284 0
    outer loop
      vertex 150.339 57.5159 0
      vertex 150.192 57.6831 7.8
      vertex 150.192 57.6831 0
    endloop
  endfacet
  facet normal -0.751016 -0.660284 0
    outer loop
      vertex 150.192 57.6831 7.8
      vertex 150.339 57.5159 0
      vertex 150.339 57.5159 7.8
    endloop
  endfacet
  facet normal -0.947598 -0.319466 0
    outer loop
      vertex 150.632 56.921 10.5
      vertex 150.561 57.1316 13
      vertex 150.561 57.1316 10.5
    endloop
  endfacet
  facet normal -0.947598 -0.319466 0
    outer loop
      vertex 150.561 57.1316 13
      vertex 150.632 56.921 10.5
      vertex 150.632 56.921 13
    endloop
  endfacet
  facet normal -0.947598 -0.319466 0
    outer loop
      vertex 150.632 56.921 0
      vertex 150.561 57.1316 7.8
      vertex 150.561 57.1316 0
    endloop
  endfacet
  facet normal -0.947598 -0.319466 0
    outer loop
      vertex 150.561 57.1316 7.8
      vertex 150.632 56.921 0
      vertex 150.632 56.921 7.8
    endloop
  endfacet
  facet normal 0.947598 0.319466 0
    outer loop
      vertex 147.419 55.8304 13
      vertex 147.348 56.041 10.5
      vertex 147.348 56.041 13
    endloop
  endfacet
  facet normal 0.947598 0.319466 0
    outer loop
      vertex 147.348 56.041 10.5
      vertex 147.419 55.8304 13
      vertex 147.419 55.8304 10.5
    endloop
  endfacet
  facet normal 0.947598 0.319466 0
    outer loop
      vertex 147.419 55.8304 7.8
      vertex 147.348 56.041 0
      vertex 147.348 56.041 7.8
    endloop
  endfacet
  facet normal 0.947598 0.319466 0
    outer loop
      vertex 147.348 56.041 0
      vertex 147.419 55.8304 7.8
      vertex 147.419 55.8304 0
    endloop
  endfacet
  facet normal 0.065624 -0.997844 0
    outer loop
      vertex 148.768 58.1664 10.5
      vertex 148.99 58.181 13
      vertex 148.768 58.1664 13
    endloop
  endfacet
  facet normal 0.065624 -0.997844 0
    outer loop
      vertex 148.99 58.181 13
      vertex 148.768 58.1664 10.5
      vertex 148.99 58.181 10.5
    endloop
  endfacet
  facet normal 0.065624 -0.997844 0
    outer loop
      vertex 148.768 58.1664 0
      vertex 148.99 58.181 7.8
      vertex 148.768 58.1664 7.8
    endloop
  endfacet
  facet normal 0.065624 -0.997844 0
    outer loop
      vertex 148.99 58.181 7.8
      vertex 148.768 58.1664 0
      vertex 148.99 58.181 0
    endloop
  endfacet
  facet normal 0.895681 -0.444696 0
    outer loop
      vertex 147.419 57.1316 13
      vertex 147.518 57.331 10.5
      vertex 147.518 57.331 13
    endloop
  endfacet
  facet normal 0.895681 -0.444696 0
    outer loop
      vertex 147.518 57.331 10.5
      vertex 147.419 57.1316 13
      vertex 147.419 57.1316 10.5
    endloop
  endfacet
  facet normal 0.895681 -0.444696 0
    outer loop
      vertex 147.419 57.1316 7.8
      vertex 147.518 57.331 0
      vertex 147.518 57.331 7.8
    endloop
  endfacet
  facet normal 0.895681 -0.444696 0
    outer loop
      vertex 147.518 57.331 0
      vertex 147.419 57.1316 7.8
      vertex 147.419 57.1316 0
    endloop
  endfacet
  facet normal 0.832604 -0.553869 0
    outer loop
      vertex 147.518 57.331 13
      vertex 147.641 57.5159 10.5
      vertex 147.641 57.5159 13
    endloop
  endfacet
  facet normal 0.832604 -0.553869 0
    outer loop
      vertex 147.641 57.5159 10.5
      vertex 147.518 57.331 13
      vertex 147.518 57.331 10.5
    endloop
  endfacet
  facet normal 0.832604 -0.553869 0
    outer loop
      vertex 147.518 57.331 7.8
      vertex 147.641 57.5159 0
      vertex 147.641 57.5159 7.8
    endloop
  endfacet
  facet normal 0.832604 -0.553869 0
    outer loop
      vertex 147.641 57.5159 0
      vertex 147.518 57.331 7.8
      vertex 147.518 57.331 0
    endloop
  endfacet
  facet normal -0.947598 0.319466 0
    outer loop
      vertex 150.561 55.8304 10.5
      vertex 150.632 56.041 13
      vertex 150.632 56.041 10.5
    endloop
  endfacet
  facet normal -0.947598 0.319466 0
    outer loop
      vertex 150.632 56.041 13
      vertex 150.561 55.8304 10.5
      vertex 150.561 55.8304 13
    endloop
  endfacet
  facet normal -0.947598 0.319466 0
    outer loop
      vertex 150.561 55.8304 0
      vertex 150.632 56.041 7.8
      vertex 150.632 56.041 0
    endloop
  endfacet
  facet normal -0.947598 0.319466 0
    outer loop
      vertex 150.632 56.041 7.8
      vertex 150.561 55.8304 0
      vertex 150.561 55.8304 7.8
    endloop
  endfacet
  facet normal -0.659714 0.751516 0
    outer loop
      vertex 150.192 55.2789 10.5
      vertex 150.025 55.1323 13
      vertex 150.192 55.2789 13
    endloop
  endfacet
  facet normal -0.659714 0.751516 0
    outer loop
      vertex 150.025 55.1323 13
      vertex 150.192 55.2789 10.5
      vertex 150.025 55.1323 10.5
    endloop
  endfacet
  facet normal -0.659714 0.751516 0
    outer loop
      vertex 150.192 55.2789 0
      vertex 150.025 55.1323 7.8
      vertex 150.192 55.2789 7.8
    endloop
  endfacet
  facet normal -0.659714 0.751516 0
    outer loop
      vertex 150.025 55.1323 7.8
      vertex 150.192 55.2789 0
      vertex 150.025 55.1323 0
    endloop
  endfacet
  facet normal 0.55553 0.831497 -0
    outer loop
      vertex 148.14 55.0087 10.5
      vertex 147.955 55.1323 13
      vertex 148.14 55.0087 13
    endloop
  endfacet
  facet normal 0.55553 0.831497 0
    outer loop
      vertex 147.955 55.1323 13
      vertex 148.14 55.0087 10.5
      vertex 147.955 55.1323 10.5
    endloop
  endfacet
  facet normal 0.55553 0.831497 -0
    outer loop
      vertex 148.14 55.0087 0
      vertex 147.955 55.1323 7.8
      vertex 148.14 55.0087 7.8
    endloop
  endfacet
  facet normal 0.55553 0.831497 0
    outer loop
      vertex 147.955 55.1323 7.8
      vertex 148.14 55.0087 0
      vertex 147.955 55.1323 0
    endloop
  endfacet
  facet normal -1 0 0
    outer loop
      vertex 152.29 53.531 7.8
      vertex 152.29 59.431 10.5
      vertex 152.29 59.431 7.8
    endloop
  endfacet
  facet normal -1 -0 0
    outer loop
      vertex 152.29 59.431 10.5
      vertex 152.29 53.531 7.8
      vertex 152.29 53.531 10.5
    endloop
  endfacet
  facet normal 0 0 -1
    outer loop
      vertex 152.29 53.531 10.5
      vertex 150.69 56.481 10.5
      vertex 152.29 59.431 10.5
    endloop
  endfacet
  facet normal 0 0 -1
    outer loop
      vertex 152.29 53.531 10.5
      vertex 150.675 56.2591 10.5
      vertex 150.69 56.481 10.5
    endloop
  endfacet
  facet normal 0 0 -1
    outer loop
      vertex 152.29 53.531 10.5
      vertex 150.632 56.041 10.5
      vertex 150.675 56.2591 10.5
    endloop
  endfacet
  facet normal 0 0 -1
    outer loop
      vertex 152.29 53.531 10.5
      vertex 150.561 55.8304 10.5
      vertex 150.632 56.041 10.5
    endloop
  endfacet
  facet normal 0 0 -1
    outer loop
      vertex 152.29 53.531 10.5
      vertex 150.462 55.631 10.5
      vertex 150.561 55.8304 10.5
    endloop
  endfacet
  facet normal 0 0 -1
    outer loop
      vertex 152.29 53.531 10.5
      vertex 150.339 55.4461 10.5
      vertex 150.462 55.631 10.5
    endloop
  endfacet
  facet normal 0 0 -1
    outer loop
      vertex 152.29 53.531 10.5
      vertex 150.192 55.2789 10.5
      vertex 150.339 55.4461 10.5
    endloop
  endfacet
  facet normal 0 0 -1
    outer loop
      vertex 152.29 53.531 10.5
      vertex 150.025 55.1323 10.5
      vertex 150.192 55.2789 10.5
    endloop
  endfacet
  facet normal 0 0 -1
    outer loop
      vertex 152.29 53.531 10.5
      vertex 149.84 55.0087 10.5
      vertex 150.025 55.1323 10.5
    endloop
  endfacet
  facet normal 0 0 -1
    outer loop
      vertex 152.29 53.531 10.5
      vertex 149.641 54.9104 10.5
      vertex 149.84 55.0087 10.5
    endloop
  endfacet
  facet normal 0 0 -1
    outer loop
      vertex 152.29 53.531 10.5
      vertex 149.43 54.8389 10.5
      vertex 149.641 54.9104 10.5
    endloop
  endfacet
  facet normal 0 0 -1
    outer loop
      vertex 152.29 53.531 10.5
      vertex 149.212 54.7955 10.5
      vertex 149.43 54.8389 10.5
    endloop
  endfacet
  facet normal 0 0 -1
    outer loop
      vertex 152.29 53.531 10.5
      vertex 148.99 54.781 10.5
      vertex 149.212 54.7955 10.5
    endloop
  endfacet
  facet normal 0 0 -1
    outer loop
      vertex 152.29 53.531 10.5
      vertex 148.768 54.7955 10.5
      vertex 148.99 54.781 10.5
    endloop
  endfacet
  facet normal 0 0 -1
    outer loop
      vertex 143.49 53.531 10.5
      vertex 148.768 54.7955 10.5
      vertex 152.29 53.531 10.5
    endloop
  endfacet
  facet normal -0 0 -1
    outer loop
      vertex 148.768 54.7955 10.5
      vertex 143.49 53.531 10.5
      vertex 148.55 54.8389 10.5
    endloop
  endfacet
  facet normal -0 0 -1
    outer loop
      vertex 147.305 56.2591 10.5
      vertex 143.49 53.531 10.5
      vertex 147.29 56.481 10.5
    endloop
  endfacet
  facet normal -0 0 -1
    outer loop
      vertex 147.348 56.041 10.5
      vertex 143.49 53.531 10.5
      vertex 147.305 56.2591 10.5
    endloop
  endfacet
  facet normal -0 0 -1
    outer loop
      vertex 147.419 55.8304 10.5
      vertex 143.49 53.531 10.5
      vertex 147.348 56.041 10.5
    endloop
  endfacet
  facet normal -0 0 -1
    outer loop
      vertex 147.518 55.631 10.5
      vertex 143.49 53.531 10.5
      vertex 147.419 55.8304 10.5
    endloop
  endfacet
  facet normal -0 0 -1
    outer loop
      vertex 147.641 55.4461 10.5
      vertex 143.49 53.531 10.5
      vertex 147.518 55.631 10.5
    endloop
  endfacet
  facet normal -0 0 -1
    outer loop
      vertex 147.788 55.2789 10.5
      vertex 143.49 53.531 10.5
      vertex 147.641 55.4461 10.5
    endloop
  endfacet
  facet normal -0 0 -1
    outer loop
      vertex 147.955 55.1323 10.5
      vertex 143.49 53.531 10.5
      vertex 147.788 55.2789 10.5
    endloop
  endfacet
  facet normal -0 0 -1
    outer loop
      vertex 148.14 55.0087 10.5
      vertex 143.49 53.531 10.5
      vertex 147.955 55.1323 10.5
    endloop
  endfacet
  facet normal -0 0 -1
    outer loop
      vertex 148.339 54.9104 10.5
      vertex 143.49 53.531 10.5
      vertex 148.14 55.0087 10.5
    endloop
  endfacet
  facet normal -0 0 -1
    outer loop
      vertex 148.55 54.8389 10.5
      vertex 143.49 53.531 10.5
      vertex 148.339 54.9104 10.5
    endloop
  endfacet
  facet normal 0 0 -1
    outer loop
      vertex 150.675 56.7029 10.5
      vertex 152.29 59.431 10.5
      vertex 150.69 56.481 10.5
    endloop
  endfacet
  facet normal 0 0 -1
    outer loop
      vertex 150.632 56.921 10.5
      vertex 152.29 59.431 10.5
      vertex 150.675 56.7029 10.5
    endloop
  endfacet
  facet normal 0 0 -1
    outer loop
      vertex 150.561 57.1316 10.5
      vertex 152.29 59.431 10.5
      vertex 150.632 56.921 10.5
    endloop
  endfacet
  facet normal 0 0 -1
    outer loop
      vertex 150.462 57.331 10.5
      vertex 152.29 59.431 10.5
      vertex 150.561 57.1316 10.5
    endloop
  endfacet
  facet normal 0 0 -1
    outer loop
      vertex 150.339 57.5159 10.5
      vertex 152.29 59.431 10.5
      vertex 150.462 57.331 10.5
    endloop
  endfacet
  facet normal 0 0 -1
    outer loop
      vertex 150.192 57.6831 10.5
      vertex 152.29 59.431 10.5
      vertex 150.339 57.5159 10.5
    endloop
  endfacet
  facet normal 0 0 -1
    outer loop
      vertex 150.025 57.8297 10.5
      vertex 152.29 59.431 10.5
      vertex 150.192 57.6831 10.5
    endloop
  endfacet
  facet normal 0 0 -1
    outer loop
      vertex 149.84 57.9532 10.5
      vertex 152.29 59.431 10.5
      vertex 150.025 57.8297 10.5
    endloop
  endfacet
  facet normal 0 0 -1
    outer loop
      vertex 149.641 58.0516 10.5
      vertex 152.29 59.431 10.5
      vertex 149.84 57.9532 10.5
    endloop
  endfacet
  facet normal 0 0 -1
    outer loop
      vertex 149.43 58.1231 10.5
      vertex 152.29 59.431 10.5
      vertex 149.641 58.0516 10.5
    endloop
  endfacet
  facet normal 0 0 -1
    outer loop
      vertex 149.212 58.1664 10.5
      vertex 152.29 59.431 10.5
      vertex 149.43 58.1231 10.5
    endloop
  endfacet
  facet normal 0 0 -1
    outer loop
      vertex 148.99 58.181 10.5
      vertex 152.29 59.431 10.5
      vertex 149.212 58.1664 10.5
    endloop
  endfacet
  facet normal 0 0 -1
    outer loop
      vertex 148.768 58.1664 10.5
      vertex 152.29 59.431 10.5
      vertex 148.99 58.181 10.5
    endloop
  endfacet
  facet normal 0 0 -1
    outer loop
      vertex 143.49 59.431 10.5
      vertex 148.768 58.1664 10.5
      vertex 148.55 58.1231 10.5
    endloop
  endfacet
  facet normal 0 0 -1
    outer loop
      vertex 143.49 59.431 10.5
      vertex 148.55 58.1231 10.5
      vertex 148.339 58.0516 10.5
    endloop
  endfacet
  facet normal 0 0 -1
    outer loop
      vertex 143.49 59.431 10.5
      vertex 147.29 56.481 10.5
      vertex 143.49 53.531 10.5
    endloop
  endfacet
  facet normal 0 0 -1
    outer loop
      vertex 147.29 56.481 10.5
      vertex 143.49 59.431 10.5
      vertex 147.305 56.7029 10.5
    endloop
  endfacet
  facet normal 0 0 -1
    outer loop
      vertex 147.305 56.7029 10.5
      vertex 143.49 59.431 10.5
      vertex 147.348 56.921 10.5
    endloop
  endfacet
  facet normal 0 0 -1
    outer loop
      vertex 147.348 56.921 10.5
      vertex 143.49 59.431 10.5
      vertex 147.419 57.1316 10.5
    endloop
  endfacet
  facet normal 0 0 -1
    outer loop
      vertex 147.419 57.1316 10.5
      vertex 143.49 59.431 10.5
      vertex 147.518 57.331 10.5
    endloop
  endfacet
  facet normal 0 0 -1
    outer loop
      vertex 147.518 57.331 10.5
      vertex 143.49 59.431 10.5
      vertex 147.641 57.5159 10.5
    endloop
  endfacet
  facet normal 0 0 -1
    outer loop
      vertex 148.768 58.1664 10.5
      vertex 143.49 59.431 10.5
      vertex 152.29 59.431 10.5
    endloop
  endfacet
  facet normal 0 0 -1
    outer loop
      vertex 148.14 57.9532 10.5
      vertex 143.49 59.431 10.5
      vertex 148.339 58.0516 10.5
    endloop
  endfacet
  facet normal 0 0 -1
    outer loop
      vertex 147.955 57.8297 10.5
      vertex 143.49 59.431 10.5
      vertex 148.14 57.9532 10.5
    endloop
  endfacet
  facet normal 0 0 -1
    outer loop
      vertex 147.788 57.6831 10.5
      vertex 143.49 59.431 10.5
      vertex 147.955 57.8297 10.5
    endloop
  endfacet
  facet normal 0 0 -1
    outer loop
      vertex 147.641 57.5159 10.5
      vertex 143.49 59.431 10.5
      vertex 147.788 57.6831 10.5
    endloop
  endfacet
  facet normal 0 0 1
    outer loop
      vertex 152.29 59.431 7.8
      vertex 150.69 56.481 7.8
      vertex 152.29 53.531 7.8
    endloop
  endfacet
  facet normal 0 0 1
    outer loop
      vertex 152.29 59.431 7.8
      vertex 150.675 56.7029 7.8
      vertex 150.69 56.481 7.8
    endloop
  endfacet
  facet normal 0 0 1
    outer loop
      vertex 152.29 59.431 7.8
      vertex 150.632 56.921 7.8
      vertex 150.675 56.7029 7.8
    endloop
  endfacet
  facet normal 0 0 1
    outer loop
      vertex 152.29 59.431 7.8
      vertex 150.561 57.1316 7.8
      vertex 150.632 56.921 7.8
    endloop
  endfacet
  facet normal 0 0 1
    outer loop
      vertex 152.29 59.431 7.8
      vertex 150.462 57.331 7.8
      vertex 150.561 57.1316 7.8
    endloop
  endfacet
  facet normal 0 0 1
    outer loop
      vertex 152.29 59.431 7.8
      vertex 150.339 57.5159 7.8
      vertex 150.462 57.331 7.8
    endloop
  endfacet
  facet normal 0 0 1
    outer loop
      vertex 152.29 59.431 7.8
      vertex 150.192 57.6831 7.8
      vertex 150.339 57.5159 7.8
    endloop
  endfacet
  facet normal 0 0 1
    outer loop
      vertex 152.29 59.431 7.8
      vertex 150.025 57.8297 7.8
      vertex 150.192 57.6831 7.8
    endloop
  endfacet
  facet normal 0 0 1
    outer loop
      vertex 152.29 59.431 7.8
      vertex 149.84 57.9532 7.8
      vertex 150.025 57.8297 7.8
    endloop
  endfacet
  facet normal 0 0 1
    outer loop
      vertex 152.29 59.431 7.8
      vertex 149.641 58.0516 7.8
      vertex 149.84 57.9532 7.8
    endloop
  endfacet
  facet normal 0 0 1
    outer loop
      vertex 152.29 59.431 7.8
      vertex 149.43 58.1231 7.8
      vertex 149.641 58.0516 7.8
    endloop
  endfacet
  facet normal 0 0 1
    outer loop
      vertex 152.29 59.431 7.8
      vertex 149.212 58.1664 7.8
      vertex 149.43 58.1231 7.8
    endloop
  endfacet
  facet normal 0 0 1
    outer loop
      vertex 152.29 59.431 7.8
      vertex 148.99 58.181 7.8
      vertex 149.212 58.1664 7.8
    endloop
  endfacet
  facet normal 0 0 1
    outer loop
      vertex 152.29 59.431 7.8
      vertex 148.768 58.1664 7.8
      vertex 148.99 58.181 7.8
    endloop
  endfacet
  facet normal -0 0 1
    outer loop
      vertex 143.49 59.431 7.8
      vertex 148.768 58.1664 7.8
      vertex 152.29 59.431 7.8
    endloop
  endfacet
  facet normal 0 0 1
    outer loop
      vertex 148.768 58.1664 7.8
      vertex 143.49 59.431 7.8
      vertex 148.55 58.1231 7.8
    endloop
  endfacet
  facet normal 0 0 1
    outer loop
      vertex 147.305 56.7029 7.8
      vertex 143.49 59.431 7.8
      vertex 147.29 56.481 7.8
    endloop
  endfacet
  facet normal 0 0 1
    outer loop
      vertex 147.348 56.921 7.8
      vertex 143.49 59.431 7.8
      vertex 147.305 56.7029 7.8
    endloop
  endfacet
  facet normal 0 0 1
    outer loop
      vertex 147.419 57.1316 7.8
      vertex 143.49 59.431 7.8
      vertex 147.348 56.921 7.8
    endloop
  endfacet
  facet normal 0 0 1
    outer loop
      vertex 147.518 57.331 7.8
      vertex 143.49 59.431 7.8
      vertex 147.419 57.1316 7.8
    endloop
  endfacet
  facet normal 0 0 1
    outer loop
      vertex 147.641 57.5159 7.8
      vertex 143.49 59.431 7.8
      vertex 147.518 57.331 7.8
    endloop
  endfacet
  facet normal 0 0 1
    outer loop
      vertex 147.788 57.6831 7.8
      vertex 143.49 59.431 7.8
      vertex 147.641 57.5159 7.8
    endloop
  endfacet
  facet normal 0 0 1
    outer loop
      vertex 147.955 57.8297 7.8
      vertex 143.49 59.431 7.8
      vertex 147.788 57.6831 7.8
    endloop
  endfacet
  facet normal 0 0 1
    outer loop
      vertex 148.14 57.9532 7.8
      vertex 143.49 59.431 7.8
      vertex 147.955 57.8297 7.8
    endloop
  endfacet
  facet normal 0 0 1
    outer loop
      vertex 148.339 58.0516 7.8
      vertex 143.49 59.431 7.8
      vertex 148.14 57.9532 7.8
    endloop
  endfacet
  facet normal 0 0 1
    outer loop
      vertex 148.55 58.1231 7.8
      vertex 143.49 59.431 7.8
      vertex 148.339 58.0516 7.8
    endloop
  endfacet
  facet normal -0 0 1
    outer loop
      vertex 150.675 56.2591 7.8
      vertex 152.29 53.531 7.8
      vertex 150.69 56.481 7.8
    endloop
  endfacet
  facet normal -0 0 1
    outer loop
      vertex 150.632 56.041 7.8
      vertex 152.29 53.531 7.8
      vertex 150.675 56.2591 7.8
    endloop
  endfacet
  facet normal -0 0 1
    outer loop
      vertex 150.561 55.8304 7.8
      vertex 152.29 53.531 7.8
      vertex 150.632 56.041 7.8
    endloop
  endfacet
  facet normal -0 0 1
    outer loop
      vertex 150.462 55.631 7.8
      vertex 152.29 53.531 7.8
      vertex 150.561 55.8304 7.8
    endloop
  endfacet
  facet normal -0 0 1
    outer loop
      vertex 150.339 55.4461 7.8
      vertex 152.29 53.531 7.8
      vertex 150.462 55.631 7.8
    endloop
  endfacet
  facet normal -0 0 1
    outer loop
      vertex 150.192 55.2789 7.8
      vertex 152.29 53.531 7.8
      vertex 150.339 55.4461 7.8
    endloop
  endfacet
  facet normal -0 0 1
    outer loop
      vertex 150.025 55.1323 7.8
      vertex 152.29 53.531 7.8
      vertex 150.192 55.2789 7.8
    endloop
  endfacet
  facet normal -0 0 1
    outer loop
      vertex 149.84 55.0087 7.8
      vertex 152.29 53.531 7.8
      vertex 150.025 55.1323 7.8
    endloop
  endfacet
  facet normal -0 0 1
    outer loop
      vertex 149.641 54.9104 7.8
      vertex 152.29 53.531 7.8
      vertex 149.84 55.0087 7.8
    endloop
  endfacet
  facet normal -0 0 1
    outer loop
      vertex 149.43 54.8389 7.8
      vertex 152.29 53.531 7.8
      vertex 149.641 54.9104 7.8
    endloop
  endfacet
  facet normal -0 0 1
    outer loop
      vertex 149.212 54.7955 7.8
      vertex 152.29 53.531 7.8
      vertex 149.43 54.8389 7.8
    endloop
  endfacet
  facet normal -0 0 1
    outer loop
      vertex 148.99 54.781 7.8
      vertex 152.29 53.531 7.8
      vertex 149.212 54.7955 7.8
    endloop
  endfacet
  facet normal 0 0 1
    outer loop
      vertex 148.768 54.7955 7.8
      vertex 152.29 53.531 7.8
      vertex 148.99 54.781 7.8
    endloop
  endfacet
  facet normal 0 0 1
    outer loop
      vertex 143.49 53.531 7.8
      vertex 148.768 54.7955 7.8
      vertex 148.55 54.8389 7.8
    endloop
  endfacet
  facet normal 0 0 1
    outer loop
      vertex 143.49 53.531 7.8
      vertex 148.55 54.8389 7.8
      vertex 148.339 54.9104 7.8
    endloop
  endfacet
  facet normal 0 0 1
    outer loop
      vertex 143.49 53.531 7.8
      vertex 147.29 56.481 7.8
      vertex 143.49 59.431 7.8
    endloop
  endfacet
  facet normal 0 0 1
    outer loop
      vertex 147.29 56.481 7.8
      vertex 143.49 53.531 7.8
      vertex 147.305 56.2591 7.8
    endloop
  endfacet
  facet normal 0 0 1
    outer loop
      vertex 147.305 56.2591 7.8
      vertex 143.49 53.531 7.8
      vertex 147.348 56.041 7.8
    endloop
  endfacet
  facet normal 0 0 1
    outer loop
      vertex 147.348 56.041 7.8
      vertex 143.49 53.531 7.8
      vertex 147.419 55.8304 7.8
    endloop
  endfacet
  facet normal 0 0 1
    outer loop
      vertex 147.419 55.8304 7.8
      vertex 143.49 53.531 7.8
      vertex 147.518 55.631 7.8
    endloop
  endfacet
  facet normal 0 0 1
    outer loop
      vertex 147.518 55.631 7.8
      vertex 143.49 53.531 7.8
      vertex 147.641 55.4461 7.8
    endloop
  endfacet
  facet normal 0 0 1
    outer loop
      vertex 148.768 54.7955 7.8
      vertex 143.49 53.531 7.8
      vertex 152.29 53.531 7.8
    endloop
  endfacet
  facet normal 0 0 1
    outer loop
      vertex 148.14 55.0087 7.8
      vertex 143.49 53.531 7.8
      vertex 148.339 54.9104 7.8
    endloop
  endfacet
  facet normal 0 0 1
    outer loop
      vertex 147.955 55.1323 7.8
      vertex 143.49 53.531 7.8
      vertex 148.14 55.0087 7.8
    endloop
  endfacet
  facet normal 0 0 1
    outer loop
      vertex 147.788 55.2789 7.8
      vertex 143.49 53.531 7.8
      vertex 147.955 55.1323 7.8
    endloop
  endfacet
  facet normal 0 0 1
    outer loop
      vertex 147.641 55.4461 7.8
      vertex 143.49 53.531 7.8
      vertex 147.788 55.2789 7.8
    endloop
  endfacet
  facet normal 0 -1 0
    outer loop
      vertex 143.49 59.431 7.8
      vertex 152.29 59.431 10.5
      vertex 143.49 59.431 10.5
    endloop
  endfacet
  facet normal 0 -1 -0
    outer loop
      vertex 152.29 59.431 10.5
      vertex 143.49 59.431 7.8
      vertex 152.29 59.431 7.8
    endloop
  endfacet
  facet normal 0 1 -0
    outer loop
      vertex 152.29 53.531 7.8
      vertex 143.49 53.531 10.5
      vertex 152.29 53.531 10.5
    endloop
  endfacet
  facet normal 0 1 0
    outer loop
      vertex 143.49 53.531 10.5
      vertex 152.29 53.531 7.8
      vertex 143.49 53.531 7.8
    endloop
  endfacet
  facet normal -0.981097 -0.193519 0
    outer loop
      vertex 150.675 107.474 0
      vertex 150.632 107.692 7.8
      vertex 150.632 107.692 0
    endloop
  endfacet
  facet normal -0.981097 -0.193519 0
    outer loop
      vertex 150.632 107.692 7.8
      vertex 150.675 107.474 0
      vertex 150.675 107.474 7.8
    endloop
  endfacet
  facet normal -0.981097 -0.193519 0
    outer loop
      vertex 150.675 107.474 10.5
      vertex 150.632 107.692 13
      vertex 150.632 107.692 10.5
    endloop
  endfacet
  facet normal -0.981097 -0.193519 0
    outer loop
      vertex 150.632 107.692 13
      vertex 150.675 107.474 10.5
      vertex 150.675 107.474 13
    endloop
  endfacet
  facet normal -0.997725 -0.0674139 0
    outer loop
      vertex 150.69 107.252 0
      vertex 150.675 107.474 7.8
      vertex 150.675 107.474 0
    endloop
  endfacet
  facet normal -0.997725 -0.0674139 0
    outer loop
      vertex 150.675 107.474 7.8
      vertex 150.69 107.252 0
      vertex 150.69 107.252 7.8
    endloop
  endfacet
  facet normal -0.997725 -0.0674139 0
    outer loop
      vertex 150.69 107.252 10.5
      vertex 150.675 107.474 13
      vertex 150.675 107.474 10.5
    endloop
  endfacet
  facet normal -0.997725 -0.0674139 0
    outer loop
      vertex 150.675 107.474 13
      vertex 150.69 107.252 10.5
      vertex 150.69 107.252 13
    endloop
  endfacet
  facet normal -0.660729 -0.750624 0
    outer loop
      vertex 150.025 108.601 0
      vertex 150.192 108.454 7.8
      vertex 150.025 108.601 7.8
    endloop
  endfacet
  facet normal -0.660729 -0.750624 -0
    outer loop
      vertex 150.192 108.454 7.8
      vertex 150.025 108.601 0
      vertex 150.192 108.454 0
    endloop
  endfacet
  facet normal -0.660729 -0.750624 0
    outer loop
      vertex 150.025 108.601 10.5
      vertex 150.192 108.454 13
      vertex 150.025 108.601 13
    endloop
  endfacet
  facet normal -0.660729 -0.750624 -0
    outer loop
      vertex 150.192 108.454 13
      vertex 150.025 108.601 10.5
      vertex 150.192 108.454 10.5
    endloop
  endfacet
  facet normal 0.997725 -0.0674139 0
    outer loop
      vertex 147.29 107.252 7.8
      vertex 147.305 107.474 0
      vertex 147.305 107.474 7.8
    endloop
  endfacet
  facet normal 0.997725 -0.0674139 0
    outer loop
      vertex 147.305 107.474 0
      vertex 147.29 107.252 7.8
      vertex 147.29 107.252 0
    endloop
  endfacet
  facet normal 0.997725 -0.0674139 0
    outer loop
      vertex 147.29 107.252 13
      vertex 147.305 107.474 10.5
      vertex 147.305 107.474 13
    endloop
  endfacet
  facet normal 0.997725 -0.0674139 0
    outer loop
      vertex 147.305 107.474 10.5
      vertex 147.29 107.252 13
      vertex 147.29 107.252 10.5
    endloop
  endfacet
  facet normal -0.193519 0.981097 0
    outer loop
      vertex 149.43 105.61 0
      vertex 149.212 105.567 7.8
      vertex 149.43 105.61 7.8
    endloop
  endfacet
  facet normal -0.193519 0.981097 0
    outer loop
      vertex 149.212 105.567 7.8
      vertex 149.43 105.61 0
      vertex 149.212 105.567 0
    endloop
  endfacet
  facet normal -0.193519 0.981097 0
    outer loop
      vertex 149.43 105.61 10.5
      vertex 149.212 105.567 13
      vertex 149.43 105.61 13
    endloop
  endfacet
  facet normal -0.193519 0.981097 0
    outer loop
      vertex 149.212 105.567 13
      vertex 149.43 105.61 10.5
      vertex 149.212 105.567 10.5
    endloop
  endfacet
  facet normal -0.556771 -0.830666 0
    outer loop
      vertex 149.84 108.725 0
      vertex 150.025 108.601 7.8
      vertex 149.84 108.725 7.8
    endloop
  endfacet
  facet normal -0.556771 -0.830666 -0
    outer loop
      vertex 150.025 108.601 7.8
      vertex 149.84 108.725 0
      vertex 150.025 108.601 0
    endloop
  endfacet
  facet normal -0.556771 -0.830666 0
    outer loop
      vertex 149.84 108.725 10.5
      vertex 150.025 108.601 13
      vertex 149.84 108.725 13
    endloop
  endfacet
  facet normal -0.556771 -0.830666 -0
    outer loop
      vertex 150.025 108.601 13
      vertex 149.84 108.725 10.5
      vertex 150.025 108.601 10.5
    endloop
  endfacet
  facet normal -0.997725 0.0674139 0
    outer loop
      vertex 150.675 107.03 0
      vertex 150.69 107.252 7.8
      vertex 150.69 107.252 0
    endloop
  endfacet
  facet normal -0.997725 0.0674139 0
    outer loop
      vertex 150.69 107.252 7.8
      vertex 150.675 107.03 0
      vertex 150.675 107.03 7.8
    endloop
  endfacet
  facet normal -0.997725 0.0674139 0
    outer loop
      vertex 150.675 107.03 10.5
      vertex 150.69 107.252 13
      vertex 150.69 107.252 10.5
    endloop
  endfacet
  facet normal -0.997725 0.0674139 0
    outer loop
      vertex 150.69 107.252 13
      vertex 150.675 107.03 10.5
      vertex 150.675 107.03 13
    endloop
  endfacet
  facet normal -0.832742 -0.553661 0
    outer loop
      vertex 150.462 108.102 0
      vertex 150.339 108.287 7.8
      vertex 150.339 108.287 0
    endloop
  endfacet
  facet normal -0.832742 -0.553661 0
    outer loop
      vertex 150.339 108.287 7.8
      vertex 150.462 108.102 0
      vertex 150.462 108.102 7.8
    endloop
  endfacet
  facet normal -0.832742 -0.553661 0
    outer loop
      vertex 150.462 108.102 10.5
      vertex 150.339 108.287 13
      vertex 150.339 108.287 10.5
    endloop
  endfacet
  facet normal -0.832742 -0.553661 0
    outer loop
      vertex 150.339 108.287 13
      vertex 150.462 108.102 10.5
      vertex 150.462 108.102 13
    endloop
  endfacet
  facet normal 0.981097 -0.193519 0
    outer loop
      vertex 147.305 107.474 7.8
      vertex 147.348 107.692 0
      vertex 147.348 107.692 7.8
    endloop
  endfacet
  facet normal 0.981097 -0.193519 0
    outer loop
      vertex 147.348 107.692 0
      vertex 147.305 107.474 7.8
      vertex 147.305 107.474 0
    endloop
  endfacet
  facet normal 0.981097 -0.193519 0
    outer loop
      vertex 147.305 107.474 13
      vertex 147.348 107.692 10.5
      vertex 147.348 107.692 13
    endloop
  endfacet
  facet normal 0.981097 -0.193519 0
    outer loop
      vertex 147.348 107.692 10.5
      vertex 147.305 107.474 13
      vertex 147.305 107.474 10.5
    endloop
  endfacet
  facet normal 0.556771 0.830666 -0
    outer loop
      vertex 148.14 105.78 0
      vertex 147.955 105.904 7.8
      vertex 148.14 105.78 7.8
    endloop
  endfacet
  facet normal 0.556771 0.830666 0
    outer loop
      vertex 147.955 105.904 7.8
      vertex 148.14 105.78 0
      vertex 147.955 105.904 0
    endloop
  endfacet
  facet normal 0.556771 0.830666 -0
    outer loop
      vertex 148.14 105.78 10.5
      vertex 147.955 105.904 13
      vertex 148.14 105.78 13
    endloop
  endfacet
  facet normal 0.556771 0.830666 0
    outer loop
      vertex 147.955 105.904 13
      vertex 148.14 105.78 10.5
      vertex 147.955 105.904 10.5
    endloop
  endfacet
  facet normal -0.318922 -0.947781 0
    outer loop
      vertex 149.43 108.894 0
      vertex 149.641 108.823 7.8
      vertex 149.43 108.894 7.8
    endloop
  endfacet
  facet normal -0.318922 -0.947781 -0
    outer loop
      vertex 149.641 108.823 7.8
      vertex 149.43 108.894 0
      vertex 149.641 108.823 0
    endloop
  endfacet
  facet normal -0.318922 -0.947781 0
    outer loop
      vertex 149.43 108.894 10.5
      vertex 149.641 108.823 13
      vertex 149.43 108.894 13
    endloop
  endfacet
  facet normal -0.318922 -0.947781 -0
    outer loop
      vertex 149.641 108.823 13
      vertex 149.43 108.894 10.5
      vertex 149.641 108.823 10.5
    endloop
  endfacet
  facet normal -0.750624 0.660729 0
    outer loop
      vertex 150.192 106.05 0
      vertex 150.339 106.217 7.8
      vertex 150.339 106.217 0
    endloop
  endfacet
  facet normal -0.750624 0.660729 0
    outer loop
      vertex 150.339 106.217 7.8
      vertex 150.192 106.05 0
      vertex 150.192 106.05 7.8
    endloop
  endfacet
  facet normal -0.750624 0.660729 0
    outer loop
      vertex 150.192 106.05 10.5
      vertex 150.339 106.217 13
      vertex 150.339 106.217 10.5
    endloop
  endfacet
  facet normal -0.750624 0.660729 0
    outer loop
      vertex 150.339 106.217 13
      vertex 150.192 106.05 10.5
      vertex 150.192 106.05 13
    endloop
  endfacet
  facet normal -0.441796 0.897116 0
    outer loop
      vertex 149.84 105.78 0
      vertex 149.641 105.682 7.8
      vertex 149.84 105.78 7.8
    endloop
  endfacet
  facet normal -0.441796 0.897116 0
    outer loop
      vertex 149.641 105.682 7.8
      vertex 149.84 105.78 0
      vertex 149.641 105.682 0
    endloop
  endfacet
  facet normal -0.441796 0.897116 0
    outer loop
      vertex 149.84 105.78 10.5
      vertex 149.641 105.682 13
      vertex 149.84 105.78 13
    endloop
  endfacet
  facet normal -0.441796 0.897116 0
    outer loop
      vertex 149.641 105.682 13
      vertex 149.84 105.78 10.5
      vertex 149.641 105.682 10.5
    endloop
  endfacet
  facet normal -0.981097 0.193519 0
    outer loop
      vertex 150.632 106.812 0
      vertex 150.675 107.03 7.8
      vertex 150.675 107.03 0
    endloop
  endfacet
  facet normal -0.981097 0.193519 0
    outer loop
      vertex 150.675 107.03 7.8
      vertex 150.632 106.812 0
      vertex 150.632 106.812 7.8
    endloop
  endfacet
  facet normal -0.981097 0.193519 0
    outer loop
      vertex 150.632 106.812 10.5
      vertex 150.675 107.03 13
      vertex 150.675 107.03 10.5
    endloop
  endfacet
  facet normal -0.981097 0.193519 0
    outer loop
      vertex 150.675 107.03 13
      vertex 150.632 106.812 10.5
      vertex 150.632 106.812 13
    endloop
  endfacet
  facet normal 0.556771 -0.830666 0
    outer loop
      vertex 147.955 108.601 0
      vertex 148.14 108.725 7.8
      vertex 147.955 108.601 7.8
    endloop
  endfacet
  facet normal 0.556771 -0.830666 0
    outer loop
      vertex 148.14 108.725 7.8
      vertex 147.955 108.601 0
      vertex 148.14 108.725 0
    endloop
  endfacet
  facet normal 0.556771 -0.830666 0
    outer loop
      vertex 147.955 108.601 10.5
      vertex 148.14 108.725 13
      vertex 147.955 108.601 13
    endloop
  endfacet
  facet normal 0.556771 -0.830666 0
    outer loop
      vertex 148.14 108.725 13
      vertex 147.955 108.601 10.5
      vertex 148.14 108.725 10.5
    endloop
  endfacet
  facet normal 0.896212 0.443625 0
    outer loop
      vertex 147.518 106.402 7.8
      vertex 147.419 106.602 0
      vertex 147.419 106.602 7.8
    endloop
  endfacet
  facet normal 0.896212 0.443625 0
    outer loop
      vertex 147.419 106.602 0
      vertex 147.518 106.402 7.8
      vertex 147.518 106.402 0
    endloop
  endfacet
  facet normal 0.896212 0.443625 0
    outer loop
      vertex 147.518 106.402 13
      vertex 147.419 106.602 10.5
      vertex 147.419 106.602 13
    endloop
  endfacet
  facet normal 0.896212 0.443625 0
    outer loop
      vertex 147.419 106.602 10.5
      vertex 147.518 106.402 13
      vertex 147.518 106.402 10.5
    endloop
  endfacet
  facet normal 0.750624 -0.660729 0
    outer loop
      vertex 147.641 108.287 7.8
      vertex 147.788 108.454 0
      vertex 147.788 108.454 7.8
    endloop
  endfacet
  facet normal 0.750624 -0.660729 0
    outer loop
      vertex 147.788 108.454 0
      vertex 147.641 108.287 7.8
      vertex 147.641 108.287 0
    endloop
  endfacet
  facet normal 0.750624 -0.660729 0
    outer loop
      vertex 147.641 108.287 13
      vertex 147.788 108.454 10.5
      vertex 147.788 108.454 13
    endloop
  endfacet
  facet normal 0.750624 -0.660729 0
    outer loop
      vertex 147.788 108.454 10.5
      vertex 147.641 108.287 13
      vertex 147.641 108.287 10.5
    endloop
  endfacet
  facet normal 0.441796 0.897116 -0
    outer loop
      vertex 148.339 105.682 0
      vertex 148.14 105.78 7.8
      vertex 148.339 105.682 7.8
    endloop
  endfacet
  facet normal 0.441796 0.897116 0
    outer loop
      vertex 148.14 105.78 7.8
      vertex 148.339 105.682 0
      vertex 148.14 105.78 0
    endloop
  endfacet
  facet normal 0.441796 0.897116 -0
    outer loop
      vertex 148.339 105.682 10.5
      vertex 148.14 105.78 13
      vertex 148.339 105.682 13
    endloop
  endfacet
  facet normal 0.441796 0.897116 0
    outer loop
      vertex 148.14 105.78 13
      vertex 148.339 105.682 10.5
      vertex 148.14 105.78 10.5
    endloop
  endfacet
  facet normal 0.981097 0.193519 0
    outer loop
      vertex 147.348 106.812 7.8
      vertex 147.305 107.03 0
      vertex 147.305 107.03 7.8
    endloop
  endfacet
  facet normal 0.981097 0.193519 0
    outer loop
      vertex 147.305 107.03 0
      vertex 147.348 106.812 7.8
      vertex 147.348 106.812 0
    endloop
  endfacet
  facet normal 0.981097 0.193519 0
    outer loop
      vertex 147.348 106.812 13
      vertex 147.305 107.03 10.5
      vertex 147.305 107.03 13
    endloop
  endfacet
  facet normal 0.981097 0.193519 0
    outer loop
      vertex 147.305 107.03 10.5
      vertex 147.348 106.812 13
      vertex 147.348 106.812 10.5
    endloop
  endfacet
  facet normal -0.322948 0.946417 0
    outer loop
      vertex 149.641 105.682 0
      vertex 149.43 105.61 7.8
      vertex 149.641 105.682 7.8
    endloop
  endfacet
  facet normal -0.322948 0.946417 0
    outer loop
      vertex 149.43 105.61 7.8
      vertex 149.641 105.682 0
      vertex 149.43 105.61 0
    endloop
  endfacet
  facet normal -0.322948 0.946417 0
    outer loop
      vertex 149.641 105.682 10.5
      vertex 149.43 105.61 13
      vertex 149.641 105.682 13
    endloop
  endfacet
  facet normal -0.322948 0.946417 0
    outer loop
      vertex 149.43 105.61 13
      vertex 149.641 105.682 10.5
      vertex 149.43 105.61 10.5
    endloop
  endfacet
  facet normal -0.895325 -0.445413 0
    outer loop
      vertex 150.561 107.903 0
      vertex 150.462 108.102 7.8
      vertex 150.462 108.102 0
    endloop
  endfacet
  facet normal -0.895325 -0.445413 0
    outer loop
      vertex 150.462 108.102 7.8
      vertex 150.561 107.903 0
      vertex 150.561 107.903 7.8
    endloop
  endfacet
  facet normal -0.895325 -0.445413 0
    outer loop
      vertex 150.561 107.903 10.5
      vertex 150.462 108.102 13
      vertex 150.462 108.102 10.5
    endloop
  endfacet
  facet normal -0.895325 -0.445413 0
    outer loop
      vertex 150.462 108.102 13
      vertex 150.561 107.903 10.5
      vertex 150.561 107.903 13
    endloop
  endfacet
  facet normal -0.441796 -0.897116 0
    outer loop
      vertex 149.641 108.823 0
      vertex 149.84 108.725 7.8
      vertex 149.641 108.823 7.8
    endloop
  endfacet
  facet normal -0.441796 -0.897116 -0
    outer loop
      vertex 149.84 108.725 7.8
      vertex 149.641 108.823 0
      vertex 149.84 108.725 0
    endloop
  endfacet
  facet normal -0.441796 -0.897116 0
    outer loop
      vertex 149.641 108.823 10.5
      vertex 149.84 108.725 13
      vertex 149.641 108.823 13
    endloop
  endfacet
  facet normal -0.441796 -0.897116 -0
    outer loop
      vertex 149.84 108.725 13
      vertex 149.641 108.823 10.5
      vertex 149.84 108.725 10.5
    endloop
  endfacet
  facet normal -0.658185 0.752856 0
    outer loop
      vertex 150.192 106.05 0
      vertex 150.025 105.904 7.8
      vertex 150.192 106.05 7.8
    endloop
  endfacet
  facet normal -0.658185 0.752856 0
    outer loop
      vertex 150.025 105.904 7.8
      vertex 150.192 106.05 0
      vertex 150.025 105.904 0
    endloop
  endfacet
  facet normal -0.658185 0.752856 0
    outer loop
      vertex 150.192 106.05 10.5
      vertex 150.025 105.904 13
      vertex 150.192 106.05 13
    endloop
  endfacet
  facet normal -0.658185 0.752856 0
    outer loop
      vertex 150.025 105.904 13
      vertex 150.192 106.05 10.5
      vertex 150.025 105.904 10.5
    endloop
  endfacet
  facet normal -0.197845 -0.980233 0
    outer loop
      vertex 149.212 108.938 0
      vertex 149.43 108.894 7.8
      vertex 149.212 108.938 7.8
    endloop
  endfacet
  facet normal -0.197845 -0.980233 -0
    outer loop
      vertex 149.43 108.894 7.8
      vertex 149.212 108.938 0
      vertex 149.43 108.894 0
    endloop
  endfacet
  facet normal -0.197845 -0.980233 0
    outer loop
      vertex 149.212 108.938 10.5
      vertex 149.43 108.894 13
      vertex 149.212 108.938 13
    endloop
  endfacet
  facet normal -0.197845 -0.980233 -0
    outer loop
      vertex 149.43 108.894 13
      vertex 149.212 108.938 10.5
      vertex 149.43 108.894 10.5
    endloop
  endfacet
  facet normal 0.062938 -0.998017 0
    outer loop
      vertex 148.768 108.938 0
      vertex 148.99 108.952 7.8
      vertex 148.768 108.938 7.8
    endloop
  endfacet
  facet normal 0.062938 -0.998017 0
    outer loop
      vertex 148.99 108.952 7.8
      vertex 148.768 108.938 0
      vertex 148.99 108.952 0
    endloop
  endfacet
  facet normal 0.062938 -0.998017 0
    outer loop
      vertex 148.768 108.938 10.5
      vertex 148.99 108.952 13
      vertex 148.768 108.938 13
    endloop
  endfacet
  facet normal 0.062938 -0.998017 0
    outer loop
      vertex 148.99 108.952 13
      vertex 148.768 108.938 10.5
      vertex 148.99 108.952 10.5
    endloop
  endfacet
  facet normal -0.556771 0.830666 0
    outer loop
      vertex 150.025 105.904 0
      vertex 149.84 105.78 7.8
      vertex 150.025 105.904 7.8
    endloop
  endfacet
  facet normal -0.556771 0.830666 0
    outer loop
      vertex 149.84 105.78 7.8
      vertex 150.025 105.904 0
      vertex 149.84 105.78 0
    endloop
  endfacet
  facet normal -0.556771 0.830666 0
    outer loop
      vertex 150.025 105.904 10.5
      vertex 149.84 105.78 13
      vertex 150.025 105.904 13
    endloop
  endfacet
  facet normal -0.556771 0.830666 0
    outer loop
      vertex 149.84 105.78 13
      vertex 150.025 105.904 10.5
      vertex 149.84 105.78 10.5
    endloop
  endfacet
  facet normal 0.832742 0.553661 0
    outer loop
      vertex 147.641 106.217 7.8
      vertex 147.518 106.402 0
      vertex 147.518 106.402 7.8
    endloop
  endfacet
  facet normal 0.832742 0.553661 0
    outer loop
      vertex 147.518 106.402 0
      vertex 147.641 106.217 7.8
      vertex 147.641 106.217 0
    endloop
  endfacet
  facet normal 0.832742 0.553661 0
    outer loop
      vertex 147.641 106.217 13
      vertex 147.518 106.402 10.5
      vertex 147.518 106.402 13
    endloop
  endfacet
  facet normal 0.832742 0.553661 0
    outer loop
      vertex 147.518 106.402 10.5
      vertex 147.641 106.217 13
      vertex 147.641 106.217 10.5
    endloop
  endfacet
  facet normal 0.441796 -0.897116 0
    outer loop
      vertex 148.14 108.725 0
      vertex 148.339 108.823 7.8
      vertex 148.14 108.725 7.8
    endloop
  endfacet
  facet normal 0.441796 -0.897116 0
    outer loop
      vertex 148.339 108.823 7.8
      vertex 148.14 108.725 0
      vertex 148.339 108.823 0
    endloop
  endfacet
  facet normal 0.441796 -0.897116 0
    outer loop
      vertex 148.14 108.725 10.5
      vertex 148.339 108.823 13
      vertex 148.14 108.725 13
    endloop
  endfacet
  facet normal 0.441796 -0.897116 0
    outer loop
      vertex 148.339 108.823 13
      vertex 148.14 108.725 10.5
      vertex 148.339 108.823 10.5
    endloop
  endfacet
  facet normal 0.197845 -0.980233 0
    outer loop
      vertex 148.55 108.894 0
      vertex 148.768 108.938 7.8
      vertex 148.55 108.894 7.8
    endloop
  endfacet
  facet normal 0.197845 -0.980233 0
    outer loop
      vertex 148.768 108.938 7.8
      vertex 148.55 108.894 0
      vertex 148.768 108.938 0
    endloop
  endfacet
  facet normal 0.197845 -0.980233 0
    outer loop
      vertex 148.55 108.894 10.5
      vertex 148.768 108.938 13
      vertex 148.55 108.894 13
    endloop
  endfacet
  facet normal 0.197845 -0.980233 0
    outer loop
      vertex 148.768 108.938 13
      vertex 148.55 108.894 10.5
      vertex 148.768 108.938 10.5
    endloop
  endfacet
  facet normal 0.997725 0.0674139 0
    outer loop
      vertex 147.305 107.03 7.8
      vertex 147.29 107.252 0
      vertex 147.29 107.252 7.8
    endloop
  endfacet
  facet normal 0.997725 0.0674139 0
    outer loop
      vertex 147.29 107.252 0
      vertex 147.305 107.03 7.8
      vertex 147.305 107.03 0
    endloop
  endfacet
  facet normal 0.997725 0.0674139 0
    outer loop
      vertex 147.305 107.03 13
      vertex 147.29 107.252 10.5
      vertex 147.29 107.252 13
    endloop
  endfacet
  facet normal 0.997725 0.0674139 0
    outer loop
      vertex 147.29 107.252 10.5
      vertex 147.305 107.03 13
      vertex 147.305 107.03 10.5
    endloop
  endfacet
  facet normal -0.832742 0.553661 0
    outer loop
      vertex 150.339 106.217 0
      vertex 150.462 106.402 7.8
      vertex 150.462 106.402 0
    endloop
  endfacet
  facet normal -0.832742 0.553661 0
    outer loop
      vertex 150.462 106.402 7.8
      vertex 150.339 106.217 0
      vertex 150.339 106.217 7.8
    endloop
  endfacet
  facet normal -0.832742 0.553661 0
    outer loop
      vertex 150.339 106.217 10.5
      vertex 150.462 106.402 13
      vertex 150.462 106.402 10.5
    endloop
  endfacet
  facet normal -0.832742 0.553661 0
    outer loop
      vertex 150.462 106.402 13
      vertex 150.339 106.217 10.5
      vertex 150.339 106.217 13
    endloop
  endfacet
  facet normal 0.947321 0.320285 0
    outer loop
      vertex 147.419 106.602 7.8
      vertex 147.348 106.812 0
      vertex 147.348 106.812 7.8
    endloop
  endfacet
  facet normal 0.947321 0.320285 0
    outer loop
      vertex 147.348 106.812 0
      vertex 147.419 106.602 7.8
      vertex 147.419 106.602 0
    endloop
  endfacet
  facet normal 0.947321 0.320285 0
    outer loop
      vertex 147.419 106.602 13
      vertex 147.348 106.812 10.5
      vertex 147.348 106.812 13
    endloop
  endfacet
  facet normal 0.947321 0.320285 0
    outer loop
      vertex 147.348 106.812 10.5
      vertex 147.419 106.602 13
      vertex 147.419 106.602 10.5
    endloop
  endfacet
  facet normal -0.947321 0.320285 0
    outer loop
      vertex 150.561 106.602 0
      vertex 150.632 106.812 7.8
      vertex 150.632 106.812 0
    endloop
  endfacet
  facet normal -0.947321 0.320285 0
    outer loop
      vertex 150.632 106.812 7.8
      vertex 150.561 106.602 0
      vertex 150.561 106.602 7.8
    endloop
  endfacet
  facet normal -0.947321 0.320285 0
    outer loop
      vertex 150.561 106.602 10.5
      vertex 150.632 106.812 13
      vertex 150.632 106.812 10.5
    endloop
  endfacet
  facet normal -0.947321 0.320285 0
    outer loop
      vertex 150.632 106.812 13
      vertex 150.561 106.602 10.5
      vertex 150.561 106.602 13
    endloop
  endfacet
  facet normal 0.660729 -0.750624 0
    outer loop
      vertex 147.788 108.454 0
      vertex 147.955 108.601 7.8
      vertex 147.788 108.454 7.8
    endloop
  endfacet
  facet normal 0.660729 -0.750624 0
    outer loop
      vertex 147.955 108.601 7.8
      vertex 147.788 108.454 0
      vertex 147.955 108.601 0
    endloop
  endfacet
  facet normal 0.660729 -0.750624 0
    outer loop
      vertex 147.788 108.454 10.5
      vertex 147.955 108.601 13
      vertex 147.788 108.454 13
    endloop
  endfacet
  facet normal 0.660729 -0.750624 0
    outer loop
      vertex 147.955 108.601 13
      vertex 147.788 108.454 10.5
      vertex 147.955 108.601 10.5
    endloop
  endfacet
  facet normal 0.318922 -0.947781 0
    outer loop
      vertex 148.339 108.823 0
      vertex 148.55 108.894 7.8
      vertex 148.339 108.823 7.8
    endloop
  endfacet
  facet normal 0.318922 -0.947781 0
    outer loop
      vertex 148.55 108.894 7.8
      vertex 148.339 108.823 0
      vertex 148.55 108.894 0
    endloop
  endfacet
  facet normal 0.318922 -0.947781 0
    outer loop
      vertex 148.339 108.823 10.5
      vertex 148.55 108.894 13
      vertex 148.339 108.823 13
    endloop
  endfacet
  facet normal 0.318922 -0.947781 0
    outer loop
      vertex 148.55 108.894 13
      vertex 148.339 108.823 10.5
      vertex 148.55 108.894 10.5
    endloop
  endfacet
  facet normal -0.062938 -0.998017 0
    outer loop
      vertex 148.99 108.952 0
      vertex 149.212 108.938 7.8
      vertex 148.99 108.952 7.8
    endloop
  endfacet
  facet normal -0.062938 -0.998017 -0
    outer loop
      vertex 149.212 108.938 7.8
      vertex 148.99 108.952 0
      vertex 149.212 108.938 0
    endloop
  endfacet
  facet normal -0.062938 -0.998017 0
    outer loop
      vertex 148.99 108.952 10.5
      vertex 149.212 108.938 13
      vertex 148.99 108.952 13
    endloop
  endfacet
  facet normal -0.062938 -0.998017 -0
    outer loop
      vertex 149.212 108.938 13
      vertex 148.99 108.952 10.5
      vertex 149.212 108.938 10.5
    endloop
  endfacet
  facet normal 0.0674139 0.997725 -0
    outer loop
      vertex 148.99 105.552 0
      vertex 148.768 105.567 7.8
      vertex 148.99 105.552 7.8
    endloop
  endfacet
  facet normal 0.0674139 0.997725 0
    outer loop
      vertex 148.768 105.567 7.8
      vertex 148.99 105.552 0
      vertex 148.768 105.567 0
    endloop
  endfacet
  facet normal 0.0674139 0.997725 -0
    outer loop
      vertex 148.99 105.552 10.5
      vertex 148.768 105.567 13
      vertex 148.99 105.552 13
    endloop
  endfacet
  facet normal 0.0674139 0.997725 0
    outer loop
      vertex 148.768 105.567 13
      vertex 148.99 105.552 10.5
      vertex 148.768 105.567 10.5
    endloop
  endfacet
  facet normal -0.750624 -0.660729 0
    outer loop
      vertex 150.339 108.287 0
      vertex 150.192 108.454 7.8
      vertex 150.192 108.454 0
    endloop
  endfacet
  facet normal -0.750624 -0.660729 0
    outer loop
      vertex 150.192 108.454 7.8
      vertex 150.339 108.287 0
      vertex 150.339 108.287 7.8
    endloop
  endfacet
  facet normal -0.750624 -0.660729 0
    outer loop
      vertex 150.339 108.287 10.5
      vertex 150.192 108.454 13
      vertex 150.192 108.454 10.5
    endloop
  endfacet
  facet normal -0.750624 -0.660729 0
    outer loop
      vertex 150.192 108.454 13
      vertex 150.339 108.287 10.5
      vertex 150.339 108.287 13
    endloop
  endfacet
  facet normal 0.832742 -0.553661 0
    outer loop
      vertex 147.518 108.102 7.8
      vertex 147.641 108.287 0
      vertex 147.641 108.287 7.8
    endloop
  endfacet
  facet normal 0.832742 -0.553661 0
    outer loop
      vertex 147.641 108.287 0
      vertex 147.518 108.102 7.8
      vertex 147.518 108.102 0
    endloop
  endfacet
  facet normal 0.832742 -0.553661 0
    outer loop
      vertex 147.518 108.102 13
      vertex 147.641 108.287 10.5
      vertex 147.641 108.287 13
    endloop
  endfacet
  facet normal 0.832742 -0.553661 0
    outer loop
      vertex 147.641 108.287 10.5
      vertex 147.518 108.102 13
      vertex 147.518 108.102 10.5
    endloop
  endfacet
  facet normal -0.947781 -0.318922 0
    outer loop
      vertex 150.632 107.692 0
      vertex 150.561 107.903 7.8
      vertex 150.561 107.903 0
    endloop
  endfacet
  facet normal -0.947781 -0.318922 0
    outer loop
      vertex 150.561 107.903 7.8
      vertex 150.632 107.692 0
      vertex 150.632 107.692 7.8
    endloop
  endfacet
  facet normal -0.947781 -0.318922 0
    outer loop
      vertex 150.632 107.692 10.5
      vertex 150.561 107.903 13
      vertex 150.561 107.903 10.5
    endloop
  endfacet
  facet normal -0.947781 -0.318922 0
    outer loop
      vertex 150.561 107.903 13
      vertex 150.632 107.692 10.5
      vertex 150.632 107.692 13
    endloop
  endfacet
  facet normal 0.947781 -0.318922 0
    outer loop
      vertex 147.348 107.692 7.8
      vertex 147.419 107.903 0
      vertex 147.419 107.903 7.8
    endloop
  endfacet
  facet normal 0.947781 -0.318922 0
    outer loop
      vertex 147.419 107.903 0
      vertex 147.348 107.692 7.8
      vertex 147.348 107.692 0
    endloop
  endfacet
  facet normal 0.947781 -0.318922 0
    outer loop
      vertex 147.348 107.692 13
      vertex 147.419 107.903 10.5
      vertex 147.419 107.903 13
    endloop
  endfacet
  facet normal 0.947781 -0.318922 0
    outer loop
      vertex 147.419 107.903 10.5
      vertex 147.348 107.692 13
      vertex 147.348 107.692 10.5
    endloop
  endfacet
  facet normal 0.750624 0.660729 0
    outer loop
      vertex 147.788 106.05 7.8
      vertex 147.641 106.217 0
      vertex 147.641 106.217 7.8
    endloop
  endfacet
  facet normal 0.750624 0.660729 0
    outer loop
      vertex 147.641 106.217 0
      vertex 147.788 106.05 7.8
      vertex 147.788 106.05 0
    endloop
  endfacet
  facet normal 0.750624 0.660729 0
    outer loop
      vertex 147.788 106.05 13
      vertex 147.641 106.217 10.5
      vertex 147.641 106.217 13
    endloop
  endfacet
  facet normal 0.750624 0.660729 0
    outer loop
      vertex 147.641 106.217 10.5
      vertex 147.788 106.05 13
      vertex 147.788 106.05 10.5
    endloop
  endfacet
  facet normal 0.193519 0.981097 -0
    outer loop
      vertex 148.768 105.567 0
      vertex 148.55 105.61 7.8
      vertex 148.768 105.567 7.8
    endloop
  endfacet
  facet normal 0.193519 0.981097 0
    outer loop
      vertex 148.55 105.61 7.8
      vertex 148.768 105.567 0
      vertex 148.55 105.61 0
    endloop
  endfacet
  facet normal 0.193519 0.981097 -0
    outer loop
      vertex 148.768 105.567 10.5
      vertex 148.55 105.61 13
      vertex 148.768 105.567 13
    endloop
  endfacet
  facet normal 0.193519 0.981097 0
    outer loop
      vertex 148.55 105.61 13
      vertex 148.768 105.567 10.5
      vertex 148.55 105.61 10.5
    endloop
  endfacet
  facet normal -0.0674139 0.997725 0
    outer loop
      vertex 149.212 105.567 0
      vertex 148.99 105.552 7.8
      vertex 149.212 105.567 7.8
    endloop
  endfacet
  facet normal -0.0674139 0.997725 0
    outer loop
      vertex 148.99 105.552 7.8
      vertex 149.212 105.567 0
      vertex 148.99 105.552 0
    endloop
  endfacet
  facet normal -0.0674139 0.997725 0
    outer loop
      vertex 149.212 105.567 10.5
      vertex 148.99 105.552 13
      vertex 149.212 105.567 13
    endloop
  endfacet
  facet normal -0.0674139 0.997725 0
    outer loop
      vertex 148.99 105.552 13
      vertex 149.212 105.567 10.5
      vertex 148.99 105.552 10.5
    endloop
  endfacet
  facet normal 0.658185 0.752856 -0
    outer loop
      vertex 147.955 105.904 0
      vertex 147.788 106.05 7.8
      vertex 147.955 105.904 7.8
    endloop
  endfacet
  facet normal 0.658185 0.752856 0
    outer loop
      vertex 147.788 106.05 7.8
      vertex 147.955 105.904 0
      vertex 147.788 106.05 0
    endloop
  endfacet
  facet normal 0.658185 0.752856 -0
    outer loop
      vertex 147.955 105.904 10.5
      vertex 147.788 106.05 13
      vertex 147.955 105.904 13
    endloop
  endfacet
  facet normal 0.658185 0.752856 0
    outer loop
      vertex 147.788 106.05 13
      vertex 147.955 105.904 10.5
      vertex 147.788 106.05 10.5
    endloop
  endfacet
  facet normal 0.322948 0.946417 -0
    outer loop
      vertex 148.55 105.61 0
      vertex 148.339 105.682 7.8
      vertex 148.55 105.61 7.8
    endloop
  endfacet
  facet normal 0.322948 0.946417 0
    outer loop
      vertex 148.339 105.682 7.8
      vertex 148.55 105.61 0
      vertex 148.339 105.682 0
    endloop
  endfacet
  facet normal 0.322948 0.946417 -0
    outer loop
      vertex 148.55 105.61 10.5
      vertex 148.339 105.682 13
      vertex 148.55 105.61 13
    endloop
  endfacet
  facet normal 0.322948 0.946417 0
    outer loop
      vertex 148.339 105.682 13
      vertex 148.55 105.61 10.5
      vertex 148.339 105.682 10.5
    endloop
  endfacet
  facet normal -0.896212 0.443625 0
    outer loop
      vertex 150.462 106.402 0
      vertex 150.561 106.602 7.8
      vertex 150.561 106.602 0
    endloop
  endfacet
  facet normal -0.896212 0.443625 0
    outer loop
      vertex 150.561 106.602 7.8
      vertex 150.462 106.402 0
      vertex 150.462 106.402 7.8
    endloop
  endfacet
  facet normal -0.896212 0.443625 0
    outer loop
      vertex 150.462 106.402 10.5
      vertex 150.561 106.602 13
      vertex 150.561 106.602 10.5
    endloop
  endfacet
  facet normal -0.896212 0.443625 0
    outer loop
      vertex 150.561 106.602 13
      vertex 150.462 106.402 10.5
      vertex 150.462 106.402 13
    endloop
  endfacet
  facet normal 0.895325 -0.445413 0
    outer loop
      vertex 147.419 107.903 7.8
      vertex 147.518 108.102 0
      vertex 147.518 108.102 7.8
    endloop
  endfacet
  facet normal 0.895325 -0.445413 0
    outer loop
      vertex 147.518 108.102 0
      vertex 147.419 107.903 7.8
      vertex 147.419 107.903 0
    endloop
  endfacet
  facet normal 0.895325 -0.445413 0
    outer loop
      vertex 147.419 107.903 13
      vertex 147.518 108.102 10.5
      vertex 147.518 108.102 13
    endloop
  endfacet
  facet normal 0.895325 -0.445413 0
    outer loop
      vertex 147.518 108.102 10.5
      vertex 147.419 107.903 13
      vertex 147.419 107.903 10.5
    endloop
  endfacet
  facet normal -1 0 0
    outer loop
      vertex 152.29 104.302 7.8
      vertex 152.29 110.202 10.5
      vertex 152.29 110.202 7.8
    endloop
  endfacet
  facet normal -1 -0 0
    outer loop
      vertex 152.29 110.202 10.5
      vertex 152.29 104.302 7.8
      vertex 152.29 104.302 10.5
    endloop
  endfacet
  facet normal 0 0 -1
    outer loop
      vertex 152.29 104.302 10.5
      vertex 150.69 107.252 10.5
      vertex 152.29 110.202 10.5
    endloop
  endfacet
  facet normal 0 0 -1
    outer loop
      vertex 152.29 104.302 10.5
      vertex 150.675 107.03 10.5
      vertex 150.69 107.252 10.5
    endloop
  endfacet
  facet normal 0 0 -1
    outer loop
      vertex 152.29 104.302 10.5
      vertex 150.632 106.812 10.5
      vertex 150.675 107.03 10.5
    endloop
  endfacet
  facet normal 0 0 -1
    outer loop
      vertex 152.29 104.302 10.5
      vertex 150.561 106.602 10.5
      vertex 150.632 106.812 10.5
    endloop
  endfacet
  facet normal 0 0 -1
    outer loop
      vertex 152.29 104.302 10.5
      vertex 150.462 106.402 10.5
      vertex 150.561 106.602 10.5
    endloop
  endfacet
  facet normal 0 0 -1
    outer loop
      vertex 152.29 104.302 10.5
      vertex 150.339 106.217 10.5
      vertex 150.462 106.402 10.5
    endloop
  endfacet
  facet normal 0 0 -1
    outer loop
      vertex 152.29 104.302 10.5
      vertex 150.192 106.05 10.5
      vertex 150.339 106.217 10.5
    endloop
  endfacet
  facet normal 0 0 -1
    outer loop
      vertex 152.29 104.302 10.5
      vertex 150.025 105.904 10.5
      vertex 150.192 106.05 10.5
    endloop
  endfacet
  facet normal 0 0 -1
    outer loop
      vertex 152.29 104.302 10.5
      vertex 149.84 105.78 10.5
      vertex 150.025 105.904 10.5
    endloop
  endfacet
  facet normal 0 0 -1
    outer loop
      vertex 152.29 104.302 10.5
      vertex 149.641 105.682 10.5
      vertex 149.84 105.78 10.5
    endloop
  endfacet
  facet normal 0 0 -1
    outer loop
      vertex 152.29 104.302 10.5
      vertex 149.43 105.61 10.5
      vertex 149.641 105.682 10.5
    endloop
  endfacet
  facet normal 0 0 -1
    outer loop
      vertex 152.29 104.302 10.5
      vertex 149.212 105.567 10.5
      vertex 149.43 105.61 10.5
    endloop
  endfacet
  facet normal 0 0 -1
    outer loop
      vertex 152.29 104.302 10.5
      vertex 148.99 105.552 10.5
      vertex 149.212 105.567 10.5
    endloop
  endfacet
  facet normal 0 0 -1
    outer loop
      vertex 152.29 104.302 10.5
      vertex 148.768 105.567 10.5
      vertex 148.99 105.552 10.5
    endloop
  endfacet
  facet normal 0 0 -1
    outer loop
      vertex 143.49 104.302 10.5
      vertex 148.768 105.567 10.5
      vertex 152.29 104.302 10.5
    endloop
  endfacet
  facet normal -0 0 -1
    outer loop
      vertex 148.768 105.567 10.5
      vertex 143.49 104.302 10.5
      vertex 148.55 105.61 10.5
    endloop
  endfacet
  facet normal -0 0 -1
    outer loop
      vertex 147.305 107.03 10.5
      vertex 143.49 104.302 10.5
      vertex 147.29 107.252 10.5
    endloop
  endfacet
  facet normal -0 0 -1
    outer loop
      vertex 147.348 106.812 10.5
      vertex 143.49 104.302 10.5
      vertex 147.305 107.03 10.5
    endloop
  endfacet
  facet normal -0 0 -1
    outer loop
      vertex 147.419 106.602 10.5
      vertex 143.49 104.302 10.5
      vertex 147.348 106.812 10.5
    endloop
  endfacet
  facet normal -0 0 -1
    outer loop
      vertex 147.518 106.402 10.5
      vertex 143.49 104.302 10.5
      vertex 147.419 106.602 10.5
    endloop
  endfacet
  facet normal -0 0 -1
    outer loop
      vertex 147.641 106.217 10.5
      vertex 143.49 104.302 10.5
      vertex 147.518 106.402 10.5
    endloop
  endfacet
  facet normal -0 0 -1
    outer loop
      vertex 147.788 106.05 10.5
      vertex 143.49 104.302 10.5
      vertex 147.641 106.217 10.5
    endloop
  endfacet
  facet normal -0 0 -1
    outer loop
      vertex 147.955 105.904 10.5
      vertex 143.49 104.302 10.5
      vertex 147.788 106.05 10.5
    endloop
  endfacet
  facet normal -0 0 -1
    outer loop
      vertex 148.14 105.78 10.5
      vertex 143.49 104.302 10.5
      vertex 147.955 105.904 10.5
    endloop
  endfacet
  facet normal -0 0 -1
    outer loop
      vertex 148.339 105.682 10.5
      vertex 143.49 104.302 10.5
      vertex 148.14 105.78 10.5
    endloop
  endfacet
  facet normal -0 0 -1
    outer loop
      vertex 148.55 105.61 10.5
      vertex 143.49 104.302 10.5
      vertex 148.339 105.682 10.5
    endloop
  endfacet
  facet normal 0 0 -1
    outer loop
      vertex 150.675 107.474 10.5
      vertex 152.29 110.202 10.5
      vertex 150.69 107.252 10.5
    endloop
  endfacet
  facet normal 0 0 -1
    outer loop
      vertex 150.632 107.692 10.5
      vertex 152.29 110.202 10.5
      vertex 150.675 107.474 10.5
    endloop
  endfacet
  facet normal 0 0 -1
    outer loop
      vertex 150.561 107.903 10.5
      vertex 152.29 110.202 10.5
      vertex 150.632 107.692 10.5
    endloop
  endfacet
  facet normal 0 0 -1
    outer loop
      vertex 150.462 108.102 10.5
      vertex 152.29 110.202 10.5
      vertex 150.561 107.903 10.5
    endloop
  endfacet
  facet normal 0 0 -1
    outer loop
      vertex 150.339 108.287 10.5
      vertex 152.29 110.202 10.5
      vertex 150.462 108.102 10.5
    endloop
  endfacet
  facet normal 0 0 -1
    outer loop
      vertex 150.192 108.454 10.5
      vertex 152.29 110.202 10.5
      vertex 150.339 108.287 10.5
    endloop
  endfacet
  facet normal 0 0 -1
    outer loop
      vertex 150.025 108.601 10.5
      vertex 152.29 110.202 10.5
      vertex 150.192 108.454 10.5
    endloop
  endfacet
  facet normal 0 0 -1
    outer loop
      vertex 149.84 108.725 10.5
      vertex 152.29 110.202 10.5
      vertex 150.025 108.601 10.5
    endloop
  endfacet
  facet normal 0 0 -1
    outer loop
      vertex 149.641 108.823 10.5
      vertex 152.29 110.202 10.5
      vertex 149.84 108.725 10.5
    endloop
  endfacet
  facet normal 0 0 -1
    outer loop
      vertex 149.43 108.894 10.5
      vertex 152.29 110.202 10.5
      vertex 149.641 108.823 10.5
    endloop
  endfacet
  facet normal 0 0 -1
    outer loop
      vertex 149.212 108.938 10.5
      vertex 152.29 110.202 10.5
      vertex 149.43 108.894 10.5
    endloop
  endfacet
  facet normal 0 0 -1
    outer loop
      vertex 148.99 108.952 10.5
      vertex 152.29 110.202 10.5
      vertex 149.212 108.938 10.5
    endloop
  endfacet
  facet normal 0 0 -1
    outer loop
      vertex 148.768 108.938 10.5
      vertex 152.29 110.202 10.5
      vertex 148.99 108.952 10.5
    endloop
  endfacet
  facet normal 0 0 -1
    outer loop
      vertex 143.49 110.202 10.5
      vertex 148.768 108.938 10.5
      vertex 148.55 108.894 10.5
    endloop
  endfacet
  facet normal 0 0 -1
    outer loop
      vertex 143.49 110.202 10.5
      vertex 148.55 108.894 10.5
      vertex 148.339 108.823 10.5
    endloop
  endfacet
  facet normal 0 0 -1
    outer loop
      vertex 143.49 110.202 10.5
      vertex 147.29 107.252 10.5
      vertex 143.49 104.302 10.5
    endloop
  endfacet
  facet normal 0 0 -1
    outer loop
      vertex 147.29 107.252 10.5
      vertex 143.49 110.202 10.5
      vertex 147.305 107.474 10.5
    endloop
  endfacet
  facet normal 0 0 -1
    outer loop
      vertex 147.305 107.474 10.5
      vertex 143.49 110.202 10.5
      vertex 147.348 107.692 10.5
    endloop
  endfacet
  facet normal 0 0 -1
    outer loop
      vertex 147.348 107.692 10.5
      vertex 143.49 110.202 10.5
      vertex 147.419 107.903 10.5
    endloop
  endfacet
  facet normal 0 0 -1
    outer loop
      vertex 147.419 107.903 10.5
      vertex 143.49 110.202 10.5
      vertex 147.518 108.102 10.5
    endloop
  endfacet
  facet normal 0 0 -1
    outer loop
      vertex 147.518 108.102 10.5
      vertex 143.49 110.202 10.5
      vertex 147.641 108.287 10.5
    endloop
  endfacet
  facet normal 0 0 -1
    outer loop
      vertex 148.768 108.938 10.5
      vertex 143.49 110.202 10.5
      vertex 152.29 110.202 10.5
    endloop
  endfacet
  facet normal 0 0 -1
    outer loop
      vertex 148.14 108.725 10.5
      vertex 143.49 110.202 10.5
      vertex 148.339 108.823 10.5
    endloop
  endfacet
  facet normal 0 0 -1
    outer loop
      vertex 147.955 108.601 10.5
      vertex 143.49 110.202 10.5
      vertex 148.14 108.725 10.5
    endloop
  endfacet
  facet normal 0 0 -1
    outer loop
      vertex 147.788 108.454 10.5
      vertex 143.49 110.202 10.5
      vertex 147.955 108.601 10.5
    endloop
  endfacet
  facet normal 0 0 -1
    outer loop
      vertex 147.641 108.287 10.5
      vertex 143.49 110.202 10.5
      vertex 147.788 108.454 10.5
    endloop
  endfacet
  facet normal 0 0 1
    outer loop
      vertex 152.29 110.202 7.8
      vertex 150.69 107.252 7.8
      vertex 152.29 104.302 7.8
    endloop
  endfacet
  facet normal 0 0 1
    outer loop
      vertex 152.29 110.202 7.8
      vertex 150.675 107.474 7.8
      vertex 150.69 107.252 7.8
    endloop
  endfacet
  facet normal 0 0 1
    outer loop
      vertex 152.29 110.202 7.8
      vertex 150.632 107.692 7.8
      vertex 150.675 107.474 7.8
    endloop
  endfacet
  facet normal 0 0 1
    outer loop
      vertex 152.29 110.202 7.8
      vertex 150.561 107.903 7.8
      vertex 150.632 107.692 7.8
    endloop
  endfacet
  facet normal 0 0 1
    outer loop
      vertex 152.29 110.202 7.8
      vertex 150.462 108.102 7.8
      vertex 150.561 107.903 7.8
    endloop
  endfacet
  facet normal 0 0 1
    outer loop
      vertex 152.29 110.202 7.8
      vertex 150.339 108.287 7.8
      vertex 150.462 108.102 7.8
    endloop
  endfacet
  facet normal 0 0 1
    outer loop
      vertex 152.29 110.202 7.8
      vertex 150.192 108.454 7.8
      vertex 150.339 108.287 7.8
    endloop
  endfacet
  facet normal 0 0 1
    outer loop
      vertex 152.29 110.202 7.8
      vertex 150.025 108.601 7.8
      vertex 150.192 108.454 7.8
    endloop
  endfacet
  facet normal 0 0 1
    outer loop
      vertex 152.29 110.202 7.8
      vertex 149.84 108.725 7.8
      vertex 150.025 108.601 7.8
    endloop
  endfacet
  facet normal 0 0 1
    outer loop
      vertex 152.29 110.202 7.8
      vertex 149.641 108.823 7.8
      vertex 149.84 108.725 7.8
    endloop
  endfacet
  facet normal 0 0 1
    outer loop
      vertex 152.29 110.202 7.8
      vertex 149.43 108.894 7.8
      vertex 149.641 108.823 7.8
    endloop
  endfacet
  facet normal 0 0 1
    outer loop
      vertex 152.29 110.202 7.8
      vertex 149.212 108.938 7.8
      vertex 149.43 108.894 7.8
    endloop
  endfacet
  facet normal 0 0 1
    outer loop
      vertex 152.29 110.202 7.8
      vertex 148.99 108.952 7.8
      vertex 149.212 108.938 7.8
    endloop
  endfacet
  facet normal 0 0 1
    outer loop
      vertex 152.29 110.202 7.8
      vertex 148.768 108.938 7.8
      vertex 148.99 108.952 7.8
    endloop
  endfacet
  facet normal -0 0 1
    outer loop
      vertex 143.49 110.202 7.8
      vertex 148.768 108.938 7.8
      vertex 152.29 110.202 7.8
    endloop
  endfacet
  facet normal 0 0 1
    outer loop
      vertex 148.768 108.938 7.8
      vertex 143.49 110.202 7.8
      vertex 148.55 108.894 7.8
    endloop
  endfacet
  facet normal 0 0 1
    outer loop
      vertex 147.305 107.474 7.8
      vertex 143.49 110.202 7.8
      vertex 147.29 107.252 7.8
    endloop
  endfacet
  facet normal 0 0 1
    outer loop
      vertex 147.348 107.692 7.8
      vertex 143.49 110.202 7.8
      vertex 147.305 107.474 7.8
    endloop
  endfacet
  facet normal 0 0 1
    outer loop
      vertex 147.419 107.903 7.8
      vertex 143.49 110.202 7.8
      vertex 147.348 107.692 7.8
    endloop
  endfacet
  facet normal 0 0 1
    outer loop
      vertex 147.518 108.102 7.8
      vertex 143.49 110.202 7.8
      vertex 147.419 107.903 7.8
    endloop
  endfacet
  facet normal 0 0 1
    outer loop
      vertex 147.641 108.287 7.8
      vertex 143.49 110.202 7.8
      vertex 147.518 108.102 7.8
    endloop
  endfacet
  facet normal 0 0 1
    outer loop
      vertex 147.788 108.454 7.8
      vertex 143.49 110.202 7.8
      vertex 147.641 108.287 7.8
    endloop
  endfacet
  facet normal 0 0 1
    outer loop
      vertex 147.955 108.601 7.8
      vertex 143.49 110.202 7.8
      vertex 147.788 108.454 7.8
    endloop
  endfacet
  facet normal 0 0 1
    outer loop
      vertex 148.14 108.725 7.8
      vertex 143.49 110.202 7.8
      vertex 147.955 108.601 7.8
    endloop
  endfacet
  facet normal 0 0 1
    outer loop
      vertex 148.339 108.823 7.8
      vertex 143.49 110.202 7.8
      vertex 148.14 108.725 7.8
    endloop
  endfacet
  facet normal 0 0 1
    outer loop
      vertex 148.55 108.894 7.8
      vertex 143.49 110.202 7.8
      vertex 148.339 108.823 7.8
    endloop
  endfacet
  facet normal -0 0 1
    outer loop
      vertex 150.675 107.03 7.8
      vertex 152.29 104.302 7.8
      vertex 150.69 107.252 7.8
    endloop
  endfacet
  facet normal -0 0 1
    outer loop
      vertex 150.632 106.812 7.8
      vertex 152.29 104.302 7.8
      vertex 150.675 107.03 7.8
    endloop
  endfacet
  facet normal -0 0 1
    outer loop
      vertex 150.561 106.602 7.8
      vertex 152.29 104.302 7.8
      vertex 150.632 106.812 7.8
    endloop
  endfacet
  facet normal -0 0 1
    outer loop
      vertex 150.462 106.402 7.8
      vertex 152.29 104.302 7.8
      vertex 150.561 106.602 7.8
    endloop
  endfacet
  facet normal -0 0 1
    outer loop
      vertex 150.339 106.217 7.8
      vertex 152.29 104.302 7.8
      vertex 150.462 106.402 7.8
    endloop
  endfacet
  facet normal -0 0 1
    outer loop
      vertex 150.192 106.05 7.8
      vertex 152.29 104.302 7.8
      vertex 150.339 106.217 7.8
    endloop
  endfacet
  facet normal -0 0 1
    outer loop
      vertex 150.025 105.904 7.8
      vertex 152.29 104.302 7.8
      vertex 150.192 106.05 7.8
    endloop
  endfacet
  facet normal -0 0 1
    outer loop
      vertex 149.84 105.78 7.8
      vertex 152.29 104.302 7.8
      vertex 150.025 105.904 7.8
    endloop
  endfacet
  facet normal -0 0 1
    outer loop
      vertex 149.641 105.682 7.8
      vertex 152.29 104.302 7.8
      vertex 149.84 105.78 7.8
    endloop
  endfacet
  facet normal -0 0 1
    outer loop
      vertex 149.43 105.61 7.8
      vertex 152.29 104.302 7.8
      vertex 149.641 105.682 7.8
    endloop
  endfacet
  facet normal -0 0 1
    outer loop
      vertex 149.212 105.567 7.8
      vertex 152.29 104.302 7.8
      vertex 149.43 105.61 7.8
    endloop
  endfacet
  facet normal -0 0 1
    outer loop
      vertex 148.99 105.552 7.8
      vertex 152.29 104.302 7.8
      vertex 149.212 105.567 7.8
    endloop
  endfacet
  facet normal 0 0 1
    outer loop
      vertex 148.768 105.567 7.8
      vertex 152.29 104.302 7.8
      vertex 148.99 105.552 7.8
    endloop
  endfacet
  facet normal 0 0 1
    outer loop
      vertex 143.49 104.302 7.8
      vertex 148.768 105.567 7.8
      vertex 148.55 105.61 7.8
    endloop
  endfacet
  facet normal 0 0 1
    outer loop
      vertex 143.49 104.302 7.8
      vertex 148.55 105.61 7.8
      vertex 148.339 105.682 7.8
    endloop
  endfacet
  facet normal 0 0 1
    outer loop
      vertex 143.49 104.302 7.8
      vertex 147.29 107.252 7.8
      vertex 143.49 110.202 7.8
    endloop
  endfacet
  facet normal 0 0 1
    outer loop
      vertex 147.29 107.252 7.8
      vertex 143.49 104.302 7.8
      vertex 147.305 107.03 7.8
    endloop
  endfacet
  facet normal 0 0 1
    outer loop
      vertex 147.305 107.03 7.8
      vertex 143.49 104.302 7.8
      vertex 147.348 106.812 7.8
    endloop
  endfacet
  facet normal 0 0 1
    outer loop
      vertex 147.348 106.812 7.8
      vertex 143.49 104.302 7.8
      vertex 147.419 106.602 7.8
    endloop
  endfacet
  facet normal 0 0 1
    outer loop
      vertex 147.419 106.602 7.8
      vertex 143.49 104.302 7.8
      vertex 147.518 106.402 7.8
    endloop
  endfacet
  facet normal 0 0 1
    outer loop
      vertex 147.518 106.402 7.8
      vertex 143.49 104.302 7.8
      vertex 147.641 106.217 7.8
    endloop
  endfacet
  facet normal 0 0 1
    outer loop
      vertex 148.768 105.567 7.8
      vertex 143.49 104.302 7.8
      vertex 152.29 104.302 7.8
    endloop
  endfacet
  facet normal 0 0 1
    outer loop
      vertex 148.14 105.78 7.8
      vertex 143.49 104.302 7.8
      vertex 148.339 105.682 7.8
    endloop
  endfacet
  facet normal 0 0 1
    outer loop
      vertex 147.955 105.904 7.8
      vertex 143.49 104.302 7.8
      vertex 148.14 105.78 7.8
    endloop
  endfacet
  facet normal 0 0 1
    outer loop
      vertex 147.788 106.05 7.8
      vertex 143.49 104.302 7.8
      vertex 147.955 105.904 7.8
    endloop
  endfacet
  facet normal 0 0 1
    outer loop
      vertex 147.641 106.217 7.8
      vertex 143.49 104.302 7.8
      vertex 147.788 106.05 7.8
    endloop
  endfacet
  facet normal 0 -1 0
    outer loop
      vertex 143.49 110.202 7.8
      vertex 152.29 110.202 10.5
      vertex 143.49 110.202 10.5
    endloop
  endfacet
  facet normal 0 -1 -0
    outer loop
      vertex 152.29 110.202 10.5
      vertex 143.49 110.202 7.8
      vertex 152.29 110.202 7.8
    endloop
  endfacet
  facet normal 0 1 -0
    outer loop
      vertex 152.29 104.302 7.8
      vertex 143.49 104.302 10.5
      vertex 152.29 104.302 10.5
    endloop
  endfacet
  facet normal 0 1 0
    outer loop
      vertex 143.49 104.302 10.5
      vertex 152.29 104.302 7.8
      vertex 143.49 104.302 7.8
    endloop
  endfacet
  facet normal 1 -0 0
    outer loop
      vertex 13.5 0 7.65759
      vertex 13.5 2.5 5.15759
      vertex 13.5 2.5 7.65759
    endloop
  endfacet
  facet normal 1 0 0
    outer loop
      vertex 13.5 2.5 5.15759
      vertex 13.5 0 7.65759
      vertex 13.5 0 5.15759
    endloop
  endfacet
  facet normal -0.98077 -0.195165 0
    outer loop
      vertex 23.6855 4.72189 0
      vertex 23.6421 4.93999 1.00126
      vertex 23.6421 4.93999 0
    endloop
  endfacet
  facet normal -0.98077 -0.195165 0
    outer loop
      vertex 23.6421 4.93999 1.00126
      vertex 23.6855 4.72189 0
      vertex 23.6855 4.72189 1.00126
    endloop
  endfacet
  facet normal -0.98077 -0.195165 0
    outer loop
      vertex 23.6855 4.72189 3.70126
      vertex 23.6421 4.93999 6.40288
      vertex 23.6421 4.93999 3.70126
    endloop
  endfacet
  facet normal -0.98077 -0.195165 0
    outer loop
      vertex 23.6421 4.93999 6.40288
      vertex 23.6855 4.72189 3.70126
      vertex 23.6855 4.72189 6.40821
    endloop
  endfacet
  facet normal -0.997872 -0.0652086 0
    outer loop
      vertex 23.7 4.5 0
      vertex 23.6855 4.72189 1.00126
      vertex 23.6855 4.72189 0
    endloop
  endfacet
  facet normal -0.997872 -0.0652086 0
    outer loop
      vertex 23.6855 4.72189 1.00126
      vertex 23.7 4.5 0
      vertex 23.7 4.5 1.00126
    endloop
  endfacet
  facet normal -0.997872 -0.0652086 0
    outer loop
      vertex 23.7 4.5 3.70126
      vertex 23.6855 4.72189 6.40821
      vertex 23.6855 4.72189 3.70126
    endloop
  endfacet
  facet normal -0.997872 -0.0652086 0
    outer loop
      vertex 23.6855 4.72189 6.40821
      vertex 23.7 4.5 3.70126
      vertex 23.7 4.5 6.40999
    endloop
  endfacet
  facet normal 0.442349 -0.896843 0
    outer loop
      vertex 21.15 5.97224 0
      vertex 21.3494 6.07059 1.00126
      vertex 21.15 5.97224 1.00126
    endloop
  endfacet
  facet normal 0.442349 -0.896843 0
    outer loop
      vertex 21.3494 6.07059 1.00126
      vertex 21.15 5.97224 0
      vertex 21.3494 6.07059 0
    endloop
  endfacet
  facet normal 0.442349 -0.896843 0
    outer loop
      vertex 21.3494 6.07059 3.70126
      vertex 21.15 5.97224 6.09689
      vertex 21.15 5.97224 3.70126
    endloop
  endfacet
  facet normal 0.442349 -0.896843 0
    outer loop
      vertex 21.15 5.97224 6.09689
      vertex 21.3494 6.07059 3.70126
      vertex 21.3494 6.07059 6.12138
    endloop
  endfacet
  facet normal -0.555551 -0.831483 0
    outer loop
      vertex 22.85 5.97224 0
      vertex 23.0349 5.8487 1.00126
      vertex 22.85 5.97224 1.00126
    endloop
  endfacet
  facet normal -0.555551 -0.831483 -0
    outer loop
      vertex 23.0349 5.8487 1.00126
      vertex 22.85 5.97224 0
      vertex 23.0349 5.8487 0
    endloop
  endfacet
  facet normal -0.555551 -0.831483 0
    outer loop
      vertex 23.0349 5.8487 3.70126
      vertex 22.85 5.97224 6.30563
      vertex 22.85 5.97224 3.70126
    endloop
  endfacet
  facet normal -0.555551 -0.831483 0
    outer loop
      vertex 22.85 5.97224 6.30563
      vertex 23.0349 5.8487 3.70126
      vertex 23.0349 5.8487 6.32833
    endloop
  endfacet
  facet normal 0.659319 -0.751863 0
    outer loop
      vertex 20.7979 5.70208 0
      vertex 20.9651 5.8487 1.00126
      vertex 20.7979 5.70208 1.00126
    endloop
  endfacet
  facet normal 0.659319 -0.751863 0
    outer loop
      vertex 20.9651 5.8487 1.00126
      vertex 20.7979 5.70208 0
      vertex 20.9651 5.8487 0
    endloop
  endfacet
  facet normal 0.659319 -0.751863 0
    outer loop
      vertex 20.9651 5.8487 3.70126
      vertex 20.7979 5.70208 6.05366
      vertex 20.7979 5.70208 3.70126
    endloop
  endfacet
  facet normal 0.659319 -0.751863 0
    outer loop
      vertex 20.7979 5.70208 6.05366
      vertex 20.9651 5.8487 3.70126
      vertex 20.9651 5.8487 6.07419
    endloop
  endfacet
  facet normal -0.321363 0.946956 0
    outer loop
      vertex 22.6506 2.9294 0
      vertex 22.44 2.85793 1.00126
      vertex 22.6506 2.9294 1.00126
    endloop
  endfacet
  facet normal -0.321363 0.946956 0
    outer loop
      vertex 22.44 2.85793 1.00126
      vertex 22.6506 2.9294 0
      vertex 22.44 2.85793 0
    endloop
  endfacet
  facet normal -0.321363 0.946956 0
    outer loop
      vertex 22.6506 2.9294 3.70126
      vertex 22.44 2.85793 6.25528
      vertex 22.6506 2.9294 6.28114
    endloop
  endfacet
  facet normal -0.321363 0.946956 0
    outer loop
      vertex 22.44 2.85793 6.25528
      vertex 22.6506 2.9294 3.70126
      vertex 22.44 2.85793 3.70126
    endloop
  endfacet
  facet normal -0.946901 0.321525 0
    outer loop
      vertex 23.5706 3.84944 0
      vertex 23.6421 4.06001 1.00126
      vertex 23.6421 4.06001 0
    endloop
  endfacet
  facet normal -0.946901 0.321525 0
    outer loop
      vertex 23.6421 4.06001 1.00126
      vertex 23.5706 3.84944 0
      vertex 23.5706 3.84944 1.00126
    endloop
  endfacet
  facet normal -0.946901 0.321525 0
    outer loop
      vertex 23.5706 3.84944 6.39411
      vertex 23.6421 4.06001 3.70126
      vertex 23.5706 3.84944 3.70126
    endloop
  endfacet
  facet normal -0.946901 0.321525 0
    outer loop
      vertex 23.6421 4.06001 3.70126
      vertex 23.5706 3.84944 6.39411
      vertex 23.6421 4.06001 6.40288
    endloop
  endfacet
  facet normal -0.321403 -0.946943 0
    outer loop
      vertex 22.44 6.14207 0
      vertex 22.6506 6.07059 1.00126
      vertex 22.44 6.14207 1.00126
    endloop
  endfacet
  facet normal -0.321403 -0.946943 -0
    outer loop
      vertex 22.6506 6.07059 1.00126
      vertex 22.44 6.14207 0
      vertex 22.6506 6.07059 0
    endloop
  endfacet
  facet normal -0.321403 -0.946943 0
    outer loop
      vertex 22.6506 6.07059 3.70126
      vertex 22.44 6.14207 6.25528
      vertex 22.44 6.14207 3.70126
    endloop
  endfacet
  facet normal -0.321403 -0.946943 0
    outer loop
      vertex 22.44 6.14207 6.25528
      vertex 22.6506 6.07059 3.70126
      vertex 22.6506 6.07059 6.28114
    endloop
  endfacet
  facet normal 0.555551 -0.831483 0
    outer loop
      vertex 20.9651 5.8487 0
      vertex 21.15 5.97224 1.00126
      vertex 20.9651 5.8487 1.00126
    endloop
  endfacet
  facet normal 0.555551 -0.831483 0
    outer loop
      vertex 21.15 5.97224 1.00126
      vertex 20.9651 5.8487 0
      vertex 21.15 5.97224 0
    endloop
  endfacet
  facet normal 0.555551 -0.831483 0
    outer loop
      vertex 21.15 5.97224 3.70126
      vertex 20.9651 5.8487 6.07419
      vertex 20.9651 5.8487 3.70126
    endloop
  endfacet
  facet normal 0.555551 -0.831483 0
    outer loop
      vertex 20.9651 5.8487 6.07419
      vertex 21.15 5.97224 3.70126
      vertex 21.15 5.97224 6.09689
    endloop
  endfacet
  facet normal -0.896789 0.442459 0
    outer loop
      vertex 23.4722 3.65 0
      vertex 23.5706 3.84944 1.00126
      vertex 23.5706 3.84944 0
    endloop
  endfacet
  facet normal -0.896789 0.442459 0
    outer loop
      vertex 23.5706 3.84944 1.00126
      vertex 23.4722 3.65 0
      vertex 23.4722 3.65 1.00126
    endloop
  endfacet
  facet normal -0.896789 0.442459 0
    outer loop
      vertex 23.4722 3.65 6.38203
      vertex 23.5706 3.84944 3.70126
      vertex 23.4722 3.65 3.70126
    endloop
  endfacet
  facet normal -0.896789 0.442459 0
    outer loop
      vertex 23.5706 3.84944 3.70126
      vertex 23.4722 3.65 6.38203
      vertex 23.5706 3.84944 6.39411
    endloop
  endfacet
  facet normal -0.659319 -0.751863 0
    outer loop
      vertex 23.0349 5.8487 0
      vertex 23.2021 5.70208 1.00126
      vertex 23.0349 5.8487 1.00126
    endloop
  endfacet
  facet normal -0.659319 -0.751863 -0
    outer loop
      vertex 23.2021 5.70208 1.00126
      vertex 23.0349 5.8487 0
      vertex 23.2021 5.70208 0
    endloop
  endfacet
  facet normal -0.659319 -0.751863 0
    outer loop
      vertex 23.2021 5.70208 3.70126
      vertex 23.0349 5.8487 6.32833
      vertex 23.0349 5.8487 3.70126
    endloop
  endfacet
  facet normal -0.659319 -0.751863 0
    outer loop
      vertex 23.0349 5.8487 6.32833
      vertex 23.2021 5.70208 3.70126
      vertex 23.2021 5.70208 6.34886
    endloop
  endfacet
  facet normal -0.555551 0.831483 0
    outer loop
      vertex 23.0349 3.1513 0
      vertex 22.85 3.02776 1.00126
      vertex 23.0349 3.1513 1.00126
    endloop
  endfacet
  facet normal -0.555551 0.831483 0
    outer loop
      vertex 22.85 3.02776 1.00126
      vertex 23.0349 3.1513 0
      vertex 22.85 3.02776 0
    endloop
  endfacet
  facet normal -0.555551 0.831483 0
    outer loop
      vertex 23.0349 3.1513 3.70126
      vertex 22.85 3.02776 6.30563
      vertex 23.0349 3.1513 6.32833
    endloop
  endfacet
  facet normal -0.555551 0.831483 0
    outer loop
      vertex 22.85 3.02776 6.30563
      vertex 23.0349 3.1513 3.70126
      vertex 22.85 3.02776 3.70126
    endloop
  endfacet
  facet normal -0.442349 -0.896843 0
    outer loop
      vertex 22.6506 6.07059 0
      vertex 22.85 5.97224 1.00126
      vertex 22.6506 6.07059 1.00126
    endloop
  endfacet
  facet normal -0.442349 -0.896843 -0
    outer loop
      vertex 22.85 5.97224 1.00126
      vertex 22.6506 6.07059 0
      vertex 22.85 5.97224 0
    endloop
  endfacet
  facet normal -0.442349 -0.896843 0
    outer loop
      vertex 22.85 5.97224 3.70126
      vertex 22.6506 6.07059 6.28114
      vertex 22.6506 6.07059 3.70126
    endloop
  endfacet
  facet normal -0.442349 -0.896843 0
    outer loop
      vertex 22.6506 6.07059 6.28114
      vertex 22.85 5.97224 3.70126
      vertex 22.85 5.97224 6.30563
    endloop
  endfacet
  facet normal 0.659319 0.751863 -0
    outer loop
      vertex 20.9651 3.1513 0
      vertex 20.7979 3.29792 1.00126
      vertex 20.9651 3.1513 1.00126
    endloop
  endfacet
  facet normal 0.659319 0.751863 0
    outer loop
      vertex 20.7979 3.29792 1.00126
      vertex 20.9651 3.1513 0
      vertex 20.7979 3.29792 0
    endloop
  endfacet
  facet normal 0.659319 0.751863 -0
    outer loop
      vertex 20.9651 3.1513 3.70126
      vertex 20.7979 3.29792 6.05366
      vertex 20.9651 3.1513 6.07419
    endloop
  endfacet
  facet normal 0.659319 0.751863 0
    outer loop
      vertex 20.7979 3.29792 6.05366
      vertex 20.9651 3.1513 3.70126
      vertex 20.7979 3.29792 3.70126
    endloop
  endfacet
  facet normal 0.751888 0.659291 0
    outer loop
      vertex 20.7979 3.29792 1.00126
      vertex 20.6513 3.46511 0
      vertex 20.6513 3.46511 1.00126
    endloop
  endfacet
  facet normal 0.751888 0.659291 0
    outer loop
      vertex 20.6513 3.46511 0
      vertex 20.7979 3.29792 1.00126
      vertex 20.7979 3.29792 0
    endloop
  endfacet
  facet normal 0.751888 0.659291 -0
    outer loop
      vertex 20.7979 3.29792 3.70126
      vertex 20.6513 3.46511 6.03566
      vertex 20.7979 3.29792 6.05366
    endloop
  endfacet
  facet normal 0.751888 0.659291 0
    outer loop
      vertex 20.6513 3.46511 6.03566
      vertex 20.7979 3.29792 3.70126
      vertex 20.6513 3.46511 3.70126
    endloop
  endfacet
  facet normal 0.831552 0.555447 0
    outer loop
      vertex 20.6513 3.46511 1.00126
      vertex 20.5278 3.65 0
      vertex 20.5278 3.65 1.00126
    endloop
  endfacet
  facet normal 0.831552 0.555447 0
    outer loop
      vertex 20.5278 3.65 0
      vertex 20.6513 3.46511 1.00126
      vertex 20.6513 3.46511 0
    endloop
  endfacet
  facet normal 0.831552 0.555447 -0
    outer loop
      vertex 20.6513 3.46511 3.70126
      vertex 20.5278 3.65 6.02049
      vertex 20.6513 3.46511 6.03566
    endloop
  endfacet
  facet normal 0.831552 0.555447 0
    outer loop
      vertex 20.5278 3.65 6.02049
      vertex 20.6513 3.46511 3.70126
      vertex 20.5278 3.65 3.70126
    endloop
  endfacet
  facet normal -0.831552 -0.555447 0
    outer loop
      vertex 23.4722 5.35 0
      vertex 23.3487 5.53489 1.00126
      vertex 23.3487 5.53489 0
    endloop
  endfacet
  facet normal -0.831552 -0.555447 0
    outer loop
      vertex 23.3487 5.53489 1.00126
      vertex 23.4722 5.35 0
      vertex 23.4722 5.35 1.00126
    endloop
  endfacet
  facet normal -0.831552 -0.555447 0
    outer loop
      vertex 23.4722 5.35 3.70126
      vertex 23.3487 5.53489 6.36686
      vertex 23.3487 5.53489 3.70126
    endloop
  endfacet
  facet normal -0.831552 -0.555447 0
    outer loop
      vertex 23.3487 5.53489 6.36686
      vertex 23.4722 5.35 3.70126
      vertex 23.4722 5.35 6.38203
    endloop
  endfacet
  facet normal -0.195122 0.980779 0
    outer loop
      vertex 22.44 2.85793 0
      vertex 22.2219 2.81454 1.00126
      vertex 22.44 2.85793 1.00126
    endloop
  endfacet
  facet normal -0.195122 0.980779 0
    outer loop
      vertex 22.2219 2.81454 1.00126
      vertex 22.44 2.85793 0
      vertex 22.2219 2.81454 0
    endloop
  endfacet
  facet normal -0.195122 0.980779 0
    outer loop
      vertex 22.44 2.85793 3.70126
      vertex 22.2219 2.81454 6.22851
      vertex 22.44 2.85793 6.25528
    endloop
  endfacet
  facet normal -0.195122 0.980779 0
    outer loop
      vertex 22.2219 2.81454 6.22851
      vertex 22.44 2.85793 3.70126
      vertex 22.2219 2.81454 3.70126
    endloop
  endfacet
  facet normal -0.980769 0.195173 0
    outer loop
      vertex 23.6421 4.06001 0
      vertex 23.6855 4.2781 1.00126
      vertex 23.6855 4.2781 0
    endloop
  endfacet
  facet normal -0.980769 0.195173 0
    outer loop
      vertex 23.6855 4.2781 1.00126
      vertex 23.6421 4.06001 0
      vertex 23.6421 4.06001 1.00126
    endloop
  endfacet
  facet normal -0.980769 0.195173 0
    outer loop
      vertex 23.6421 4.06001 6.40288
      vertex 23.6855 4.2781 3.70126
      vertex 23.6421 4.06001 3.70126
    endloop
  endfacet
  facet normal -0.980769 0.195173 0
    outer loop
      vertex 23.6855 4.2781 3.70126
      vertex 23.6421 4.06001 6.40288
      vertex 23.6855 4.2781 6.40821
    endloop
  endfacet
  facet normal 0.946901 0.321525 0
    outer loop
      vertex 20.4294 3.84944 1.00126
      vertex 20.3579 4.06001 0
      vertex 20.3579 4.06001 1.00126
    endloop
  endfacet
  facet normal 0.946901 0.321525 0
    outer loop
      vertex 20.3579 4.06001 0
      vertex 20.4294 3.84944 1.00126
      vertex 20.4294 3.84944 0
    endloop
  endfacet
  facet normal 0.946901 0.321525 -0
    outer loop
      vertex 20.4294 3.84944 3.70126
      vertex 20.3579 4.06001 5.99964
      vertex 20.4294 3.84944 6.00842
    endloop
  endfacet
  facet normal 0.946901 0.321525 0
    outer loop
      vertex 20.3579 4.06001 5.99964
      vertex 20.4294 3.84944 3.70126
      vertex 20.3579 4.06001 3.70126
    endloop
  endfacet
  facet normal -0.442386 0.896825 0
    outer loop
      vertex 22.85 3.02776 0
      vertex 22.6506 2.9294 1.00126
      vertex 22.85 3.02776 1.00126
    endloop
  endfacet
  facet normal -0.442386 0.896825 0
    outer loop
      vertex 22.6506 2.9294 1.00126
      vertex 22.85 3.02776 0
      vertex 22.6506 2.9294 0
    endloop
  endfacet
  facet normal -0.442386 0.896825 0
    outer loop
      vertex 22.85 3.02776 3.70126
      vertex 22.6506 2.9294 6.28114
      vertex 22.85 3.02776 6.30563
    endloop
  endfacet
  facet normal -0.442386 0.896825 0
    outer loop
      vertex 22.6506 2.9294 6.28114
      vertex 22.85 3.02776 3.70126
      vertex 22.6506 2.9294 3.70126
    endloop
  endfacet
  facet normal -0.0653848 -0.99786 0
    outer loop
      vertex 22 6.2 0
      vertex 22.2219 6.18546 1.00126
      vertex 22 6.2 1.00126
    endloop
  endfacet
  facet normal -0.0653848 -0.99786 -0
    outer loop
      vertex 22.2219 6.18546 1.00126
      vertex 22 6.2 0
      vertex 22.2219 6.18546 0
    endloop
  endfacet
  facet normal -0.0653848 -0.99786 0
    outer loop
      vertex 22.2219 6.18546 3.70126
      vertex 22 6.2 6.20126
      vertex 22 6.2 3.70126
    endloop
  endfacet
  facet normal -0.0653848 -0.99786 0
    outer loop
      vertex 22 6.2 6.20126
      vertex 22.2219 6.18546 3.70126
      vertex 22.2219 6.18546 6.22851
    endloop
  endfacet
  facet normal 0.321403 -0.946943 0
    outer loop
      vertex 21.3494 6.07059 0
      vertex 21.56 6.14207 1.00126
      vertex 21.3494 6.07059 1.00126
    endloop
  endfacet
  facet normal 0.321403 -0.946943 0
    outer loop
      vertex 21.56 6.14207 1.00126
      vertex 21.3494 6.07059 0
      vertex 21.56 6.14207 0
    endloop
  endfacet
  facet normal 0.321403 -0.946943 0
    outer loop
      vertex 21.56 6.14207 3.70126
      vertex 21.3494 6.07059 6.12138
      vertex 21.3494 6.07059 3.70126
    endloop
  endfacet
  facet normal 0.321403 -0.946943 0
    outer loop
      vertex 21.3494 6.07059 6.12138
      vertex 21.56 6.14207 3.70126
      vertex 21.56 6.14207 6.14724
    endloop
  endfacet
  facet normal 0.195122 -0.980779 0
    outer loop
      vertex 21.56 6.14207 0
      vertex 21.7781 6.18546 1.00126
      vertex 21.56 6.14207 1.00126
    endloop
  endfacet
  facet normal 0.195122 -0.980779 0
    outer loop
      vertex 21.7781 6.18546 1.00126
      vertex 21.56 6.14207 0
      vertex 21.7781 6.18546 0
    endloop
  endfacet
  facet normal 0.195122 -0.980779 0
    outer loop
      vertex 21.7781 6.18546 3.70126
      vertex 21.56 6.14207 6.14724
      vertex 21.56 6.14207 3.70126
    endloop
  endfacet
  facet normal 0.195122 -0.980779 0
    outer loop
      vertex 21.56 6.14207 6.14724
      vertex 21.7781 6.18546 3.70126
      vertex 21.7781 6.18546 6.17402
    endloop
  endfacet
  facet normal -0.896789 -0.442459 0
    outer loop
      vertex 23.5706 5.15056 0
      vertex 23.4722 5.35 1.00126
      vertex 23.4722 5.35 0
    endloop
  endfacet
  facet normal -0.896789 -0.442459 0
    outer loop
      vertex 23.4722 5.35 1.00126
      vertex 23.5706 5.15056 0
      vertex 23.5706 5.15056 1.00126
    endloop
  endfacet
  facet normal -0.896789 -0.442459 0
    outer loop
      vertex 23.5706 5.15056 3.70126
      vertex 23.4722 5.35 6.38203
      vertex 23.4722 5.35 3.70126
    endloop
  endfacet
  facet normal -0.896789 -0.442459 0
    outer loop
      vertex 23.4722 5.35 6.38203
      vertex 23.5706 5.15056 3.70126
      vertex 23.5706 5.15056 6.39411
    endloop
  endfacet
  facet normal -0.997872 0.0652057 0
    outer loop
      vertex 23.6855 4.2781 0
      vertex 23.7 4.5 1.00126
      vertex 23.7 4.5 0
    endloop
  endfacet
  facet normal -0.997872 0.0652057 0
    outer loop
      vertex 23.7 4.5 1.00126
      vertex 23.6855 4.2781 0
      vertex 23.6855 4.2781 1.00126
    endloop
  endfacet
  facet normal -0.997872 0.0652057 0
    outer loop
      vertex 23.6855 4.2781 3.70126
      vertex 23.7 4.5 6.40999
      vertex 23.7 4.5 3.70126
    endloop
  endfacet
  facet normal -0.997872 0.0652057 0
    outer loop
      vertex 23.7 4.5 6.40999
      vertex 23.6855 4.2781 3.70126
      vertex 23.6855 4.2781 6.40821
    endloop
  endfacet
  facet normal -0.0653848 0.99786 0
    outer loop
      vertex 22.2219 2.81454 0
      vertex 22 2.8 1.00126
      vertex 22.2219 2.81454 1.00126
    endloop
  endfacet
  facet normal -0.0653848 0.99786 0
    outer loop
      vertex 22 2.8 1.00126
      vertex 22.2219 2.81454 0
      vertex 22 2.8 0
    endloop
  endfacet
  facet normal -0.0653848 0.99786 0
    outer loop
      vertex 22.2219 2.81454 3.70126
      vertex 22 2.8 6.20126
      vertex 22.2219 2.81454 6.22851
    endloop
  endfacet
  facet normal -0.0653848 0.99786 0
    outer loop
      vertex 22 2.8 6.20126
      vertex 22.2219 2.81454 3.70126
      vertex 22 2.8 3.70126
    endloop
  endfacet
  facet normal -0.751888 -0.659291 0
    outer loop
      vertex 23.3487 5.53489 0
      vertex 23.2021 5.70208 1.00126
      vertex 23.2021 5.70208 0
    endloop
  endfacet
  facet normal -0.751888 -0.659291 0
    outer loop
      vertex 23.2021 5.70208 1.00126
      vertex 23.3487 5.53489 0
      vertex 23.3487 5.53489 1.00126
    endloop
  endfacet
  facet normal -0.751888 -0.659291 0
    outer loop
      vertex 23.3487 5.53489 3.70126
      vertex 23.2021 5.70208 6.34886
      vertex 23.2021 5.70208 3.70126
    endloop
  endfacet
  facet normal -0.751888 -0.659291 0
    outer loop
      vertex 23.2021 5.70208 6.34886
      vertex 23.3487 5.53489 3.70126
      vertex 23.3487 5.53489 6.36686
    endloop
  endfacet
  facet normal 0.997872 0.0652057 0
    outer loop
      vertex 20.3145 4.2781 1.00126
      vertex 20.3 4.5 0
      vertex 20.3 4.5 1.00126
    endloop
  endfacet
  facet normal 0.997872 0.0652057 0
    outer loop
      vertex 20.3 4.5 0
      vertex 20.3145 4.2781 1.00126
      vertex 20.3145 4.2781 0
    endloop
  endfacet
  facet normal 0.997872 0.0652057 0
    outer loop
      vertex 20.3145 4.2781 5.99431
      vertex 20.3 4.5 3.70126
      vertex 20.3 4.5 5.99253
    endloop
  endfacet
  facet normal 0.997872 0.0652057 0
    outer loop
      vertex 20.3 4.5 3.70126
      vertex 20.3145 4.2781 5.99431
      vertex 20.3145 4.2781 3.70126
    endloop
  endfacet
  facet normal -0.751888 0.659291 0
    outer loop
      vertex 23.2021 3.29792 0
      vertex 23.3487 3.46511 1.00126
      vertex 23.3487 3.46511 0
    endloop
  endfacet
  facet normal -0.751888 0.659291 0
    outer loop
      vertex 23.3487 3.46511 1.00126
      vertex 23.2021 3.29792 0
      vertex 23.2021 3.29792 1.00126
    endloop
  endfacet
  facet normal -0.751888 0.659291 0
    outer loop
      vertex 23.2021 3.29792 6.34886
      vertex 23.3487 3.46511 3.70126
      vertex 23.2021 3.29792 3.70126
    endloop
  endfacet
  facet normal -0.751888 0.659291 0
    outer loop
      vertex 23.3487 3.46511 3.70126
      vertex 23.2021 3.29792 6.34886
      vertex 23.3487 3.46511 6.36686
    endloop
  endfacet
  facet normal 0.751888 -0.659291 0
    outer loop
      vertex 20.6513 5.53489 1.00126
      vertex 20.7979 5.70208 0
      vertex 20.7979 5.70208 1.00126
    endloop
  endfacet
  facet normal 0.751888 -0.659291 0
    outer loop
      vertex 20.7979 5.70208 0
      vertex 20.6513 5.53489 1.00126
      vertex 20.6513 5.53489 0
    endloop
  endfacet
  facet normal 0.751888 -0.659291 0
    outer loop
      vertex 20.6513 5.53489 6.03566
      vertex 20.7979 5.70208 3.70126
      vertex 20.7979 5.70208 6.05366
    endloop
  endfacet
  facet normal 0.751888 -0.659291 0
    outer loop
      vertex 20.7979 5.70208 3.70126
      vertex 20.6513 5.53489 6.03566
      vertex 20.6513 5.53489 3.70126
    endloop
  endfacet
  facet normal 0.831552 -0.555447 0
    outer loop
      vertex 20.5278 5.35 1.00126
      vertex 20.6513 5.53489 0
      vertex 20.6513 5.53489 1.00126
    endloop
  endfacet
  facet normal 0.831552 -0.555447 0
    outer loop
      vertex 20.6513 5.53489 0
      vertex 20.5278 5.35 1.00126
      vertex 20.5278 5.35 0
    endloop
  endfacet
  facet normal 0.831552 -0.555447 0
    outer loop
      vertex 20.5278 5.35 6.02049
      vertex 20.6513 5.53489 3.70126
      vertex 20.6513 5.53489 6.03566
    endloop
  endfacet
  facet normal 0.831552 -0.555447 0
    outer loop
      vertex 20.6513 5.53489 3.70126
      vertex 20.5278 5.35 6.02049
      vertex 20.5278 5.35 3.70126
    endloop
  endfacet
  facet normal 0.0653848 -0.99786 0
    outer loop
      vertex 21.7781 6.18546 0
      vertex 22 6.2 1.00126
      vertex 21.7781 6.18546 1.00126
    endloop
  endfacet
  facet normal 0.0653848 -0.99786 0
    outer loop
      vertex 22 6.2 1.00126
      vertex 21.7781 6.18546 0
      vertex 22 6.2 0
    endloop
  endfacet
  facet normal 0.0653848 -0.99786 0
    outer loop
      vertex 22 6.2 3.70126
      vertex 21.7781 6.18546 6.17402
      vertex 21.7781 6.18546 3.70126
    endloop
  endfacet
  facet normal 0.0653848 -0.99786 0
    outer loop
      vertex 21.7781 6.18546 6.17402
      vertex 22 6.2 3.70126
      vertex 22 6.2 6.20126
    endloop
  endfacet
  facet normal 0.980769 0.195173 0
    outer loop
      vertex 20.3579 4.06001 1.00126
      vertex 20.3145 4.2781 0
      vertex 20.3145 4.2781 1.00126
    endloop
  endfacet
  facet normal 0.980769 0.195173 0
    outer loop
      vertex 20.3145 4.2781 0
      vertex 20.3579 4.06001 1.00126
      vertex 20.3579 4.06001 0
    endloop
  endfacet
  facet normal 0.980769 0.195173 -0
    outer loop
      vertex 20.3579 4.06001 3.70126
      vertex 20.3145 4.2781 5.99431
      vertex 20.3579 4.06001 5.99964
    endloop
  endfacet
  facet normal 0.980769 0.195173 0
    outer loop
      vertex 20.3145 4.2781 5.99431
      vertex 20.3579 4.06001 3.70126
      vertex 20.3145 4.2781 3.70126
    endloop
  endfacet
  facet normal 0.321363 0.946956 -0
    outer loop
      vertex 21.56 2.85793 0
      vertex 21.3494 2.9294 1.00126
      vertex 21.56 2.85793 1.00126
    endloop
  endfacet
  facet normal 0.321363 0.946956 0
    outer loop
      vertex 21.3494 2.9294 1.00126
      vertex 21.56 2.85793 0
      vertex 21.3494 2.9294 0
    endloop
  endfacet
  facet normal 0.321363 0.946956 -0
    outer loop
      vertex 21.56 2.85793 3.70126
      vertex 21.3494 2.9294 6.12138
      vertex 21.56 2.85793 6.14724
    endloop
  endfacet
  facet normal 0.321363 0.946956 0
    outer loop
      vertex 21.3494 2.9294 6.12138
      vertex 21.56 2.85793 3.70126
      vertex 21.3494 2.9294 3.70126
    endloop
  endfacet
  facet normal -0.946901 -0.321525 0
    outer loop
      vertex 23.6421 4.93999 0
      vertex 23.5706 5.15056 1.00126
      vertex 23.5706 5.15056 0
    endloop
  endfacet
  facet normal -0.946901 -0.321525 0
    outer loop
      vertex 23.5706 5.15056 1.00126
      vertex 23.6421 4.93999 0
      vertex 23.6421 4.93999 1.00126
    endloop
  endfacet
  facet normal -0.946901 -0.321525 0
    outer loop
      vertex 23.6421 4.93999 3.70126
      vertex 23.5706 5.15056 6.39411
      vertex 23.5706 5.15056 3.70126
    endloop
  endfacet
  facet normal -0.946901 -0.321525 0
    outer loop
      vertex 23.5706 5.15056 6.39411
      vertex 23.6421 4.93999 3.70126
      vertex 23.6421 4.93999 6.40288
    endloop
  endfacet
  facet normal 0.442386 0.896825 -0
    outer loop
      vertex 21.3494 2.9294 0
      vertex 21.15 3.02776 1.00126
      vertex 21.3494 2.9294 1.00126
    endloop
  endfacet
  facet normal 0.442386 0.896825 0
    outer loop
      vertex 21.15 3.02776 1.00126
      vertex 21.3494 2.9294 0
      vertex 21.15 3.02776 0
    endloop
  endfacet
  facet normal 0.442386 0.896825 -0
    outer loop
      vertex 21.3494 2.9294 3.70126
      vertex 21.15 3.02776 6.09689
      vertex 21.3494 2.9294 6.12138
    endloop
  endfacet
  facet normal 0.442386 0.896825 0
    outer loop
      vertex 21.15 3.02776 6.09689
      vertex 21.3494 2.9294 3.70126
      vertex 21.15 3.02776 3.70126
    endloop
  endfacet
  facet normal -0.831552 0.555447 0
    outer loop
      vertex 23.3487 3.46511 0
      vertex 23.4722 3.65 1.00126
      vertex 23.4722 3.65 0
    endloop
  endfacet
  facet normal -0.831552 0.555447 0
    outer loop
      vertex 23.4722 3.65 1.00126
      vertex 23.3487 3.46511 0
      vertex 23.3487 3.46511 1.00126
    endloop
  endfacet
  facet normal -0.831552 0.555447 0
    outer loop
      vertex 23.3487 3.46511 6.36686
      vertex 23.4722 3.65 3.70126
      vertex 23.3487 3.46511 3.70126
    endloop
  endfacet
  facet normal -0.831552 0.555447 0
    outer loop
      vertex 23.4722 3.65 3.70126
      vertex 23.3487 3.46511 6.36686
      vertex 23.4722 3.65 6.38203
    endloop
  endfacet
  facet normal 0.555551 0.831483 -0
    outer loop
      vertex 21.15 3.02776 0
      vertex 20.9651 3.1513 1.00126
      vertex 21.15 3.02776 1.00126
    endloop
  endfacet
  facet normal 0.555551 0.831483 0
    outer loop
      vertex 20.9651 3.1513 1.00126
      vertex 21.15 3.02776 0
      vertex 20.9651 3.1513 0
    endloop
  endfacet
  facet normal 0.555551 0.831483 -0
    outer loop
      vertex 21.15 3.02776 3.70126
      vertex 20.9651 3.1513 6.07419
      vertex 21.15 3.02776 6.09689
    endloop
  endfacet
  facet normal 0.555551 0.831483 0
    outer loop
      vertex 20.9651 3.1513 6.07419
      vertex 21.15 3.02776 3.70126
      vertex 20.9651 3.1513 3.70126
    endloop
  endfacet
  facet normal 0.0653848 0.99786 -0
    outer loop
      vertex 22 2.8 0
      vertex 21.7781 2.81454 1.00126
      vertex 22 2.8 1.00126
    endloop
  endfacet
  facet normal 0.0653848 0.99786 0
    outer loop
      vertex 21.7781 2.81454 1.00126
      vertex 22 2.8 0
      vertex 21.7781 2.81454 0
    endloop
  endfacet
  facet normal 0.0653848 0.99786 -0
    outer loop
      vertex 22 2.8 3.70126
      vertex 21.7781 2.81454 6.17402
      vertex 22 2.8 6.20126
    endloop
  endfacet
  facet normal 0.0653848 0.99786 0
    outer loop
      vertex 21.7781 2.81454 6.17402
      vertex 22 2.8 3.70126
      vertex 21.7781 2.81454 3.70126
    endloop
  endfacet
  facet normal 0.195122 0.980779 -0
    outer loop
      vertex 21.7781 2.81454 0
      vertex 21.56 2.85793 1.00126
      vertex 21.7781 2.81454 1.00126
    endloop
  endfacet
  facet normal 0.195122 0.980779 0
    outer loop
      vertex 21.56 2.85793 1.00126
      vertex 21.7781 2.81454 0
      vertex 21.56 2.85793 0
    endloop
  endfacet
  facet normal 0.195122 0.980779 -0
    outer loop
      vertex 21.7781 2.81454 3.70126
      vertex 21.56 2.85793 6.14724
      vertex 21.7781 2.81454 6.17402
    endloop
  endfacet
  facet normal 0.195122 0.980779 0
    outer loop
      vertex 21.56 2.85793 6.14724
      vertex 21.7781 2.81454 3.70126
      vertex 21.56 2.85793 3.70126
    endloop
  endfacet
  facet normal 0.896789 -0.442459 0
    outer loop
      vertex 20.4294 5.15056 1.00126
      vertex 20.5278 5.35 0
      vertex 20.5278 5.35 1.00126
    endloop
  endfacet
  facet normal 0.896789 -0.442459 0
    outer loop
      vertex 20.5278 5.35 0
      vertex 20.4294 5.15056 1.00126
      vertex 20.4294 5.15056 0
    endloop
  endfacet
  facet normal 0.896789 -0.442459 0
    outer loop
      vertex 20.4294 5.15056 6.00842
      vertex 20.5278 5.35 3.70126
      vertex 20.5278 5.35 6.02049
    endloop
  endfacet
  facet normal 0.896789 -0.442459 0
    outer loop
      vertex 20.5278 5.35 3.70126
      vertex 20.4294 5.15056 6.00842
      vertex 20.4294 5.15056 3.70126
    endloop
  endfacet
  facet normal 0.896789 0.442459 0
    outer loop
      vertex 20.5278 3.65 1.00126
      vertex 20.4294 3.84944 0
      vertex 20.4294 3.84944 1.00126
    endloop
  endfacet
  facet normal 0.896789 0.442459 0
    outer loop
      vertex 20.4294 3.84944 0
      vertex 20.5278 3.65 1.00126
      vertex 20.5278 3.65 0
    endloop
  endfacet
  facet normal 0.896789 0.442459 -0
    outer loop
      vertex 20.5278 3.65 3.70126
      vertex 20.4294 3.84944 6.00842
      vertex 20.5278 3.65 6.02049
    endloop
  endfacet
  facet normal 0.896789 0.442459 0
    outer loop
      vertex 20.4294 3.84944 6.00842
      vertex 20.5278 3.65 3.70126
      vertex 20.4294 3.84944 3.70126
    endloop
  endfacet
  facet normal 0.997872 -0.0652086 0
    outer loop
      vertex 20.3 4.5 1.00126
      vertex 20.3145 4.72189 0
      vertex 20.3145 4.72189 1.00126
    endloop
  endfacet
  facet normal 0.997872 -0.0652086 0
    outer loop
      vertex 20.3145 4.72189 0
      vertex 20.3 4.5 1.00126
      vertex 20.3 4.5 0
    endloop
  endfacet
  facet normal 0.997872 -0.0652086 0
    outer loop
      vertex 20.3 4.5 5.99253
      vertex 20.3145 4.72189 3.70126
      vertex 20.3145 4.72189 5.99431
    endloop
  endfacet
  facet normal 0.997872 -0.0652086 0
    outer loop
      vertex 20.3145 4.72189 3.70126
      vertex 20.3 4.5 5.99253
      vertex 20.3 4.5 3.70126
    endloop
  endfacet
  facet normal 0.98077 -0.195165 0
    outer loop
      vertex 20.3145 4.72189 1.00126
      vertex 20.3579 4.93999 0
      vertex 20.3579 4.93999 1.00126
    endloop
  endfacet
  facet normal 0.98077 -0.195165 0
    outer loop
      vertex 20.3579 4.93999 0
      vertex 20.3145 4.72189 1.00126
      vertex 20.3145 4.72189 0
    endloop
  endfacet
  facet normal 0.98077 -0.195165 0
    outer loop
      vertex 20.3145 4.72189 5.99431
      vertex 20.3579 4.93999 3.70126
      vertex 20.3579 4.93999 5.99964
    endloop
  endfacet
  facet normal 0.98077 -0.195165 0
    outer loop
      vertex 20.3579 4.93999 3.70126
      vertex 20.3145 4.72189 5.99431
      vertex 20.3145 4.72189 3.70126
    endloop
  endfacet
  facet normal 0.946901 -0.321525 0
    outer loop
      vertex 20.3579 4.93999 1.00126
      vertex 20.4294 5.15056 0
      vertex 20.4294 5.15056 1.00126
    endloop
  endfacet
  facet normal 0.946901 -0.321525 0
    outer loop
      vertex 20.4294 5.15056 0
      vertex 20.3579 4.93999 1.00126
      vertex 20.3579 4.93999 0
    endloop
  endfacet
  facet normal 0.946901 -0.321525 0
    outer loop
      vertex 20.3579 4.93999 5.99964
      vertex 20.4294 5.15056 3.70126
      vertex 20.4294 5.15056 6.00842
    endloop
  endfacet
  facet normal 0.946901 -0.321525 0
    outer loop
      vertex 20.4294 5.15056 3.70126
      vertex 20.3579 4.93999 5.99964
      vertex 20.3579 4.93999 3.70126
    endloop
  endfacet
  facet normal -0.195122 -0.980779 0
    outer loop
      vertex 22.2219 6.18546 0
      vertex 22.44 6.14207 1.00126
      vertex 22.2219 6.18546 1.00126
    endloop
  endfacet
  facet normal -0.195122 -0.980779 -0
    outer loop
      vertex 22.44 6.14207 1.00126
      vertex 22.2219 6.18546 0
      vertex 22.44 6.14207 0
    endloop
  endfacet
  facet normal -0.195122 -0.980779 0
    outer loop
      vertex 22.44 6.14207 3.70126
      vertex 22.2219 6.18546 6.22851
      vertex 22.2219 6.18546 3.70126
    endloop
  endfacet
  facet normal -0.195122 -0.980779 0
    outer loop
      vertex 22.2219 6.18546 6.22851
      vertex 22.44 6.14207 3.70126
      vertex 22.44 6.14207 6.25528
    endloop
  endfacet
  facet normal -0.659319 0.751863 0
    outer loop
      vertex 23.2021 3.29792 0
      vertex 23.0349 3.1513 1.00126
      vertex 23.2021 3.29792 1.00126
    endloop
  endfacet
  facet normal -0.659319 0.751863 0
    outer loop
      vertex 23.0349 3.1513 1.00126
      vertex 23.2021 3.29792 0
      vertex 23.0349 3.1513 0
    endloop
  endfacet
  facet normal -0.659319 0.751863 0
    outer loop
      vertex 23.2021 3.29792 3.70126
      vertex 23.0349 3.1513 6.32833
      vertex 23.2021 3.29792 6.34886
    endloop
  endfacet
  facet normal -0.659319 0.751863 0
    outer loop
      vertex 23.0349 3.1513 6.32833
      vertex 23.2021 3.29792 3.70126
      vertex 23.0349 3.1513 3.70126
    endloop
  endfacet
  facet normal -1 0 0
    outer loop
      vertex 24.95 1.2 1.00126
      vertex 24.95 8 3.70126
      vertex 24.95 8 1.00126
    endloop
  endfacet
  facet normal -1 -0 0
    outer loop
      vertex 24.95 8 3.70126
      vertex 24.95 1.2 1.00126
      vertex 24.95 1.2 3.70126
    endloop
  endfacet
  facet normal 0 0 -1
    outer loop
      vertex 24.95 1.2 3.70126
      vertex 23.7 4.5 3.70126
      vertex 24.95 8 3.70126
    endloop
  endfacet
  facet normal 0 0 -1
    outer loop
      vertex 24.95 1.2 3.70126
      vertex 23.6855 4.2781 3.70126
      vertex 23.7 4.5 3.70126
    endloop
  endfacet
  facet normal 0 0 -1
    outer loop
      vertex 24.95 1.2 3.70126
      vertex 23.6421 4.06001 3.70126
      vertex 23.6855 4.2781 3.70126
    endloop
  endfacet
  facet normal 0 0 -1
    outer loop
      vertex 24.95 1.2 3.70126
      vertex 23.5706 3.84944 3.70126
      vertex 23.6421 4.06001 3.70126
    endloop
  endfacet
  facet normal 0 0 -1
    outer loop
      vertex 24.95 1.2 3.70126
      vertex 23.4722 3.65 3.70126
      vertex 23.5706 3.84944 3.70126
    endloop
  endfacet
  facet normal 0 0 -1
    outer loop
      vertex 24.95 1.2 3.70126
      vertex 23.3487 3.46511 3.70126
      vertex 23.4722 3.65 3.70126
    endloop
  endfacet
  facet normal 0 0 -1
    outer loop
      vertex 24.95 1.2 3.70126
      vertex 23.2021 3.29792 3.70126
      vertex 23.3487 3.46511 3.70126
    endloop
  endfacet
  facet normal 0 0 -1
    outer loop
      vertex 24.95 1.2 3.70126
      vertex 23.0349 3.1513 3.70126
      vertex 23.2021 3.29792 3.70126
    endloop
  endfacet
  facet normal 0 0 -1
    outer loop
      vertex 24.95 1.2 3.70126
      vertex 22.85 3.02776 3.70126
      vertex 23.0349 3.1513 3.70126
    endloop
  endfacet
  facet normal 0 0 -1
    outer loop
      vertex 24.95 1.2 3.70126
      vertex 22.6506 2.9294 3.70126
      vertex 22.85 3.02776 3.70126
    endloop
  endfacet
  facet normal 0 0 -1
    outer loop
      vertex 24.95 1.2 3.70126
      vertex 22.44 2.85793 3.70126
      vertex 22.6506 2.9294 3.70126
    endloop
  endfacet
  facet normal 0 0 -1
    outer loop
      vertex 24.95 1.2 3.70126
      vertex 22.2219 2.81454 3.70126
      vertex 22.44 2.85793 3.70126
    endloop
  endfacet
  facet normal 0 0 -1
    outer loop
      vertex 24.95 1.2 3.70126
      vertex 22 2.8 3.70126
      vertex 22.2219 2.81454 3.70126
    endloop
  endfacet
  facet normal 0 0 -1
    outer loop
      vertex 19.05 1.2 3.70126
      vertex 22 2.8 3.70126
      vertex 24.95 1.2 3.70126
    endloop
  endfacet
  facet normal -0 0 -1
    outer loop
      vertex 22 2.8 3.70126
      vertex 19.05 1.2 3.70126
      vertex 21.7781 2.81454 3.70126
    endloop
  endfacet
  facet normal -0 0 -1
    outer loop
      vertex 21.7781 2.81454 3.70126
      vertex 19.05 1.2 3.70126
      vertex 21.56 2.85793 3.70126
    endloop
  endfacet
  facet normal -0 0 -1
    outer loop
      vertex 20.3145 4.2781 3.70126
      vertex 19.05 1.2 3.70126
      vertex 20.3 4.5 3.70126
    endloop
  endfacet
  facet normal -0 0 -1
    outer loop
      vertex 20.3579 4.06001 3.70126
      vertex 19.05 1.2 3.70126
      vertex 20.3145 4.2781 3.70126
    endloop
  endfacet
  facet normal -0 0 -1
    outer loop
      vertex 20.4294 3.84944 3.70126
      vertex 19.05 1.2 3.70126
      vertex 20.3579 4.06001 3.70126
    endloop
  endfacet
  facet normal -0 0 -1
    outer loop
      vertex 20.5278 3.65 3.70126
      vertex 19.05 1.2 3.70126
      vertex 20.4294 3.84944 3.70126
    endloop
  endfacet
  facet normal -0 0 -1
    outer loop
      vertex 20.6513 3.46511 3.70126
      vertex 19.05 1.2 3.70126
      vertex 20.5278 3.65 3.70126
    endloop
  endfacet
  facet normal -0 0 -1
    outer loop
      vertex 20.7979 3.29792 3.70126
      vertex 19.05 1.2 3.70126
      vertex 20.6513 3.46511 3.70126
    endloop
  endfacet
  facet normal -0 0 -1
    outer loop
      vertex 20.9651 3.1513 3.70126
      vertex 19.05 1.2 3.70126
      vertex 20.7979 3.29792 3.70126
    endloop
  endfacet
  facet normal -0 0 -1
    outer loop
      vertex 21.15 3.02776 3.70126
      vertex 19.05 1.2 3.70126
      vertex 20.9651 3.1513 3.70126
    endloop
  endfacet
  facet normal -0 0 -1
    outer loop
      vertex 21.3494 2.9294 3.70126
      vertex 19.05 1.2 3.70126
      vertex 21.15 3.02776 3.70126
    endloop
  endfacet
  facet normal -0 0 -1
    outer loop
      vertex 21.56 2.85793 3.70126
      vertex 19.05 1.2 3.70126
      vertex 21.3494 2.9294 3.70126
    endloop
  endfacet
  facet normal 0 0 -1
    outer loop
      vertex 23.6855 4.72189 3.70126
      vertex 24.95 8 3.70126
      vertex 23.7 4.5 3.70126
    endloop
  endfacet
  facet normal 0 0 -1
    outer loop
      vertex 23.6421 4.93999 3.70126
      vertex 24.95 8 3.70126
      vertex 23.6855 4.72189 3.70126
    endloop
  endfacet
  facet normal 0 0 -1
    outer loop
      vertex 23.5706 5.15056 3.70126
      vertex 24.95 8 3.70126
      vertex 23.6421 4.93999 3.70126
    endloop
  endfacet
  facet normal 0 0 -1
    outer loop
      vertex 23.4722 5.35 3.70126
      vertex 24.95 8 3.70126
      vertex 23.5706 5.15056 3.70126
    endloop
  endfacet
  facet normal 0 0 -1
    outer loop
      vertex 23.3487 5.53489 3.70126
      vertex 24.95 8 3.70126
      vertex 23.4722 5.35 3.70126
    endloop
  endfacet
  facet normal 0 0 -1
    outer loop
      vertex 23.2021 5.70208 3.70126
      vertex 24.95 8 3.70126
      vertex 23.3487 5.53489 3.70126
    endloop
  endfacet
  facet normal 0 0 -1
    outer loop
      vertex 23.0349 5.8487 3.70126
      vertex 24.95 8 3.70126
      vertex 23.2021 5.70208 3.70126
    endloop
  endfacet
  facet normal 0 0 -1
    outer loop
      vertex 22.85 5.97224 3.70126
      vertex 24.95 8 3.70126
      vertex 23.0349 5.8487 3.70126
    endloop
  endfacet
  facet normal 0 0 -1
    outer loop
      vertex 22.6506 6.07059 3.70126
      vertex 24.95 8 3.70126
      vertex 22.85 5.97224 3.70126
    endloop
  endfacet
  facet normal 0 0 -1
    outer loop
      vertex 22.44 6.14207 3.70126
      vertex 24.95 8 3.70126
      vertex 22.6506 6.07059 3.70126
    endloop
  endfacet
  facet normal 0 0 -1
    outer loop
      vertex 22.2219 6.18546 3.70126
      vertex 24.95 8 3.70126
      vertex 22.44 6.14207 3.70126
    endloop
  endfacet
  facet normal 0 0 -1
    outer loop
      vertex 22 6.2 3.70126
      vertex 24.95 8 3.70126
      vertex 22.2219 6.18546 3.70126
    endloop
  endfacet
  facet normal 0 0 -1
    outer loop
      vertex 19.05 8 3.70126
      vertex 22 6.2 3.70126
      vertex 21.7781 6.18546 3.70126
    endloop
  endfacet
  facet normal 0 0 -1
    outer loop
      vertex 19.05 8 3.70126
      vertex 21.7781 6.18546 3.70126
      vertex 21.56 6.14207 3.70126
    endloop
  endfacet
  facet normal 0 0 -1
    outer loop
      vertex 19.05 8 3.70126
      vertex 21.56 6.14207 3.70126
      vertex 21.3494 6.07059 3.70126
    endloop
  endfacet
  facet normal 0 0 -1
    outer loop
      vertex 19.05 8 3.70126
      vertex 21.3494 6.07059 3.70126
      vertex 21.15 5.97224 3.70126
    endloop
  endfacet
  facet normal 0 0 -1
    outer loop
      vertex 19.05 8 3.70126
      vertex 20.3 4.5 3.70126
      vertex 19.05 1.2 3.70126
    endloop
  endfacet
  facet normal 0 0 -1
    outer loop
      vertex 20.3 4.5 3.70126
      vertex 19.05 8 3.70126
      vertex 20.3145 4.72189 3.70126
    endloop
  endfacet
  facet normal 0 0 -1
    outer loop
      vertex 20.3145 4.72189 3.70126
      vertex 19.05 8 3.70126
      vertex 20.3579 4.93999 3.70126
    endloop
  endfacet
  facet normal 0 0 -1
    outer loop
      vertex 22 6.2 3.70126
      vertex 19.05 8 3.70126
      vertex 24.95 8 3.70126
    endloop
  endfacet
  facet normal 0 0 -1
    outer loop
      vertex 20.9651 5.8487 3.70126
      vertex 19.05 8 3.70126
      vertex 21.15 5.97224 3.70126
    endloop
  endfacet
  facet normal 0 0 -1
    outer loop
      vertex 20.7979 5.70208 3.70126
      vertex 19.05 8 3.70126
      vertex 20.9651 5.8487 3.70126
    endloop
  endfacet
  facet normal 0 0 -1
    outer loop
      vertex 20.6513 5.53489 3.70126
      vertex 19.05 8 3.70126
      vertex 20.7979 5.70208 3.70126
    endloop
  endfacet
  facet normal 0 0 -1
    outer loop
      vertex 20.5278 5.35 3.70126
      vertex 19.05 8 3.70126
      vertex 20.6513 5.53489 3.70126
    endloop
  endfacet
  facet normal 0 0 -1
    outer loop
      vertex 20.4294 5.15056 3.70126
      vertex 19.05 8 3.70126
      vertex 20.5278 5.35 3.70126
    endloop
  endfacet
  facet normal 0 0 -1
    outer loop
      vertex 20.3579 4.93999 3.70126
      vertex 19.05 8 3.70126
      vertex 20.4294 5.15056 3.70126
    endloop
  endfacet
  facet normal 0 0 1
    outer loop
      vertex 24.95 8 1.00126
      vertex 23.7 4.5 1.00126
      vertex 24.95 1.2 1.00126
    endloop
  endfacet
  facet normal 0 0 1
    outer loop
      vertex 24.95 8 1.00126
      vertex 23.6855 4.72189 1.00126
      vertex 23.7 4.5 1.00126
    endloop
  endfacet
  facet normal 0 0 1
    outer loop
      vertex 24.95 8 1.00126
      vertex 23.6421 4.93999 1.00126
      vertex 23.6855 4.72189 1.00126
    endloop
  endfacet
  facet normal 0 0 1
    outer loop
      vertex 24.95 8 1.00126
      vertex 23.5706 5.15056 1.00126
      vertex 23.6421 4.93999 1.00126
    endloop
  endfacet
  facet normal 0 0 1
    outer loop
      vertex 24.95 8 1.00126
      vertex 23.4722 5.35 1.00126
      vertex 23.5706 5.15056 1.00126
    endloop
  endfacet
  facet normal 0 0 1
    outer loop
      vertex 24.95 8 1.00126
      vertex 23.3487 5.53489 1.00126
      vertex 23.4722 5.35 1.00126
    endloop
  endfacet
  facet normal 0 0 1
    outer loop
      vertex 24.95 8 1.00126
      vertex 23.2021 5.70208 1.00126
      vertex 23.3487 5.53489 1.00126
    endloop
  endfacet
  facet normal 0 0 1
    outer loop
      vertex 24.95 8 1.00126
      vertex 23.0349 5.8487 1.00126
      vertex 23.2021 5.70208 1.00126
    endloop
  endfacet
  facet normal 0 0 1
    outer loop
      vertex 24.95 8 1.00126
      vertex 22.85 5.97224 1.00126
      vertex 23.0349 5.8487 1.00126
    endloop
  endfacet
  facet normal 0 0 1
    outer loop
      vertex 24.95 8 1.00126
      vertex 22.6506 6.07059 1.00126
      vertex 22.85 5.97224 1.00126
    endloop
  endfacet
  facet normal 0 0 1
    outer loop
      vertex 24.95 8 1.00126
      vertex 22.44 6.14207 1.00126
      vertex 22.6506 6.07059 1.00126
    endloop
  endfacet
  facet normal 0 0 1
    outer loop
      vertex 24.95 8 1.00126
      vertex 22.2219 6.18546 1.00126
      vertex 22.44 6.14207 1.00126
    endloop
  endfacet
  facet normal 0 0 1
    outer loop
      vertex 24.95 8 1.00126
      vertex 22 6.2 1.00126
      vertex 22.2219 6.18546 1.00126
    endloop
  endfacet
  facet normal -0 0 1
    outer loop
      vertex 19.05 8 1.00126
      vertex 22 6.2 1.00126
      vertex 24.95 8 1.00126
    endloop
  endfacet
  facet normal 0 0 1
    outer loop
      vertex 22 6.2 1.00126
      vertex 19.05 8 1.00126
      vertex 21.7781 6.18546 1.00126
    endloop
  endfacet
  facet normal 0 0 1
    outer loop
      vertex 21.7781 6.18546 1.00126
      vertex 19.05 8 1.00126
      vertex 21.56 6.14207 1.00126
    endloop
  endfacet
  facet normal 0 0 1
    outer loop
      vertex 21.56 6.14207 1.00126
      vertex 19.05 8 1.00126
      vertex 21.3494 6.07059 1.00126
    endloop
  endfacet
  facet normal 0 0 1
    outer loop
      vertex 20.3145 4.72189 1.00126
      vertex 19.05 8 1.00126
      vertex 20.3 4.5 1.00126
    endloop
  endfacet
  facet normal 0 0 1
    outer loop
      vertex 20.3579 4.93999 1.00126
      vertex 19.05 8 1.00126
      vertex 20.3145 4.72189 1.00126
    endloop
  endfacet
  facet normal 0 0 1
    outer loop
      vertex 20.4294 5.15056 1.00126
      vertex 19.05 8 1.00126
      vertex 20.3579 4.93999 1.00126
    endloop
  endfacet
  facet normal 0 0 1
    outer loop
      vertex 20.5278 5.35 1.00126
      vertex 19.05 8 1.00126
      vertex 20.4294 5.15056 1.00126
    endloop
  endfacet
  facet normal 0 0 1
    outer loop
      vertex 20.6513 5.53489 1.00126
      vertex 19.05 8 1.00126
      vertex 20.5278 5.35 1.00126
    endloop
  endfacet
  facet normal 0 0 1
    outer loop
      vertex 20.7979 5.70208 1.00126
      vertex 19.05 8 1.00126
      vertex 20.6513 5.53489 1.00126
    endloop
  endfacet
  facet normal 0 0 1
    outer loop
      vertex 20.9651 5.8487 1.00126
      vertex 19.05 8 1.00126
      vertex 20.7979 5.70208 1.00126
    endloop
  endfacet
  facet normal 0 0 1
    outer loop
      vertex 21.15 5.97224 1.00126
      vertex 19.05 8 1.00126
      vertex 20.9651 5.8487 1.00126
    endloop
  endfacet
  facet normal 0 0 1
    outer loop
      vertex 21.3494 6.07059 1.00126
      vertex 19.05 8 1.00126
      vertex 21.15 5.97224 1.00126
    endloop
  endfacet
  facet normal -0 0 1
    outer loop
      vertex 23.6855 4.2781 1.00126
      vertex 24.95 1.2 1.00126
      vertex 23.7 4.5 1.00126
    endloop
  endfacet
  facet normal -0 0 1
    outer loop
      vertex 23.6421 4.06001 1.00126
      vertex 24.95 1.2 1.00126
      vertex 23.6855 4.2781 1.00126
    endloop
  endfacet
  facet normal -0 0 1
    outer loop
      vertex 23.5706 3.84944 1.00126
      vertex 24.95 1.2 1.00126
      vertex 23.6421 4.06001 1.00126
    endloop
  endfacet
  facet normal -0 0 1
    outer loop
      vertex 23.4722 3.65 1.00126
      vertex 24.95 1.2 1.00126
      vertex 23.5706 3.84944 1.00126
    endloop
  endfacet
  facet normal -0 0 1
    outer loop
      vertex 23.3487 3.46511 1.00126
      vertex 24.95 1.2 1.00126
      vertex 23.4722 3.65 1.00126
    endloop
  endfacet
  facet normal -0 0 1
    outer loop
      vertex 23.2021 3.29792 1.00126
      vertex 24.95 1.2 1.00126
      vertex 23.3487 3.46511 1.00126
    endloop
  endfacet
  facet normal -0 0 1
    outer loop
      vertex 23.0349 3.1513 1.00126
      vertex 24.95 1.2 1.00126
      vertex 23.2021 3.29792 1.00126
    endloop
  endfacet
  facet normal -0 0 1
    outer loop
      vertex 22.85 3.02776 1.00126
      vertex 24.95 1.2 1.00126
      vertex 23.0349 3.1513 1.00126
    endloop
  endfacet
  facet normal -0 0 1
    outer loop
      vertex 22.6506 2.9294 1.00126
      vertex 24.95 1.2 1.00126
      vertex 22.85 3.02776 1.00126
    endloop
  endfacet
  facet normal -0 0 1
    outer loop
      vertex 22.44 2.85793 1.00126
      vertex 24.95 1.2 1.00126
      vertex 22.6506 2.9294 1.00126
    endloop
  endfacet
  facet normal -0 0 1
    outer loop
      vertex 22.2219 2.81454 1.00126
      vertex 24.95 1.2 1.00126
      vertex 22.44 2.85793 1.00126
    endloop
  endfacet
  facet normal -0 0 1
    outer loop
      vertex 22 2.8 1.00126
      vertex 24.95 1.2 1.00126
      vertex 22.2219 2.81454 1.00126
    endloop
  endfacet
  facet normal 0 0 1
    outer loop
      vertex 19.05 1.2 1.00126
      vertex 22 2.8 1.00126
      vertex 21.7781 2.81454 1.00126
    endloop
  endfacet
  facet normal 0 0 1
    outer loop
      vertex 19.05 1.2 1.00126
      vertex 21.7781 2.81454 1.00126
      vertex 21.56 2.85793 1.00126
    endloop
  endfacet
  facet normal 0 0 1
    outer loop
      vertex 19.05 1.2 1.00126
      vertex 21.56 2.85793 1.00126
      vertex 21.3494 2.9294 1.00126
    endloop
  endfacet
  facet normal 0 0 1
    outer loop
      vertex 19.05 1.2 1.00126
      vertex 20.3 4.5 1.00126
      vertex 19.05 8 1.00126
    endloop
  endfacet
  facet normal 0 0 1
    outer loop
      vertex 20.3 4.5 1.00126
      vertex 19.05 1.2 1.00126
      vertex 20.3145 4.2781 1.00126
    endloop
  endfacet
  facet normal 0 0 1
    outer loop
      vertex 22 2.8 1.00126
      vertex 19.05 1.2 1.00126
      vertex 24.95 1.2 1.00126
    endloop
  endfacet
  facet normal 0 0 1
    outer loop
      vertex 21.15 3.02776 1.00126
      vertex 19.05 1.2 1.00126
      vertex 21.3494 2.9294 1.00126
    endloop
  endfacet
  facet normal 0 0 1
    outer loop
      vertex 20.9651 3.1513 1.00126
      vertex 19.05 1.2 1.00126
      vertex 21.15 3.02776 1.00126
    endloop
  endfacet
  facet normal 0 0 1
    outer loop
      vertex 20.7979 3.29792 1.00126
      vertex 19.05 1.2 1.00126
      vertex 20.9651 3.1513 1.00126
    endloop
  endfacet
  facet normal 0 0 1
    outer loop
      vertex 20.6513 3.46511 1.00126
      vertex 19.05 1.2 1.00126
      vertex 20.7979 3.29792 1.00126
    endloop
  endfacet
  facet normal 0 0 1
    outer loop
      vertex 20.5278 3.65 1.00126
      vertex 19.05 1.2 1.00126
      vertex 20.6513 3.46511 1.00126
    endloop
  endfacet
  facet normal 0 0 1
    outer loop
      vertex 20.4294 3.84944 1.00126
      vertex 19.05 1.2 1.00126
      vertex 20.5278 3.65 1.00126
    endloop
  endfacet
  facet normal 0 0 1
    outer loop
      vertex 20.3579 4.06001 1.00126
      vertex 19.05 1.2 1.00126
      vertex 20.4294 3.84944 1.00126
    endloop
  endfacet
  facet normal 0 0 1
    outer loop
      vertex 20.3145 4.2781 1.00126
      vertex 19.05 1.2 1.00126
      vertex 20.3579 4.06001 1.00126
    endloop
  endfacet
  facet normal 1 -0 0
    outer loop
      vertex 19.05 1.2 3.70126
      vertex 19.05 8 1.00126
      vertex 19.05 8 3.70126
    endloop
  endfacet
  facet normal 1 0 0
    outer loop
      vertex 19.05 8 1.00126
      vertex 19.05 1.2 3.70126
      vertex 19.05 1.2 1.00126
    endloop
  endfacet
  facet normal 0 1 -0
    outer loop
      vertex 24.95 1.2 1.00126
      vertex 19.05 1.2 3.70126
      vertex 24.95 1.2 3.70126
    endloop
  endfacet
  facet normal 0 1 0
    outer loop
      vertex 19.05 1.2 3.70126
      vertex 24.95 1.2 1.00126
      vertex 19.05 1.2 1.00126
    endloop
  endfacet
  facet normal -0.98077 -0.195165 0
    outer loop
      vertex 33.6855 4.72189 0
      vertex 33.6421 4.93999 2.2291
      vertex 33.6421 4.93999 0
    endloop
  endfacet
  facet normal -0.98077 -0.195165 0
    outer loop
      vertex 33.6421 4.93999 2.2291
      vertex 33.6855 4.72189 0
      vertex 33.6855 4.72189 2.2291
    endloop
  endfacet
  facet normal -0.98077 -0.195165 0
    outer loop
      vertex 33.6855 4.72189 4.92911
      vertex 33.6421 4.93999 7.63073
      vertex 33.6421 4.93999 4.92911
    endloop
  endfacet
  facet normal -0.98077 -0.195165 0
    outer loop
      vertex 33.6421 4.93999 7.63073
      vertex 33.6855 4.72189 4.92911
      vertex 33.6855 4.72189 7.63605
    endloop
  endfacet
  facet normal -0.997872 -0.0652086 0
    outer loop
      vertex 33.7 4.5 0
      vertex 33.6855 4.72189 2.2291
      vertex 33.6855 4.72189 0
    endloop
  endfacet
  facet normal -0.997872 -0.0652086 0
    outer loop
      vertex 33.6855 4.72189 2.2291
      vertex 33.7 4.5 0
      vertex 33.7 4.5 2.2291
    endloop
  endfacet
  facet normal -0.997872 -0.0652086 0
    outer loop
      vertex 33.7 4.5 4.92911
      vertex 33.6855 4.72189 7.63605
      vertex 33.6855 4.72189 4.92911
    endloop
  endfacet
  facet normal -0.997872 -0.0652086 0
    outer loop
      vertex 33.6855 4.72189 7.63605
      vertex 33.7 4.5 4.92911
      vertex 33.7 4.5 7.63784
    endloop
  endfacet
  facet normal 0.442349 -0.896843 0
    outer loop
      vertex 31.15 5.97224 0
      vertex 31.3494 6.07059 2.2291
      vertex 31.15 5.97224 2.2291
    endloop
  endfacet
  facet normal 0.442349 -0.896843 0
    outer loop
      vertex 31.3494 6.07059 2.2291
      vertex 31.15 5.97224 0
      vertex 31.3494 6.07059 0
    endloop
  endfacet
  facet normal 0.442349 -0.896843 0
    outer loop
      vertex 31.3494 6.07059 4.92911
      vertex 31.15 5.97224 7.32474
      vertex 31.15 5.97224 4.92911
    endloop
  endfacet
  facet normal 0.442349 -0.896843 0
    outer loop
      vertex 31.15 5.97224 7.32474
      vertex 31.3494 6.07059 4.92911
      vertex 31.3494 6.07059 7.34923
    endloop
  endfacet
  facet normal -0.555551 -0.831483 0
    outer loop
      vertex 32.85 5.97224 0
      vertex 33.0349 5.8487 2.2291
      vertex 32.85 5.97224 2.2291
    endloop
  endfacet
  facet normal -0.555551 -0.831483 -0
    outer loop
      vertex 33.0349 5.8487 2.2291
      vertex 32.85 5.97224 0
      vertex 33.0349 5.8487 0
    endloop
  endfacet
  facet normal -0.555551 -0.831483 0
    outer loop
      vertex 33.0349 5.8487 4.92911
      vertex 32.85 5.97224 7.53347
      vertex 32.85 5.97224 4.92911
    endloop
  endfacet
  facet normal -0.555551 -0.831483 0
    outer loop
      vertex 32.85 5.97224 7.53347
      vertex 33.0349 5.8487 4.92911
      vertex 33.0349 5.8487 7.55618
    endloop
  endfacet
  facet normal 0.659319 -0.751863 0
    outer loop
      vertex 30.7979 5.70208 0
      vertex 30.9651 5.8487 2.2291
      vertex 30.7979 5.70208 2.2291
    endloop
  endfacet
  facet normal 0.659319 -0.751863 0
    outer loop
      vertex 30.9651 5.8487 2.2291
      vertex 30.7979 5.70208 0
      vertex 30.9651 5.8487 0
    endloop
  endfacet
  facet normal 0.659319 -0.751863 0
    outer loop
      vertex 30.9651 5.8487 4.92911
      vertex 30.7979 5.70208 7.28151
      vertex 30.7979 5.70208 4.92911
    endloop
  endfacet
  facet normal 0.659319 -0.751863 0
    outer loop
      vertex 30.7979 5.70208 7.28151
      vertex 30.9651 5.8487 4.92911
      vertex 30.9651 5.8487 7.30204
    endloop
  endfacet
  facet normal -0.321363 0.946956 0
    outer loop
      vertex 32.6506 2.9294 0
      vertex 32.44 2.85793 2.2291
      vertex 32.6506 2.9294 2.2291
    endloop
  endfacet
  facet normal -0.321363 0.946956 0
    outer loop
      vertex 32.44 2.85793 2.2291
      vertex 32.6506 2.9294 0
      vertex 32.44 2.85793 0
    endloop
  endfacet
  facet normal -0.321363 0.946956 0
    outer loop
      vertex 32.6506 2.9294 4.92911
      vertex 32.44 2.85793 7.48313
      vertex 32.6506 2.9294 7.50899
    endloop
  endfacet
  facet normal -0.321363 0.946956 0
    outer loop
      vertex 32.44 2.85793 7.48313
      vertex 32.6506 2.9294 4.92911
      vertex 32.44 2.85793 4.92911
    endloop
  endfacet
  facet normal -0.831552 0.555447 0
    outer loop
      vertex 33.3487 3.46511 0
      vertex 33.4722 3.65 2.2291
      vertex 33.4722 3.65 0
    endloop
  endfacet
  facet normal -0.831552 0.555447 0
    outer loop
      vertex 33.4722 3.65 2.2291
      vertex 33.3487 3.46511 0
      vertex 33.3487 3.46511 2.2291
    endloop
  endfacet
  facet normal -0.831552 0.555447 0
    outer loop
      vertex 33.3487 3.46511 7.59471
      vertex 33.4722 3.65 4.92911
      vertex 33.3487 3.46511 4.92911
    endloop
  endfacet
  facet normal -0.831552 0.555447 0
    outer loop
      vertex 33.4722 3.65 4.92911
      vertex 33.3487 3.46511 7.59471
      vertex 33.4722 3.65 7.60987
    endloop
  endfacet
  facet normal -0.946901 0.321525 0
    outer loop
      vertex 33.5706 3.84944 0
      vertex 33.6421 4.06001 2.2291
      vertex 33.6421 4.06001 0
    endloop
  endfacet
  facet normal -0.946901 0.321525 0
    outer loop
      vertex 33.6421 4.06001 2.2291
      vertex 33.5706 3.84944 0
      vertex 33.5706 3.84944 2.2291
    endloop
  endfacet
  facet normal -0.946901 0.321525 0
    outer loop
      vertex 33.5706 3.84944 7.62195
      vertex 33.6421 4.06001 4.92911
      vertex 33.5706 3.84944 4.92911
    endloop
  endfacet
  facet normal -0.946901 0.321525 0
    outer loop
      vertex 33.6421 4.06001 4.92911
      vertex 33.5706 3.84944 7.62195
      vertex 33.6421 4.06001 7.63073
    endloop
  endfacet
  facet normal -0.321403 -0.946943 0
    outer loop
      vertex 32.44 6.14207 0
      vertex 32.6506 6.07059 2.2291
      vertex 32.44 6.14207 2.2291
    endloop
  endfacet
  facet normal -0.321403 -0.946943 -0
    outer loop
      vertex 32.6506 6.07059 2.2291
      vertex 32.44 6.14207 0
      vertex 32.6506 6.07059 0
    endloop
  endfacet
  facet normal -0.321403 -0.946943 0
    outer loop
      vertex 32.6506 6.07059 4.92911
      vertex 32.44 6.14207 7.48313
      vertex 32.44 6.14207 4.92911
    endloop
  endfacet
  facet normal -0.321403 -0.946943 0
    outer loop
      vertex 32.44 6.14207 7.48313
      vertex 32.6506 6.07059 4.92911
      vertex 32.6506 6.07059 7.50899
    endloop
  endfacet
  facet normal -0.195122 -0.980779 0
    outer loop
      vertex 32.2219 6.18546 0
      vertex 32.44 6.14207 2.2291
      vertex 32.2219 6.18546 2.2291
    endloop
  endfacet
  facet normal -0.195122 -0.980779 -0
    outer loop
      vertex 32.44 6.14207 2.2291
      vertex 32.2219 6.18546 0
      vertex 32.44 6.14207 0
    endloop
  endfacet
  facet normal -0.195122 -0.980779 0
    outer loop
      vertex 32.44 6.14207 4.92911
      vertex 32.2219 6.18546 7.45635
      vertex 32.2219 6.18546 4.92911
    endloop
  endfacet
  facet normal -0.195122 -0.980779 0
    outer loop
      vertex 32.2219 6.18546 7.45635
      vertex 32.44 6.14207 4.92911
      vertex 32.44 6.14207 7.48313
    endloop
  endfacet
  facet normal 0.555551 -0.831483 0
    outer loop
      vertex 30.9651 5.8487 0
      vertex 31.15 5.97224 2.2291
      vertex 30.9651 5.8487 2.2291
    endloop
  endfacet
  facet normal 0.555551 -0.831483 0
    outer loop
      vertex 31.15 5.97224 2.2291
      vertex 30.9651 5.8487 0
      vertex 31.15 5.97224 0
    endloop
  endfacet
  facet normal 0.555551 -0.831483 0
    outer loop
      vertex 31.15 5.97224 4.92911
      vertex 30.9651 5.8487 7.30204
      vertex 30.9651 5.8487 4.92911
    endloop
  endfacet
  facet normal 0.555551 -0.831483 0
    outer loop
      vertex 30.9651 5.8487 7.30204
      vertex 31.15 5.97224 4.92911
      vertex 31.15 5.97224 7.32474
    endloop
  endfacet
  facet normal -0.896789 0.442459 0
    outer loop
      vertex 33.4722 3.65 0
      vertex 33.5706 3.84944 2.2291
      vertex 33.5706 3.84944 0
    endloop
  endfacet
  facet normal -0.896789 0.442459 0
    outer loop
      vertex 33.5706 3.84944 2.2291
      vertex 33.4722 3.65 0
      vertex 33.4722 3.65 2.2291
    endloop
  endfacet
  facet normal -0.896789 0.442459 0
    outer loop
      vertex 33.4722 3.65 7.60987
      vertex 33.5706 3.84944 4.92911
      vertex 33.4722 3.65 4.92911
    endloop
  endfacet
  facet normal -0.896789 0.442459 0
    outer loop
      vertex 33.5706 3.84944 4.92911
      vertex 33.4722 3.65 7.60987
      vertex 33.5706 3.84944 7.62195
    endloop
  endfacet
  facet normal -0.659319 -0.751863 0
    outer loop
      vertex 33.0349 5.8487 0
      vertex 33.2021 5.70208 2.2291
      vertex 33.0349 5.8487 2.2291
    endloop
  endfacet
  facet normal -0.659319 -0.751863 -0
    outer loop
      vertex 33.2021 5.70208 2.2291
      vertex 33.0349 5.8487 0
      vertex 33.2021 5.70208 0
    endloop
  endfacet
  facet normal -0.659319 -0.751863 0
    outer loop
      vertex 33.2021 5.70208 4.92911
      vertex 33.0349 5.8487 7.55618
      vertex 33.0349 5.8487 4.92911
    endloop
  endfacet
  facet normal -0.659319 -0.751863 0
    outer loop
      vertex 33.0349 5.8487 7.55618
      vertex 33.2021 5.70208 4.92911
      vertex 33.2021 5.70208 7.5767
    endloop
  endfacet
  facet normal -0.555551 0.831483 0
    outer loop
      vertex 33.0349 3.1513 0
      vertex 32.85 3.02776 2.2291
      vertex 33.0349 3.1513 2.2291
    endloop
  endfacet
  facet normal -0.555551 0.831483 0
    outer loop
      vertex 32.85 3.02776 2.2291
      vertex 33.0349 3.1513 0
      vertex 32.85 3.02776 0
    endloop
  endfacet
  facet normal -0.555551 0.831483 0
    outer loop
      vertex 33.0349 3.1513 4.92911
      vertex 32.85 3.02776 7.53347
      vertex 33.0349 3.1513 7.55618
    endloop
  endfacet
  facet normal -0.555551 0.831483 0
    outer loop
      vertex 32.85 3.02776 7.53347
      vertex 33.0349 3.1513 4.92911
      vertex 32.85 3.02776 4.92911
    endloop
  endfacet
  facet normal -0.442349 -0.896843 0
    outer loop
      vertex 32.6506 6.07059 0
      vertex 32.85 5.97224 2.2291
      vertex 32.6506 6.07059 2.2291
    endloop
  endfacet
  facet normal -0.442349 -0.896843 -0
    outer loop
      vertex 32.85 5.97224 2.2291
      vertex 32.6506 6.07059 0
      vertex 32.85 5.97224 0
    endloop
  endfacet
  facet normal -0.442349 -0.896843 0
    outer loop
      vertex 32.85 5.97224 4.92911
      vertex 32.6506 6.07059 7.50899
      vertex 32.6506 6.07059 4.92911
    endloop
  endfacet
  facet normal -0.442349 -0.896843 0
    outer loop
      vertex 32.6506 6.07059 7.50899
      vertex 32.85 5.97224 4.92911
      vertex 32.85 5.97224 7.53347
    endloop
  endfacet
  facet normal 0.997872 -0.0652086 0
    outer loop
      vertex 30.3 4.5 2.2291
      vertex 30.3145 4.72189 0
      vertex 30.3145 4.72189 2.2291
    endloop
  endfacet
  facet normal 0.997872 -0.0652086 0
    outer loop
      vertex 30.3145 4.72189 0
      vertex 30.3 4.5 2.2291
      vertex 30.3 4.5 0
    endloop
  endfacet
  facet normal 0.997872 -0.0652086 0
    outer loop
      vertex 30.3 4.5 7.22037
      vertex 30.3145 4.72189 4.92911
      vertex 30.3145 4.72189 7.22216
    endloop
  endfacet
  facet normal 0.997872 -0.0652086 0
    outer loop
      vertex 30.3145 4.72189 4.92911
      vertex 30.3 4.5 7.22037
      vertex 30.3 4.5 4.92911
    endloop
  endfacet
  facet normal 0.659319 0.751863 -0
    outer loop
      vertex 30.9651 3.1513 0
      vertex 30.7979 3.29792 2.2291
      vertex 30.9651 3.1513 2.2291
    endloop
  endfacet
  facet normal 0.659319 0.751863 0
    outer loop
      vertex 30.7979 3.29792 2.2291
      vertex 30.9651 3.1513 0
      vertex 30.7979 3.29792 0
    endloop
  endfacet
  facet normal 0.659319 0.751863 -0
    outer loop
      vertex 30.9651 3.1513 4.92911
      vertex 30.7979 3.29792 7.28151
      vertex 30.9651 3.1513 7.30204
    endloop
  endfacet
  facet normal 0.659319 0.751863 0
    outer loop
      vertex 30.7979 3.29792 7.28151
      vertex 30.9651 3.1513 4.92911
      vertex 30.7979 3.29792 4.92911
    endloop
  endfacet
  facet normal 0.751888 0.659291 0
    outer loop
      vertex 30.7979 3.29792 2.2291
      vertex 30.6513 3.46511 0
      vertex 30.6513 3.46511 2.2291
    endloop
  endfacet
  facet normal 0.751888 0.659291 0
    outer loop
      vertex 30.6513 3.46511 0
      vertex 30.7979 3.29792 2.2291
      vertex 30.7979 3.29792 0
    endloop
  endfacet
  facet normal 0.751888 0.659291 -0
    outer loop
      vertex 30.7979 3.29792 4.92911
      vertex 30.6513 3.46511 7.26351
      vertex 30.7979 3.29792 7.28151
    endloop
  endfacet
  facet normal 0.751888 0.659291 0
    outer loop
      vertex 30.6513 3.46511 7.26351
      vertex 30.7979 3.29792 4.92911
      vertex 30.6513 3.46511 4.92911
    endloop
  endfacet
  facet normal 0.831552 0.555447 0
    outer loop
      vertex 30.6513 3.46511 2.2291
      vertex 30.5278 3.65 0
      vertex 30.5278 3.65 2.2291
    endloop
  endfacet
  facet normal 0.831552 0.555447 0
    outer loop
      vertex 30.5278 3.65 0
      vertex 30.6513 3.46511 2.2291
      vertex 30.6513 3.46511 0
    endloop
  endfacet
  facet normal 0.831552 0.555447 -0
    outer loop
      vertex 30.6513 3.46511 4.92911
      vertex 30.5278 3.65 7.24834
      vertex 30.6513 3.46511 7.26351
    endloop
  endfacet
  facet normal 0.831552 0.555447 0
    outer loop
      vertex 30.5278 3.65 7.24834
      vertex 30.6513 3.46511 4.92911
      vertex 30.5278 3.65 4.92911
    endloop
  endfacet
  facet normal -0.831552 -0.555447 0
    outer loop
      vertex 33.4722 5.35 0
      vertex 33.3487 5.53489 2.2291
      vertex 33.3487 5.53489 0
    endloop
  endfacet
  facet normal -0.831552 -0.555447 0
    outer loop
      vertex 33.3487 5.53489 2.2291
      vertex 33.4722 5.35 0
      vertex 33.4722 5.35 2.2291
    endloop
  endfacet
  facet normal -0.831552 -0.555447 0
    outer loop
      vertex 33.4722 5.35 4.92911
      vertex 33.3487 5.53489 7.59471
      vertex 33.3487 5.53489 4.92911
    endloop
  endfacet
  facet normal -0.831552 -0.555447 0
    outer loop
      vertex 33.3487 5.53489 7.59471
      vertex 33.4722 5.35 4.92911
      vertex 33.4722 5.35 7.60987
    endloop
  endfacet
  facet normal -0.195122 0.980779 0
    outer loop
      vertex 32.44 2.85793 0
      vertex 32.2219 2.81454 2.2291
      vertex 32.44 2.85793 2.2291
    endloop
  endfacet
  facet normal -0.195122 0.980779 0
    outer loop
      vertex 32.2219 2.81454 2.2291
      vertex 32.44 2.85793 0
      vertex 32.2219 2.81454 0
    endloop
  endfacet
  facet normal -0.195122 0.980779 0
    outer loop
      vertex 32.44 2.85793 4.92911
      vertex 32.2219 2.81454 7.45635
      vertex 32.44 2.85793 7.48313
    endloop
  endfacet
  facet normal -0.195122 0.980779 0
    outer loop
      vertex 32.2219 2.81454 7.45635
      vertex 32.44 2.85793 4.92911
      vertex 32.2219 2.81454 4.92911
    endloop
  endfacet
  facet normal -0.980769 0.195173 0
    outer loop
      vertex 33.6421 4.06001 0
      vertex 33.6855 4.2781 2.2291
      vertex 33.6855 4.2781 0
    endloop
  endfacet
  facet normal -0.980769 0.195173 0
    outer loop
      vertex 33.6855 4.2781 2.2291
      vertex 33.6421 4.06001 0
      vertex 33.6421 4.06001 2.2291
    endloop
  endfacet
  facet normal -0.980769 0.195173 0
    outer loop
      vertex 33.6421 4.06001 7.63073
      vertex 33.6855 4.2781 4.92911
      vertex 33.6421 4.06001 4.92911
    endloop
  endfacet
  facet normal -0.980769 0.195173 0
    outer loop
      vertex 33.6855 4.2781 4.92911
      vertex 33.6421 4.06001 7.63073
      vertex 33.6855 4.2781 7.63605
    endloop
  endfacet
  facet normal 0.946901 0.321525 0
    outer loop
      vertex 30.4294 3.84944 2.2291
      vertex 30.3579 4.06001 0
      vertex 30.3579 4.06001 2.2291
    endloop
  endfacet
  facet normal 0.946901 0.321525 0
    outer loop
      vertex 30.3579 4.06001 0
      vertex 30.4294 3.84944 2.2291
      vertex 30.4294 3.84944 0
    endloop
  endfacet
  facet normal 0.946901 0.321525 -0
    outer loop
      vertex 30.4294 3.84944 4.92911
      vertex 30.3579 4.06001 7.22748
      vertex 30.4294 3.84944 7.23626
    endloop
  endfacet
  facet normal 0.946901 0.321525 0
    outer loop
      vertex 30.3579 4.06001 7.22748
      vertex 30.4294 3.84944 4.92911
      vertex 30.3579 4.06001 4.92911
    endloop
  endfacet
  facet normal -0.442386 0.896825 0
    outer loop
      vertex 32.85 3.02776 0
      vertex 32.6506 2.9294 2.2291
      vertex 32.85 3.02776 2.2291
    endloop
  endfacet
  facet normal -0.442386 0.896825 0
    outer loop
      vertex 32.6506 2.9294 2.2291
      vertex 32.85 3.02776 0
      vertex 32.6506 2.9294 0
    endloop
  endfacet
  facet normal -0.442386 0.896825 0
    outer loop
      vertex 32.85 3.02776 4.92911
      vertex 32.6506 2.9294 7.50899
      vertex 32.85 3.02776 7.53347
    endloop
  endfacet
  facet normal -0.442386 0.896825 0
    outer loop
      vertex 32.6506 2.9294 7.50899
      vertex 32.85 3.02776 4.92911
      vertex 32.6506 2.9294 4.92911
    endloop
  endfacet
  facet normal -0.0653848 -0.99786 0
    outer loop
      vertex 32 6.2 0
      vertex 32.2219 6.18546 2.2291
      vertex 32 6.2 2.2291
    endloop
  endfacet
  facet normal -0.0653848 -0.99786 -0
    outer loop
      vertex 32.2219 6.18546 2.2291
      vertex 32 6.2 0
      vertex 32.2219 6.18546 0
    endloop
  endfacet
  facet normal -0.0653848 -0.99786 0
    outer loop
      vertex 32.2219 6.18546 4.92911
      vertex 32 6.2 7.42911
      vertex 32 6.2 4.92911
    endloop
  endfacet
  facet normal -0.0653848 -0.99786 0
    outer loop
      vertex 32 6.2 7.42911
      vertex 32.2219 6.18546 4.92911
      vertex 32.2219 6.18546 7.45635
    endloop
  endfacet
  facet normal 0.321403 -0.946943 0
    outer loop
      vertex 31.3494 6.07059 0
      vertex 31.56 6.14207 2.2291
      vertex 31.3494 6.07059 2.2291
    endloop
  endfacet
  facet normal 0.321403 -0.946943 0
    outer loop
      vertex 31.56 6.14207 2.2291
      vertex 31.3494 6.07059 0
      vertex 31.56 6.14207 0
    endloop
  endfacet
  facet normal 0.321403 -0.946943 0
    outer loop
      vertex 31.56 6.14207 4.92911
      vertex 31.3494 6.07059 7.34923
      vertex 31.3494 6.07059 4.92911
    endloop
  endfacet
  facet normal 0.321403 -0.946943 0
    outer loop
      vertex 31.3494 6.07059 7.34923
      vertex 31.56 6.14207 4.92911
      vertex 31.56 6.14207 7.37508
    endloop
  endfacet
  facet normal 0.195122 -0.980779 0
    outer loop
      vertex 31.56 6.14207 0
      vertex 31.7781 6.18546 2.2291
      vertex 31.56 6.14207 2.2291
    endloop
  endfacet
  facet normal 0.195122 -0.980779 0
    outer loop
      vertex 31.7781 6.18546 2.2291
      vertex 31.56 6.14207 0
      vertex 31.7781 6.18546 0
    endloop
  endfacet
  facet normal 0.195122 -0.980779 0
    outer loop
      vertex 31.7781 6.18546 4.92911
      vertex 31.56 6.14207 7.37508
      vertex 31.56 6.14207 4.92911
    endloop
  endfacet
  facet normal 0.195122 -0.980779 0
    outer loop
      vertex 31.56 6.14207 7.37508
      vertex 31.7781 6.18546 4.92911
      vertex 31.7781 6.18546 7.40186
    endloop
  endfacet
  facet normal -0.896789 -0.442459 0
    outer loop
      vertex 33.5706 5.15056 0
      vertex 33.4722 5.35 2.2291
      vertex 33.4722 5.35 0
    endloop
  endfacet
  facet normal -0.896789 -0.442459 0
    outer loop
      vertex 33.4722 5.35 2.2291
      vertex 33.5706 5.15056 0
      vertex 33.5706 5.15056 2.2291
    endloop
  endfacet
  facet normal -0.896789 -0.442459 0
    outer loop
      vertex 33.5706 5.15056 4.92911
      vertex 33.4722 5.35 7.60987
      vertex 33.4722 5.35 4.92911
    endloop
  endfacet
  facet normal -0.896789 -0.442459 0
    outer loop
      vertex 33.4722 5.35 7.60987
      vertex 33.5706 5.15056 4.92911
      vertex 33.5706 5.15056 7.62195
    endloop
  endfacet
  facet normal -0.997872 0.0652057 0
    outer loop
      vertex 33.6855 4.2781 0
      vertex 33.7 4.5 2.2291
      vertex 33.7 4.5 0
    endloop
  endfacet
  facet normal -0.997872 0.0652057 0
    outer loop
      vertex 33.7 4.5 2.2291
      vertex 33.6855 4.2781 0
      vertex 33.6855 4.2781 2.2291
    endloop
  endfacet
  facet normal -0.997872 0.0652057 0
    outer loop
      vertex 33.6855 4.2781 4.92911
      vertex 33.7 4.5 7.63784
      vertex 33.7 4.5 4.92911
    endloop
  endfacet
  facet normal -0.997872 0.0652057 0
    outer loop
      vertex 33.7 4.5 7.63784
      vertex 33.6855 4.2781 4.92911
      vertex 33.6855 4.2781 7.63605
    endloop
  endfacet
  facet normal -0.0653848 0.99786 0
    outer loop
      vertex 32.2219 2.81454 0
      vertex 32 2.8 2.2291
      vertex 32.2219 2.81454 2.2291
    endloop
  endfacet
  facet normal -0.0653848 0.99786 0
    outer loop
      vertex 32 2.8 2.2291
      vertex 32.2219 2.81454 0
      vertex 32 2.8 0
    endloop
  endfacet
  facet normal -0.0653848 0.99786 0
    outer loop
      vertex 32.2219 2.81454 4.92911
      vertex 32 2.8 7.42911
      vertex 32.2219 2.81454 7.45635
    endloop
  endfacet
  facet normal -0.0653848 0.99786 0
    outer loop
      vertex 32 2.8 7.42911
      vertex 32.2219 2.81454 4.92911
      vertex 32 2.8 4.92911
    endloop
  endfacet
  facet normal -0.751888 -0.659291 0
    outer loop
      vertex 33.3487 5.53489 0
      vertex 33.2021 5.70208 2.2291
      vertex 33.2021 5.70208 0
    endloop
  endfacet
  facet normal -0.751888 -0.659291 0
    outer loop
      vertex 33.2021 5.70208 2.2291
      vertex 33.3487 5.53489 0
      vertex 33.3487 5.53489 2.2291
    endloop
  endfacet
  facet normal -0.751888 -0.659291 0
    outer loop
      vertex 33.3487 5.53489 4.92911
      vertex 33.2021 5.70208 7.5767
      vertex 33.2021 5.70208 4.92911
    endloop
  endfacet
  facet normal -0.751888 -0.659291 0
    outer loop
      vertex 33.2021 5.70208 7.5767
      vertex 33.3487 5.53489 4.92911
      vertex 33.3487 5.53489 7.59471
    endloop
  endfacet
  facet normal 0.997872 0.0652057 0
    outer loop
      vertex 30.3145 4.2781 2.2291
      vertex 30.3 4.5 0
      vertex 30.3 4.5 2.2291
    endloop
  endfacet
  facet normal 0.997872 0.0652057 0
    outer loop
      vertex 30.3 4.5 0
      vertex 30.3145 4.2781 2.2291
      vertex 30.3145 4.2781 0
    endloop
  endfacet
  facet normal 0.997872 0.0652057 0
    outer loop
      vertex 30.3145 4.2781 7.22216
      vertex 30.3 4.5 4.92911
      vertex 30.3 4.5 7.22037
    endloop
  endfacet
  facet normal 0.997872 0.0652057 0
    outer loop
      vertex 30.3 4.5 4.92911
      vertex 30.3145 4.2781 7.22216
      vertex 30.3145 4.2781 4.92911
    endloop
  endfacet
  facet normal -0.751888 0.659291 0
    outer loop
      vertex 33.2021 3.29792 0
      vertex 33.3487 3.46511 2.2291
      vertex 33.3487 3.46511 0
    endloop
  endfacet
  facet normal -0.751888 0.659291 0
    outer loop
      vertex 33.3487 3.46511 2.2291
      vertex 33.2021 3.29792 0
      vertex 33.2021 3.29792 2.2291
    endloop
  endfacet
  facet normal -0.751888 0.659291 0
    outer loop
      vertex 33.2021 3.29792 7.5767
      vertex 33.3487 3.46511 4.92911
      vertex 33.2021 3.29792 4.92911
    endloop
  endfacet
  facet normal -0.751888 0.659291 0
    outer loop
      vertex 33.3487 3.46511 4.92911
      vertex 33.2021 3.29792 7.5767
      vertex 33.3487 3.46511 7.59471
    endloop
  endfacet
  facet normal 0.751888 -0.659291 0
    outer loop
      vertex 30.6513 5.53489 2.2291
      vertex 30.7979 5.70208 0
      vertex 30.7979 5.70208 2.2291
    endloop
  endfacet
  facet normal 0.751888 -0.659291 0
    outer loop
      vertex 30.7979 5.70208 0
      vertex 30.6513 5.53489 2.2291
      vertex 30.6513 5.53489 0
    endloop
  endfacet
  facet normal 0.751888 -0.659291 0
    outer loop
      vertex 30.6513 5.53489 7.26351
      vertex 30.7979 5.70208 4.92911
      vertex 30.7979 5.70208 7.28151
    endloop
  endfacet
  facet normal 0.751888 -0.659291 0
    outer loop
      vertex 30.7979 5.70208 4.92911
      vertex 30.6513 5.53489 7.26351
      vertex 30.6513 5.53489 4.92911
    endloop
  endfacet
  facet normal 0.831552 -0.555447 0
    outer loop
      vertex 30.5278 5.35 2.2291
      vertex 30.6513 5.53489 0
      vertex 30.6513 5.53489 2.2291
    endloop
  endfacet
  facet normal 0.831552 -0.555447 0
    outer loop
      vertex 30.6513 5.53489 0
      vertex 30.5278 5.35 2.2291
      vertex 30.5278 5.35 0
    endloop
  endfacet
  facet normal 0.831552 -0.555447 0
    outer loop
      vertex 30.5278 5.35 7.24834
      vertex 30.6513 5.53489 4.92911
      vertex 30.6513 5.53489 7.26351
    endloop
  endfacet
  facet normal 0.831552 -0.555447 0
    outer loop
      vertex 30.6513 5.53489 4.92911
      vertex 30.5278 5.35 7.24834
      vertex 30.5278 5.35 4.92911
    endloop
  endfacet
  facet normal 0.0653848 -0.99786 0
    outer loop
      vertex 31.7781 6.18546 0
      vertex 32 6.2 2.2291
      vertex 31.7781 6.18546 2.2291
    endloop
  endfacet
  facet normal 0.0653848 -0.99786 0
    outer loop
      vertex 32 6.2 2.2291
      vertex 31.7781 6.18546 0
      vertex 32 6.2 0
    endloop
  endfacet
  facet normal 0.0653848 -0.99786 0
    outer loop
      vertex 32 6.2 4.92911
      vertex 31.7781 6.18546 7.40186
      vertex 31.7781 6.18546 4.92911
    endloop
  endfacet
  facet normal 0.0653848 -0.99786 0
    outer loop
      vertex 31.7781 6.18546 7.40186
      vertex 32 6.2 4.92911
      vertex 32 6.2 7.42911
    endloop
  endfacet
  facet normal 0.980769 0.195173 0
    outer loop
      vertex 30.3579 4.06001 2.2291
      vertex 30.3145 4.2781 0
      vertex 30.3145 4.2781 2.2291
    endloop
  endfacet
  facet normal 0.980769 0.195173 0
    outer loop
      vertex 30.3145 4.2781 0
      vertex 30.3579 4.06001 2.2291
      vertex 30.3579 4.06001 0
    endloop
  endfacet
  facet normal 0.980769 0.195173 -0
    outer loop
      vertex 30.3579 4.06001 4.92911
      vertex 30.3145 4.2781 7.22216
      vertex 30.3579 4.06001 7.22748
    endloop
  endfacet
  facet normal 0.980769 0.195173 0
    outer loop
      vertex 30.3145 4.2781 7.22216
      vertex 30.3579 4.06001 4.92911
      vertex 30.3145 4.2781 4.92911
    endloop
  endfacet
  facet normal 0.321363 0.946956 -0
    outer loop
      vertex 31.56 2.85793 0
      vertex 31.3494 2.9294 2.2291
      vertex 31.56 2.85793 2.2291
    endloop
  endfacet
  facet normal 0.321363 0.946956 0
    outer loop
      vertex 31.3494 2.9294 2.2291
      vertex 31.56 2.85793 0
      vertex 31.3494 2.9294 0
    endloop
  endfacet
  facet normal 0.321363 0.946956 -0
    outer loop
      vertex 31.56 2.85793 4.92911
      vertex 31.3494 2.9294 7.34923
      vertex 31.56 2.85793 7.37508
    endloop
  endfacet
  facet normal 0.321363 0.946956 0
    outer loop
      vertex 31.3494 2.9294 7.34923
      vertex 31.56 2.85793 4.92911
      vertex 31.3494 2.9294 4.92911
    endloop
  endfacet
  facet normal -0.946901 -0.321525 0
    outer loop
      vertex 33.6421 4.93999 0
      vertex 33.5706 5.15056 2.2291
      vertex 33.5706 5.15056 0
    endloop
  endfacet
  facet normal -0.946901 -0.321525 0
    outer loop
      vertex 33.5706 5.15056 2.2291
      vertex 33.6421 4.93999 0
      vertex 33.6421 4.93999 2.2291
    endloop
  endfacet
  facet normal -0.946901 -0.321525 0
    outer loop
      vertex 33.6421 4.93999 4.92911
      vertex 33.5706 5.15056 7.62195
      vertex 33.5706 5.15056 4.92911
    endloop
  endfacet
  facet normal -0.946901 -0.321525 0
    outer loop
      vertex 33.5706 5.15056 7.62195
      vertex 33.6421 4.93999 4.92911
      vertex 33.6421 4.93999 7.63073
    endloop
  endfacet
  facet normal 0.442386 0.896825 -0
    outer loop
      vertex 31.3494 2.9294 0
      vertex 31.15 3.02776 2.2291
      vertex 31.3494 2.9294 2.2291
    endloop
  endfacet
  facet normal 0.442386 0.896825 0
    outer loop
      vertex 31.15 3.02776 2.2291
      vertex 31.3494 2.9294 0
      vertex 31.15 3.02776 0
    endloop
  endfacet
  facet normal 0.442386 0.896825 -0
    outer loop
      vertex 31.3494 2.9294 4.92911
      vertex 31.15 3.02776 7.32474
      vertex 31.3494 2.9294 7.34923
    endloop
  endfacet
  facet normal 0.442386 0.896825 0
    outer loop
      vertex 31.15 3.02776 7.32474
      vertex 31.3494 2.9294 4.92911
      vertex 31.15 3.02776 4.92911
    endloop
  endfacet
  facet normal 0.555551 0.831483 -0
    outer loop
      vertex 31.15 3.02776 0
      vertex 30.9651 3.1513 2.2291
      vertex 31.15 3.02776 2.2291
    endloop
  endfacet
  facet normal 0.555551 0.831483 0
    outer loop
      vertex 30.9651 3.1513 2.2291
      vertex 31.15 3.02776 0
      vertex 30.9651 3.1513 0
    endloop
  endfacet
  facet normal 0.555551 0.831483 -0
    outer loop
      vertex 31.15 3.02776 4.92911
      vertex 30.9651 3.1513 7.30204
      vertex 31.15 3.02776 7.32474
    endloop
  endfacet
  facet normal 0.555551 0.831483 0
    outer loop
      vertex 30.9651 3.1513 7.30204
      vertex 31.15 3.02776 4.92911
      vertex 30.9651 3.1513 4.92911
    endloop
  endfacet
  facet normal 0.0653848 0.99786 -0
    outer loop
      vertex 32 2.8 0
      vertex 31.7781 2.81454 2.2291
      vertex 32 2.8 2.2291
    endloop
  endfacet
  facet normal 0.0653848 0.99786 0
    outer loop
      vertex 31.7781 2.81454 2.2291
      vertex 32 2.8 0
      vertex 31.7781 2.81454 0
    endloop
  endfacet
  facet normal 0.0653848 0.99786 -0
    outer loop
      vertex 32 2.8 4.92911
      vertex 31.7781 2.81454 7.40186
      vertex 32 2.8 7.42911
    endloop
  endfacet
  facet normal 0.0653848 0.99786 0
    outer loop
      vertex 31.7781 2.81454 7.40186
      vertex 32 2.8 4.92911
      vertex 31.7781 2.81454 4.92911
    endloop
  endfacet
  facet normal 0.195122 0.980779 -0
    outer loop
      vertex 31.7781 2.81454 0
      vertex 31.56 2.85793 2.2291
      vertex 31.7781 2.81454 2.2291
    endloop
  endfacet
  facet normal 0.195122 0.980779 0
    outer loop
      vertex 31.56 2.85793 2.2291
      vertex 31.7781 2.81454 0
      vertex 31.56 2.85793 0
    endloop
  endfacet
  facet normal 0.195122 0.980779 -0
    outer loop
      vertex 31.7781 2.81454 4.92911
      vertex 31.56 2.85793 7.37508
      vertex 31.7781 2.81454 7.40186
    endloop
  endfacet
  facet normal 0.195122 0.980779 0
    outer loop
      vertex 31.56 2.85793 7.37508
      vertex 31.7781 2.81454 4.92911
      vertex 31.56 2.85793 4.92911
    endloop
  endfacet
  facet normal 0.896789 -0.442459 0
    outer loop
      vertex 30.4294 5.15056 2.2291
      vertex 30.5278 5.35 0
      vertex 30.5278 5.35 2.2291
    endloop
  endfacet
  facet normal 0.896789 -0.442459 0
    outer loop
      vertex 30.5278 5.35 0
      vertex 30.4294 5.15056 2.2291
      vertex 30.4294 5.15056 0
    endloop
  endfacet
  facet normal 0.896789 -0.442459 0
    outer loop
      vertex 30.4294 5.15056 7.23626
      vertex 30.5278 5.35 4.92911
      vertex 30.5278 5.35 7.24834
    endloop
  endfacet
  facet normal 0.896789 -0.442459 0
    outer loop
      vertex 30.5278 5.35 4.92911
      vertex 30.4294 5.15056 7.23626
      vertex 30.4294 5.15056 4.92911
    endloop
  endfacet
  facet normal 0.896789 0.442459 0
    outer loop
      vertex 30.5278 3.65 2.2291
      vertex 30.4294 3.84944 0
      vertex 30.4294 3.84944 2.2291
    endloop
  endfacet
  facet normal 0.896789 0.442459 0
    outer loop
      vertex 30.4294 3.84944 0
      vertex 30.5278 3.65 2.2291
      vertex 30.5278 3.65 0
    endloop
  endfacet
  facet normal 0.896789 0.442459 -0
    outer loop
      vertex 30.5278 3.65 4.92911
      vertex 30.4294 3.84944 7.23626
      vertex 30.5278 3.65 7.24834
    endloop
  endfacet
  facet normal 0.896789 0.442459 0
    outer loop
      vertex 30.4294 3.84944 7.23626
      vertex 30.5278 3.65 4.92911
      vertex 30.4294 3.84944 4.92911
    endloop
  endfacet
  facet normal 0.98077 -0.195165 0
    outer loop
      vertex 30.3145 4.72189 2.2291
      vertex 30.3579 4.93999 0
      vertex 30.3579 4.93999 2.2291
    endloop
  endfacet
  facet normal 0.98077 -0.195165 0
    outer loop
      vertex 30.3579 4.93999 0
      vertex 30.3145 4.72189 2.2291
      vertex 30.3145 4.72189 0
    endloop
  endfacet
  facet normal 0.98077 -0.195165 0
    outer loop
      vertex 30.3145 4.72189 7.22216
      vertex 30.3579 4.93999 4.92911
      vertex 30.3579 4.93999 7.22748
    endloop
  endfacet
  facet normal 0.98077 -0.195165 0
    outer loop
      vertex 30.3579 4.93999 4.92911
      vertex 30.3145 4.72189 7.22216
      vertex 30.3145 4.72189 4.92911
    endloop
  endfacet
  facet normal 0.946901 -0.321525 0
    outer loop
      vertex 30.3579 4.93999 2.2291
      vertex 30.4294 5.15056 0
      vertex 30.4294 5.15056 2.2291
    endloop
  endfacet
  facet normal 0.946901 -0.321525 0
    outer loop
      vertex 30.4294 5.15056 0
      vertex 30.3579 4.93999 2.2291
      vertex 30.3579 4.93999 0
    endloop
  endfacet
  facet normal 0.946901 -0.321525 0
    outer loop
      vertex 30.3579 4.93999 7.22748
      vertex 30.4294 5.15056 4.92911
      vertex 30.4294 5.15056 7.23626
    endloop
  endfacet
  facet normal 0.946901 -0.321525 0
    outer loop
      vertex 30.4294 5.15056 4.92911
      vertex 30.3579 4.93999 7.22748
      vertex 30.3579 4.93999 4.92911
    endloop
  endfacet
  facet normal -0.659319 0.751863 0
    outer loop
      vertex 33.2021 3.29792 0
      vertex 33.0349 3.1513 2.2291
      vertex 33.2021 3.29792 2.2291
    endloop
  endfacet
  facet normal -0.659319 0.751863 0
    outer loop
      vertex 33.0349 3.1513 2.2291
      vertex 33.2021 3.29792 0
      vertex 33.0349 3.1513 0
    endloop
  endfacet
  facet normal -0.659319 0.751863 0
    outer loop
      vertex 33.2021 3.29792 4.92911
      vertex 33.0349 3.1513 7.55618
      vertex 33.2021 3.29792 7.5767
    endloop
  endfacet
  facet normal -0.659319 0.751863 0
    outer loop
      vertex 33.0349 3.1513 7.55618
      vertex 33.2021 3.29792 4.92911
      vertex 33.0349 3.1513 4.92911
    endloop
  endfacet
  facet normal -1 0 0
    outer loop
      vertex 34.95 1.2 2.2291
      vertex 34.95 8 4.92911
      vertex 34.95 8 2.2291
    endloop
  endfacet
  facet normal -1 -0 0
    outer loop
      vertex 34.95 8 4.92911
      vertex 34.95 1.2 2.2291
      vertex 34.95 1.2 4.92911
    endloop
  endfacet
  facet normal 0 0 -1
    outer loop
      vertex 34.95 1.2 4.92911
      vertex 33.7 4.5 4.92911
      vertex 34.95 8 4.92911
    endloop
  endfacet
  facet normal 0 0 -1
    outer loop
      vertex 34.95 1.2 4.92911
      vertex 33.6855 4.2781 4.92911
      vertex 33.7 4.5 4.92911
    endloop
  endfacet
  facet normal 0 0 -1
    outer loop
      vertex 34.95 1.2 4.92911
      vertex 33.6421 4.06001 4.92911
      vertex 33.6855 4.2781 4.92911
    endloop
  endfacet
  facet normal 0 0 -1
    outer loop
      vertex 34.95 1.2 4.92911
      vertex 33.5706 3.84944 4.92911
      vertex 33.6421 4.06001 4.92911
    endloop
  endfacet
  facet normal 0 0 -1
    outer loop
      vertex 34.95 1.2 4.92911
      vertex 33.4722 3.65 4.92911
      vertex 33.5706 3.84944 4.92911
    endloop
  endfacet
  facet normal 0 0 -1
    outer loop
      vertex 34.95 1.2 4.92911
      vertex 33.3487 3.46511 4.92911
      vertex 33.4722 3.65 4.92911
    endloop
  endfacet
  facet normal 0 0 -1
    outer loop
      vertex 34.95 1.2 4.92911
      vertex 33.2021 3.29792 4.92911
      vertex 33.3487 3.46511 4.92911
    endloop
  endfacet
  facet normal 0 0 -1
    outer loop
      vertex 34.95 1.2 4.92911
      vertex 33.0349 3.1513 4.92911
      vertex 33.2021 3.29792 4.92911
    endloop
  endfacet
  facet normal 0 0 -1
    outer loop
      vertex 34.95 1.2 4.92911
      vertex 32.85 3.02776 4.92911
      vertex 33.0349 3.1513 4.92911
    endloop
  endfacet
  facet normal 0 0 -1
    outer loop
      vertex 34.95 1.2 4.92911
      vertex 32.6506 2.9294 4.92911
      vertex 32.85 3.02776 4.92911
    endloop
  endfacet
  facet normal 0 0 -1
    outer loop
      vertex 34.95 1.2 4.92911
      vertex 32.44 2.85793 4.92911
      vertex 32.6506 2.9294 4.92911
    endloop
  endfacet
  facet normal 0 0 -1
    outer loop
      vertex 34.95 1.2 4.92911
      vertex 32.2219 2.81454 4.92911
      vertex 32.44 2.85793 4.92911
    endloop
  endfacet
  facet normal 0 0 -1
    outer loop
      vertex 34.95 1.2 4.92911
      vertex 32 2.8 4.92911
      vertex 32.2219 2.81454 4.92911
    endloop
  endfacet
  facet normal 0 0 -1
    outer loop
      vertex 29.05 1.2 4.92911
      vertex 32 2.8 4.92911
      vertex 34.95 1.2 4.92911
    endloop
  endfacet
  facet normal -0 0 -1
    outer loop
      vertex 32 2.8 4.92911
      vertex 29.05 1.2 4.92911
      vertex 31.7781 2.81454 4.92911
    endloop
  endfacet
  facet normal -0 0 -1
    outer loop
      vertex 31.7781 2.81454 4.92911
      vertex 29.05 1.2 4.92911
      vertex 31.56 2.85793 4.92911
    endloop
  endfacet
  facet normal -0 0 -1
    outer loop
      vertex 30.3145 4.2781 4.92911
      vertex 29.05 1.2 4.92911
      vertex 30.3 4.5 4.92911
    endloop
  endfacet
  facet normal -0 0 -1
    outer loop
      vertex 30.3579 4.06001 4.92911
      vertex 29.05 1.2 4.92911
      vertex 30.3145 4.2781 4.92911
    endloop
  endfacet
  facet normal -0 0 -1
    outer loop
      vertex 30.4294 3.84944 4.92911
      vertex 29.05 1.2 4.92911
      vertex 30.3579 4.06001 4.92911
    endloop
  endfacet
  facet normal -0 0 -1
    outer loop
      vertex 30.5278 3.65 4.92911
      vertex 29.05 1.2 4.92911
      vertex 30.4294 3.84944 4.92911
    endloop
  endfacet
  facet normal -0 0 -1
    outer loop
      vertex 30.6513 3.46511 4.92911
      vertex 29.05 1.2 4.92911
      vertex 30.5278 3.65 4.92911
    endloop
  endfacet
  facet normal -0 0 -1
    outer loop
      vertex 30.7979 3.29792 4.92911
      vertex 29.05 1.2 4.92911
      vertex 30.6513 3.46511 4.92911
    endloop
  endfacet
  facet normal -0 0 -1
    outer loop
      vertex 30.9651 3.1513 4.92911
      vertex 29.05 1.2 4.92911
      vertex 30.7979 3.29792 4.92911
    endloop
  endfacet
  facet normal -0 0 -1
    outer loop
      vertex 31.15 3.02776 4.92911
      vertex 29.05 1.2 4.92911
      vertex 30.9651 3.1513 4.92911
    endloop
  endfacet
  facet normal -0 0 -1
    outer loop
      vertex 31.3494 2.9294 4.92911
      vertex 29.05 1.2 4.92911
      vertex 31.15 3.02776 4.92911
    endloop
  endfacet
  facet normal -0 0 -1
    outer loop
      vertex 31.56 2.85793 4.92911
      vertex 29.05 1.2 4.92911
      vertex 31.3494 2.9294 4.92911
    endloop
  endfacet
  facet normal 0 0 -1
    outer loop
      vertex 33.6855 4.72189 4.92911
      vertex 34.95 8 4.92911
      vertex 33.7 4.5 4.92911
    endloop
  endfacet
  facet normal 0 0 -1
    outer loop
      vertex 33.6421 4.93999 4.92911
      vertex 34.95 8 4.92911
      vertex 33.6855 4.72189 4.92911
    endloop
  endfacet
  facet normal 0 0 -1
    outer loop
      vertex 33.5706 5.15056 4.92911
      vertex 34.95 8 4.92911
      vertex 33.6421 4.93999 4.92911
    endloop
  endfacet
  facet normal 0 0 -1
    outer loop
      vertex 33.4722 5.35 4.92911
      vertex 34.95 8 4.92911
      vertex 33.5706 5.15056 4.92911
    endloop
  endfacet
  facet normal 0 0 -1
    outer loop
      vertex 33.3487 5.53489 4.92911
      vertex 34.95 8 4.92911
      vertex 33.4722 5.35 4.92911
    endloop
  endfacet
  facet normal 0 0 -1
    outer loop
      vertex 33.2021 5.70208 4.92911
      vertex 34.95 8 4.92911
      vertex 33.3487 5.53489 4.92911
    endloop
  endfacet
  facet normal 0 0 -1
    outer loop
      vertex 33.0349 5.8487 4.92911
      vertex 34.95 8 4.92911
      vertex 33.2021 5.70208 4.92911
    endloop
  endfacet
  facet normal 0 0 -1
    outer loop
      vertex 32.85 5.97224 4.92911
      vertex 34.95 8 4.92911
      vertex 33.0349 5.8487 4.92911
    endloop
  endfacet
  facet normal 0 0 -1
    outer loop
      vertex 32.6506 6.07059 4.92911
      vertex 34.95 8 4.92911
      vertex 32.85 5.97224 4.92911
    endloop
  endfacet
  facet normal 0 0 -1
    outer loop
      vertex 32.44 6.14207 4.92911
      vertex 34.95 8 4.92911
      vertex 32.6506 6.07059 4.92911
    endloop
  endfacet
  facet normal 0 0 -1
    outer loop
      vertex 32.2219 6.18546 4.92911
      vertex 34.95 8 4.92911
      vertex 32.44 6.14207 4.92911
    endloop
  endfacet
  facet normal 0 0 -1
    outer loop
      vertex 32 6.2 4.92911
      vertex 34.95 8 4.92911
      vertex 32.2219 6.18546 4.92911
    endloop
  endfacet
  facet normal 0 0 -1
    outer loop
      vertex 29.05 8 4.92911
      vertex 32 6.2 4.92911
      vertex 31.7781 6.18546 4.92911
    endloop
  endfacet
  facet normal 0 0 -1
    outer loop
      vertex 29.05 8 4.92911
      vertex 31.7781 6.18546 4.92911
      vertex 31.56 6.14207 4.92911
    endloop
  endfacet
  facet normal 0 0 -1
    outer loop
      vertex 29.05 8 4.92911
      vertex 31.56 6.14207 4.92911
      vertex 31.3494 6.07059 4.92911
    endloop
  endfacet
  facet normal 0 0 -1
    outer loop
      vertex 29.05 8 4.92911
      vertex 31.3494 6.07059 4.92911
      vertex 31.15 5.97224 4.92911
    endloop
  endfacet
  facet normal 0 0 -1
    outer loop
      vertex 29.05 8 4.92911
      vertex 30.3 4.5 4.92911
      vertex 29.05 1.2 4.92911
    endloop
  endfacet
  facet normal 0 0 -1
    outer loop
      vertex 30.3 4.5 4.92911
      vertex 29.05 8 4.92911
      vertex 30.3145 4.72189 4.92911
    endloop
  endfacet
  facet normal 0 0 -1
    outer loop
      vertex 30.3145 4.72189 4.92911
      vertex 29.05 8 4.92911
      vertex 30.3579 4.93999 4.92911
    endloop
  endfacet
  facet normal 0 0 -1
    outer loop
      vertex 32 6.2 4.92911
      vertex 29.05 8 4.92911
      vertex 34.95 8 4.92911
    endloop
  endfacet
  facet normal 0 0 -1
    outer loop
      vertex 30.9651 5.8487 4.92911
      vertex 29.05 8 4.92911
      vertex 31.15 5.97224 4.92911
    endloop
  endfacet
  facet normal 0 0 -1
    outer loop
      vertex 30.7979 5.70208 4.92911
      vertex 29.05 8 4.92911
      vertex 30.9651 5.8487 4.92911
    endloop
  endfacet
  facet normal 0 0 -1
    outer loop
      vertex 30.6513 5.53489 4.92911
      vertex 29.05 8 4.92911
      vertex 30.7979 5.70208 4.92911
    endloop
  endfacet
  facet normal 0 0 -1
    outer loop
      vertex 30.5278 5.35 4.92911
      vertex 29.05 8 4.92911
      vertex 30.6513 5.53489 4.92911
    endloop
  endfacet
  facet normal 0 0 -1
    outer loop
      vertex 30.4294 5.15056 4.92911
      vertex 29.05 8 4.92911
      vertex 30.5278 5.35 4.92911
    endloop
  endfacet
  facet normal 0 0 -1
    outer loop
      vertex 30.3579 4.93999 4.92911
      vertex 29.05 8 4.92911
      vertex 30.4294 5.15056 4.92911
    endloop
  endfacet
  facet normal 0 0 1
    outer loop
      vertex 34.95 8 2.2291
      vertex 33.7 4.5 2.2291
      vertex 34.95 1.2 2.2291
    endloop
  endfacet
  facet normal 0 0 1
    outer loop
      vertex 34.95 8 2.2291
      vertex 33.6855 4.72189 2.2291
      vertex 33.7 4.5 2.2291
    endloop
  endfacet
  facet normal 0 0 1
    outer loop
      vertex 34.95 8 2.2291
      vertex 33.6421 4.93999 2.2291
      vertex 33.6855 4.72189 2.2291
    endloop
  endfacet
  facet normal 0 0 1
    outer loop
      vertex 34.95 8 2.2291
      vertex 33.5706 5.15056 2.2291
      vertex 33.6421 4.93999 2.2291
    endloop
  endfacet
  facet normal 0 0 1
    outer loop
      vertex 34.95 8 2.2291
      vertex 33.4722 5.35 2.2291
      vertex 33.5706 5.15056 2.2291
    endloop
  endfacet
  facet normal 0 0 1
    outer loop
      vertex 34.95 8 2.2291
      vertex 33.3487 5.53489 2.2291
      vertex 33.4722 5.35 2.2291
    endloop
  endfacet
  facet normal 0 0 1
    outer loop
      vertex 34.95 8 2.2291
      vertex 33.2021 5.70208 2.2291
      vertex 33.3487 5.53489 2.2291
    endloop
  endfacet
  facet normal 0 0 1
    outer loop
      vertex 34.95 8 2.2291
      vertex 33.0349 5.8487 2.2291
      vertex 33.2021 5.70208 2.2291
    endloop
  endfacet
  facet normal 0 0 1
    outer loop
      vertex 34.95 8 2.2291
      vertex 32.85 5.97224 2.2291
      vertex 33.0349 5.8487 2.2291
    endloop
  endfacet
  facet normal 0 0 1
    outer loop
      vertex 34.95 8 2.2291
      vertex 32.6506 6.07059 2.2291
      vertex 32.85 5.97224 2.2291
    endloop
  endfacet
  facet normal 0 0 1
    outer loop
      vertex 34.95 8 2.2291
      vertex 32.44 6.14207 2.2291
      vertex 32.6506 6.07059 2.2291
    endloop
  endfacet
  facet normal 0 0 1
    outer loop
      vertex 34.95 8 2.2291
      vertex 32.2219 6.18546 2.2291
      vertex 32.44 6.14207 2.2291
    endloop
  endfacet
  facet normal 0 0 1
    outer loop
      vertex 34.95 8 2.2291
      vertex 32 6.2 2.2291
      vertex 32.2219 6.18546 2.2291
    endloop
  endfacet
  facet normal -0 0 1
    outer loop
      vertex 29.05 8 2.2291
      vertex 32 6.2 2.2291
      vertex 34.95 8 2.2291
    endloop
  endfacet
  facet normal 0 0 1
    outer loop
      vertex 32 6.2 2.2291
      vertex 29.05 8 2.2291
      vertex 31.7781 6.18546 2.2291
    endloop
  endfacet
  facet normal 0 0 1
    outer loop
      vertex 31.7781 6.18546 2.2291
      vertex 29.05 8 2.2291
      vertex 31.56 6.14207 2.2291
    endloop
  endfacet
  facet normal 0 0 1
    outer loop
      vertex 31.56 6.14207 2.2291
      vertex 29.05 8 2.2291
      vertex 31.3494 6.07059 2.2291
    endloop
  endfacet
  facet normal 0 0 1
    outer loop
      vertex 30.3145 4.72189 2.2291
      vertex 29.05 8 2.2291
      vertex 30.3 4.5 2.2291
    endloop
  endfacet
  facet normal 0 0 1
    outer loop
      vertex 30.3579 4.93999 2.2291
      vertex 29.05 8 2.2291
      vertex 30.3145 4.72189 2.2291
    endloop
  endfacet
  facet normal 0 0 1
    outer loop
      vertex 30.4294 5.15056 2.2291
      vertex 29.05 8 2.2291
      vertex 30.3579 4.93999 2.2291
    endloop
  endfacet
  facet normal 0 0 1
    outer loop
      vertex 30.5278 5.35 2.2291
      vertex 29.05 8 2.2291
      vertex 30.4294 5.15056 2.2291
    endloop
  endfacet
  facet normal 0 0 1
    outer loop
      vertex 30.6513 5.53489 2.2291
      vertex 29.05 8 2.2291
      vertex 30.5278 5.35 2.2291
    endloop
  endfacet
  facet normal 0 0 1
    outer loop
      vertex 30.7979 5.70208 2.2291
      vertex 29.05 8 2.2291
      vertex 30.6513 5.53489 2.2291
    endloop
  endfacet
  facet normal 0 0 1
    outer loop
      vertex 30.9651 5.8487 2.2291
      vertex 29.05 8 2.2291
      vertex 30.7979 5.70208 2.2291
    endloop
  endfacet
  facet normal 0 0 1
    outer loop
      vertex 31.15 5.97224 2.2291
      vertex 29.05 8 2.2291
      vertex 30.9651 5.8487 2.2291
    endloop
  endfacet
  facet normal 0 0 1
    outer loop
      vertex 31.3494 6.07059 2.2291
      vertex 29.05 8 2.2291
      vertex 31.15 5.97224 2.2291
    endloop
  endfacet
  facet normal -0 0 1
    outer loop
      vertex 33.6855 4.2781 2.2291
      vertex 34.95 1.2 2.2291
      vertex 33.7 4.5 2.2291
    endloop
  endfacet
  facet normal -0 0 1
    outer loop
      vertex 33.6421 4.06001 2.2291
      vertex 34.95 1.2 2.2291
      vertex 33.6855 4.2781 2.2291
    endloop
  endfacet
  facet normal -0 0 1
    outer loop
      vertex 33.5706 3.84944 2.2291
      vertex 34.95 1.2 2.2291
      vertex 33.6421 4.06001 2.2291
    endloop
  endfacet
  facet normal -0 0 1
    outer loop
      vertex 33.4722 3.65 2.2291
      vertex 34.95 1.2 2.2291
      vertex 33.5706 3.84944 2.2291
    endloop
  endfacet
  facet normal -0 0 1
    outer loop
      vertex 33.3487 3.46511 2.2291
      vertex 34.95 1.2 2.2291
      vertex 33.4722 3.65 2.2291
    endloop
  endfacet
  facet normal -0 0 1
    outer loop
      vertex 33.2021 3.29792 2.2291
      vertex 34.95 1.2 2.2291
      vertex 33.3487 3.46511 2.2291
    endloop
  endfacet
  facet normal -0 0 1
    outer loop
      vertex 33.0349 3.1513 2.2291
      vertex 34.95 1.2 2.2291
      vertex 33.2021 3.29792 2.2291
    endloop
  endfacet
  facet normal -0 0 1
    outer loop
      vertex 32.85 3.02776 2.2291
      vertex 34.95 1.2 2.2291
      vertex 33.0349 3.1513 2.2291
    endloop
  endfacet
  facet normal -0 0 1
    outer loop
      vertex 32.6506 2.9294 2.2291
      vertex 34.95 1.2 2.2291
      vertex 32.85 3.02776 2.2291
    endloop
  endfacet
  facet normal -0 0 1
    outer loop
      vertex 32.44 2.85793 2.2291
      vertex 34.95 1.2 2.2291
      vertex 32.6506 2.9294 2.2291
    endloop
  endfacet
  facet normal -0 0 1
    outer loop
      vertex 32.2219 2.81454 2.2291
      vertex 34.95 1.2 2.2291
      vertex 32.44 2.85793 2.2291
    endloop
  endfacet
  facet normal -0 0 1
    outer loop
      vertex 32 2.8 2.2291
      vertex 34.95 1.2 2.2291
      vertex 32.2219 2.81454 2.2291
    endloop
  endfacet
  facet normal 0 0 1
    outer loop
      vertex 29.05 1.2 2.2291
      vertex 32 2.8 2.2291
      vertex 31.7781 2.81454 2.2291
    endloop
  endfacet
  facet normal 0 0 1
    outer loop
      vertex 29.05 1.2 2.2291
      vertex 31.7781 2.81454 2.2291
      vertex 31.56 2.85793 2.2291
    endloop
  endfacet
  facet normal 0 0 1
    outer loop
      vertex 29.05 1.2 2.2291
      vertex 31.56 2.85793 2.2291
      vertex 31.3494 2.9294 2.2291
    endloop
  endfacet
  facet normal 0 0 1
    outer loop
      vertex 29.05 1.2 2.2291
      vertex 30.3 4.5 2.2291
      vertex 29.05 8 2.2291
    endloop
  endfacet
  facet normal 0 0 1
    outer loop
      vertex 30.3 4.5 2.2291
      vertex 29.05 1.2 2.2291
      vertex 30.3145 4.2781 2.2291
    endloop
  endfacet
  facet normal 0 0 1
    outer loop
      vertex 32 2.8 2.2291
      vertex 29.05 1.2 2.2291
      vertex 34.95 1.2 2.2291
    endloop
  endfacet
  facet normal 0 0 1
    outer loop
      vertex 31.15 3.02776 2.2291
      vertex 29.05 1.2 2.2291
      vertex 31.3494 2.9294 2.2291
    endloop
  endfacet
  facet normal 0 0 1
    outer loop
      vertex 30.9651 3.1513 2.2291
      vertex 29.05 1.2 2.2291
      vertex 31.15 3.02776 2.2291
    endloop
  endfacet
  facet normal 0 0 1
    outer loop
      vertex 30.7979 3.29792 2.2291
      vertex 29.05 1.2 2.2291
      vertex 30.9651 3.1513 2.2291
    endloop
  endfacet
  facet normal 0 0 1
    outer loop
      vertex 30.6513 3.46511 2.2291
      vertex 29.05 1.2 2.2291
      vertex 30.7979 3.29792 2.2291
    endloop
  endfacet
  facet normal 0 0 1
    outer loop
      vertex 30.5278 3.65 2.2291
      vertex 29.05 1.2 2.2291
      vertex 30.6513 3.46511 2.2291
    endloop
  endfacet
  facet normal 0 0 1
    outer loop
      vertex 30.4294 3.84944 2.2291
      vertex 29.05 1.2 2.2291
      vertex 30.5278 3.65 2.2291
    endloop
  endfacet
  facet normal 0 0 1
    outer loop
      vertex 30.3579 4.06001 2.2291
      vertex 29.05 1.2 2.2291
      vertex 30.4294 3.84944 2.2291
    endloop
  endfacet
  facet normal 0 0 1
    outer loop
      vertex 30.3145 4.2781 2.2291
      vertex 29.05 1.2 2.2291
      vertex 30.3579 4.06001 2.2291
    endloop
  endfacet
  facet normal 1 -0 0
    outer loop
      vertex 29.05 1.2 4.92911
      vertex 29.05 8 2.2291
      vertex 29.05 8 4.92911
    endloop
  endfacet
  facet normal 1 0 0
    outer loop
      vertex 29.05 8 2.2291
      vertex 29.05 1.2 4.92911
      vertex 29.05 1.2 2.2291
    endloop
  endfacet
  facet normal 0 1 -0
    outer loop
      vertex 34.95 1.2 2.2291
      vertex 29.05 1.2 4.92911
      vertex 34.95 1.2 4.92911
    endloop
  endfacet
  facet normal 0 1 0
    outer loop
      vertex 29.05 1.2 4.92911
      vertex 34.95 1.2 2.2291
      vertex 29.05 1.2 2.2291
    endloop
  endfacet
  facet normal -0.98077 -0.195165 0
    outer loop
      vertex 42.6855 4.72189 0
      vertex 42.6421 4.93999 3.33417
      vertex 42.6421 4.93999 0
    endloop
  endfacet
  facet normal -0.98077 -0.195165 0
    outer loop
      vertex 42.6421 4.93999 3.33417
      vertex 42.6855 4.72189 0
      vertex 42.6855 4.72189 3.33417
    endloop
  endfacet
  facet normal -0.98077 -0.195165 0
    outer loop
      vertex 42.6855 4.72189 6.03417
      vertex 42.6421 4.93999 8.73579
      vertex 42.6421 4.93999 6.03417
    endloop
  endfacet
  facet normal -0.98077 -0.195165 0
    outer loop
      vertex 42.6421 4.93999 8.73579
      vertex 42.6855 4.72189 6.03417
      vertex 42.6855 4.72189 8.74112
    endloop
  endfacet
  facet normal -0.997872 -0.0652086 0
    outer loop
      vertex 42.7 4.5 0
      vertex 42.6855 4.72189 3.33417
      vertex 42.6855 4.72189 0
    endloop
  endfacet
  facet normal -0.997872 -0.0652086 0
    outer loop
      vertex 42.6855 4.72189 3.33417
      vertex 42.7 4.5 0
      vertex 42.7 4.5 3.33417
    endloop
  endfacet
  facet normal -0.997872 -0.0652086 0
    outer loop
      vertex 42.7 4.5 6.03417
      vertex 42.6855 4.72189 8.74112
      vertex 42.6855 4.72189 6.03417
    endloop
  endfacet
  facet normal -0.997872 -0.0652086 0
    outer loop
      vertex 42.6855 4.72189 8.74112
      vertex 42.7 4.5 6.03417
      vertex 42.7 4.5 8.7429
    endloop
  endfacet
  facet normal 0.442349 -0.896843 0
    outer loop
      vertex 40.15 5.97224 0
      vertex 40.3494 6.07059 3.33417
      vertex 40.15 5.97224 3.33417
    endloop
  endfacet
  facet normal 0.442349 -0.896843 0
    outer loop
      vertex 40.3494 6.07059 3.33417
      vertex 40.15 5.97224 0
      vertex 40.3494 6.07059 0
    endloop
  endfacet
  facet normal 0.442349 -0.896843 0
    outer loop
      vertex 40.3494 6.07059 6.03417
      vertex 40.15 5.97224 8.4298
      vertex 40.15 5.97224 6.03417
    endloop
  endfacet
  facet normal 0.442349 -0.896843 0
    outer loop
      vertex 40.15 5.97224 8.4298
      vertex 40.3494 6.07059 6.03417
      vertex 40.3494 6.07059 8.45429
    endloop
  endfacet
  facet normal -0.555551 -0.831483 0
    outer loop
      vertex 41.85 5.97224 0
      vertex 42.0349 5.8487 3.33417
      vertex 41.85 5.97224 3.33417
    endloop
  endfacet
  facet normal -0.555551 -0.831483 -0
    outer loop
      vertex 42.0349 5.8487 3.33417
      vertex 41.85 5.97224 0
      vertex 42.0349 5.8487 0
    endloop
  endfacet
  facet normal -0.555551 -0.831483 0
    outer loop
      vertex 42.0349 5.8487 6.03417
      vertex 41.85 5.97224 8.63853
      vertex 41.85 5.97224 6.03417
    endloop
  endfacet
  facet normal -0.555551 -0.831483 0
    outer loop
      vertex 41.85 5.97224 8.63853
      vertex 42.0349 5.8487 6.03417
      vertex 42.0349 5.8487 8.66124
    endloop
  endfacet
  facet normal 0.659319 -0.751863 0
    outer loop
      vertex 39.7979 5.70208 0
      vertex 39.9651 5.8487 3.33417
      vertex 39.7979 5.70208 3.33417
    endloop
  endfacet
  facet normal 0.659319 -0.751863 0
    outer loop
      vertex 39.9651 5.8487 3.33417
      vertex 39.7979 5.70208 0
      vertex 39.9651 5.8487 0
    endloop
  endfacet
  facet normal 0.659319 -0.751863 0
    outer loop
      vertex 39.9651 5.8487 6.03417
      vertex 39.7979 5.70208 8.38657
      vertex 39.7979 5.70208 6.03417
    endloop
  endfacet
  facet normal 0.659319 -0.751863 0
    outer loop
      vertex 39.7979 5.70208 8.38657
      vertex 39.9651 5.8487 6.03417
      vertex 39.9651 5.8487 8.4071
    endloop
  endfacet
  facet normal -0.321363 0.946956 0
    outer loop
      vertex 41.6506 2.9294 0
      vertex 41.44 2.85793 3.33417
      vertex 41.6506 2.9294 3.33417
    endloop
  endfacet
  facet normal -0.321363 0.946956 0
    outer loop
      vertex 41.44 2.85793 3.33417
      vertex 41.6506 2.9294 0
      vertex 41.44 2.85793 0
    endloop
  endfacet
  facet normal -0.321363 0.946956 0
    outer loop
      vertex 41.6506 2.9294 6.03417
      vertex 41.44 2.85793 8.58819
      vertex 41.6506 2.9294 8.61405
    endloop
  endfacet
  facet normal -0.321363 0.946956 0
    outer loop
      vertex 41.44 2.85793 8.58819
      vertex 41.6506 2.9294 6.03417
      vertex 41.44 2.85793 6.03417
    endloop
  endfacet
  facet normal -0.946901 0.321525 0
    outer loop
      vertex 42.5706 3.84944 0
      vertex 42.6421 4.06001 3.33417
      vertex 42.6421 4.06001 0
    endloop
  endfacet
  facet normal -0.946901 0.321525 0
    outer loop
      vertex 42.6421 4.06001 3.33417
      vertex 42.5706 3.84944 0
      vertex 42.5706 3.84944 3.33417
    endloop
  endfacet
  facet normal -0.946901 0.321525 0
    outer loop
      vertex 42.5706 3.84944 8.72701
      vertex 42.6421 4.06001 6.03417
      vertex 42.5706 3.84944 6.03417
    endloop
  endfacet
  facet normal -0.946901 0.321525 0
    outer loop
      vertex 42.6421 4.06001 6.03417
      vertex 42.5706 3.84944 8.72701
      vertex 42.6421 4.06001 8.73579
    endloop
  endfacet
  facet normal -0.321403 -0.946943 0
    outer loop
      vertex 41.44 6.14207 0
      vertex 41.6506 6.07059 3.33417
      vertex 41.44 6.14207 3.33417
    endloop
  endfacet
  facet normal -0.321403 -0.946943 -0
    outer loop
      vertex 41.6506 6.07059 3.33417
      vertex 41.44 6.14207 0
      vertex 41.6506 6.07059 0
    endloop
  endfacet
  facet normal -0.321403 -0.946943 0
    outer loop
      vertex 41.6506 6.07059 6.03417
      vertex 41.44 6.14207 8.58819
      vertex 41.44 6.14207 6.03417
    endloop
  endfacet
  facet normal -0.321403 -0.946943 0
    outer loop
      vertex 41.44 6.14207 8.58819
      vertex 41.6506 6.07059 6.03417
      vertex 41.6506 6.07059 8.61405
    endloop
  endfacet
  facet normal -0.195122 -0.980779 0
    outer loop
      vertex 41.2219 6.18546 0
      vertex 41.44 6.14207 3.33417
      vertex 41.2219 6.18546 3.33417
    endloop
  endfacet
  facet normal -0.195122 -0.980779 -0
    outer loop
      vertex 41.44 6.14207 3.33417
      vertex 41.2219 6.18546 0
      vertex 41.44 6.14207 0
    endloop
  endfacet
  facet normal -0.195122 -0.980779 0
    outer loop
      vertex 41.44 6.14207 6.03417
      vertex 41.2219 6.18546 8.56141
      vertex 41.2219 6.18546 6.03417
    endloop
  endfacet
  facet normal -0.195122 -0.980779 0
    outer loop
      vertex 41.2219 6.18546 8.56141
      vertex 41.44 6.14207 6.03417
      vertex 41.44 6.14207 8.58819
    endloop
  endfacet
  facet normal 0.555551 -0.831483 0
    outer loop
      vertex 39.9651 5.8487 0
      vertex 40.15 5.97224 3.33417
      vertex 39.9651 5.8487 3.33417
    endloop
  endfacet
  facet normal 0.555551 -0.831483 0
    outer loop
      vertex 40.15 5.97224 3.33417
      vertex 39.9651 5.8487 0
      vertex 40.15 5.97224 0
    endloop
  endfacet
  facet normal 0.555551 -0.831483 0
    outer loop
      vertex 40.15 5.97224 6.03417
      vertex 39.9651 5.8487 8.4071
      vertex 39.9651 5.8487 6.03417
    endloop
  endfacet
  facet normal 0.555551 -0.831483 0
    outer loop
      vertex 39.9651 5.8487 8.4071
      vertex 40.15 5.97224 6.03417
      vertex 40.15 5.97224 8.4298
    endloop
  endfacet
  facet normal -0.896789 0.442459 0
    outer loop
      vertex 42.4722 3.65 0
      vertex 42.5706 3.84944 3.33417
      vertex 42.5706 3.84944 0
    endloop
  endfacet
  facet normal -0.896789 0.442459 0
    outer loop
      vertex 42.5706 3.84944 3.33417
      vertex 42.4722 3.65 0
      vertex 42.4722 3.65 3.33417
    endloop
  endfacet
  facet normal -0.896789 0.442459 0
    outer loop
      vertex 42.4722 3.65 8.71494
      vertex 42.5706 3.84944 6.03417
      vertex 42.4722 3.65 6.03417
    endloop
  endfacet
  facet normal -0.896789 0.442459 0
    outer loop
      vertex 42.5706 3.84944 6.03417
      vertex 42.4722 3.65 8.71494
      vertex 42.5706 3.84944 8.72701
    endloop
  endfacet
  facet normal -0.659319 -0.751863 0
    outer loop
      vertex 42.0349 5.8487 0
      vertex 42.2021 5.70208 3.33417
      vertex 42.0349 5.8487 3.33417
    endloop
  endfacet
  facet normal -0.659319 -0.751863 -0
    outer loop
      vertex 42.2021 5.70208 3.33417
      vertex 42.0349 5.8487 0
      vertex 42.2021 5.70208 0
    endloop
  endfacet
  facet normal -0.659319 -0.751863 0
    outer loop
      vertex 42.2021 5.70208 6.03417
      vertex 42.0349 5.8487 8.66124
      vertex 42.0349 5.8487 6.03417
    endloop
  endfacet
  facet normal -0.659319 -0.751863 0
    outer loop
      vertex 42.0349 5.8487 8.66124
      vertex 42.2021 5.70208 6.03417
      vertex 42.2021 5.70208 8.68176
    endloop
  endfacet
  facet normal -0.555551 0.831483 0
    outer loop
      vertex 42.0349 3.1513 0
      vertex 41.85 3.02776 3.33417
      vertex 42.0349 3.1513 3.33417
    endloop
  endfacet
  facet normal -0.555551 0.831483 0
    outer loop
      vertex 41.85 3.02776 3.33417
      vertex 42.0349 3.1513 0
      vertex 41.85 3.02776 0
    endloop
  endfacet
  facet normal -0.555551 0.831483 0
    outer loop
      vertex 42.0349 3.1513 6.03417
      vertex 41.85 3.02776 8.63853
      vertex 42.0349 3.1513 8.66124
    endloop
  endfacet
  facet normal -0.555551 0.831483 0
    outer loop
      vertex 41.85 3.02776 8.63853
      vertex 42.0349 3.1513 6.03417
      vertex 41.85 3.02776 6.03417
    endloop
  endfacet
  facet normal -0.442349 -0.896843 0
    outer loop
      vertex 41.6506 6.07059 0
      vertex 41.85 5.97224 3.33417
      vertex 41.6506 6.07059 3.33417
    endloop
  endfacet
  facet normal -0.442349 -0.896843 -0
    outer loop
      vertex 41.85 5.97224 3.33417
      vertex 41.6506 6.07059 0
      vertex 41.85 5.97224 0
    endloop
  endfacet
  facet normal -0.442349 -0.896843 0
    outer loop
      vertex 41.85 5.97224 6.03417
      vertex 41.6506 6.07059 8.61405
      vertex 41.6506 6.07059 6.03417
    endloop
  endfacet
  facet normal -0.442349 -0.896843 0
    outer loop
      vertex 41.6506 6.07059 8.61405
      vertex 41.85 5.97224 6.03417
      vertex 41.85 5.97224 8.63853
    endloop
  endfacet
  facet normal 0.659319 0.751863 -0
    outer loop
      vertex 39.9651 3.1513 0
      vertex 39.7979 3.29792 3.33417
      vertex 39.9651 3.1513 3.33417
    endloop
  endfacet
  facet normal 0.659319 0.751863 0
    outer loop
      vertex 39.7979 3.29792 3.33417
      vertex 39.9651 3.1513 0
      vertex 39.7979 3.29792 0
    endloop
  endfacet
  facet normal 0.659319 0.751863 -0
    outer loop
      vertex 39.9651 3.1513 6.03417
      vertex 39.7979 3.29792 8.38657
      vertex 39.9651 3.1513 8.4071
    endloop
  endfacet
  facet normal 0.659319 0.751863 0
    outer loop
      vertex 39.7979 3.29792 8.38657
      vertex 39.9651 3.1513 6.03417
      vertex 39.7979 3.29792 6.03417
    endloop
  endfacet
  facet normal 0.751888 0.659291 0
    outer loop
      vertex 39.7979 3.29792 3.33417
      vertex 39.6513 3.46511 0
      vertex 39.6513 3.46511 3.33417
    endloop
  endfacet
  facet normal 0.751888 0.659291 0
    outer loop
      vertex 39.6513 3.46511 0
      vertex 39.7979 3.29792 3.33417
      vertex 39.7979 3.29792 0
    endloop
  endfacet
  facet normal 0.751888 0.659291 -0
    outer loop
      vertex 39.7979 3.29792 6.03417
      vertex 39.6513 3.46511 8.36857
      vertex 39.7979 3.29792 8.38657
    endloop
  endfacet
  facet normal 0.751888 0.659291 0
    outer loop
      vertex 39.6513 3.46511 8.36857
      vertex 39.7979 3.29792 6.03417
      vertex 39.6513 3.46511 6.03417
    endloop
  endfacet
  facet normal 0.831552 0.555447 0
    outer loop
      vertex 39.6513 3.46511 3.33417
      vertex 39.5278 3.65 0
      vertex 39.5278 3.65 3.33417
    endloop
  endfacet
  facet normal 0.831552 0.555447 0
    outer loop
      vertex 39.5278 3.65 0
      vertex 39.6513 3.46511 3.33417
      vertex 39.6513 3.46511 0
    endloop
  endfacet
  facet normal 0.831552 0.555447 -0
    outer loop
      vertex 39.6513 3.46511 6.03417
      vertex 39.5278 3.65 8.3534
      vertex 39.6513 3.46511 8.36857
    endloop
  endfacet
  facet normal 0.831552 0.555447 0
    outer loop
      vertex 39.5278 3.65 8.3534
      vertex 39.6513 3.46511 6.03417
      vertex 39.5278 3.65 6.03417
    endloop
  endfacet
  facet normal -0.831552 -0.555447 0
    outer loop
      vertex 42.4722 5.35 0
      vertex 42.3487 5.53489 3.33417
      vertex 42.3487 5.53489 0
    endloop
  endfacet
  facet normal -0.831552 -0.555447 0
    outer loop
      vertex 42.3487 5.53489 3.33417
      vertex 42.4722 5.35 0
      vertex 42.4722 5.35 3.33417
    endloop
  endfacet
  facet normal -0.831552 -0.555447 0
    outer loop
      vertex 42.4722 5.35 6.03417
      vertex 42.3487 5.53489 8.69977
      vertex 42.3487 5.53489 6.03417
    endloop
  endfacet
  facet normal -0.831552 -0.555447 0
    outer loop
      vertex 42.3487 5.53489 8.69977
      vertex 42.4722 5.35 6.03417
      vertex 42.4722 5.35 8.71494
    endloop
  endfacet
  facet normal -0.195122 0.980779 0
    outer loop
      vertex 41.44 2.85793 0
      vertex 41.2219 2.81454 3.33417
      vertex 41.44 2.85793 3.33417
    endloop
  endfacet
  facet normal -0.195122 0.980779 0
    outer loop
      vertex 41.2219 2.81454 3.33417
      vertex 41.44 2.85793 0
      vertex 41.2219 2.81454 0
    endloop
  endfacet
  facet normal -0.195122 0.980779 0
    outer loop
      vertex 41.44 2.85793 6.03417
      vertex 41.2219 2.81454 8.56141
      vertex 41.44 2.85793 8.58819
    endloop
  endfacet
  facet normal -0.195122 0.980779 0
    outer loop
      vertex 41.2219 2.81454 8.56141
      vertex 41.44 2.85793 6.03417
      vertex 41.2219 2.81454 6.03417
    endloop
  endfacet
  facet normal -0.980769 0.195173 0
    outer loop
      vertex 42.6421 4.06001 0
      vertex 42.6855 4.2781 3.33417
      vertex 42.6855 4.2781 0
    endloop
  endfacet
  facet normal -0.980769 0.195173 0
    outer loop
      vertex 42.6855 4.2781 3.33417
      vertex 42.6421 4.06001 0
      vertex 42.6421 4.06001 3.33417
    endloop
  endfacet
  facet normal -0.980769 0.195173 0
    outer loop
      vertex 42.6421 4.06001 8.73579
      vertex 42.6855 4.2781 6.03417
      vertex 42.6421 4.06001 6.03417
    endloop
  endfacet
  facet normal -0.980769 0.195173 0
    outer loop
      vertex 42.6855 4.2781 6.03417
      vertex 42.6421 4.06001 8.73579
      vertex 42.6855 4.2781 8.74112
    endloop
  endfacet
  facet normal 0.946901 0.321525 0
    outer loop
      vertex 39.4294 3.84944 3.33417
      vertex 39.3579 4.06001 0
      vertex 39.3579 4.06001 3.33417
    endloop
  endfacet
  facet normal 0.946901 0.321525 0
    outer loop
      vertex 39.3579 4.06001 0
      vertex 39.4294 3.84944 3.33417
      vertex 39.4294 3.84944 0
    endloop
  endfacet
  facet normal 0.946901 0.321525 -0
    outer loop
      vertex 39.4294 3.84944 6.03417
      vertex 39.3579 4.06001 8.33255
      vertex 39.4294 3.84944 8.34132
    endloop
  endfacet
  facet normal 0.946901 0.321525 0
    outer loop
      vertex 39.3579 4.06001 8.33255
      vertex 39.4294 3.84944 6.03417
      vertex 39.3579 4.06001 6.03417
    endloop
  endfacet
  facet normal -0.442386 0.896825 0
    outer loop
      vertex 41.85 3.02776 0
      vertex 41.6506 2.9294 3.33417
      vertex 41.85 3.02776 3.33417
    endloop
  endfacet
  facet normal -0.442386 0.896825 0
    outer loop
      vertex 41.6506 2.9294 3.33417
      vertex 41.85 3.02776 0
      vertex 41.6506 2.9294 0
    endloop
  endfacet
  facet normal -0.442386 0.896825 0
    outer loop
      vertex 41.85 3.02776 6.03417
      vertex 41.6506 2.9294 8.61405
      vertex 41.85 3.02776 8.63853
    endloop
  endfacet
  facet normal -0.442386 0.896825 0
    outer loop
      vertex 41.6506 2.9294 8.61405
      vertex 41.85 3.02776 6.03417
      vertex 41.6506 2.9294 6.03417
    endloop
  endfacet
  facet normal -0.0653848 -0.99786 0
    outer loop
      vertex 41 6.2 0
      vertex 41.2219 6.18546 3.33417
      vertex 41 6.2 3.33417
    endloop
  endfacet
  facet normal -0.0653848 -0.99786 -0
    outer loop
      vertex 41.2219 6.18546 3.33417
      vertex 41 6.2 0
      vertex 41.2219 6.18546 0
    endloop
  endfacet
  facet normal -0.0653848 -0.99786 0
    outer loop
      vertex 41.2219 6.18546 6.03417
      vertex 41 6.2 8.53417
      vertex 41 6.2 6.03417
    endloop
  endfacet
  facet normal -0.0653848 -0.99786 0
    outer loop
      vertex 41 6.2 8.53417
      vertex 41.2219 6.18546 6.03417
      vertex 41.2219 6.18546 8.56141
    endloop
  endfacet
  facet normal 0.321403 -0.946943 0
    outer loop
      vertex 40.3494 6.07059 0
      vertex 40.56 6.14207 3.33417
      vertex 40.3494 6.07059 3.33417
    endloop
  endfacet
  facet normal 0.321403 -0.946943 0
    outer loop
      vertex 40.56 6.14207 3.33417
      vertex 40.3494 6.07059 0
      vertex 40.56 6.14207 0
    endloop
  endfacet
  facet normal 0.321403 -0.946943 0
    outer loop
      vertex 40.56 6.14207 6.03417
      vertex 40.3494 6.07059 8.45429
      vertex 40.3494 6.07059 6.03417
    endloop
  endfacet
  facet normal 0.321403 -0.946943 0
    outer loop
      vertex 40.3494 6.07059 8.45429
      vertex 40.56 6.14207 6.03417
      vertex 40.56 6.14207 8.48014
    endloop
  endfacet
  facet normal 0.195122 -0.980779 0
    outer loop
      vertex 40.56 6.14207 0
      vertex 40.7781 6.18546 3.33417
      vertex 40.56 6.14207 3.33417
    endloop
  endfacet
  facet normal 0.195122 -0.980779 0
    outer loop
      vertex 40.7781 6.18546 3.33417
      vertex 40.56 6.14207 0
      vertex 40.7781 6.18546 0
    endloop
  endfacet
  facet normal 0.195122 -0.980779 0
    outer loop
      vertex 40.7781 6.18546 6.03417
      vertex 40.56 6.14207 8.48014
      vertex 40.56 6.14207 6.03417
    endloop
  endfacet
  facet normal 0.195122 -0.980779 0
    outer loop
      vertex 40.56 6.14207 8.48014
      vertex 40.7781 6.18546 6.03417
      vertex 40.7781 6.18546 8.50692
    endloop
  endfacet
  facet normal -0.896789 -0.442459 0
    outer loop
      vertex 42.5706 5.15056 0
      vertex 42.4722 5.35 3.33417
      vertex 42.4722 5.35 0
    endloop
  endfacet
  facet normal -0.896789 -0.442459 0
    outer loop
      vertex 42.4722 5.35 3.33417
      vertex 42.5706 5.15056 0
      vertex 42.5706 5.15056 3.33417
    endloop
  endfacet
  facet normal -0.896789 -0.442459 0
    outer loop
      vertex 42.5706 5.15056 6.03417
      vertex 42.4722 5.35 8.71494
      vertex 42.4722 5.35 6.03417
    endloop
  endfacet
  facet normal -0.896789 -0.442459 0
    outer loop
      vertex 42.4722 5.35 8.71494
      vertex 42.5706 5.15056 6.03417
      vertex 42.5706 5.15056 8.72701
    endloop
  endfacet
  facet normal -0.997872 0.0652057 0
    outer loop
      vertex 42.6855 4.2781 0
      vertex 42.7 4.5 3.33417
      vertex 42.7 4.5 0
    endloop
  endfacet
  facet normal -0.997872 0.0652057 0
    outer loop
      vertex 42.7 4.5 3.33417
      vertex 42.6855 4.2781 0
      vertex 42.6855 4.2781 3.33417
    endloop
  endfacet
  facet normal -0.997872 0.0652057 0
    outer loop
      vertex 42.6855 4.2781 6.03417
      vertex 42.7 4.5 8.7429
      vertex 42.7 4.5 6.03417
    endloop
  endfacet
  facet normal -0.997872 0.0652057 0
    outer loop
      vertex 42.7 4.5 8.7429
      vertex 42.6855 4.2781 6.03417
      vertex 42.6855 4.2781 8.74112
    endloop
  endfacet
  facet normal -0.0653848 0.99786 0
    outer loop
      vertex 41.2219 2.81454 0
      vertex 41 2.8 3.33417
      vertex 41.2219 2.81454 3.33417
    endloop
  endfacet
  facet normal -0.0653848 0.99786 0
    outer loop
      vertex 41 2.8 3.33417
      vertex 41.2219 2.81454 0
      vertex 41 2.8 0
    endloop
  endfacet
  facet normal -0.0653848 0.99786 0
    outer loop
      vertex 41.2219 2.81454 6.03417
      vertex 41 2.8 8.53417
      vertex 41.2219 2.81454 8.56141
    endloop
  endfacet
  facet normal -0.0653848 0.99786 0
    outer loop
      vertex 41 2.8 8.53417
      vertex 41.2219 2.81454 6.03417
      vertex 41 2.8 6.03417
    endloop
  endfacet
  facet normal -0.751888 -0.659291 0
    outer loop
      vertex 42.3487 5.53489 0
      vertex 42.2021 5.70208 3.33417
      vertex 42.2021 5.70208 0
    endloop
  endfacet
  facet normal -0.751888 -0.659291 0
    outer loop
      vertex 42.2021 5.70208 3.33417
      vertex 42.3487 5.53489 0
      vertex 42.3487 5.53489 3.33417
    endloop
  endfacet
  facet normal -0.751888 -0.659291 0
    outer loop
      vertex 42.3487 5.53489 6.03417
      vertex 42.2021 5.70208 8.68176
      vertex 42.2021 5.70208 6.03417
    endloop
  endfacet
  facet normal -0.751888 -0.659291 0
    outer loop
      vertex 42.2021 5.70208 8.68176
      vertex 42.3487 5.53489 6.03417
      vertex 42.3487 5.53489 8.69977
    endloop
  endfacet
  facet normal 0.997872 0.0652057 0
    outer loop
      vertex 39.3145 4.2781 3.33417
      vertex 39.3 4.5 0
      vertex 39.3 4.5 3.33417
    endloop
  endfacet
  facet normal 0.997872 0.0652057 0
    outer loop
      vertex 39.3 4.5 0
      vertex 39.3145 4.2781 3.33417
      vertex 39.3145 4.2781 0
    endloop
  endfacet
  facet normal 0.997872 0.0652057 0
    outer loop
      vertex 39.3145 4.2781 8.32722
      vertex 39.3 4.5 6.03417
      vertex 39.3 4.5 8.32543
    endloop
  endfacet
  facet normal 0.997872 0.0652057 0
    outer loop
      vertex 39.3 4.5 6.03417
      vertex 39.3145 4.2781 8.32722
      vertex 39.3145 4.2781 6.03417
    endloop
  endfacet
  facet normal -0.751888 0.659291 0
    outer loop
      vertex 42.2021 3.29792 0
      vertex 42.3487 3.46511 3.33417
      vertex 42.3487 3.46511 0
    endloop
  endfacet
  facet normal -0.751888 0.659291 0
    outer loop
      vertex 42.3487 3.46511 3.33417
      vertex 42.2021 3.29792 0
      vertex 42.2021 3.29792 3.33417
    endloop
  endfacet
  facet normal -0.751888 0.659291 0
    outer loop
      vertex 42.2021 3.29792 8.68176
      vertex 42.3487 3.46511 6.03417
      vertex 42.2021 3.29792 6.03417
    endloop
  endfacet
  facet normal -0.751888 0.659291 0
    outer loop
      vertex 42.3487 3.46511 6.03417
      vertex 42.2021 3.29792 8.68176
      vertex 42.3487 3.46511 8.69977
    endloop
  endfacet
  facet normal 0.751888 -0.659291 0
    outer loop
      vertex 39.6513 5.53489 3.33417
      vertex 39.7979 5.70208 0
      vertex 39.7979 5.70208 3.33417
    endloop
  endfacet
  facet normal 0.751888 -0.659291 0
    outer loop
      vertex 39.7979 5.70208 0
      vertex 39.6513 5.53489 3.33417
      vertex 39.6513 5.53489 0
    endloop
  endfacet
  facet normal 0.751888 -0.659291 0
    outer loop
      vertex 39.6513 5.53489 8.36857
      vertex 39.7979 5.70208 6.03417
      vertex 39.7979 5.70208 8.38657
    endloop
  endfacet
  facet normal 0.751888 -0.659291 0
    outer loop
      vertex 39.7979 5.70208 6.03417
      vertex 39.6513 5.53489 8.36857
      vertex 39.6513 5.53489 6.03417
    endloop
  endfacet
  facet normal 0.831552 -0.555447 0
    outer loop
      vertex 39.5278 5.35 3.33417
      vertex 39.6513 5.53489 0
      vertex 39.6513 5.53489 3.33417
    endloop
  endfacet
  facet normal 0.831552 -0.555447 0
    outer loop
      vertex 39.6513 5.53489 0
      vertex 39.5278 5.35 3.33417
      vertex 39.5278 5.35 0
    endloop
  endfacet
  facet normal 0.831552 -0.555447 0
    outer loop
      vertex 39.5278 5.35 8.3534
      vertex 39.6513 5.53489 6.03417
      vertex 39.6513 5.53489 8.36857
    endloop
  endfacet
  facet normal 0.831552 -0.555447 0
    outer loop
      vertex 39.6513 5.53489 6.03417
      vertex 39.5278 5.35 8.3534
      vertex 39.5278 5.35 6.03417
    endloop
  endfacet
  facet normal 0.0653848 -0.99786 0
    outer loop
      vertex 40.7781 6.18546 0
      vertex 41 6.2 3.33417
      vertex 40.7781 6.18546 3.33417
    endloop
  endfacet
  facet normal 0.0653848 -0.99786 0
    outer loop
      vertex 41 6.2 3.33417
      vertex 40.7781 6.18546 0
      vertex 41 6.2 0
    endloop
  endfacet
  facet normal 0.0653848 -0.99786 0
    outer loop
      vertex 41 6.2 6.03417
      vertex 40.7781 6.18546 8.50692
      vertex 40.7781 6.18546 6.03417
    endloop
  endfacet
  facet normal 0.0653848 -0.99786 0
    outer loop
      vertex 40.7781 6.18546 8.50692
      vertex 41 6.2 6.03417
      vertex 41 6.2 8.53417
    endloop
  endfacet
  facet normal 0.980769 0.195173 0
    outer loop
      vertex 39.3579 4.06001 3.33417
      vertex 39.3145 4.2781 0
      vertex 39.3145 4.2781 3.33417
    endloop
  endfacet
  facet normal 0.980769 0.195173 0
    outer loop
      vertex 39.3145 4.2781 0
      vertex 39.3579 4.06001 3.33417
      vertex 39.3579 4.06001 0
    endloop
  endfacet
  facet normal 0.980769 0.195173 -0
    outer loop
      vertex 39.3579 4.06001 6.03417
      vertex 39.3145 4.2781 8.32722
      vertex 39.3579 4.06001 8.33255
    endloop
  endfacet
  facet normal 0.980769 0.195173 0
    outer loop
      vertex 39.3145 4.2781 8.32722
      vertex 39.3579 4.06001 6.03417
      vertex 39.3145 4.2781 6.03417
    endloop
  endfacet
  facet normal 0.321363 0.946956 -0
    outer loop
      vertex 40.56 2.85793 0
      vertex 40.3494 2.9294 3.33417
      vertex 40.56 2.85793 3.33417
    endloop
  endfacet
  facet normal 0.321363 0.946956 0
    outer loop
      vertex 40.3494 2.9294 3.33417
      vertex 40.56 2.85793 0
      vertex 40.3494 2.9294 0
    endloop
  endfacet
  facet normal 0.321363 0.946956 -0
    outer loop
      vertex 40.56 2.85793 6.03417
      vertex 40.3494 2.9294 8.45429
      vertex 40.56 2.85793 8.48014
    endloop
  endfacet
  facet normal 0.321363 0.946956 0
    outer loop
      vertex 40.3494 2.9294 8.45429
      vertex 40.56 2.85793 6.03417
      vertex 40.3494 2.9294 6.03417
    endloop
  endfacet
  facet normal -0.946901 -0.321525 0
    outer loop
      vertex 42.6421 4.93999 0
      vertex 42.5706 5.15056 3.33417
      vertex 42.5706 5.15056 0
    endloop
  endfacet
  facet normal -0.946901 -0.321525 0
    outer loop
      vertex 42.5706 5.15056 3.33417
      vertex 42.6421 4.93999 0
      vertex 42.6421 4.93999 3.33417
    endloop
  endfacet
  facet normal -0.946901 -0.321525 0
    outer loop
      vertex 42.6421 4.93999 6.03417
      vertex 42.5706 5.15056 8.72701
      vertex 42.5706 5.15056 6.03417
    endloop
  endfacet
  facet normal -0.946901 -0.321525 0
    outer loop
      vertex 42.5706 5.15056 8.72701
      vertex 42.6421 4.93999 6.03417
      vertex 42.6421 4.93999 8.73579
    endloop
  endfacet
  facet normal 0.442386 0.896825 -0
    outer loop
      vertex 40.3494 2.9294 0
      vertex 40.15 3.02776 3.33417
      vertex 40.3494 2.9294 3.33417
    endloop
  endfacet
  facet normal 0.442386 0.896825 0
    outer loop
      vertex 40.15 3.02776 3.33417
      vertex 40.3494 2.9294 0
      vertex 40.15 3.02776 0
    endloop
  endfacet
  facet normal 0.442386 0.896825 -0
    outer loop
      vertex 40.3494 2.9294 6.03417
      vertex 40.15 3.02776 8.4298
      vertex 40.3494 2.9294 8.45429
    endloop
  endfacet
  facet normal 0.442386 0.896825 0
    outer loop
      vertex 40.15 3.02776 8.4298
      vertex 40.3494 2.9294 6.03417
      vertex 40.15 3.02776 6.03417
    endloop
  endfacet
  facet normal -0.831552 0.555447 0
    outer loop
      vertex 42.3487 3.46511 0
      vertex 42.4722 3.65 3.33417
      vertex 42.4722 3.65 0
    endloop
  endfacet
  facet normal -0.831552 0.555447 0
    outer loop
      vertex 42.4722 3.65 3.33417
      vertex 42.3487 3.46511 0
      vertex 42.3487 3.46511 3.33417
    endloop
  endfacet
  facet normal -0.831552 0.555447 0
    outer loop
      vertex 42.3487 3.46511 8.69977
      vertex 42.4722 3.65 6.03417
      vertex 42.3487 3.46511 6.03417
    endloop
  endfacet
  facet normal -0.831552 0.555447 0
    outer loop
      vertex 42.4722 3.65 6.03417
      vertex 42.3487 3.46511 8.69977
      vertex 42.4722 3.65 8.71494
    endloop
  endfacet
  facet normal 0.555551 0.831483 -0
    outer loop
      vertex 40.15 3.02776 0
      vertex 39.9651 3.1513 3.33417
      vertex 40.15 3.02776 3.33417
    endloop
  endfacet
  facet normal 0.555551 0.831483 0
    outer loop
      vertex 39.9651 3.1513 3.33417
      vertex 40.15 3.02776 0
      vertex 39.9651 3.1513 0
    endloop
  endfacet
  facet normal 0.555551 0.831483 -0
    outer loop
      vertex 40.15 3.02776 6.03417
      vertex 39.9651 3.1513 8.4071
      vertex 40.15 3.02776 8.4298
    endloop
  endfacet
  facet normal 0.555551 0.831483 0
    outer loop
      vertex 39.9651 3.1513 8.4071
      vertex 40.15 3.02776 6.03417
      vertex 39.9651 3.1513 6.03417
    endloop
  endfacet
  facet normal 0.195122 0.980779 -0
    outer loop
      vertex 40.7781 2.81454 0
      vertex 40.56 2.85793 3.33417
      vertex 40.7781 2.81454 3.33417
    endloop
  endfacet
  facet normal 0.195122 0.980779 0
    outer loop
      vertex 40.56 2.85793 3.33417
      vertex 40.7781 2.81454 0
      vertex 40.56 2.85793 0
    endloop
  endfacet
  facet normal 0.195122 0.980779 -0
    outer loop
      vertex 40.7781 2.81454 6.03417
      vertex 40.56 2.85793 8.48014
      vertex 40.7781 2.81454 8.50692
    endloop
  endfacet
  facet normal 0.195122 0.980779 0
    outer loop
      vertex 40.56 2.85793 8.48014
      vertex 40.7781 2.81454 6.03417
      vertex 40.56 2.85793 6.03417
    endloop
  endfacet
  facet normal 0.896789 -0.442459 0
    outer loop
      vertex 39.4294 5.15056 3.33417
      vertex 39.5278 5.35 0
      vertex 39.5278 5.35 3.33417
    endloop
  endfacet
  facet normal 0.896789 -0.442459 0
    outer loop
      vertex 39.5278 5.35 0
      vertex 39.4294 5.15056 3.33417
      vertex 39.4294 5.15056 0
    endloop
  endfacet
  facet normal 0.896789 -0.442459 0
    outer loop
      vertex 39.4294 5.15056 8.34132
      vertex 39.5278 5.35 6.03417
      vertex 39.5278 5.35 8.3534
    endloop
  endfacet
  facet normal 0.896789 -0.442459 0
    outer loop
      vertex 39.5278 5.35 6.03417
      vertex 39.4294 5.15056 8.34132
      vertex 39.4294 5.15056 6.03417
    endloop
  endfacet
  facet normal 0.0653848 0.99786 -0
    outer loop
      vertex 41 2.8 0
      vertex 40.7781 2.81454 3.33417
      vertex 41 2.8 3.33417
    endloop
  endfacet
  facet normal 0.0653848 0.99786 0
    outer loop
      vertex 40.7781 2.81454 3.33417
      vertex 41 2.8 0
      vertex 40.7781 2.81454 0
    endloop
  endfacet
  facet normal 0.0653848 0.99786 -0
    outer loop
      vertex 41 2.8 6.03417
      vertex 40.7781 2.81454 8.50692
      vertex 41 2.8 8.53417
    endloop
  endfacet
  facet normal 0.0653848 0.99786 0
    outer loop
      vertex 40.7781 2.81454 8.50692
      vertex 41 2.8 6.03417
      vertex 40.7781 2.81454 6.03417
    endloop
  endfacet
  facet normal 0.896789 0.442459 0
    outer loop
      vertex 39.5278 3.65 3.33417
      vertex 39.4294 3.84944 0
      vertex 39.4294 3.84944 3.33417
    endloop
  endfacet
  facet normal 0.896789 0.442459 0
    outer loop
      vertex 39.4294 3.84944 0
      vertex 39.5278 3.65 3.33417
      vertex 39.5278 3.65 0
    endloop
  endfacet
  facet normal 0.896789 0.442459 -0
    outer loop
      vertex 39.5278 3.65 6.03417
      vertex 39.4294 3.84944 8.34132
      vertex 39.5278 3.65 8.3534
    endloop
  endfacet
  facet normal 0.896789 0.442459 0
    outer loop
      vertex 39.4294 3.84944 8.34132
      vertex 39.5278 3.65 6.03417
      vertex 39.4294 3.84944 6.03417
    endloop
  endfacet
  facet normal 0.997872 -0.0652086 0
    outer loop
      vertex 39.3 4.5 3.33417
      vertex 39.3145 4.72189 0
      vertex 39.3145 4.72189 3.33417
    endloop
  endfacet
  facet normal 0.997872 -0.0652086 0
    outer loop
      vertex 39.3145 4.72189 0
      vertex 39.3 4.5 3.33417
      vertex 39.3 4.5 0
    endloop
  endfacet
  facet normal 0.997872 -0.0652086 0
    outer loop
      vertex 39.3 4.5 8.32543
      vertex 39.3145 4.72189 6.03417
      vertex 39.3145 4.72189 8.32722
    endloop
  endfacet
  facet normal 0.997872 -0.0652086 0
    outer loop
      vertex 39.3145 4.72189 6.03417
      vertex 39.3 4.5 8.32543
      vertex 39.3 4.5 6.03417
    endloop
  endfacet
  facet normal 0.98077 -0.195165 0
    outer loop
      vertex 39.3145 4.72189 3.33417
      vertex 39.3579 4.93999 0
      vertex 39.3579 4.93999 3.33417
    endloop
  endfacet
  facet normal 0.98077 -0.195165 0
    outer loop
      vertex 39.3579 4.93999 0
      vertex 39.3145 4.72189 3.33417
      vertex 39.3145 4.72189 0
    endloop
  endfacet
  facet normal 0.98077 -0.195165 0
    outer loop
      vertex 39.3145 4.72189 8.32722
      vertex 39.3579 4.93999 6.03417
      vertex 39.3579 4.93999 8.33255
    endloop
  endfacet
  facet normal 0.98077 -0.195165 0
    outer loop
      vertex 39.3579 4.93999 6.03417
      vertex 39.3145 4.72189 8.32722
      vertex 39.3145 4.72189 6.03417
    endloop
  endfacet
  facet normal 0.946901 -0.321525 0
    outer loop
      vertex 39.3579 4.93999 3.33417
      vertex 39.4294 5.15056 0
      vertex 39.4294 5.15056 3.33417
    endloop
  endfacet
  facet normal 0.946901 -0.321525 0
    outer loop
      vertex 39.4294 5.15056 0
      vertex 39.3579 4.93999 3.33417
      vertex 39.3579 4.93999 0
    endloop
  endfacet
  facet normal 0.946901 -0.321525 0
    outer loop
      vertex 39.3579 4.93999 8.33255
      vertex 39.4294 5.15056 6.03417
      vertex 39.4294 5.15056 8.34132
    endloop
  endfacet
  facet normal 0.946901 -0.321525 0
    outer loop
      vertex 39.4294 5.15056 6.03417
      vertex 39.3579 4.93999 8.33255
      vertex 39.3579 4.93999 6.03417
    endloop
  endfacet
  facet normal -0.659319 0.751863 0
    outer loop
      vertex 42.2021 3.29792 0
      vertex 42.0349 3.1513 3.33417
      vertex 42.2021 3.29792 3.33417
    endloop
  endfacet
  facet normal -0.659319 0.751863 0
    outer loop
      vertex 42.0349 3.1513 3.33417
      vertex 42.2021 3.29792 0
      vertex 42.0349 3.1513 0
    endloop
  endfacet
  facet normal -0.659319 0.751863 0
    outer loop
      vertex 42.2021 3.29792 6.03417
      vertex 42.0349 3.1513 8.66124
      vertex 42.2021 3.29792 8.68176
    endloop
  endfacet
  facet normal -0.659319 0.751863 0
    outer loop
      vertex 42.0349 3.1513 8.66124
      vertex 42.2021 3.29792 6.03417
      vertex 42.0349 3.1513 6.03417
    endloop
  endfacet
  facet normal -1 0 0
    outer loop
      vertex 43.95 1.2 3.33417
      vertex 43.95 9.7 6.03417
      vertex 43.95 9.7 3.33417
    endloop
  endfacet
  facet normal -1 -0 0
    outer loop
      vertex 43.95 9.7 6.03417
      vertex 43.95 1.2 3.33417
      vertex 43.95 1.2 6.03417
    endloop
  endfacet
  facet normal 0 0 -1
    outer loop
      vertex 42.6855 4.72189 6.03417
      vertex 43.95 9.7 6.03417
      vertex 43.95 1.2 6.03417
    endloop
  endfacet
  facet normal 0 0 -1
    outer loop
      vertex 42.6855 4.72189 6.03417
      vertex 43.95 1.2 6.03417
      vertex 42.7 4.5 6.03417
    endloop
  endfacet
  facet normal 0 0 -1
    outer loop
      vertex 43.95 1.2 6.03417
      vertex 42.6855 4.2781 6.03417
      vertex 42.7 4.5 6.03417
    endloop
  endfacet
  facet normal 0 0 -1
    outer loop
      vertex 43.95 1.2 6.03417
      vertex 42.6421 4.06001 6.03417
      vertex 42.6855 4.2781 6.03417
    endloop
  endfacet
  facet normal 0 0 -1
    outer loop
      vertex 43.95 1.2 6.03417
      vertex 42.5706 3.84944 6.03417
      vertex 42.6421 4.06001 6.03417
    endloop
  endfacet
  facet normal 0 0 -1
    outer loop
      vertex 43.95 1.2 6.03417
      vertex 42.4722 3.65 6.03417
      vertex 42.5706 3.84944 6.03417
    endloop
  endfacet
  facet normal 0 0 -1
    outer loop
      vertex 43.95 1.2 6.03417
      vertex 42.3487 3.46511 6.03417
      vertex 42.4722 3.65 6.03417
    endloop
  endfacet
  facet normal 0 0 -1
    outer loop
      vertex 43.95 1.2 6.03417
      vertex 42.2021 3.29792 6.03417
      vertex 42.3487 3.46511 6.03417
    endloop
  endfacet
  facet normal 0 0 -1
    outer loop
      vertex 43.95 1.2 6.03417
      vertex 42.0349 3.1513 6.03417
      vertex 42.2021 3.29792 6.03417
    endloop
  endfacet
  facet normal 0 0 -1
    outer loop
      vertex 43.95 1.2 6.03417
      vertex 41.85 3.02776 6.03417
      vertex 42.0349 3.1513 6.03417
    endloop
  endfacet
  facet normal 0 0 -1
    outer loop
      vertex 43.95 1.2 6.03417
      vertex 41.6506 2.9294 6.03417
      vertex 41.85 3.02776 6.03417
    endloop
  endfacet
  facet normal 0 0 -1
    outer loop
      vertex 43.95 1.2 6.03417
      vertex 41.44 2.85793 6.03417
      vertex 41.6506 2.9294 6.03417
    endloop
  endfacet
  facet normal 0 0 -1
    outer loop
      vertex 43.95 1.2 6.03417
      vertex 41.2219 2.81454 6.03417
      vertex 41.44 2.85793 6.03417
    endloop
  endfacet
  facet normal 0 0 -1
    outer loop
      vertex 43.95 1.2 6.03417
      vertex 41 2.8 6.03417
      vertex 41.2219 2.81454 6.03417
    endloop
  endfacet
  facet normal 0 0 -1
    outer loop
      vertex 38.05 1.2 6.03417
      vertex 41 2.8 6.03417
      vertex 43.95 1.2 6.03417
    endloop
  endfacet
  facet normal -0 0 -1
    outer loop
      vertex 41 2.8 6.03417
      vertex 38.05 1.2 6.03417
      vertex 40.7781 2.81454 6.03417
    endloop
  endfacet
  facet normal -0 0 -1
    outer loop
      vertex 40.7781 2.81454 6.03417
      vertex 38.05 1.2 6.03417
      vertex 40.56 2.85793 6.03417
    endloop
  endfacet
  facet normal -0 0 -1
    outer loop
      vertex 39.3145 4.2781 6.03417
      vertex 38.05 1.2 6.03417
      vertex 39.3 4.5 6.03417
    endloop
  endfacet
  facet normal -0 0 -1
    outer loop
      vertex 39.3579 4.06001 6.03417
      vertex 38.05 1.2 6.03417
      vertex 39.3145 4.2781 6.03417
    endloop
  endfacet
  facet normal -0 0 -1
    outer loop
      vertex 39.4294 3.84944 6.03417
      vertex 38.05 1.2 6.03417
      vertex 39.3579 4.06001 6.03417
    endloop
  endfacet
  facet normal -0 0 -1
    outer loop
      vertex 39.5278 3.65 6.03417
      vertex 38.05 1.2 6.03417
      vertex 39.4294 3.84944 6.03417
    endloop
  endfacet
  facet normal -0 0 -1
    outer loop
      vertex 39.6513 3.46511 6.03417
      vertex 38.05 1.2 6.03417
      vertex 39.5278 3.65 6.03417
    endloop
  endfacet
  facet normal -0 0 -1
    outer loop
      vertex 39.7979 3.29792 6.03417
      vertex 38.05 1.2 6.03417
      vertex 39.6513 3.46511 6.03417
    endloop
  endfacet
  facet normal -0 0 -1
    outer loop
      vertex 39.9651 3.1513 6.03417
      vertex 38.05 1.2 6.03417
      vertex 39.7979 3.29792 6.03417
    endloop
  endfacet
  facet normal -0 0 -1
    outer loop
      vertex 40.15 3.02776 6.03417
      vertex 38.05 1.2 6.03417
      vertex 39.9651 3.1513 6.03417
    endloop
  endfacet
  facet normal -0 0 -1
    outer loop
      vertex 40.3494 2.9294 6.03417
      vertex 38.05 1.2 6.03417
      vertex 40.15 3.02776 6.03417
    endloop
  endfacet
  facet normal -0 0 -1
    outer loop
      vertex 40.56 2.85793 6.03417
      vertex 38.05 1.2 6.03417
      vertex 40.3494 2.9294 6.03417
    endloop
  endfacet
  facet normal -0 0 -1
    outer loop
      vertex 43.95 9.7 6.03417
      vertex 42.75 8 6.03417
      vertex 42.75 9.7 6.03417
    endloop
  endfacet
  facet normal 0 0 -1
    outer loop
      vertex 42.6421 4.93999 6.03417
      vertex 43.95 9.7 6.03417
      vertex 42.6855 4.72189 6.03417
    endloop
  endfacet
  facet normal 0 0 -1
    outer loop
      vertex 43.95 9.7 6.03417
      vertex 42.6421 4.93999 6.03417
      vertex 42.75 8 6.03417
    endloop
  endfacet
  facet normal 0 0 -1
    outer loop
      vertex 42.5706 5.15056 6.03417
      vertex 42.75 8 6.03417
      vertex 42.6421 4.93999 6.03417
    endloop
  endfacet
  facet normal 0 0 -1
    outer loop
      vertex 42.4722 5.35 6.03417
      vertex 42.75 8 6.03417
      vertex 42.5706 5.15056 6.03417
    endloop
  endfacet
  facet normal 0 0 -1
    outer loop
      vertex 42.3487 5.53489 6.03417
      vertex 42.75 8 6.03417
      vertex 42.4722 5.35 6.03417
    endloop
  endfacet
  facet normal 0 0 -1
    outer loop
      vertex 42.2021 5.70208 6.03417
      vertex 42.75 8 6.03417
      vertex 42.3487 5.53489 6.03417
    endloop
  endfacet
  facet normal 0 0 -1
    outer loop
      vertex 42.0349 5.8487 6.03417
      vertex 42.75 8 6.03417
      vertex 42.2021 5.70208 6.03417
    endloop
  endfacet
  facet normal 0 0 -1
    outer loop
      vertex 41.85 5.97224 6.03417
      vertex 42.75 8 6.03417
      vertex 42.0349 5.8487 6.03417
    endloop
  endfacet
  facet normal 0 0 -1
    outer loop
      vertex 41.6506 6.07059 6.03417
      vertex 42.75 8 6.03417
      vertex 41.85 5.97224 6.03417
    endloop
  endfacet
  facet normal 0 0 -1
    outer loop
      vertex 41.44 6.14207 6.03417
      vertex 42.75 8 6.03417
      vertex 41.6506 6.07059 6.03417
    endloop
  endfacet
  facet normal 0 0 -1
    outer loop
      vertex 41.2219 6.18546 6.03417
      vertex 42.75 8 6.03417
      vertex 41.44 6.14207 6.03417
    endloop
  endfacet
  facet normal 0 0 -1
    outer loop
      vertex 41 6.2 6.03417
      vertex 42.75 8 6.03417
      vertex 41.2219 6.18546 6.03417
    endloop
  endfacet
  facet normal 0 0 -1
    outer loop
      vertex 40.7781 6.18546 6.03417
      vertex 42.75 8 6.03417
      vertex 41 6.2 6.03417
    endloop
  endfacet
  facet normal 0 0 -1
    outer loop
      vertex 38.05 8 6.03417
      vertex 40.7781 6.18546 6.03417
      vertex 40.56 6.14207 6.03417
    endloop
  endfacet
  facet normal 0 0 -1
    outer loop
      vertex 38.05 8 6.03417
      vertex 40.56 6.14207 6.03417
      vertex 40.3494 6.07059 6.03417
    endloop
  endfacet
  facet normal 0 0 -1
    outer loop
      vertex 38.05 8 6.03417
      vertex 40.3494 6.07059 6.03417
      vertex 40.15 5.97224 6.03417
    endloop
  endfacet
  facet normal 0 0 -1
    outer loop
      vertex 38.05 8 6.03417
      vertex 40.15 5.97224 6.03417
      vertex 39.9651 5.8487 6.03417
    endloop
  endfacet
  facet normal 0 0 -1
    outer loop
      vertex 38.05 8 6.03417
      vertex 39.3 4.5 6.03417
      vertex 38.05 1.2 6.03417
    endloop
  endfacet
  facet normal 0 0 -1
    outer loop
      vertex 39.3 4.5 6.03417
      vertex 38.05 8 6.03417
      vertex 39.3145 4.72189 6.03417
    endloop
  endfacet
  facet normal 0 0 -1
    outer loop
      vertex 39.3145 4.72189 6.03417
      vertex 38.05 8 6.03417
      vertex 39.3579 4.93999 6.03417
    endloop
  endfacet
  facet normal 0 0 -1
    outer loop
      vertex 40.7781 6.18546 6.03417
      vertex 38.05 8 6.03417
      vertex 42.75 8 6.03417
    endloop
  endfacet
  facet normal 0 0 -1
    outer loop
      vertex 39.7979 5.70208 6.03417
      vertex 38.05 8 6.03417
      vertex 39.9651 5.8487 6.03417
    endloop
  endfacet
  facet normal 0 0 -1
    outer loop
      vertex 39.6513 5.53489 6.03417
      vertex 38.05 8 6.03417
      vertex 39.7979 5.70208 6.03417
    endloop
  endfacet
  facet normal 0 0 -1
    outer loop
      vertex 39.5278 5.35 6.03417
      vertex 38.05 8 6.03417
      vertex 39.6513 5.53489 6.03417
    endloop
  endfacet
  facet normal 0 0 -1
    outer loop
      vertex 39.4294 5.15056 6.03417
      vertex 38.05 8 6.03417
      vertex 39.5278 5.35 6.03417
    endloop
  endfacet
  facet normal 0 0 -1
    outer loop
      vertex 39.3579 4.93999 6.03417
      vertex 38.05 8 6.03417
      vertex 39.4294 5.15056 6.03417
    endloop
  endfacet
  facet normal 0 0 1
    outer loop
      vertex 43.95 1.2 3.33417
      vertex 42.6855 4.72189 3.33417
      vertex 42.7 4.5 3.33417
    endloop
  endfacet
  facet normal 0 0 1
    outer loop
      vertex 43.95 9.7 3.33417
      vertex 42.6421 4.93999 3.33417
      vertex 42.6855 4.72189 3.33417
    endloop
  endfacet
  facet normal 0 0 1
    outer loop
      vertex 42.75 8 3.33417
      vertex 42.5706 5.15056 3.33417
      vertex 42.6421 4.93999 3.33417
    endloop
  endfacet
  facet normal 0 0 1
    outer loop
      vertex 42.75 8 3.33417
      vertex 42.4722 5.35 3.33417
      vertex 42.5706 5.15056 3.33417
    endloop
  endfacet
  facet normal 0 0 1
    outer loop
      vertex 42.75 8 3.33417
      vertex 42.3487 5.53489 3.33417
      vertex 42.4722 5.35 3.33417
    endloop
  endfacet
  facet normal 0 0 1
    outer loop
      vertex 42.75 8 3.33417
      vertex 42.2021 5.70208 3.33417
      vertex 42.3487 5.53489 3.33417
    endloop
  endfacet
  facet normal 0 0 1
    outer loop
      vertex 42.75 8 3.33417
      vertex 42.0349 5.8487 3.33417
      vertex 42.2021 5.70208 3.33417
    endloop
  endfacet
  facet normal 0 0 1
    outer loop
      vertex 42.75 8 3.33417
      vertex 41.85 5.97224 3.33417
      vertex 42.0349 5.8487 3.33417
    endloop
  endfacet
  facet normal 0 0 1
    outer loop
      vertex 42.75 8 3.33417
      vertex 41.6506 6.07059 3.33417
      vertex 41.85 5.97224 3.33417
    endloop
  endfacet
  facet normal 0 0 1
    outer loop
      vertex 42.75 8 3.33417
      vertex 41.44 6.14207 3.33417
      vertex 41.6506 6.07059 3.33417
    endloop
  endfacet
  facet normal 0 0 1
    outer loop
      vertex 42.75 8 3.33417
      vertex 41.2219 6.18546 3.33417
      vertex 41.44 6.14207 3.33417
    endloop
  endfacet
  facet normal 0 0 1
    outer loop
      vertex 42.75 8 3.33417
      vertex 41 6.2 3.33417
      vertex 41.2219 6.18546 3.33417
    endloop
  endfacet
  facet normal 0 0 1
    outer loop
      vertex 42.75 8 3.33417
      vertex 40.7781 6.18546 3.33417
      vertex 41 6.2 3.33417
    endloop
  endfacet
  facet normal -0 0 1
    outer loop
      vertex 38.05 8 3.33417
      vertex 40.7781 6.18546 3.33417
      vertex 42.75 8 3.33417
    endloop
  endfacet
  facet normal 0 0 1
    outer loop
      vertex 40.7781 6.18546 3.33417
      vertex 38.05 8 3.33417
      vertex 40.56 6.14207 3.33417
    endloop
  endfacet
  facet normal 0 0 1
    outer loop
      vertex 40.56 6.14207 3.33417
      vertex 38.05 8 3.33417
      vertex 40.3494 6.07059 3.33417
    endloop
  endfacet
  facet normal 0 0 1
    outer loop
      vertex 40.3494 6.07059 3.33417
      vertex 38.05 8 3.33417
      vertex 40.15 5.97224 3.33417
    endloop
  endfacet
  facet normal 0 0 1
    outer loop
      vertex 39.3145 4.72189 3.33417
      vertex 38.05 8 3.33417
      vertex 39.3 4.5 3.33417
    endloop
  endfacet
  facet normal 0 0 1
    outer loop
      vertex 39.3579 4.93999 3.33417
      vertex 38.05 8 3.33417
      vertex 39.3145 4.72189 3.33417
    endloop
  endfacet
  facet normal 0 0 1
    outer loop
      vertex 39.4294 5.15056 3.33417
      vertex 38.05 8 3.33417
      vertex 39.3579 4.93999 3.33417
    endloop
  endfacet
  facet normal 0 0 1
    outer loop
      vertex 39.5278 5.35 3.33417
      vertex 38.05 8 3.33417
      vertex 39.4294 5.15056 3.33417
    endloop
  endfacet
  facet normal 0 0 1
    outer loop
      vertex 39.6513 5.53489 3.33417
      vertex 38.05 8 3.33417
      vertex 39.5278 5.35 3.33417
    endloop
  endfacet
  facet normal 0 0 1
    outer loop
      vertex 39.7979 5.70208 3.33417
      vertex 38.05 8 3.33417
      vertex 39.6513 5.53489 3.33417
    endloop
  endfacet
  facet normal 0 0 1
    outer loop
      vertex 39.9651 5.8487 3.33417
      vertex 38.05 8 3.33417
      vertex 39.7979 5.70208 3.33417
    endloop
  endfacet
  facet normal 0 0 1
    outer loop
      vertex 40.15 5.97224 3.33417
      vertex 38.05 8 3.33417
      vertex 39.9651 5.8487 3.33417
    endloop
  endfacet
  facet normal 0 0 1
    outer loop
      vertex 42.75 8 3.33417
      vertex 43.95 9.7 3.33417
      vertex 42.75 9.7 3.33417
    endloop
  endfacet
  facet normal 0 0 1
    outer loop
      vertex 42.6421 4.93999 3.33417
      vertex 43.95 9.7 3.33417
      vertex 42.75 8 3.33417
    endloop
  endfacet
  facet normal -0 0 1
    outer loop
      vertex 42.6855 4.72189 3.33417
      vertex 43.95 1.2 3.33417
      vertex 43.95 9.7 3.33417
    endloop
  endfacet
  facet normal -0 0 1
    outer loop
      vertex 42.6855 4.2781 3.33417
      vertex 43.95 1.2 3.33417
      vertex 42.7 4.5 3.33417
    endloop
  endfacet
  facet normal -0 0 1
    outer loop
      vertex 42.6421 4.06001 3.33417
      vertex 43.95 1.2 3.33417
      vertex 42.6855 4.2781 3.33417
    endloop
  endfacet
  facet normal -0 0 1
    outer loop
      vertex 42.5706 3.84944 3.33417
      vertex 43.95 1.2 3.33417
      vertex 42.6421 4.06001 3.33417
    endloop
  endfacet
  facet normal -0 0 1
    outer loop
      vertex 42.4722 3.65 3.33417
      vertex 43.95 1.2 3.33417
      vertex 42.5706 3.84944 3.33417
    endloop
  endfacet
  facet normal -0 0 1
    outer loop
      vertex 42.3487 3.46511 3.33417
      vertex 43.95 1.2 3.33417
      vertex 42.4722 3.65 3.33417
    endloop
  endfacet
  facet normal -0 0 1
    outer loop
      vertex 42.2021 3.29792 3.33417
      vertex 43.95 1.2 3.33417
      vertex 42.3487 3.46511 3.33417
    endloop
  endfacet
  facet normal -0 0 1
    outer loop
      vertex 42.0349 3.1513 3.33417
      vertex 43.95 1.2 3.33417
      vertex 42.2021 3.29792 3.33417
    endloop
  endfacet
  facet normal -0 0 1
    outer loop
      vertex 41.85 3.02776 3.33417
      vertex 43.95 1.2 3.33417
      vertex 42.0349 3.1513 3.33417
    endloop
  endfacet
  facet normal -0 0 1
    outer loop
      vertex 41.6506 2.9294 3.33417
      vertex 43.95 1.2 3.33417
      vertex 41.85 3.02776 3.33417
    endloop
  endfacet
  facet normal -0 0 1
    outer loop
      vertex 41.44 2.85793 3.33417
      vertex 43.95 1.2 3.33417
      vertex 41.6506 2.9294 3.33417
    endloop
  endfacet
  facet normal -0 0 1
    outer loop
      vertex 41.2219 2.81454 3.33417
      vertex 43.95 1.2 3.33417
      vertex 41.44 2.85793 3.33417
    endloop
  endfacet
  facet normal -0 0 1
    outer loop
      vertex 41 2.8 3.33417
      vertex 43.95 1.2 3.33417
      vertex 41.2219 2.81454 3.33417
    endloop
  endfacet
  facet normal 0 0 1
    outer loop
      vertex 38.05 1.2 3.33417
      vertex 41 2.8 3.33417
      vertex 40.7781 2.81454 3.33417
    endloop
  endfacet
  facet normal 0 0 1
    outer loop
      vertex 38.05 1.2 3.33417
      vertex 40.7781 2.81454 3.33417
      vertex 40.56 2.85793 3.33417
    endloop
  endfacet
  facet normal 0 0 1
    outer loop
      vertex 38.05 1.2 3.33417
      vertex 40.56 2.85793 3.33417
      vertex 40.3494 2.9294 3.33417
    endloop
  endfacet
  facet normal 0 0 1
    outer loop
      vertex 38.05 1.2 3.33417
      vertex 39.3 4.5 3.33417
      vertex 38.05 8 3.33417
    endloop
  endfacet
  facet normal 0 0 1
    outer loop
      vertex 39.3 4.5 3.33417
      vertex 38.05 1.2 3.33417
      vertex 39.3145 4.2781 3.33417
    endloop
  endfacet
  facet normal 0 0 1
    outer loop
      vertex 41 2.8 3.33417
      vertex 38.05 1.2 3.33417
      vertex 43.95 1.2 3.33417
    endloop
  endfacet
  facet normal 0 0 1
    outer loop
      vertex 40.15 3.02776 3.33417
      vertex 38.05 1.2 3.33417
      vertex 40.3494 2.9294 3.33417
    endloop
  endfacet
  facet normal 0 0 1
    outer loop
      vertex 39.9651 3.1513 3.33417
      vertex 38.05 1.2 3.33417
      vertex 40.15 3.02776 3.33417
    endloop
  endfacet
  facet normal 0 0 1
    outer loop
      vertex 39.7979 3.29792 3.33417
      vertex 38.05 1.2 3.33417
      vertex 39.9651 3.1513 3.33417
    endloop
  endfacet
  facet normal 0 0 1
    outer loop
      vertex 39.6513 3.46511 3.33417
      vertex 38.05 1.2 3.33417
      vertex 39.7979 3.29792 3.33417
    endloop
  endfacet
  facet normal 0 0 1
    outer loop
      vertex 39.5278 3.65 3.33417
      vertex 38.05 1.2 3.33417
      vertex 39.6513 3.46511 3.33417
    endloop
  endfacet
  facet normal 0 0 1
    outer loop
      vertex 39.4294 3.84944 3.33417
      vertex 38.05 1.2 3.33417
      vertex 39.5278 3.65 3.33417
    endloop
  endfacet
  facet normal 0 0 1
    outer loop
      vertex 39.3579 4.06001 3.33417
      vertex 38.05 1.2 3.33417
      vertex 39.4294 3.84944 3.33417
    endloop
  endfacet
  facet normal 0 0 1
    outer loop
      vertex 39.3145 4.2781 3.33417
      vertex 38.05 1.2 3.33417
      vertex 39.3579 4.06001 3.33417
    endloop
  endfacet
  facet normal 1 -0 0
    outer loop
      vertex 38.05 1.2 6.03417
      vertex 38.05 8 3.33417
      vertex 38.05 8 6.03417
    endloop
  endfacet
  facet normal 1 0 0
    outer loop
      vertex 38.05 8 3.33417
      vertex 38.05 1.2 6.03417
      vertex 38.05 1.2 3.33417
    endloop
  endfacet
  facet normal 0 -1 0
    outer loop
      vertex 42.75 9.7 3.33417
      vertex 43.95 9.7 6.03417
      vertex 42.75 9.7 6.03417
    endloop
  endfacet
  facet normal 0 -1 -0
    outer loop
      vertex 43.95 9.7 6.03417
      vertex 42.75 9.7 3.33417
      vertex 43.95 9.7 3.33417
    endloop
  endfacet
  facet normal 0 1 -0
    outer loop
      vertex 43.95 1.2 3.33417
      vertex 38.05 1.2 6.03417
      vertex 43.95 1.2 6.03417
    endloop
  endfacet
  facet normal 0 1 0
    outer loop
      vertex 38.05 1.2 6.03417
      vertex 43.95 1.2 3.33417
      vertex 38.05 1.2 3.33417
    endloop
  endfacet
  facet normal 1 -0 0
    outer loop
      vertex 143.49 0 15.0184
      vertex 143.49 6.5 13
      vertex 143.49 6.5 15.0184
    endloop
  endfacet
  facet normal 1 0 0
    outer loop
      vertex 143.49 6.5 13
      vertex 143.49 0 15.0184
      vertex 143.49 0 13
    endloop
  endfacet
  facet normal 1 -0 0
    outer loop
      vertex 143.49 43.75 15.0184
      vertex 143.49 46.25 13
      vertex 143.49 46.25 15.0184
    endloop
  endfacet
  facet normal 1 0 0
    outer loop
      vertex 143.49 46.25 13
      vertex 143.49 43.75 15.0184
      vertex 143.49 43.75 13
    endloop
  endfacet
  facet normal 1 -0 0
    outer loop
      vertex 143.49 72.75 19.0184
      vertex 143.49 75.25 13
      vertex 143.49 75.25 19.0184
    endloop
  endfacet
  facet normal 1 0 0
    outer loop
      vertex 143.49 75.25 13
      vertex 143.49 72.75 19.0184
      vertex 143.49 72.75 13
    endloop
  endfacet
  facet normal 0 -1 0
    outer loop
      vertex 152.49 116.4 20.1234
      vertex 154.99 116.4 25.0304
      vertex 152.49 116.4 24.7234
    endloop
  endfacet
  facet normal 0 -1 0
    outer loop
      vertex 148.49 116.4 13
      vertex 152.49 116.4 20.1234
      vertex 148.49 116.4 19.6323
    endloop
  endfacet
  facet normal 0 -1 0
    outer loop
      vertex 152.49 116.4 20.1234
      vertex 154.99 116.4 13
      vertex 154.99 116.4 25.0304
    endloop
  endfacet
  facet normal 0 -1 0
    outer loop
      vertex 154.99 116.4 13
      vertex 152.49 116.4 20.1234
      vertex 148.49 116.4 13
    endloop
  endfacet
endsolid OpenSCAD_Model
