solid OpenSCAD_Model
  facet normal -0.980786 -0.195087 0
    outer loop
      vertex 77.9097 19.0612 0
      vertex 77.7566 19.8309 2
      vertex 77.7566 19.8309 0
    endloop
  endfacet
  facet normal -0.980786 -0.195087 0
    outer loop
      vertex 77.7566 19.8309 2
      vertex 77.9097 19.0612 0
      vertex 77.9097 19.0612 2
    endloop
  endfacet
  facet normal -0.997862 -0.0653605 0
    outer loop
      vertex 77.961 18.278 0
      vertex 77.9097 19.0612 2
      vertex 77.9097 19.0612 0
    endloop
  endfacet
  facet normal -0.997862 -0.0653605 0
    outer loop
      vertex 77.9097 19.0612 2
      vertex 77.961 18.278 0
      vertex 77.961 18.278 2
    endloop
  endfacet
  facet normal 0.0653605 -0.997862 0
    outer loop
      vertex 71.1778 24.2267 0
      vertex 71.961 24.278 2
      vertex 71.1778 24.2267 2
    endloop
  endfacet
  facet normal 0.0653605 -0.997862 0
    outer loop
      vertex 71.961 24.278 2
      vertex 71.1778 24.2267 0
      vertex 71.961 24.278 0
    endloop
  endfacet
  facet normal 0.659406 -0.751787 0
    outer loop
      vertex 67.7184 22.5206 0
      vertex 68.3084 23.0381 2
      vertex 67.7184 22.5206 2
    endloop
  endfacet
  facet normal 0.659406 -0.751787 0
    outer loop
      vertex 68.3084 23.0381 2
      vertex 67.7184 22.5206 0
      vertex 68.3084 23.0381 0
    endloop
  endfacet
  facet normal -0.0653605 0.997862 0
    outer loop
      vertex 72.7442 12.3293 0
      vertex 71.961 12.278 2
      vertex 72.7442 12.3293 2
    endloop
  endfacet
  facet normal -0.0653605 0.997862 0
    outer loop
      vertex 71.961 12.278 2
      vertex 72.7442 12.3293 0
      vertex 71.961 12.278 0
    endloop
  endfacet
  facet normal 0.946923 0.32146 0
    outer loop
      vertex 66.4177 15.9819 2
      vertex 66.1654 16.7251 0
      vertex 66.1654 16.7251 2
    endloop
  endfacet
  facet normal 0.946923 0.32146 0
    outer loop
      vertex 66.1654 16.7251 0
      vertex 66.4177 15.9819 2
      vertex 66.4177 15.9819 0
    endloop
  endfacet
  facet normal -0.980786 0.195087 0
    outer loop
      vertex 77.7566 16.7251 0
      vertex 77.9097 17.4948 2
      vertex 77.9097 17.4948 0
    endloop
  endfacet
  facet normal -0.980786 0.195087 0
    outer loop
      vertex 77.9097 17.4948 2
      vertex 77.7566 16.7251 0
      vertex 77.7566 16.7251 2
    endloop
  endfacet
  facet normal 0.997862 -0.0653605 0
    outer loop
      vertex 65.961 18.278 2
      vertex 66.0123 19.0612 0
      vertex 66.0123 19.0612 2
    endloop
  endfacet
  facet normal 0.997862 -0.0653605 0
    outer loop
      vertex 66.0123 19.0612 0
      vertex 65.961 18.278 2
      vertex 65.961 18.278 0
    endloop
  endfacet
  facet normal -0.195087 0.980786 0
    outer loop
      vertex 73.5139 12.4824 0
      vertex 72.7442 12.3293 2
      vertex 73.5139 12.4824 2
    endloop
  endfacet
  facet normal -0.195087 0.980786 0
    outer loop
      vertex 72.7442 12.3293 2
      vertex 73.5139 12.4824 0
      vertex 72.7442 12.3293 0
    endloop
  endfacet
  facet normal 0.980786 -0.195087 0
    outer loop
      vertex 66.0123 19.0612 2
      vertex 66.1654 19.8309 0
      vertex 66.1654 19.8309 2
    endloop
  endfacet
  facet normal 0.980786 -0.195087 0
    outer loop
      vertex 66.1654 19.8309 0
      vertex 66.0123 19.0612 2
      vertex 66.0123 19.0612 0
    endloop
  endfacet
  facet normal -0.442263 -0.896885 0
    outer loop
      vertex 74.2571 23.8213 0
      vertex 74.961 23.4742 2
      vertex 74.2571 23.8213 2
    endloop
  endfacet
  facet normal -0.442263 -0.896885 -0
    outer loop
      vertex 74.961 23.4742 2
      vertex 74.2571 23.8213 0
      vertex 74.961 23.4742 0
    endloop
  endfacet
  facet normal 0.831442 -0.555611 0
    outer loop
      vertex 66.7648 21.278 2
      vertex 67.2009 21.9306 0
      vertex 67.2009 21.9306 2
    endloop
  endfacet
  facet normal 0.831442 -0.555611 0
    outer loop
      vertex 67.2009 21.9306 0
      vertex 66.7648 21.278 2
      vertex 66.7648 21.278 0
    endloop
  endfacet
  facet normal -0.831442 0.555611 0
    outer loop
      vertex 76.7211 14.6254 0
      vertex 77.1572 15.278 2
      vertex 77.1572 15.278 0
    endloop
  endfacet
  facet normal -0.831442 0.555611 0
    outer loop
      vertex 77.1572 15.278 2
      vertex 76.7211 14.6254 0
      vertex 76.7211 14.6254 2
    endloop
  endfacet
  facet normal -0.442263 0.896885 0
    outer loop
      vertex 74.961 13.0818 0
      vertex 74.2571 12.7347 2
      vertex 74.961 13.0818 2
    endloop
  endfacet
  facet normal -0.442263 0.896885 0
    outer loop
      vertex 74.2571 12.7347 2
      vertex 74.961 13.0818 0
      vertex 74.2571 12.7347 0
    endloop
  endfacet
  facet normal -0.751787 0.659406 0
    outer loop
      vertex 76.2036 14.0354 0
      vertex 76.7211 14.6254 2
      vertex 76.7211 14.6254 0
    endloop
  endfacet
  facet normal -0.751787 0.659406 0
    outer loop
      vertex 76.7211 14.6254 2
      vertex 76.2036 14.0354 0
      vertex 76.2036 14.0354 2
    endloop
  endfacet
  facet normal -0.32146 -0.946923 0
    outer loop
      vertex 73.5139 24.0736 0
      vertex 74.2571 23.8213 2
      vertex 73.5139 24.0736 2
    endloop
  endfacet
  facet normal -0.32146 -0.946923 -0
    outer loop
      vertex 74.2571 23.8213 2
      vertex 73.5139 24.0736 0
      vertex 74.2571 23.8213 0
    endloop
  endfacet
  facet normal 0.442263 -0.896885 0
    outer loop
      vertex 68.961 23.4742 0
      vertex 69.6649 23.8213 2
      vertex 68.961 23.4742 2
    endloop
  endfacet
  facet normal 0.442263 -0.896885 0
    outer loop
      vertex 69.6649 23.8213 2
      vertex 68.961 23.4742 0
      vertex 69.6649 23.8213 0
    endloop
  endfacet
  facet normal 0.751787 -0.659406 0
    outer loop
      vertex 67.2009 21.9306 2
      vertex 67.7184 22.5206 0
      vertex 67.7184 22.5206 2
    endloop
  endfacet
  facet normal 0.751787 -0.659406 0
    outer loop
      vertex 67.7184 22.5206 0
      vertex 67.2009 21.9306 2
      vertex 67.2009 21.9306 0
    endloop
  endfacet
  facet normal 0.555611 0.831442 -0
    outer loop
      vertex 68.961 13.0818 0
      vertex 68.3084 13.5179 2
      vertex 68.961 13.0818 2
    endloop
  endfacet
  facet normal 0.555611 0.831442 0
    outer loop
      vertex 68.3084 13.5179 2
      vertex 68.961 13.0818 0
      vertex 68.3084 13.5179 0
    endloop
  endfacet
  facet normal -0.32146 0.946923 0
    outer loop
      vertex 74.2571 12.7347 0
      vertex 73.5139 12.4824 2
      vertex 74.2571 12.7347 2
    endloop
  endfacet
  facet normal -0.32146 0.946923 0
    outer loop
      vertex 73.5139 12.4824 2
      vertex 74.2571 12.7347 0
      vertex 73.5139 12.4824 0
    endloop
  endfacet
  facet normal -0.0653605 -0.997862 0
    outer loop
      vertex 71.961 24.278 0
      vertex 72.7442 24.2267 2
      vertex 71.961 24.278 2
    endloop
  endfacet
  facet normal -0.0653605 -0.997862 -0
    outer loop
      vertex 72.7442 24.2267 2
      vertex 71.961 24.278 0
      vertex 72.7442 24.2267 0
    endloop
  endfacet
  facet normal 0.896885 0.442263 0
    outer loop
      vertex 66.7648 15.278 2
      vertex 66.4177 15.9819 0
      vertex 66.4177 15.9819 2
    endloop
  endfacet
  facet normal 0.896885 0.442263 0
    outer loop
      vertex 66.4177 15.9819 0
      vertex 66.7648 15.278 2
      vertex 66.7648 15.278 0
    endloop
  endfacet
  facet normal 0.896885 -0.442263 0
    outer loop
      vertex 66.4177 20.5741 2
      vertex 66.7648 21.278 0
      vertex 66.7648 21.278 2
    endloop
  endfacet
  facet normal 0.896885 -0.442263 0
    outer loop
      vertex 66.7648 21.278 0
      vertex 66.4177 20.5741 2
      vertex 66.4177 20.5741 0
    endloop
  endfacet
  facet normal 0.555611 -0.831442 0
    outer loop
      vertex 68.3084 23.0381 0
      vertex 68.961 23.4742 2
      vertex 68.3084 23.0381 2
    endloop
  endfacet
  facet normal 0.555611 -0.831442 0
    outer loop
      vertex 68.961 23.4742 2
      vertex 68.3084 23.0381 0
      vertex 68.961 23.4742 0
    endloop
  endfacet
  facet normal -0.555611 0.831442 0
    outer loop
      vertex 75.6136 13.5179 0
      vertex 74.961 13.0818 2
      vertex 75.6136 13.5179 2
    endloop
  endfacet
  facet normal -0.555611 0.831442 0
    outer loop
      vertex 74.961 13.0818 2
      vertex 75.6136 13.5179 0
      vertex 74.961 13.0818 0
    endloop
  endfacet
  facet normal 0.195087 0.980786 -0
    outer loop
      vertex 71.1778 12.3293 0
      vertex 70.4081 12.4824 2
      vertex 71.1778 12.3293 2
    endloop
  endfacet
  facet normal 0.195087 0.980786 0
    outer loop
      vertex 70.4081 12.4824 2
      vertex 71.1778 12.3293 0
      vertex 70.4081 12.4824 0
    endloop
  endfacet
  facet normal -0.997862 0.0653605 0
    outer loop
      vertex 77.9097 17.4948 0
      vertex 77.961 18.278 2
      vertex 77.961 18.278 0
    endloop
  endfacet
  facet normal -0.997862 0.0653605 0
    outer loop
      vertex 77.961 18.278 2
      vertex 77.9097 17.4948 0
      vertex 77.9097 17.4948 2
    endloop
  endfacet
  facet normal -0.659406 -0.751787 0
    outer loop
      vertex 75.6136 23.0381 0
      vertex 76.2036 22.5206 2
      vertex 75.6136 23.0381 2
    endloop
  endfacet
  facet normal -0.659406 -0.751787 -0
    outer loop
      vertex 76.2036 22.5206 2
      vertex 75.6136 23.0381 0
      vertex 76.2036 22.5206 0
    endloop
  endfacet
  facet normal 0.195087 -0.980786 0
    outer loop
      vertex 70.4081 24.0736 0
      vertex 71.1778 24.2267 2
      vertex 70.4081 24.0736 2
    endloop
  endfacet
  facet normal 0.195087 -0.980786 0
    outer loop
      vertex 71.1778 24.2267 2
      vertex 70.4081 24.0736 0
      vertex 71.1778 24.2267 0
    endloop
  endfacet
  facet normal 0.32146 -0.946923 0
    outer loop
      vertex 69.6649 23.8213 0
      vertex 70.4081 24.0736 2
      vertex 69.6649 23.8213 2
    endloop
  endfacet
  facet normal 0.32146 -0.946923 0
    outer loop
      vertex 70.4081 24.0736 2
      vertex 69.6649 23.8213 0
      vertex 70.4081 24.0736 0
    endloop
  endfacet
  facet normal -0.831442 -0.555611 0
    outer loop
      vertex 77.1572 21.278 0
      vertex 76.7211 21.9306 2
      vertex 76.7211 21.9306 0
    endloop
  endfacet
  facet normal -0.831442 -0.555611 0
    outer loop
      vertex 76.7211 21.9306 2
      vertex 77.1572 21.278 0
      vertex 77.1572 21.278 2
    endloop
  endfacet
  facet normal -0.659406 0.751787 0
    outer loop
      vertex 76.2036 14.0354 0
      vertex 75.6136 13.5179 2
      vertex 76.2036 14.0354 2
    endloop
  endfacet
  facet normal -0.659406 0.751787 0
    outer loop
      vertex 75.6136 13.5179 2
      vertex 76.2036 14.0354 0
      vertex 75.6136 13.5179 0
    endloop
  endfacet
  facet normal -0.896885 -0.442263 0
    outer loop
      vertex 77.5043 20.5741 0
      vertex 77.1572 21.278 2
      vertex 77.1572 21.278 0
    endloop
  endfacet
  facet normal -0.896885 -0.442263 0
    outer loop
      vertex 77.1572 21.278 2
      vertex 77.5043 20.5741 0
      vertex 77.5043 20.5741 2
    endloop
  endfacet
  facet normal 0.831442 0.555611 0
    outer loop
      vertex 67.2009 14.6254 2
      vertex 66.7648 15.278 0
      vertex 66.7648 15.278 2
    endloop
  endfacet
  facet normal 0.831442 0.555611 0
    outer loop
      vertex 66.7648 15.278 0
      vertex 67.2009 14.6254 2
      vertex 67.2009 14.6254 0
    endloop
  endfacet
  facet normal 0.0653605 0.997862 -0
    outer loop
      vertex 71.961 12.278 0
      vertex 71.1778 12.3293 2
      vertex 71.961 12.278 2
    endloop
  endfacet
  facet normal 0.0653605 0.997862 0
    outer loop
      vertex 71.1778 12.3293 2
      vertex 71.961 12.278 0
      vertex 71.1778 12.3293 0
    endloop
  endfacet
  facet normal -0.555611 -0.831442 0
    outer loop
      vertex 74.961 23.4742 0
      vertex 75.6136 23.0381 2
      vertex 74.961 23.4742 2
    endloop
  endfacet
  facet normal -0.555611 -0.831442 -0
    outer loop
      vertex 75.6136 23.0381 2
      vertex 74.961 23.4742 0
      vertex 75.6136 23.0381 0
    endloop
  endfacet
  facet normal -0.896885 0.442263 0
    outer loop
      vertex 77.1572 15.278 0
      vertex 77.5043 15.9819 2
      vertex 77.5043 15.9819 0
    endloop
  endfacet
  facet normal -0.896885 0.442263 0
    outer loop
      vertex 77.5043 15.9819 2
      vertex 77.1572 15.278 0
      vertex 77.1572 15.278 2
    endloop
  endfacet
  facet normal 0.980786 0.195087 0
    outer loop
      vertex 66.1654 16.7251 2
      vertex 66.0123 17.4948 0
      vertex 66.0123 17.4948 2
    endloop
  endfacet
  facet normal 0.980786 0.195087 0
    outer loop
      vertex 66.0123 17.4948 0
      vertex 66.1654 16.7251 2
      vertex 66.1654 16.7251 0
    endloop
  endfacet
  facet normal -0.751787 -0.659406 0
    outer loop
      vertex 76.7211 21.9306 0
      vertex 76.2036 22.5206 2
      vertex 76.2036 22.5206 0
    endloop
  endfacet
  facet normal -0.751787 -0.659406 0
    outer loop
      vertex 76.2036 22.5206 2
      vertex 76.7211 21.9306 0
      vertex 76.7211 21.9306 2
    endloop
  endfacet
  facet normal 0.751787 0.659406 0
    outer loop
      vertex 67.7184 14.0354 2
      vertex 67.2009 14.6254 0
      vertex 67.2009 14.6254 2
    endloop
  endfacet
  facet normal 0.751787 0.659406 0
    outer loop
      vertex 67.2009 14.6254 0
      vertex 67.7184 14.0354 2
      vertex 67.7184 14.0354 0
    endloop
  endfacet
  facet normal -0.946923 -0.32146 0
    outer loop
      vertex 77.7566 19.8309 0
      vertex 77.5043 20.5741 2
      vertex 77.5043 20.5741 0
    endloop
  endfacet
  facet normal -0.946923 -0.32146 0
    outer loop
      vertex 77.5043 20.5741 2
      vertex 77.7566 19.8309 0
      vertex 77.7566 19.8309 2
    endloop
  endfacet
  facet normal 0.997862 0.0653605 0
    outer loop
      vertex 66.0123 17.4948 2
      vertex 65.961 18.278 0
      vertex 65.961 18.278 2
    endloop
  endfacet
  facet normal 0.997862 0.0653605 0
    outer loop
      vertex 65.961 18.278 0
      vertex 66.0123 17.4948 2
      vertex 66.0123 17.4948 0
    endloop
  endfacet
  facet normal 0.32146 0.946923 -0
    outer loop
      vertex 70.4081 12.4824 0
      vertex 69.6649 12.7347 2
      vertex 70.4081 12.4824 2
    endloop
  endfacet
  facet normal 0.32146 0.946923 0
    outer loop
      vertex 69.6649 12.7347 2
      vertex 70.4081 12.4824 0
      vertex 69.6649 12.7347 0
    endloop
  endfacet
  facet normal -0.195087 -0.980786 0
    outer loop
      vertex 72.7442 24.2267 0
      vertex 73.5139 24.0736 2
      vertex 72.7442 24.2267 2
    endloop
  endfacet
  facet normal -0.195087 -0.980786 -0
    outer loop
      vertex 73.5139 24.0736 2
      vertex 72.7442 24.2267 0
      vertex 73.5139 24.0736 0
    endloop
  endfacet
  facet normal -0.946923 0.32146 0
    outer loop
      vertex 77.5043 15.9819 0
      vertex 77.7566 16.7251 2
      vertex 77.7566 16.7251 0
    endloop
  endfacet
  facet normal -0.946923 0.32146 0
    outer loop
      vertex 77.7566 16.7251 2
      vertex 77.5043 15.9819 0
      vertex 77.5043 15.9819 2
    endloop
  endfacet
  facet normal 0.659406 0.751787 -0
    outer loop
      vertex 68.3084 13.5179 0
      vertex 67.7184 14.0354 2
      vertex 68.3084 13.5179 2
    endloop
  endfacet
  facet normal 0.659406 0.751787 0
    outer loop
      vertex 67.7184 14.0354 2
      vertex 68.3084 13.5179 0
      vertex 67.7184 14.0354 0
    endloop
  endfacet
  facet normal 0.946923 -0.32146 0
    outer loop
      vertex 66.1654 19.8309 2
      vertex 66.4177 20.5741 0
      vertex 66.4177 20.5741 2
    endloop
  endfacet
  facet normal 0.946923 -0.32146 0
    outer loop
      vertex 66.4177 20.5741 0
      vertex 66.1654 19.8309 2
      vertex 66.1654 19.8309 0
    endloop
  endfacet
  facet normal 0.442263 0.896885 -0
    outer loop
      vertex 69.6649 12.7347 0
      vertex 68.961 13.0818 2
      vertex 69.6649 12.7347 2
    endloop
  endfacet
  facet normal 0.442263 0.896885 0
    outer loop
      vertex 68.961 13.0818 2
      vertex 69.6649 12.7347 0
      vertex 68.961 13.0818 0
    endloop
  endfacet
  facet normal -0.946872 0.321612 0
    outer loop
      vertex 62.3974 9.74224 0
      vertex 62.4563 9.91565 2
      vertex 62.4563 9.91565 0
    endloop
  endfacet
  facet normal -0.946872 0.321612 0
    outer loop
      vertex 62.4563 9.91565 2
      vertex 62.3974 9.74224 0
      vertex 62.3974 9.74224 2
    endloop
  endfacet
  facet normal -0.195066 0.98079 0
    outer loop
      vertex 61.4663 8.9257 0
      vertex 61.2867 8.88998 2
      vertex 61.4663 8.9257 2
    endloop
  endfacet
  facet normal -0.195066 0.98079 0
    outer loop
      vertex 61.2867 8.88998 2
      vertex 61.4663 8.9257 0
      vertex 61.2867 8.88998 0
    endloop
  endfacet
  facet normal -0.980811 -0.194961 0
    outer loop
      vertex 62.492 10.4607 0
      vertex 62.4563 10.6403 2
      vertex 62.4563 10.6403 0
    endloop
  endfacet
  facet normal -0.980811 -0.194961 0
    outer loop
      vertex 62.4563 10.6403 2
      vertex 62.492 10.4607 0
      vertex 62.492 10.4607 2
    endloop
  endfacet
  facet normal -0.99785 -0.0655402 0
    outer loop
      vertex 62.504 10.278 0
      vertex 62.492 10.4607 2
      vertex 62.492 10.4607 0
    endloop
  endfacet
  facet normal -0.99785 -0.0655402 0
    outer loop
      vertex 62.492 10.4607 2
      vertex 62.504 10.278 0
      vertex 62.504 10.278 2
    endloop
  endfacet
  facet normal 0.831579 0.555406 0
    outer loop
      vertex 59.9933 9.42573 2
      vertex 59.8916 9.578 0
      vertex 59.8916 9.578 2
    endloop
  endfacet
  facet normal 0.831579 0.555406 0
    outer loop
      vertex 59.8916 9.578 0
      vertex 59.9933 9.42573 2
      vertex 59.9933 9.42573 0
    endloop
  endfacet
  facet normal -0.980821 0.194909 0
    outer loop
      vertex 62.4563 9.91565 0
      vertex 62.492 10.0953 2
      vertex 62.492 10.0953 0
    endloop
  endfacet
  facet normal -0.980821 0.194909 0
    outer loop
      vertex 62.492 10.0953 2
      vertex 62.4563 9.91565 0
      vertex 62.4563 9.91565 2
    endloop
  endfacet
  facet normal 0.751493 -0.659741 0
    outer loop
      vertex 59.9933 11.1303 2
      vertex 60.1141 11.2679 0
      vertex 60.1141 11.2679 2
    endloop
  endfacet
  facet normal 0.751493 -0.659741 0
    outer loop
      vertex 60.1141 11.2679 0
      vertex 59.9933 11.1303 2
      vertex 59.9933 11.1303 0
    endloop
  endfacet
  facet normal 0.195066 0.98079 -0
    outer loop
      vertex 60.9213 8.88998 0
      vertex 60.7417 8.9257 2
      vertex 60.9213 8.88998 2
    endloop
  endfacet
  facet normal 0.195066 0.98079 0
    outer loop
      vertex 60.7417 8.9257 2
      vertex 60.9213 8.88998 0
      vertex 60.7417 8.9257 0
    endloop
  endfacet
  facet normal 0.99785 0.0655402 0
    outer loop
      vertex 59.716 10.0953 2
      vertex 59.704 10.278 0
      vertex 59.704 10.278 2
    endloop
  endfacet
  facet normal 0.99785 0.0655402 0
    outer loop
      vertex 59.704 10.278 0
      vertex 59.716 10.0953 2
      vertex 59.716 10.0953 0
    endloop
  endfacet
  facet normal -0.659741 -0.751493 0
    outer loop
      vertex 61.9563 11.3887 0
      vertex 62.0939 11.2679 2
      vertex 61.9563 11.3887 2
    endloop
  endfacet
  facet normal -0.659741 -0.751493 -0
    outer loop
      vertex 62.0939 11.2679 2
      vertex 61.9563 11.3887 0
      vertex 62.0939 11.2679 0
    endloop
  endfacet
  facet normal 0.659741 -0.751493 0
    outer loop
      vertex 60.1141 11.2679 0
      vertex 60.2517 11.3887 2
      vertex 60.1141 11.2679 2
    endloop
  endfacet
  facet normal 0.659741 -0.751493 0
    outer loop
      vertex 60.2517 11.3887 2
      vertex 60.1141 11.2679 0
      vertex 60.2517 11.3887 0
    endloop
  endfacet
  facet normal 0.555481 0.831529 -0
    outer loop
      vertex 60.404 9.06556 0
      vertex 60.2517 9.1673 2
      vertex 60.404 9.06556 2
    endloop
  endfacet
  facet normal 0.555481 0.831529 0
    outer loop
      vertex 60.2517 9.1673 2
      vertex 60.404 9.06556 0
      vertex 60.2517 9.1673 0
    endloop
  endfacet
  facet normal -0.831579 0.555406 0
    outer loop
      vertex 62.2147 9.42573 0
      vertex 62.3164 9.578 2
      vertex 62.3164 9.578 0
    endloop
  endfacet
  facet normal -0.831579 0.555406 0
    outer loop
      vertex 62.3164 9.578 2
      vertex 62.2147 9.42573 0
      vertex 62.2147 9.42573 2
    endloop
  endfacet
  facet normal 0.89686 0.442314 0
    outer loop
      vertex 59.8916 9.578 2
      vertex 59.8106 9.74224 0
      vertex 59.8106 9.74224 2
    endloop
  endfacet
  facet normal 0.89686 0.442314 0
    outer loop
      vertex 59.8106 9.74224 0
      vertex 59.8916 9.578 2
      vertex 59.8916 9.578 0
    endloop
  endfacet
  facet normal -0.321462 -0.946922 0
    outer loop
      vertex 61.4663 11.6303 0
      vertex 61.6398 11.5714 2
      vertex 61.4663 11.6303 2
    endloop
  endfacet
  facet normal -0.321462 -0.946922 -0
    outer loop
      vertex 61.6398 11.5714 2
      vertex 61.4663 11.6303 0
      vertex 61.6398 11.5714 0
    endloop
  endfacet
  facet normal -0.55533 -0.83163 0
    outer loop
      vertex 61.804 11.4904 0
      vertex 61.9563 11.3887 2
      vertex 61.804 11.4904 2
    endloop
  endfacet
  facet normal -0.55533 -0.83163 -0
    outer loop
      vertex 61.9563 11.3887 2
      vertex 61.804 11.4904 0
      vertex 61.9563 11.3887 0
    endloop
  endfacet
  facet normal 0.946872 0.321612 0
    outer loop
      vertex 59.8106 9.74224 2
      vertex 59.7517 9.91565 0
      vertex 59.7517 9.91565 2
    endloop
  endfacet
  facet normal 0.946872 0.321612 0
    outer loop
      vertex 59.7517 9.91565 0
      vertex 59.8106 9.74224 2
      vertex 59.8106 9.74224 0
    endloop
  endfacet
  facet normal -0.442401 -0.896817 0
    outer loop
      vertex 61.6398 11.5714 0
      vertex 61.804 11.4904 2
      vertex 61.6398 11.5714 2
    endloop
  endfacet
  facet normal -0.442401 -0.896817 -0
    outer loop
      vertex 61.804 11.4904 2
      vertex 61.6398 11.5714 0
      vertex 61.804 11.4904 0
    endloop
  endfacet
  facet normal 0.980821 0.194909 0
    outer loop
      vertex 59.7517 9.91565 2
      vertex 59.716 10.0953 0
      vertex 59.716 10.0953 2
    endloop
  endfacet
  facet normal 0.980821 0.194909 0
    outer loop
      vertex 59.716 10.0953 0
      vertex 59.7517 9.91565 2
      vertex 59.7517 9.91565 0
    endloop
  endfacet
  facet normal -0.946922 -0.321462 0
    outer loop
      vertex 62.4563 10.6403 0
      vertex 62.3974 10.8138 2
      vertex 62.3974 10.8138 0
    endloop
  endfacet
  facet normal -0.946922 -0.321462 0
    outer loop
      vertex 62.3974 10.8138 2
      vertex 62.4563 10.6403 0
      vertex 62.4563 10.6403 2
    endloop
  endfacet
  facet normal -0.99785 0.0655402 0
    outer loop
      vertex 62.492 10.0953 0
      vertex 62.504 10.278 2
      vertex 62.504 10.278 0
    endloop
  endfacet
  facet normal -0.99785 0.0655402 0
    outer loop
      vertex 62.504 10.278 2
      vertex 62.492 10.0953 0
      vertex 62.492 10.0953 2
    endloop
  endfacet
  facet normal 0.194961 -0.980811 0
    outer loop
      vertex 60.7417 11.6303 0
      vertex 60.9213 11.666 2
      vertex 60.7417 11.6303 2
    endloop
  endfacet
  facet normal 0.194961 -0.980811 0
    outer loop
      vertex 60.9213 11.666 2
      vertex 60.7417 11.6303 0
      vertex 60.9213 11.666 0
    endloop
  endfacet
  facet normal -0.194961 -0.980811 0
    outer loop
      vertex 61.2867 11.666 0
      vertex 61.4663 11.6303 2
      vertex 61.2867 11.666 2
    endloop
  endfacet
  facet normal -0.194961 -0.980811 -0
    outer loop
      vertex 61.4663 11.6303 2
      vertex 61.2867 11.666 0
      vertex 61.4663 11.6303 0
    endloop
  endfacet
  facet normal 0.751683 0.659524 0
    outer loop
      vertex 60.1141 9.28805 2
      vertex 59.9933 9.42573 0
      vertex 59.9933 9.42573 2
    endloop
  endfacet
  facet normal 0.751683 0.659524 0
    outer loop
      vertex 59.9933 9.42573 0
      vertex 60.1141 9.28805 2
      vertex 60.1141 9.28805 0
    endloop
  endfacet
  facet normal 0.55533 -0.83163 0
    outer loop
      vertex 60.2517 11.3887 0
      vertex 60.404 11.4904 2
      vertex 60.2517 11.3887 2
    endloop
  endfacet
  facet normal 0.55533 -0.83163 0
    outer loop
      vertex 60.404 11.4904 2
      vertex 60.2517 11.3887 0
      vertex 60.404 11.4904 0
    endloop
  endfacet
  facet normal 0.321462 -0.946922 0
    outer loop
      vertex 60.5682 11.5714 0
      vertex 60.7417 11.6303 2
      vertex 60.5682 11.5714 2
    endloop
  endfacet
  facet normal 0.321462 -0.946922 0
    outer loop
      vertex 60.7417 11.6303 2
      vertex 60.5682 11.5714 0
      vertex 60.7417 11.6303 0
    endloop
  endfacet
  facet normal -0.83163 -0.55533 0
    outer loop
      vertex 62.3164 10.978 0
      vertex 62.2147 11.1303 2
      vertex 62.2147 11.1303 0
    endloop
  endfacet
  facet normal -0.83163 -0.55533 0
    outer loop
      vertex 62.2147 11.1303 2
      vertex 62.3164 10.978 0
      vertex 62.3164 10.978 2
    endloop
  endfacet
  facet normal 0.99785 -0.0655402 0
    outer loop
      vertex 59.704 10.278 2
      vertex 59.716 10.4607 0
      vertex 59.716 10.4607 2
    endloop
  endfacet
  facet normal 0.99785 -0.0655402 0
    outer loop
      vertex 59.716 10.4607 0
      vertex 59.704 10.278 2
      vertex 59.704 10.278 0
    endloop
  endfacet
  facet normal -0.442357 0.896839 0
    outer loop
      vertex 61.804 9.06556 0
      vertex 61.6398 8.98457 2
      vertex 61.804 9.06556 2
    endloop
  endfacet
  facet normal -0.442357 0.896839 0
    outer loop
      vertex 61.6398 8.98457 2
      vertex 61.804 9.06556 0
      vertex 61.6398 8.98457 0
    endloop
  endfacet
  facet normal 0.442401 -0.896817 0
    outer loop
      vertex 60.404 11.4904 0
      vertex 60.5682 11.5714 2
      vertex 60.404 11.4904 2
    endloop
  endfacet
  facet normal 0.442401 -0.896817 0
    outer loop
      vertex 60.5682 11.5714 2
      vertex 60.404 11.4904 0
      vertex 60.5682 11.5714 0
    endloop
  endfacet
  facet normal 0.980811 -0.194961 0
    outer loop
      vertex 59.716 10.4607 2
      vertex 59.7517 10.6403 0
      vertex 59.7517 10.6403 2
    endloop
  endfacet
  facet normal 0.980811 -0.194961 0
    outer loop
      vertex 59.7517 10.6403 0
      vertex 59.716 10.4607 2
      vertex 59.716 10.4607 0
    endloop
  endfacet
  facet normal -0.896817 -0.442401 0
    outer loop
      vertex 62.3974 10.8138 0
      vertex 62.3164 10.978 2
      vertex 62.3164 10.978 0
    endloop
  endfacet
  facet normal -0.896817 -0.442401 0
    outer loop
      vertex 62.3164 10.978 2
      vertex 62.3974 10.8138 0
      vertex 62.3974 10.8138 2
    endloop
  endfacet
  facet normal 0.896817 -0.442401 0
    outer loop
      vertex 59.8106 10.8138 2
      vertex 59.8916 10.978 0
      vertex 59.8916 10.978 2
    endloop
  endfacet
  facet normal 0.896817 -0.442401 0
    outer loop
      vertex 59.8916 10.978 0
      vertex 59.8106 10.8138 2
      vertex 59.8106 10.8138 0
    endloop
  endfacet
  facet normal 0.659587 0.751628 -0
    outer loop
      vertex 60.2517 9.1673 0
      vertex 60.1141 9.28805 2
      vertex 60.2517 9.1673 2
    endloop
  endfacet
  facet normal 0.659587 0.751628 0
    outer loop
      vertex 60.1141 9.28805 2
      vertex 60.2517 9.1673 0
      vertex 60.1141 9.28805 0
    endloop
  endfacet
  facet normal -0.659587 0.751628 0
    outer loop
      vertex 62.0939 9.28805 0
      vertex 61.9563 9.1673 2
      vertex 62.0939 9.28805 2
    endloop
  endfacet
  facet normal -0.659587 0.751628 0
    outer loop
      vertex 61.9563 9.1673 2
      vertex 62.0939 9.28805 0
      vertex 61.9563 9.1673 0
    endloop
  endfacet
  facet normal -0.555481 0.831529 0
    outer loop
      vertex 61.9563 9.1673 0
      vertex 61.804 9.06556 2
      vertex 61.9563 9.1673 2
    endloop
  endfacet
  facet normal -0.555481 0.831529 0
    outer loop
      vertex 61.804 9.06556 2
      vertex 61.9563 9.1673 0
      vertex 61.804 9.06556 0
    endloop
  endfacet
  facet normal -0.751683 0.659524 0
    outer loop
      vertex 62.0939 9.28805 0
      vertex 62.2147 9.42573 2
      vertex 62.2147 9.42573 0
    endloop
  endfacet
  facet normal -0.751683 0.659524 0
    outer loop
      vertex 62.2147 9.42573 2
      vertex 62.0939 9.28805 0
      vertex 62.0939 9.28805 2
    endloop
  endfacet
  facet normal 0.0654315 0.997857 -0
    outer loop
      vertex 61.104 8.878 0
      vertex 60.9213 8.88998 2
      vertex 61.104 8.878 2
    endloop
  endfacet
  facet normal 0.0654315 0.997857 0
    outer loop
      vertex 60.9213 8.88998 2
      vertex 61.104 8.878 0
      vertex 60.9213 8.88998 0
    endloop
  endfacet
  facet normal -0.89686 0.442314 0
    outer loop
      vertex 62.3164 9.578 0
      vertex 62.3974 9.74224 2
      vertex 62.3974 9.74224 0
    endloop
  endfacet
  facet normal -0.89686 0.442314 0
    outer loop
      vertex 62.3974 9.74224 2
      vertex 62.3164 9.578 0
      vertex 62.3164 9.578 2
    endloop
  endfacet
  facet normal -0.0654315 0.997857 0
    outer loop
      vertex 61.2867 8.88998 0
      vertex 61.104 8.878 2
      vertex 61.2867 8.88998 2
    endloop
  endfacet
  facet normal -0.0654315 0.997857 0
    outer loop
      vertex 61.104 8.878 2
      vertex 61.2867 8.88998 0
      vertex 61.104 8.878 0
    endloop
  endfacet
  facet normal -0.751493 -0.659741 0
    outer loop
      vertex 62.2147 11.1303 0
      vertex 62.0939 11.2679 2
      vertex 62.0939 11.2679 0
    endloop
  endfacet
  facet normal -0.751493 -0.659741 0
    outer loop
      vertex 62.0939 11.2679 2
      vertex 62.2147 11.1303 0
      vertex 62.2147 11.1303 2
    endloop
  endfacet
  facet normal -0.0655402 -0.99785 0
    outer loop
      vertex 61.104 11.678 0
      vertex 61.2867 11.666 2
      vertex 61.104 11.678 2
    endloop
  endfacet
  facet normal -0.0655402 -0.99785 -0
    outer loop
      vertex 61.2867 11.666 2
      vertex 61.104 11.678 0
      vertex 61.2867 11.666 0
    endloop
  endfacet
  facet normal -0.321316 0.946972 0
    outer loop
      vertex 61.6398 8.98457 0
      vertex 61.4663 8.9257 2
      vertex 61.6398 8.98457 2
    endloop
  endfacet
  facet normal -0.321316 0.946972 0
    outer loop
      vertex 61.4663 8.9257 2
      vertex 61.6398 8.98457 0
      vertex 61.4663 8.9257 0
    endloop
  endfacet
  facet normal 0.0655402 -0.99785 0
    outer loop
      vertex 60.9213 11.666 0
      vertex 61.104 11.678 2
      vertex 60.9213 11.666 2
    endloop
  endfacet
  facet normal 0.0655402 -0.99785 0
    outer loop
      vertex 61.104 11.678 2
      vertex 60.9213 11.666 0
      vertex 61.104 11.678 0
    endloop
  endfacet
  facet normal 0.83163 -0.55533 0
    outer loop
      vertex 59.8916 10.978 2
      vertex 59.9933 11.1303 0
      vertex 59.9933 11.1303 2
    endloop
  endfacet
  facet normal 0.83163 -0.55533 0
    outer loop
      vertex 59.9933 11.1303 0
      vertex 59.8916 10.978 2
      vertex 59.8916 10.978 0
    endloop
  endfacet
  facet normal 0.946922 -0.321462 0
    outer loop
      vertex 59.7517 10.6403 2
      vertex 59.8106 10.8138 0
      vertex 59.8106 10.8138 2
    endloop
  endfacet
  facet normal 0.946922 -0.321462 0
    outer loop
      vertex 59.8106 10.8138 0
      vertex 59.7517 10.6403 2
      vertex 59.7517 10.6403 0
    endloop
  endfacet
  facet normal 0.321316 0.946972 -0
    outer loop
      vertex 60.7417 8.9257 0
      vertex 60.5682 8.98457 2
      vertex 60.7417 8.9257 2
    endloop
  endfacet
  facet normal 0.321316 0.946972 0
    outer loop
      vertex 60.5682 8.98457 2
      vertex 60.7417 8.9257 0
      vertex 60.5682 8.98457 0
    endloop
  endfacet
  facet normal 0.442357 0.896839 -0
    outer loop
      vertex 60.5682 8.98457 0
      vertex 60.404 9.06556 2
      vertex 60.5682 8.98457 2
    endloop
  endfacet
  facet normal 0.442357 0.896839 0
    outer loop
      vertex 60.404 9.06556 2
      vertex 60.5682 8.98457 0
      vertex 60.404 9.06556 0
    endloop
  endfacet
  facet normal -0.946922 0.321462 0
    outer loop
      vertex 62.3974 25.7422 0
      vertex 62.4563 25.9157 2
      vertex 62.4563 25.9157 0
    endloop
  endfacet
  facet normal -0.946922 0.321462 0
    outer loop
      vertex 62.4563 25.9157 2
      vertex 62.3974 25.7422 0
      vertex 62.3974 25.7422 2
    endloop
  endfacet
  facet normal -0.194961 0.980811 0
    outer loop
      vertex 61.4663 24.9257 0
      vertex 61.2867 24.89 2
      vertex 61.4663 24.9257 2
    endloop
  endfacet
  facet normal -0.194961 0.980811 0
    outer loop
      vertex 61.2867 24.89 2
      vertex 61.4663 24.9257 0
      vertex 61.2867 24.89 0
    endloop
  endfacet
  facet normal -0.980811 -0.194961 0
    outer loop
      vertex 62.492 26.4607 0
      vertex 62.4563 26.6403 2
      vertex 62.4563 26.6403 0
    endloop
  endfacet
  facet normal -0.980811 -0.194961 0
    outer loop
      vertex 62.4563 26.6403 2
      vertex 62.492 26.4607 0
      vertex 62.492 26.4607 2
    endloop
  endfacet
  facet normal -0.99785 -0.0655402 0
    outer loop
      vertex 62.504 26.278 0
      vertex 62.492 26.4607 2
      vertex 62.492 26.4607 0
    endloop
  endfacet
  facet normal -0.99785 -0.0655402 0
    outer loop
      vertex 62.492 26.4607 2
      vertex 62.504 26.278 0
      vertex 62.504 26.278 2
    endloop
  endfacet
  facet normal 0.83163 0.55533 0
    outer loop
      vertex 59.9933 25.4257 2
      vertex 59.8916 25.578 0
      vertex 59.8916 25.578 2
    endloop
  endfacet
  facet normal 0.83163 0.55533 0
    outer loop
      vertex 59.8916 25.578 0
      vertex 59.9933 25.4257 2
      vertex 59.9933 25.4257 0
    endloop
  endfacet
  facet normal -0.980811 0.194961 0
    outer loop
      vertex 62.4563 25.9157 0
      vertex 62.492 26.0953 2
      vertex 62.492 26.0953 0
    endloop
  endfacet
  facet normal -0.980811 0.194961 0
    outer loop
      vertex 62.492 26.0953 2
      vertex 62.4563 25.9157 0
      vertex 62.4563 25.9157 2
    endloop
  endfacet
  facet normal 0.751493 -0.659741 0
    outer loop
      vertex 59.9933 27.1303 2
      vertex 60.1141 27.2679 0
      vertex 60.1141 27.2679 2
    endloop
  endfacet
  facet normal 0.751493 -0.659741 0
    outer loop
      vertex 60.1141 27.2679 0
      vertex 59.9933 27.1303 2
      vertex 59.9933 27.1303 0
    endloop
  endfacet
  facet normal 0.194961 0.980811 -0
    outer loop
      vertex 60.9213 24.89 0
      vertex 60.7417 24.9257 2
      vertex 60.9213 24.89 2
    endloop
  endfacet
  facet normal 0.194961 0.980811 0
    outer loop
      vertex 60.7417 24.9257 2
      vertex 60.9213 24.89 0
      vertex 60.7417 24.9257 0
    endloop
  endfacet
  facet normal 0.99785 0.0655402 0
    outer loop
      vertex 59.716 26.0953 2
      vertex 59.704 26.278 0
      vertex 59.704 26.278 2
    endloop
  endfacet
  facet normal 0.99785 0.0655402 0
    outer loop
      vertex 59.704 26.278 0
      vertex 59.716 26.0953 2
      vertex 59.716 26.0953 0
    endloop
  endfacet
  facet normal -0.659741 -0.751493 0
    outer loop
      vertex 61.9563 27.3887 0
      vertex 62.0939 27.2679 2
      vertex 61.9563 27.3887 2
    endloop
  endfacet
  facet normal -0.659741 -0.751493 -0
    outer loop
      vertex 62.0939 27.2679 2
      vertex 61.9563 27.3887 0
      vertex 62.0939 27.2679 0
    endloop
  endfacet
  facet normal 0.659741 -0.751493 0
    outer loop
      vertex 60.1141 27.2679 0
      vertex 60.2517 27.3887 2
      vertex 60.1141 27.2679 2
    endloop
  endfacet
  facet normal 0.659741 -0.751493 0
    outer loop
      vertex 60.2517 27.3887 2
      vertex 60.1141 27.2679 0
      vertex 60.2517 27.3887 0
    endloop
  endfacet
  facet normal 0.55533 0.83163 -0
    outer loop
      vertex 60.404 25.0656 0
      vertex 60.2517 25.1673 2
      vertex 60.404 25.0656 2
    endloop
  endfacet
  facet normal 0.55533 0.83163 0
    outer loop
      vertex 60.2517 25.1673 2
      vertex 60.404 25.0656 0
      vertex 60.2517 25.1673 0
    endloop
  endfacet
  facet normal -0.83163 0.55533 0
    outer loop
      vertex 62.2147 25.4257 0
      vertex 62.3164 25.578 2
      vertex 62.3164 25.578 0
    endloop
  endfacet
  facet normal -0.83163 0.55533 0
    outer loop
      vertex 62.3164 25.578 2
      vertex 62.2147 25.4257 0
      vertex 62.2147 25.4257 2
    endloop
  endfacet
  facet normal 0.896817 0.442401 0
    outer loop
      vertex 59.8916 25.578 2
      vertex 59.8106 25.7422 0
      vertex 59.8106 25.7422 2
    endloop
  endfacet
  facet normal 0.896817 0.442401 0
    outer loop
      vertex 59.8106 25.7422 0
      vertex 59.8916 25.578 2
      vertex 59.8916 25.578 0
    endloop
  endfacet
  facet normal -0.321462 -0.946922 0
    outer loop
      vertex 61.4663 27.6303 0
      vertex 61.6398 27.5714 2
      vertex 61.4663 27.6303 2
    endloop
  endfacet
  facet normal -0.321462 -0.946922 -0
    outer loop
      vertex 61.6398 27.5714 2
      vertex 61.4663 27.6303 0
      vertex 61.6398 27.5714 0
    endloop
  endfacet
  facet normal -0.55533 -0.83163 0
    outer loop
      vertex 61.804 27.4904 0
      vertex 61.9563 27.3887 2
      vertex 61.804 27.4904 2
    endloop
  endfacet
  facet normal -0.55533 -0.83163 -0
    outer loop
      vertex 61.9563 27.3887 2
      vertex 61.804 27.4904 0
      vertex 61.9563 27.3887 0
    endloop
  endfacet
  facet normal 0.946922 0.321462 0
    outer loop
      vertex 59.8106 25.7422 2
      vertex 59.7517 25.9157 0
      vertex 59.7517 25.9157 2
    endloop
  endfacet
  facet normal 0.946922 0.321462 0
    outer loop
      vertex 59.7517 25.9157 0
      vertex 59.8106 25.7422 2
      vertex 59.8106 25.7422 0
    endloop
  endfacet
  facet normal -0.442401 -0.896817 0
    outer loop
      vertex 61.6398 27.5714 0
      vertex 61.804 27.4904 2
      vertex 61.6398 27.5714 2
    endloop
  endfacet
  facet normal -0.442401 -0.896817 -0
    outer loop
      vertex 61.804 27.4904 2
      vertex 61.6398 27.5714 0
      vertex 61.804 27.4904 0
    endloop
  endfacet
  facet normal 0.980811 0.194961 0
    outer loop
      vertex 59.7517 25.9157 2
      vertex 59.716 26.0953 0
      vertex 59.716 26.0953 2
    endloop
  endfacet
  facet normal 0.980811 0.194961 0
    outer loop
      vertex 59.716 26.0953 0
      vertex 59.7517 25.9157 2
      vertex 59.7517 25.9157 0
    endloop
  endfacet
  facet normal -0.946922 -0.321462 0
    outer loop
      vertex 62.4563 26.6403 0
      vertex 62.3974 26.8138 2
      vertex 62.3974 26.8138 0
    endloop
  endfacet
  facet normal -0.946922 -0.321462 0
    outer loop
      vertex 62.3974 26.8138 2
      vertex 62.4563 26.6403 0
      vertex 62.4563 26.6403 2
    endloop
  endfacet
  facet normal -0.99785 0.0655402 0
    outer loop
      vertex 62.492 26.0953 0
      vertex 62.504 26.278 2
      vertex 62.504 26.278 0
    endloop
  endfacet
  facet normal -0.99785 0.0655402 0
    outer loop
      vertex 62.504 26.278 2
      vertex 62.492 26.0953 0
      vertex 62.492 26.0953 2
    endloop
  endfacet
  facet normal 0.194961 -0.980811 0
    outer loop
      vertex 60.7417 27.6303 0
      vertex 60.9213 27.666 2
      vertex 60.7417 27.6303 2
    endloop
  endfacet
  facet normal 0.194961 -0.980811 0
    outer loop
      vertex 60.9213 27.666 2
      vertex 60.7417 27.6303 0
      vertex 60.9213 27.666 0
    endloop
  endfacet
  facet normal -0.194961 -0.980811 0
    outer loop
      vertex 61.2867 27.666 0
      vertex 61.4663 27.6303 2
      vertex 61.2867 27.666 2
    endloop
  endfacet
  facet normal -0.194961 -0.980811 -0
    outer loop
      vertex 61.4663 27.6303 2
      vertex 61.2867 27.666 0
      vertex 61.4663 27.6303 0
    endloop
  endfacet
  facet normal 0.751731 0.65947 0
    outer loop
      vertex 60.1141 25.288 2
      vertex 59.9933 25.4257 0
      vertex 59.9933 25.4257 2
    endloop
  endfacet
  facet normal 0.751731 0.65947 0
    outer loop
      vertex 59.9933 25.4257 0
      vertex 60.1141 25.288 2
      vertex 60.1141 25.288 0
    endloop
  endfacet
  facet normal 0.55533 -0.83163 0
    outer loop
      vertex 60.2517 27.3887 0
      vertex 60.404 27.4904 2
      vertex 60.2517 27.3887 2
    endloop
  endfacet
  facet normal 0.55533 -0.83163 0
    outer loop
      vertex 60.404 27.4904 2
      vertex 60.2517 27.3887 0
      vertex 60.404 27.4904 0
    endloop
  endfacet
  facet normal 0.321462 -0.946922 0
    outer loop
      vertex 60.5682 27.5714 0
      vertex 60.7417 27.6303 2
      vertex 60.5682 27.5714 2
    endloop
  endfacet
  facet normal 0.321462 -0.946922 0
    outer loop
      vertex 60.7417 27.6303 2
      vertex 60.5682 27.5714 0
      vertex 60.7417 27.6303 0
    endloop
  endfacet
  facet normal -0.83163 -0.55533 0
    outer loop
      vertex 62.3164 26.978 0
      vertex 62.2147 27.1303 2
      vertex 62.2147 27.1303 0
    endloop
  endfacet
  facet normal -0.83163 -0.55533 0
    outer loop
      vertex 62.2147 27.1303 2
      vertex 62.3164 26.978 0
      vertex 62.3164 26.978 2
    endloop
  endfacet
  facet normal 0.99785 -0.0655402 0
    outer loop
      vertex 59.704 26.278 2
      vertex 59.716 26.4607 0
      vertex 59.716 26.4607 2
    endloop
  endfacet
  facet normal 0.99785 -0.0655402 0
    outer loop
      vertex 59.716 26.4607 0
      vertex 59.704 26.278 2
      vertex 59.704 26.278 0
    endloop
  endfacet
  facet normal -0.442401 0.896817 0
    outer loop
      vertex 61.804 25.0656 0
      vertex 61.6398 24.9846 2
      vertex 61.804 25.0656 2
    endloop
  endfacet
  facet normal -0.442401 0.896817 0
    outer loop
      vertex 61.6398 24.9846 2
      vertex 61.804 25.0656 0
      vertex 61.6398 24.9846 0
    endloop
  endfacet
  facet normal 0.442401 -0.896817 0
    outer loop
      vertex 60.404 27.4904 0
      vertex 60.5682 27.5714 2
      vertex 60.404 27.4904 2
    endloop
  endfacet
  facet normal 0.442401 -0.896817 0
    outer loop
      vertex 60.5682 27.5714 2
      vertex 60.404 27.4904 0
      vertex 60.5682 27.5714 0
    endloop
  endfacet
  facet normal 0.980811 -0.194961 0
    outer loop
      vertex 59.716 26.4607 2
      vertex 59.7517 26.6403 0
      vertex 59.7517 26.6403 2
    endloop
  endfacet
  facet normal 0.980811 -0.194961 0
    outer loop
      vertex 59.7517 26.6403 0
      vertex 59.716 26.4607 2
      vertex 59.716 26.4607 0
    endloop
  endfacet
  facet normal -0.896817 -0.442401 0
    outer loop
      vertex 62.3974 26.8138 0
      vertex 62.3164 26.978 2
      vertex 62.3164 26.978 0
    endloop
  endfacet
  facet normal -0.896817 -0.442401 0
    outer loop
      vertex 62.3164 26.978 2
      vertex 62.3974 26.8138 0
      vertex 62.3974 26.8138 2
    endloop
  endfacet
  facet normal 0.896817 -0.442401 0
    outer loop
      vertex 59.8106 26.8138 2
      vertex 59.8916 26.978 0
      vertex 59.8916 26.978 2
    endloop
  endfacet
  facet normal 0.896817 -0.442401 0
    outer loop
      vertex 59.8916 26.978 0
      vertex 59.8106 26.8138 2
      vertex 59.8106 26.8138 0
    endloop
  endfacet
  facet normal 0.659432 0.751764 -0
    outer loop
      vertex 60.2517 25.1673 0
      vertex 60.1141 25.288 2
      vertex 60.2517 25.1673 2
    endloop
  endfacet
  facet normal 0.659432 0.751764 0
    outer loop
      vertex 60.1141 25.288 2
      vertex 60.2517 25.1673 0
      vertex 60.1141 25.288 0
    endloop
  endfacet
  facet normal -0.659432 0.751764 0
    outer loop
      vertex 62.0939 25.288 0
      vertex 61.9563 25.1673 2
      vertex 62.0939 25.288 2
    endloop
  endfacet
  facet normal -0.659432 0.751764 0
    outer loop
      vertex 61.9563 25.1673 2
      vertex 62.0939 25.288 0
      vertex 61.9563 25.1673 0
    endloop
  endfacet
  facet normal -0.55533 0.83163 0
    outer loop
      vertex 61.9563 25.1673 0
      vertex 61.804 25.0656 2
      vertex 61.9563 25.1673 2
    endloop
  endfacet
  facet normal -0.55533 0.83163 0
    outer loop
      vertex 61.804 25.0656 2
      vertex 61.9563 25.1673 0
      vertex 61.804 25.0656 0
    endloop
  endfacet
  facet normal -0.751731 0.65947 0
    outer loop
      vertex 62.0939 25.288 0
      vertex 62.2147 25.4257 2
      vertex 62.2147 25.4257 0
    endloop
  endfacet
  facet normal -0.751731 0.65947 0
    outer loop
      vertex 62.2147 25.4257 2
      vertex 62.0939 25.288 0
      vertex 62.0939 25.288 2
    endloop
  endfacet
  facet normal 0.0655402 0.99785 -0
    outer loop
      vertex 61.104 24.878 0
      vertex 60.9213 24.89 2
      vertex 61.104 24.878 2
    endloop
  endfacet
  facet normal 0.0655402 0.99785 0
    outer loop
      vertex 60.9213 24.89 2
      vertex 61.104 24.878 0
      vertex 60.9213 24.89 0
    endloop
  endfacet
  facet normal -0.896817 0.442401 0
    outer loop
      vertex 62.3164 25.578 0
      vertex 62.3974 25.7422 2
      vertex 62.3974 25.7422 0
    endloop
  endfacet
  facet normal -0.896817 0.442401 0
    outer loop
      vertex 62.3974 25.7422 2
      vertex 62.3164 25.578 0
      vertex 62.3164 25.578 2
    endloop
  endfacet
  facet normal -0.0655402 0.99785 0
    outer loop
      vertex 61.2867 24.89 0
      vertex 61.104 24.878 2
      vertex 61.2867 24.89 2
    endloop
  endfacet
  facet normal -0.0655402 0.99785 0
    outer loop
      vertex 61.104 24.878 2
      vertex 61.2867 24.89 0
      vertex 61.104 24.878 0
    endloop
  endfacet
  facet normal -0.751493 -0.659741 0
    outer loop
      vertex 62.2147 27.1303 0
      vertex 62.0939 27.2679 2
      vertex 62.0939 27.2679 0
    endloop
  endfacet
  facet normal -0.751493 -0.659741 0
    outer loop
      vertex 62.0939 27.2679 2
      vertex 62.2147 27.1303 0
      vertex 62.2147 27.1303 2
    endloop
  endfacet
  facet normal -0.0655402 -0.99785 0
    outer loop
      vertex 61.104 27.678 0
      vertex 61.2867 27.666 2
      vertex 61.104 27.678 2
    endloop
  endfacet
  facet normal -0.0655402 -0.99785 -0
    outer loop
      vertex 61.2867 27.666 2
      vertex 61.104 27.678 0
      vertex 61.2867 27.666 0
    endloop
  endfacet
  facet normal -0.321462 0.946922 0
    outer loop
      vertex 61.6398 24.9846 0
      vertex 61.4663 24.9257 2
      vertex 61.6398 24.9846 2
    endloop
  endfacet
  facet normal -0.321462 0.946922 0
    outer loop
      vertex 61.4663 24.9257 2
      vertex 61.6398 24.9846 0
      vertex 61.4663 24.9257 0
    endloop
  endfacet
  facet normal 0.0655402 -0.99785 0
    outer loop
      vertex 60.9213 27.666 0
      vertex 61.104 27.678 2
      vertex 60.9213 27.666 2
    endloop
  endfacet
  facet normal 0.0655402 -0.99785 0
    outer loop
      vertex 61.104 27.678 2
      vertex 60.9213 27.666 0
      vertex 61.104 27.678 0
    endloop
  endfacet
  facet normal 0.946922 -0.321462 0
    outer loop
      vertex 59.7517 26.6403 2
      vertex 59.8106 26.8138 0
      vertex 59.8106 26.8138 2
    endloop
  endfacet
  facet normal 0.946922 -0.321462 0
    outer loop
      vertex 59.8106 26.8138 0
      vertex 59.7517 26.6403 2
      vertex 59.7517 26.6403 0
    endloop
  endfacet
  facet normal 0.321462 0.946922 -0
    outer loop
      vertex 60.7417 24.9257 0
      vertex 60.5682 24.9846 2
      vertex 60.7417 24.9257 2
    endloop
  endfacet
  facet normal 0.321462 0.946922 0
    outer loop
      vertex 60.5682 24.9846 2
      vertex 60.7417 24.9257 0
      vertex 60.5682 24.9846 0
    endloop
  endfacet
  facet normal 0.442401 0.896817 -0
    outer loop
      vertex 60.5682 24.9846 0
      vertex 60.404 25.0656 2
      vertex 60.5682 24.9846 2
    endloop
  endfacet
  facet normal 0.442401 0.896817 0
    outer loop
      vertex 60.404 25.0656 2
      vertex 60.5682 24.9846 0
      vertex 60.404 25.0656 0
    endloop
  endfacet
  facet normal 0.83163 -0.55533 0
    outer loop
      vertex 59.8916 26.978 2
      vertex 59.9933 27.1303 0
      vertex 59.9933 27.1303 2
    endloop
  endfacet
  facet normal 0.83163 -0.55533 0
    outer loop
      vertex 59.9933 27.1303 0
      vertex 59.8916 26.978 2
      vertex 59.8916 26.978 0
    endloop
  endfacet
  facet normal -0.980825 0.194891 0
    outer loop
      vertex 57.6141 51.8684 0
      vertex 57.6447 52.0224 2
      vertex 57.6447 52.0224 0
    endloop
  endfacet
  facet normal -0.980825 0.194891 0
    outer loop
      vertex 57.6447 52.0224 2
      vertex 57.6141 51.8684 0
      vertex 57.6141 51.8684 2
    endloop
  endfacet
  facet normal -0.0656309 0.997844 0
    outer loop
      vertex 56.6116 50.9893 0
      vertex 56.455 50.979 2
      vertex 56.6116 50.9893 2
    endloop
  endfacet
  facet normal -0.0656309 0.997844 0
    outer loop
      vertex 56.455 50.979 2
      vertex 56.6116 50.9893 0
      vertex 56.455 50.979 0
    endloop
  endfacet
  facet normal -0.980825 -0.194891 0
    outer loop
      vertex 57.6447 52.3356 0
      vertex 57.6141 52.4896 2
      vertex 57.6141 52.4896 0
    endloop
  endfacet
  facet normal -0.980825 -0.194891 0
    outer loop
      vertex 57.6141 52.4896 2
      vertex 57.6447 52.3356 0
      vertex 57.6447 52.3356 2
    endloop
  endfacet
  facet normal -0.997844 -0.0656309 0
    outer loop
      vertex 57.655 52.179 0
      vertex 57.6447 52.3356 2
      vertex 57.6447 52.3356 0
    endloop
  endfacet
  facet normal -0.997844 -0.0656309 0
    outer loop
      vertex 57.6447 52.3356 2
      vertex 57.655 52.179 0
      vertex 57.655 52.179 2
    endloop
  endfacet
  facet normal -0.831462 0.555582 0
    outer loop
      vertex 57.407 51.4485 0
      vertex 57.4942 51.579 2
      vertex 57.4942 51.579 0
    endloop
  endfacet
  facet normal -0.831462 0.555582 0
    outer loop
      vertex 57.4942 51.579 2
      vertex 57.407 51.4485 0
      vertex 57.407 51.4485 2
    endloop
  endfacet
  facet normal 0.194891 -0.980825 0
    outer loop
      vertex 56.1444 53.3381 0
      vertex 56.2984 53.3687 2
      vertex 56.1444 53.3381 2
    endloop
  endfacet
  facet normal 0.194891 -0.980825 0
    outer loop
      vertex 56.2984 53.3687 2
      vertex 56.1444 53.3381 0
      vertex 56.2984 53.3687 0
    endloop
  endfacet
  facet normal -0.896708 0.442622 0
    outer loop
      vertex 57.4942 51.579 0
      vertex 57.5637 51.7198 2
      vertex 57.5637 51.7198 0
    endloop
  endfacet
  facet normal -0.896708 0.442622 0
    outer loop
      vertex 57.5637 51.7198 2
      vertex 57.4942 51.579 0
      vertex 57.4942 51.579 2
    endloop
  endfacet
  facet normal 0.442622 -0.896708 0
    outer loop
      vertex 55.855 53.2182 0
      vertex 55.9958 53.2877 2
      vertex 55.855 53.2182 2
    endloop
  endfacet
  facet normal 0.442622 -0.896708 0
    outer loop
      vertex 55.9958 53.2877 2
      vertex 55.855 53.2182 0
      vertex 55.9958 53.2877 0
    endloop
  endfacet
  facet normal -0.659406 0.751787 0
    outer loop
      vertex 57.3035 51.3305 0
      vertex 57.1855 51.227 2
      vertex 57.3035 51.3305 2
    endloop
  endfacet
  facet normal -0.659406 0.751787 0
    outer loop
      vertex 57.1855 51.227 2
      vertex 57.3035 51.3305 0
      vertex 57.1855 51.227 0
    endloop
  endfacet
  facet normal -0.555582 -0.831462 0
    outer loop
      vertex 57.055 53.2182 0
      vertex 57.1855 53.131 2
      vertex 57.055 53.2182 2
    endloop
  endfacet
  facet normal -0.555582 -0.831462 -0
    outer loop
      vertex 57.1855 53.131 2
      vertex 57.055 53.2182 0
      vertex 57.1855 53.131 0
    endloop
  endfacet
  facet normal 0.321194 0.947013 -0
    outer loop
      vertex 56.1444 51.0199 0
      vertex 55.9958 51.0703 2
      vertex 56.1444 51.0199 2
    endloop
  endfacet
  facet normal 0.321194 0.947013 0
    outer loop
      vertex 55.9958 51.0703 2
      vertex 56.1444 51.0199 0
      vertex 55.9958 51.0703 0
    endloop
  endfacet
  facet normal 0.947013 -0.321194 0
    outer loop
      vertex 55.2959 52.4896 2
      vertex 55.3463 52.6382 0
      vertex 55.3463 52.6382 2
    endloop
  endfacet
  facet normal 0.947013 -0.321194 0
    outer loop
      vertex 55.3463 52.6382 0
      vertex 55.2959 52.4896 2
      vertex 55.2959 52.4896 0
    endloop
  endfacet
  facet normal -0.194891 -0.980825 0
    outer loop
      vertex 56.6116 53.3687 0
      vertex 56.7656 53.3381 2
      vertex 56.6116 53.3687 2
    endloop
  endfacet
  facet normal -0.194891 -0.980825 -0
    outer loop
      vertex 56.7656 53.3381 2
      vertex 56.6116 53.3687 0
      vertex 56.7656 53.3381 0
    endloop
  endfacet
  facet normal 0.997844 0.0656309 0
    outer loop
      vertex 55.2653 52.0224 2
      vertex 55.255 52.179 0
      vertex 55.255 52.179 2
    endloop
  endfacet
  facet normal 0.997844 0.0656309 0
    outer loop
      vertex 55.255 52.179 0
      vertex 55.2653 52.0224 2
      vertex 55.2653 52.0224 0
    endloop
  endfacet
  facet normal 0.947013 0.321194 0
    outer loop
      vertex 55.3463 51.7198 2
      vertex 55.2959 51.8684 0
      vertex 55.2959 51.8684 2
    endloop
  endfacet
  facet normal 0.947013 0.321194 0
    outer loop
      vertex 55.2959 51.8684 0
      vertex 55.3463 51.7198 2
      vertex 55.3463 51.7198 0
    endloop
  endfacet
  facet normal 0.896708 -0.442622 0
    outer loop
      vertex 55.3463 52.6382 2
      vertex 55.4158 52.779 0
      vertex 55.4158 52.779 2
    endloop
  endfacet
  facet normal 0.896708 -0.442622 0
    outer loop
      vertex 55.4158 52.779 0
      vertex 55.3463 52.6382 2
      vertex 55.3463 52.6382 0
    endloop
  endfacet
  facet normal -0.751787 0.659406 0
    outer loop
      vertex 57.3035 51.3305 0
      vertex 57.407 51.4485 2
      vertex 57.407 51.4485 0
    endloop
  endfacet
  facet normal -0.751787 0.659406 0
    outer loop
      vertex 57.407 51.4485 2
      vertex 57.3035 51.3305 0
      vertex 57.3035 51.3305 2
    endloop
  endfacet
  facet normal 0.442622 0.896708 -0
    outer loop
      vertex 55.9958 51.0703 0
      vertex 55.855 51.1398 2
      vertex 55.9958 51.0703 2
    endloop
  endfacet
  facet normal 0.442622 0.896708 0
    outer loop
      vertex 55.855 51.1398 2
      vertex 55.9958 51.0703 0
      vertex 55.855 51.1398 0
    endloop
  endfacet
  facet normal -0.947013 -0.321194 0
    outer loop
      vertex 57.6141 52.4896 0
      vertex 57.5637 52.6382 2
      vertex 57.5637 52.6382 0
    endloop
  endfacet
  facet normal -0.947013 -0.321194 0
    outer loop
      vertex 57.5637 52.6382 2
      vertex 57.6141 52.4896 0
      vertex 57.6141 52.4896 2
    endloop
  endfacet
  facet normal 0.555582 -0.831462 0
    outer loop
      vertex 55.7245 53.131 0
      vertex 55.855 53.2182 2
      vertex 55.7245 53.131 2
    endloop
  endfacet
  facet normal 0.555582 -0.831462 0
    outer loop
      vertex 55.855 53.2182 2
      vertex 55.7245 53.131 0
      vertex 55.855 53.2182 0
    endloop
  endfacet
  facet normal -0.947013 0.321194 0
    outer loop
      vertex 57.5637 51.7198 0
      vertex 57.6141 51.8684 2
      vertex 57.6141 51.8684 0
    endloop
  endfacet
  facet normal -0.947013 0.321194 0
    outer loop
      vertex 57.6141 51.8684 2
      vertex 57.5637 51.7198 0
      vertex 57.5637 51.7198 2
    endloop
  endfacet
  facet normal -0.831462 -0.555582 0
    outer loop
      vertex 57.4942 52.779 0
      vertex 57.407 52.9095 2
      vertex 57.407 52.9095 0
    endloop
  endfacet
  facet normal -0.831462 -0.555582 0
    outer loop
      vertex 57.407 52.9095 2
      vertex 57.4942 52.779 0
      vertex 57.4942 52.779 2
    endloop
  endfacet
  facet normal -0.442622 -0.896708 0
    outer loop
      vertex 56.9142 53.2877 0
      vertex 57.055 53.2182 2
      vertex 56.9142 53.2877 2
    endloop
  endfacet
  facet normal -0.442622 -0.896708 -0
    outer loop
      vertex 57.055 53.2182 2
      vertex 56.9142 53.2877 0
      vertex 57.055 53.2182 0
    endloop
  endfacet
  facet normal -0.751787 -0.659406 0
    outer loop
      vertex 57.407 52.9095 0
      vertex 57.3035 53.0275 2
      vertex 57.3035 53.0275 0
    endloop
  endfacet
  facet normal -0.751787 -0.659406 0
    outer loop
      vertex 57.3035 53.0275 2
      vertex 57.407 52.9095 0
      vertex 57.407 52.9095 2
    endloop
  endfacet
  facet normal -0.321194 0.947013 0
    outer loop
      vertex 56.9142 51.0703 0
      vertex 56.7656 51.0199 2
      vertex 56.9142 51.0703 2
    endloop
  endfacet
  facet normal -0.321194 0.947013 0
    outer loop
      vertex 56.7656 51.0199 2
      vertex 56.9142 51.0703 0
      vertex 56.7656 51.0199 0
    endloop
  endfacet
  facet normal -0.659406 -0.751787 0
    outer loop
      vertex 57.1855 53.131 0
      vertex 57.3035 53.0275 2
      vertex 57.1855 53.131 2
    endloop
  endfacet
  facet normal -0.659406 -0.751787 -0
    outer loop
      vertex 57.3035 53.0275 2
      vertex 57.1855 53.131 0
      vertex 57.3035 53.0275 0
    endloop
  endfacet
  facet normal -0.997844 0.0656309 0
    outer loop
      vertex 57.6447 52.0224 0
      vertex 57.655 52.179 2
      vertex 57.655 52.179 0
    endloop
  endfacet
  facet normal -0.997844 0.0656309 0
    outer loop
      vertex 57.655 52.179 2
      vertex 57.6447 52.0224 0
      vertex 57.6447 52.0224 2
    endloop
  endfacet
  facet normal 0.0656309 -0.997844 0
    outer loop
      vertex 56.2984 53.3687 0
      vertex 56.455 53.379 2
      vertex 56.2984 53.3687 2
    endloop
  endfacet
  facet normal 0.0656309 -0.997844 0
    outer loop
      vertex 56.455 53.379 2
      vertex 56.2984 53.3687 0
      vertex 56.455 53.379 0
    endloop
  endfacet
  facet normal 0.555582 0.831462 -0
    outer loop
      vertex 55.855 51.1398 0
      vertex 55.7245 51.227 2
      vertex 55.855 51.1398 2
    endloop
  endfacet
  facet normal 0.555582 0.831462 0
    outer loop
      vertex 55.7245 51.227 2
      vertex 55.855 51.1398 0
      vertex 55.7245 51.227 0
    endloop
  endfacet
  facet normal 0.321194 -0.947013 0
    outer loop
      vertex 55.9958 53.2877 0
      vertex 56.1444 53.3381 2
      vertex 55.9958 53.2877 2
    endloop
  endfacet
  facet normal 0.321194 -0.947013 0
    outer loop
      vertex 56.1444 53.3381 2
      vertex 55.9958 53.2877 0
      vertex 56.1444 53.3381 0
    endloop
  endfacet
  facet normal 0.659406 0.751787 -0
    outer loop
      vertex 55.7245 51.227 0
      vertex 55.6065 51.3305 2
      vertex 55.7245 51.227 2
    endloop
  endfacet
  facet normal 0.659406 0.751787 0
    outer loop
      vertex 55.6065 51.3305 2
      vertex 55.7245 51.227 0
      vertex 55.6065 51.3305 0
    endloop
  endfacet
  facet normal 0.896708 0.442622 0
    outer loop
      vertex 55.4158 51.579 2
      vertex 55.3463 51.7198 0
      vertex 55.3463 51.7198 2
    endloop
  endfacet
  facet normal 0.896708 0.442622 0
    outer loop
      vertex 55.3463 51.7198 0
      vertex 55.4158 51.579 2
      vertex 55.4158 51.579 0
    endloop
  endfacet
  facet normal 0.997844 -0.0656309 0
    outer loop
      vertex 55.255 52.179 2
      vertex 55.2653 52.3356 0
      vertex 55.2653 52.3356 2
    endloop
  endfacet
  facet normal 0.997844 -0.0656309 0
    outer loop
      vertex 55.2653 52.3356 0
      vertex 55.255 52.179 2
      vertex 55.255 52.179 0
    endloop
  endfacet
  facet normal -0.442622 0.896708 0
    outer loop
      vertex 57.055 51.1398 0
      vertex 56.9142 51.0703 2
      vertex 57.055 51.1398 2
    endloop
  endfacet
  facet normal -0.442622 0.896708 0
    outer loop
      vertex 56.9142 51.0703 2
      vertex 57.055 51.1398 0
      vertex 56.9142 51.0703 0
    endloop
  endfacet
  facet normal 0.751787 -0.659406 0
    outer loop
      vertex 55.503 52.9095 2
      vertex 55.6065 53.0275 0
      vertex 55.6065 53.0275 2
    endloop
  endfacet
  facet normal 0.751787 -0.659406 0
    outer loop
      vertex 55.6065 53.0275 0
      vertex 55.503 52.9095 2
      vertex 55.503 52.9095 0
    endloop
  endfacet
  facet normal -0.555582 0.831462 0
    outer loop
      vertex 57.1855 51.227 0
      vertex 57.055 51.1398 2
      vertex 57.1855 51.227 2
    endloop
  endfacet
  facet normal -0.555582 0.831462 0
    outer loop
      vertex 57.055 51.1398 2
      vertex 57.1855 51.227 0
      vertex 57.055 51.1398 0
    endloop
  endfacet
  facet normal 0.659406 -0.751787 0
    outer loop
      vertex 55.6065 53.0275 0
      vertex 55.7245 53.131 2
      vertex 55.6065 53.0275 2
    endloop
  endfacet
  facet normal 0.659406 -0.751787 0
    outer loop
      vertex 55.7245 53.131 2
      vertex 55.6065 53.0275 0
      vertex 55.7245 53.131 0
    endloop
  endfacet
  facet normal -0.896708 -0.442622 0
    outer loop
      vertex 57.5637 52.6382 0
      vertex 57.4942 52.779 2
      vertex 57.4942 52.779 0
    endloop
  endfacet
  facet normal -0.896708 -0.442622 0
    outer loop
      vertex 57.4942 52.779 2
      vertex 57.5637 52.6382 0
      vertex 57.5637 52.6382 2
    endloop
  endfacet
  facet normal -0.321194 -0.947013 0
    outer loop
      vertex 56.7656 53.3381 0
      vertex 56.9142 53.2877 2
      vertex 56.7656 53.3381 2
    endloop
  endfacet
  facet normal -0.321194 -0.947013 -0
    outer loop
      vertex 56.9142 53.2877 2
      vertex 56.7656 53.3381 0
      vertex 56.9142 53.2877 0
    endloop
  endfacet
  facet normal 0.980825 0.194891 0
    outer loop
      vertex 55.2959 51.8684 2
      vertex 55.2653 52.0224 0
      vertex 55.2653 52.0224 2
    endloop
  endfacet
  facet normal 0.980825 0.194891 0
    outer loop
      vertex 55.2653 52.0224 0
      vertex 55.2959 51.8684 2
      vertex 55.2959 51.8684 0
    endloop
  endfacet
  facet normal 0.980825 -0.194891 0
    outer loop
      vertex 55.2653 52.3356 2
      vertex 55.2959 52.4896 0
      vertex 55.2959 52.4896 2
    endloop
  endfacet
  facet normal 0.980825 -0.194891 0
    outer loop
      vertex 55.2959 52.4896 0
      vertex 55.2653 52.3356 2
      vertex 55.2653 52.3356 0
    endloop
  endfacet
  facet normal 0.0656309 0.997844 -0
    outer loop
      vertex 56.455 50.979 0
      vertex 56.2984 50.9893 2
      vertex 56.455 50.979 2
    endloop
  endfacet
  facet normal 0.0656309 0.997844 0
    outer loop
      vertex 56.2984 50.9893 2
      vertex 56.455 50.979 0
      vertex 56.2984 50.9893 0
    endloop
  endfacet
  facet normal -0.194891 0.980825 0
    outer loop
      vertex 56.7656 51.0199 0
      vertex 56.6116 50.9893 2
      vertex 56.7656 51.0199 2
    endloop
  endfacet
  facet normal -0.194891 0.980825 0
    outer loop
      vertex 56.6116 50.9893 2
      vertex 56.7656 51.0199 0
      vertex 56.6116 50.9893 0
    endloop
  endfacet
  facet normal 0.831462 0.555582 0
    outer loop
      vertex 55.503 51.4485 2
      vertex 55.4158 51.579 0
      vertex 55.4158 51.579 2
    endloop
  endfacet
  facet normal 0.831462 0.555582 0
    outer loop
      vertex 55.4158 51.579 0
      vertex 55.503 51.4485 2
      vertex 55.503 51.4485 0
    endloop
  endfacet
  facet normal 0.751787 0.659406 0
    outer loop
      vertex 55.6065 51.3305 2
      vertex 55.503 51.4485 0
      vertex 55.503 51.4485 2
    endloop
  endfacet
  facet normal 0.751787 0.659406 0
    outer loop
      vertex 55.503 51.4485 0
      vertex 55.6065 51.3305 2
      vertex 55.6065 51.3305 0
    endloop
  endfacet
  facet normal -0.0656309 -0.997844 0
    outer loop
      vertex 56.455 53.379 0
      vertex 56.6116 53.3687 2
      vertex 56.455 53.379 2
    endloop
  endfacet
  facet normal -0.0656309 -0.997844 -0
    outer loop
      vertex 56.6116 53.3687 2
      vertex 56.455 53.379 0
      vertex 56.6116 53.3687 0
    endloop
  endfacet
  facet normal 0.194891 0.980825 -0
    outer loop
      vertex 56.2984 50.9893 0
      vertex 56.1444 51.0199 2
      vertex 56.2984 50.9893 2
    endloop
  endfacet
  facet normal 0.194891 0.980825 0
    outer loop
      vertex 56.1444 51.0199 2
      vertex 56.2984 50.9893 0
      vertex 56.1444 51.0199 0
    endloop
  endfacet
  facet normal 0.831462 -0.555582 0
    outer loop
      vertex 55.4158 52.779 2
      vertex 55.503 52.9095 0
      vertex 55.503 52.9095 2
    endloop
  endfacet
  facet normal 0.831462 -0.555582 0
    outer loop
      vertex 55.503 52.9095 0
      vertex 55.4158 52.779 2
      vertex 55.4158 52.779 0
    endloop
  endfacet
  facet normal -0.980335 0.19734 0
    outer loop
      vertex 129.944 24.3074 0
      vertex 129.975 24.4614 2
      vertex 129.975 24.4614 0
    endloop
  endfacet
  facet normal -0.980335 0.19734 0
    outer loop
      vertex 129.975 24.4614 2
      vertex 129.944 24.3074 0
      vertex 129.944 24.3074 2
    endloop
  endfacet
  facet normal -0.0654644 0.997855 0
    outer loop
      vertex 128.942 23.4283 0
      vertex 128.785 23.418 2
      vertex 128.942 23.4283 2
    endloop
  endfacet
  facet normal -0.0654644 0.997855 0
    outer loop
      vertex 128.785 23.418 2
      vertex 128.942 23.4283 0
      vertex 128.785 23.418 0
    endloop
  endfacet
  facet normal -0.980335 -0.19734 0
    outer loop
      vertex 129.975 24.7746 0
      vertex 129.944 24.9286 2
      vertex 129.944 24.9286 0
    endloop
  endfacet
  facet normal -0.980335 -0.19734 0
    outer loop
      vertex 129.944 24.9286 2
      vertex 129.975 24.7746 0
      vertex 129.975 24.7746 2
    endloop
  endfacet
  facet normal -0.997967 -0.0637272 0
    outer loop
      vertex 129.985 24.618 0
      vertex 129.975 24.7746 2
      vertex 129.975 24.7746 0
    endloop
  endfacet
  facet normal -0.997967 -0.0637272 0
    outer loop
      vertex 129.975 24.7746 2
      vertex 129.985 24.618 0
      vertex 129.985 24.618 2
    endloop
  endfacet
  facet normal 0.322361 0.946617 -0
    outer loop
      vertex 128.474 23.4589 0
      vertex 128.326 23.5093 2
      vertex 128.474 23.4589 2
    endloop
  endfacet
  facet normal 0.322361 0.946617 0
    outer loop
      vertex 128.326 23.5093 2
      vertex 128.474 23.4589 0
      vertex 128.326 23.5093 0
    endloop
  endfacet
  facet normal 0.753367 -0.6576 0
    outer loop
      vertex 127.833 25.3485 2
      vertex 127.936 25.4665 0
      vertex 127.936 25.4665 2
    endloop
  endfacet
  facet normal 0.753367 -0.6576 0
    outer loop
      vertex 127.936 25.4665 0
      vertex 127.833 25.3485 2
      vertex 127.833 25.3485 0
    endloop
  endfacet
  facet normal -0.0654644 -0.997855 0
    outer loop
      vertex 128.785 25.818 0
      vertex 128.942 25.8077 2
      vertex 128.785 25.818 2
    endloop
  endfacet
  facet normal -0.0654644 -0.997855 -0
    outer loop
      vertex 128.942 25.8077 2
      vertex 128.785 25.818 0
      vertex 128.942 25.8077 0
    endloop
  endfacet
  facet normal 0.980335 -0.19734 0
    outer loop
      vertex 127.595 24.7746 2
      vertex 127.626 24.9286 0
      vertex 127.626 24.9286 2
    endloop
  endfacet
  facet normal 0.980335 -0.19734 0
    outer loop
      vertex 127.626 24.9286 0
      vertex 127.595 24.7746 2
      vertex 127.595 24.7746 0
    endloop
  endfacet
  facet normal 0.442117 -0.896957 0
    outer loop
      vertex 128.185 25.6572 0
      vertex 128.326 25.7267 2
      vertex 128.185 25.6572 2
    endloop
  endfacet
  facet normal 0.442117 -0.896957 0
    outer loop
      vertex 128.326 25.7267 2
      vertex 128.185 25.6572 0
      vertex 128.326 25.7267 0
    endloop
  endfacet
  facet normal -0.659406 -0.751787 0
    outer loop
      vertex 129.516 25.57 0
      vertex 129.634 25.4665 2
      vertex 129.516 25.57 2
    endloop
  endfacet
  facet normal -0.659406 -0.751787 -0
    outer loop
      vertex 129.634 25.4665 2
      vertex 129.516 25.57 0
      vertex 129.634 25.4665 0
    endloop
  endfacet
  facet normal 0.895442 -0.445177 0
    outer loop
      vertex 127.676 25.0772 2
      vertex 127.746 25.218 0
      vertex 127.746 25.218 2
    endloop
  endfacet
  facet normal 0.895442 -0.445177 0
    outer loop
      vertex 127.746 25.218 0
      vertex 127.676 25.0772 2
      vertex 127.676 25.0772 0
    endloop
  endfacet
  facet normal 0.997967 0.0637272 0
    outer loop
      vertex 127.595 24.4614 2
      vertex 127.585 24.618 0
      vertex 127.585 24.618 2
    endloop
  endfacet
  facet normal 0.997967 0.0637272 0
    outer loop
      vertex 127.585 24.618 0
      vertex 127.595 24.4614 2
      vertex 127.595 24.4614 0
    endloop
  endfacet
  facet normal 0.997967 -0.0637272 0
    outer loop
      vertex 127.585 24.618 2
      vertex 127.595 24.7746 0
      vertex 127.595 24.7746 2
    endloop
  endfacet
  facet normal 0.997967 -0.0637272 0
    outer loop
      vertex 127.595 24.7746 0
      vertex 127.585 24.618 2
      vertex 127.585 24.618 0
    endloop
  endfacet
  facet normal 0.659406 -0.751787 0
    outer loop
      vertex 127.936 25.4665 0
      vertex 128.054 25.57 2
      vertex 127.936 25.4665 2
    endloop
  endfacet
  facet normal 0.659406 -0.751787 0
    outer loop
      vertex 128.054 25.57 2
      vertex 127.936 25.4665 0
      vertex 128.054 25.57 0
    endloop
  endfacet
  facet normal 0.947787 -0.318905 0
    outer loop
      vertex 127.626 24.9286 2
      vertex 127.676 25.0772 0
      vertex 127.676 25.0772 2
    endloop
  endfacet
  facet normal 0.947787 -0.318905 0
    outer loop
      vertex 127.676 25.0772 0
      vertex 127.626 24.9286 2
      vertex 127.626 24.9286 0
    endloop
  endfacet
  facet normal 0.554113 0.832441 -0
    outer loop
      vertex 128.185 23.5788 0
      vertex 128.054 23.666 2
      vertex 128.185 23.5788 2
    endloop
  endfacet
  facet normal 0.554113 0.832441 0
    outer loop
      vertex 128.054 23.666 2
      vertex 128.185 23.5788 0
      vertex 128.054 23.666 0
    endloop
  endfacet
  facet normal 0.442117 0.896957 -0
    outer loop
      vertex 128.326 23.5093 0
      vertex 128.185 23.5788 2
      vertex 128.326 23.5093 2
    endloop
  endfacet
  facet normal 0.442117 0.896957 0
    outer loop
      vertex 128.185 23.5788 2
      vertex 128.326 23.5093 0
      vertex 128.185 23.5788 0
    endloop
  endfacet
  facet normal -0.947787 0.318905 0
    outer loop
      vertex 129.894 24.1588 0
      vertex 129.944 24.3074 2
      vertex 129.944 24.3074 0
    endloop
  endfacet
  facet normal -0.947787 0.318905 0
    outer loop
      vertex 129.944 24.3074 2
      vertex 129.894 24.1588 0
      vertex 129.894 24.1588 2
    endloop
  endfacet
  facet normal -0.322361 -0.946617 0
    outer loop
      vertex 129.096 25.7771 0
      vertex 129.244 25.7267 2
      vertex 129.096 25.7771 2
    endloop
  endfacet
  facet normal -0.322361 -0.946617 -0
    outer loop
      vertex 129.244 25.7267 2
      vertex 129.096 25.7771 0
      vertex 129.244 25.7267 0
    endloop
  endfacet
  facet normal -0.83205 -0.5547 0
    outer loop
      vertex 129.824 25.218 0
      vertex 129.737 25.3485 2
      vertex 129.737 25.3485 0
    endloop
  endfacet
  facet normal -0.83205 -0.5547 0
    outer loop
      vertex 129.737 25.3485 2
      vertex 129.824 25.218 0
      vertex 129.824 25.218 2
    endloop
  endfacet
  facet normal 0.322361 -0.946617 0
    outer loop
      vertex 128.326 25.7267 0
      vertex 128.474 25.7771 2
      vertex 128.326 25.7267 2
    endloop
  endfacet
  facet normal 0.322361 -0.946617 0
    outer loop
      vertex 128.474 25.7771 2
      vertex 128.326 25.7267 0
      vertex 128.474 25.7771 0
    endloop
  endfacet
  facet normal -0.442117 -0.896957 0
    outer loop
      vertex 129.244 25.7267 0
      vertex 129.385 25.6572 2
      vertex 129.244 25.7267 2
    endloop
  endfacet
  facet normal -0.442117 -0.896957 -0
    outer loop
      vertex 129.385 25.6572 2
      vertex 129.244 25.7267 0
      vertex 129.385 25.6572 0
    endloop
  endfacet
  facet normal -0.83205 0.5547 0
    outer loop
      vertex 129.737 23.8875 0
      vertex 129.824 24.018 2
      vertex 129.824 24.018 0
    endloop
  endfacet
  facet normal -0.83205 0.5547 0
    outer loop
      vertex 129.824 24.018 2
      vertex 129.737 23.8875 0
      vertex 129.737 23.8875 2
    endloop
  endfacet
  facet normal -0.753367 -0.6576 0
    outer loop
      vertex 129.737 25.3485 0
      vertex 129.634 25.4665 2
      vertex 129.634 25.4665 0
    endloop
  endfacet
  facet normal -0.753367 -0.6576 0
    outer loop
      vertex 129.634 25.4665 2
      vertex 129.737 25.3485 0
      vertex 129.737 25.3485 2
    endloop
  endfacet
  facet normal 0.659406 0.751787 -0
    outer loop
      vertex 128.054 23.666 0
      vertex 127.936 23.7695 2
      vertex 128.054 23.666 2
    endloop
  endfacet
  facet normal 0.659406 0.751787 0
    outer loop
      vertex 127.936 23.7695 2
      vertex 128.054 23.666 0
      vertex 127.936 23.7695 0
    endloop
  endfacet
  facet normal -0.997967 0.0637272 0
    outer loop
      vertex 129.975 24.4614 0
      vertex 129.985 24.618 2
      vertex 129.985 24.618 0
    endloop
  endfacet
  facet normal -0.997967 0.0637272 0
    outer loop
      vertex 129.985 24.618 2
      vertex 129.975 24.4614 0
      vertex 129.975 24.4614 2
    endloop
  endfacet
  facet normal -0.554113 -0.832441 0
    outer loop
      vertex 129.385 25.6572 0
      vertex 129.516 25.57 2
      vertex 129.385 25.6572 2
    endloop
  endfacet
  facet normal -0.554113 -0.832441 -0
    outer loop
      vertex 129.516 25.57 2
      vertex 129.385 25.6572 0
      vertex 129.516 25.57 0
    endloop
  endfacet
  facet normal 0.895442 0.445177 0
    outer loop
      vertex 127.746 24.018 2
      vertex 127.676 24.1588 0
      vertex 127.676 24.1588 2
    endloop
  endfacet
  facet normal 0.895442 0.445177 0
    outer loop
      vertex 127.676 24.1588 0
      vertex 127.746 24.018 2
      vertex 127.746 24.018 0
    endloop
  endfacet
  facet normal 0.554113 -0.832441 0
    outer loop
      vertex 128.054 25.57 0
      vertex 128.185 25.6572 2
      vertex 128.054 25.57 2
    endloop
  endfacet
  facet normal 0.554113 -0.832441 0
    outer loop
      vertex 128.185 25.6572 2
      vertex 128.054 25.57 0
      vertex 128.185 25.6572 0
    endloop
  endfacet
  facet normal 0.0654644 -0.997855 0
    outer loop
      vertex 128.628 25.8077 0
      vertex 128.785 25.818 2
      vertex 128.628 25.8077 2
    endloop
  endfacet
  facet normal 0.0654644 -0.997855 0
    outer loop
      vertex 128.785 25.818 2
      vertex 128.628 25.8077 0
      vertex 128.785 25.818 0
    endloop
  endfacet
  facet normal -0.753367 0.6576 0
    outer loop
      vertex 129.634 23.7695 0
      vertex 129.737 23.8875 2
      vertex 129.737 23.8875 0
    endloop
  endfacet
  facet normal -0.753367 0.6576 0
    outer loop
      vertex 129.737 23.8875 2
      vertex 129.634 23.7695 0
      vertex 129.634 23.7695 2
    endloop
  endfacet
  facet normal 0.753367 0.6576 0
    outer loop
      vertex 127.936 23.7695 2
      vertex 127.833 23.8875 0
      vertex 127.833 23.8875 2
    endloop
  endfacet
  facet normal 0.753367 0.6576 0
    outer loop
      vertex 127.833 23.8875 0
      vertex 127.936 23.7695 2
      vertex 127.936 23.7695 0
    endloop
  endfacet
  facet normal -0.442117 0.896957 0
    outer loop
      vertex 129.385 23.5788 0
      vertex 129.244 23.5093 2
      vertex 129.385 23.5788 2
    endloop
  endfacet
  facet normal -0.442117 0.896957 0
    outer loop
      vertex 129.244 23.5093 2
      vertex 129.385 23.5788 0
      vertex 129.244 23.5093 0
    endloop
  endfacet
  facet normal 0.0654644 0.997855 -0
    outer loop
      vertex 128.785 23.418 0
      vertex 128.628 23.4283 2
      vertex 128.785 23.418 2
    endloop
  endfacet
  facet normal 0.0654644 0.997855 0
    outer loop
      vertex 128.628 23.4283 2
      vertex 128.785 23.418 0
      vertex 128.628 23.4283 0
    endloop
  endfacet
  facet normal -0.895442 -0.445177 0
    outer loop
      vertex 129.894 25.0772 0
      vertex 129.824 25.218 2
      vertex 129.824 25.218 0
    endloop
  endfacet
  facet normal -0.895442 -0.445177 0
    outer loop
      vertex 129.824 25.218 2
      vertex 129.894 25.0772 0
      vertex 129.894 25.0772 2
    endloop
  endfacet
  facet normal 0.194891 0.980825 -0
    outer loop
      vertex 128.628 23.4283 0
      vertex 128.474 23.4589 2
      vertex 128.628 23.4283 2
    endloop
  endfacet
  facet normal 0.194891 0.980825 0
    outer loop
      vertex 128.474 23.4589 2
      vertex 128.628 23.4283 0
      vertex 128.474 23.4589 0
    endloop
  endfacet
  facet normal -0.947787 -0.318905 0
    outer loop
      vertex 129.944 24.9286 0
      vertex 129.894 25.0772 2
      vertex 129.894 25.0772 0
    endloop
  endfacet
  facet normal -0.947787 -0.318905 0
    outer loop
      vertex 129.894 25.0772 2
      vertex 129.944 24.9286 0
      vertex 129.944 24.9286 2
    endloop
  endfacet
  facet normal 0.83205 -0.5547 0
    outer loop
      vertex 127.746 25.218 2
      vertex 127.833 25.3485 0
      vertex 127.833 25.3485 2
    endloop
  endfacet
  facet normal 0.83205 -0.5547 0
    outer loop
      vertex 127.833 25.3485 0
      vertex 127.746 25.218 2
      vertex 127.746 25.218 0
    endloop
  endfacet
  facet normal -0.895442 0.445177 0
    outer loop
      vertex 129.824 24.018 0
      vertex 129.894 24.1588 2
      vertex 129.894 24.1588 0
    endloop
  endfacet
  facet normal -0.895442 0.445177 0
    outer loop
      vertex 129.894 24.1588 2
      vertex 129.824 24.018 0
      vertex 129.824 24.018 2
    endloop
  endfacet
  facet normal 0.194891 -0.980825 0
    outer loop
      vertex 128.474 25.7771 0
      vertex 128.628 25.8077 2
      vertex 128.474 25.7771 2
    endloop
  endfacet
  facet normal 0.194891 -0.980825 0
    outer loop
      vertex 128.628 25.8077 2
      vertex 128.474 25.7771 0
      vertex 128.628 25.8077 0
    endloop
  endfacet
  facet normal -0.322361 0.946617 0
    outer loop
      vertex 129.244 23.5093 0
      vertex 129.096 23.4589 2
      vertex 129.244 23.5093 2
    endloop
  endfacet
  facet normal -0.322361 0.946617 0
    outer loop
      vertex 129.096 23.4589 2
      vertex 129.244 23.5093 0
      vertex 129.096 23.4589 0
    endloop
  endfacet
  facet normal -0.194891 0.980825 0
    outer loop
      vertex 129.096 23.4589 0
      vertex 128.942 23.4283 2
      vertex 129.096 23.4589 2
    endloop
  endfacet
  facet normal -0.194891 0.980825 0
    outer loop
      vertex 128.942 23.4283 2
      vertex 129.096 23.4589 0
      vertex 128.942 23.4283 0
    endloop
  endfacet
  facet normal 0.947787 0.318905 0
    outer loop
      vertex 127.676 24.1588 2
      vertex 127.626 24.3074 0
      vertex 127.626 24.3074 2
    endloop
  endfacet
  facet normal 0.947787 0.318905 0
    outer loop
      vertex 127.626 24.3074 0
      vertex 127.676 24.1588 2
      vertex 127.676 24.1588 0
    endloop
  endfacet
  facet normal 0.980335 0.19734 0
    outer loop
      vertex 127.626 24.3074 2
      vertex 127.595 24.4614 0
      vertex 127.595 24.4614 2
    endloop
  endfacet
  facet normal 0.980335 0.19734 0
    outer loop
      vertex 127.595 24.4614 0
      vertex 127.626 24.3074 2
      vertex 127.626 24.3074 0
    endloop
  endfacet
  facet normal -0.659406 0.751787 0
    outer loop
      vertex 129.634 23.7695 0
      vertex 129.516 23.666 2
      vertex 129.634 23.7695 2
    endloop
  endfacet
  facet normal -0.659406 0.751787 0
    outer loop
      vertex 129.516 23.666 2
      vertex 129.634 23.7695 0
      vertex 129.516 23.666 0
    endloop
  endfacet
  facet normal 0.83205 0.5547 0
    outer loop
      vertex 127.833 23.8875 2
      vertex 127.746 24.018 0
      vertex 127.746 24.018 2
    endloop
  endfacet
  facet normal 0.83205 0.5547 0
    outer loop
      vertex 127.746 24.018 0
      vertex 127.833 23.8875 2
      vertex 127.833 23.8875 0
    endloop
  endfacet
  facet normal -0.194891 -0.980825 0
    outer loop
      vertex 128.942 25.8077 0
      vertex 129.096 25.7771 2
      vertex 128.942 25.8077 2
    endloop
  endfacet
  facet normal -0.194891 -0.980825 -0
    outer loop
      vertex 129.096 25.7771 2
      vertex 128.942 25.8077 0
      vertex 129.096 25.7771 0
    endloop
  endfacet
  facet normal -0.554113 0.832441 0
    outer loop
      vertex 129.516 23.666 0
      vertex 129.385 23.5788 2
      vertex 129.516 23.666 2
    endloop
  endfacet
  facet normal -0.554113 0.832441 0
    outer loop
      vertex 129.385 23.5788 2
      vertex 129.516 23.666 0
      vertex 129.385 23.5788 0
    endloop
  endfacet
  facet normal -0.0656309 0.997844 0
    outer loop
      vertex 57.4486 93.7903 0
      vertex 57.292 93.78 2
      vertex 57.4486 93.7903 2
    endloop
  endfacet
  facet normal -0.0656309 0.997844 0
    outer loop
      vertex 57.292 93.78 2
      vertex 57.4486 93.7903 0
      vertex 57.292 93.78 0
    endloop
  endfacet
  facet normal -0.980825 -0.194891 0
    outer loop
      vertex 58.4817 95.1366 0
      vertex 58.4511 95.2906 2
      vertex 58.4511 95.2906 0
    endloop
  endfacet
  facet normal -0.980825 -0.194891 0
    outer loop
      vertex 58.4511 95.2906 2
      vertex 58.4817 95.1366 0
      vertex 58.4817 95.1366 2
    endloop
  endfacet
  facet normal -0.997844 -0.0656309 0
    outer loop
      vertex 58.492 94.98 0
      vertex 58.4817 95.1366 2
      vertex 58.4817 95.1366 0
    endloop
  endfacet
  facet normal -0.997844 -0.0656309 0
    outer loop
      vertex 58.4817 95.1366 2
      vertex 58.492 94.98 0
      vertex 58.492 94.98 2
    endloop
  endfacet
  facet normal 0.555582 -0.831462 0
    outer loop
      vertex 56.5615 95.932 0
      vertex 56.692 96.0192 2
      vertex 56.5615 95.932 2
    endloop
  endfacet
  facet normal 0.555582 -0.831462 0
    outer loop
      vertex 56.692 96.0192 2
      vertex 56.5615 95.932 0
      vertex 56.692 96.0192 0
    endloop
  endfacet
  facet normal -0.442622 0.896708 0
    outer loop
      vertex 57.892 93.9408 0
      vertex 57.7512 93.8713 2
      vertex 57.892 93.9408 2
    endloop
  endfacet
  facet normal -0.442622 0.896708 0
    outer loop
      vertex 57.7512 93.8713 2
      vertex 57.892 93.9408 0
      vertex 57.7512 93.8713 0
    endloop
  endfacet
  facet normal 0.321194 0.947013 -0
    outer loop
      vertex 56.9814 93.8209 0
      vertex 56.8328 93.8713 2
      vertex 56.9814 93.8209 2
    endloop
  endfacet
  facet normal 0.321194 0.947013 0
    outer loop
      vertex 56.8328 93.8713 2
      vertex 56.9814 93.8209 0
      vertex 56.8328 93.8713 0
    endloop
  endfacet
  facet normal -0.194891 0.980825 0
    outer loop
      vertex 57.6026 93.8209 0
      vertex 57.4486 93.7903 2
      vertex 57.6026 93.8209 2
    endloop
  endfacet
  facet normal -0.194891 0.980825 0
    outer loop
      vertex 57.4486 93.7903 2
      vertex 57.6026 93.8209 0
      vertex 57.4486 93.7903 0
    endloop
  endfacet
  facet normal 0.947013 -0.321194 0
    outer loop
      vertex 56.1329 95.2906 2
      vertex 56.1833 95.4392 0
      vertex 56.1833 95.4392 2
    endloop
  endfacet
  facet normal 0.947013 -0.321194 0
    outer loop
      vertex 56.1833 95.4392 0
      vertex 56.1329 95.2906 2
      vertex 56.1329 95.2906 0
    endloop
  endfacet
  facet normal 0.997844 0.0656309 0
    outer loop
      vertex 56.1023 94.8234 2
      vertex 56.092 94.98 0
      vertex 56.092 94.98 2
    endloop
  endfacet
  facet normal 0.997844 0.0656309 0
    outer loop
      vertex 56.092 94.98 0
      vertex 56.1023 94.8234 2
      vertex 56.1023 94.8234 0
    endloop
  endfacet
  facet normal 0.194891 0.980825 -0
    outer loop
      vertex 57.1354 93.7903 0
      vertex 56.9814 93.8209 2
      vertex 57.1354 93.7903 2
    endloop
  endfacet
  facet normal 0.194891 0.980825 0
    outer loop
      vertex 56.9814 93.8209 2
      vertex 57.1354 93.7903 0
      vertex 56.9814 93.8209 0
    endloop
  endfacet
  facet normal 0.659406 0.751787 -0
    outer loop
      vertex 56.5615 94.028 0
      vertex 56.4435 94.1315 2
      vertex 56.5615 94.028 2
    endloop
  endfacet
  facet normal 0.659406 0.751787 0
    outer loop
      vertex 56.4435 94.1315 2
      vertex 56.5615 94.028 0
      vertex 56.4435 94.1315 0
    endloop
  endfacet
  facet normal -0.947013 -0.321194 0
    outer loop
      vertex 58.4511 95.2906 0
      vertex 58.4007 95.4392 2
      vertex 58.4007 95.4392 0
    endloop
  endfacet
  facet normal -0.947013 -0.321194 0
    outer loop
      vertex 58.4007 95.4392 2
      vertex 58.4511 95.2906 0
      vertex 58.4511 95.2906 2
    endloop
  endfacet
  facet normal -0.321194 0.947013 0
    outer loop
      vertex 57.7512 93.8713 0
      vertex 57.6026 93.8209 2
      vertex 57.7512 93.8713 2
    endloop
  endfacet
  facet normal -0.321194 0.947013 0
    outer loop
      vertex 57.6026 93.8209 2
      vertex 57.7512 93.8713 0
      vertex 57.6026 93.8209 0
    endloop
  endfacet
  facet normal -0.831462 -0.555582 0
    outer loop
      vertex 58.3312 95.58 0
      vertex 58.244 95.7105 2
      vertex 58.244 95.7105 0
    endloop
  endfacet
  facet normal -0.831462 -0.555582 0
    outer loop
      vertex 58.244 95.7105 2
      vertex 58.3312 95.58 0
      vertex 58.3312 95.58 2
    endloop
  endfacet
  facet normal 0.0656309 0.997844 -0
    outer loop
      vertex 57.292 93.78 0
      vertex 57.1354 93.7903 2
      vertex 57.292 93.78 2
    endloop
  endfacet
  facet normal 0.0656309 0.997844 0
    outer loop
      vertex 57.1354 93.7903 2
      vertex 57.292 93.78 0
      vertex 57.1354 93.7903 0
    endloop
  endfacet
  facet normal 0.997844 -0.0656309 0
    outer loop
      vertex 56.092 94.98 2
      vertex 56.1023 95.1366 0
      vertex 56.1023 95.1366 2
    endloop
  endfacet
  facet normal 0.997844 -0.0656309 0
    outer loop
      vertex 56.1023 95.1366 0
      vertex 56.092 94.98 2
      vertex 56.092 94.98 0
    endloop
  endfacet
  facet normal -0.321194 -0.947013 0
    outer loop
      vertex 57.6026 96.1391 0
      vertex 57.7512 96.0887 2
      vertex 57.6026 96.1391 2
    endloop
  endfacet
  facet normal -0.321194 -0.947013 -0
    outer loop
      vertex 57.7512 96.0887 2
      vertex 57.6026 96.1391 0
      vertex 57.7512 96.0887 0
    endloop
  endfacet
  facet normal -0.659406 -0.751787 0
    outer loop
      vertex 58.0225 95.932 0
      vertex 58.1405 95.8285 2
      vertex 58.0225 95.932 2
    endloop
  endfacet
  facet normal -0.659406 -0.751787 -0
    outer loop
      vertex 58.1405 95.8285 2
      vertex 58.0225 95.932 0
      vertex 58.1405 95.8285 0
    endloop
  endfacet
  facet normal -0.555582 -0.831462 0
    outer loop
      vertex 57.892 96.0192 0
      vertex 58.0225 95.932 2
      vertex 57.892 96.0192 2
    endloop
  endfacet
  facet normal -0.555582 -0.831462 -0
    outer loop
      vertex 58.0225 95.932 2
      vertex 57.892 96.0192 0
      vertex 58.0225 95.932 0
    endloop
  endfacet
  facet normal -0.831462 0.555582 0
    outer loop
      vertex 58.244 94.2495 0
      vertex 58.3312 94.38 2
      vertex 58.3312 94.38 0
    endloop
  endfacet
  facet normal -0.831462 0.555582 0
    outer loop
      vertex 58.3312 94.38 2
      vertex 58.244 94.2495 0
      vertex 58.244 94.2495 2
    endloop
  endfacet
  facet normal -0.997844 0.0656309 0
    outer loop
      vertex 58.4817 94.8234 0
      vertex 58.492 94.98 2
      vertex 58.492 94.98 0
    endloop
  endfacet
  facet normal -0.997844 0.0656309 0
    outer loop
      vertex 58.492 94.98 2
      vertex 58.4817 94.8234 0
      vertex 58.4817 94.8234 2
    endloop
  endfacet
  facet normal 0.659406 -0.751787 0
    outer loop
      vertex 56.4435 95.8285 0
      vertex 56.5615 95.932 2
      vertex 56.4435 95.8285 2
    endloop
  endfacet
  facet normal 0.659406 -0.751787 0
    outer loop
      vertex 56.5615 95.932 2
      vertex 56.4435 95.8285 0
      vertex 56.5615 95.932 0
    endloop
  endfacet
  facet normal 0.751787 -0.659406 0
    outer loop
      vertex 56.34 95.7105 2
      vertex 56.4435 95.8285 0
      vertex 56.4435 95.8285 2
    endloop
  endfacet
  facet normal 0.751787 -0.659406 0
    outer loop
      vertex 56.4435 95.8285 0
      vertex 56.34 95.7105 2
      vertex 56.34 95.7105 0
    endloop
  endfacet
  facet normal 0.831462 0.555582 0
    outer loop
      vertex 56.34 94.2495 2
      vertex 56.2528 94.38 0
      vertex 56.2528 94.38 2
    endloop
  endfacet
  facet normal 0.831462 0.555582 0
    outer loop
      vertex 56.2528 94.38 0
      vertex 56.34 94.2495 2
      vertex 56.34 94.2495 0
    endloop
  endfacet
  facet normal 0.194891 -0.980825 0
    outer loop
      vertex 56.9814 96.1391 0
      vertex 57.1354 96.1697 2
      vertex 56.9814 96.1391 2
    endloop
  endfacet
  facet normal 0.194891 -0.980825 0
    outer loop
      vertex 57.1354 96.1697 2
      vertex 56.9814 96.1391 0
      vertex 57.1354 96.1697 0
    endloop
  endfacet
  facet normal -0.947013 0.321194 0
    outer loop
      vertex 58.4007 94.5208 0
      vertex 58.4511 94.6694 2
      vertex 58.4511 94.6694 0
    endloop
  endfacet
  facet normal -0.947013 0.321194 0
    outer loop
      vertex 58.4511 94.6694 2
      vertex 58.4007 94.5208 0
      vertex 58.4007 94.5208 2
    endloop
  endfacet
  facet normal 0.442622 -0.896708 0
    outer loop
      vertex 56.692 96.0192 0
      vertex 56.8328 96.0887 2
      vertex 56.692 96.0192 2
    endloop
  endfacet
  facet normal 0.442622 -0.896708 0
    outer loop
      vertex 56.8328 96.0887 2
      vertex 56.692 96.0192 0
      vertex 56.8328 96.0887 0
    endloop
  endfacet
  facet normal 0.321194 -0.947013 0
    outer loop
      vertex 56.8328 96.0887 0
      vertex 56.9814 96.1391 2
      vertex 56.8328 96.0887 2
    endloop
  endfacet
  facet normal 0.321194 -0.947013 0
    outer loop
      vertex 56.9814 96.1391 2
      vertex 56.8328 96.0887 0
      vertex 56.9814 96.1391 0
    endloop
  endfacet
  facet normal 0.980825 0.194891 0
    outer loop
      vertex 56.1329 94.6694 2
      vertex 56.1023 94.8234 0
      vertex 56.1023 94.8234 2
    endloop
  endfacet
  facet normal 0.980825 0.194891 0
    outer loop
      vertex 56.1023 94.8234 0
      vertex 56.1329 94.6694 2
      vertex 56.1329 94.6694 0
    endloop
  endfacet
  facet normal -0.980825 0.194891 0
    outer loop
      vertex 58.4511 94.6694 0
      vertex 58.4817 94.8234 2
      vertex 58.4817 94.8234 0
    endloop
  endfacet
  facet normal -0.980825 0.194891 0
    outer loop
      vertex 58.4817 94.8234 2
      vertex 58.4511 94.6694 0
      vertex 58.4511 94.6694 2
    endloop
  endfacet
  facet normal 0.751787 0.659406 0
    outer loop
      vertex 56.4435 94.1315 2
      vertex 56.34 94.2495 0
      vertex 56.34 94.2495 2
    endloop
  endfacet
  facet normal 0.751787 0.659406 0
    outer loop
      vertex 56.34 94.2495 0
      vertex 56.4435 94.1315 2
      vertex 56.4435 94.1315 0
    endloop
  endfacet
  facet normal -0.659406 0.751787 0
    outer loop
      vertex 58.1405 94.1315 0
      vertex 58.0225 94.028 2
      vertex 58.1405 94.1315 2
    endloop
  endfacet
  facet normal -0.659406 0.751787 0
    outer loop
      vertex 58.0225 94.028 2
      vertex 58.1405 94.1315 0
      vertex 58.0225 94.028 0
    endloop
  endfacet
  facet normal 0.947013 0.321194 0
    outer loop
      vertex 56.1833 94.5208 2
      vertex 56.1329 94.6694 0
      vertex 56.1329 94.6694 2
    endloop
  endfacet
  facet normal 0.947013 0.321194 0
    outer loop
      vertex 56.1329 94.6694 0
      vertex 56.1833 94.5208 2
      vertex 56.1833 94.5208 0
    endloop
  endfacet
  facet normal -0.751787 0.659406 0
    outer loop
      vertex 58.1405 94.1315 0
      vertex 58.244 94.2495 2
      vertex 58.244 94.2495 0
    endloop
  endfacet
  facet normal -0.751787 0.659406 0
    outer loop
      vertex 58.244 94.2495 2
      vertex 58.1405 94.1315 0
      vertex 58.1405 94.1315 2
    endloop
  endfacet
  facet normal -0.194891 -0.980825 0
    outer loop
      vertex 57.4486 96.1697 0
      vertex 57.6026 96.1391 2
      vertex 57.4486 96.1697 2
    endloop
  endfacet
  facet normal -0.194891 -0.980825 -0
    outer loop
      vertex 57.6026 96.1391 2
      vertex 57.4486 96.1697 0
      vertex 57.6026 96.1391 0
    endloop
  endfacet
  facet normal -0.442622 -0.896708 0
    outer loop
      vertex 57.7512 96.0887 0
      vertex 57.892 96.0192 2
      vertex 57.7512 96.0887 2
    endloop
  endfacet
  facet normal -0.442622 -0.896708 -0
    outer loop
      vertex 57.892 96.0192 2
      vertex 57.7512 96.0887 0
      vertex 57.892 96.0192 0
    endloop
  endfacet
  facet normal -0.896708 -0.442622 0
    outer loop
      vertex 58.4007 95.4392 0
      vertex 58.3312 95.58 2
      vertex 58.3312 95.58 0
    endloop
  endfacet
  facet normal -0.896708 -0.442622 0
    outer loop
      vertex 58.3312 95.58 2
      vertex 58.4007 95.4392 0
      vertex 58.4007 95.4392 2
    endloop
  endfacet
  facet normal -0.0656309 -0.997844 0
    outer loop
      vertex 57.292 96.18 0
      vertex 57.4486 96.1697 2
      vertex 57.292 96.18 2
    endloop
  endfacet
  facet normal -0.0656309 -0.997844 -0
    outer loop
      vertex 57.4486 96.1697 2
      vertex 57.292 96.18 0
      vertex 57.4486 96.1697 0
    endloop
  endfacet
  facet normal -0.751787 -0.659406 0
    outer loop
      vertex 58.244 95.7105 0
      vertex 58.1405 95.8285 2
      vertex 58.1405 95.8285 0
    endloop
  endfacet
  facet normal -0.751787 -0.659406 0
    outer loop
      vertex 58.1405 95.8285 2
      vertex 58.244 95.7105 0
      vertex 58.244 95.7105 2
    endloop
  endfacet
  facet normal 0.0656309 -0.997844 0
    outer loop
      vertex 57.1354 96.1697 0
      vertex 57.292 96.18 2
      vertex 57.1354 96.1697 2
    endloop
  endfacet
  facet normal 0.0656309 -0.997844 0
    outer loop
      vertex 57.292 96.18 2
      vertex 57.1354 96.1697 0
      vertex 57.292 96.18 0
    endloop
  endfacet
  facet normal 0.980825 -0.194891 0
    outer loop
      vertex 56.1023 95.1366 2
      vertex 56.1329 95.2906 0
      vertex 56.1329 95.2906 2
    endloop
  endfacet
  facet normal 0.980825 -0.194891 0
    outer loop
      vertex 56.1329 95.2906 0
      vertex 56.1023 95.1366 2
      vertex 56.1023 95.1366 0
    endloop
  endfacet
  facet normal -0.555582 0.831462 0
    outer loop
      vertex 58.0225 94.028 0
      vertex 57.892 93.9408 2
      vertex 58.0225 94.028 2
    endloop
  endfacet
  facet normal -0.555582 0.831462 0
    outer loop
      vertex 57.892 93.9408 2
      vertex 58.0225 94.028 0
      vertex 57.892 93.9408 0
    endloop
  endfacet
  facet normal -0.896708 0.442622 0
    outer loop
      vertex 58.3312 94.38 0
      vertex 58.4007 94.5208 2
      vertex 58.4007 94.5208 0
    endloop
  endfacet
  facet normal -0.896708 0.442622 0
    outer loop
      vertex 58.4007 94.5208 2
      vertex 58.3312 94.38 0
      vertex 58.3312 94.38 2
    endloop
  endfacet
  facet normal 0.896708 0.442622 0
    outer loop
      vertex 56.2528 94.38 2
      vertex 56.1833 94.5208 0
      vertex 56.1833 94.5208 2
    endloop
  endfacet
  facet normal 0.896708 0.442622 0
    outer loop
      vertex 56.1833 94.5208 0
      vertex 56.2528 94.38 2
      vertex 56.2528 94.38 0
    endloop
  endfacet
  facet normal 0.442622 0.896708 -0
    outer loop
      vertex 56.8328 93.8713 0
      vertex 56.692 93.9408 2
      vertex 56.8328 93.8713 2
    endloop
  endfacet
  facet normal 0.442622 0.896708 0
    outer loop
      vertex 56.692 93.9408 2
      vertex 56.8328 93.8713 0
      vertex 56.692 93.9408 0
    endloop
  endfacet
  facet normal 0.896708 -0.442622 0
    outer loop
      vertex 56.1833 95.4392 2
      vertex 56.2528 95.58 0
      vertex 56.2528 95.58 2
    endloop
  endfacet
  facet normal 0.896708 -0.442622 0
    outer loop
      vertex 56.2528 95.58 0
      vertex 56.1833 95.4392 2
      vertex 56.1833 95.4392 0
    endloop
  endfacet
  facet normal 0.831462 -0.555582 0
    outer loop
      vertex 56.2528 95.58 2
      vertex 56.34 95.7105 0
      vertex 56.34 95.7105 2
    endloop
  endfacet
  facet normal 0.831462 -0.555582 0
    outer loop
      vertex 56.34 95.7105 0
      vertex 56.2528 95.58 2
      vertex 56.2528 95.58 0
    endloop
  endfacet
  facet normal 0.555582 0.831462 -0
    outer loop
      vertex 56.692 93.9408 0
      vertex 56.5615 94.028 2
      vertex 56.692 93.9408 2
    endloop
  endfacet
  facet normal 0.555582 0.831462 0
    outer loop
      vertex 56.5615 94.028 2
      vertex 56.692 93.9408 0
      vertex 56.5615 94.028 0
    endloop
  endfacet
  facet normal 0.0656309 0.997844 -0
    outer loop
      vertex 18.773 24.928 0
      vertex 18.6164 24.9383 2
      vertex 18.773 24.928 2
    endloop
  endfacet
  facet normal 0.0656309 0.997844 0
    outer loop
      vertex 18.6164 24.9383 2
      vertex 18.773 24.928 0
      vertex 18.6164 24.9383 0
    endloop
  endfacet
  facet normal -0.980825 -0.194891 0
    outer loop
      vertex 19.9627 26.2846 0
      vertex 19.9321 26.4386 2
      vertex 19.9321 26.4386 0
    endloop
  endfacet
  facet normal -0.980825 -0.194891 0
    outer loop
      vertex 19.9321 26.4386 2
      vertex 19.9627 26.2846 0
      vertex 19.9627 26.2846 2
    endloop
  endfacet
  facet normal -0.997844 -0.0656309 0
    outer loop
      vertex 19.973 26.128 0
      vertex 19.9627 26.2846 2
      vertex 19.9627 26.2846 0
    endloop
  endfacet
  facet normal -0.997844 -0.0656309 0
    outer loop
      vertex 19.9627 26.2846 2
      vertex 19.973 26.128 0
      vertex 19.973 26.128 2
    endloop
  endfacet
  facet normal 0.947013 -0.321194 0
    outer loop
      vertex 17.6139 26.4386 2
      vertex 17.6643 26.5872 0
      vertex 17.6643 26.5872 2
    endloop
  endfacet
  facet normal 0.947013 -0.321194 0
    outer loop
      vertex 17.6643 26.5872 0
      vertex 17.6139 26.4386 2
      vertex 17.6139 26.4386 0
    endloop
  endfacet
  facet normal -0.555582 -0.831462 0
    outer loop
      vertex 19.373 27.1672 0
      vertex 19.5035 27.08 2
      vertex 19.373 27.1672 2
    endloop
  endfacet
  facet normal -0.555582 -0.831462 -0
    outer loop
      vertex 19.5035 27.08 2
      vertex 19.373 27.1672 0
      vertex 19.5035 27.08 0
    endloop
  endfacet
  facet normal 0.194891 -0.980825 0
    outer loop
      vertex 18.4624 27.2871 0
      vertex 18.6164 27.3177 2
      vertex 18.4624 27.2871 2
    endloop
  endfacet
  facet normal 0.194891 -0.980825 0
    outer loop
      vertex 18.6164 27.3177 2
      vertex 18.4624 27.2871 0
      vertex 18.6164 27.3177 0
    endloop
  endfacet
  facet normal -0.659406 -0.751787 0
    outer loop
      vertex 19.5035 27.08 0
      vertex 19.6215 26.9765 2
      vertex 19.5035 27.08 2
    endloop
  endfacet
  facet normal -0.659406 -0.751787 -0
    outer loop
      vertex 19.6215 26.9765 2
      vertex 19.5035 27.08 0
      vertex 19.6215 26.9765 0
    endloop
  endfacet
  facet normal -0.947013 0.321194 0
    outer loop
      vertex 19.8817 25.6688 0
      vertex 19.9321 25.8174 2
      vertex 19.9321 25.8174 0
    endloop
  endfacet
  facet normal -0.947013 0.321194 0
    outer loop
      vertex 19.9321 25.8174 2
      vertex 19.8817 25.6688 0
      vertex 19.8817 25.6688 2
    endloop
  endfacet
  facet normal -0.321194 -0.947013 0
    outer loop
      vertex 19.0836 27.2871 0
      vertex 19.2322 27.2367 2
      vertex 19.0836 27.2871 2
    endloop
  endfacet
  facet normal -0.321194 -0.947013 -0
    outer loop
      vertex 19.2322 27.2367 2
      vertex 19.0836 27.2871 0
      vertex 19.2322 27.2367 0
    endloop
  endfacet
  facet normal -0.997844 0.0656309 0
    outer loop
      vertex 19.9627 25.9714 0
      vertex 19.973 26.128 2
      vertex 19.973 26.128 0
    endloop
  endfacet
  facet normal -0.997844 0.0656309 0
    outer loop
      vertex 19.973 26.128 2
      vertex 19.9627 25.9714 0
      vertex 19.9627 25.9714 2
    endloop
  endfacet
  facet normal -0.980825 0.194891 0
    outer loop
      vertex 19.9321 25.8174 0
      vertex 19.9627 25.9714 2
      vertex 19.9627 25.9714 0
    endloop
  endfacet
  facet normal -0.980825 0.194891 0
    outer loop
      vertex 19.9627 25.9714 2
      vertex 19.9321 25.8174 0
      vertex 19.9321 25.8174 2
    endloop
  endfacet
  facet normal 0.831462 -0.555582 0
    outer loop
      vertex 17.7338 26.728 2
      vertex 17.821 26.8585 0
      vertex 17.821 26.8585 2
    endloop
  endfacet
  facet normal 0.831462 -0.555582 0
    outer loop
      vertex 17.821 26.8585 0
      vertex 17.7338 26.728 2
      vertex 17.7338 26.728 0
    endloop
  endfacet
  facet normal 0.555582 -0.831462 0
    outer loop
      vertex 18.0425 27.08 0
      vertex 18.173 27.1672 2
      vertex 18.0425 27.08 2
    endloop
  endfacet
  facet normal 0.555582 -0.831462 0
    outer loop
      vertex 18.173 27.1672 2
      vertex 18.0425 27.08 0
      vertex 18.173 27.1672 0
    endloop
  endfacet
  facet normal 0.659406 0.751787 -0
    outer loop
      vertex 18.0425 25.176 0
      vertex 17.9245 25.2795 2
      vertex 18.0425 25.176 2
    endloop
  endfacet
  facet normal 0.659406 0.751787 0
    outer loop
      vertex 17.9245 25.2795 2
      vertex 18.0425 25.176 0
      vertex 17.9245 25.2795 0
    endloop
  endfacet
  facet normal -0.442622 0.896708 0
    outer loop
      vertex 19.373 25.0888 0
      vertex 19.2322 25.0193 2
      vertex 19.373 25.0888 2
    endloop
  endfacet
  facet normal -0.442622 0.896708 0
    outer loop
      vertex 19.2322 25.0193 2
      vertex 19.373 25.0888 0
      vertex 19.2322 25.0193 0
    endloop
  endfacet
  facet normal -0.659406 0.751787 0
    outer loop
      vertex 19.6215 25.2795 0
      vertex 19.5035 25.176 2
      vertex 19.6215 25.2795 2
    endloop
  endfacet
  facet normal -0.659406 0.751787 0
    outer loop
      vertex 19.5035 25.176 2
      vertex 19.6215 25.2795 0
      vertex 19.5035 25.176 0
    endloop
  endfacet
  facet normal -0.896708 -0.442622 0
    outer loop
      vertex 19.8817 26.5872 0
      vertex 19.8122 26.728 2
      vertex 19.8122 26.728 0
    endloop
  endfacet
  facet normal -0.896708 -0.442622 0
    outer loop
      vertex 19.8122 26.728 2
      vertex 19.8817 26.5872 0
      vertex 19.8817 26.5872 2
    endloop
  endfacet
  facet normal -0.194891 0.980825 0
    outer loop
      vertex 19.0836 24.9689 0
      vertex 18.9296 24.9383 2
      vertex 19.0836 24.9689 2
    endloop
  endfacet
  facet normal -0.194891 0.980825 0
    outer loop
      vertex 18.9296 24.9383 2
      vertex 19.0836 24.9689 0
      vertex 18.9296 24.9383 0
    endloop
  endfacet
  facet normal 0.997844 -0.0656309 0
    outer loop
      vertex 17.573 26.128 2
      vertex 17.5833 26.2846 0
      vertex 17.5833 26.2846 2
    endloop
  endfacet
  facet normal 0.997844 -0.0656309 0
    outer loop
      vertex 17.5833 26.2846 0
      vertex 17.573 26.128 2
      vertex 17.573 26.128 0
    endloop
  endfacet
  facet normal -0.831462 -0.555582 0
    outer loop
      vertex 19.8122 26.728 0
      vertex 19.725 26.8585 2
      vertex 19.725 26.8585 0
    endloop
  endfacet
  facet normal -0.831462 -0.555582 0
    outer loop
      vertex 19.725 26.8585 2
      vertex 19.8122 26.728 0
      vertex 19.8122 26.728 2
    endloop
  endfacet
  facet normal 0.751787 0.659406 0
    outer loop
      vertex 17.9245 25.2795 2
      vertex 17.821 25.3975 0
      vertex 17.821 25.3975 2
    endloop
  endfacet
  facet normal 0.751787 0.659406 0
    outer loop
      vertex 17.821 25.3975 0
      vertex 17.9245 25.2795 2
      vertex 17.9245 25.2795 0
    endloop
  endfacet
  facet normal 0.659406 -0.751787 0
    outer loop
      vertex 17.9245 26.9765 0
      vertex 18.0425 27.08 2
      vertex 17.9245 26.9765 2
    endloop
  endfacet
  facet normal 0.659406 -0.751787 0
    outer loop
      vertex 18.0425 27.08 2
      vertex 17.9245 26.9765 0
      vertex 18.0425 27.08 0
    endloop
  endfacet
  facet normal 0.997844 0.0656309 0
    outer loop
      vertex 17.5833 25.9714 2
      vertex 17.573 26.128 0
      vertex 17.573 26.128 2
    endloop
  endfacet
  facet normal 0.997844 0.0656309 0
    outer loop
      vertex 17.573 26.128 0
      vertex 17.5833 25.9714 2
      vertex 17.5833 25.9714 0
    endloop
  endfacet
  facet normal 0.980825 -0.194891 0
    outer loop
      vertex 17.5833 26.2846 2
      vertex 17.6139 26.4386 0
      vertex 17.6139 26.4386 2
    endloop
  endfacet
  facet normal 0.980825 -0.194891 0
    outer loop
      vertex 17.6139 26.4386 0
      vertex 17.5833 26.2846 2
      vertex 17.5833 26.2846 0
    endloop
  endfacet
  facet normal -0.442622 -0.896708 0
    outer loop
      vertex 19.2322 27.2367 0
      vertex 19.373 27.1672 2
      vertex 19.2322 27.2367 2
    endloop
  endfacet
  facet normal -0.442622 -0.896708 -0
    outer loop
      vertex 19.373 27.1672 2
      vertex 19.2322 27.2367 0
      vertex 19.373 27.1672 0
    endloop
  endfacet
  facet normal -0.321194 0.947013 0
    outer loop
      vertex 19.2322 25.0193 0
      vertex 19.0836 24.9689 2
      vertex 19.2322 25.0193 2
    endloop
  endfacet
  facet normal -0.321194 0.947013 0
    outer loop
      vertex 19.0836 24.9689 2
      vertex 19.2322 25.0193 0
      vertex 19.0836 24.9689 0
    endloop
  endfacet
  facet normal 0.896708 -0.442622 0
    outer loop
      vertex 17.6643 26.5872 2
      vertex 17.7338 26.728 0
      vertex 17.7338 26.728 2
    endloop
  endfacet
  facet normal 0.896708 -0.442622 0
    outer loop
      vertex 17.7338 26.728 0
      vertex 17.6643 26.5872 2
      vertex 17.6643 26.5872 0
    endloop
  endfacet
  facet normal -0.555582 0.831462 0
    outer loop
      vertex 19.5035 25.176 0
      vertex 19.373 25.0888 2
      vertex 19.5035 25.176 2
    endloop
  endfacet
  facet normal -0.555582 0.831462 0
    outer loop
      vertex 19.373 25.0888 2
      vertex 19.5035 25.176 0
      vertex 19.373 25.0888 0
    endloop
  endfacet
  facet normal 0.442622 -0.896708 0
    outer loop
      vertex 18.173 27.1672 0
      vertex 18.3138 27.2367 2
      vertex 18.173 27.1672 2
    endloop
  endfacet
  facet normal 0.442622 -0.896708 0
    outer loop
      vertex 18.3138 27.2367 2
      vertex 18.173 27.1672 0
      vertex 18.3138 27.2367 0
    endloop
  endfacet
  facet normal -0.831462 0.555582 0
    outer loop
      vertex 19.725 25.3975 0
      vertex 19.8122 25.528 2
      vertex 19.8122 25.528 0
    endloop
  endfacet
  facet normal -0.831462 0.555582 0
    outer loop
      vertex 19.8122 25.528 2
      vertex 19.725 25.3975 0
      vertex 19.725 25.3975 2
    endloop
  endfacet
  facet normal -0.751787 0.659406 0
    outer loop
      vertex 19.6215 25.2795 0
      vertex 19.725 25.3975 2
      vertex 19.725 25.3975 0
    endloop
  endfacet
  facet normal -0.751787 0.659406 0
    outer loop
      vertex 19.725 25.3975 2
      vertex 19.6215 25.2795 0
      vertex 19.6215 25.2795 2
    endloop
  endfacet
  facet normal 0.751787 -0.659406 0
    outer loop
      vertex 17.821 26.8585 2
      vertex 17.9245 26.9765 0
      vertex 17.9245 26.9765 2
    endloop
  endfacet
  facet normal 0.751787 -0.659406 0
    outer loop
      vertex 17.9245 26.9765 0
      vertex 17.821 26.8585 2
      vertex 17.821 26.8585 0
    endloop
  endfacet
  facet normal -0.896708 0.442622 0
    outer loop
      vertex 19.8122 25.528 0
      vertex 19.8817 25.6688 2
      vertex 19.8817 25.6688 0
    endloop
  endfacet
  facet normal -0.896708 0.442622 0
    outer loop
      vertex 19.8817 25.6688 2
      vertex 19.8122 25.528 0
      vertex 19.8122 25.528 2
    endloop
  endfacet
  facet normal 0.980825 0.194891 0
    outer loop
      vertex 17.6139 25.8174 2
      vertex 17.5833 25.9714 0
      vertex 17.5833 25.9714 2
    endloop
  endfacet
  facet normal 0.980825 0.194891 0
    outer loop
      vertex 17.5833 25.9714 0
      vertex 17.6139 25.8174 2
      vertex 17.6139 25.8174 0
    endloop
  endfacet
  facet normal -0.0656309 0.997844 0
    outer loop
      vertex 18.9296 24.9383 0
      vertex 18.773 24.928 2
      vertex 18.9296 24.9383 2
    endloop
  endfacet
  facet normal -0.0656309 0.997844 0
    outer loop
      vertex 18.773 24.928 2
      vertex 18.9296 24.9383 0
      vertex 18.773 24.928 0
    endloop
  endfacet
  facet normal -0.194891 -0.980825 0
    outer loop
      vertex 18.9296 27.3177 0
      vertex 19.0836 27.2871 2
      vertex 18.9296 27.3177 2
    endloop
  endfacet
  facet normal -0.194891 -0.980825 -0
    outer loop
      vertex 19.0836 27.2871 2
      vertex 18.9296 27.3177 0
      vertex 19.0836 27.2871 0
    endloop
  endfacet
  facet normal 0.831462 0.555582 0
    outer loop
      vertex 17.821 25.3975 2
      vertex 17.7338 25.528 0
      vertex 17.7338 25.528 2
    endloop
  endfacet
  facet normal 0.831462 0.555582 0
    outer loop
      vertex 17.7338 25.528 0
      vertex 17.821 25.3975 2
      vertex 17.821 25.3975 0
    endloop
  endfacet
  facet normal -0.751787 -0.659406 0
    outer loop
      vertex 19.725 26.8585 0
      vertex 19.6215 26.9765 2
      vertex 19.6215 26.9765 0
    endloop
  endfacet
  facet normal -0.751787 -0.659406 0
    outer loop
      vertex 19.6215 26.9765 2
      vertex 19.725 26.8585 0
      vertex 19.725 26.8585 2
    endloop
  endfacet
  facet normal -0.947013 -0.321194 0
    outer loop
      vertex 19.9321 26.4386 0
      vertex 19.8817 26.5872 2
      vertex 19.8817 26.5872 0
    endloop
  endfacet
  facet normal -0.947013 -0.321194 0
    outer loop
      vertex 19.8817 26.5872 2
      vertex 19.9321 26.4386 0
      vertex 19.9321 26.4386 2
    endloop
  endfacet
  facet normal 0.321194 -0.947013 0
    outer loop
      vertex 18.3138 27.2367 0
      vertex 18.4624 27.2871 2
      vertex 18.3138 27.2367 2
    endloop
  endfacet
  facet normal 0.321194 -0.947013 0
    outer loop
      vertex 18.4624 27.2871 2
      vertex 18.3138 27.2367 0
      vertex 18.4624 27.2871 0
    endloop
  endfacet
  facet normal 0.0656309 -0.997844 0
    outer loop
      vertex 18.6164 27.3177 0
      vertex 18.773 27.328 2
      vertex 18.6164 27.3177 2
    endloop
  endfacet
  facet normal 0.0656309 -0.997844 0
    outer loop
      vertex 18.773 27.328 2
      vertex 18.6164 27.3177 0
      vertex 18.773 27.328 0
    endloop
  endfacet
  facet normal -0.0656309 -0.997844 0
    outer loop
      vertex 18.773 27.328 0
      vertex 18.9296 27.3177 2
      vertex 18.773 27.328 2
    endloop
  endfacet
  facet normal -0.0656309 -0.997844 -0
    outer loop
      vertex 18.9296 27.3177 2
      vertex 18.773 27.328 0
      vertex 18.9296 27.3177 0
    endloop
  endfacet
  facet normal 0.442622 0.896708 -0
    outer loop
      vertex 18.3138 25.0193 0
      vertex 18.173 25.0888 2
      vertex 18.3138 25.0193 2
    endloop
  endfacet
  facet normal 0.442622 0.896708 0
    outer loop
      vertex 18.173 25.0888 2
      vertex 18.3138 25.0193 0
      vertex 18.173 25.0888 0
    endloop
  endfacet
  facet normal 0.947013 0.321194 0
    outer loop
      vertex 17.6643 25.6688 2
      vertex 17.6139 25.8174 0
      vertex 17.6139 25.8174 2
    endloop
  endfacet
  facet normal 0.947013 0.321194 0
    outer loop
      vertex 17.6139 25.8174 0
      vertex 17.6643 25.6688 2
      vertex 17.6643 25.6688 0
    endloop
  endfacet
  facet normal 0.555582 0.831462 -0
    outer loop
      vertex 18.173 25.0888 0
      vertex 18.0425 25.176 2
      vertex 18.173 25.0888 2
    endloop
  endfacet
  facet normal 0.555582 0.831462 0
    outer loop
      vertex 18.0425 25.176 2
      vertex 18.173 25.0888 0
      vertex 18.0425 25.176 0
    endloop
  endfacet
  facet normal 0.194891 0.980825 -0
    outer loop
      vertex 18.6164 24.9383 0
      vertex 18.4624 24.9689 2
      vertex 18.6164 24.9383 2
    endloop
  endfacet
  facet normal 0.194891 0.980825 0
    outer loop
      vertex 18.4624 24.9689 2
      vertex 18.6164 24.9383 0
      vertex 18.4624 24.9689 0
    endloop
  endfacet
  facet normal 0.896708 0.442622 0
    outer loop
      vertex 17.7338 25.528 2
      vertex 17.6643 25.6688 0
      vertex 17.6643 25.6688 2
    endloop
  endfacet
  facet normal 0.896708 0.442622 0
    outer loop
      vertex 17.6643 25.6688 0
      vertex 17.7338 25.528 2
      vertex 17.7338 25.528 0
    endloop
  endfacet
  facet normal 0.321194 0.947013 -0
    outer loop
      vertex 18.4624 24.9689 0
      vertex 18.3138 25.0193 2
      vertex 18.4624 24.9689 2
    endloop
  endfacet
  facet normal 0.321194 0.947013 0
    outer loop
      vertex 18.3138 25.0193 2
      vertex 18.4624 24.9689 0
      vertex 18.3138 25.0193 0
    endloop
  endfacet
  facet normal 0.0656309 0.997844 -0
    outer loop
      vertex 18.773 82.079 0
      vertex 18.6164 82.0893 2
      vertex 18.773 82.079 2
    endloop
  endfacet
  facet normal 0.0656309 0.997844 0
    outer loop
      vertex 18.6164 82.0893 2
      vertex 18.773 82.079 0
      vertex 18.6164 82.0893 0
    endloop
  endfacet
  facet normal -0.980825 -0.194891 0
    outer loop
      vertex 19.9627 83.4356 0
      vertex 19.9321 83.5896 2
      vertex 19.9321 83.5896 0
    endloop
  endfacet
  facet normal -0.980825 -0.194891 0
    outer loop
      vertex 19.9321 83.5896 2
      vertex 19.9627 83.4356 0
      vertex 19.9627 83.4356 2
    endloop
  endfacet
  facet normal -0.997844 -0.0656309 0
    outer loop
      vertex 19.973 83.279 0
      vertex 19.9627 83.4356 2
      vertex 19.9627 83.4356 0
    endloop
  endfacet
  facet normal -0.997844 -0.0656309 0
    outer loop
      vertex 19.9627 83.4356 2
      vertex 19.973 83.279 0
      vertex 19.973 83.279 2
    endloop
  endfacet
  facet normal 0.947013 -0.321194 0
    outer loop
      vertex 17.6139 83.5896 2
      vertex 17.6643 83.7382 0
      vertex 17.6643 83.7382 2
    endloop
  endfacet
  facet normal 0.947013 -0.321194 0
    outer loop
      vertex 17.6643 83.7382 0
      vertex 17.6139 83.5896 2
      vertex 17.6139 83.5896 0
    endloop
  endfacet
  facet normal -0.555582 -0.831462 0
    outer loop
      vertex 19.373 84.3182 0
      vertex 19.5035 84.231 2
      vertex 19.373 84.3182 2
    endloop
  endfacet
  facet normal -0.555582 -0.831462 -0
    outer loop
      vertex 19.5035 84.231 2
      vertex 19.373 84.3182 0
      vertex 19.5035 84.231 0
    endloop
  endfacet
  facet normal 0.194891 -0.980825 0
    outer loop
      vertex 18.4624 84.4381 0
      vertex 18.6164 84.4687 2
      vertex 18.4624 84.4381 2
    endloop
  endfacet
  facet normal 0.194891 -0.980825 0
    outer loop
      vertex 18.6164 84.4687 2
      vertex 18.4624 84.4381 0
      vertex 18.6164 84.4687 0
    endloop
  endfacet
  facet normal -0.659406 -0.751787 0
    outer loop
      vertex 19.5035 84.231 0
      vertex 19.6215 84.1275 2
      vertex 19.5035 84.231 2
    endloop
  endfacet
  facet normal -0.659406 -0.751787 -0
    outer loop
      vertex 19.6215 84.1275 2
      vertex 19.5035 84.231 0
      vertex 19.6215 84.1275 0
    endloop
  endfacet
  facet normal -0.947013 0.321194 0
    outer loop
      vertex 19.8817 82.8198 0
      vertex 19.9321 82.9684 2
      vertex 19.9321 82.9684 0
    endloop
  endfacet
  facet normal -0.947013 0.321194 0
    outer loop
      vertex 19.9321 82.9684 2
      vertex 19.8817 82.8198 0
      vertex 19.8817 82.8198 2
    endloop
  endfacet
  facet normal -0.321194 -0.947013 0
    outer loop
      vertex 19.0836 84.4381 0
      vertex 19.2322 84.3877 2
      vertex 19.0836 84.4381 2
    endloop
  endfacet
  facet normal -0.321194 -0.947013 -0
    outer loop
      vertex 19.2322 84.3877 2
      vertex 19.0836 84.4381 0
      vertex 19.2322 84.3877 0
    endloop
  endfacet
  facet normal -0.997844 0.0656309 0
    outer loop
      vertex 19.9627 83.1224 0
      vertex 19.973 83.279 2
      vertex 19.973 83.279 0
    endloop
  endfacet
  facet normal -0.997844 0.0656309 0
    outer loop
      vertex 19.973 83.279 2
      vertex 19.9627 83.1224 0
      vertex 19.9627 83.1224 2
    endloop
  endfacet
  facet normal -0.980825 0.194891 0
    outer loop
      vertex 19.9321 82.9684 0
      vertex 19.9627 83.1224 2
      vertex 19.9627 83.1224 0
    endloop
  endfacet
  facet normal -0.980825 0.194891 0
    outer loop
      vertex 19.9627 83.1224 2
      vertex 19.9321 82.9684 0
      vertex 19.9321 82.9684 2
    endloop
  endfacet
  facet normal 0.831462 -0.555582 0
    outer loop
      vertex 17.7338 83.879 2
      vertex 17.821 84.0095 0
      vertex 17.821 84.0095 2
    endloop
  endfacet
  facet normal 0.831462 -0.555582 0
    outer loop
      vertex 17.821 84.0095 0
      vertex 17.7338 83.879 2
      vertex 17.7338 83.879 0
    endloop
  endfacet
  facet normal 0.555582 -0.831462 0
    outer loop
      vertex 18.0425 84.231 0
      vertex 18.173 84.3182 2
      vertex 18.0425 84.231 2
    endloop
  endfacet
  facet normal 0.555582 -0.831462 0
    outer loop
      vertex 18.173 84.3182 2
      vertex 18.0425 84.231 0
      vertex 18.173 84.3182 0
    endloop
  endfacet
  facet normal 0.659406 0.751787 -0
    outer loop
      vertex 18.0425 82.327 0
      vertex 17.9245 82.4305 2
      vertex 18.0425 82.327 2
    endloop
  endfacet
  facet normal 0.659406 0.751787 0
    outer loop
      vertex 17.9245 82.4305 2
      vertex 18.0425 82.327 0
      vertex 17.9245 82.4305 0
    endloop
  endfacet
  facet normal -0.442622 0.896708 0
    outer loop
      vertex 19.373 82.2398 0
      vertex 19.2322 82.1703 2
      vertex 19.373 82.2398 2
    endloop
  endfacet
  facet normal -0.442622 0.896708 0
    outer loop
      vertex 19.2322 82.1703 2
      vertex 19.373 82.2398 0
      vertex 19.2322 82.1703 0
    endloop
  endfacet
  facet normal -0.659406 0.751787 0
    outer loop
      vertex 19.6215 82.4305 0
      vertex 19.5035 82.327 2
      vertex 19.6215 82.4305 2
    endloop
  endfacet
  facet normal -0.659406 0.751787 0
    outer loop
      vertex 19.5035 82.327 2
      vertex 19.6215 82.4305 0
      vertex 19.5035 82.327 0
    endloop
  endfacet
  facet normal -0.896708 -0.442622 0
    outer loop
      vertex 19.8817 83.7382 0
      vertex 19.8122 83.879 2
      vertex 19.8122 83.879 0
    endloop
  endfacet
  facet normal -0.896708 -0.442622 0
    outer loop
      vertex 19.8122 83.879 2
      vertex 19.8817 83.7382 0
      vertex 19.8817 83.7382 2
    endloop
  endfacet
  facet normal -0.194891 0.980825 0
    outer loop
      vertex 19.0836 82.1199 0
      vertex 18.9296 82.0893 2
      vertex 19.0836 82.1199 2
    endloop
  endfacet
  facet normal -0.194891 0.980825 0
    outer loop
      vertex 18.9296 82.0893 2
      vertex 19.0836 82.1199 0
      vertex 18.9296 82.0893 0
    endloop
  endfacet
  facet normal 0.997844 -0.0656309 0
    outer loop
      vertex 17.573 83.279 2
      vertex 17.5833 83.4356 0
      vertex 17.5833 83.4356 2
    endloop
  endfacet
  facet normal 0.997844 -0.0656309 0
    outer loop
      vertex 17.5833 83.4356 0
      vertex 17.573 83.279 2
      vertex 17.573 83.279 0
    endloop
  endfacet
  facet normal -0.831462 -0.555582 0
    outer loop
      vertex 19.8122 83.879 0
      vertex 19.725 84.0095 2
      vertex 19.725 84.0095 0
    endloop
  endfacet
  facet normal -0.831462 -0.555582 0
    outer loop
      vertex 19.725 84.0095 2
      vertex 19.8122 83.879 0
      vertex 19.8122 83.879 2
    endloop
  endfacet
  facet normal 0.751787 0.659406 0
    outer loop
      vertex 17.9245 82.4305 2
      vertex 17.821 82.5485 0
      vertex 17.821 82.5485 2
    endloop
  endfacet
  facet normal 0.751787 0.659406 0
    outer loop
      vertex 17.821 82.5485 0
      vertex 17.9245 82.4305 2
      vertex 17.9245 82.4305 0
    endloop
  endfacet
  facet normal 0.659406 -0.751787 0
    outer loop
      vertex 17.9245 84.1275 0
      vertex 18.0425 84.231 2
      vertex 17.9245 84.1275 2
    endloop
  endfacet
  facet normal 0.659406 -0.751787 0
    outer loop
      vertex 18.0425 84.231 2
      vertex 17.9245 84.1275 0
      vertex 18.0425 84.231 0
    endloop
  endfacet
  facet normal 0.997844 0.0656309 0
    outer loop
      vertex 17.5833 83.1224 2
      vertex 17.573 83.279 0
      vertex 17.573 83.279 2
    endloop
  endfacet
  facet normal 0.997844 0.0656309 0
    outer loop
      vertex 17.573 83.279 0
      vertex 17.5833 83.1224 2
      vertex 17.5833 83.1224 0
    endloop
  endfacet
  facet normal 0.980825 -0.194891 0
    outer loop
      vertex 17.5833 83.4356 2
      vertex 17.6139 83.5896 0
      vertex 17.6139 83.5896 2
    endloop
  endfacet
  facet normal 0.980825 -0.194891 0
    outer loop
      vertex 17.6139 83.5896 0
      vertex 17.5833 83.4356 2
      vertex 17.5833 83.4356 0
    endloop
  endfacet
  facet normal -0.442622 -0.896708 0
    outer loop
      vertex 19.2322 84.3877 0
      vertex 19.373 84.3182 2
      vertex 19.2322 84.3877 2
    endloop
  endfacet
  facet normal -0.442622 -0.896708 -0
    outer loop
      vertex 19.373 84.3182 2
      vertex 19.2322 84.3877 0
      vertex 19.373 84.3182 0
    endloop
  endfacet
  facet normal -0.321194 0.947013 0
    outer loop
      vertex 19.2322 82.1703 0
      vertex 19.0836 82.1199 2
      vertex 19.2322 82.1703 2
    endloop
  endfacet
  facet normal -0.321194 0.947013 0
    outer loop
      vertex 19.0836 82.1199 2
      vertex 19.2322 82.1703 0
      vertex 19.0836 82.1199 0
    endloop
  endfacet
  facet normal 0.896708 -0.442622 0
    outer loop
      vertex 17.6643 83.7382 2
      vertex 17.7338 83.879 0
      vertex 17.7338 83.879 2
    endloop
  endfacet
  facet normal 0.896708 -0.442622 0
    outer loop
      vertex 17.7338 83.879 0
      vertex 17.6643 83.7382 2
      vertex 17.6643 83.7382 0
    endloop
  endfacet
  facet normal -0.555582 0.831462 0
    outer loop
      vertex 19.5035 82.327 0
      vertex 19.373 82.2398 2
      vertex 19.5035 82.327 2
    endloop
  endfacet
  facet normal -0.555582 0.831462 0
    outer loop
      vertex 19.373 82.2398 2
      vertex 19.5035 82.327 0
      vertex 19.373 82.2398 0
    endloop
  endfacet
  facet normal 0.442622 -0.896708 0
    outer loop
      vertex 18.173 84.3182 0
      vertex 18.3138 84.3877 2
      vertex 18.173 84.3182 2
    endloop
  endfacet
  facet normal 0.442622 -0.896708 0
    outer loop
      vertex 18.3138 84.3877 2
      vertex 18.173 84.3182 0
      vertex 18.3138 84.3877 0
    endloop
  endfacet
  facet normal -0.831462 0.555582 0
    outer loop
      vertex 19.725 82.5485 0
      vertex 19.8122 82.679 2
      vertex 19.8122 82.679 0
    endloop
  endfacet
  facet normal -0.831462 0.555582 0
    outer loop
      vertex 19.8122 82.679 2
      vertex 19.725 82.5485 0
      vertex 19.725 82.5485 2
    endloop
  endfacet
  facet normal -0.751787 0.659406 0
    outer loop
      vertex 19.6215 82.4305 0
      vertex 19.725 82.5485 2
      vertex 19.725 82.5485 0
    endloop
  endfacet
  facet normal -0.751787 0.659406 0
    outer loop
      vertex 19.725 82.5485 2
      vertex 19.6215 82.4305 0
      vertex 19.6215 82.4305 2
    endloop
  endfacet
  facet normal 0.751787 -0.659406 0
    outer loop
      vertex 17.821 84.0095 2
      vertex 17.9245 84.1275 0
      vertex 17.9245 84.1275 2
    endloop
  endfacet
  facet normal 0.751787 -0.659406 0
    outer loop
      vertex 17.9245 84.1275 0
      vertex 17.821 84.0095 2
      vertex 17.821 84.0095 0
    endloop
  endfacet
  facet normal -0.896708 0.442622 0
    outer loop
      vertex 19.8122 82.679 0
      vertex 19.8817 82.8198 2
      vertex 19.8817 82.8198 0
    endloop
  endfacet
  facet normal -0.896708 0.442622 0
    outer loop
      vertex 19.8817 82.8198 2
      vertex 19.8122 82.679 0
      vertex 19.8122 82.679 2
    endloop
  endfacet
  facet normal 0.980825 0.194891 0
    outer loop
      vertex 17.6139 82.9684 2
      vertex 17.5833 83.1224 0
      vertex 17.5833 83.1224 2
    endloop
  endfacet
  facet normal 0.980825 0.194891 0
    outer loop
      vertex 17.5833 83.1224 0
      vertex 17.6139 82.9684 2
      vertex 17.6139 82.9684 0
    endloop
  endfacet
  facet normal -0.0656309 0.997844 0
    outer loop
      vertex 18.9296 82.0893 0
      vertex 18.773 82.079 2
      vertex 18.9296 82.0893 2
    endloop
  endfacet
  facet normal -0.0656309 0.997844 0
    outer loop
      vertex 18.773 82.079 2
      vertex 18.9296 82.0893 0
      vertex 18.773 82.079 0
    endloop
  endfacet
  facet normal -0.194891 -0.980825 0
    outer loop
      vertex 18.9296 84.4687 0
      vertex 19.0836 84.4381 2
      vertex 18.9296 84.4687 2
    endloop
  endfacet
  facet normal -0.194891 -0.980825 -0
    outer loop
      vertex 19.0836 84.4381 2
      vertex 18.9296 84.4687 0
      vertex 19.0836 84.4381 0
    endloop
  endfacet
  facet normal 0.831462 0.555582 0
    outer loop
      vertex 17.821 82.5485 2
      vertex 17.7338 82.679 0
      vertex 17.7338 82.679 2
    endloop
  endfacet
  facet normal 0.831462 0.555582 0
    outer loop
      vertex 17.7338 82.679 0
      vertex 17.821 82.5485 2
      vertex 17.821 82.5485 0
    endloop
  endfacet
  facet normal -0.751787 -0.659406 0
    outer loop
      vertex 19.725 84.0095 0
      vertex 19.6215 84.1275 2
      vertex 19.6215 84.1275 0
    endloop
  endfacet
  facet normal -0.751787 -0.659406 0
    outer loop
      vertex 19.6215 84.1275 2
      vertex 19.725 84.0095 0
      vertex 19.725 84.0095 2
    endloop
  endfacet
  facet normal -0.947013 -0.321194 0
    outer loop
      vertex 19.9321 83.5896 0
      vertex 19.8817 83.7382 2
      vertex 19.8817 83.7382 0
    endloop
  endfacet
  facet normal -0.947013 -0.321194 0
    outer loop
      vertex 19.8817 83.7382 2
      vertex 19.9321 83.5896 0
      vertex 19.9321 83.5896 2
    endloop
  endfacet
  facet normal 0.321194 -0.947013 0
    outer loop
      vertex 18.3138 84.3877 0
      vertex 18.4624 84.4381 2
      vertex 18.3138 84.3877 2
    endloop
  endfacet
  facet normal 0.321194 -0.947013 0
    outer loop
      vertex 18.4624 84.4381 2
      vertex 18.3138 84.3877 0
      vertex 18.4624 84.4381 0
    endloop
  endfacet
  facet normal 0.0656309 -0.997844 0
    outer loop
      vertex 18.6164 84.4687 0
      vertex 18.773 84.479 2
      vertex 18.6164 84.4687 2
    endloop
  endfacet
  facet normal 0.0656309 -0.997844 0
    outer loop
      vertex 18.773 84.479 2
      vertex 18.6164 84.4687 0
      vertex 18.773 84.479 0
    endloop
  endfacet
  facet normal -0.0656309 -0.997844 0
    outer loop
      vertex 18.773 84.479 0
      vertex 18.9296 84.4687 2
      vertex 18.773 84.479 2
    endloop
  endfacet
  facet normal -0.0656309 -0.997844 -0
    outer loop
      vertex 18.9296 84.4687 2
      vertex 18.773 84.479 0
      vertex 18.9296 84.4687 0
    endloop
  endfacet
  facet normal 0.442622 0.896708 -0
    outer loop
      vertex 18.3138 82.1703 0
      vertex 18.173 82.2398 2
      vertex 18.3138 82.1703 2
    endloop
  endfacet
  facet normal 0.442622 0.896708 0
    outer loop
      vertex 18.173 82.2398 2
      vertex 18.3138 82.1703 0
      vertex 18.173 82.2398 0
    endloop
  endfacet
  facet normal 0.947013 0.321194 0
    outer loop
      vertex 17.6643 82.8198 2
      vertex 17.6139 82.9684 0
      vertex 17.6139 82.9684 2
    endloop
  endfacet
  facet normal 0.947013 0.321194 0
    outer loop
      vertex 17.6139 82.9684 0
      vertex 17.6643 82.8198 2
      vertex 17.6643 82.8198 0
    endloop
  endfacet
  facet normal 0.555582 0.831462 -0
    outer loop
      vertex 18.173 82.2398 0
      vertex 18.0425 82.327 2
      vertex 18.173 82.2398 2
    endloop
  endfacet
  facet normal 0.555582 0.831462 0
    outer loop
      vertex 18.0425 82.327 2
      vertex 18.173 82.2398 0
      vertex 18.0425 82.327 0
    endloop
  endfacet
  facet normal 0.194891 0.980825 -0
    outer loop
      vertex 18.6164 82.0893 0
      vertex 18.4624 82.1199 2
      vertex 18.6164 82.0893 2
    endloop
  endfacet
  facet normal 0.194891 0.980825 0
    outer loop
      vertex 18.4624 82.1199 2
      vertex 18.6164 82.0893 0
      vertex 18.4624 82.1199 0
    endloop
  endfacet
  facet normal 0.896708 0.442622 0
    outer loop
      vertex 17.7338 82.679 2
      vertex 17.6643 82.8198 0
      vertex 17.6643 82.8198 2
    endloop
  endfacet
  facet normal 0.896708 0.442622 0
    outer loop
      vertex 17.6643 82.8198 0
      vertex 17.7338 82.679 2
      vertex 17.7338 82.679 0
    endloop
  endfacet
  facet normal 0.321194 0.947013 -0
    outer loop
      vertex 18.4624 82.1199 0
      vertex 18.3138 82.1703 2
      vertex 18.4624 82.1199 2
    endloop
  endfacet
  facet normal 0.321194 0.947013 0
    outer loop
      vertex 18.3138 82.1703 2
      vertex 18.4624 82.1199 0
      vertex 18.3138 82.1703 0
    endloop
  endfacet
  facet normal -0.980825 -0.194891 0
    outer loop
      vertex 95.7457 92.6356 0
      vertex 95.7151 92.7896 2
      vertex 95.7151 92.7896 0
    endloop
  endfacet
  facet normal -0.980825 -0.194891 0
    outer loop
      vertex 95.7151 92.7896 2
      vertex 95.7457 92.6356 0
      vertex 95.7457 92.6356 2
    endloop
  endfacet
  facet normal -0.997844 -0.0656309 0
    outer loop
      vertex 95.756 92.479 0
      vertex 95.7457 92.6356 2
      vertex 95.7457 92.6356 0
    endloop
  endfacet
  facet normal -0.997844 -0.0656309 0
    outer loop
      vertex 95.7457 92.6356 2
      vertex 95.756 92.479 0
      vertex 95.756 92.479 2
    endloop
  endfacet
  facet normal 0.947013 -0.321194 0
    outer loop
      vertex 93.3969 92.7896 2
      vertex 93.4473 92.9382 0
      vertex 93.4473 92.9382 2
    endloop
  endfacet
  facet normal 0.947013 -0.321194 0
    outer loop
      vertex 93.4473 92.9382 0
      vertex 93.3969 92.7896 2
      vertex 93.3969 92.7896 0
    endloop
  endfacet
  facet normal -0.555582 -0.831462 0
    outer loop
      vertex 95.156 93.5182 0
      vertex 95.2865 93.431 2
      vertex 95.156 93.5182 2
    endloop
  endfacet
  facet normal -0.555582 -0.831462 -0
    outer loop
      vertex 95.2865 93.431 2
      vertex 95.156 93.5182 0
      vertex 95.2865 93.431 0
    endloop
  endfacet
  facet normal -0.659406 -0.751787 0
    outer loop
      vertex 95.2865 93.431 0
      vertex 95.4045 93.3275 2
      vertex 95.2865 93.431 2
    endloop
  endfacet
  facet normal -0.659406 -0.751787 -0
    outer loop
      vertex 95.4045 93.3275 2
      vertex 95.2865 93.431 0
      vertex 95.4045 93.3275 0
    endloop
  endfacet
  facet normal 0.896708 0.442622 0
    outer loop
      vertex 93.5168 91.879 2
      vertex 93.4473 92.0198 0
      vertex 93.4473 92.0198 2
    endloop
  endfacet
  facet normal 0.896708 0.442622 0
    outer loop
      vertex 93.4473 92.0198 0
      vertex 93.5168 91.879 2
      vertex 93.5168 91.879 0
    endloop
  endfacet
  facet normal -0.321194 -0.947013 0
    outer loop
      vertex 94.8666 93.6381 0
      vertex 95.0152 93.5877 2
      vertex 94.8666 93.6381 2
    endloop
  endfacet
  facet normal -0.321194 -0.947013 -0
    outer loop
      vertex 95.0152 93.5877 2
      vertex 94.8666 93.6381 0
      vertex 95.0152 93.5877 0
    endloop
  endfacet
  facet normal -0.947013 0.321194 0
    outer loop
      vertex 95.6647 92.0198 0
      vertex 95.7151 92.1684 2
      vertex 95.7151 92.1684 0
    endloop
  endfacet
  facet normal -0.947013 0.321194 0
    outer loop
      vertex 95.7151 92.1684 2
      vertex 95.6647 92.0198 0
      vertex 95.6647 92.0198 2
    endloop
  endfacet
  facet normal -0.659406 0.751787 0
    outer loop
      vertex 95.4045 91.6305 0
      vertex 95.2865 91.527 2
      vertex 95.4045 91.6305 2
    endloop
  endfacet
  facet normal -0.659406 0.751787 0
    outer loop
      vertex 95.2865 91.527 2
      vertex 95.4045 91.6305 0
      vertex 95.2865 91.527 0
    endloop
  endfacet
  facet normal -0.997844 0.0656309 0
    outer loop
      vertex 95.7457 92.3224 0
      vertex 95.756 92.479 2
      vertex 95.756 92.479 0
    endloop
  endfacet
  facet normal -0.997844 0.0656309 0
    outer loop
      vertex 95.756 92.479 2
      vertex 95.7457 92.3224 0
      vertex 95.7457 92.3224 2
    endloop
  endfacet
  facet normal -0.896708 -0.442622 0
    outer loop
      vertex 95.6647 92.9382 0
      vertex 95.5952 93.079 2
      vertex 95.5952 93.079 0
    endloop
  endfacet
  facet normal -0.896708 -0.442622 0
    outer loop
      vertex 95.5952 93.079 2
      vertex 95.6647 92.9382 0
      vertex 95.6647 92.9382 2
    endloop
  endfacet
  facet normal -0.194891 0.980825 0
    outer loop
      vertex 94.8666 91.3199 0
      vertex 94.7126 91.2893 2
      vertex 94.8666 91.3199 2
    endloop
  endfacet
  facet normal -0.194891 0.980825 0
    outer loop
      vertex 94.7126 91.2893 2
      vertex 94.8666 91.3199 0
      vertex 94.7126 91.2893 0
    endloop
  endfacet
  facet normal 0.659406 -0.751787 0
    outer loop
      vertex 93.7075 93.3275 0
      vertex 93.8255 93.431 2
      vertex 93.7075 93.3275 2
    endloop
  endfacet
  facet normal 0.659406 -0.751787 0
    outer loop
      vertex 93.8255 93.431 2
      vertex 93.7075 93.3275 0
      vertex 93.8255 93.431 0
    endloop
  endfacet
  facet normal -0.831462 -0.555582 0
    outer loop
      vertex 95.5952 93.079 0
      vertex 95.508 93.2095 2
      vertex 95.508 93.2095 0
    endloop
  endfacet
  facet normal -0.831462 -0.555582 0
    outer loop
      vertex 95.508 93.2095 2
      vertex 95.5952 93.079 0
      vertex 95.5952 93.079 2
    endloop
  endfacet
  facet normal 0.751787 0.659406 0
    outer loop
      vertex 93.7075 91.6305 2
      vertex 93.604 91.7485 0
      vertex 93.604 91.7485 2
    endloop
  endfacet
  facet normal 0.751787 0.659406 0
    outer loop
      vertex 93.604 91.7485 0
      vertex 93.7075 91.6305 2
      vertex 93.7075 91.6305 0
    endloop
  endfacet
  facet normal 0.751787 -0.659406 0
    outer loop
      vertex 93.604 93.2095 2
      vertex 93.7075 93.3275 0
      vertex 93.7075 93.3275 2
    endloop
  endfacet
  facet normal 0.751787 -0.659406 0
    outer loop
      vertex 93.7075 93.3275 0
      vertex 93.604 93.2095 2
      vertex 93.604 93.2095 0
    endloop
  endfacet
  facet normal 0.555582 -0.831462 0
    outer loop
      vertex 93.8255 93.431 0
      vertex 93.956 93.5182 2
      vertex 93.8255 93.431 2
    endloop
  endfacet
  facet normal 0.555582 -0.831462 0
    outer loop
      vertex 93.956 93.5182 2
      vertex 93.8255 93.431 0
      vertex 93.956 93.5182 0
    endloop
  endfacet
  facet normal 0.997844 -0.0656309 0
    outer loop
      vertex 93.356 92.479 2
      vertex 93.3663 92.6356 0
      vertex 93.3663 92.6356 2
    endloop
  endfacet
  facet normal 0.997844 -0.0656309 0
    outer loop
      vertex 93.3663 92.6356 0
      vertex 93.356 92.479 2
      vertex 93.356 92.479 0
    endloop
  endfacet
  facet normal -0.751787 0.659406 0
    outer loop
      vertex 95.4045 91.6305 0
      vertex 95.508 91.7485 2
      vertex 95.508 91.7485 0
    endloop
  endfacet
  facet normal -0.751787 0.659406 0
    outer loop
      vertex 95.508 91.7485 2
      vertex 95.4045 91.6305 0
      vertex 95.4045 91.6305 2
    endloop
  endfacet
  facet normal -0.442622 -0.896708 0
    outer loop
      vertex 95.0152 93.5877 0
      vertex 95.156 93.5182 2
      vertex 95.0152 93.5877 2
    endloop
  endfacet
  facet normal -0.442622 -0.896708 -0
    outer loop
      vertex 95.156 93.5182 2
      vertex 95.0152 93.5877 0
      vertex 95.156 93.5182 0
    endloop
  endfacet
  facet normal -0.321194 0.947013 0
    outer loop
      vertex 95.0152 91.3703 0
      vertex 94.8666 91.3199 2
      vertex 95.0152 91.3703 2
    endloop
  endfacet
  facet normal -0.321194 0.947013 0
    outer loop
      vertex 94.8666 91.3199 2
      vertex 95.0152 91.3703 0
      vertex 94.8666 91.3199 0
    endloop
  endfacet
  facet normal -0.980825 0.194891 0
    outer loop
      vertex 95.7151 92.1684 0
      vertex 95.7457 92.3224 2
      vertex 95.7457 92.3224 0
    endloop
  endfacet
  facet normal -0.980825 0.194891 0
    outer loop
      vertex 95.7457 92.3224 2
      vertex 95.7151 92.1684 0
      vertex 95.7151 92.1684 2
    endloop
  endfacet
  facet normal 0.896708 -0.442622 0
    outer loop
      vertex 93.4473 92.9382 2
      vertex 93.5168 93.079 0
      vertex 93.5168 93.079 2
    endloop
  endfacet
  facet normal 0.896708 -0.442622 0
    outer loop
      vertex 93.5168 93.079 0
      vertex 93.4473 92.9382 2
      vertex 93.4473 92.9382 0
    endloop
  endfacet
  facet normal 0.194891 0.980825 -0
    outer loop
      vertex 94.3994 91.2893 0
      vertex 94.2454 91.3199 2
      vertex 94.3994 91.2893 2
    endloop
  endfacet
  facet normal 0.194891 0.980825 0
    outer loop
      vertex 94.2454 91.3199 2
      vertex 94.3994 91.2893 0
      vertex 94.2454 91.3199 0
    endloop
  endfacet
  facet normal 0.194891 -0.980825 0
    outer loop
      vertex 94.2454 93.6381 0
      vertex 94.3994 93.6687 2
      vertex 94.2454 93.6381 2
    endloop
  endfacet
  facet normal 0.194891 -0.980825 0
    outer loop
      vertex 94.3994 93.6687 2
      vertex 94.2454 93.6381 0
      vertex 94.3994 93.6687 0
    endloop
  endfacet
  facet normal -0.555582 0.831462 0
    outer loop
      vertex 95.2865 91.527 0
      vertex 95.156 91.4398 2
      vertex 95.2865 91.527 2
    endloop
  endfacet
  facet normal -0.555582 0.831462 0
    outer loop
      vertex 95.156 91.4398 2
      vertex 95.2865 91.527 0
      vertex 95.156 91.4398 0
    endloop
  endfacet
  facet normal 0.442622 -0.896708 0
    outer loop
      vertex 93.956 93.5182 0
      vertex 94.0968 93.5877 2
      vertex 93.956 93.5182 2
    endloop
  endfacet
  facet normal 0.442622 -0.896708 0
    outer loop
      vertex 94.0968 93.5877 2
      vertex 93.956 93.5182 0
      vertex 94.0968 93.5877 0
    endloop
  endfacet
  facet normal -0.831462 0.555582 0
    outer loop
      vertex 95.508 91.7485 0
      vertex 95.5952 91.879 2
      vertex 95.5952 91.879 0
    endloop
  endfacet
  facet normal -0.831462 0.555582 0
    outer loop
      vertex 95.5952 91.879 2
      vertex 95.508 91.7485 0
      vertex 95.508 91.7485 2
    endloop
  endfacet
  facet normal 0.442622 0.896708 -0
    outer loop
      vertex 94.0968 91.3703 0
      vertex 93.956 91.4398 2
      vertex 94.0968 91.3703 2
    endloop
  endfacet
  facet normal 0.442622 0.896708 0
    outer loop
      vertex 93.956 91.4398 2
      vertex 94.0968 91.3703 0
      vertex 93.956 91.4398 0
    endloop
  endfacet
  facet normal -0.896708 0.442622 0
    outer loop
      vertex 95.5952 91.879 0
      vertex 95.6647 92.0198 2
      vertex 95.6647 92.0198 0
    endloop
  endfacet
  facet normal -0.896708 0.442622 0
    outer loop
      vertex 95.6647 92.0198 2
      vertex 95.5952 91.879 0
      vertex 95.5952 91.879 2
    endloop
  endfacet
  facet normal 0.980825 0.194891 0
    outer loop
      vertex 93.3969 92.1684 2
      vertex 93.3663 92.3224 0
      vertex 93.3663 92.3224 2
    endloop
  endfacet
  facet normal 0.980825 0.194891 0
    outer loop
      vertex 93.3663 92.3224 0
      vertex 93.3969 92.1684 2
      vertex 93.3969 92.1684 0
    endloop
  endfacet
  facet normal 0.0656309 0.997844 -0
    outer loop
      vertex 94.556 91.279 0
      vertex 94.3994 91.2893 2
      vertex 94.556 91.279 2
    endloop
  endfacet
  facet normal 0.0656309 0.997844 0
    outer loop
      vertex 94.3994 91.2893 2
      vertex 94.556 91.279 0
      vertex 94.3994 91.2893 0
    endloop
  endfacet
  facet normal -0.442622 0.896708 0
    outer loop
      vertex 95.156 91.4398 0
      vertex 95.0152 91.3703 2
      vertex 95.156 91.4398 2
    endloop
  endfacet
  facet normal -0.442622 0.896708 0
    outer loop
      vertex 95.0152 91.3703 2
      vertex 95.156 91.4398 0
      vertex 95.0152 91.3703 0
    endloop
  endfacet
  facet normal -0.0656309 0.997844 0
    outer loop
      vertex 94.7126 91.2893 0
      vertex 94.556 91.279 2
      vertex 94.7126 91.2893 2
    endloop
  endfacet
  facet normal -0.0656309 0.997844 0
    outer loop
      vertex 94.556 91.279 2
      vertex 94.7126 91.2893 0
      vertex 94.556 91.279 0
    endloop
  endfacet
  facet normal -0.194891 -0.980825 0
    outer loop
      vertex 94.7126 93.6687 0
      vertex 94.8666 93.6381 2
      vertex 94.7126 93.6687 2
    endloop
  endfacet
  facet normal -0.194891 -0.980825 -0
    outer loop
      vertex 94.8666 93.6381 2
      vertex 94.7126 93.6687 0
      vertex 94.8666 93.6381 0
    endloop
  endfacet
  facet normal 0.980825 -0.194891 0
    outer loop
      vertex 93.3663 92.6356 2
      vertex 93.3969 92.7896 0
      vertex 93.3969 92.7896 2
    endloop
  endfacet
  facet normal 0.980825 -0.194891 0
    outer loop
      vertex 93.3969 92.7896 0
      vertex 93.3663 92.6356 2
      vertex 93.3663 92.6356 0
    endloop
  endfacet
  facet normal 0.997844 0.0656309 0
    outer loop
      vertex 93.3663 92.3224 2
      vertex 93.356 92.479 0
      vertex 93.356 92.479 2
    endloop
  endfacet
  facet normal 0.997844 0.0656309 0
    outer loop
      vertex 93.356 92.479 0
      vertex 93.3663 92.3224 2
      vertex 93.3663 92.3224 0
    endloop
  endfacet
  facet normal -0.751787 -0.659406 0
    outer loop
      vertex 95.508 93.2095 0
      vertex 95.4045 93.3275 2
      vertex 95.4045 93.3275 0
    endloop
  endfacet
  facet normal -0.751787 -0.659406 0
    outer loop
      vertex 95.4045 93.3275 2
      vertex 95.508 93.2095 0
      vertex 95.508 93.2095 2
    endloop
  endfacet
  facet normal -0.947013 -0.321194 0
    outer loop
      vertex 95.7151 92.7896 0
      vertex 95.6647 92.9382 2
      vertex 95.6647 92.9382 0
    endloop
  endfacet
  facet normal -0.947013 -0.321194 0
    outer loop
      vertex 95.6647 92.9382 2
      vertex 95.7151 92.7896 0
      vertex 95.7151 92.7896 2
    endloop
  endfacet
  facet normal 0.321194 -0.947013 0
    outer loop
      vertex 94.0968 93.5877 0
      vertex 94.2454 93.6381 2
      vertex 94.0968 93.5877 2
    endloop
  endfacet
  facet normal 0.321194 -0.947013 0
    outer loop
      vertex 94.2454 93.6381 2
      vertex 94.0968 93.5877 0
      vertex 94.2454 93.6381 0
    endloop
  endfacet
  facet normal -0.0656309 -0.997844 0
    outer loop
      vertex 94.556 93.679 0
      vertex 94.7126 93.6687 2
      vertex 94.556 93.679 2
    endloop
  endfacet
  facet normal -0.0656309 -0.997844 -0
    outer loop
      vertex 94.7126 93.6687 2
      vertex 94.556 93.679 0
      vertex 94.7126 93.6687 0
    endloop
  endfacet
  facet normal 0.947013 0.321194 0
    outer loop
      vertex 93.4473 92.0198 2
      vertex 93.3969 92.1684 0
      vertex 93.3969 92.1684 2
    endloop
  endfacet
  facet normal 0.947013 0.321194 0
    outer loop
      vertex 93.3969 92.1684 0
      vertex 93.4473 92.0198 2
      vertex 93.4473 92.0198 0
    endloop
  endfacet
  facet normal 0.555582 0.831462 -0
    outer loop
      vertex 93.956 91.4398 0
      vertex 93.8255 91.527 2
      vertex 93.956 91.4398 2
    endloop
  endfacet
  facet normal 0.555582 0.831462 0
    outer loop
      vertex 93.8255 91.527 2
      vertex 93.956 91.4398 0
      vertex 93.8255 91.527 0
    endloop
  endfacet
  facet normal 0.0656309 -0.997844 0
    outer loop
      vertex 94.3994 93.6687 0
      vertex 94.556 93.679 2
      vertex 94.3994 93.6687 2
    endloop
  endfacet
  facet normal 0.0656309 -0.997844 0
    outer loop
      vertex 94.556 93.679 2
      vertex 94.3994 93.6687 0
      vertex 94.556 93.679 0
    endloop
  endfacet
  facet normal 0.831462 0.555582 0
    outer loop
      vertex 93.604 91.7485 2
      vertex 93.5168 91.879 0
      vertex 93.5168 91.879 2
    endloop
  endfacet
  facet normal 0.831462 0.555582 0
    outer loop
      vertex 93.5168 91.879 0
      vertex 93.604 91.7485 2
      vertex 93.604 91.7485 0
    endloop
  endfacet
  facet normal 0.321194 0.947013 -0
    outer loop
      vertex 94.2454 91.3199 0
      vertex 94.0968 91.3703 2
      vertex 94.2454 91.3199 2
    endloop
  endfacet
  facet normal 0.321194 0.947013 0
    outer loop
      vertex 94.0968 91.3703 2
      vertex 94.2454 91.3199 0
      vertex 94.0968 91.3703 0
    endloop
  endfacet
  facet normal 0.659406 0.751787 -0
    outer loop
      vertex 93.8255 91.527 0
      vertex 93.7075 91.6305 2
      vertex 93.8255 91.527 2
    endloop
  endfacet
  facet normal 0.659406 0.751787 0
    outer loop
      vertex 93.7075 91.6305 2
      vertex 93.8255 91.527 0
      vertex 93.7075 91.6305 0
    endloop
  endfacet
  facet normal 0.831462 -0.555582 0
    outer loop
      vertex 93.5168 93.079 2
      vertex 93.604 93.2095 0
      vertex 93.604 93.2095 2
    endloop
  endfacet
  facet normal 0.831462 -0.555582 0
    outer loop
      vertex 93.604 93.2095 0
      vertex 93.5168 93.079 2
      vertex 93.5168 93.079 0
    endloop
  endfacet
  facet normal -0.442622 0.896708 0
    outer loop
      vertex 95.992 50.8398 0
      vertex 95.8512 50.7703 2
      vertex 95.992 50.8398 2
    endloop
  endfacet
  facet normal -0.442622 0.896708 0
    outer loop
      vertex 95.8512 50.7703 2
      vertex 95.992 50.8398 0
      vertex 95.8512 50.7703 0
    endloop
  endfacet
  facet normal -0.980825 -0.194891 0
    outer loop
      vertex 96.5817 52.0356 0
      vertex 96.5511 52.1896 2
      vertex 96.5511 52.1896 0
    endloop
  endfacet
  facet normal -0.980825 -0.194891 0
    outer loop
      vertex 96.5511 52.1896 2
      vertex 96.5817 52.0356 0
      vertex 96.5817 52.0356 2
    endloop
  endfacet
  facet normal -0.997844 -0.0656309 0
    outer loop
      vertex 96.592 51.879 0
      vertex 96.5817 52.0356 2
      vertex 96.5817 52.0356 0
    endloop
  endfacet
  facet normal -0.997844 -0.0656309 0
    outer loop
      vertex 96.5817 52.0356 2
      vertex 96.592 51.879 0
      vertex 96.592 51.879 2
    endloop
  endfacet
  facet normal -0.947013 -0.321194 0
    outer loop
      vertex 96.5511 52.1896 0
      vertex 96.5007 52.3382 2
      vertex 96.5007 52.3382 0
    endloop
  endfacet
  facet normal -0.947013 -0.321194 0
    outer loop
      vertex 96.5007 52.3382 2
      vertex 96.5511 52.1896 0
      vertex 96.5511 52.1896 2
    endloop
  endfacet
  facet normal 0.555582 0.831462 -0
    outer loop
      vertex 94.792 50.8398 0
      vertex 94.6615 50.927 2
      vertex 94.792 50.8398 2
    endloop
  endfacet
  facet normal 0.555582 0.831462 0
    outer loop
      vertex 94.6615 50.927 2
      vertex 94.792 50.8398 0
      vertex 94.6615 50.927 0
    endloop
  endfacet
  facet normal -0.555582 0.831462 0
    outer loop
      vertex 96.1225 50.927 0
      vertex 95.992 50.8398 2
      vertex 96.1225 50.927 2
    endloop
  endfacet
  facet normal -0.555582 0.831462 0
    outer loop
      vertex 95.992 50.8398 2
      vertex 96.1225 50.927 0
      vertex 95.992 50.8398 0
    endloop
  endfacet
  facet normal -0.555582 -0.831462 0
    outer loop
      vertex 95.992 52.9182 0
      vertex 96.1225 52.831 2
      vertex 95.992 52.9182 2
    endloop
  endfacet
  facet normal -0.555582 -0.831462 -0
    outer loop
      vertex 96.1225 52.831 2
      vertex 95.992 52.9182 0
      vertex 96.1225 52.831 0
    endloop
  endfacet
  facet normal 0.321194 0.947013 -0
    outer loop
      vertex 95.0814 50.7199 0
      vertex 94.9328 50.7703 2
      vertex 95.0814 50.7199 2
    endloop
  endfacet
  facet normal 0.321194 0.947013 0
    outer loop
      vertex 94.9328 50.7703 2
      vertex 95.0814 50.7199 0
      vertex 94.9328 50.7703 0
    endloop
  endfacet
  facet normal -0.194891 0.980825 0
    outer loop
      vertex 95.7026 50.7199 0
      vertex 95.5486 50.6893 2
      vertex 95.7026 50.7199 2
    endloop
  endfacet
  facet normal -0.194891 0.980825 0
    outer loop
      vertex 95.5486 50.6893 2
      vertex 95.7026 50.7199 0
      vertex 95.5486 50.6893 0
    endloop
  endfacet
  facet normal 0.194891 -0.980825 0
    outer loop
      vertex 95.0814 53.0381 0
      vertex 95.2354 53.0687 2
      vertex 95.0814 53.0381 2
    endloop
  endfacet
  facet normal 0.194891 -0.980825 0
    outer loop
      vertex 95.2354 53.0687 2
      vertex 95.0814 53.0381 0
      vertex 95.2354 53.0687 0
    endloop
  endfacet
  facet normal -0.0656309 -0.997844 0
    outer loop
      vertex 95.392 53.079 0
      vertex 95.5486 53.0687 2
      vertex 95.392 53.079 2
    endloop
  endfacet
  facet normal -0.0656309 -0.997844 -0
    outer loop
      vertex 95.5486 53.0687 2
      vertex 95.392 53.079 0
      vertex 95.5486 53.0687 0
    endloop
  endfacet
  facet normal -0.947013 0.321194 0
    outer loop
      vertex 96.5007 51.4198 0
      vertex 96.5511 51.5684 2
      vertex 96.5511 51.5684 0
    endloop
  endfacet
  facet normal -0.947013 0.321194 0
    outer loop
      vertex 96.5511 51.5684 2
      vertex 96.5007 51.4198 0
      vertex 96.5007 51.4198 2
    endloop
  endfacet
  facet normal -0.751787 -0.659406 0
    outer loop
      vertex 96.344 52.6095 0
      vertex 96.2405 52.7275 2
      vertex 96.2405 52.7275 0
    endloop
  endfacet
  facet normal -0.751787 -0.659406 0
    outer loop
      vertex 96.2405 52.7275 2
      vertex 96.344 52.6095 0
      vertex 96.344 52.6095 2
    endloop
  endfacet
  facet normal 0.947013 0.321194 0
    outer loop
      vertex 94.2833 51.4198 2
      vertex 94.2329 51.5684 0
      vertex 94.2329 51.5684 2
    endloop
  endfacet
  facet normal 0.947013 0.321194 0
    outer loop
      vertex 94.2329 51.5684 0
      vertex 94.2833 51.4198 2
      vertex 94.2833 51.4198 0
    endloop
  endfacet
  facet normal -0.659406 0.751787 0
    outer loop
      vertex 96.2405 51.0305 0
      vertex 96.1225 50.927 2
      vertex 96.2405 51.0305 2
    endloop
  endfacet
  facet normal -0.659406 0.751787 0
    outer loop
      vertex 96.1225 50.927 2
      vertex 96.2405 51.0305 0
      vertex 96.1225 50.927 0
    endloop
  endfacet
  facet normal -0.442622 -0.896708 0
    outer loop
      vertex 95.8512 52.9877 0
      vertex 95.992 52.9182 2
      vertex 95.8512 52.9877 2
    endloop
  endfacet
  facet normal -0.442622 -0.896708 -0
    outer loop
      vertex 95.992 52.9182 2
      vertex 95.8512 52.9877 0
      vertex 95.992 52.9182 0
    endloop
  endfacet
  facet normal -0.896708 -0.442622 0
    outer loop
      vertex 96.5007 52.3382 0
      vertex 96.4312 52.479 2
      vertex 96.4312 52.479 0
    endloop
  endfacet
  facet normal -0.896708 -0.442622 0
    outer loop
      vertex 96.4312 52.479 2
      vertex 96.5007 52.3382 0
      vertex 96.5007 52.3382 2
    endloop
  endfacet
  facet normal 0.997844 -0.0656309 0
    outer loop
      vertex 94.192 51.879 2
      vertex 94.2023 52.0356 0
      vertex 94.2023 52.0356 2
    endloop
  endfacet
  facet normal 0.997844 -0.0656309 0
    outer loop
      vertex 94.2023 52.0356 0
      vertex 94.192 51.879 2
      vertex 94.192 51.879 0
    endloop
  endfacet
  facet normal -0.896708 0.442622 0
    outer loop
      vertex 96.4312 51.279 0
      vertex 96.5007 51.4198 2
      vertex 96.5007 51.4198 0
    endloop
  endfacet
  facet normal -0.896708 0.442622 0
    outer loop
      vertex 96.5007 51.4198 2
      vertex 96.4312 51.279 0
      vertex 96.4312 51.279 2
    endloop
  endfacet
  facet normal 0.980825 -0.194891 0
    outer loop
      vertex 94.2023 52.0356 2
      vertex 94.2329 52.1896 0
      vertex 94.2329 52.1896 2
    endloop
  endfacet
  facet normal 0.980825 -0.194891 0
    outer loop
      vertex 94.2329 52.1896 0
      vertex 94.2023 52.0356 2
      vertex 94.2023 52.0356 0
    endloop
  endfacet
  facet normal 0.442622 -0.896708 0
    outer loop
      vertex 94.792 52.9182 0
      vertex 94.9328 52.9877 2
      vertex 94.792 52.9182 2
    endloop
  endfacet
  facet normal 0.442622 -0.896708 0
    outer loop
      vertex 94.9328 52.9877 2
      vertex 94.792 52.9182 0
      vertex 94.9328 52.9877 0
    endloop
  endfacet
  facet normal -0.321194 -0.947013 0
    outer loop
      vertex 95.7026 53.0381 0
      vertex 95.8512 52.9877 2
      vertex 95.7026 53.0381 2
    endloop
  endfacet
  facet normal -0.321194 -0.947013 -0
    outer loop
      vertex 95.8512 52.9877 2
      vertex 95.7026 53.0381 0
      vertex 95.8512 52.9877 0
    endloop
  endfacet
  facet normal 0.751787 -0.659406 0
    outer loop
      vertex 94.44 52.6095 2
      vertex 94.5435 52.7275 0
      vertex 94.5435 52.7275 2
    endloop
  endfacet
  facet normal 0.751787 -0.659406 0
    outer loop
      vertex 94.5435 52.7275 0
      vertex 94.44 52.6095 2
      vertex 94.44 52.6095 0
    endloop
  endfacet
  facet normal 0.442622 0.896708 -0
    outer loop
      vertex 94.9328 50.7703 0
      vertex 94.792 50.8398 2
      vertex 94.9328 50.7703 2
    endloop
  endfacet
  facet normal 0.442622 0.896708 0
    outer loop
      vertex 94.792 50.8398 2
      vertex 94.9328 50.7703 0
      vertex 94.792 50.8398 0
    endloop
  endfacet
  facet normal 0.831462 0.555582 0
    outer loop
      vertex 94.44 51.1485 2
      vertex 94.3528 51.279 0
      vertex 94.3528 51.279 2
    endloop
  endfacet
  facet normal 0.831462 0.555582 0
    outer loop
      vertex 94.3528 51.279 0
      vertex 94.44 51.1485 2
      vertex 94.44 51.1485 0
    endloop
  endfacet
  facet normal 0.997844 0.0656309 0
    outer loop
      vertex 94.2023 51.7224 2
      vertex 94.192 51.879 0
      vertex 94.192 51.879 2
    endloop
  endfacet
  facet normal 0.997844 0.0656309 0
    outer loop
      vertex 94.192 51.879 0
      vertex 94.2023 51.7224 2
      vertex 94.2023 51.7224 0
    endloop
  endfacet
  facet normal -0.321194 0.947013 0
    outer loop
      vertex 95.8512 50.7703 0
      vertex 95.7026 50.7199 2
      vertex 95.8512 50.7703 2
    endloop
  endfacet
  facet normal -0.321194 0.947013 0
    outer loop
      vertex 95.7026 50.7199 2
      vertex 95.8512 50.7703 0
      vertex 95.7026 50.7199 0
    endloop
  endfacet
  facet normal 0.555582 -0.831462 0
    outer loop
      vertex 94.6615 52.831 0
      vertex 94.792 52.9182 2
      vertex 94.6615 52.831 2
    endloop
  endfacet
  facet normal 0.555582 -0.831462 0
    outer loop
      vertex 94.792 52.9182 2
      vertex 94.6615 52.831 0
      vertex 94.792 52.9182 0
    endloop
  endfacet
  facet normal -0.831462 -0.555582 0
    outer loop
      vertex 96.4312 52.479 0
      vertex 96.344 52.6095 2
      vertex 96.344 52.6095 0
    endloop
  endfacet
  facet normal -0.831462 -0.555582 0
    outer loop
      vertex 96.344 52.6095 2
      vertex 96.4312 52.479 0
      vertex 96.4312 52.479 2
    endloop
  endfacet
  facet normal 0.194891 0.980825 -0
    outer loop
      vertex 95.2354 50.6893 0
      vertex 95.0814 50.7199 2
      vertex 95.2354 50.6893 2
    endloop
  endfacet
  facet normal 0.194891 0.980825 0
    outer loop
      vertex 95.0814 50.7199 2
      vertex 95.2354 50.6893 0
      vertex 95.0814 50.7199 0
    endloop
  endfacet
  facet normal -0.831462 0.555582 0
    outer loop
      vertex 96.344 51.1485 0
      vertex 96.4312 51.279 2
      vertex 96.4312 51.279 0
    endloop
  endfacet
  facet normal -0.831462 0.555582 0
    outer loop
      vertex 96.4312 51.279 2
      vertex 96.344 51.1485 0
      vertex 96.344 51.1485 2
    endloop
  endfacet
  facet normal 0.321194 -0.947013 0
    outer loop
      vertex 94.9328 52.9877 0
      vertex 95.0814 53.0381 2
      vertex 94.9328 52.9877 2
    endloop
  endfacet
  facet normal 0.321194 -0.947013 0
    outer loop
      vertex 95.0814 53.0381 2
      vertex 94.9328 52.9877 0
      vertex 95.0814 53.0381 0
    endloop
  endfacet
  facet normal -0.997844 0.0656309 0
    outer loop
      vertex 96.5817 51.7224 0
      vertex 96.592 51.879 2
      vertex 96.592 51.879 0
    endloop
  endfacet
  facet normal -0.997844 0.0656309 0
    outer loop
      vertex 96.592 51.879 2
      vertex 96.5817 51.7224 0
      vertex 96.5817 51.7224 2
    endloop
  endfacet
  facet normal -0.980825 0.194891 0
    outer loop
      vertex 96.5511 51.5684 0
      vertex 96.5817 51.7224 2
      vertex 96.5817 51.7224 0
    endloop
  endfacet
  facet normal -0.980825 0.194891 0
    outer loop
      vertex 96.5817 51.7224 2
      vertex 96.5511 51.5684 0
      vertex 96.5511 51.5684 2
    endloop
  endfacet
  facet normal -0.0656309 0.997844 0
    outer loop
      vertex 95.5486 50.6893 0
      vertex 95.392 50.679 2
      vertex 95.5486 50.6893 2
    endloop
  endfacet
  facet normal -0.0656309 0.997844 0
    outer loop
      vertex 95.392 50.679 2
      vertex 95.5486 50.6893 0
      vertex 95.392 50.679 0
    endloop
  endfacet
  facet normal -0.659406 -0.751787 0
    outer loop
      vertex 96.1225 52.831 0
      vertex 96.2405 52.7275 2
      vertex 96.1225 52.831 2
    endloop
  endfacet
  facet normal -0.659406 -0.751787 -0
    outer loop
      vertex 96.2405 52.7275 2
      vertex 96.1225 52.831 0
      vertex 96.2405 52.7275 0
    endloop
  endfacet
  facet normal -0.751787 0.659406 0
    outer loop
      vertex 96.2405 51.0305 0
      vertex 96.344 51.1485 2
      vertex 96.344 51.1485 0
    endloop
  endfacet
  facet normal -0.751787 0.659406 0
    outer loop
      vertex 96.344 51.1485 2
      vertex 96.2405 51.0305 0
      vertex 96.2405 51.0305 2
    endloop
  endfacet
  facet normal 0.896708 0.442622 0
    outer loop
      vertex 94.3528 51.279 2
      vertex 94.2833 51.4198 0
      vertex 94.2833 51.4198 2
    endloop
  endfacet
  facet normal 0.896708 0.442622 0
    outer loop
      vertex 94.2833 51.4198 0
      vertex 94.3528 51.279 2
      vertex 94.3528 51.279 0
    endloop
  endfacet
  facet normal 0.947013 -0.321194 0
    outer loop
      vertex 94.2329 52.1896 2
      vertex 94.2833 52.3382 0
      vertex 94.2833 52.3382 2
    endloop
  endfacet
  facet normal 0.947013 -0.321194 0
    outer loop
      vertex 94.2833 52.3382 0
      vertex 94.2329 52.1896 2
      vertex 94.2329 52.1896 0
    endloop
  endfacet
  facet normal 0.751787 0.659406 0
    outer loop
      vertex 94.5435 51.0305 2
      vertex 94.44 51.1485 0
      vertex 94.44 51.1485 2
    endloop
  endfacet
  facet normal 0.751787 0.659406 0
    outer loop
      vertex 94.44 51.1485 0
      vertex 94.5435 51.0305 2
      vertex 94.5435 51.0305 0
    endloop
  endfacet
  facet normal 0.0656309 -0.997844 0
    outer loop
      vertex 95.2354 53.0687 0
      vertex 95.392 53.079 2
      vertex 95.2354 53.0687 2
    endloop
  endfacet
  facet normal 0.0656309 -0.997844 0
    outer loop
      vertex 95.392 53.079 2
      vertex 95.2354 53.0687 0
      vertex 95.392 53.079 0
    endloop
  endfacet
  facet normal 0.659406 -0.751787 0
    outer loop
      vertex 94.5435 52.7275 0
      vertex 94.6615 52.831 2
      vertex 94.5435 52.7275 2
    endloop
  endfacet
  facet normal 0.659406 -0.751787 0
    outer loop
      vertex 94.6615 52.831 2
      vertex 94.5435 52.7275 0
      vertex 94.6615 52.831 0
    endloop
  endfacet
  facet normal 0.0656309 0.997844 -0
    outer loop
      vertex 95.392 50.679 0
      vertex 95.2354 50.6893 2
      vertex 95.392 50.679 2
    endloop
  endfacet
  facet normal 0.0656309 0.997844 0
    outer loop
      vertex 95.2354 50.6893 2
      vertex 95.392 50.679 0
      vertex 95.2354 50.6893 0
    endloop
  endfacet
  facet normal 0.980825 0.194891 0
    outer loop
      vertex 94.2329 51.5684 2
      vertex 94.2023 51.7224 0
      vertex 94.2023 51.7224 2
    endloop
  endfacet
  facet normal 0.980825 0.194891 0
    outer loop
      vertex 94.2023 51.7224 0
      vertex 94.2329 51.5684 2
      vertex 94.2329 51.5684 0
    endloop
  endfacet
  facet normal 0.831462 -0.555582 0
    outer loop
      vertex 94.3528 52.479 2
      vertex 94.44 52.6095 0
      vertex 94.44 52.6095 2
    endloop
  endfacet
  facet normal 0.831462 -0.555582 0
    outer loop
      vertex 94.44 52.6095 0
      vertex 94.3528 52.479 2
      vertex 94.3528 52.479 0
    endloop
  endfacet
  facet normal 0.659406 0.751787 -0
    outer loop
      vertex 94.6615 50.927 0
      vertex 94.5435 51.0305 2
      vertex 94.6615 50.927 2
    endloop
  endfacet
  facet normal 0.659406 0.751787 0
    outer loop
      vertex 94.5435 51.0305 2
      vertex 94.6615 50.927 0
      vertex 94.5435 51.0305 0
    endloop
  endfacet
  facet normal 0.896708 -0.442622 0
    outer loop
      vertex 94.2833 52.3382 2
      vertex 94.3528 52.479 0
      vertex 94.3528 52.479 2
    endloop
  endfacet
  facet normal 0.896708 -0.442622 0
    outer loop
      vertex 94.3528 52.479 0
      vertex 94.2833 52.3382 2
      vertex 94.2833 52.3382 0
    endloop
  endfacet
  facet normal -0.194891 -0.980825 0
    outer loop
      vertex 95.5486 53.0687 0
      vertex 95.7026 53.0381 2
      vertex 95.5486 53.0687 2
    endloop
  endfacet
  facet normal -0.194891 -0.980825 -0
    outer loop
      vertex 95.7026 53.0381 2
      vertex 95.5486 53.0687 0
      vertex 95.7026 53.0381 0
    endloop
  endfacet
  facet normal -0.0654644 -0.997855 0
    outer loop
      vertex 120.871 13.015 0
      vertex 121.028 13.0047 2
      vertex 120.871 13.015 2
    endloop
  endfacet
  facet normal -0.0654644 -0.997855 -0
    outer loop
      vertex 121.028 13.0047 2
      vertex 120.871 13.015 0
      vertex 121.028 13.0047 0
    endloop
  endfacet
  facet normal -0.895442 0.445177 0
    outer loop
      vertex 121.91 11.215 0
      vertex 121.98 11.3558 2
      vertex 121.98 11.3558 0
    endloop
  endfacet
  facet normal -0.895442 0.445177 0
    outer loop
      vertex 121.98 11.3558 2
      vertex 121.91 11.215 0
      vertex 121.91 11.215 2
    endloop
  endfacet
  facet normal -0.980335 -0.19734 0
    outer loop
      vertex 122.061 11.9716 0
      vertex 122.03 12.1256 2
      vertex 122.03 12.1256 0
    endloop
  endfacet
  facet normal -0.980335 -0.19734 0
    outer loop
      vertex 122.03 12.1256 2
      vertex 122.061 11.9716 0
      vertex 122.061 11.9716 2
    endloop
  endfacet
  facet normal -0.997967 -0.0637272 0
    outer loop
      vertex 122.071 11.815 0
      vertex 122.061 11.9716 2
      vertex 122.061 11.9716 0
    endloop
  endfacet
  facet normal -0.997967 -0.0637272 0
    outer loop
      vertex 122.061 11.9716 2
      vertex 122.071 11.815 0
      vertex 122.071 11.815 2
    endloop
  endfacet
  facet normal -0.947787 -0.318905 0
    outer loop
      vertex 122.03 12.1256 0
      vertex 121.98 12.2742 2
      vertex 121.98 12.2742 0
    endloop
  endfacet
  facet normal -0.947787 -0.318905 0
    outer loop
      vertex 121.98 12.2742 2
      vertex 122.03 12.1256 0
      vertex 122.03 12.1256 2
    endloop
  endfacet
  facet normal -0.0654644 0.997855 0
    outer loop
      vertex 121.028 10.6253 0
      vertex 120.871 10.615 2
      vertex 121.028 10.6253 2
    endloop
  endfacet
  facet normal -0.0654644 0.997855 0
    outer loop
      vertex 120.871 10.615 2
      vertex 121.028 10.6253 0
      vertex 120.871 10.615 0
    endloop
  endfacet
  facet normal 0.980335 -0.19734 0
    outer loop
      vertex 119.681 11.9716 2
      vertex 119.712 12.1256 0
      vertex 119.712 12.1256 2
    endloop
  endfacet
  facet normal 0.980335 -0.19734 0
    outer loop
      vertex 119.712 12.1256 0
      vertex 119.681 11.9716 2
      vertex 119.681 11.9716 0
    endloop
  endfacet
  facet normal -0.442117 0.896957 0
    outer loop
      vertex 121.471 10.7758 0
      vertex 121.33 10.7063 2
      vertex 121.471 10.7758 2
    endloop
  endfacet
  facet normal -0.442117 0.896957 0
    outer loop
      vertex 121.33 10.7063 2
      vertex 121.471 10.7758 0
      vertex 121.33 10.7063 0
    endloop
  endfacet
  facet normal 0.83205 0.5547 0
    outer loop
      vertex 119.919 11.0845 2
      vertex 119.832 11.215 0
      vertex 119.832 11.215 2
    endloop
  endfacet
  facet normal 0.83205 0.5547 0
    outer loop
      vertex 119.832 11.215 0
      vertex 119.919 11.0845 2
      vertex 119.919 11.0845 0
    endloop
  endfacet
  facet normal 0.659406 -0.751787 0
    outer loop
      vertex 120.022 12.6635 0
      vertex 120.14 12.767 2
      vertex 120.022 12.6635 2
    endloop
  endfacet
  facet normal 0.659406 -0.751787 0
    outer loop
      vertex 120.14 12.767 2
      vertex 120.022 12.6635 0
      vertex 120.14 12.767 0
    endloop
  endfacet
  facet normal 0.442117 0.896957 -0
    outer loop
      vertex 120.412 10.7063 0
      vertex 120.271 10.7758 2
      vertex 120.412 10.7063 2
    endloop
  endfacet
  facet normal 0.442117 0.896957 0
    outer loop
      vertex 120.271 10.7758 2
      vertex 120.412 10.7063 0
      vertex 120.271 10.7758 0
    endloop
  endfacet
  facet normal 0.659406 0.751787 -0
    outer loop
      vertex 120.14 10.863 0
      vertex 120.022 10.9665 2
      vertex 120.14 10.863 2
    endloop
  endfacet
  facet normal 0.659406 0.751787 0
    outer loop
      vertex 120.022 10.9665 2
      vertex 120.14 10.863 0
      vertex 120.022 10.9665 0
    endloop
  endfacet
  facet normal 0.0654644 0.997855 -0
    outer loop
      vertex 120.871 10.615 0
      vertex 120.714 10.6253 2
      vertex 120.871 10.615 2
    endloop
  endfacet
  facet normal 0.0654644 0.997855 0
    outer loop
      vertex 120.714 10.6253 2
      vertex 120.871 10.615 0
      vertex 120.714 10.6253 0
    endloop
  endfacet
  facet normal 0.194891 -0.980825 0
    outer loop
      vertex 120.56 12.9741 0
      vertex 120.714 13.0047 2
      vertex 120.56 12.9741 2
    endloop
  endfacet
  facet normal 0.194891 -0.980825 0
    outer loop
      vertex 120.714 13.0047 2
      vertex 120.56 12.9741 0
      vertex 120.714 13.0047 0
    endloop
  endfacet
  facet normal 0.753367 0.6576 0
    outer loop
      vertex 120.022 10.9665 2
      vertex 119.919 11.0845 0
      vertex 119.919 11.0845 2
    endloop
  endfacet
  facet normal 0.753367 0.6576 0
    outer loop
      vertex 119.919 11.0845 0
      vertex 120.022 10.9665 2
      vertex 120.022 10.9665 0
    endloop
  endfacet
  facet normal 0.322361 -0.946617 0
    outer loop
      vertex 120.412 12.9237 0
      vertex 120.56 12.9741 2
      vertex 120.412 12.9237 2
    endloop
  endfacet
  facet normal 0.322361 -0.946617 0
    outer loop
      vertex 120.56 12.9741 2
      vertex 120.412 12.9237 0
      vertex 120.56 12.9741 0
    endloop
  endfacet
  facet normal -0.194891 0.980825 0
    outer loop
      vertex 121.182 10.6559 0
      vertex 121.028 10.6253 2
      vertex 121.182 10.6559 2
    endloop
  endfacet
  facet normal -0.194891 0.980825 0
    outer loop
      vertex 121.028 10.6253 2
      vertex 121.182 10.6559 0
      vertex 121.028 10.6253 0
    endloop
  endfacet
  facet normal -0.83205 0.5547 0
    outer loop
      vertex 121.823 11.0845 0
      vertex 121.91 11.215 2
      vertex 121.91 11.215 0
    endloop
  endfacet
  facet normal -0.83205 0.5547 0
    outer loop
      vertex 121.91 11.215 2
      vertex 121.823 11.0845 0
      vertex 121.823 11.0845 2
    endloop
  endfacet
  facet normal -0.322361 0.946617 0
    outer loop
      vertex 121.33 10.7063 0
      vertex 121.182 10.6559 2
      vertex 121.33 10.7063 2
    endloop
  endfacet
  facet normal -0.322361 0.946617 0
    outer loop
      vertex 121.182 10.6559 2
      vertex 121.33 10.7063 0
      vertex 121.182 10.6559 0
    endloop
  endfacet
  facet normal -0.322361 -0.946617 0
    outer loop
      vertex 121.182 12.9741 0
      vertex 121.33 12.9237 2
      vertex 121.182 12.9741 2
    endloop
  endfacet
  facet normal -0.322361 -0.946617 -0
    outer loop
      vertex 121.33 12.9237 2
      vertex 121.182 12.9741 0
      vertex 121.33 12.9237 0
    endloop
  endfacet
  facet normal -0.997967 0.0637272 0
    outer loop
      vertex 122.061 11.6584 0
      vertex 122.071 11.815 2
      vertex 122.071 11.815 0
    endloop
  endfacet
  facet normal -0.997967 0.0637272 0
    outer loop
      vertex 122.071 11.815 2
      vertex 122.061 11.6584 0
      vertex 122.061 11.6584 2
    endloop
  endfacet
  facet normal -0.659406 -0.751787 0
    outer loop
      vertex 121.602 12.767 0
      vertex 121.72 12.6635 2
      vertex 121.602 12.767 2
    endloop
  endfacet
  facet normal -0.659406 -0.751787 -0
    outer loop
      vertex 121.72 12.6635 2
      vertex 121.602 12.767 0
      vertex 121.72 12.6635 0
    endloop
  endfacet
  facet normal 0.442117 -0.896957 0
    outer loop
      vertex 120.271 12.8542 0
      vertex 120.412 12.9237 2
      vertex 120.271 12.8542 2
    endloop
  endfacet
  facet normal 0.442117 -0.896957 0
    outer loop
      vertex 120.412 12.9237 2
      vertex 120.271 12.8542 0
      vertex 120.412 12.9237 0
    endloop
  endfacet
  facet normal 0.322361 0.946617 -0
    outer loop
      vertex 120.56 10.6559 0
      vertex 120.412 10.7063 2
      vertex 120.56 10.6559 2
    endloop
  endfacet
  facet normal 0.322361 0.946617 0
    outer loop
      vertex 120.412 10.7063 2
      vertex 120.56 10.6559 0
      vertex 120.412 10.7063 0
    endloop
  endfacet
  facet normal 0.947787 0.318905 0
    outer loop
      vertex 119.762 11.3558 2
      vertex 119.712 11.5044 0
      vertex 119.712 11.5044 2
    endloop
  endfacet
  facet normal 0.947787 0.318905 0
    outer loop
      vertex 119.712 11.5044 0
      vertex 119.762 11.3558 2
      vertex 119.762 11.3558 0
    endloop
  endfacet
  facet normal 0.895442 -0.445177 0
    outer loop
      vertex 119.762 12.2742 2
      vertex 119.832 12.415 0
      vertex 119.832 12.415 2
    endloop
  endfacet
  facet normal 0.895442 -0.445177 0
    outer loop
      vertex 119.832 12.415 0
      vertex 119.762 12.2742 2
      vertex 119.762 12.2742 0
    endloop
  endfacet
  facet normal -0.442117 -0.896957 0
    outer loop
      vertex 121.33 12.9237 0
      vertex 121.471 12.8542 2
      vertex 121.33 12.9237 2
    endloop
  endfacet
  facet normal -0.442117 -0.896957 -0
    outer loop
      vertex 121.471 12.8542 2
      vertex 121.33 12.9237 0
      vertex 121.471 12.8542 0
    endloop
  endfacet
  facet normal -0.753367 -0.6576 0
    outer loop
      vertex 121.823 12.5455 0
      vertex 121.72 12.6635 2
      vertex 121.72 12.6635 0
    endloop
  endfacet
  facet normal -0.753367 -0.6576 0
    outer loop
      vertex 121.72 12.6635 2
      vertex 121.823 12.5455 0
      vertex 121.823 12.5455 2
    endloop
  endfacet
  facet normal 0.0654644 -0.997855 0
    outer loop
      vertex 120.714 13.0047 0
      vertex 120.871 13.015 2
      vertex 120.714 13.0047 2
    endloop
  endfacet
  facet normal 0.0654644 -0.997855 0
    outer loop
      vertex 120.871 13.015 2
      vertex 120.714 13.0047 0
      vertex 120.871 13.015 0
    endloop
  endfacet
  facet normal 0.997967 -0.0637272 0
    outer loop
      vertex 119.671 11.815 2
      vertex 119.681 11.9716 0
      vertex 119.681 11.9716 2
    endloop
  endfacet
  facet normal 0.997967 -0.0637272 0
    outer loop
      vertex 119.681 11.9716 0
      vertex 119.671 11.815 2
      vertex 119.671 11.815 0
    endloop
  endfacet
  facet normal 0.83205 -0.5547 0
    outer loop
      vertex 119.832 12.415 2
      vertex 119.919 12.5455 0
      vertex 119.919 12.5455 2
    endloop
  endfacet
  facet normal 0.83205 -0.5547 0
    outer loop
      vertex 119.919 12.5455 0
      vertex 119.832 12.415 2
      vertex 119.832 12.415 0
    endloop
  endfacet
  facet normal -0.895442 -0.445177 0
    outer loop
      vertex 121.98 12.2742 0
      vertex 121.91 12.415 2
      vertex 121.91 12.415 0
    endloop
  endfacet
  facet normal -0.895442 -0.445177 0
    outer loop
      vertex 121.91 12.415 2
      vertex 121.98 12.2742 0
      vertex 121.98 12.2742 2
    endloop
  endfacet
  facet normal -0.83205 -0.5547 0
    outer loop
      vertex 121.91 12.415 0
      vertex 121.823 12.5455 2
      vertex 121.823 12.5455 0
    endloop
  endfacet
  facet normal -0.83205 -0.5547 0
    outer loop
      vertex 121.823 12.5455 2
      vertex 121.91 12.415 0
      vertex 121.91 12.415 2
    endloop
  endfacet
  facet normal 0.895442 0.445177 0
    outer loop
      vertex 119.832 11.215 2
      vertex 119.762 11.3558 0
      vertex 119.762 11.3558 2
    endloop
  endfacet
  facet normal 0.895442 0.445177 0
    outer loop
      vertex 119.762 11.3558 0
      vertex 119.832 11.215 2
      vertex 119.832 11.215 0
    endloop
  endfacet
  facet normal 0.554113 -0.832441 0
    outer loop
      vertex 120.14 12.767 0
      vertex 120.271 12.8542 2
      vertex 120.14 12.767 2
    endloop
  endfacet
  facet normal 0.554113 -0.832441 0
    outer loop
      vertex 120.271 12.8542 2
      vertex 120.14 12.767 0
      vertex 120.271 12.8542 0
    endloop
  endfacet
  facet normal 0.753367 -0.6576 0
    outer loop
      vertex 119.919 12.5455 2
      vertex 120.022 12.6635 0
      vertex 120.022 12.6635 2
    endloop
  endfacet
  facet normal 0.753367 -0.6576 0
    outer loop
      vertex 120.022 12.6635 0
      vertex 119.919 12.5455 2
      vertex 119.919 12.5455 0
    endloop
  endfacet
  facet normal 0.554113 0.832441 -0
    outer loop
      vertex 120.271 10.7758 0
      vertex 120.14 10.863 2
      vertex 120.271 10.7758 2
    endloop
  endfacet
  facet normal 0.554113 0.832441 0
    outer loop
      vertex 120.14 10.863 2
      vertex 120.271 10.7758 0
      vertex 120.14 10.863 0
    endloop
  endfacet
  facet normal -0.554113 -0.832441 0
    outer loop
      vertex 121.471 12.8542 0
      vertex 121.602 12.767 2
      vertex 121.471 12.8542 2
    endloop
  endfacet
  facet normal -0.554113 -0.832441 -0
    outer loop
      vertex 121.602 12.767 2
      vertex 121.471 12.8542 0
      vertex 121.602 12.767 0
    endloop
  endfacet
  facet normal 0.947787 -0.318905 0
    outer loop
      vertex 119.712 12.1256 2
      vertex 119.762 12.2742 0
      vertex 119.762 12.2742 2
    endloop
  endfacet
  facet normal 0.947787 -0.318905 0
    outer loop
      vertex 119.762 12.2742 0
      vertex 119.712 12.1256 2
      vertex 119.712 12.1256 0
    endloop
  endfacet
  facet normal -0.753367 0.6576 0
    outer loop
      vertex 121.72 10.9665 0
      vertex 121.823 11.0845 2
      vertex 121.823 11.0845 0
    endloop
  endfacet
  facet normal -0.753367 0.6576 0
    outer loop
      vertex 121.823 11.0845 2
      vertex 121.72 10.9665 0
      vertex 121.72 10.9665 2
    endloop
  endfacet
  facet normal 0.980335 0.19734 0
    outer loop
      vertex 119.712 11.5044 2
      vertex 119.681 11.6584 0
      vertex 119.681 11.6584 2
    endloop
  endfacet
  facet normal 0.980335 0.19734 0
    outer loop
      vertex 119.681 11.6584 0
      vertex 119.712 11.5044 2
      vertex 119.712 11.5044 0
    endloop
  endfacet
  facet normal -0.947787 0.318905 0
    outer loop
      vertex 121.98 11.3558 0
      vertex 122.03 11.5044 2
      vertex 122.03 11.5044 0
    endloop
  endfacet
  facet normal -0.947787 0.318905 0
    outer loop
      vertex 122.03 11.5044 2
      vertex 121.98 11.3558 0
      vertex 121.98 11.3558 2
    endloop
  endfacet
  facet normal -0.980335 0.19734 0
    outer loop
      vertex 122.03 11.5044 0
      vertex 122.061 11.6584 2
      vertex 122.061 11.6584 0
    endloop
  endfacet
  facet normal -0.980335 0.19734 0
    outer loop
      vertex 122.061 11.6584 2
      vertex 122.03 11.5044 0
      vertex 122.03 11.5044 2
    endloop
  endfacet
  facet normal 0.194891 0.980825 -0
    outer loop
      vertex 120.714 10.6253 0
      vertex 120.56 10.6559 2
      vertex 120.714 10.6253 2
    endloop
  endfacet
  facet normal 0.194891 0.980825 0
    outer loop
      vertex 120.56 10.6559 2
      vertex 120.714 10.6253 0
      vertex 120.56 10.6559 0
    endloop
  endfacet
  facet normal 0.997967 0.0637272 0
    outer loop
      vertex 119.681 11.6584 2
      vertex 119.671 11.815 0
      vertex 119.671 11.815 2
    endloop
  endfacet
  facet normal 0.997967 0.0637272 0
    outer loop
      vertex 119.671 11.815 0
      vertex 119.681 11.6584 2
      vertex 119.681 11.6584 0
    endloop
  endfacet
  facet normal -0.194891 -0.980825 0
    outer loop
      vertex 121.028 13.0047 0
      vertex 121.182 12.9741 2
      vertex 121.028 13.0047 2
    endloop
  endfacet
  facet normal -0.194891 -0.980825 -0
    outer loop
      vertex 121.182 12.9741 2
      vertex 121.028 13.0047 0
      vertex 121.182 12.9741 0
    endloop
  endfacet
  facet normal -0.554113 0.832441 0
    outer loop
      vertex 121.602 10.863 0
      vertex 121.471 10.7758 2
      vertex 121.602 10.863 2
    endloop
  endfacet
  facet normal -0.554113 0.832441 0
    outer loop
      vertex 121.471 10.7758 2
      vertex 121.602 10.863 0
      vertex 121.471 10.7758 0
    endloop
  endfacet
  facet normal -0.659406 0.751787 0
    outer loop
      vertex 121.72 10.9665 0
      vertex 121.602 10.863 2
      vertex 121.72 10.9665 2
    endloop
  endfacet
  facet normal -0.659406 0.751787 0
    outer loop
      vertex 121.602 10.863 2
      vertex 121.72 10.9665 0
      vertex 121.602 10.863 0
    endloop
  endfacet
  facet normal -0.98077 -0.195165 0
    outer loop
      vertex 39.9708 39.2219 0
      vertex 39.9274 39.44 0.3
      vertex 39.9274 39.44 0
    endloop
  endfacet
  facet normal -0.98077 -0.195165 0
    outer loop
      vertex 39.9274 39.44 0.3
      vertex 39.9708 39.2219 0
      vertex 39.9708 39.2219 0.3
    endloop
  endfacet
  facet normal -0.997842 -0.0656534 0
    outer loop
      vertex 39.9854 39 0
      vertex 39.9708 39.2219 0.3
      vertex 39.9708 39.2219 0
    endloop
  endfacet
  facet normal -0.997842 -0.0656534 0
    outer loop
      vertex 39.9708 39.2219 0.3
      vertex 39.9854 39 0
      vertex 39.9854 39 0.3
    endloop
  endfacet
  facet normal -0.0652057 0.997872 0
    outer loop
      vertex 38.5073 37.3145 0
      vertex 38.2854 37.3 0.3
      vertex 38.5073 37.3145 0.3
    endloop
  endfacet
  facet normal -0.0652057 0.997872 0
    outer loop
      vertex 38.2854 37.3 0.3
      vertex 38.5073 37.3145 0
      vertex 38.2854 37.3 0
    endloop
  endfacet
  facet normal 0.659268 -0.751908 0
    outer loop
      vertex 37.0833 40.2021 0
      vertex 37.2505 40.3487 0.3
      vertex 37.0833 40.2021 0.3
    endloop
  endfacet
  facet normal 0.659268 -0.751908 0
    outer loop
      vertex 37.2505 40.3487 0.3
      vertex 37.0833 40.2021 0
      vertex 37.2505 40.3487 0
    endloop
  endfacet
  facet normal 0.831358 0.555737 0
    outer loop
      vertex 36.9367 37.9651 0.3
      vertex 36.8131 38.15 0
      vertex 36.8131 38.15 0.3
    endloop
  endfacet
  facet normal 0.831358 0.555737 0
    outer loop
      vertex 36.8131 38.15 0
      vertex 36.9367 37.9651 0.3
      vertex 36.9367 37.9651 0
    endloop
  endfacet
  facet normal 0.195165 0.98077 -0
    outer loop
      vertex 38.0635 37.3145 0
      vertex 37.8454 37.3579 0.3
      vertex 38.0635 37.3145 0.3
    endloop
  endfacet
  facet normal 0.195165 0.98077 0
    outer loop
      vertex 37.8454 37.3579 0.3
      vertex 38.0635 37.3145 0
      vertex 37.8454 37.3579 0
    endloop
  endfacet
  facet normal -0.659268 -0.751908 0
    outer loop
      vertex 39.3203 40.3487 0
      vertex 39.4875 40.2021 0.3
      vertex 39.3203 40.3487 0.3
    endloop
  endfacet
  facet normal -0.659268 -0.751908 -0
    outer loop
      vertex 39.4875 40.2021 0.3
      vertex 39.3203 40.3487 0
      vertex 39.4875 40.2021 0
    endloop
  endfacet
  facet normal -0.947052 0.32108 0
    outer loop
      vertex 39.856 38.3494 0
      vertex 39.9274 38.56 0.3
      vertex 39.9274 38.56 0
    endloop
  endfacet
  facet normal -0.947052 0.32108 0
    outer loop
      vertex 39.9274 38.56 0.3
      vertex 39.856 38.3494 0
      vertex 39.856 38.3494 0.3
    endloop
  endfacet
  facet normal -0.751908 0.659268 0
    outer loop
      vertex 39.4875 37.7979 0
      vertex 39.6341 37.9651 0.3
      vertex 39.6341 37.9651 0
    endloop
  endfacet
  facet normal -0.751908 0.659268 0
    outer loop
      vertex 39.6341 37.9651 0.3
      vertex 39.4875 37.7979 0
      vertex 39.4875 37.7979 0.3
    endloop
  endfacet
  facet normal -0.751908 -0.659268 0
    outer loop
      vertex 39.6341 40.0349 0
      vertex 39.4875 40.2021 0.3
      vertex 39.4875 40.2021 0
    endloop
  endfacet
  facet normal -0.751908 -0.659268 0
    outer loop
      vertex 39.4875 40.2021 0.3
      vertex 39.6341 40.0349 0
      vertex 39.6341 40.0349 0.3
    endloop
  endfacet
  facet normal 0.946915 0.321484 0
    outer loop
      vertex 36.7148 38.3494 0.3
      vertex 36.6433 38.56 0
      vertex 36.6433 38.56 0.3
    endloop
  endfacet
  facet normal 0.946915 0.321484 0
    outer loop
      vertex 36.6433 38.56 0
      vertex 36.7148 38.3494 0.3
      vertex 36.7148 38.3494 0
    endloop
  endfacet
  facet normal -0.32162 0.946869 0
    outer loop
      vertex 38.9359 37.4294 0
      vertex 38.7254 37.3579 0.3
      vertex 38.9359 37.4294 0.3
    endloop
  endfacet
  facet normal -0.32162 0.946869 0
    outer loop
      vertex 38.7254 37.3579 0.3
      vertex 38.9359 37.4294 0
      vertex 38.7254 37.3579 0
    endloop
  endfacet
  facet normal 0.0652057 0.997872 -0
    outer loop
      vertex 38.2854 37.3 0
      vertex 38.0635 37.3145 0.3
      vertex 38.2854 37.3 0.3
    endloop
  endfacet
  facet normal 0.0652057 0.997872 0
    outer loop
      vertex 38.0635 37.3145 0.3
      vertex 38.2854 37.3 0
      vertex 38.0635 37.3145 0
    endloop
  endfacet
  facet normal 0.321484 -0.946915 0
    outer loop
      vertex 37.6348 40.5706 0
      vertex 37.8454 40.6421 0.3
      vertex 37.6348 40.5706 0.3
    endloop
  endfacet
  facet normal 0.321484 -0.946915 0
    outer loop
      vertex 37.8454 40.6421 0.3
      vertex 37.6348 40.5706 0
      vertex 37.8454 40.6421 0
    endloop
  endfacet
  facet normal 0.751908 -0.659268 0
    outer loop
      vertex 36.9367 40.0349 0.3
      vertex 37.0833 40.2021 0
      vertex 37.0833 40.2021 0.3
    endloop
  endfacet
  facet normal 0.751908 -0.659268 0
    outer loop
      vertex 37.0833 40.2021 0
      vertex 36.9367 40.0349 0.3
      vertex 36.9367 40.0349 0
    endloop
  endfacet
  facet normal 0.44253 0.896754 -0
    outer loop
      vertex 37.6348 37.4294 0
      vertex 37.4354 37.5278 0.3
      vertex 37.6348 37.4294 0.3
    endloop
  endfacet
  facet normal 0.44253 0.896754 0
    outer loop
      vertex 37.4354 37.5278 0.3
      vertex 37.6348 37.4294 0
      vertex 37.4354 37.5278 0
    endloop
  endfacet
  facet normal 0.0652057 -0.997872 0
    outer loop
      vertex 38.0635 40.6855 0
      vertex 38.2854 40.7 0.3
      vertex 38.0635 40.6855 0.3
    endloop
  endfacet
  facet normal 0.0652057 -0.997872 0
    outer loop
      vertex 38.2854 40.7 0.3
      vertex 38.0635 40.6855 0
      vertex 38.2854 40.7 0
    endloop
  endfacet
  facet normal -0.896754 0.44253 0
    outer loop
      vertex 39.7576 38.15 0
      vertex 39.856 38.3494 0.3
      vertex 39.856 38.3494 0
    endloop
  endfacet
  facet normal -0.896754 0.44253 0
    outer loop
      vertex 39.856 38.3494 0.3
      vertex 39.7576 38.15 0
      vertex 39.7576 38.15 0.3
    endloop
  endfacet
  facet normal -0.555426 0.831566 0
    outer loop
      vertex 39.3203 37.6513 0
      vertex 39.1354 37.5278 0.3
      vertex 39.3203 37.6513 0.3
    endloop
  endfacet
  facet normal -0.555426 0.831566 0
    outer loop
      vertex 39.1354 37.5278 0.3
      vertex 39.3203 37.6513 0
      vertex 39.1354 37.5278 0
    endloop
  endfacet
  facet normal 0.98077 0.195165 0
    outer loop
      vertex 36.6433 38.56 0.3
      vertex 36.5999 38.7781 0
      vertex 36.5999 38.7781 0.3
    endloop
  endfacet
  facet normal 0.98077 0.195165 0
    outer loop
      vertex 36.5999 38.7781 0
      vertex 36.6433 38.56 0.3
      vertex 36.6433 38.56 0
    endloop
  endfacet
  facet normal -0.195165 -0.98077 0
    outer loop
      vertex 38.5073 40.6855 0
      vertex 38.7254 40.6421 0.3
      vertex 38.5073 40.6855 0.3
    endloop
  endfacet
  facet normal -0.195165 -0.98077 -0
    outer loop
      vertex 38.7254 40.6421 0.3
      vertex 38.5073 40.6855 0
      vertex 38.7254 40.6421 0
    endloop
  endfacet
  facet normal -0.831566 -0.555426 0
    outer loop
      vertex 39.7576 39.85 0
      vertex 39.6341 40.0349 0.3
      vertex 39.6341 40.0349 0
    endloop
  endfacet
  facet normal -0.831566 -0.555426 0
    outer loop
      vertex 39.6341 40.0349 0.3
      vertex 39.7576 39.85 0
      vertex 39.7576 39.85 0.3
    endloop
  endfacet
  facet normal -0.997842 0.0656534 0
    outer loop
      vertex 39.9708 38.7781 0
      vertex 39.9854 39 0.3
      vertex 39.9854 39 0
    endloop
  endfacet
  facet normal -0.997842 0.0656534 0
    outer loop
      vertex 39.9854 39 0.3
      vertex 39.9708 38.7781 0
      vertex 39.9708 38.7781 0.3
    endloop
  endfacet
  facet normal -0.32162 -0.946869 0
    outer loop
      vertex 38.7254 40.6421 0
      vertex 38.9359 40.5706 0.3
      vertex 38.7254 40.6421 0.3
    endloop
  endfacet
  facet normal -0.32162 -0.946869 -0
    outer loop
      vertex 38.9359 40.5706 0.3
      vertex 38.7254 40.6421 0
      vertex 38.9359 40.5706 0
    endloop
  endfacet
  facet normal -0.555426 -0.831566 0
    outer loop
      vertex 39.1354 40.4722 0
      vertex 39.3203 40.3487 0.3
      vertex 39.1354 40.4722 0.3
    endloop
  endfacet
  facet normal -0.555426 -0.831566 -0
    outer loop
      vertex 39.3203 40.3487 0.3
      vertex 39.1354 40.4722 0
      vertex 39.3203 40.3487 0
    endloop
  endfacet
  facet normal 0.195165 -0.98077 0
    outer loop
      vertex 37.8454 40.6421 0
      vertex 38.0635 40.6855 0.3
      vertex 37.8454 40.6421 0.3
    endloop
  endfacet
  facet normal 0.195165 -0.98077 0
    outer loop
      vertex 38.0635 40.6855 0.3
      vertex 37.8454 40.6421 0
      vertex 38.0635 40.6855 0
    endloop
  endfacet
  facet normal -0.659268 0.751908 0
    outer loop
      vertex 39.4875 37.7979 0
      vertex 39.3203 37.6513 0.3
      vertex 39.4875 37.7979 0.3
    endloop
  endfacet
  facet normal -0.659268 0.751908 0
    outer loop
      vertex 39.3203 37.6513 0.3
      vertex 39.4875 37.7979 0
      vertex 39.3203 37.6513 0
    endloop
  endfacet
  facet normal 0.896932 -0.442169 0
    outer loop
      vertex 36.7148 39.6506 0.3
      vertex 36.8131 39.85 0
      vertex 36.8131 39.85 0.3
    endloop
  endfacet
  facet normal 0.896932 -0.442169 0
    outer loop
      vertex 36.8131 39.85 0
      vertex 36.7148 39.6506 0.3
      vertex 36.7148 39.6506 0
    endloop
  endfacet
  facet normal -0.98077 0.195165 0
    outer loop
      vertex 39.9274 38.56 0
      vertex 39.9708 38.7781 0.3
      vertex 39.9708 38.7781 0
    endloop
  endfacet
  facet normal -0.98077 0.195165 0
    outer loop
      vertex 39.9708 38.7781 0.3
      vertex 39.9274 38.56 0
      vertex 39.9274 38.56 0.3
    endloop
  endfacet
  facet normal -0.195165 0.98077 0
    outer loop
      vertex 38.7254 37.3579 0
      vertex 38.5073 37.3145 0.3
      vertex 38.7254 37.3579 0.3
    endloop
  endfacet
  facet normal -0.195165 0.98077 0
    outer loop
      vertex 38.5073 37.3145 0.3
      vertex 38.7254 37.3579 0
      vertex 38.5073 37.3145 0
    endloop
  endfacet
  facet normal 0.659268 0.751908 -0
    outer loop
      vertex 37.2505 37.6513 0
      vertex 37.0833 37.7979 0.3
      vertex 37.2505 37.6513 0.3
    endloop
  endfacet
  facet normal 0.659268 0.751908 0
    outer loop
      vertex 37.0833 37.7979 0.3
      vertex 37.2505 37.6513 0
      vertex 37.0833 37.7979 0
    endloop
  endfacet
  facet normal 0.751908 0.659268 0
    outer loop
      vertex 37.0833 37.7979 0.3
      vertex 36.9367 37.9651 0
      vertex 36.9367 37.9651 0.3
    endloop
  endfacet
  facet normal 0.751908 0.659268 0
    outer loop
      vertex 36.9367 37.9651 0
      vertex 37.0833 37.7979 0.3
      vertex 37.0833 37.7979 0
    endloop
  endfacet
  facet normal -0.0652057 -0.997872 0
    outer loop
      vertex 38.2854 40.7 0
      vertex 38.5073 40.6855 0.3
      vertex 38.2854 40.7 0.3
    endloop
  endfacet
  facet normal -0.0652057 -0.997872 -0
    outer loop
      vertex 38.5073 40.6855 0.3
      vertex 38.2854 40.7 0
      vertex 38.5073 40.6855 0
    endloop
  endfacet
  facet normal -0.442352 -0.896842 0
    outer loop
      vertex 38.9359 40.5706 0
      vertex 39.1354 40.4722 0.3
      vertex 38.9359 40.5706 0.3
    endloop
  endfacet
  facet normal -0.442352 -0.896842 -0
    outer loop
      vertex 39.1354 40.4722 0.3
      vertex 38.9359 40.5706 0
      vertex 39.1354 40.4722 0
    endloop
  endfacet
  facet normal -0.831566 0.555426 0
    outer loop
      vertex 39.6341 37.9651 0
      vertex 39.7576 38.15 0.3
      vertex 39.7576 38.15 0
    endloop
  endfacet
  facet normal -0.831566 0.555426 0
    outer loop
      vertex 39.7576 38.15 0.3
      vertex 39.6341 37.9651 0
      vertex 39.6341 37.9651 0.3
    endloop
  endfacet
  facet normal 0.997872 0.0652057 0
    outer loop
      vertex 36.5999 38.7781 0.3
      vertex 36.5854 39 0
      vertex 36.5854 39 0.3
    endloop
  endfacet
  facet normal 0.997872 0.0652057 0
    outer loop
      vertex 36.5854 39 0
      vertex 36.5999 38.7781 0.3
      vertex 36.5999 38.7781 0
    endloop
  endfacet
  facet normal -0.442352 0.896842 0
    outer loop
      vertex 39.1354 37.5278 0
      vertex 38.9359 37.4294 0.3
      vertex 39.1354 37.5278 0.3
    endloop
  endfacet
  facet normal -0.442352 0.896842 0
    outer loop
      vertex 38.9359 37.4294 0.3
      vertex 39.1354 37.5278 0
      vertex 38.9359 37.4294 0
    endloop
  endfacet
  facet normal 0.98077 -0.195165 0
    outer loop
      vertex 36.5999 39.2219 0.3
      vertex 36.6433 39.44 0
      vertex 36.6433 39.44 0.3
    endloop
  endfacet
  facet normal 0.98077 -0.195165 0
    outer loop
      vertex 36.6433 39.44 0
      vertex 36.5999 39.2219 0.3
      vertex 36.5999 39.2219 0
    endloop
  endfacet
  facet normal 0.896932 0.442169 0
    outer loop
      vertex 36.8131 38.15 0.3
      vertex 36.7148 38.3494 0
      vertex 36.7148 38.3494 0.3
    endloop
  endfacet
  facet normal 0.896932 0.442169 0
    outer loop
      vertex 36.7148 38.3494 0
      vertex 36.8131 38.15 0.3
      vertex 36.8131 38.15 0
    endloop
  endfacet
  facet normal 0.946915 -0.321484 0
    outer loop
      vertex 36.6433 39.44 0.3
      vertex 36.7148 39.6506 0
      vertex 36.7148 39.6506 0.3
    endloop
  endfacet
  facet normal 0.946915 -0.321484 0
    outer loop
      vertex 36.7148 39.6506 0
      vertex 36.6433 39.44 0.3
      vertex 36.6433 39.44 0
    endloop
  endfacet
  facet normal 0.555426 -0.831566 0
    outer loop
      vertex 37.2505 40.3487 0
      vertex 37.4354 40.4722 0.3
      vertex 37.2505 40.3487 0.3
    endloop
  endfacet
  facet normal 0.555426 -0.831566 0
    outer loop
      vertex 37.4354 40.4722 0.3
      vertex 37.2505 40.3487 0
      vertex 37.4354 40.4722 0
    endloop
  endfacet
  facet normal -0.896754 -0.44253 0
    outer loop
      vertex 39.856 39.6506 0
      vertex 39.7576 39.85 0.3
      vertex 39.7576 39.85 0
    endloop
  endfacet
  facet normal -0.896754 -0.44253 0
    outer loop
      vertex 39.7576 39.85 0.3
      vertex 39.856 39.6506 0
      vertex 39.856 39.6506 0.3
    endloop
  endfacet
  facet normal -0.947052 -0.32108 0
    outer loop
      vertex 39.9274 39.44 0
      vertex 39.856 39.6506 0.3
      vertex 39.856 39.6506 0
    endloop
  endfacet
  facet normal -0.947052 -0.32108 0
    outer loop
      vertex 39.856 39.6506 0.3
      vertex 39.9274 39.44 0
      vertex 39.9274 39.44 0.3
    endloop
  endfacet
  facet normal 0.997872 -0.0652057 0
    outer loop
      vertex 36.5854 39 0.3
      vertex 36.5999 39.2219 0
      vertex 36.5999 39.2219 0.3
    endloop
  endfacet
  facet normal 0.997872 -0.0652057 0
    outer loop
      vertex 36.5999 39.2219 0
      vertex 36.5854 39 0.3
      vertex 36.5854 39 0
    endloop
  endfacet
  facet normal 0.321484 0.946915 -0
    outer loop
      vertex 37.8454 37.3579 0
      vertex 37.6348 37.4294 0.3
      vertex 37.8454 37.3579 0.3
    endloop
  endfacet
  facet normal 0.321484 0.946915 0
    outer loop
      vertex 37.6348 37.4294 0.3
      vertex 37.8454 37.3579 0
      vertex 37.6348 37.4294 0
    endloop
  endfacet
  facet normal 0.44253 -0.896754 0
    outer loop
      vertex 37.4354 40.4722 0
      vertex 37.6348 40.5706 0.3
      vertex 37.4354 40.4722 0.3
    endloop
  endfacet
  facet normal 0.44253 -0.896754 0
    outer loop
      vertex 37.6348 40.5706 0.3
      vertex 37.4354 40.4722 0
      vertex 37.6348 40.5706 0
    endloop
  endfacet
  facet normal 0.831358 -0.555737 0
    outer loop
      vertex 36.8131 39.85 0.3
      vertex 36.9367 40.0349 0
      vertex 36.9367 40.0349 0.3
    endloop
  endfacet
  facet normal 0.831358 -0.555737 0
    outer loop
      vertex 36.9367 40.0349 0
      vertex 36.8131 39.85 0.3
      vertex 36.8131 39.85 0
    endloop
  endfacet
  facet normal 0.555426 0.831566 -0
    outer loop
      vertex 37.4354 37.5278 0
      vertex 37.2505 37.6513 0.3
      vertex 37.4354 37.5278 0.3
    endloop
  endfacet
  facet normal 0.555426 0.831566 0
    outer loop
      vertex 37.2505 37.6513 0.3
      vertex 37.4354 37.5278 0
      vertex 37.2505 37.6513 0
    endloop
  endfacet
  facet normal 0.394429 0.590275 0.704274
    outer loop
      vertex 36.5912 36.0695 1.995
      vertex 37.2505 37.6513 0.3
      vertex 36.2247 36.3144 1.995
    endloop
  endfacet
  facet normal -0.519866 -0.482732 0.704776
    outer loop
      vertex 39.4875 40.2021 0.3
      vertex 40.6803 41.3922 1.995
      vertex 40.679 41.3936 1.995
    endloop
  endfacet
  facet normal -0.533805 -0.468037 0.704268
    outer loop
      vertex 40.6803 41.3922 1.995
      vertex 39.4875 40.2021 0.3
      vertex 39.6341 40.0349 0.3
    endloop
  endfacet
  facet normal -0.636721 0.314012 0.704261
    outer loop
      vertex 41.2178 37.3092 1.995
      vertex 41.4128 37.7046 1.995
      vertex 39.856 38.3494 0.3
    endloop
  endfacet
  facet normal -0.228223 0.672266 0.704253
    outer loop
      vertex 39.1615 35.7303 1.995
      vertex 39.5789 35.872 1.995
      vertex 38.7254 37.3579 0.3
    endloop
  endfacet
  facet normal -0.708406 -0.04654 0.704269
    outer loop
      vertex 41.6705 39 1.995
      vertex 41.6416 39.4399 1.995
      vertex 39.9854 39 0.3
    endloop
  endfacet
  facet normal -0.709272 -0.0373301 0.703946
    outer loop
      vertex 39.9708 39.2219 0.3
      vertex 41.6416 39.4399 1.995
      vertex 41.6415 39.4418 1.995
    endloop
  endfacet
  facet normal -0.708395 -0.0466091 0.704276
    outer loop
      vertex 41.6416 39.4399 1.995
      vertex 39.9708 39.2219 0.3
      vertex 39.9854 39 0.3
    endloop
  endfacet
  facet normal 0.519866 -0.482732 0.704776
    outer loop
      vertex 35.8905 41.3922 1.995
      vertex 37.0833 40.2021 0.3
      vertex 35.8918 41.3936 1.995
    endloop
  endfacet
  facet normal 0.533805 -0.468037 0.704268
    outer loop
      vertex 37.0833 40.2021 0.3
      vertex 35.8905 41.3922 1.995
      vertex 36.9367 40.0349 0.3
    endloop
  endfacet
  facet normal 0.146314 -0.69499 0.703976
    outer loop
      vertex 37.8416 42.3557 1.995
      vertex 38.0635 40.6855 0.3
      vertex 37.8435 42.3561 1.995
    endloop
  endfacet
  facet normal 0.138557 -0.696299 0.704251
    outer loop
      vertex 38.0635 40.6855 0.3
      vertex 37.8416 42.3557 1.995
      vertex 37.8454 40.6421 0.3
    endloop
  endfacet
  facet normal -0.314008 0.636712 0.70427
    outer loop
      vertex 39.5808 35.8726 1.995
      vertex 39.9762 36.0676 1.995
      vertex 38.9359 37.4294 0.3
    endloop
  endfacet
  facet normal -0.138489 0.69631 0.704253
    outer loop
      vertex 38.7291 35.6443 1.995
      vertex 39.1615 35.7303 1.995
      vertex 38.7254 37.3579 0.3
    endloop
  endfacet
  facet normal 0.402377 -0.585276 0.70395
    outer loop
      vertex 36.5912 41.9305 1.995
      vertex 37.4354 40.4722 0.3
      vertex 36.5928 41.9316 1.995
    endloop
  endfacet
  facet normal 0.394306 -0.590341 0.704287
    outer loop
      vertex 37.4354 40.4722 0.3
      vertex 36.5912 41.9305 1.995
      vertex 37.2505 40.3487 0.3
    endloop
  endfacet
  facet normal -0.0463793 0.708412 0.704274
    outer loop
      vertex 38.7253 35.6437 1.995
      vertex 38.2854 37.3 0.3
      vertex 38.2854 35.6149 1.995
    endloop
  endfacet
  facet normal 0.228221 0.67226 0.70426
    outer loop
      vertex 37.4092 35.7303 1.995
      vertex 37.8454 37.3579 0.3
      vertex 36.9918 35.872 1.995
    endloop
  endfacet
  facet normal -0.696166 0.139233 0.704249
    outer loop
      vertex 39.9708 38.7781 0.3
      vertex 41.6411 38.5562 1.995
      vertex 41.6415 38.5582 1.995
    endloop
  endfacet
  facet normal -0.696279 0.138553 0.704271
    outer loop
      vertex 41.6411 38.5562 1.995
      vertex 39.9708 38.7781 0.3
      vertex 39.9274 38.56 0.3
    endloop
  endfacet
  facet normal 0.590275 0.394429 0.704274
    outer loop
      vertex 35.5998 36.9393 1.995
      vertex 36.9367 37.9651 0.3
      vertex 35.3549 37.3058 1.995
    endloop
  endfacet
  facet normal -0.302488 -0.642787 0.703794
    outer loop
      vertex 39.9762 41.9324 1.995
      vertex 39.1354 40.4722 0.3
      vertex 39.9779 41.9316 1.995
    endloop
  endfacet
  facet normal -0.314038 -0.636694 0.704273
    outer loop
      vertex 39.1354 40.4722 0.3
      vertex 39.9762 41.9324 1.995
      vertex 38.9359 40.5706 0.3
    endloop
  endfacet
  facet normal -0.696283 0.138516 0.704275
    outer loop
      vertex 41.5551 38.1239 1.995
      vertex 41.6411 38.5562 1.995
      vertex 39.9274 38.56 0.3
    endloop
  endfacet
  facet normal -0.314008 -0.636712 0.70427
    outer loop
      vertex 39.9762 41.9324 1.995
      vertex 39.5808 42.1274 1.995
      vertex 38.9359 40.5706 0.3
    endloop
  endfacet
  facet normal -0.708395 0.0466091 0.704276
    outer loop
      vertex 39.9708 38.7781 0.3
      vertex 41.6416 38.5601 1.995
      vertex 39.9854 39 0.3
    endloop
  endfacet
  facet normal -0.709272 0.0373301 0.703946
    outer loop
      vertex 41.6416 38.5601 1.995
      vertex 39.9708 38.7781 0.3
      vertex 41.6415 38.5582 1.995
    endloop
  endfacet
  facet normal -0.0462919 -0.708426 0.704265
    outer loop
      vertex 38.5073 40.6855 0.3
      vertex 38.7253 42.3563 1.995
      vertex 38.2854 40.7 0.3
    endloop
  endfacet
  facet normal -0.0742542 -0.705415 0.704894
    outer loop
      vertex 38.7253 42.3563 1.995
      vertex 38.5073 40.6855 0.3
      vertex 38.7272 42.3561 1.995
    endloop
  endfacet
  facet normal -0.590211 -0.394548 0.70426
    outer loop
      vertex 41.2159 40.6942 1.995
      vertex 40.9709 41.0607 1.995
      vertex 39.6341 40.0349 0.3
    endloop
  endfacet
  facet normal 0.708412 0.0463793 0.704274
    outer loop
      vertex 34.9291 38.5601 1.995
      vertex 36.5854 39 0.3
      vertex 34.9003 39 1.995
    endloop
  endfacet
  facet normal -0.138558 0.696303 0.704247
    outer loop
      vertex 38.5073 37.3145 0.3
      vertex 38.7291 35.6443 1.995
      vertex 38.7254 37.3579 0.3
    endloop
  endfacet
  facet normal -0.146315 0.694994 0.703971
    outer loop
      vertex 38.7291 35.6443 1.995
      vertex 38.5073 37.3145 0.3
      vertex 38.7272 35.6439 1.995
    endloop
  endfacet
  facet normal 0.533767 -0.468073 0.704273
    outer loop
      vertex 36.9367 40.0349 0.3
      vertex 35.8905 41.3922 1.995
      vertex 35.5998 41.0607 1.995
    endloop
  endfacet
  facet normal 0.468037 0.533805 0.704268
    outer loop
      vertex 37.0833 37.7979 0.3
      vertex 35.8932 36.6051 1.995
      vertex 37.2505 37.6513 0.3
    endloop
  endfacet
  facet normal 0.482732 0.519866 0.704776
    outer loop
      vertex 35.8932 36.6051 1.995
      vertex 37.0833 37.7979 0.3
      vertex 35.8918 36.6064 1.995
    endloop
  endfacet
  facet normal 0.672263 0.228167 0.704275
    outer loop
      vertex 35.1573 37.7064 1.995
      vertex 36.6433 38.56 0.3
      vertex 35.0156 38.1239 1.995
    endloop
  endfacet
  facet normal -0.67236 0.227951 0.704251
    outer loop
      vertex 39.856 38.3494 0.3
      vertex 41.4134 37.7064 1.995
      vertex 39.9274 38.56 0.3
    endloop
  endfacet
  facet normal -0.673633 0.224544 0.704129
    outer loop
      vertex 41.4134 37.7064 1.995
      vertex 39.856 38.3494 0.3
      vertex 41.4128 37.7046 1.995
    endloop
  endfacet
  facet normal -0.213956 0.677527 0.70369
    outer loop
      vertex 38.9359 37.4294 0.3
      vertex 39.5789 35.872 1.995
      vertex 39.5808 35.8726 1.995
    endloop
  endfacet
  facet normal -0.22833 0.672218 0.704265
    outer loop
      vertex 39.5789 35.872 1.995
      vertex 38.9359 37.4294 0.3
      vertex 38.7254 37.3579 0.3
    endloop
  endfacet
  facet normal -0.673633 -0.224544 0.704129
    outer loop
      vertex 39.856 39.6506 0.3
      vertex 41.4134 40.2936 1.995
      vertex 41.4128 40.2954 1.995
    endloop
  endfacet
  facet normal -0.67236 -0.227951 0.704251
    outer loop
      vertex 41.4134 40.2936 1.995
      vertex 39.856 39.6506 0.3
      vertex 39.9274 39.44 0.3
    endloop
  endfacet
  facet normal -0.0463793 -0.708412 0.704274
    outer loop
      vertex 38.7253 42.3563 1.995
      vertex 38.2854 42.3851 1.995
      vertex 38.2854 40.7 0.3
    endloop
  endfacet
  facet normal 0.314163 0.636627 0.704278
    outer loop
      vertex 37.4354 37.5278 0.3
      vertex 36.5946 36.0676 1.995
      vertex 37.6348 37.4294 0.3
    endloop
  endfacet
  facet normal 0.288812 0.649827 0.703074
    outer loop
      vertex 36.5946 36.0676 1.995
      vertex 37.4354 37.5278 0.3
      vertex 36.5928 36.0684 1.995
    endloop
  endfacet
  facet normal 0.314163 -0.636627 0.704278
    outer loop
      vertex 36.5946 41.9324 1.995
      vertex 37.4354 40.4722 0.3
      vertex 37.6348 40.5706 0.3
    endloop
  endfacet
  facet normal 0.288812 -0.649827 0.703074
    outer loop
      vertex 37.4354 40.4722 0.3
      vertex 36.5946 41.9324 1.995
      vertex 36.5928 41.9316 1.995
    endloop
  endfacet
  facet normal -0.672263 0.228167 0.704275
    outer loop
      vertex 41.4134 37.7064 1.995
      vertex 41.5551 38.1239 1.995
      vertex 39.9274 38.56 0.3
    endloop
  endfacet
  facet normal -0.708406 0.04654 0.704269
    outer loop
      vertex 41.6416 38.5601 1.995
      vertex 41.6705 39 1.995
      vertex 39.9854 39 0.3
    endloop
  endfacet
  facet normal -0.394356 0.590327 0.704271
    outer loop
      vertex 39.9795 36.0695 1.995
      vertex 40.3461 36.3144 1.995
      vertex 39.3203 37.6513 0.3
    endloop
  endfacet
  facet normal 0.228221 -0.67226 0.70426
    outer loop
      vertex 37.8454 40.6421 0.3
      vertex 37.4092 42.2697 1.995
      vertex 36.9918 42.128 1.995
    endloop
  endfacet
  facet normal 0.63678 0.313881 0.704265
    outer loop
      vertex 35.3529 37.3092 1.995
      vertex 36.7148 38.3494 0.3
      vertex 35.158 37.7046 1.995
    endloop
  endfacet
  facet normal 0.394306 0.590341 0.704287
    outer loop
      vertex 36.5912 36.0695 1.995
      vertex 37.4354 37.5278 0.3
      vertex 37.2505 37.6513 0.3
    endloop
  endfacet
  facet normal 0.402377 0.585276 0.70395
    outer loop
      vertex 37.4354 37.5278 0.3
      vertex 36.5912 36.0695 1.995
      vertex 36.5928 36.0684 1.995
    endloop
  endfacet
  facet normal 0.696283 -0.138516 0.704275
    outer loop
      vertex 36.6433 39.44 0.3
      vertex 35.0156 39.8761 1.995
      vertex 34.9296 39.4438 1.995
    endloop
  endfacet
  facet normal -0.394356 -0.590327 0.704271
    outer loop
      vertex 40.3461 41.6856 1.995
      vertex 39.9795 41.9305 1.995
      vertex 39.3203 40.3487 0.3
    endloop
  endfacet
  facet normal 0.590215 -0.394541 0.704261
    outer loop
      vertex 35.3549 40.6942 1.995
      vertex 36.8131 39.85 0.3
      vertex 36.9367 40.0349 0.3
    endloop
  endfacet
  facet normal 0.595793 -0.385513 0.704564
    outer loop
      vertex 36.8131 39.85 0.3
      vertex 35.3549 40.6942 1.995
      vertex 35.3538 40.6925 1.995
    endloop
  endfacet
  facet normal -0.533856 0.46799 0.704261
    outer loop
      vertex 40.6803 36.6078 1.995
      vertex 40.9709 36.9393 1.995
      vertex 39.6341 37.9651 0.3
    endloop
  endfacet
  facet normal 0.696279 0.138553 0.704271
    outer loop
      vertex 36.5999 38.7781 0.3
      vertex 34.9296 38.5562 1.995
      vertex 36.6433 38.56 0.3
    endloop
  endfacet
  facet normal 0.696166 0.139233 0.704249
    outer loop
      vertex 34.9296 38.5562 1.995
      vertex 36.5999 38.7781 0.3
      vertex 34.9292 38.5582 1.995
    endloop
  endfacet
  facet normal 0.672235 0.228228 0.704281
    outer loop
      vertex 35.1573 37.7064 1.995
      vertex 36.7148 38.3494 0.3
      vertex 36.6433 38.56 0.3
    endloop
  endfacet
  facet normal 0.661042 0.257072 0.704938
    outer loop
      vertex 36.7148 38.3494 0.3
      vertex 35.1573 37.7064 1.995
      vertex 35.158 37.7046 1.995
    endloop
  endfacet
  facet normal 0.626981 -0.331931 0.704782
    outer loop
      vertex 35.3529 40.6908 1.995
      vertex 36.8131 39.85 0.3
      vertex 35.3538 40.6925 1.995
    endloop
  endfacet
  facet normal 0.636762 -0.31391 0.704269
    outer loop
      vertex 36.8131 39.85 0.3
      vertex 35.3529 40.6908 1.995
      vertex 36.7148 39.6506 0.3
    endloop
  endfacet
  facet normal -0.0742542 0.705415 0.704894
    outer loop
      vertex 38.5073 37.3145 0.3
      vertex 38.7253 35.6437 1.995
      vertex 38.7272 35.6439 1.995
    endloop
  endfacet
  facet normal -0.0462919 0.708426 0.704265
    outer loop
      vertex 38.7253 35.6437 1.995
      vertex 38.5073 37.3145 0.3
      vertex 38.2854 37.3 0.3
    endloop
  endfacet
  facet normal 0.672263 -0.228167 0.704275
    outer loop
      vertex 36.6433 39.44 0.3
      vertex 35.1573 40.2936 1.995
      vertex 35.0156 39.8761 1.995
    endloop
  endfacet
  facet normal 0.696283 0.138516 0.704275
    outer loop
      vertex 35.0156 38.1239 1.995
      vertex 36.6433 38.56 0.3
      vertex 34.9296 38.5562 1.995
    endloop
  endfacet
  facet normal 0.708412 -0.0463793 0.704274
    outer loop
      vertex 36.5854 39 0.3
      vertex 34.9291 39.4399 1.995
      vertex 34.9003 39 1.995
    endloop
  endfacet
  facet normal 0.708426 0.0462919 0.704265
    outer loop
      vertex 34.9291 38.5601 1.995
      vertex 36.5999 38.7781 0.3
      vertex 36.5854 39 0.3
    endloop
  endfacet
  facet normal 0.709272 0.0373301 0.703946
    outer loop
      vertex 36.5999 38.7781 0.3
      vertex 34.9291 38.5601 1.995
      vertex 34.9292 38.5582 1.995
    endloop
  endfacet
  facet normal -0.468155 0.5337 0.704269
    outer loop
      vertex 40.3461 36.3144 1.995
      vertex 40.6775 36.6051 1.995
      vertex 39.3203 37.6513 0.3
    endloop
  endfacet
  facet normal -0.213956 -0.677527 0.70369
    outer loop
      vertex 39.5789 42.128 1.995
      vertex 38.9359 40.5706 0.3
      vertex 39.5808 42.1274 1.995
    endloop
  endfacet
  facet normal -0.22833 -0.672218 0.704265
    outer loop
      vertex 38.9359 40.5706 0.3
      vertex 39.5789 42.128 1.995
      vertex 38.7254 40.6421 0.3
    endloop
  endfacet
  facet normal -0.533805 0.468037 0.704268
    outer loop
      vertex 39.4875 37.7979 0.3
      vertex 40.6803 36.6078 1.995
      vertex 39.6341 37.9651 0.3
    endloop
  endfacet
  facet normal -0.519866 0.482732 0.704776
    outer loop
      vertex 40.6803 36.6078 1.995
      vertex 39.4875 37.7979 0.3
      vertex 40.679 36.6064 1.995
    endloop
  endfacet
  facet normal -0.468155 -0.5337 0.704269
    outer loop
      vertex 40.6775 41.3949 1.995
      vertex 40.3461 41.6856 1.995
      vertex 39.3203 40.3487 0.3
    endloop
  endfacet
  facet normal 0.138488 -0.696306 0.704258
    outer loop
      vertex 37.8454 40.6421 0.3
      vertex 37.8416 42.3557 1.995
      vertex 37.4092 42.2697 1.995
    endloop
  endfacet
  facet normal -0.611283 0.359578 0.705009
    outer loop
      vertex 39.7576 38.15 0.3
      vertex 41.2159 37.3058 1.995
      vertex 41.2169 37.3075 1.995
    endloop
  endfacet
  facet normal -0.590341 0.394306 0.704287
    outer loop
      vertex 41.2159 37.3058 1.995
      vertex 39.7576 38.15 0.3
      vertex 39.6341 37.9651 0.3
    endloop
  endfacet
  facet normal 0.0705843 -0.705843 0.704843
    outer loop
      vertex 38.0635 40.6855 0.3
      vertex 37.8455 42.3563 1.995
      vertex 37.8435 42.3561 1.995
    endloop
  endfacet
  facet normal 0.0462919 -0.708426 0.704265
    outer loop
      vertex 37.8455 42.3563 1.995
      vertex 38.0635 40.6855 0.3
      vertex 38.2854 40.7 0.3
    endloop
  endfacet
  facet normal -0.636627 0.314163 0.704278
    outer loop
      vertex 39.7576 38.15 0.3
      vertex 41.2178 37.3092 1.995
      vertex 39.856 38.3494 0.3
    endloop
  endfacet
  facet normal -0.626981 0.331931 0.704782
    outer loop
      vertex 41.2178 37.3092 1.995
      vertex 39.7576 38.15 0.3
      vertex 41.2169 37.3075 1.995
    endloop
  endfacet
  facet normal 0.0463793 -0.708412 0.704274
    outer loop
      vertex 38.2854 40.7 0.3
      vertex 38.2854 42.3851 1.995
      vertex 37.8455 42.3563 1.995
    endloop
  endfacet
  facet normal -0.533856 -0.46799 0.704261
    outer loop
      vertex 40.9709 41.0607 1.995
      vertex 40.6803 41.3922 1.995
      vertex 39.6341 40.0349 0.3
    endloop
  endfacet
  facet normal -0.465056 0.536603 0.704116
    outer loop
      vertex 39.4875 37.7979 0.3
      vertex 40.6775 36.6051 1.995
      vertex 40.679 36.6064 1.995
    endloop
  endfacet
  facet normal -0.468046 0.533816 0.704254
    outer loop
      vertex 40.6775 36.6051 1.995
      vertex 39.4875 37.7979 0.3
      vertex 39.3203 37.6513 0.3
    endloop
  endfacet
  facet normal 0.394429 -0.590275 0.704274
    outer loop
      vertex 37.2505 40.3487 0.3
      vertex 36.5912 41.9305 1.995
      vertex 36.2247 41.6856 1.995
    endloop
  endfacet
  facet normal 0.228234 0.672254 0.704261
    outer loop
      vertex 37.6348 37.4294 0.3
      vertex 36.9918 35.872 1.995
      vertex 37.8454 37.3579 0.3
    endloop
  endfacet
  facet normal 0.224544 0.673633 0.704129
    outer loop
      vertex 36.9918 35.872 1.995
      vertex 37.6348 37.4294 0.3
      vertex 36.99 35.8726 1.995
    endloop
  endfacet
  facet normal 0.709272 -0.0373301 0.703946
    outer loop
      vertex 34.9291 39.4399 1.995
      vertex 36.5999 39.2219 0.3
      vertex 34.9292 39.4418 1.995
    endloop
  endfacet
  facet normal 0.708426 -0.0462919 0.704265
    outer loop
      vertex 36.5999 39.2219 0.3
      vertex 34.9291 39.4399 1.995
      vertex 36.5854 39 0.3
    endloop
  endfacet
  facet normal 0.590275 -0.394429 0.704274
    outer loop
      vertex 36.9367 40.0349 0.3
      vertex 35.5998 41.0607 1.995
      vertex 35.3549 40.6942 1.995
    endloop
  endfacet
  facet normal -0.138489 -0.69631 0.704253
    outer loop
      vertex 39.1615 42.2697 1.995
      vertex 38.7291 42.3557 1.995
      vertex 38.7254 40.6421 0.3
    endloop
  endfacet
  facet normal 0.314012 0.636721 0.704261
    outer loop
      vertex 36.99 35.8726 1.995
      vertex 37.6348 37.4294 0.3
      vertex 36.5946 36.0676 1.995
    endloop
  endfacet
  facet normal 0.314012 -0.636721 0.704261
    outer loop
      vertex 37.6348 40.5706 0.3
      vertex 36.99 42.1274 1.995
      vertex 36.5946 41.9324 1.995
    endloop
  endfacet
  facet normal 0.138488 0.696306 0.704258
    outer loop
      vertex 37.8416 35.6443 1.995
      vertex 37.8454 37.3579 0.3
      vertex 37.4092 35.7303 1.995
    endloop
  endfacet
  facet normal 0.468073 0.533767 0.704273
    outer loop
      vertex 36.2247 36.3144 1.995
      vertex 37.2505 37.6513 0.3
      vertex 35.8932 36.6051 1.995
    endloop
  endfacet
  facet normal 0.138557 0.696299 0.704251
    outer loop
      vertex 37.8416 35.6443 1.995
      vertex 38.0635 37.3145 0.3
      vertex 37.8454 37.3579 0.3
    endloop
  endfacet
  facet normal 0.146314 0.69499 0.703976
    outer loop
      vertex 38.0635 37.3145 0.3
      vertex 37.8416 35.6443 1.995
      vertex 37.8435 35.6439 1.995
    endloop
  endfacet
  facet normal 0.0463793 0.708412 0.704274
    outer loop
      vertex 38.2854 35.6149 1.995
      vertex 38.2854 37.3 0.3
      vertex 37.8455 35.6437 1.995
    endloop
  endfacet
  facet normal 0.661042 -0.257072 0.704938
    outer loop
      vertex 35.1573 40.2936 1.995
      vertex 36.7148 39.6506 0.3
      vertex 35.158 40.2954 1.995
    endloop
  endfacet
  facet normal 0.672235 -0.228228 0.704281
    outer loop
      vertex 36.7148 39.6506 0.3
      vertex 35.1573 40.2936 1.995
      vertex 36.6433 39.44 0.3
    endloop
  endfacet
  facet normal 0.63678 -0.313881 0.704265
    outer loop
      vertex 36.7148 39.6506 0.3
      vertex 35.3529 40.6908 1.995
      vertex 35.158 40.2954 1.995
    endloop
  endfacet
  facet normal -0.590211 0.394548 0.70426
    outer loop
      vertex 40.9709 36.9393 1.995
      vertex 41.2159 37.3058 1.995
      vertex 39.6341 37.9651 0.3
    endloop
  endfacet
  facet normal 0.468073 -0.533767 0.704273
    outer loop
      vertex 37.2505 40.3487 0.3
      vertex 36.2247 41.6856 1.995
      vertex 35.8932 41.3949 1.995
    endloop
  endfacet
  facet normal 0.228234 -0.672254 0.704261
    outer loop
      vertex 36.9918 42.128 1.995
      vertex 37.6348 40.5706 0.3
      vertex 37.8454 40.6421 0.3
    endloop
  endfacet
  facet normal 0.224544 -0.673633 0.704129
    outer loop
      vertex 37.6348 40.5706 0.3
      vertex 36.9918 42.128 1.995
      vertex 36.99 42.1274 1.995
    endloop
  endfacet
  facet normal 0.696279 -0.138553 0.704271
    outer loop
      vertex 34.9296 39.4438 1.995
      vertex 36.5999 39.2219 0.3
      vertex 36.6433 39.44 0.3
    endloop
  endfacet
  facet normal 0.696166 -0.139233 0.704249
    outer loop
      vertex 36.5999 39.2219 0.3
      vertex 34.9296 39.4438 1.995
      vertex 34.9292 39.4418 1.995
    endloop
  endfacet
  facet normal 0.533767 0.468073 0.704273
    outer loop
      vertex 35.8905 36.6078 1.995
      vertex 36.9367 37.9651 0.3
      vertex 35.5998 36.9393 1.995
    endloop
  endfacet
  facet normal -0.302488 0.642787 0.703794
    outer loop
      vertex 39.1354 37.5278 0.3
      vertex 39.9762 36.0676 1.995
      vertex 39.9779 36.0684 1.995
    endloop
  endfacet
  facet normal -0.314038 0.636694 0.704273
    outer loop
      vertex 39.9762 36.0676 1.995
      vertex 39.1354 37.5278 0.3
      vertex 38.9359 37.4294 0.3
    endloop
  endfacet
  facet normal 0.533805 0.468037 0.704268
    outer loop
      vertex 35.8905 36.6078 1.995
      vertex 37.0833 37.7979 0.3
      vertex 36.9367 37.9651 0.3
    endloop
  endfacet
  facet normal 0.519866 0.482732 0.704776
    outer loop
      vertex 37.0833 37.7979 0.3
      vertex 35.8905 36.6078 1.995
      vertex 35.8918 36.6064 1.995
    endloop
  endfacet
  facet normal 0.590215 0.394541 0.704261
    outer loop
      vertex 36.8131 38.15 0.3
      vertex 35.3549 37.3058 1.995
      vertex 36.9367 37.9651 0.3
    endloop
  endfacet
  facet normal 0.595793 0.385513 0.704564
    outer loop
      vertex 35.3549 37.3058 1.995
      vertex 36.8131 38.15 0.3
      vertex 35.3538 37.3075 1.995
    endloop
  endfacet
  facet normal 0.636762 0.31391 0.704269
    outer loop
      vertex 35.3529 37.3092 1.995
      vertex 36.8131 38.15 0.3
      vertex 36.7148 38.3494 0.3
    endloop
  endfacet
  facet normal 0.626981 0.331931 0.704782
    outer loop
      vertex 36.8131 38.15 0.3
      vertex 35.3529 37.3092 1.995
      vertex 35.3538 37.3075 1.995
    endloop
  endfacet
  facet normal -0.672263 -0.228167 0.704275
    outer loop
      vertex 41.5551 39.8761 1.995
      vertex 41.4134 40.2936 1.995
      vertex 39.9274 39.44 0.3
    endloop
  endfacet
  facet normal -0.228223 -0.672266 0.704253
    outer loop
      vertex 39.5789 42.128 1.995
      vertex 39.1615 42.2697 1.995
      vertex 38.7254 40.6421 0.3
    endloop
  endfacet
  facet normal -0.402384 -0.585286 0.703938
    outer loop
      vertex 39.1354 40.4722 0.3
      vertex 39.9795 41.9305 1.995
      vertex 39.9779 41.9316 1.995
    endloop
  endfacet
  facet normal -0.394312 -0.590351 0.704276
    outer loop
      vertex 39.9795 41.9305 1.995
      vertex 39.1354 40.4722 0.3
      vertex 39.3203 40.3487 0.3
    endloop
  endfacet
  facet normal 0.0462919 0.708426 0.704265
    outer loop
      vertex 38.0635 37.3145 0.3
      vertex 37.8455 35.6437 1.995
      vertex 38.2854 37.3 0.3
    endloop
  endfacet
  facet normal 0.0705843 0.705843 0.704843
    outer loop
      vertex 37.8455 35.6437 1.995
      vertex 38.0635 37.3145 0.3
      vertex 37.8435 35.6439 1.995
    endloop
  endfacet
  facet normal -0.394312 0.590351 0.704276
    outer loop
      vertex 39.1354 37.5278 0.3
      vertex 39.9795 36.0695 1.995
      vertex 39.3203 37.6513 0.3
    endloop
  endfacet
  facet normal -0.402384 0.585286 0.703938
    outer loop
      vertex 39.9795 36.0695 1.995
      vertex 39.1354 37.5278 0.3
      vertex 39.9779 36.0684 1.995
    endloop
  endfacet
  facet normal 0.468037 -0.533805 0.704268
    outer loop
      vertex 35.8932 41.3949 1.995
      vertex 37.0833 40.2021 0.3
      vertex 37.2505 40.3487 0.3
    endloop
  endfacet
  facet normal 0.482732 -0.519866 0.704776
    outer loop
      vertex 37.0833 40.2021 0.3
      vertex 35.8932 41.3949 1.995
      vertex 35.8918 41.3936 1.995
    endloop
  endfacet
  facet normal -0.611283 -0.359578 0.705009
    outer loop
      vertex 41.2159 40.6942 1.995
      vertex 39.7576 39.85 0.3
      vertex 41.2169 40.6925 1.995
    endloop
  endfacet
  facet normal -0.590341 -0.394306 0.704287
    outer loop
      vertex 39.7576 39.85 0.3
      vertex 41.2159 40.6942 1.995
      vertex 39.6341 40.0349 0.3
    endloop
  endfacet
  facet normal -0.696283 -0.138516 0.704275
    outer loop
      vertex 41.6411 39.4438 1.995
      vertex 41.5551 39.8761 1.995
      vertex 39.9274 39.44 0.3
    endloop
  endfacet
  facet normal -0.696166 -0.139233 0.704249
    outer loop
      vertex 41.6411 39.4438 1.995
      vertex 39.9708 39.2219 0.3
      vertex 41.6415 39.4418 1.995
    endloop
  endfacet
  facet normal -0.696279 -0.138553 0.704271
    outer loop
      vertex 39.9708 39.2219 0.3
      vertex 41.6411 39.4438 1.995
      vertex 39.9274 39.44 0.3
    endloop
  endfacet
  facet normal -0.146315 -0.694994 0.703971
    outer loop
      vertex 38.5073 40.6855 0.3
      vertex 38.7291 42.3557 1.995
      vertex 38.7272 42.3561 1.995
    endloop
  endfacet
  facet normal -0.138558 -0.696303 0.704247
    outer loop
      vertex 38.7291 42.3557 1.995
      vertex 38.5073 40.6855 0.3
      vertex 38.7254 40.6421 0.3
    endloop
  endfacet
  facet normal -0.465056 -0.536603 0.704116
    outer loop
      vertex 40.6775 41.3949 1.995
      vertex 39.4875 40.2021 0.3
      vertex 40.679 41.3936 1.995
    endloop
  endfacet
  facet normal -0.468046 -0.533816 0.704254
    outer loop
      vertex 39.4875 40.2021 0.3
      vertex 40.6775 41.3949 1.995
      vertex 39.3203 40.3487 0.3
    endloop
  endfacet
  facet normal -0.626981 -0.331931 0.704782
    outer loop
      vertex 39.7576 39.85 0.3
      vertex 41.2178 40.6908 1.995
      vertex 41.2169 40.6925 1.995
    endloop
  endfacet
  facet normal -0.636627 -0.314163 0.704278
    outer loop
      vertex 41.2178 40.6908 1.995
      vertex 39.7576 39.85 0.3
      vertex 39.856 39.6506 0.3
    endloop
  endfacet
  facet normal -0.636721 -0.314012 0.704261
    outer loop
      vertex 41.4128 40.2954 1.995
      vertex 41.2178 40.6908 1.995
      vertex 39.856 39.6506 0.3
    endloop
  endfacet
  facet normal -0.98077 -0.195165 0
    outer loop
      vertex 41.6563 39.4438 1.995
      vertex 41.5695 39.88 2
      vertex 41.5695 39.88 1.995
    endloop
  endfacet
  facet normal -0.98077 -0.195165 0
    outer loop
      vertex 41.5695 39.88 2
      vertex 41.6563 39.4438 1.995
      vertex 41.6563 39.4438 2
    endloop
  endfacet
  facet normal -0.997857 -0.0654296 0
    outer loop
      vertex 41.6854 39 1.995
      vertex 41.6563 39.4438 2
      vertex 41.6563 39.4438 1.995
    endloop
  endfacet
  facet normal -0.997857 -0.0654296 0
    outer loop
      vertex 41.6563 39.4438 2
      vertex 41.6854 39 1.995
      vertex 41.6854 39 2
    endloop
  endfacet
  facet normal 0.555582 -0.831462 0
    outer loop
      vertex 36.2156 41.6974 1.995
      vertex 36.5854 41.9445 2
      vertex 36.2156 41.6974 2
    endloop
  endfacet
  facet normal 0.555582 -0.831462 0
    outer loop
      vertex 36.5854 41.9445 2
      vertex 36.2156 41.6974 1.995
      vertex 36.5854 41.9445 1.995
    endloop
  endfacet
  facet normal 0.751908 -0.659268 0
    outer loop
      vertex 35.588 41.0698 2
      vertex 35.8812 41.4042 1.995
      vertex 35.8812 41.4042 2
    endloop
  endfacet
  facet normal 0.751908 -0.659268 0
    outer loop
      vertex 35.8812 41.4042 1.995
      vertex 35.588 41.0698 2
      vertex 35.588 41.0698 1.995
    endloop
  endfacet
  facet normal -0.0654296 -0.997857 0
    outer loop
      vertex 38.2854 42.4 1.995
      vertex 38.7292 42.3709 2
      vertex 38.2854 42.4 2
    endloop
  endfacet
  facet normal -0.0654296 -0.997857 -0
    outer loop
      vertex 38.7292 42.3709 2
      vertex 38.2854 42.4 1.995
      vertex 38.7292 42.3709 1.995
    endloop
  endfacet
  facet normal -0.65938 0.75181 0
    outer loop
      vertex 40.6895 36.5958 1.995
      vertex 40.3552 36.3026 2
      vertex 40.6895 36.5958 2
    endloop
  endfacet
  facet normal -0.65938 0.75181 0
    outer loop
      vertex 40.3552 36.3026 2
      vertex 40.6895 36.5958 1.995
      vertex 40.3552 36.3026 1.995
    endloop
  endfacet
  facet normal 0.831462 -0.555582 0
    outer loop
      vertex 35.3409 40.7 2
      vertex 35.588 41.0698 1.995
      vertex 35.588 41.0698 2
    endloop
  endfacet
  facet normal 0.831462 -0.555582 0
    outer loop
      vertex 35.588 41.0698 1.995
      vertex 35.3409 40.7 2
      vertex 35.3409 40.7 1.995
    endloop
  endfacet
  facet normal 0.659268 -0.751908 0
    outer loop
      vertex 35.8812 41.4042 1.995
      vertex 36.2156 41.6974 2
      vertex 35.8812 41.4042 2
    endloop
  endfacet
  facet normal 0.659268 -0.751908 0
    outer loop
      vertex 36.2156 41.6974 2
      vertex 35.8812 41.4042 1.995
      vertex 36.2156 41.6974 1.995
    endloop
  endfacet
  facet normal 0.321282 -0.946984 0
    outer loop
      vertex 36.9842 42.1412 1.995
      vertex 37.4054 42.2841 2
      vertex 36.9842 42.1412 2
    endloop
  endfacet
  facet normal 0.321282 -0.946984 0
    outer loop
      vertex 37.4054 42.2841 2
      vertex 36.9842 42.1412 1.995
      vertex 37.4054 42.2841 1.995
    endloop
  endfacet
  facet normal 0.946892 0.321552 0
    outer loop
      vertex 35.1442 37.6989 2
      vertex 35.0012 38.12 1.995
      vertex 35.0012 38.12 2
    endloop
  endfacet
  facet normal 0.946892 0.321552 0
    outer loop
      vertex 35.0012 38.12 1.995
      vertex 35.1442 37.6989 2
      vertex 35.1442 37.6989 1.995
    endloop
  endfacet
  facet normal -0.751796 -0.659395 0
    outer loop
      vertex 40.9828 41.0698 1.995
      vertex 40.6895 41.4042 2
      vertex 40.6895 41.4042 1.995
    endloop
  endfacet
  facet normal -0.751796 -0.659395 0
    outer loop
      vertex 40.6895 41.4042 2
      vertex 40.9828 41.0698 1.995
      vertex 40.9828 41.0698 2
    endloop
  endfacet
  facet normal 0.442349 -0.896843 0
    outer loop
      vertex 36.5854 41.9445 1.995
      vertex 36.9842 42.1412 2
      vertex 36.5854 41.9445 2
    endloop
  endfacet
  facet normal 0.442349 -0.896843 0
    outer loop
      vertex 36.9842 42.1412 2
      vertex 36.5854 41.9445 1.995
      vertex 36.9842 42.1412 1.995
    endloop
  endfacet
  facet normal 0.751908 0.659268 0
    outer loop
      vertex 35.8812 36.5958 2
      vertex 35.588 36.9302 1.995
      vertex 35.588 36.9302 2
    endloop
  endfacet
  facet normal 0.751908 0.659268 0
    outer loop
      vertex 35.588 36.9302 1.995
      vertex 35.8812 36.5958 2
      vertex 35.8812 36.5958 1.995
    endloop
  endfacet
  facet normal -0.831462 -0.555582 0
    outer loop
      vertex 41.2299 40.7 1.995
      vertex 40.9828 41.0698 2
      vertex 40.9828 41.0698 1.995
    endloop
  endfacet
  facet normal -0.831462 -0.555582 0
    outer loop
      vertex 40.9828 41.0698 2
      vertex 41.2299 40.7 1.995
      vertex 41.2299 40.7 2
    endloop
  endfacet
  facet normal 0.195165 0.98077 -0
    outer loop
      vertex 37.8416 35.6291 1.995
      vertex 37.4054 35.7159 2
      vertex 37.8416 35.6291 2
    endloop
  endfacet
  facet normal 0.195165 0.98077 0
    outer loop
      vertex 37.4054 35.7159 2
      vertex 37.8416 35.6291 1.995
      vertex 37.4054 35.7159 1.995
    endloop
  endfacet
  facet normal -0.98077 0.195165 0
    outer loop
      vertex 41.5695 38.12 1.995
      vertex 41.6563 38.5562 2
      vertex 41.6563 38.5562 1.995
    endloop
  endfacet
  facet normal -0.98077 0.195165 0
    outer loop
      vertex 41.6563 38.5562 2
      vertex 41.5695 38.12 1.995
      vertex 41.5695 38.12 2
    endloop
  endfacet
  facet normal -0.195165 0.98077 0
    outer loop
      vertex 39.1654 35.7159 1.995
      vertex 38.7292 35.6291 2
      vertex 39.1654 35.7159 2
    endloop
  endfacet
  facet normal -0.195165 0.98077 0
    outer loop
      vertex 38.7292 35.6291 2
      vertex 39.1654 35.7159 1.995
      vertex 38.7292 35.6291 1.995
    endloop
  endfacet
  facet normal -0.831462 0.555582 0
    outer loop
      vertex 40.9828 36.9302 1.995
      vertex 41.2299 37.3 2
      vertex 41.2299 37.3 1.995
    endloop
  endfacet
  facet normal -0.831462 0.555582 0
    outer loop
      vertex 41.2299 37.3 2
      vertex 40.9828 36.9302 1.995
      vertex 40.9828 36.9302 2
    endloop
  endfacet
  facet normal -0.94696 0.32135 0
    outer loop
      vertex 41.4266 37.6989 1.995
      vertex 41.5695 38.12 2
      vertex 41.5695 38.12 1.995
    endloop
  endfacet
  facet normal -0.94696 0.32135 0
    outer loop
      vertex 41.5695 38.12 2
      vertex 41.4266 37.6989 1.995
      vertex 41.4266 37.6989 2
    endloop
  endfacet
  facet normal -0.44226 -0.896887 0
    outer loop
      vertex 39.5865 42.1412 1.995
      vertex 39.9854 41.9445 2
      vertex 39.5865 42.1412 2
    endloop
  endfacet
  facet normal -0.44226 -0.896887 -0
    outer loop
      vertex 39.9854 41.9445 2
      vertex 39.5865 42.1412 1.995
      vertex 39.9854 41.9445 1.995
    endloop
  endfacet
  facet normal -0.555582 0.831462 0
    outer loop
      vertex 40.3552 36.3026 1.995
      vertex 39.9854 36.0555 2
      vertex 40.3552 36.3026 2
    endloop
  endfacet
  facet normal -0.555582 0.831462 0
    outer loop
      vertex 39.9854 36.0555 2
      vertex 40.3552 36.3026 1.995
      vertex 39.9854 36.0555 1.995
    endloop
  endfacet
  facet normal -0.44226 0.896887 0
    outer loop
      vertex 39.9854 36.0555 1.995
      vertex 39.5865 35.8588 2
      vertex 39.9854 36.0555 2
    endloop
  endfacet
  facet normal -0.44226 0.896887 0
    outer loop
      vertex 39.5865 35.8588 2
      vertex 39.9854 36.0555 1.995
      vertex 39.5865 35.8588 1.995
    endloop
  endfacet
  facet normal -0.555582 -0.831462 0
    outer loop
      vertex 39.9854 41.9445 1.995
      vertex 40.3552 41.6974 2
      vertex 39.9854 41.9445 2
    endloop
  endfacet
  facet normal -0.555582 -0.831462 -0
    outer loop
      vertex 40.3552 41.6974 2
      vertex 39.9854 41.9445 1.995
      vertex 40.3552 41.6974 1.995
    endloop
  endfacet
  facet normal -0.65938 -0.75181 0
    outer loop
      vertex 40.3552 41.6974 1.995
      vertex 40.6895 41.4042 2
      vertex 40.3552 41.6974 2
    endloop
  endfacet
  facet normal -0.65938 -0.75181 -0
    outer loop
      vertex 40.6895 41.4042 2
      vertex 40.3552 41.6974 1.995
      vertex 40.6895 41.4042 1.995
    endloop
  endfacet
  facet normal 0.980813 0.194948 0
    outer loop
      vertex 35.0012 38.12 2
      vertex 34.9145 38.5562 1.995
      vertex 34.9145 38.5562 2
    endloop
  endfacet
  facet normal 0.980813 0.194948 0
    outer loop
      vertex 34.9145 38.5562 1.995
      vertex 35.0012 38.12 2
      vertex 35.0012 38.12 1.995
    endloop
  endfacet
  facet normal 0.980813 -0.194948 0
    outer loop
      vertex 34.9145 39.4438 2
      vertex 35.0012 39.88 1.995
      vertex 35.0012 39.88 2
    endloop
  endfacet
  facet normal 0.980813 -0.194948 0
    outer loop
      vertex 35.0012 39.88 1.995
      vertex 34.9145 39.4438 2
      vertex 34.9145 39.4438 1.995
    endloop
  endfacet
  facet normal 0.0654296 0.997857 -0
    outer loop
      vertex 38.2854 35.6 1.995
      vertex 37.8416 35.6291 2
      vertex 38.2854 35.6 2
    endloop
  endfacet
  facet normal 0.0654296 0.997857 0
    outer loop
      vertex 37.8416 35.6291 2
      vertex 38.2854 35.6 1.995
      vertex 37.8416 35.6291 1.995
    endloop
  endfacet
  facet normal 0.659268 0.751908 -0
    outer loop
      vertex 36.2156 36.3026 1.995
      vertex 35.8812 36.5958 2
      vertex 36.2156 36.3026 2
    endloop
  endfacet
  facet normal 0.659268 0.751908 0
    outer loop
      vertex 35.8812 36.5958 2
      vertex 36.2156 36.3026 1.995
      vertex 35.8812 36.5958 1.995
    endloop
  endfacet
  facet normal -0.896887 -0.44226 0
    outer loop
      vertex 41.4266 40.3011 1.995
      vertex 41.2299 40.7 2
      vertex 41.2299 40.7 1.995
    endloop
  endfacet
  facet normal -0.896887 -0.44226 0
    outer loop
      vertex 41.2299 40.7 2
      vertex 41.4266 40.3011 1.995
      vertex 41.4266 40.3011 2
    endloop
  endfacet
  facet normal -0.751796 0.659395 0
    outer loop
      vertex 40.6895 36.5958 1.995
      vertex 40.9828 36.9302 2
      vertex 40.9828 36.9302 1.995
    endloop
  endfacet
  facet normal -0.751796 0.659395 0
    outer loop
      vertex 40.9828 36.9302 2
      vertex 40.6895 36.5958 1.995
      vertex 40.6895 36.5958 2
    endloop
  endfacet
  facet normal 0.997857 0.0654296 0
    outer loop
      vertex 34.9145 38.5562 2
      vertex 34.8854 39 1.995
      vertex 34.8854 39 2
    endloop
  endfacet
  facet normal 0.997857 0.0654296 0
    outer loop
      vertex 34.8854 39 1.995
      vertex 34.9145 38.5562 2
      vertex 34.9145 38.5562 1.995
    endloop
  endfacet
  facet normal -0.0654296 0.997857 0
    outer loop
      vertex 38.7292 35.6291 1.995
      vertex 38.2854 35.6 2
      vertex 38.7292 35.6291 2
    endloop
  endfacet
  facet normal -0.0654296 0.997857 0
    outer loop
      vertex 38.2854 35.6 2
      vertex 38.7292 35.6291 1.995
      vertex 38.2854 35.6 1.995
    endloop
  endfacet
  facet normal 0.946892 -0.321552 0
    outer loop
      vertex 35.0012 39.88 2
      vertex 35.1442 40.3011 1.995
      vertex 35.1442 40.3011 2
    endloop
  endfacet
  facet normal 0.946892 -0.321552 0
    outer loop
      vertex 35.1442 40.3011 1.995
      vertex 35.0012 39.88 2
      vertex 35.0012 39.88 1.995
    endloop
  endfacet
  facet normal -0.32135 -0.94696 0
    outer loop
      vertex 39.1654 42.2841 1.995
      vertex 39.5865 42.1412 2
      vertex 39.1654 42.2841 2
    endloop
  endfacet
  facet normal -0.32135 -0.94696 -0
    outer loop
      vertex 39.5865 42.1412 2
      vertex 39.1654 42.2841 1.995
      vertex 39.5865 42.1412 1.995
    endloop
  endfacet
  facet normal 0.997857 -0.0654296 0
    outer loop
      vertex 34.8854 39 2
      vertex 34.9145 39.4438 1.995
      vertex 34.9145 39.4438 2
    endloop
  endfacet
  facet normal 0.997857 -0.0654296 0
    outer loop
      vertex 34.9145 39.4438 1.995
      vertex 34.8854 39 2
      vertex 34.8854 39 1.995
    endloop
  endfacet
  facet normal 0.896887 0.44226 0
    outer loop
      vertex 35.3409 37.3 2
      vertex 35.1442 37.6989 1.995
      vertex 35.1442 37.6989 2
    endloop
  endfacet
  facet normal 0.896887 0.44226 0
    outer loop
      vertex 35.1442 37.6989 1.995
      vertex 35.3409 37.3 2
      vertex 35.3409 37.3 1.995
    endloop
  endfacet
  facet normal 0.831462 0.555582 0
    outer loop
      vertex 35.588 36.9302 2
      vertex 35.3409 37.3 1.995
      vertex 35.3409 37.3 2
    endloop
  endfacet
  facet normal 0.831462 0.555582 0
    outer loop
      vertex 35.3409 37.3 1.995
      vertex 35.588 36.9302 2
      vertex 35.588 36.9302 1.995
    endloop
  endfacet
  facet normal -0.997857 0.0654296 0
    outer loop
      vertex 41.6563 38.5562 1.995
      vertex 41.6854 39 2
      vertex 41.6854 39 1.995
    endloop
  endfacet
  facet normal -0.997857 0.0654296 0
    outer loop
      vertex 41.6854 39 2
      vertex 41.6563 38.5562 1.995
      vertex 41.6563 38.5562 2
    endloop
  endfacet
  facet normal -0.94696 -0.32135 0
    outer loop
      vertex 41.5695 39.88 1.995
      vertex 41.4266 40.3011 2
      vertex 41.4266 40.3011 1.995
    endloop
  endfacet
  facet normal -0.94696 -0.32135 0
    outer loop
      vertex 41.4266 40.3011 2
      vertex 41.5695 39.88 1.995
      vertex 41.5695 39.88 2
    endloop
  endfacet
  facet normal 0.0654296 -0.997857 0
    outer loop
      vertex 37.8416 42.3709 1.995
      vertex 38.2854 42.4 2
      vertex 37.8416 42.3709 2
    endloop
  endfacet
  facet normal 0.0654296 -0.997857 0
    outer loop
      vertex 38.2854 42.4 2
      vertex 37.8416 42.3709 1.995
      vertex 38.2854 42.4 1.995
    endloop
  endfacet
  facet normal -0.32135 0.94696 0
    outer loop
      vertex 39.5865 35.8588 1.995
      vertex 39.1654 35.7159 2
      vertex 39.5865 35.8588 2
    endloop
  endfacet
  facet normal -0.32135 0.94696 0
    outer loop
      vertex 39.1654 35.7159 2
      vertex 39.5865 35.8588 1.995
      vertex 39.1654 35.7159 1.995
    endloop
  endfacet
  facet normal 0.195165 -0.98077 0
    outer loop
      vertex 37.4054 42.2841 1.995
      vertex 37.8416 42.3709 2
      vertex 37.4054 42.2841 2
    endloop
  endfacet
  facet normal 0.195165 -0.98077 0
    outer loop
      vertex 37.8416 42.3709 2
      vertex 37.4054 42.2841 1.995
      vertex 37.8416 42.3709 1.995
    endloop
  endfacet
  facet normal 0.896887 -0.44226 0
    outer loop
      vertex 35.1442 40.3011 2
      vertex 35.3409 40.7 1.995
      vertex 35.3409 40.7 2
    endloop
  endfacet
  facet normal 0.896887 -0.44226 0
    outer loop
      vertex 35.3409 40.7 1.995
      vertex 35.1442 40.3011 2
      vertex 35.1442 40.3011 1.995
    endloop
  endfacet
  facet normal -0.896887 0.44226 0
    outer loop
      vertex 41.2299 37.3 1.995
      vertex 41.4266 37.6989 2
      vertex 41.4266 37.6989 1.995
    endloop
  endfacet
  facet normal -0.896887 0.44226 0
    outer loop
      vertex 41.4266 37.6989 2
      vertex 41.2299 37.3 1.995
      vertex 41.2299 37.3 2
    endloop
  endfacet
  facet normal 0.321282 0.946984 -0
    outer loop
      vertex 37.4054 35.7159 1.995
      vertex 36.9842 35.8588 2
      vertex 37.4054 35.7159 2
    endloop
  endfacet
  facet normal 0.321282 0.946984 0
    outer loop
      vertex 36.9842 35.8588 2
      vertex 37.4054 35.7159 1.995
      vertex 36.9842 35.8588 1.995
    endloop
  endfacet
  facet normal -0.195165 -0.98077 0
    outer loop
      vertex 38.7292 42.3709 1.995
      vertex 39.1654 42.2841 2
      vertex 38.7292 42.3709 2
    endloop
  endfacet
  facet normal -0.195165 -0.98077 -0
    outer loop
      vertex 39.1654 42.2841 2
      vertex 38.7292 42.3709 1.995
      vertex 39.1654 42.2841 1.995
    endloop
  endfacet
  facet normal 0.442349 0.896843 -0
    outer loop
      vertex 36.9842 35.8588 1.995
      vertex 36.5854 36.0555 2
      vertex 36.9842 35.8588 2
    endloop
  endfacet
  facet normal 0.442349 0.896843 0
    outer loop
      vertex 36.5854 36.0555 2
      vertex 36.9842 35.8588 1.995
      vertex 36.5854 36.0555 1.995
    endloop
  endfacet
  facet normal -0 0 1
    outer loop
      vertex 41.6416 39.4399 1.995
      vertex 41.6854 39 1.995
      vertex 41.6563 39.4438 1.995
    endloop
  endfacet
  facet normal 0 0 1
    outer loop
      vertex 41.6854 39 1.995
      vertex 41.6416 39.4399 1.995
      vertex 41.6705 39 1.995
    endloop
  endfacet
  facet normal 0 0 1
    outer loop
      vertex 41.6563 39.4438 1.995
      vertex 41.6415 39.4418 1.995
      vertex 41.6416 39.4399 1.995
    endloop
  endfacet
  facet normal 0 0 1
    outer loop
      vertex 41.6563 39.4438 1.995
      vertex 41.6411 39.4438 1.995
      vertex 41.6415 39.4418 1.995
    endloop
  endfacet
  facet normal 0 0 1
    outer loop
      vertex 41.5695 39.88 1.995
      vertex 41.6411 39.4438 1.995
      vertex 41.6563 39.4438 1.995
    endloop
  endfacet
  facet normal 0 0 1
    outer loop
      vertex 41.5695 39.88 1.995
      vertex 41.5551 39.8761 1.995
      vertex 41.6411 39.4438 1.995
    endloop
  endfacet
  facet normal -0 0 1
    outer loop
      vertex 41.4134 40.2936 1.995
      vertex 41.5695 39.88 1.995
      vertex 41.4266 40.3011 1.995
    endloop
  endfacet
  facet normal 0 0 1
    outer loop
      vertex 41.5695 39.88 1.995
      vertex 41.4134 40.2936 1.995
      vertex 41.5551 39.8761 1.995
    endloop
  endfacet
  facet normal 0 0 1
    outer loop
      vertex 41.4266 40.3011 1.995
      vertex 41.4128 40.2954 1.995
      vertex 41.4134 40.2936 1.995
    endloop
  endfacet
  facet normal -0 0 1
    outer loop
      vertex 41.2178 40.6908 1.995
      vertex 41.4266 40.3011 1.995
      vertex 41.2299 40.7 1.995
    endloop
  endfacet
  facet normal 0 0 1
    outer loop
      vertex 41.4266 40.3011 1.995
      vertex 41.2178 40.6908 1.995
      vertex 41.4128 40.2954 1.995
    endloop
  endfacet
  facet normal 0 0 1
    outer loop
      vertex 41.2299 40.7 1.995
      vertex 41.2169 40.6925 1.995
      vertex 41.2178 40.6908 1.995
    endloop
  endfacet
  facet normal 0 0 1
    outer loop
      vertex 41.2299 40.7 1.995
      vertex 41.2159 40.6942 1.995
      vertex 41.2169 40.6925 1.995
    endloop
  endfacet
  facet normal 0 0 1
    outer loop
      vertex 40.9828 41.0698 1.995
      vertex 41.2159 40.6942 1.995
      vertex 41.2299 40.7 1.995
    endloop
  endfacet
  facet normal 0 0 1
    outer loop
      vertex 40.9828 41.0698 1.995
      vertex 40.9709 41.0607 1.995
      vertex 41.2159 40.6942 1.995
    endloop
  endfacet
  facet normal -0 0 1
    outer loop
      vertex 40.6803 41.3922 1.995
      vertex 40.9828 41.0698 1.995
      vertex 40.6895 41.4042 1.995
    endloop
  endfacet
  facet normal 0 0 1
    outer loop
      vertex 40.9828 41.0698 1.995
      vertex 40.6803 41.3922 1.995
      vertex 40.9709 41.0607 1.995
    endloop
  endfacet
  facet normal 0 0 1
    outer loop
      vertex 40.6895 41.4042 1.995
      vertex 40.679 41.3936 1.995
      vertex 40.6803 41.3922 1.995
    endloop
  endfacet
  facet normal 0 0 1
    outer loop
      vertex 40.6895 41.4042 1.995
      vertex 40.6775 41.3949 1.995
      vertex 40.679 41.3936 1.995
    endloop
  endfacet
  facet normal 0 0 1
    outer loop
      vertex 40.3552 41.6974 1.995
      vertex 40.6775 41.3949 1.995
      vertex 40.6895 41.4042 1.995
    endloop
  endfacet
  facet normal 0 0 1
    outer loop
      vertex 40.3552 41.6974 1.995
      vertex 40.3461 41.6856 1.995
      vertex 40.6775 41.3949 1.995
    endloop
  endfacet
  facet normal -0 0 1
    outer loop
      vertex 39.9795 41.9305 1.995
      vertex 40.3552 41.6974 1.995
      vertex 39.9854 41.9445 1.995
    endloop
  endfacet
  facet normal 0 0 1
    outer loop
      vertex 40.3552 41.6974 1.995
      vertex 39.9795 41.9305 1.995
      vertex 40.3461 41.6856 1.995
    endloop
  endfacet
  facet normal 0 0 1
    outer loop
      vertex 39.9854 41.9445 1.995
      vertex 39.9779 41.9316 1.995
      vertex 39.9795 41.9305 1.995
    endloop
  endfacet
  facet normal 0 0 1
    outer loop
      vertex 39.9854 41.9445 1.995
      vertex 39.9762 41.9324 1.995
      vertex 39.9779 41.9316 1.995
    endloop
  endfacet
  facet normal 0 0 1
    outer loop
      vertex 39.5865 42.1412 1.995
      vertex 39.9762 41.9324 1.995
      vertex 39.9854 41.9445 1.995
    endloop
  endfacet
  facet normal 0 0 1
    outer loop
      vertex 39.5865 42.1412 1.995
      vertex 39.5808 42.1274 1.995
      vertex 39.9762 41.9324 1.995
    endloop
  endfacet
  facet normal 0 0 1
    outer loop
      vertex 39.5865 42.1412 1.995
      vertex 39.5789 42.128 1.995
      vertex 39.5808 42.1274 1.995
    endloop
  endfacet
  facet normal 0 0 1
    outer loop
      vertex 39.1654 42.2841 1.995
      vertex 39.5789 42.128 1.995
      vertex 39.5865 42.1412 1.995
    endloop
  endfacet
  facet normal 0 0 1
    outer loop
      vertex 39.1654 42.2841 1.995
      vertex 39.1615 42.2697 1.995
      vertex 39.5789 42.128 1.995
    endloop
  endfacet
  facet normal -0 0 1
    outer loop
      vertex 38.7291 42.3557 1.995
      vertex 39.1654 42.2841 1.995
      vertex 38.7292 42.3709 1.995
    endloop
  endfacet
  facet normal 0 0 1
    outer loop
      vertex 39.1654 42.2841 1.995
      vertex 38.7291 42.3557 1.995
      vertex 39.1615 42.2697 1.995
    endloop
  endfacet
  facet normal 0 0 1
    outer loop
      vertex 38.7292 42.3709 1.995
      vertex 38.7272 42.3561 1.995
      vertex 38.7291 42.3557 1.995
    endloop
  endfacet
  facet normal 0 0 1
    outer loop
      vertex 38.7292 42.3709 1.995
      vertex 38.7253 42.3563 1.995
      vertex 38.7272 42.3561 1.995
    endloop
  endfacet
  facet normal 0 0 1
    outer loop
      vertex 38.2854 42.4 1.995
      vertex 38.7253 42.3563 1.995
      vertex 38.7292 42.3709 1.995
    endloop
  endfacet
  facet normal 0 0 1
    outer loop
      vertex 38.2854 42.4 1.995
      vertex 38.2854 42.3851 1.995
      vertex 38.7253 42.3563 1.995
    endloop
  endfacet
  facet normal 0 0 1
    outer loop
      vertex 38.2854 42.4 1.995
      vertex 37.8455 42.3563 1.995
      vertex 38.2854 42.3851 1.995
    endloop
  endfacet
  facet normal -0 0 1
    outer loop
      vertex 37.8416 42.3709 1.995
      vertex 37.8455 42.3563 1.995
      vertex 38.2854 42.4 1.995
    endloop
  endfacet
  facet normal 0 0 1
    outer loop
      vertex 37.8455 42.3563 1.995
      vertex 37.8416 42.3709 1.995
      vertex 37.8435 42.3561 1.995
    endloop
  endfacet
  facet normal 0 0 1
    outer loop
      vertex 37.8416 42.3709 1.995
      vertex 37.8416 42.3557 1.995
      vertex 37.8435 42.3561 1.995
    endloop
  endfacet
  facet normal 0 0 1
    outer loop
      vertex 37.4054 42.2841 1.995
      vertex 37.8416 42.3557 1.995
      vertex 37.8416 42.3709 1.995
    endloop
  endfacet
  facet normal 0 0 1
    outer loop
      vertex 37.8416 42.3557 1.995
      vertex 37.4054 42.2841 1.995
      vertex 37.4092 42.2697 1.995
    endloop
  endfacet
  facet normal 0 0 1
    outer loop
      vertex 37.4054 42.2841 1.995
      vertex 36.9918 42.128 1.995
      vertex 37.4092 42.2697 1.995
    endloop
  endfacet
  facet normal -0 0 1
    outer loop
      vertex 36.9842 42.1412 1.995
      vertex 36.9918 42.128 1.995
      vertex 37.4054 42.2841 1.995
    endloop
  endfacet
  facet normal 0 0 1
    outer loop
      vertex 36.9918 42.128 1.995
      vertex 36.9842 42.1412 1.995
      vertex 36.99 42.1274 1.995
    endloop
  endfacet
  facet normal 0 0 1
    outer loop
      vertex 36.9842 42.1412 1.995
      vertex 36.5946 41.9324 1.995
      vertex 36.99 42.1274 1.995
    endloop
  endfacet
  facet normal -0 0 1
    outer loop
      vertex 36.5854 41.9445 1.995
      vertex 36.5946 41.9324 1.995
      vertex 36.9842 42.1412 1.995
    endloop
  endfacet
  facet normal 0 0 1
    outer loop
      vertex 36.5946 41.9324 1.995
      vertex 36.5854 41.9445 1.995
      vertex 36.5928 41.9316 1.995
    endloop
  endfacet
  facet normal 0 0 1
    outer loop
      vertex 36.5854 41.9445 1.995
      vertex 36.5912 41.9305 1.995
      vertex 36.5928 41.9316 1.995
    endloop
  endfacet
  facet normal 0 0 1
    outer loop
      vertex 36.2156 41.6974 1.995
      vertex 36.5912 41.9305 1.995
      vertex 36.5854 41.9445 1.995
    endloop
  endfacet
  facet normal 0 0 1
    outer loop
      vertex 36.5912 41.9305 1.995
      vertex 36.2156 41.6974 1.995
      vertex 36.2247 41.6856 1.995
    endloop
  endfacet
  facet normal 0 0 1
    outer loop
      vertex 36.2156 41.6974 1.995
      vertex 35.8932 41.3949 1.995
      vertex 36.2247 41.6856 1.995
    endloop
  endfacet
  facet normal -0 0 1
    outer loop
      vertex 35.8812 41.4042 1.995
      vertex 35.8932 41.3949 1.995
      vertex 36.2156 41.6974 1.995
    endloop
  endfacet
  facet normal 0 0 1
    outer loop
      vertex 35.8932 41.3949 1.995
      vertex 35.8812 41.4042 1.995
      vertex 35.8918 41.3936 1.995
    endloop
  endfacet
  facet normal 0 0 1
    outer loop
      vertex 35.8812 41.4042 1.995
      vertex 35.8905 41.3922 1.995
      vertex 35.8918 41.3936 1.995
    endloop
  endfacet
  facet normal 0 0 1
    outer loop
      vertex 35.588 41.0698 1.995
      vertex 35.8905 41.3922 1.995
      vertex 35.8812 41.4042 1.995
    endloop
  endfacet
  facet normal 0 0 1
    outer loop
      vertex 35.8905 41.3922 1.995
      vertex 35.588 41.0698 1.995
      vertex 35.5998 41.0607 1.995
    endloop
  endfacet
  facet normal 0 0 1
    outer loop
      vertex 35.588 41.0698 1.995
      vertex 35.3549 40.6942 1.995
      vertex 35.5998 41.0607 1.995
    endloop
  endfacet
  facet normal -0 0 1
    outer loop
      vertex 35.3409 40.7 1.995
      vertex 35.3549 40.6942 1.995
      vertex 35.588 41.0698 1.995
    endloop
  endfacet
  facet normal 0 0 1
    outer loop
      vertex 35.3549 40.6942 1.995
      vertex 35.3409 40.7 1.995
      vertex 35.3538 40.6925 1.995
    endloop
  endfacet
  facet normal 0 0 1
    outer loop
      vertex 35.3409 40.7 1.995
      vertex 35.3529 40.6908 1.995
      vertex 35.3538 40.6925 1.995
    endloop
  endfacet
  facet normal 0 0 1
    outer loop
      vertex 35.1442 40.3011 1.995
      vertex 35.3529 40.6908 1.995
      vertex 35.3409 40.7 1.995
    endloop
  endfacet
  facet normal 0 0 1
    outer loop
      vertex 35.3529 40.6908 1.995
      vertex 35.1442 40.3011 1.995
      vertex 35.158 40.2954 1.995
    endloop
  endfacet
  facet normal 0 0 1
    outer loop
      vertex 35.1442 40.3011 1.995
      vertex 35.1573 40.2936 1.995
      vertex 35.158 40.2954 1.995
    endloop
  endfacet
  facet normal 0 0 1
    outer loop
      vertex 35.0012 39.88 1.995
      vertex 35.1573 40.2936 1.995
      vertex 35.1442 40.3011 1.995
    endloop
  endfacet
  facet normal 0 0 1
    outer loop
      vertex 35.1573 40.2936 1.995
      vertex 35.0012 39.88 1.995
      vertex 35.0156 39.8761 1.995
    endloop
  endfacet
  facet normal 0 0 1
    outer loop
      vertex 35.0012 39.88 1.995
      vertex 34.9296 39.4438 1.995
      vertex 35.0156 39.8761 1.995
    endloop
  endfacet
  facet normal 0 0 1
    outer loop
      vertex 34.9145 39.4438 1.995
      vertex 34.9296 39.4438 1.995
      vertex 35.0012 39.88 1.995
    endloop
  endfacet
  facet normal 0 0 1
    outer loop
      vertex 34.9296 39.4438 1.995
      vertex 34.9145 39.4438 1.995
      vertex 34.9292 39.4418 1.995
    endloop
  endfacet
  facet normal 0 0 1
    outer loop
      vertex 34.9145 39.4438 1.995
      vertex 34.9291 39.4399 1.995
      vertex 34.9292 39.4418 1.995
    endloop
  endfacet
  facet normal 0 0 1
    outer loop
      vertex 34.8854 39 1.995
      vertex 34.9291 39.4399 1.995
      vertex 34.9145 39.4438 1.995
    endloop
  endfacet
  facet normal 0 0 1
    outer loop
      vertex 34.9291 39.4399 1.995
      vertex 34.8854 39 1.995
      vertex 34.9003 39 1.995
    endloop
  endfacet
  facet normal 0 0 1
    outer loop
      vertex 41.6416 38.5601 1.995
      vertex 41.6854 39 1.995
      vertex 41.6705 39 1.995
    endloop
  endfacet
  facet normal 0 0 1
    outer loop
      vertex 41.6854 39 1.995
      vertex 41.6416 38.5601 1.995
      vertex 41.6563 38.5562 1.995
    endloop
  endfacet
  facet normal -0 0 1
    outer loop
      vertex 41.6415 38.5582 1.995
      vertex 41.6563 38.5562 1.995
      vertex 41.6416 38.5601 1.995
    endloop
  endfacet
  facet normal 0 0 1
    outer loop
      vertex 41.6411 38.5562 1.995
      vertex 41.6563 38.5562 1.995
      vertex 41.6415 38.5582 1.995
    endloop
  endfacet
  facet normal -0 0 1
    outer loop
      vertex 41.6411 38.5562 1.995
      vertex 41.5695 38.12 1.995
      vertex 41.6563 38.5562 1.995
    endloop
  endfacet
  facet normal -0 0 1
    outer loop
      vertex 41.5551 38.1239 1.995
      vertex 41.5695 38.12 1.995
      vertex 41.6411 38.5562 1.995
    endloop
  endfacet
  facet normal 0 0 1
    outer loop
      vertex 41.4134 37.7064 1.995
      vertex 41.5695 38.12 1.995
      vertex 41.5551 38.1239 1.995
    endloop
  endfacet
  facet normal 0 0 1
    outer loop
      vertex 41.5695 38.12 1.995
      vertex 41.4134 37.7064 1.995
      vertex 41.4266 37.6989 1.995
    endloop
  endfacet
  facet normal -0 0 1
    outer loop
      vertex 41.4128 37.7046 1.995
      vertex 41.4266 37.6989 1.995
      vertex 41.4134 37.7064 1.995
    endloop
  endfacet
  facet normal 0 0 1
    outer loop
      vertex 41.2178 37.3092 1.995
      vertex 41.4266 37.6989 1.995
      vertex 41.4128 37.7046 1.995
    endloop
  endfacet
  facet normal 0 0 1
    outer loop
      vertex 41.4266 37.6989 1.995
      vertex 41.2178 37.3092 1.995
      vertex 41.2299 37.3 1.995
    endloop
  endfacet
  facet normal -0 0 1
    outer loop
      vertex 41.2169 37.3075 1.995
      vertex 41.2299 37.3 1.995
      vertex 41.2178 37.3092 1.995
    endloop
  endfacet
  facet normal -0 0 1
    outer loop
      vertex 41.2159 37.3058 1.995
      vertex 41.2299 37.3 1.995
      vertex 41.2169 37.3075 1.995
    endloop
  endfacet
  facet normal 0 0 1
    outer loop
      vertex 41.2159 37.3058 1.995
      vertex 40.9828 36.9302 1.995
      vertex 41.2299 37.3 1.995
    endloop
  endfacet
  facet normal -0 0 1
    outer loop
      vertex 40.9709 36.9393 1.995
      vertex 40.9828 36.9302 1.995
      vertex 41.2159 37.3058 1.995
    endloop
  endfacet
  facet normal 0 0 1
    outer loop
      vertex 40.6803 36.6078 1.995
      vertex 40.9828 36.9302 1.995
      vertex 40.9709 36.9393 1.995
    endloop
  endfacet
  facet normal 0 0 1
    outer loop
      vertex 40.9828 36.9302 1.995
      vertex 40.6803 36.6078 1.995
      vertex 40.6895 36.5958 1.995
    endloop
  endfacet
  facet normal -0 0 1
    outer loop
      vertex 40.679 36.6064 1.995
      vertex 40.6895 36.5958 1.995
      vertex 40.6803 36.6078 1.995
    endloop
  endfacet
  facet normal -0 0 1
    outer loop
      vertex 40.6775 36.6051 1.995
      vertex 40.6895 36.5958 1.995
      vertex 40.679 36.6064 1.995
    endloop
  endfacet
  facet normal 0 0 1
    outer loop
      vertex 40.6775 36.6051 1.995
      vertex 40.3552 36.3026 1.995
      vertex 40.6895 36.5958 1.995
    endloop
  endfacet
  facet normal -0 0 1
    outer loop
      vertex 40.3461 36.3144 1.995
      vertex 40.3552 36.3026 1.995
      vertex 40.6775 36.6051 1.995
    endloop
  endfacet
  facet normal 0 0 1
    outer loop
      vertex 39.9795 36.0695 1.995
      vertex 40.3552 36.3026 1.995
      vertex 40.3461 36.3144 1.995
    endloop
  endfacet
  facet normal 0 0 1
    outer loop
      vertex 40.3552 36.3026 1.995
      vertex 39.9795 36.0695 1.995
      vertex 39.9854 36.0555 1.995
    endloop
  endfacet
  facet normal -0 0 1
    outer loop
      vertex 39.9779 36.0684 1.995
      vertex 39.9854 36.0555 1.995
      vertex 39.9795 36.0695 1.995
    endloop
  endfacet
  facet normal -0 0 1
    outer loop
      vertex 39.9762 36.0676 1.995
      vertex 39.9854 36.0555 1.995
      vertex 39.9779 36.0684 1.995
    endloop
  endfacet
  facet normal 0 0 1
    outer loop
      vertex 39.9762 36.0676 1.995
      vertex 39.5865 35.8588 1.995
      vertex 39.9854 36.0555 1.995
    endloop
  endfacet
  facet normal -0 0 1
    outer loop
      vertex 39.5808 35.8726 1.995
      vertex 39.5865 35.8588 1.995
      vertex 39.9762 36.0676 1.995
    endloop
  endfacet
  facet normal -0 0 1
    outer loop
      vertex 39.5789 35.872 1.995
      vertex 39.5865 35.8588 1.995
      vertex 39.5808 35.8726 1.995
    endloop
  endfacet
  facet normal 0 0 1
    outer loop
      vertex 39.5789 35.872 1.995
      vertex 39.1654 35.7159 1.995
      vertex 39.5865 35.8588 1.995
    endloop
  endfacet
  facet normal -0 0 1
    outer loop
      vertex 39.1615 35.7303 1.995
      vertex 39.1654 35.7159 1.995
      vertex 39.5789 35.872 1.995
    endloop
  endfacet
  facet normal 0 0 1
    outer loop
      vertex 38.7291 35.6443 1.995
      vertex 39.1654 35.7159 1.995
      vertex 39.1615 35.7303 1.995
    endloop
  endfacet
  facet normal 0 0 1
    outer loop
      vertex 39.1654 35.7159 1.995
      vertex 38.7291 35.6443 1.995
      vertex 38.7292 35.6291 1.995
    endloop
  endfacet
  facet normal -0 0 1
    outer loop
      vertex 38.7272 35.6439 1.995
      vertex 38.7292 35.6291 1.995
      vertex 38.7291 35.6443 1.995
    endloop
  endfacet
  facet normal -0 0 1
    outer loop
      vertex 38.7253 35.6437 1.995
      vertex 38.7292 35.6291 1.995
      vertex 38.7272 35.6439 1.995
    endloop
  endfacet
  facet normal 0 0 1
    outer loop
      vertex 38.2854 35.6 1.995
      vertex 38.7253 35.6437 1.995
      vertex 38.2854 35.6149 1.995
    endloop
  endfacet
  facet normal 0 0 1
    outer loop
      vertex 38.7253 35.6437 1.995
      vertex 38.2854 35.6 1.995
      vertex 38.7292 35.6291 1.995
    endloop
  endfacet
  facet normal 0 0 1
    outer loop
      vertex 37.8455 35.6437 1.995
      vertex 38.2854 35.6 1.995
      vertex 38.2854 35.6149 1.995
    endloop
  endfacet
  facet normal 0 0 1
    outer loop
      vertex 37.8416 35.6291 1.995
      vertex 37.8455 35.6437 1.995
      vertex 37.8435 35.6439 1.995
    endloop
  endfacet
  facet normal 0 0 1
    outer loop
      vertex 37.8455 35.6437 1.995
      vertex 37.8416 35.6291 1.995
      vertex 38.2854 35.6 1.995
    endloop
  endfacet
  facet normal 0 0 1
    outer loop
      vertex 37.8416 35.6443 1.995
      vertex 37.8416 35.6291 1.995
      vertex 37.8435 35.6439 1.995
    endloop
  endfacet
  facet normal -0 0 1
    outer loop
      vertex 37.4054 35.7159 1.995
      vertex 37.8416 35.6443 1.995
      vertex 37.4092 35.7303 1.995
    endloop
  endfacet
  facet normal 0 0 1
    outer loop
      vertex 37.8416 35.6443 1.995
      vertex 37.4054 35.7159 1.995
      vertex 37.8416 35.6291 1.995
    endloop
  endfacet
  facet normal 0 0 1
    outer loop
      vertex 36.9918 35.872 1.995
      vertex 37.4054 35.7159 1.995
      vertex 37.4092 35.7303 1.995
    endloop
  endfacet
  facet normal 0 0 1
    outer loop
      vertex 36.9842 35.8588 1.995
      vertex 36.9918 35.872 1.995
      vertex 36.99 35.8726 1.995
    endloop
  endfacet
  facet normal 0 0 1
    outer loop
      vertex 36.9918 35.872 1.995
      vertex 36.9842 35.8588 1.995
      vertex 37.4054 35.7159 1.995
    endloop
  endfacet
  facet normal 0 0 1
    outer loop
      vertex 36.5946 36.0676 1.995
      vertex 36.9842 35.8588 1.995
      vertex 36.99 35.8726 1.995
    endloop
  endfacet
  facet normal 0 0 1
    outer loop
      vertex 36.5854 36.0555 1.995
      vertex 36.5946 36.0676 1.995
      vertex 36.5928 36.0684 1.995
    endloop
  endfacet
  facet normal 0 0 1
    outer loop
      vertex 36.5946 36.0676 1.995
      vertex 36.5854 36.0555 1.995
      vertex 36.9842 35.8588 1.995
    endloop
  endfacet
  facet normal 0 0 1
    outer loop
      vertex 36.5912 36.0695 1.995
      vertex 36.5854 36.0555 1.995
      vertex 36.5928 36.0684 1.995
    endloop
  endfacet
  facet normal -0 0 1
    outer loop
      vertex 36.2156 36.3026 1.995
      vertex 36.5912 36.0695 1.995
      vertex 36.2247 36.3144 1.995
    endloop
  endfacet
  facet normal 0 0 1
    outer loop
      vertex 36.5912 36.0695 1.995
      vertex 36.2156 36.3026 1.995
      vertex 36.5854 36.0555 1.995
    endloop
  endfacet
  facet normal 0 0 1
    outer loop
      vertex 35.8932 36.6051 1.995
      vertex 36.2156 36.3026 1.995
      vertex 36.2247 36.3144 1.995
    endloop
  endfacet
  facet normal 0 0 1
    outer loop
      vertex 35.8812 36.5958 1.995
      vertex 35.8932 36.6051 1.995
      vertex 35.8918 36.6064 1.995
    endloop
  endfacet
  facet normal 0 0 1
    outer loop
      vertex 35.8932 36.6051 1.995
      vertex 35.8812 36.5958 1.995
      vertex 36.2156 36.3026 1.995
    endloop
  endfacet
  facet normal 0 0 1
    outer loop
      vertex 35.8905 36.6078 1.995
      vertex 35.8812 36.5958 1.995
      vertex 35.8918 36.6064 1.995
    endloop
  endfacet
  facet normal -0 0 1
    outer loop
      vertex 35.588 36.9302 1.995
      vertex 35.8905 36.6078 1.995
      vertex 35.5998 36.9393 1.995
    endloop
  endfacet
  facet normal 0 0 1
    outer loop
      vertex 35.8905 36.6078 1.995
      vertex 35.588 36.9302 1.995
      vertex 35.8812 36.5958 1.995
    endloop
  endfacet
  facet normal 0 0 1
    outer loop
      vertex 35.3549 37.3058 1.995
      vertex 35.588 36.9302 1.995
      vertex 35.5998 36.9393 1.995
    endloop
  endfacet
  facet normal 0 0 1
    outer loop
      vertex 35.3409 37.3 1.995
      vertex 35.3549 37.3058 1.995
      vertex 35.3538 37.3075 1.995
    endloop
  endfacet
  facet normal 0 0 1
    outer loop
      vertex 35.3549 37.3058 1.995
      vertex 35.3409 37.3 1.995
      vertex 35.588 36.9302 1.995
    endloop
  endfacet
  facet normal 0 0 1
    outer loop
      vertex 35.3529 37.3092 1.995
      vertex 35.3409 37.3 1.995
      vertex 35.3538 37.3075 1.995
    endloop
  endfacet
  facet normal -0 0 1
    outer loop
      vertex 35.1442 37.6989 1.995
      vertex 35.3529 37.3092 1.995
      vertex 35.158 37.7046 1.995
    endloop
  endfacet
  facet normal 0 0 1
    outer loop
      vertex 35.3529 37.3092 1.995
      vertex 35.1442 37.6989 1.995
      vertex 35.3409 37.3 1.995
    endloop
  endfacet
  facet normal 0 0 1
    outer loop
      vertex 35.1573 37.7064 1.995
      vertex 35.1442 37.6989 1.995
      vertex 35.158 37.7046 1.995
    endloop
  endfacet
  facet normal -0 0 1
    outer loop
      vertex 35.0012 38.12 1.995
      vertex 35.1573 37.7064 1.995
      vertex 35.0156 38.1239 1.995
    endloop
  endfacet
  facet normal 0 0 1
    outer loop
      vertex 35.1573 37.7064 1.995
      vertex 35.0012 38.12 1.995
      vertex 35.1442 37.6989 1.995
    endloop
  endfacet
  facet normal 0 0 1
    outer loop
      vertex 34.9296 38.5562 1.995
      vertex 35.0012 38.12 1.995
      vertex 35.0156 38.1239 1.995
    endloop
  endfacet
  facet normal 0 0 1
    outer loop
      vertex 34.9145 38.5562 1.995
      vertex 34.9296 38.5562 1.995
      vertex 34.9292 38.5582 1.995
    endloop
  endfacet
  facet normal 0 0 1
    outer loop
      vertex 34.9296 38.5562 1.995
      vertex 34.9145 38.5562 1.995
      vertex 35.0012 38.12 1.995
    endloop
  endfacet
  facet normal 0 0 1
    outer loop
      vertex 34.9291 38.5601 1.995
      vertex 34.9145 38.5562 1.995
      vertex 34.9292 38.5582 1.995
    endloop
  endfacet
  facet normal -0 0 1
    outer loop
      vertex 34.8854 39 1.995
      vertex 34.9291 38.5601 1.995
      vertex 34.9003 39 1.995
    endloop
  endfacet
  facet normal 0 0 1
    outer loop
      vertex 34.9291 38.5601 1.995
      vertex 34.8854 39 1.995
      vertex 34.9145 38.5562 1.995
    endloop
  endfacet
  facet normal 0.555582 0.831462 -0
    outer loop
      vertex 36.5854 36.0555 1.995
      vertex 36.2156 36.3026 2
      vertex 36.5854 36.0555 2
    endloop
  endfacet
  facet normal 0.555582 0.831462 0
    outer loop
      vertex 36.2156 36.3026 2
      vertex 36.5854 36.0555 1.995
      vertex 36.2156 36.3026 1.995
    endloop
  endfacet
  facet normal -0.98077 -0.195165 0
    outer loop
      vertex 39.9708 68.2219 0
      vertex 39.9274 68.44 0.3
      vertex 39.9274 68.44 0
    endloop
  endfacet
  facet normal -0.98077 -0.195165 0
    outer loop
      vertex 39.9274 68.44 0.3
      vertex 39.9708 68.2219 0
      vertex 39.9708 68.2219 0.3
    endloop
  endfacet
  facet normal -0.997842 -0.0656534 0
    outer loop
      vertex 39.9854 68 0
      vertex 39.9708 68.2219 0.3
      vertex 39.9708 68.2219 0
    endloop
  endfacet
  facet normal -0.997842 -0.0656534 0
    outer loop
      vertex 39.9708 68.2219 0.3
      vertex 39.9854 68 0
      vertex 39.9854 68 0.3
    endloop
  endfacet
  facet normal -0.0652057 0.997872 0
    outer loop
      vertex 38.5073 66.3145 0
      vertex 38.2854 66.3 0.3
      vertex 38.5073 66.3145 0.3
    endloop
  endfacet
  facet normal -0.0652057 0.997872 0
    outer loop
      vertex 38.2854 66.3 0.3
      vertex 38.5073 66.3145 0
      vertex 38.2854 66.3 0
    endloop
  endfacet
  facet normal 0.659268 -0.751908 0
    outer loop
      vertex 37.0833 69.2021 0
      vertex 37.2505 69.3487 0.3
      vertex 37.0833 69.2021 0.3
    endloop
  endfacet
  facet normal 0.659268 -0.751908 0
    outer loop
      vertex 37.2505 69.3487 0.3
      vertex 37.0833 69.2021 0
      vertex 37.2505 69.3487 0
    endloop
  endfacet
  facet normal 0.831358 0.555737 0
    outer loop
      vertex 36.9367 66.9651 0.3
      vertex 36.8131 67.15 0
      vertex 36.8131 67.15 0.3
    endloop
  endfacet
  facet normal 0.831358 0.555737 0
    outer loop
      vertex 36.8131 67.15 0
      vertex 36.9367 66.9651 0.3
      vertex 36.9367 66.9651 0
    endloop
  endfacet
  facet normal 0.195165 0.98077 -0
    outer loop
      vertex 38.0635 66.3145 0
      vertex 37.8454 66.3579 0.3
      vertex 38.0635 66.3145 0.3
    endloop
  endfacet
  facet normal 0.195165 0.98077 0
    outer loop
      vertex 37.8454 66.3579 0.3
      vertex 38.0635 66.3145 0
      vertex 37.8454 66.3579 0
    endloop
  endfacet
  facet normal -0.659268 -0.751908 0
    outer loop
      vertex 39.3203 69.3487 0
      vertex 39.4875 69.2021 0.3
      vertex 39.3203 69.3487 0.3
    endloop
  endfacet
  facet normal -0.659268 -0.751908 -0
    outer loop
      vertex 39.4875 69.2021 0.3
      vertex 39.3203 69.3487 0
      vertex 39.4875 69.2021 0
    endloop
  endfacet
  facet normal -0.947052 0.32108 0
    outer loop
      vertex 39.856 67.3494 0
      vertex 39.9274 67.56 0.3
      vertex 39.9274 67.56 0
    endloop
  endfacet
  facet normal -0.947052 0.32108 0
    outer loop
      vertex 39.9274 67.56 0.3
      vertex 39.856 67.3494 0
      vertex 39.856 67.3494 0.3
    endloop
  endfacet
  facet normal -0.751908 0.659268 0
    outer loop
      vertex 39.4875 66.7979 0
      vertex 39.6341 66.9651 0.3
      vertex 39.6341 66.9651 0
    endloop
  endfacet
  facet normal -0.751908 0.659268 0
    outer loop
      vertex 39.6341 66.9651 0.3
      vertex 39.4875 66.7979 0
      vertex 39.4875 66.7979 0.3
    endloop
  endfacet
  facet normal -0.751908 -0.659268 0
    outer loop
      vertex 39.6341 69.0349 0
      vertex 39.4875 69.2021 0.3
      vertex 39.4875 69.2021 0
    endloop
  endfacet
  facet normal -0.751908 -0.659268 0
    outer loop
      vertex 39.4875 69.2021 0.3
      vertex 39.6341 69.0349 0
      vertex 39.6341 69.0349 0.3
    endloop
  endfacet
  facet normal 0.946915 0.321484 0
    outer loop
      vertex 36.7148 67.3494 0.3
      vertex 36.6433 67.56 0
      vertex 36.6433 67.56 0.3
    endloop
  endfacet
  facet normal 0.946915 0.321484 0
    outer loop
      vertex 36.6433 67.56 0
      vertex 36.7148 67.3494 0.3
      vertex 36.7148 67.3494 0
    endloop
  endfacet
  facet normal -0.32162 0.946869 0
    outer loop
      vertex 38.9359 66.4294 0
      vertex 38.7254 66.3579 0.3
      vertex 38.9359 66.4294 0.3
    endloop
  endfacet
  facet normal -0.32162 0.946869 0
    outer loop
      vertex 38.7254 66.3579 0.3
      vertex 38.9359 66.4294 0
      vertex 38.7254 66.3579 0
    endloop
  endfacet
  facet normal 0.0652057 0.997872 -0
    outer loop
      vertex 38.2854 66.3 0
      vertex 38.0635 66.3145 0.3
      vertex 38.2854 66.3 0.3
    endloop
  endfacet
  facet normal 0.0652057 0.997872 0
    outer loop
      vertex 38.0635 66.3145 0.3
      vertex 38.2854 66.3 0
      vertex 38.0635 66.3145 0
    endloop
  endfacet
  facet normal 0.321484 -0.946915 0
    outer loop
      vertex 37.6348 69.5706 0
      vertex 37.8454 69.6421 0.3
      vertex 37.6348 69.5706 0.3
    endloop
  endfacet
  facet normal 0.321484 -0.946915 0
    outer loop
      vertex 37.8454 69.6421 0.3
      vertex 37.6348 69.5706 0
      vertex 37.8454 69.6421 0
    endloop
  endfacet
  facet normal 0.751908 -0.659268 0
    outer loop
      vertex 36.9367 69.0349 0.3
      vertex 37.0833 69.2021 0
      vertex 37.0833 69.2021 0.3
    endloop
  endfacet
  facet normal 0.751908 -0.659268 0
    outer loop
      vertex 37.0833 69.2021 0
      vertex 36.9367 69.0349 0.3
      vertex 36.9367 69.0349 0
    endloop
  endfacet
  facet normal 0.44253 0.896754 -0
    outer loop
      vertex 37.6348 66.4294 0
      vertex 37.4354 66.5278 0.3
      vertex 37.6348 66.4294 0.3
    endloop
  endfacet
  facet normal 0.44253 0.896754 0
    outer loop
      vertex 37.4354 66.5278 0.3
      vertex 37.6348 66.4294 0
      vertex 37.4354 66.5278 0
    endloop
  endfacet
  facet normal 0.0652057 -0.997872 0
    outer loop
      vertex 38.0635 69.6855 0
      vertex 38.2854 69.7 0.3
      vertex 38.0635 69.6855 0.3
    endloop
  endfacet
  facet normal 0.0652057 -0.997872 0
    outer loop
      vertex 38.2854 69.7 0.3
      vertex 38.0635 69.6855 0
      vertex 38.2854 69.7 0
    endloop
  endfacet
  facet normal -0.896754 0.44253 0
    outer loop
      vertex 39.7576 67.15 0
      vertex 39.856 67.3494 0.3
      vertex 39.856 67.3494 0
    endloop
  endfacet
  facet normal -0.896754 0.44253 0
    outer loop
      vertex 39.856 67.3494 0.3
      vertex 39.7576 67.15 0
      vertex 39.7576 67.15 0.3
    endloop
  endfacet
  facet normal -0.555426 0.831566 0
    outer loop
      vertex 39.3203 66.6513 0
      vertex 39.1354 66.5278 0.3
      vertex 39.3203 66.6513 0.3
    endloop
  endfacet
  facet normal -0.555426 0.831566 0
    outer loop
      vertex 39.1354 66.5278 0.3
      vertex 39.3203 66.6513 0
      vertex 39.1354 66.5278 0
    endloop
  endfacet
  facet normal 0.98077 0.195165 0
    outer loop
      vertex 36.6433 67.56 0.3
      vertex 36.5999 67.7781 0
      vertex 36.5999 67.7781 0.3
    endloop
  endfacet
  facet normal 0.98077 0.195165 0
    outer loop
      vertex 36.5999 67.7781 0
      vertex 36.6433 67.56 0.3
      vertex 36.6433 67.56 0
    endloop
  endfacet
  facet normal -0.195165 -0.98077 0
    outer loop
      vertex 38.5073 69.6855 0
      vertex 38.7254 69.6421 0.3
      vertex 38.5073 69.6855 0.3
    endloop
  endfacet
  facet normal -0.195165 -0.98077 -0
    outer loop
      vertex 38.7254 69.6421 0.3
      vertex 38.5073 69.6855 0
      vertex 38.7254 69.6421 0
    endloop
  endfacet
  facet normal -0.831566 -0.555426 0
    outer loop
      vertex 39.7576 68.85 0
      vertex 39.6341 69.0349 0.3
      vertex 39.6341 69.0349 0
    endloop
  endfacet
  facet normal -0.831566 -0.555426 0
    outer loop
      vertex 39.6341 69.0349 0.3
      vertex 39.7576 68.85 0
      vertex 39.7576 68.85 0.3
    endloop
  endfacet
  facet normal -0.997842 0.0656534 0
    outer loop
      vertex 39.9708 67.7781 0
      vertex 39.9854 68 0.3
      vertex 39.9854 68 0
    endloop
  endfacet
  facet normal -0.997842 0.0656534 0
    outer loop
      vertex 39.9854 68 0.3
      vertex 39.9708 67.7781 0
      vertex 39.9708 67.7781 0.3
    endloop
  endfacet
  facet normal -0.32162 -0.946869 0
    outer loop
      vertex 38.7254 69.6421 0
      vertex 38.9359 69.5706 0.3
      vertex 38.7254 69.6421 0.3
    endloop
  endfacet
  facet normal -0.32162 -0.946869 -0
    outer loop
      vertex 38.9359 69.5706 0.3
      vertex 38.7254 69.6421 0
      vertex 38.9359 69.5706 0
    endloop
  endfacet
  facet normal -0.555426 -0.831566 0
    outer loop
      vertex 39.1354 69.4722 0
      vertex 39.3203 69.3487 0.3
      vertex 39.1354 69.4722 0.3
    endloop
  endfacet
  facet normal -0.555426 -0.831566 -0
    outer loop
      vertex 39.3203 69.3487 0.3
      vertex 39.1354 69.4722 0
      vertex 39.3203 69.3487 0
    endloop
  endfacet
  facet normal 0.195165 -0.98077 0
    outer loop
      vertex 37.8454 69.6421 0
      vertex 38.0635 69.6855 0.3
      vertex 37.8454 69.6421 0.3
    endloop
  endfacet
  facet normal 0.195165 -0.98077 0
    outer loop
      vertex 38.0635 69.6855 0.3
      vertex 37.8454 69.6421 0
      vertex 38.0635 69.6855 0
    endloop
  endfacet
  facet normal -0.659268 0.751908 0
    outer loop
      vertex 39.4875 66.7979 0
      vertex 39.3203 66.6513 0.3
      vertex 39.4875 66.7979 0.3
    endloop
  endfacet
  facet normal -0.659268 0.751908 0
    outer loop
      vertex 39.3203 66.6513 0.3
      vertex 39.4875 66.7979 0
      vertex 39.3203 66.6513 0
    endloop
  endfacet
  facet normal 0.896932 -0.442169 0
    outer loop
      vertex 36.7148 68.6506 0.3
      vertex 36.8131 68.85 0
      vertex 36.8131 68.85 0.3
    endloop
  endfacet
  facet normal 0.896932 -0.442169 0
    outer loop
      vertex 36.8131 68.85 0
      vertex 36.7148 68.6506 0.3
      vertex 36.7148 68.6506 0
    endloop
  endfacet
  facet normal -0.98077 0.195165 0
    outer loop
      vertex 39.9274 67.56 0
      vertex 39.9708 67.7781 0.3
      vertex 39.9708 67.7781 0
    endloop
  endfacet
  facet normal -0.98077 0.195165 0
    outer loop
      vertex 39.9708 67.7781 0.3
      vertex 39.9274 67.56 0
      vertex 39.9274 67.56 0.3
    endloop
  endfacet
  facet normal -0.195165 0.98077 0
    outer loop
      vertex 38.7254 66.3579 0
      vertex 38.5073 66.3145 0.3
      vertex 38.7254 66.3579 0.3
    endloop
  endfacet
  facet normal -0.195165 0.98077 0
    outer loop
      vertex 38.5073 66.3145 0.3
      vertex 38.7254 66.3579 0
      vertex 38.5073 66.3145 0
    endloop
  endfacet
  facet normal 0.659268 0.751908 -0
    outer loop
      vertex 37.2505 66.6513 0
      vertex 37.0833 66.7979 0.3
      vertex 37.2505 66.6513 0.3
    endloop
  endfacet
  facet normal 0.659268 0.751908 0
    outer loop
      vertex 37.0833 66.7979 0.3
      vertex 37.2505 66.6513 0
      vertex 37.0833 66.7979 0
    endloop
  endfacet
  facet normal 0.751908 0.659268 0
    outer loop
      vertex 37.0833 66.7979 0.3
      vertex 36.9367 66.9651 0
      vertex 36.9367 66.9651 0.3
    endloop
  endfacet
  facet normal 0.751908 0.659268 0
    outer loop
      vertex 36.9367 66.9651 0
      vertex 37.0833 66.7979 0.3
      vertex 37.0833 66.7979 0
    endloop
  endfacet
  facet normal -0.0652057 -0.997872 0
    outer loop
      vertex 38.2854 69.7 0
      vertex 38.5073 69.6855 0.3
      vertex 38.2854 69.7 0.3
    endloop
  endfacet
  facet normal -0.0652057 -0.997872 -0
    outer loop
      vertex 38.5073 69.6855 0.3
      vertex 38.2854 69.7 0
      vertex 38.5073 69.6855 0
    endloop
  endfacet
  facet normal -0.442352 -0.896842 0
    outer loop
      vertex 38.9359 69.5706 0
      vertex 39.1354 69.4722 0.3
      vertex 38.9359 69.5706 0.3
    endloop
  endfacet
  facet normal -0.442352 -0.896842 -0
    outer loop
      vertex 39.1354 69.4722 0.3
      vertex 38.9359 69.5706 0
      vertex 39.1354 69.4722 0
    endloop
  endfacet
  facet normal -0.831566 0.555426 0
    outer loop
      vertex 39.6341 66.9651 0
      vertex 39.7576 67.15 0.3
      vertex 39.7576 67.15 0
    endloop
  endfacet
  facet normal -0.831566 0.555426 0
    outer loop
      vertex 39.7576 67.15 0.3
      vertex 39.6341 66.9651 0
      vertex 39.6341 66.9651 0.3
    endloop
  endfacet
  facet normal 0.997872 0.0652057 0
    outer loop
      vertex 36.5999 67.7781 0.3
      vertex 36.5854 68 0
      vertex 36.5854 68 0.3
    endloop
  endfacet
  facet normal 0.997872 0.0652057 0
    outer loop
      vertex 36.5854 68 0
      vertex 36.5999 67.7781 0.3
      vertex 36.5999 67.7781 0
    endloop
  endfacet
  facet normal -0.442352 0.896842 0
    outer loop
      vertex 39.1354 66.5278 0
      vertex 38.9359 66.4294 0.3
      vertex 39.1354 66.5278 0.3
    endloop
  endfacet
  facet normal -0.442352 0.896842 0
    outer loop
      vertex 38.9359 66.4294 0.3
      vertex 39.1354 66.5278 0
      vertex 38.9359 66.4294 0
    endloop
  endfacet
  facet normal 0.98077 -0.195165 0
    outer loop
      vertex 36.5999 68.2219 0.3
      vertex 36.6433 68.44 0
      vertex 36.6433 68.44 0.3
    endloop
  endfacet
  facet normal 0.98077 -0.195165 0
    outer loop
      vertex 36.6433 68.44 0
      vertex 36.5999 68.2219 0.3
      vertex 36.5999 68.2219 0
    endloop
  endfacet
  facet normal 0.896932 0.442169 0
    outer loop
      vertex 36.8131 67.15 0.3
      vertex 36.7148 67.3494 0
      vertex 36.7148 67.3494 0.3
    endloop
  endfacet
  facet normal 0.896932 0.442169 0
    outer loop
      vertex 36.7148 67.3494 0
      vertex 36.8131 67.15 0.3
      vertex 36.8131 67.15 0
    endloop
  endfacet
  facet normal 0.946915 -0.321484 0
    outer loop
      vertex 36.6433 68.44 0.3
      vertex 36.7148 68.6506 0
      vertex 36.7148 68.6506 0.3
    endloop
  endfacet
  facet normal 0.946915 -0.321484 0
    outer loop
      vertex 36.7148 68.6506 0
      vertex 36.6433 68.44 0.3
      vertex 36.6433 68.44 0
    endloop
  endfacet
  facet normal 0.555426 -0.831566 0
    outer loop
      vertex 37.2505 69.3487 0
      vertex 37.4354 69.4722 0.3
      vertex 37.2505 69.3487 0.3
    endloop
  endfacet
  facet normal 0.555426 -0.831566 0
    outer loop
      vertex 37.4354 69.4722 0.3
      vertex 37.2505 69.3487 0
      vertex 37.4354 69.4722 0
    endloop
  endfacet
  facet normal -0.896754 -0.44253 0
    outer loop
      vertex 39.856 68.6506 0
      vertex 39.7576 68.85 0.3
      vertex 39.7576 68.85 0
    endloop
  endfacet
  facet normal -0.896754 -0.44253 0
    outer loop
      vertex 39.7576 68.85 0.3
      vertex 39.856 68.6506 0
      vertex 39.856 68.6506 0.3
    endloop
  endfacet
  facet normal -0.947052 -0.32108 0
    outer loop
      vertex 39.9274 68.44 0
      vertex 39.856 68.6506 0.3
      vertex 39.856 68.6506 0
    endloop
  endfacet
  facet normal -0.947052 -0.32108 0
    outer loop
      vertex 39.856 68.6506 0.3
      vertex 39.9274 68.44 0
      vertex 39.9274 68.44 0.3
    endloop
  endfacet
  facet normal 0.997872 -0.0652057 0
    outer loop
      vertex 36.5854 68 0.3
      vertex 36.5999 68.2219 0
      vertex 36.5999 68.2219 0.3
    endloop
  endfacet
  facet normal 0.997872 -0.0652057 0
    outer loop
      vertex 36.5999 68.2219 0
      vertex 36.5854 68 0.3
      vertex 36.5854 68 0
    endloop
  endfacet
  facet normal 0.321484 0.946915 -0
    outer loop
      vertex 37.8454 66.3579 0
      vertex 37.6348 66.4294 0.3
      vertex 37.8454 66.3579 0.3
    endloop
  endfacet
  facet normal 0.321484 0.946915 0
    outer loop
      vertex 37.6348 66.4294 0.3
      vertex 37.8454 66.3579 0
      vertex 37.6348 66.4294 0
    endloop
  endfacet
  facet normal 0.44253 -0.896754 0
    outer loop
      vertex 37.4354 69.4722 0
      vertex 37.6348 69.5706 0.3
      vertex 37.4354 69.4722 0.3
    endloop
  endfacet
  facet normal 0.44253 -0.896754 0
    outer loop
      vertex 37.6348 69.5706 0.3
      vertex 37.4354 69.4722 0
      vertex 37.6348 69.5706 0
    endloop
  endfacet
  facet normal 0.831358 -0.555737 0
    outer loop
      vertex 36.8131 68.85 0.3
      vertex 36.9367 69.0349 0
      vertex 36.9367 69.0349 0.3
    endloop
  endfacet
  facet normal 0.831358 -0.555737 0
    outer loop
      vertex 36.9367 69.0349 0
      vertex 36.8131 68.85 0.3
      vertex 36.8131 68.85 0
    endloop
  endfacet
  facet normal 0.555426 0.831566 -0
    outer loop
      vertex 37.4354 66.5278 0
      vertex 37.2505 66.6513 0.3
      vertex 37.4354 66.5278 0.3
    endloop
  endfacet
  facet normal 0.555426 0.831566 0
    outer loop
      vertex 37.2505 66.6513 0.3
      vertex 37.4354 66.5278 0
      vertex 37.2505 66.6513 0
    endloop
  endfacet
  facet normal 0.394429 0.590275 0.704274
    outer loop
      vertex 36.5912 65.0695 1.995
      vertex 37.2505 66.6513 0.3
      vertex 36.2247 65.3144 1.995
    endloop
  endfacet
  facet normal -0.519866 -0.482732 0.704776
    outer loop
      vertex 39.4875 69.2021 0.3
      vertex 40.6803 70.3922 1.995
      vertex 40.679 70.3936 1.995
    endloop
  endfacet
  facet normal -0.533805 -0.468037 0.704268
    outer loop
      vertex 40.6803 70.3922 1.995
      vertex 39.4875 69.2021 0.3
      vertex 39.6341 69.0349 0.3
    endloop
  endfacet
  facet normal -0.636721 0.314012 0.704261
    outer loop
      vertex 41.2178 66.3092 1.995
      vertex 41.4128 66.7046 1.995
      vertex 39.856 67.3494 0.3
    endloop
  endfacet
  facet normal -0.228223 0.672266 0.704253
    outer loop
      vertex 39.1615 64.7303 1.995
      vertex 39.5789 64.872 1.995
      vertex 38.7254 66.3579 0.3
    endloop
  endfacet
  facet normal -0.708406 -0.04654 0.704269
    outer loop
      vertex 41.6705 68 1.995
      vertex 41.6416 68.4399 1.995
      vertex 39.9854 68 0.3
    endloop
  endfacet
  facet normal -0.709272 -0.0373301 0.703946
    outer loop
      vertex 39.9708 68.2219 0.3
      vertex 41.6416 68.4399 1.995
      vertex 41.6415 68.4418 1.995
    endloop
  endfacet
  facet normal -0.708395 -0.0466091 0.704276
    outer loop
      vertex 41.6416 68.4399 1.995
      vertex 39.9708 68.2219 0.3
      vertex 39.9854 68 0.3
    endloop
  endfacet
  facet normal 0.519866 -0.482732 0.704776
    outer loop
      vertex 35.8905 70.3922 1.995
      vertex 37.0833 69.2021 0.3
      vertex 35.8918 70.3936 1.995
    endloop
  endfacet
  facet normal 0.533805 -0.468037 0.704268
    outer loop
      vertex 37.0833 69.2021 0.3
      vertex 35.8905 70.3922 1.995
      vertex 36.9367 69.0349 0.3
    endloop
  endfacet
  facet normal 0.110625 -0.700627 0.7049
    outer loop
      vertex 37.8416 71.3558 1.995
      vertex 38.0635 69.6855 0.3
      vertex 37.8435 71.3561 1.995
    endloop
  endfacet
  facet normal 0.138553 -0.696279 0.704271
    outer loop
      vertex 38.0635 69.6855 0.3
      vertex 37.8416 71.3558 1.995
      vertex 37.8454 69.6421 0.3
    endloop
  endfacet
  facet normal -0.314008 0.636712 0.70427
    outer loop
      vertex 39.5808 64.8726 1.995
      vertex 39.9762 65.0676 1.995
      vertex 38.9359 66.4294 0.3
    endloop
  endfacet
  facet normal -0.138643 0.696274 0.704259
    outer loop
      vertex 38.7291 64.6442 1.995
      vertex 39.1615 64.7303 1.995
      vertex 38.7254 66.3579 0.3
    endloop
  endfacet
  facet normal 0.402377 -0.585276 0.70395
    outer loop
      vertex 36.5912 70.9305 1.995
      vertex 37.4354 69.4722 0.3
      vertex 36.5928 70.9316 1.995
    endloop
  endfacet
  facet normal 0.394306 -0.590341 0.704287
    outer loop
      vertex 37.4354 69.4722 0.3
      vertex 36.5912 70.9305 1.995
      vertex 37.2505 69.3487 0.3
    endloop
  endfacet
  facet normal -0.0463793 0.708412 0.704274
    outer loop
      vertex 38.7253 64.6437 1.995
      vertex 38.2854 66.3 0.3
      vertex 38.2854 64.6149 1.995
    endloop
  endfacet
  facet normal 0.228221 0.67226 0.70426
    outer loop
      vertex 37.4092 64.7303 1.995
      vertex 37.8454 66.3579 0.3
      vertex 36.9918 64.872 1.995
    endloop
  endfacet
  facet normal -0.696166 0.139233 0.704249
    outer loop
      vertex 39.9708 67.7781 0.3
      vertex 41.6411 67.5562 1.995
      vertex 41.6415 67.5582 1.995
    endloop
  endfacet
  facet normal -0.696279 0.138553 0.704271
    outer loop
      vertex 41.6411 67.5562 1.995
      vertex 39.9708 67.7781 0.3
      vertex 39.9274 67.56 0.3
    endloop
  endfacet
  facet normal 0.590275 0.394429 0.704274
    outer loop
      vertex 35.5998 65.9393 1.995
      vertex 36.9367 66.9651 0.3
      vertex 35.3549 66.3058 1.995
    endloop
  endfacet
  facet normal -0.302488 -0.642787 0.703794
    outer loop
      vertex 39.9762 70.9324 1.995
      vertex 39.1354 69.4722 0.3
      vertex 39.9779 70.9316 1.995
    endloop
  endfacet
  facet normal -0.314038 -0.636694 0.704273
    outer loop
      vertex 39.1354 69.4722 0.3
      vertex 39.9762 70.9324 1.995
      vertex 38.9359 69.5706 0.3
    endloop
  endfacet
  facet normal -0.696283 0.138516 0.704275
    outer loop
      vertex 41.5551 67.1239 1.995
      vertex 41.6411 67.5562 1.995
      vertex 39.9274 67.56 0.3
    endloop
  endfacet
  facet normal -0.314008 -0.636712 0.70427
    outer loop
      vertex 39.9762 70.9324 1.995
      vertex 39.5808 71.1274 1.995
      vertex 38.9359 69.5706 0.3
    endloop
  endfacet
  facet normal -0.708395 0.0466091 0.704276
    outer loop
      vertex 39.9708 67.7781 0.3
      vertex 41.6416 67.5601 1.995
      vertex 39.9854 68 0.3
    endloop
  endfacet
  facet normal -0.709272 0.0373301 0.703946
    outer loop
      vertex 41.6416 67.5601 1.995
      vertex 39.9708 67.7781 0.3
      vertex 41.6415 67.5582 1.995
    endloop
  endfacet
  facet normal -0.0462919 -0.708426 0.704265
    outer loop
      vertex 38.5073 69.6855 0.3
      vertex 38.7253 71.3563 1.995
      vertex 38.2854 69.7 0.3
    endloop
  endfacet
  facet normal -0.0742542 -0.705415 0.704894
    outer loop
      vertex 38.7253 71.3563 1.995
      vertex 38.5073 69.6855 0.3
      vertex 38.7272 71.3561 1.995
    endloop
  endfacet
  facet normal -0.590211 -0.394548 0.70426
    outer loop
      vertex 41.2159 69.6942 1.995
      vertex 40.9709 70.0607 1.995
      vertex 39.6341 69.0349 0.3
    endloop
  endfacet
  facet normal 0.708412 0.0463793 0.704274
    outer loop
      vertex 34.9291 67.5601 1.995
      vertex 36.5854 68 0.3
      vertex 34.9003 68 1.995
    endloop
  endfacet
  facet normal -0.138554 0.696283 0.704267
    outer loop
      vertex 38.5073 66.3145 0.3
      vertex 38.7291 64.6442 1.995
      vertex 38.7254 66.3579 0.3
    endloop
  endfacet
  facet normal -0.110626 0.70063 0.704897
    outer loop
      vertex 38.7291 64.6442 1.995
      vertex 38.5073 66.3145 0.3
      vertex 38.7272 64.6439 1.995
    endloop
  endfacet
  facet normal 0.533767 -0.468073 0.704273
    outer loop
      vertex 36.9367 69.0349 0.3
      vertex 35.8905 70.3922 1.995
      vertex 35.5998 70.0607 1.995
    endloop
  endfacet
  facet normal 0.468037 0.533805 0.704268
    outer loop
      vertex 37.0833 66.7979 0.3
      vertex 35.8932 65.6051 1.995
      vertex 37.2505 66.6513 0.3
    endloop
  endfacet
  facet normal 0.482732 0.519866 0.704776
    outer loop
      vertex 35.8932 65.6051 1.995
      vertex 37.0833 66.7979 0.3
      vertex 35.8918 65.6064 1.995
    endloop
  endfacet
  facet normal 0.672263 0.228167 0.704275
    outer loop
      vertex 35.1573 66.7064 1.995
      vertex 36.6433 67.56 0.3
      vertex 35.0156 67.1239 1.995
    endloop
  endfacet
  facet normal -0.67236 0.227951 0.704251
    outer loop
      vertex 39.856 67.3494 0.3
      vertex 41.4134 66.7064 1.995
      vertex 39.9274 67.56 0.3
    endloop
  endfacet
  facet normal -0.673633 0.224544 0.704129
    outer loop
      vertex 41.4134 66.7064 1.995
      vertex 39.856 67.3494 0.3
      vertex 41.4128 66.7046 1.995
    endloop
  endfacet
  facet normal -0.213956 0.677527 0.70369
    outer loop
      vertex 38.9359 66.4294 0.3
      vertex 39.5789 64.872 1.995
      vertex 39.5808 64.8726 1.995
    endloop
  endfacet
  facet normal -0.22833 0.672218 0.704265
    outer loop
      vertex 39.5789 64.872 1.995
      vertex 38.9359 66.4294 0.3
      vertex 38.7254 66.3579 0.3
    endloop
  endfacet
  facet normal -0.673633 -0.224544 0.704129
    outer loop
      vertex 39.856 68.6506 0.3
      vertex 41.4134 69.2936 1.995
      vertex 41.4128 69.2954 1.995
    endloop
  endfacet
  facet normal -0.67236 -0.227951 0.704251
    outer loop
      vertex 41.4134 69.2936 1.995
      vertex 39.856 68.6506 0.3
      vertex 39.9274 68.44 0.3
    endloop
  endfacet
  facet normal -0.0463793 -0.708412 0.704274
    outer loop
      vertex 38.7253 71.3563 1.995
      vertex 38.2854 71.3851 1.995
      vertex 38.2854 69.7 0.3
    endloop
  endfacet
  facet normal 0.314163 0.636627 0.704278
    outer loop
      vertex 37.4354 66.5278 0.3
      vertex 36.5946 65.0676 1.995
      vertex 37.6348 66.4294 0.3
    endloop
  endfacet
  facet normal 0.288812 0.649827 0.703074
    outer loop
      vertex 36.5946 65.0676 1.995
      vertex 37.4354 66.5278 0.3
      vertex 36.5928 65.0684 1.995
    endloop
  endfacet
  facet normal 0.314163 -0.636627 0.704278
    outer loop
      vertex 36.5946 70.9324 1.995
      vertex 37.4354 69.4722 0.3
      vertex 37.6348 69.5706 0.3
    endloop
  endfacet
  facet normal 0.288812 -0.649827 0.703074
    outer loop
      vertex 37.4354 69.4722 0.3
      vertex 36.5946 70.9324 1.995
      vertex 36.5928 70.9316 1.995
    endloop
  endfacet
  facet normal -0.672263 0.228167 0.704275
    outer loop
      vertex 41.4134 66.7064 1.995
      vertex 41.5551 67.1239 1.995
      vertex 39.9274 67.56 0.3
    endloop
  endfacet
  facet normal -0.708406 0.04654 0.704269
    outer loop
      vertex 41.6416 67.5601 1.995
      vertex 41.6705 68 1.995
      vertex 39.9854 68 0.3
    endloop
  endfacet
  facet normal -0.394356 0.590327 0.704271
    outer loop
      vertex 39.9795 65.0695 1.995
      vertex 40.3461 65.3144 1.995
      vertex 39.3203 66.6513 0.3
    endloop
  endfacet
  facet normal 0.228221 -0.67226 0.70426
    outer loop
      vertex 37.8454 69.6421 0.3
      vertex 37.4092 71.2697 1.995
      vertex 36.9918 71.128 1.995
    endloop
  endfacet
  facet normal 0.63678 0.313881 0.704265
    outer loop
      vertex 35.3529 66.3092 1.995
      vertex 36.7148 67.3494 0.3
      vertex 35.158 66.7046 1.995
    endloop
  endfacet
  facet normal 0.394306 0.590341 0.704287
    outer loop
      vertex 36.5912 65.0695 1.995
      vertex 37.4354 66.5278 0.3
      vertex 37.2505 66.6513 0.3
    endloop
  endfacet
  facet normal 0.402377 0.585276 0.70395
    outer loop
      vertex 37.4354 66.5278 0.3
      vertex 36.5912 65.0695 1.995
      vertex 36.5928 65.0684 1.995
    endloop
  endfacet
  facet normal 0.696283 -0.138516 0.704275
    outer loop
      vertex 36.6433 68.44 0.3
      vertex 35.0156 68.8761 1.995
      vertex 34.9296 68.4438 1.995
    endloop
  endfacet
  facet normal -0.394356 -0.590327 0.704271
    outer loop
      vertex 40.3461 70.6856 1.995
      vertex 39.9795 70.9305 1.995
      vertex 39.3203 69.3487 0.3
    endloop
  endfacet
  facet normal 0.590215 -0.394541 0.704261
    outer loop
      vertex 35.3549 69.6942 1.995
      vertex 36.8131 68.85 0.3
      vertex 36.9367 69.0349 0.3
    endloop
  endfacet
  facet normal 0.595793 -0.385513 0.704564
    outer loop
      vertex 36.8131 68.85 0.3
      vertex 35.3549 69.6942 1.995
      vertex 35.3538 69.6925 1.995
    endloop
  endfacet
  facet normal -0.533856 0.46799 0.704261
    outer loop
      vertex 40.6803 65.6078 1.995
      vertex 40.9709 65.9393 1.995
      vertex 39.6341 66.9651 0.3
    endloop
  endfacet
  facet normal 0.696279 0.138553 0.704271
    outer loop
      vertex 36.5999 67.7781 0.3
      vertex 34.9296 67.5562 1.995
      vertex 36.6433 67.56 0.3
    endloop
  endfacet
  facet normal 0.696166 0.139233 0.704249
    outer loop
      vertex 34.9296 67.5562 1.995
      vertex 36.5999 67.7781 0.3
      vertex 34.9292 67.5582 1.995
    endloop
  endfacet
  facet normal 0.672235 0.228228 0.704281
    outer loop
      vertex 35.1573 66.7064 1.995
      vertex 36.7148 67.3494 0.3
      vertex 36.6433 67.56 0.3
    endloop
  endfacet
  facet normal 0.661042 0.257072 0.704938
    outer loop
      vertex 36.7148 67.3494 0.3
      vertex 35.1573 66.7064 1.995
      vertex 35.158 66.7046 1.995
    endloop
  endfacet
  facet normal 0.626981 -0.331931 0.704782
    outer loop
      vertex 35.3529 69.6908 1.995
      vertex 36.8131 68.85 0.3
      vertex 35.3538 69.6925 1.995
    endloop
  endfacet
  facet normal 0.636762 -0.31391 0.704269
    outer loop
      vertex 36.8131 68.85 0.3
      vertex 35.3529 69.6908 1.995
      vertex 36.7148 68.6506 0.3
    endloop
  endfacet
  facet normal -0.0742542 0.705415 0.704894
    outer loop
      vertex 38.5073 66.3145 0.3
      vertex 38.7253 64.6437 1.995
      vertex 38.7272 64.6439 1.995
    endloop
  endfacet
  facet normal -0.0462919 0.708426 0.704265
    outer loop
      vertex 38.7253 64.6437 1.995
      vertex 38.5073 66.3145 0.3
      vertex 38.2854 66.3 0.3
    endloop
  endfacet
  facet normal 0.672263 -0.228167 0.704275
    outer loop
      vertex 36.6433 68.44 0.3
      vertex 35.1573 69.2936 1.995
      vertex 35.0156 68.8761 1.995
    endloop
  endfacet
  facet normal 0.696283 0.138516 0.704275
    outer loop
      vertex 35.0156 67.1239 1.995
      vertex 36.6433 67.56 0.3
      vertex 34.9296 67.5562 1.995
    endloop
  endfacet
  facet normal 0.708412 -0.0463793 0.704274
    outer loop
      vertex 36.5854 68 0.3
      vertex 34.9291 68.4399 1.995
      vertex 34.9003 68 1.995
    endloop
  endfacet
  facet normal 0.708426 0.0462919 0.704265
    outer loop
      vertex 34.9291 67.5601 1.995
      vertex 36.5999 67.7781 0.3
      vertex 36.5854 68 0.3
    endloop
  endfacet
  facet normal 0.709272 0.0373301 0.703946
    outer loop
      vertex 36.5999 67.7781 0.3
      vertex 34.9291 67.5601 1.995
      vertex 34.9292 67.5582 1.995
    endloop
  endfacet
  facet normal -0.468155 0.5337 0.704269
    outer loop
      vertex 40.3461 65.3144 1.995
      vertex 40.6775 65.6051 1.995
      vertex 39.3203 66.6513 0.3
    endloop
  endfacet
  facet normal -0.213956 -0.677527 0.70369
    outer loop
      vertex 39.5789 71.128 1.995
      vertex 38.9359 69.5706 0.3
      vertex 39.5808 71.1274 1.995
    endloop
  endfacet
  facet normal -0.22833 -0.672218 0.704265
    outer loop
      vertex 38.9359 69.5706 0.3
      vertex 39.5789 71.128 1.995
      vertex 38.7254 69.6421 0.3
    endloop
  endfacet
  facet normal -0.533805 0.468037 0.704268
    outer loop
      vertex 39.4875 66.7979 0.3
      vertex 40.6803 65.6078 1.995
      vertex 39.6341 66.9651 0.3
    endloop
  endfacet
  facet normal -0.519866 0.482732 0.704776
    outer loop
      vertex 40.6803 65.6078 1.995
      vertex 39.4875 66.7979 0.3
      vertex 40.679 65.6064 1.995
    endloop
  endfacet
  facet normal -0.468155 -0.5337 0.704269
    outer loop
      vertex 40.6775 70.3949 1.995
      vertex 40.3461 70.6856 1.995
      vertex 39.3203 69.3487 0.3
    endloop
  endfacet
  facet normal 0.138642 -0.69627 0.704263
    outer loop
      vertex 37.8454 69.6421 0.3
      vertex 37.8416 71.3558 1.995
      vertex 37.4092 71.2697 1.995
    endloop
  endfacet
  facet normal -0.611283 0.359578 0.705009
    outer loop
      vertex 39.7576 67.15 0.3
      vertex 41.2159 66.3058 1.995
      vertex 41.2169 66.3075 1.995
    endloop
  endfacet
  facet normal -0.590341 0.394306 0.704287
    outer loop
      vertex 41.2159 66.3058 1.995
      vertex 39.7576 67.15 0.3
      vertex 39.6341 66.9651 0.3
    endloop
  endfacet
  facet normal 0.0705843 -0.705843 0.704843
    outer loop
      vertex 38.0635 69.6855 0.3
      vertex 37.8455 71.3563 1.995
      vertex 37.8435 71.3561 1.995
    endloop
  endfacet
  facet normal 0.0462919 -0.708426 0.704265
    outer loop
      vertex 37.8455 71.3563 1.995
      vertex 38.0635 69.6855 0.3
      vertex 38.2854 69.7 0.3
    endloop
  endfacet
  facet normal -0.636627 0.314163 0.704278
    outer loop
      vertex 39.7576 67.15 0.3
      vertex 41.2178 66.3092 1.995
      vertex 39.856 67.3494 0.3
    endloop
  endfacet
  facet normal -0.626981 0.331931 0.704782
    outer loop
      vertex 41.2178 66.3092 1.995
      vertex 39.7576 67.15 0.3
      vertex 41.2169 66.3075 1.995
    endloop
  endfacet
  facet normal 0.0463793 -0.708412 0.704274
    outer loop
      vertex 38.2854 69.7 0.3
      vertex 38.2854 71.3851 1.995
      vertex 37.8455 71.3563 1.995
    endloop
  endfacet
  facet normal -0.533856 -0.46799 0.704261
    outer loop
      vertex 40.9709 70.0607 1.995
      vertex 40.6803 70.3922 1.995
      vertex 39.6341 69.0349 0.3
    endloop
  endfacet
  facet normal -0.465056 0.536603 0.704116
    outer loop
      vertex 39.4875 66.7979 0.3
      vertex 40.6775 65.6051 1.995
      vertex 40.679 65.6064 1.995
    endloop
  endfacet
  facet normal -0.468046 0.533816 0.704254
    outer loop
      vertex 40.6775 65.6051 1.995
      vertex 39.4875 66.7979 0.3
      vertex 39.3203 66.6513 0.3
    endloop
  endfacet
  facet normal 0.394429 -0.590275 0.704274
    outer loop
      vertex 37.2505 69.3487 0.3
      vertex 36.5912 70.9305 1.995
      vertex 36.2247 70.6856 1.995
    endloop
  endfacet
  facet normal 0.228234 0.672254 0.704261
    outer loop
      vertex 37.6348 66.4294 0.3
      vertex 36.9918 64.872 1.995
      vertex 37.8454 66.3579 0.3
    endloop
  endfacet
  facet normal 0.224544 0.673633 0.704129
    outer loop
      vertex 36.9918 64.872 1.995
      vertex 37.6348 66.4294 0.3
      vertex 36.99 64.8726 1.995
    endloop
  endfacet
  facet normal 0.709272 -0.0373301 0.703946
    outer loop
      vertex 34.9291 68.4399 1.995
      vertex 36.5999 68.2219 0.3
      vertex 34.9292 68.4418 1.995
    endloop
  endfacet
  facet normal 0.708426 -0.0462919 0.704265
    outer loop
      vertex 36.5999 68.2219 0.3
      vertex 34.9291 68.4399 1.995
      vertex 36.5854 68 0.3
    endloop
  endfacet
  facet normal 0.590275 -0.394429 0.704274
    outer loop
      vertex 36.9367 69.0349 0.3
      vertex 35.5998 70.0607 1.995
      vertex 35.3549 69.6942 1.995
    endloop
  endfacet
  facet normal -0.138643 -0.696274 0.704259
    outer loop
      vertex 39.1615 71.2697 1.995
      vertex 38.7291 71.3558 1.995
      vertex 38.7254 69.6421 0.3
    endloop
  endfacet
  facet normal 0.314012 0.636721 0.704261
    outer loop
      vertex 36.99 64.8726 1.995
      vertex 37.6348 66.4294 0.3
      vertex 36.5946 65.0676 1.995
    endloop
  endfacet
  facet normal 0.314012 -0.636721 0.704261
    outer loop
      vertex 37.6348 69.5706 0.3
      vertex 36.99 71.1274 1.995
      vertex 36.5946 70.9324 1.995
    endloop
  endfacet
  facet normal 0.138642 0.69627 0.704263
    outer loop
      vertex 37.8416 64.6442 1.995
      vertex 37.8454 66.3579 0.3
      vertex 37.4092 64.7303 1.995
    endloop
  endfacet
  facet normal 0.468073 0.533767 0.704273
    outer loop
      vertex 36.2247 65.3144 1.995
      vertex 37.2505 66.6513 0.3
      vertex 35.8932 65.6051 1.995
    endloop
  endfacet
  facet normal 0.138553 0.696279 0.704271
    outer loop
      vertex 37.8416 64.6442 1.995
      vertex 38.0635 66.3145 0.3
      vertex 37.8454 66.3579 0.3
    endloop
  endfacet
  facet normal 0.110625 0.700627 0.7049
    outer loop
      vertex 38.0635 66.3145 0.3
      vertex 37.8416 64.6442 1.995
      vertex 37.8435 64.6439 1.995
    endloop
  endfacet
  facet normal 0.0463793 0.708412 0.704274
    outer loop
      vertex 38.2854 64.6149 1.995
      vertex 38.2854 66.3 0.3
      vertex 37.8455 64.6437 1.995
    endloop
  endfacet
  facet normal 0.661042 -0.257072 0.704938
    outer loop
      vertex 35.1573 69.2936 1.995
      vertex 36.7148 68.6506 0.3
      vertex 35.158 69.2954 1.995
    endloop
  endfacet
  facet normal 0.672235 -0.228228 0.704281
    outer loop
      vertex 36.7148 68.6506 0.3
      vertex 35.1573 69.2936 1.995
      vertex 36.6433 68.44 0.3
    endloop
  endfacet
  facet normal 0.63678 -0.313881 0.704265
    outer loop
      vertex 36.7148 68.6506 0.3
      vertex 35.3529 69.6908 1.995
      vertex 35.158 69.2954 1.995
    endloop
  endfacet
  facet normal -0.590211 0.394548 0.70426
    outer loop
      vertex 40.9709 65.9393 1.995
      vertex 41.2159 66.3058 1.995
      vertex 39.6341 66.9651 0.3
    endloop
  endfacet
  facet normal 0.468073 -0.533767 0.704273
    outer loop
      vertex 37.2505 69.3487 0.3
      vertex 36.2247 70.6856 1.995
      vertex 35.8932 70.3949 1.995
    endloop
  endfacet
  facet normal 0.228234 -0.672254 0.704261
    outer loop
      vertex 36.9918 71.128 1.995
      vertex 37.6348 69.5706 0.3
      vertex 37.8454 69.6421 0.3
    endloop
  endfacet
  facet normal 0.224544 -0.673633 0.704129
    outer loop
      vertex 37.6348 69.5706 0.3
      vertex 36.9918 71.128 1.995
      vertex 36.99 71.1274 1.995
    endloop
  endfacet
  facet normal 0.696279 -0.138553 0.704271
    outer loop
      vertex 34.9296 68.4438 1.995
      vertex 36.5999 68.2219 0.3
      vertex 36.6433 68.44 0.3
    endloop
  endfacet
  facet normal 0.696166 -0.139233 0.704249
    outer loop
      vertex 36.5999 68.2219 0.3
      vertex 34.9296 68.4438 1.995
      vertex 34.9292 68.4418 1.995
    endloop
  endfacet
  facet normal 0.533767 0.468073 0.704273
    outer loop
      vertex 35.8905 65.6078 1.995
      vertex 36.9367 66.9651 0.3
      vertex 35.5998 65.9393 1.995
    endloop
  endfacet
  facet normal -0.302488 0.642787 0.703794
    outer loop
      vertex 39.1354 66.5278 0.3
      vertex 39.9762 65.0676 1.995
      vertex 39.9779 65.0684 1.995
    endloop
  endfacet
  facet normal -0.314038 0.636694 0.704273
    outer loop
      vertex 39.9762 65.0676 1.995
      vertex 39.1354 66.5278 0.3
      vertex 38.9359 66.4294 0.3
    endloop
  endfacet
  facet normal 0.533805 0.468037 0.704268
    outer loop
      vertex 35.8905 65.6078 1.995
      vertex 37.0833 66.7979 0.3
      vertex 36.9367 66.9651 0.3
    endloop
  endfacet
  facet normal 0.519866 0.482732 0.704776
    outer loop
      vertex 37.0833 66.7979 0.3
      vertex 35.8905 65.6078 1.995
      vertex 35.8918 65.6064 1.995
    endloop
  endfacet
  facet normal 0.590215 0.394541 0.704261
    outer loop
      vertex 36.8131 67.15 0.3
      vertex 35.3549 66.3058 1.995
      vertex 36.9367 66.9651 0.3
    endloop
  endfacet
  facet normal 0.595793 0.385513 0.704564
    outer loop
      vertex 35.3549 66.3058 1.995
      vertex 36.8131 67.15 0.3
      vertex 35.3538 66.3075 1.995
    endloop
  endfacet
  facet normal 0.636762 0.31391 0.704269
    outer loop
      vertex 35.3529 66.3092 1.995
      vertex 36.8131 67.15 0.3
      vertex 36.7148 67.3494 0.3
    endloop
  endfacet
  facet normal 0.626981 0.331931 0.704782
    outer loop
      vertex 36.8131 67.15 0.3
      vertex 35.3529 66.3092 1.995
      vertex 35.3538 66.3075 1.995
    endloop
  endfacet
  facet normal -0.672263 -0.228167 0.704275
    outer loop
      vertex 41.5551 68.8761 1.995
      vertex 41.4134 69.2936 1.995
      vertex 39.9274 68.44 0.3
    endloop
  endfacet
  facet normal -0.228223 -0.672266 0.704253
    outer loop
      vertex 39.5789 71.128 1.995
      vertex 39.1615 71.2697 1.995
      vertex 38.7254 69.6421 0.3
    endloop
  endfacet
  facet normal -0.402384 -0.585286 0.703938
    outer loop
      vertex 39.1354 69.4722 0.3
      vertex 39.9795 70.9305 1.995
      vertex 39.9779 70.9316 1.995
    endloop
  endfacet
  facet normal -0.394312 -0.590351 0.704276
    outer loop
      vertex 39.9795 70.9305 1.995
      vertex 39.1354 69.4722 0.3
      vertex 39.3203 69.3487 0.3
    endloop
  endfacet
  facet normal 0.0462919 0.708426 0.704265
    outer loop
      vertex 38.0635 66.3145 0.3
      vertex 37.8455 64.6437 1.995
      vertex 38.2854 66.3 0.3
    endloop
  endfacet
  facet normal 0.0705843 0.705843 0.704843
    outer loop
      vertex 37.8455 64.6437 1.995
      vertex 38.0635 66.3145 0.3
      vertex 37.8435 64.6439 1.995
    endloop
  endfacet
  facet normal -0.394312 0.590351 0.704276
    outer loop
      vertex 39.1354 66.5278 0.3
      vertex 39.9795 65.0695 1.995
      vertex 39.3203 66.6513 0.3
    endloop
  endfacet
  facet normal -0.402384 0.585286 0.703938
    outer loop
      vertex 39.9795 65.0695 1.995
      vertex 39.1354 66.5278 0.3
      vertex 39.9779 65.0684 1.995
    endloop
  endfacet
  facet normal 0.468037 -0.533805 0.704268
    outer loop
      vertex 35.8932 70.3949 1.995
      vertex 37.0833 69.2021 0.3
      vertex 37.2505 69.3487 0.3
    endloop
  endfacet
  facet normal 0.482732 -0.519866 0.704776
    outer loop
      vertex 37.0833 69.2021 0.3
      vertex 35.8932 70.3949 1.995
      vertex 35.8918 70.3936 1.995
    endloop
  endfacet
  facet normal -0.611283 -0.359578 0.705009
    outer loop
      vertex 41.2159 69.6942 1.995
      vertex 39.7576 68.85 0.3
      vertex 41.2169 69.6925 1.995
    endloop
  endfacet
  facet normal -0.590341 -0.394306 0.704287
    outer loop
      vertex 39.7576 68.85 0.3
      vertex 41.2159 69.6942 1.995
      vertex 39.6341 69.0349 0.3
    endloop
  endfacet
  facet normal -0.696283 -0.138516 0.704275
    outer loop
      vertex 41.6411 68.4438 1.995
      vertex 41.5551 68.8761 1.995
      vertex 39.9274 68.44 0.3
    endloop
  endfacet
  facet normal -0.696166 -0.139233 0.704249
    outer loop
      vertex 41.6411 68.4438 1.995
      vertex 39.9708 68.2219 0.3
      vertex 41.6415 68.4418 1.995
    endloop
  endfacet
  facet normal -0.696279 -0.138553 0.704271
    outer loop
      vertex 39.9708 68.2219 0.3
      vertex 41.6411 68.4438 1.995
      vertex 39.9274 68.44 0.3
    endloop
  endfacet
  facet normal -0.110626 -0.70063 0.704897
    outer loop
      vertex 38.5073 69.6855 0.3
      vertex 38.7291 71.3558 1.995
      vertex 38.7272 71.3561 1.995
    endloop
  endfacet
  facet normal -0.138554 -0.696283 0.704267
    outer loop
      vertex 38.7291 71.3558 1.995
      vertex 38.5073 69.6855 0.3
      vertex 38.7254 69.6421 0.3
    endloop
  endfacet
  facet normal -0.465056 -0.536603 0.704116
    outer loop
      vertex 40.6775 70.3949 1.995
      vertex 39.4875 69.2021 0.3
      vertex 40.679 70.3936 1.995
    endloop
  endfacet
  facet normal -0.468046 -0.533816 0.704254
    outer loop
      vertex 39.4875 69.2021 0.3
      vertex 40.6775 70.3949 1.995
      vertex 39.3203 69.3487 0.3
    endloop
  endfacet
  facet normal -0.626981 -0.331931 0.704782
    outer loop
      vertex 39.7576 68.85 0.3
      vertex 41.2178 69.6908 1.995
      vertex 41.2169 69.6925 1.995
    endloop
  endfacet
  facet normal -0.636627 -0.314163 0.704278
    outer loop
      vertex 41.2178 69.6908 1.995
      vertex 39.7576 68.85 0.3
      vertex 39.856 68.6506 0.3
    endloop
  endfacet
  facet normal -0.636721 -0.314012 0.704261
    outer loop
      vertex 41.4128 69.2954 1.995
      vertex 41.2178 69.6908 1.995
      vertex 39.856 68.6506 0.3
    endloop
  endfacet
  facet normal -0.98077 -0.195165 0
    outer loop
      vertex 41.6563 68.4438 1.995
      vertex 41.5695 68.88 2
      vertex 41.5695 68.88 1.995
    endloop
  endfacet
  facet normal -0.98077 -0.195165 0
    outer loop
      vertex 41.5695 68.88 2
      vertex 41.6563 68.4438 1.995
      vertex 41.6563 68.4438 2
    endloop
  endfacet
  facet normal -0.997857 -0.0654296 0
    outer loop
      vertex 41.6854 68 1.995
      vertex 41.6563 68.4438 2
      vertex 41.6563 68.4438 1.995
    endloop
  endfacet
  facet normal -0.997857 -0.0654296 0
    outer loop
      vertex 41.6563 68.4438 2
      vertex 41.6854 68 1.995
      vertex 41.6854 68 2
    endloop
  endfacet
  facet normal 0.555582 -0.831462 0
    outer loop
      vertex 36.2156 70.6974 1.995
      vertex 36.5854 70.9445 2
      vertex 36.2156 70.6974 2
    endloop
  endfacet
  facet normal 0.555582 -0.831462 0
    outer loop
      vertex 36.5854 70.9445 2
      vertex 36.2156 70.6974 1.995
      vertex 36.5854 70.9445 1.995
    endloop
  endfacet
  facet normal 0.751908 -0.659268 0
    outer loop
      vertex 35.588 70.0698 2
      vertex 35.8812 70.4042 1.995
      vertex 35.8812 70.4042 2
    endloop
  endfacet
  facet normal 0.751908 -0.659268 0
    outer loop
      vertex 35.8812 70.4042 1.995
      vertex 35.588 70.0698 2
      vertex 35.588 70.0698 1.995
    endloop
  endfacet
  facet normal -0.0654296 -0.997857 0
    outer loop
      vertex 38.2854 71.4 1.995
      vertex 38.7292 71.3709 2
      vertex 38.2854 71.4 2
    endloop
  endfacet
  facet normal -0.0654296 -0.997857 -0
    outer loop
      vertex 38.7292 71.3709 2
      vertex 38.2854 71.4 1.995
      vertex 38.7292 71.3709 1.995
    endloop
  endfacet
  facet normal -0.65938 0.75181 0
    outer loop
      vertex 40.6895 65.5958 1.995
      vertex 40.3552 65.3026 2
      vertex 40.6895 65.5958 2
    endloop
  endfacet
  facet normal -0.65938 0.75181 0
    outer loop
      vertex 40.3552 65.3026 2
      vertex 40.6895 65.5958 1.995
      vertex 40.3552 65.3026 1.995
    endloop
  endfacet
  facet normal 0.831462 -0.555582 0
    outer loop
      vertex 35.3409 69.7 2
      vertex 35.588 70.0698 1.995
      vertex 35.588 70.0698 2
    endloop
  endfacet
  facet normal 0.831462 -0.555582 0
    outer loop
      vertex 35.588 70.0698 1.995
      vertex 35.3409 69.7 2
      vertex 35.3409 69.7 1.995
    endloop
  endfacet
  facet normal 0.659268 -0.751908 0
    outer loop
      vertex 35.8812 70.4042 1.995
      vertex 36.2156 70.6974 2
      vertex 35.8812 70.4042 2
    endloop
  endfacet
  facet normal 0.659268 -0.751908 0
    outer loop
      vertex 36.2156 70.6974 2
      vertex 35.8812 70.4042 1.995
      vertex 36.2156 70.6974 1.995
    endloop
  endfacet
  facet normal 0.321282 -0.946984 0
    outer loop
      vertex 36.9842 71.1412 1.995
      vertex 37.4054 71.2841 2
      vertex 36.9842 71.1412 2
    endloop
  endfacet
  facet normal 0.321282 -0.946984 0
    outer loop
      vertex 37.4054 71.2841 2
      vertex 36.9842 71.1412 1.995
      vertex 37.4054 71.2841 1.995
    endloop
  endfacet
  facet normal 0.946892 0.321552 0
    outer loop
      vertex 35.1442 66.6989 2
      vertex 35.0012 67.12 1.995
      vertex 35.0012 67.12 2
    endloop
  endfacet
  facet normal 0.946892 0.321552 0
    outer loop
      vertex 35.0012 67.12 1.995
      vertex 35.1442 66.6989 2
      vertex 35.1442 66.6989 1.995
    endloop
  endfacet
  facet normal -0.751796 -0.659395 0
    outer loop
      vertex 40.9828 70.0698 1.995
      vertex 40.6895 70.4042 2
      vertex 40.6895 70.4042 1.995
    endloop
  endfacet
  facet normal -0.751796 -0.659395 0
    outer loop
      vertex 40.6895 70.4042 2
      vertex 40.9828 70.0698 1.995
      vertex 40.9828 70.0698 2
    endloop
  endfacet
  facet normal 0.442349 -0.896843 0
    outer loop
      vertex 36.5854 70.9445 1.995
      vertex 36.9842 71.1412 2
      vertex 36.5854 70.9445 2
    endloop
  endfacet
  facet normal 0.442349 -0.896843 0
    outer loop
      vertex 36.9842 71.1412 2
      vertex 36.5854 70.9445 1.995
      vertex 36.9842 71.1412 1.995
    endloop
  endfacet
  facet normal 0.751908 0.659268 0
    outer loop
      vertex 35.8812 65.5958 2
      vertex 35.588 65.9302 1.995
      vertex 35.588 65.9302 2
    endloop
  endfacet
  facet normal 0.751908 0.659268 0
    outer loop
      vertex 35.588 65.9302 1.995
      vertex 35.8812 65.5958 2
      vertex 35.8812 65.5958 1.995
    endloop
  endfacet
  facet normal -0.831462 -0.555582 0
    outer loop
      vertex 41.2299 69.7 1.995
      vertex 40.9828 70.0698 2
      vertex 40.9828 70.0698 1.995
    endloop
  endfacet
  facet normal -0.831462 -0.555582 0
    outer loop
      vertex 40.9828 70.0698 2
      vertex 41.2299 69.7 1.995
      vertex 41.2299 69.7 2
    endloop
  endfacet
  facet normal 0.195165 0.98077 -0
    outer loop
      vertex 37.8416 64.6291 1.995
      vertex 37.4054 64.7159 2
      vertex 37.8416 64.6291 2
    endloop
  endfacet
  facet normal 0.195165 0.98077 0
    outer loop
      vertex 37.4054 64.7159 2
      vertex 37.8416 64.6291 1.995
      vertex 37.4054 64.7159 1.995
    endloop
  endfacet
  facet normal -0.98077 0.195165 0
    outer loop
      vertex 41.5695 67.12 1.995
      vertex 41.6563 67.5562 2
      vertex 41.6563 67.5562 1.995
    endloop
  endfacet
  facet normal -0.98077 0.195165 0
    outer loop
      vertex 41.6563 67.5562 2
      vertex 41.5695 67.12 1.995
      vertex 41.5695 67.12 2
    endloop
  endfacet
  facet normal -0.195165 0.98077 0
    outer loop
      vertex 39.1654 64.7159 1.995
      vertex 38.7292 64.6291 2
      vertex 39.1654 64.7159 2
    endloop
  endfacet
  facet normal -0.195165 0.98077 0
    outer loop
      vertex 38.7292 64.6291 2
      vertex 39.1654 64.7159 1.995
      vertex 38.7292 64.6291 1.995
    endloop
  endfacet
  facet normal -0.831462 0.555582 0
    outer loop
      vertex 40.9828 65.9302 1.995
      vertex 41.2299 66.3 2
      vertex 41.2299 66.3 1.995
    endloop
  endfacet
  facet normal -0.831462 0.555582 0
    outer loop
      vertex 41.2299 66.3 2
      vertex 40.9828 65.9302 1.995
      vertex 40.9828 65.9302 2
    endloop
  endfacet
  facet normal -0.94696 0.32135 0
    outer loop
      vertex 41.4266 66.6989 1.995
      vertex 41.5695 67.12 2
      vertex 41.5695 67.12 1.995
    endloop
  endfacet
  facet normal -0.94696 0.32135 0
    outer loop
      vertex 41.5695 67.12 2
      vertex 41.4266 66.6989 1.995
      vertex 41.4266 66.6989 2
    endloop
  endfacet
  facet normal -0.44226 -0.896887 0
    outer loop
      vertex 39.5865 71.1412 1.995
      vertex 39.9854 70.9445 2
      vertex 39.5865 71.1412 2
    endloop
  endfacet
  facet normal -0.44226 -0.896887 -0
    outer loop
      vertex 39.9854 70.9445 2
      vertex 39.5865 71.1412 1.995
      vertex 39.9854 70.9445 1.995
    endloop
  endfacet
  facet normal -0.555582 0.831462 0
    outer loop
      vertex 40.3552 65.3026 1.995
      vertex 39.9854 65.0555 2
      vertex 40.3552 65.3026 2
    endloop
  endfacet
  facet normal -0.555582 0.831462 0
    outer loop
      vertex 39.9854 65.0555 2
      vertex 40.3552 65.3026 1.995
      vertex 39.9854 65.0555 1.995
    endloop
  endfacet
  facet normal -0.44226 0.896887 0
    outer loop
      vertex 39.9854 65.0555 1.995
      vertex 39.5865 64.8588 2
      vertex 39.9854 65.0555 2
    endloop
  endfacet
  facet normal -0.44226 0.896887 0
    outer loop
      vertex 39.5865 64.8588 2
      vertex 39.9854 65.0555 1.995
      vertex 39.5865 64.8588 1.995
    endloop
  endfacet
  facet normal -0.555582 -0.831462 0
    outer loop
      vertex 39.9854 70.9445 1.995
      vertex 40.3552 70.6974 2
      vertex 39.9854 70.9445 2
    endloop
  endfacet
  facet normal -0.555582 -0.831462 -0
    outer loop
      vertex 40.3552 70.6974 2
      vertex 39.9854 70.9445 1.995
      vertex 40.3552 70.6974 1.995
    endloop
  endfacet
  facet normal -0.65938 -0.75181 0
    outer loop
      vertex 40.3552 70.6974 1.995
      vertex 40.6895 70.4042 2
      vertex 40.3552 70.6974 2
    endloop
  endfacet
  facet normal -0.65938 -0.75181 -0
    outer loop
      vertex 40.6895 70.4042 2
      vertex 40.3552 70.6974 1.995
      vertex 40.6895 70.4042 1.995
    endloop
  endfacet
  facet normal 0.980813 0.194948 0
    outer loop
      vertex 35.0012 67.12 2
      vertex 34.9145 67.5562 1.995
      vertex 34.9145 67.5562 2
    endloop
  endfacet
  facet normal 0.980813 0.194948 0
    outer loop
      vertex 34.9145 67.5562 1.995
      vertex 35.0012 67.12 2
      vertex 35.0012 67.12 1.995
    endloop
  endfacet
  facet normal 0.980813 -0.194948 0
    outer loop
      vertex 34.9145 68.4438 2
      vertex 35.0012 68.88 1.995
      vertex 35.0012 68.88 2
    endloop
  endfacet
  facet normal 0.980813 -0.194948 0
    outer loop
      vertex 35.0012 68.88 1.995
      vertex 34.9145 68.4438 2
      vertex 34.9145 68.4438 1.995
    endloop
  endfacet
  facet normal 0.0654296 0.997857 -0
    outer loop
      vertex 38.2854 64.6 1.995
      vertex 37.8416 64.6291 2
      vertex 38.2854 64.6 2
    endloop
  endfacet
  facet normal 0.0654296 0.997857 0
    outer loop
      vertex 37.8416 64.6291 2
      vertex 38.2854 64.6 1.995
      vertex 37.8416 64.6291 1.995
    endloop
  endfacet
  facet normal 0.659268 0.751908 -0
    outer loop
      vertex 36.2156 65.3026 1.995
      vertex 35.8812 65.5958 2
      vertex 36.2156 65.3026 2
    endloop
  endfacet
  facet normal 0.659268 0.751908 0
    outer loop
      vertex 35.8812 65.5958 2
      vertex 36.2156 65.3026 1.995
      vertex 35.8812 65.5958 1.995
    endloop
  endfacet
  facet normal -0.896887 -0.44226 0
    outer loop
      vertex 41.4266 69.3011 1.995
      vertex 41.2299 69.7 2
      vertex 41.2299 69.7 1.995
    endloop
  endfacet
  facet normal -0.896887 -0.44226 0
    outer loop
      vertex 41.2299 69.7 2
      vertex 41.4266 69.3011 1.995
      vertex 41.4266 69.3011 2
    endloop
  endfacet
  facet normal -0.751796 0.659395 0
    outer loop
      vertex 40.6895 65.5958 1.995
      vertex 40.9828 65.9302 2
      vertex 40.9828 65.9302 1.995
    endloop
  endfacet
  facet normal -0.751796 0.659395 0
    outer loop
      vertex 40.9828 65.9302 2
      vertex 40.6895 65.5958 1.995
      vertex 40.6895 65.5958 2
    endloop
  endfacet
  facet normal 0.997857 0.0654296 0
    outer loop
      vertex 34.9145 67.5562 2
      vertex 34.8854 68 1.995
      vertex 34.8854 68 2
    endloop
  endfacet
  facet normal 0.997857 0.0654296 0
    outer loop
      vertex 34.8854 68 1.995
      vertex 34.9145 67.5562 2
      vertex 34.9145 67.5562 1.995
    endloop
  endfacet
  facet normal -0.0654296 0.997857 0
    outer loop
      vertex 38.7292 64.6291 1.995
      vertex 38.2854 64.6 2
      vertex 38.7292 64.6291 2
    endloop
  endfacet
  facet normal -0.0654296 0.997857 0
    outer loop
      vertex 38.2854 64.6 2
      vertex 38.7292 64.6291 1.995
      vertex 38.2854 64.6 1.995
    endloop
  endfacet
  facet normal 0.946892 -0.321552 0
    outer loop
      vertex 35.0012 68.88 2
      vertex 35.1442 69.3011 1.995
      vertex 35.1442 69.3011 2
    endloop
  endfacet
  facet normal 0.946892 -0.321552 0
    outer loop
      vertex 35.1442 69.3011 1.995
      vertex 35.0012 68.88 2
      vertex 35.0012 68.88 1.995
    endloop
  endfacet
  facet normal -0.32135 -0.94696 0
    outer loop
      vertex 39.1654 71.2841 1.995
      vertex 39.5865 71.1412 2
      vertex 39.1654 71.2841 2
    endloop
  endfacet
  facet normal -0.32135 -0.94696 -0
    outer loop
      vertex 39.5865 71.1412 2
      vertex 39.1654 71.2841 1.995
      vertex 39.5865 71.1412 1.995
    endloop
  endfacet
  facet normal 0.997857 -0.0654296 0
    outer loop
      vertex 34.8854 68 2
      vertex 34.9145 68.4438 1.995
      vertex 34.9145 68.4438 2
    endloop
  endfacet
  facet normal 0.997857 -0.0654296 0
    outer loop
      vertex 34.9145 68.4438 1.995
      vertex 34.8854 68 2
      vertex 34.8854 68 1.995
    endloop
  endfacet
  facet normal 0.896887 0.44226 0
    outer loop
      vertex 35.3409 66.3 2
      vertex 35.1442 66.6989 1.995
      vertex 35.1442 66.6989 2
    endloop
  endfacet
  facet normal 0.896887 0.44226 0
    outer loop
      vertex 35.1442 66.6989 1.995
      vertex 35.3409 66.3 2
      vertex 35.3409 66.3 1.995
    endloop
  endfacet
  facet normal 0.831462 0.555582 0
    outer loop
      vertex 35.588 65.9302 2
      vertex 35.3409 66.3 1.995
      vertex 35.3409 66.3 2
    endloop
  endfacet
  facet normal 0.831462 0.555582 0
    outer loop
      vertex 35.3409 66.3 1.995
      vertex 35.588 65.9302 2
      vertex 35.588 65.9302 1.995
    endloop
  endfacet
  facet normal -0.997857 0.0654296 0
    outer loop
      vertex 41.6563 67.5562 1.995
      vertex 41.6854 68 2
      vertex 41.6854 68 1.995
    endloop
  endfacet
  facet normal -0.997857 0.0654296 0
    outer loop
      vertex 41.6854 68 2
      vertex 41.6563 67.5562 1.995
      vertex 41.6563 67.5562 2
    endloop
  endfacet
  facet normal -0.94696 -0.32135 0
    outer loop
      vertex 41.5695 68.88 1.995
      vertex 41.4266 69.3011 2
      vertex 41.4266 69.3011 1.995
    endloop
  endfacet
  facet normal -0.94696 -0.32135 0
    outer loop
      vertex 41.4266 69.3011 2
      vertex 41.5695 68.88 1.995
      vertex 41.5695 68.88 2
    endloop
  endfacet
  facet normal 0.0654296 -0.997857 0
    outer loop
      vertex 37.8416 71.3709 1.995
      vertex 38.2854 71.4 2
      vertex 37.8416 71.3709 2
    endloop
  endfacet
  facet normal 0.0654296 -0.997857 0
    outer loop
      vertex 38.2854 71.4 2
      vertex 37.8416 71.3709 1.995
      vertex 38.2854 71.4 1.995
    endloop
  endfacet
  facet normal -0.32135 0.94696 0
    outer loop
      vertex 39.5865 64.8588 1.995
      vertex 39.1654 64.7159 2
      vertex 39.5865 64.8588 2
    endloop
  endfacet
  facet normal -0.32135 0.94696 0
    outer loop
      vertex 39.1654 64.7159 2
      vertex 39.5865 64.8588 1.995
      vertex 39.1654 64.7159 1.995
    endloop
  endfacet
  facet normal 0.195165 -0.98077 0
    outer loop
      vertex 37.4054 71.2841 1.995
      vertex 37.8416 71.3709 2
      vertex 37.4054 71.2841 2
    endloop
  endfacet
  facet normal 0.195165 -0.98077 0
    outer loop
      vertex 37.8416 71.3709 2
      vertex 37.4054 71.2841 1.995
      vertex 37.8416 71.3709 1.995
    endloop
  endfacet
  facet normal 0.896887 -0.44226 0
    outer loop
      vertex 35.1442 69.3011 2
      vertex 35.3409 69.7 1.995
      vertex 35.3409 69.7 2
    endloop
  endfacet
  facet normal 0.896887 -0.44226 0
    outer loop
      vertex 35.3409 69.7 1.995
      vertex 35.1442 69.3011 2
      vertex 35.1442 69.3011 1.995
    endloop
  endfacet
  facet normal -0.896887 0.44226 0
    outer loop
      vertex 41.2299 66.3 1.995
      vertex 41.4266 66.6989 2
      vertex 41.4266 66.6989 1.995
    endloop
  endfacet
  facet normal -0.896887 0.44226 0
    outer loop
      vertex 41.4266 66.6989 2
      vertex 41.2299 66.3 1.995
      vertex 41.2299 66.3 2
    endloop
  endfacet
  facet normal 0.321282 0.946984 -0
    outer loop
      vertex 37.4054 64.7159 1.995
      vertex 36.9842 64.8588 2
      vertex 37.4054 64.7159 2
    endloop
  endfacet
  facet normal 0.321282 0.946984 0
    outer loop
      vertex 36.9842 64.8588 2
      vertex 37.4054 64.7159 1.995
      vertex 36.9842 64.8588 1.995
    endloop
  endfacet
  facet normal -0.195165 -0.98077 0
    outer loop
      vertex 38.7292 71.3709 1.995
      vertex 39.1654 71.2841 2
      vertex 38.7292 71.3709 2
    endloop
  endfacet
  facet normal -0.195165 -0.98077 -0
    outer loop
      vertex 39.1654 71.2841 2
      vertex 38.7292 71.3709 1.995
      vertex 39.1654 71.2841 1.995
    endloop
  endfacet
  facet normal 0.442349 0.896843 -0
    outer loop
      vertex 36.9842 64.8588 1.995
      vertex 36.5854 65.0555 2
      vertex 36.9842 64.8588 2
    endloop
  endfacet
  facet normal 0.442349 0.896843 0
    outer loop
      vertex 36.5854 65.0555 2
      vertex 36.9842 64.8588 1.995
      vertex 36.5854 65.0555 1.995
    endloop
  endfacet
  facet normal -0 0 1
    outer loop
      vertex 41.6416 68.4399 1.995
      vertex 41.6854 68 1.995
      vertex 41.6563 68.4438 1.995
    endloop
  endfacet
  facet normal 0 0 1
    outer loop
      vertex 41.6854 68 1.995
      vertex 41.6416 68.4399 1.995
      vertex 41.6705 68 1.995
    endloop
  endfacet
  facet normal 0 0 1
    outer loop
      vertex 41.6563 68.4438 1.995
      vertex 41.6415 68.4418 1.995
      vertex 41.6416 68.4399 1.995
    endloop
  endfacet
  facet normal 0 0 1
    outer loop
      vertex 41.6563 68.4438 1.995
      vertex 41.6411 68.4438 1.995
      vertex 41.6415 68.4418 1.995
    endloop
  endfacet
  facet normal 0 0 1
    outer loop
      vertex 41.5695 68.88 1.995
      vertex 41.6411 68.4438 1.995
      vertex 41.6563 68.4438 1.995
    endloop
  endfacet
  facet normal 0 0 1
    outer loop
      vertex 41.5695 68.88 1.995
      vertex 41.5551 68.8761 1.995
      vertex 41.6411 68.4438 1.995
    endloop
  endfacet
  facet normal -0 0 1
    outer loop
      vertex 41.4134 69.2936 1.995
      vertex 41.5695 68.88 1.995
      vertex 41.4266 69.3011 1.995
    endloop
  endfacet
  facet normal 0 0 1
    outer loop
      vertex 41.5695 68.88 1.995
      vertex 41.4134 69.2936 1.995
      vertex 41.5551 68.8761 1.995
    endloop
  endfacet
  facet normal 0 0 1
    outer loop
      vertex 41.4266 69.3011 1.995
      vertex 41.4128 69.2954 1.995
      vertex 41.4134 69.2936 1.995
    endloop
  endfacet
  facet normal -0 0 1
    outer loop
      vertex 41.2178 69.6908 1.995
      vertex 41.4266 69.3011 1.995
      vertex 41.2299 69.7 1.995
    endloop
  endfacet
  facet normal 0 0 1
    outer loop
      vertex 41.4266 69.3011 1.995
      vertex 41.2178 69.6908 1.995
      vertex 41.4128 69.2954 1.995
    endloop
  endfacet
  facet normal 0 0 1
    outer loop
      vertex 41.2299 69.7 1.995
      vertex 41.2169 69.6925 1.995
      vertex 41.2178 69.6908 1.995
    endloop
  endfacet
  facet normal 0 0 1
    outer loop
      vertex 41.2299 69.7 1.995
      vertex 41.2159 69.6942 1.995
      vertex 41.2169 69.6925 1.995
    endloop
  endfacet
  facet normal 0 0 1
    outer loop
      vertex 40.9828 70.0698 1.995
      vertex 41.2159 69.6942 1.995
      vertex 41.2299 69.7 1.995
    endloop
  endfacet
  facet normal 0 0 1
    outer loop
      vertex 40.9828 70.0698 1.995
      vertex 40.9709 70.0607 1.995
      vertex 41.2159 69.6942 1.995
    endloop
  endfacet
  facet normal -0 0 1
    outer loop
      vertex 40.6803 70.3922 1.995
      vertex 40.9828 70.0698 1.995
      vertex 40.6895 70.4042 1.995
    endloop
  endfacet
  facet normal 0 0 1
    outer loop
      vertex 40.9828 70.0698 1.995
      vertex 40.6803 70.3922 1.995
      vertex 40.9709 70.0607 1.995
    endloop
  endfacet
  facet normal 0 0 1
    outer loop
      vertex 40.6895 70.4042 1.995
      vertex 40.679 70.3936 1.995
      vertex 40.6803 70.3922 1.995
    endloop
  endfacet
  facet normal 0 0 1
    outer loop
      vertex 40.6895 70.4042 1.995
      vertex 40.6775 70.3949 1.995
      vertex 40.679 70.3936 1.995
    endloop
  endfacet
  facet normal 0 0 1
    outer loop
      vertex 40.3552 70.6974 1.995
      vertex 40.6775 70.3949 1.995
      vertex 40.6895 70.4042 1.995
    endloop
  endfacet
  facet normal 0 0 1
    outer loop
      vertex 40.3552 70.6974 1.995
      vertex 40.3461 70.6856 1.995
      vertex 40.6775 70.3949 1.995
    endloop
  endfacet
  facet normal -0 0 1
    outer loop
      vertex 39.9795 70.9305 1.995
      vertex 40.3552 70.6974 1.995
      vertex 39.9854 70.9445 1.995
    endloop
  endfacet
  facet normal 0 0 1
    outer loop
      vertex 40.3552 70.6974 1.995
      vertex 39.9795 70.9305 1.995
      vertex 40.3461 70.6856 1.995
    endloop
  endfacet
  facet normal 0 0 1
    outer loop
      vertex 39.9854 70.9445 1.995
      vertex 39.9779 70.9316 1.995
      vertex 39.9795 70.9305 1.995
    endloop
  endfacet
  facet normal 0 0 1
    outer loop
      vertex 39.9854 70.9445 1.995
      vertex 39.9762 70.9324 1.995
      vertex 39.9779 70.9316 1.995
    endloop
  endfacet
  facet normal 0 0 1
    outer loop
      vertex 39.5865 71.1412 1.995
      vertex 39.9762 70.9324 1.995
      vertex 39.9854 70.9445 1.995
    endloop
  endfacet
  facet normal 0 0 1
    outer loop
      vertex 39.5865 71.1412 1.995
      vertex 39.5808 71.1274 1.995
      vertex 39.9762 70.9324 1.995
    endloop
  endfacet
  facet normal 0 0 1
    outer loop
      vertex 39.5865 71.1412 1.995
      vertex 39.5789 71.128 1.995
      vertex 39.5808 71.1274 1.995
    endloop
  endfacet
  facet normal 0 0 1
    outer loop
      vertex 39.1654 71.2841 1.995
      vertex 39.5789 71.128 1.995
      vertex 39.5865 71.1412 1.995
    endloop
  endfacet
  facet normal 0 0 1
    outer loop
      vertex 39.1654 71.2841 1.995
      vertex 39.1615 71.2697 1.995
      vertex 39.5789 71.128 1.995
    endloop
  endfacet
  facet normal -0 0 1
    outer loop
      vertex 38.7291 71.3558 1.995
      vertex 39.1654 71.2841 1.995
      vertex 38.7292 71.3709 1.995
    endloop
  endfacet
  facet normal 0 0 1
    outer loop
      vertex 39.1654 71.2841 1.995
      vertex 38.7291 71.3558 1.995
      vertex 39.1615 71.2697 1.995
    endloop
  endfacet
  facet normal 0 0 1
    outer loop
      vertex 38.7292 71.3709 1.995
      vertex 38.7272 71.3561 1.995
      vertex 38.7291 71.3558 1.995
    endloop
  endfacet
  facet normal 0 0 1
    outer loop
      vertex 38.7292 71.3709 1.995
      vertex 38.7253 71.3563 1.995
      vertex 38.7272 71.3561 1.995
    endloop
  endfacet
  facet normal 0 0 1
    outer loop
      vertex 38.2854 71.4 1.995
      vertex 38.7253 71.3563 1.995
      vertex 38.7292 71.3709 1.995
    endloop
  endfacet
  facet normal 0 0 1
    outer loop
      vertex 38.2854 71.4 1.995
      vertex 38.2854 71.3851 1.995
      vertex 38.7253 71.3563 1.995
    endloop
  endfacet
  facet normal 0 0 1
    outer loop
      vertex 38.2854 71.4 1.995
      vertex 37.8455 71.3563 1.995
      vertex 38.2854 71.3851 1.995
    endloop
  endfacet
  facet normal -0 0 1
    outer loop
      vertex 37.8416 71.3709 1.995
      vertex 37.8455 71.3563 1.995
      vertex 38.2854 71.4 1.995
    endloop
  endfacet
  facet normal 0 0 1
    outer loop
      vertex 37.8455 71.3563 1.995
      vertex 37.8416 71.3709 1.995
      vertex 37.8435 71.3561 1.995
    endloop
  endfacet
  facet normal 0 0 1
    outer loop
      vertex 37.8416 71.3709 1.995
      vertex 37.8416 71.3558 1.995
      vertex 37.8435 71.3561 1.995
    endloop
  endfacet
  facet normal 0 0 1
    outer loop
      vertex 37.4054 71.2841 1.995
      vertex 37.8416 71.3558 1.995
      vertex 37.8416 71.3709 1.995
    endloop
  endfacet
  facet normal 0 0 1
    outer loop
      vertex 37.8416 71.3558 1.995
      vertex 37.4054 71.2841 1.995
      vertex 37.4092 71.2697 1.995
    endloop
  endfacet
  facet normal 0 0 1
    outer loop
      vertex 37.4054 71.2841 1.995
      vertex 36.9918 71.128 1.995
      vertex 37.4092 71.2697 1.995
    endloop
  endfacet
  facet normal -0 0 1
    outer loop
      vertex 36.9842 71.1412 1.995
      vertex 36.9918 71.128 1.995
      vertex 37.4054 71.2841 1.995
    endloop
  endfacet
  facet normal 0 0 1
    outer loop
      vertex 36.9918 71.128 1.995
      vertex 36.9842 71.1412 1.995
      vertex 36.99 71.1274 1.995
    endloop
  endfacet
  facet normal 0 0 1
    outer loop
      vertex 36.9842 71.1412 1.995
      vertex 36.5946 70.9324 1.995
      vertex 36.99 71.1274 1.995
    endloop
  endfacet
  facet normal -0 0 1
    outer loop
      vertex 36.5854 70.9445 1.995
      vertex 36.5946 70.9324 1.995
      vertex 36.9842 71.1412 1.995
    endloop
  endfacet
  facet normal 0 0 1
    outer loop
      vertex 36.5946 70.9324 1.995
      vertex 36.5854 70.9445 1.995
      vertex 36.5928 70.9316 1.995
    endloop
  endfacet
  facet normal 0 0 1
    outer loop
      vertex 36.5854 70.9445 1.995
      vertex 36.5912 70.9305 1.995
      vertex 36.5928 70.9316 1.995
    endloop
  endfacet
  facet normal 0 0 1
    outer loop
      vertex 36.2156 70.6974 1.995
      vertex 36.5912 70.9305 1.995
      vertex 36.5854 70.9445 1.995
    endloop
  endfacet
  facet normal 0 0 1
    outer loop
      vertex 36.5912 70.9305 1.995
      vertex 36.2156 70.6974 1.995
      vertex 36.2247 70.6856 1.995
    endloop
  endfacet
  facet normal 0 0 1
    outer loop
      vertex 36.2156 70.6974 1.995
      vertex 35.8932 70.3949 1.995
      vertex 36.2247 70.6856 1.995
    endloop
  endfacet
  facet normal -0 0 1
    outer loop
      vertex 35.8812 70.4042 1.995
      vertex 35.8932 70.3949 1.995
      vertex 36.2156 70.6974 1.995
    endloop
  endfacet
  facet normal 0 0 1
    outer loop
      vertex 35.8932 70.3949 1.995
      vertex 35.8812 70.4042 1.995
      vertex 35.8918 70.3936 1.995
    endloop
  endfacet
  facet normal 0 0 1
    outer loop
      vertex 35.8812 70.4042 1.995
      vertex 35.8905 70.3922 1.995
      vertex 35.8918 70.3936 1.995
    endloop
  endfacet
  facet normal 0 0 1
    outer loop
      vertex 35.588 70.0698 1.995
      vertex 35.8905 70.3922 1.995
      vertex 35.8812 70.4042 1.995
    endloop
  endfacet
  facet normal 0 0 1
    outer loop
      vertex 35.8905 70.3922 1.995
      vertex 35.588 70.0698 1.995
      vertex 35.5998 70.0607 1.995
    endloop
  endfacet
  facet normal 0 0 1
    outer loop
      vertex 35.588 70.0698 1.995
      vertex 35.3549 69.6942 1.995
      vertex 35.5998 70.0607 1.995
    endloop
  endfacet
  facet normal -0 0 1
    outer loop
      vertex 35.3409 69.7 1.995
      vertex 35.3549 69.6942 1.995
      vertex 35.588 70.0698 1.995
    endloop
  endfacet
  facet normal 0 0 1
    outer loop
      vertex 35.3549 69.6942 1.995
      vertex 35.3409 69.7 1.995
      vertex 35.3538 69.6925 1.995
    endloop
  endfacet
  facet normal 0 0 1
    outer loop
      vertex 35.3409 69.7 1.995
      vertex 35.3529 69.6908 1.995
      vertex 35.3538 69.6925 1.995
    endloop
  endfacet
  facet normal 0 0 1
    outer loop
      vertex 35.1442 69.3011 1.995
      vertex 35.3529 69.6908 1.995
      vertex 35.3409 69.7 1.995
    endloop
  endfacet
  facet normal 0 0 1
    outer loop
      vertex 35.3529 69.6908 1.995
      vertex 35.1442 69.3011 1.995
      vertex 35.158 69.2954 1.995
    endloop
  endfacet
  facet normal 0 0 1
    outer loop
      vertex 35.1442 69.3011 1.995
      vertex 35.1573 69.2936 1.995
      vertex 35.158 69.2954 1.995
    endloop
  endfacet
  facet normal 0 0 1
    outer loop
      vertex 35.0012 68.88 1.995
      vertex 35.1573 69.2936 1.995
      vertex 35.1442 69.3011 1.995
    endloop
  endfacet
  facet normal 0 0 1
    outer loop
      vertex 35.1573 69.2936 1.995
      vertex 35.0012 68.88 1.995
      vertex 35.0156 68.8761 1.995
    endloop
  endfacet
  facet normal 0 0 1
    outer loop
      vertex 35.0012 68.88 1.995
      vertex 34.9296 68.4438 1.995
      vertex 35.0156 68.8761 1.995
    endloop
  endfacet
  facet normal 0 0 1
    outer loop
      vertex 34.9145 68.4438 1.995
      vertex 34.9296 68.4438 1.995
      vertex 35.0012 68.88 1.995
    endloop
  endfacet
  facet normal 0 0 1
    outer loop
      vertex 34.9296 68.4438 1.995
      vertex 34.9145 68.4438 1.995
      vertex 34.9292 68.4418 1.995
    endloop
  endfacet
  facet normal 0 0 1
    outer loop
      vertex 34.9145 68.4438 1.995
      vertex 34.9291 68.4399 1.995
      vertex 34.9292 68.4418 1.995
    endloop
  endfacet
  facet normal 0 0 1
    outer loop
      vertex 34.8854 68 1.995
      vertex 34.9291 68.4399 1.995
      vertex 34.9145 68.4438 1.995
    endloop
  endfacet
  facet normal 0 0 1
    outer loop
      vertex 34.9291 68.4399 1.995
      vertex 34.8854 68 1.995
      vertex 34.9003 68 1.995
    endloop
  endfacet
  facet normal 0 0 1
    outer loop
      vertex 41.6416 67.5601 1.995
      vertex 41.6854 68 1.995
      vertex 41.6705 68 1.995
    endloop
  endfacet
  facet normal 0 0 1
    outer loop
      vertex 41.6854 68 1.995
      vertex 41.6416 67.5601 1.995
      vertex 41.6563 67.5562 1.995
    endloop
  endfacet
  facet normal -0 0 1
    outer loop
      vertex 41.6415 67.5582 1.995
      vertex 41.6563 67.5562 1.995
      vertex 41.6416 67.5601 1.995
    endloop
  endfacet
  facet normal 0 0 1
    outer loop
      vertex 41.6411 67.5562 1.995
      vertex 41.6563 67.5562 1.995
      vertex 41.6415 67.5582 1.995
    endloop
  endfacet
  facet normal -0 0 1
    outer loop
      vertex 41.6411 67.5562 1.995
      vertex 41.5695 67.12 1.995
      vertex 41.6563 67.5562 1.995
    endloop
  endfacet
  facet normal -0 0 1
    outer loop
      vertex 41.5551 67.1239 1.995
      vertex 41.5695 67.12 1.995
      vertex 41.6411 67.5562 1.995
    endloop
  endfacet
  facet normal 0 0 1
    outer loop
      vertex 41.4134 66.7064 1.995
      vertex 41.5695 67.12 1.995
      vertex 41.5551 67.1239 1.995
    endloop
  endfacet
  facet normal 0 0 1
    outer loop
      vertex 41.5695 67.12 1.995
      vertex 41.4134 66.7064 1.995
      vertex 41.4266 66.6989 1.995
    endloop
  endfacet
  facet normal -0 0 1
    outer loop
      vertex 41.4128 66.7046 1.995
      vertex 41.4266 66.6989 1.995
      vertex 41.4134 66.7064 1.995
    endloop
  endfacet
  facet normal 0 0 1
    outer loop
      vertex 41.2178 66.3092 1.995
      vertex 41.4266 66.6989 1.995
      vertex 41.4128 66.7046 1.995
    endloop
  endfacet
  facet normal 0 0 1
    outer loop
      vertex 41.4266 66.6989 1.995
      vertex 41.2178 66.3092 1.995
      vertex 41.2299 66.3 1.995
    endloop
  endfacet
  facet normal -0 0 1
    outer loop
      vertex 41.2169 66.3075 1.995
      vertex 41.2299 66.3 1.995
      vertex 41.2178 66.3092 1.995
    endloop
  endfacet
  facet normal -0 0 1
    outer loop
      vertex 41.2159 66.3058 1.995
      vertex 41.2299 66.3 1.995
      vertex 41.2169 66.3075 1.995
    endloop
  endfacet
  facet normal 0 0 1
    outer loop
      vertex 41.2159 66.3058 1.995
      vertex 40.9828 65.9302 1.995
      vertex 41.2299 66.3 1.995
    endloop
  endfacet
  facet normal -0 0 1
    outer loop
      vertex 40.9709 65.9393 1.995
      vertex 40.9828 65.9302 1.995
      vertex 41.2159 66.3058 1.995
    endloop
  endfacet
  facet normal 0 0 1
    outer loop
      vertex 40.6803 65.6078 1.995
      vertex 40.9828 65.9302 1.995
      vertex 40.9709 65.9393 1.995
    endloop
  endfacet
  facet normal 0 0 1
    outer loop
      vertex 40.9828 65.9302 1.995
      vertex 40.6803 65.6078 1.995
      vertex 40.6895 65.5958 1.995
    endloop
  endfacet
  facet normal -0 0 1
    outer loop
      vertex 40.679 65.6064 1.995
      vertex 40.6895 65.5958 1.995
      vertex 40.6803 65.6078 1.995
    endloop
  endfacet
  facet normal -0 0 1
    outer loop
      vertex 40.6775 65.6051 1.995
      vertex 40.6895 65.5958 1.995
      vertex 40.679 65.6064 1.995
    endloop
  endfacet
  facet normal 0 0 1
    outer loop
      vertex 40.6775 65.6051 1.995
      vertex 40.3552 65.3026 1.995
      vertex 40.6895 65.5958 1.995
    endloop
  endfacet
  facet normal -0 0 1
    outer loop
      vertex 40.3461 65.3144 1.995
      vertex 40.3552 65.3026 1.995
      vertex 40.6775 65.6051 1.995
    endloop
  endfacet
  facet normal 0 0 1
    outer loop
      vertex 39.9795 65.0695 1.995
      vertex 40.3552 65.3026 1.995
      vertex 40.3461 65.3144 1.995
    endloop
  endfacet
  facet normal 0 0 1
    outer loop
      vertex 40.3552 65.3026 1.995
      vertex 39.9795 65.0695 1.995
      vertex 39.9854 65.0555 1.995
    endloop
  endfacet
  facet normal -0 0 1
    outer loop
      vertex 39.9779 65.0684 1.995
      vertex 39.9854 65.0555 1.995
      vertex 39.9795 65.0695 1.995
    endloop
  endfacet
  facet normal -0 0 1
    outer loop
      vertex 39.9762 65.0676 1.995
      vertex 39.9854 65.0555 1.995
      vertex 39.9779 65.0684 1.995
    endloop
  endfacet
  facet normal 0 0 1
    outer loop
      vertex 39.9762 65.0676 1.995
      vertex 39.5865 64.8588 1.995
      vertex 39.9854 65.0555 1.995
    endloop
  endfacet
  facet normal -0 0 1
    outer loop
      vertex 39.5808 64.8726 1.995
      vertex 39.5865 64.8588 1.995
      vertex 39.9762 65.0676 1.995
    endloop
  endfacet
  facet normal -0 0 1
    outer loop
      vertex 39.5789 64.872 1.995
      vertex 39.5865 64.8588 1.995
      vertex 39.5808 64.8726 1.995
    endloop
  endfacet
  facet normal 0 0 1
    outer loop
      vertex 39.5789 64.872 1.995
      vertex 39.1654 64.7159 1.995
      vertex 39.5865 64.8588 1.995
    endloop
  endfacet
  facet normal -0 0 1
    outer loop
      vertex 39.1615 64.7303 1.995
      vertex 39.1654 64.7159 1.995
      vertex 39.5789 64.872 1.995
    endloop
  endfacet
  facet normal 0 0 1
    outer loop
      vertex 38.7291 64.6442 1.995
      vertex 39.1654 64.7159 1.995
      vertex 39.1615 64.7303 1.995
    endloop
  endfacet
  facet normal 0 0 1
    outer loop
      vertex 39.1654 64.7159 1.995
      vertex 38.7291 64.6442 1.995
      vertex 38.7292 64.6291 1.995
    endloop
  endfacet
  facet normal -0 0 1
    outer loop
      vertex 38.7272 64.6439 1.995
      vertex 38.7292 64.6291 1.995
      vertex 38.7291 64.6442 1.995
    endloop
  endfacet
  facet normal -0 0 1
    outer loop
      vertex 38.7253 64.6437 1.995
      vertex 38.7292 64.6291 1.995
      vertex 38.7272 64.6439 1.995
    endloop
  endfacet
  facet normal 0 0 1
    outer loop
      vertex 38.2854 64.6 1.995
      vertex 38.7253 64.6437 1.995
      vertex 38.2854 64.6149 1.995
    endloop
  endfacet
  facet normal 0 0 1
    outer loop
      vertex 38.7253 64.6437 1.995
      vertex 38.2854 64.6 1.995
      vertex 38.7292 64.6291 1.995
    endloop
  endfacet
  facet normal 0 0 1
    outer loop
      vertex 37.8455 64.6437 1.995
      vertex 38.2854 64.6 1.995
      vertex 38.2854 64.6149 1.995
    endloop
  endfacet
  facet normal 0 0 1
    outer loop
      vertex 37.8416 64.6291 1.995
      vertex 37.8455 64.6437 1.995
      vertex 37.8435 64.6439 1.995
    endloop
  endfacet
  facet normal 0 0 1
    outer loop
      vertex 37.8455 64.6437 1.995
      vertex 37.8416 64.6291 1.995
      vertex 38.2854 64.6 1.995
    endloop
  endfacet
  facet normal 0 0 1
    outer loop
      vertex 37.8416 64.6442 1.995
      vertex 37.8416 64.6291 1.995
      vertex 37.8435 64.6439 1.995
    endloop
  endfacet
  facet normal -0 0 1
    outer loop
      vertex 37.4054 64.7159 1.995
      vertex 37.8416 64.6442 1.995
      vertex 37.4092 64.7303 1.995
    endloop
  endfacet
  facet normal 0 0 1
    outer loop
      vertex 37.8416 64.6442 1.995
      vertex 37.4054 64.7159 1.995
      vertex 37.8416 64.6291 1.995
    endloop
  endfacet
  facet normal 0 0 1
    outer loop
      vertex 36.9918 64.872 1.995
      vertex 37.4054 64.7159 1.995
      vertex 37.4092 64.7303 1.995
    endloop
  endfacet
  facet normal 0 0 1
    outer loop
      vertex 36.9842 64.8588 1.995
      vertex 36.9918 64.872 1.995
      vertex 36.99 64.8726 1.995
    endloop
  endfacet
  facet normal 0 0 1
    outer loop
      vertex 36.9918 64.872 1.995
      vertex 36.9842 64.8588 1.995
      vertex 37.4054 64.7159 1.995
    endloop
  endfacet
  facet normal 0 0 1
    outer loop
      vertex 36.5946 65.0676 1.995
      vertex 36.9842 64.8588 1.995
      vertex 36.99 64.8726 1.995
    endloop
  endfacet
  facet normal 0 0 1
    outer loop
      vertex 36.5854 65.0555 1.995
      vertex 36.5946 65.0676 1.995
      vertex 36.5928 65.0684 1.995
    endloop
  endfacet
  facet normal 0 0 1
    outer loop
      vertex 36.5946 65.0676 1.995
      vertex 36.5854 65.0555 1.995
      vertex 36.9842 64.8588 1.995
    endloop
  endfacet
  facet normal 0 0 1
    outer loop
      vertex 36.5912 65.0695 1.995
      vertex 36.5854 65.0555 1.995
      vertex 36.5928 65.0684 1.995
    endloop
  endfacet
  facet normal -0 0 1
    outer loop
      vertex 36.2156 65.3026 1.995
      vertex 36.5912 65.0695 1.995
      vertex 36.2247 65.3144 1.995
    endloop
  endfacet
  facet normal 0 0 1
    outer loop
      vertex 36.5912 65.0695 1.995
      vertex 36.2156 65.3026 1.995
      vertex 36.5854 65.0555 1.995
    endloop
  endfacet
  facet normal 0 0 1
    outer loop
      vertex 35.8932 65.6051 1.995
      vertex 36.2156 65.3026 1.995
      vertex 36.2247 65.3144 1.995
    endloop
  endfacet
  facet normal 0 0 1
    outer loop
      vertex 35.8812 65.5958 1.995
      vertex 35.8932 65.6051 1.995
      vertex 35.8918 65.6064 1.995
    endloop
  endfacet
  facet normal 0 0 1
    outer loop
      vertex 35.8932 65.6051 1.995
      vertex 35.8812 65.5958 1.995
      vertex 36.2156 65.3026 1.995
    endloop
  endfacet
  facet normal 0 0 1
    outer loop
      vertex 35.8905 65.6078 1.995
      vertex 35.8812 65.5958 1.995
      vertex 35.8918 65.6064 1.995
    endloop
  endfacet
  facet normal -0 0 1
    outer loop
      vertex 35.588 65.9302 1.995
      vertex 35.8905 65.6078 1.995
      vertex 35.5998 65.9393 1.995
    endloop
  endfacet
  facet normal 0 0 1
    outer loop
      vertex 35.8905 65.6078 1.995
      vertex 35.588 65.9302 1.995
      vertex 35.8812 65.5958 1.995
    endloop
  endfacet
  facet normal 0 0 1
    outer loop
      vertex 35.3549 66.3058 1.995
      vertex 35.588 65.9302 1.995
      vertex 35.5998 65.9393 1.995
    endloop
  endfacet
  facet normal 0 0 1
    outer loop
      vertex 35.3409 66.3 1.995
      vertex 35.3549 66.3058 1.995
      vertex 35.3538 66.3075 1.995
    endloop
  endfacet
  facet normal 0 0 1
    outer loop
      vertex 35.3549 66.3058 1.995
      vertex 35.3409 66.3 1.995
      vertex 35.588 65.9302 1.995
    endloop
  endfacet
  facet normal 0 0 1
    outer loop
      vertex 35.3529 66.3092 1.995
      vertex 35.3409 66.3 1.995
      vertex 35.3538 66.3075 1.995
    endloop
  endfacet
  facet normal -0 0 1
    outer loop
      vertex 35.1442 66.6989 1.995
      vertex 35.3529 66.3092 1.995
      vertex 35.158 66.7046 1.995
    endloop
  endfacet
  facet normal 0 0 1
    outer loop
      vertex 35.3529 66.3092 1.995
      vertex 35.1442 66.6989 1.995
      vertex 35.3409 66.3 1.995
    endloop
  endfacet
  facet normal 0 0 1
    outer loop
      vertex 35.1573 66.7064 1.995
      vertex 35.1442 66.6989 1.995
      vertex 35.158 66.7046 1.995
    endloop
  endfacet
  facet normal -0 0 1
    outer loop
      vertex 35.0012 67.12 1.995
      vertex 35.1573 66.7064 1.995
      vertex 35.0156 67.1239 1.995
    endloop
  endfacet
  facet normal 0 0 1
    outer loop
      vertex 35.1573 66.7064 1.995
      vertex 35.0012 67.12 1.995
      vertex 35.1442 66.6989 1.995
    endloop
  endfacet
  facet normal 0 0 1
    outer loop
      vertex 34.9296 67.5562 1.995
      vertex 35.0012 67.12 1.995
      vertex 35.0156 67.1239 1.995
    endloop
  endfacet
  facet normal 0 0 1
    outer loop
      vertex 34.9145 67.5562 1.995
      vertex 34.9296 67.5562 1.995
      vertex 34.9292 67.5582 1.995
    endloop
  endfacet
  facet normal 0 0 1
    outer loop
      vertex 34.9296 67.5562 1.995
      vertex 34.9145 67.5562 1.995
      vertex 35.0012 67.12 1.995
    endloop
  endfacet
  facet normal 0 0 1
    outer loop
      vertex 34.9291 67.5601 1.995
      vertex 34.9145 67.5562 1.995
      vertex 34.9292 67.5582 1.995
    endloop
  endfacet
  facet normal -0 0 1
    outer loop
      vertex 34.8854 68 1.995
      vertex 34.9291 67.5601 1.995
      vertex 34.9003 68 1.995
    endloop
  endfacet
  facet normal 0 0 1
    outer loop
      vertex 34.9291 67.5601 1.995
      vertex 34.8854 68 1.995
      vertex 34.9145 67.5562 1.995
    endloop
  endfacet
  facet normal 0.555582 0.831462 -0
    outer loop
      vertex 36.5854 65.0555 1.995
      vertex 36.2156 65.3026 2
      vertex 36.5854 65.0555 2
    endloop
  endfacet
  facet normal 0.555582 0.831462 0
    outer loop
      vertex 36.2156 65.3026 2
      vertex 36.5854 65.0555 1.995
      vertex 36.2156 65.3026 1.995
    endloop
  endfacet
  facet normal -0.981113 -0.193434 0
    outer loop
      vertex 109.489 39.2219 0
      vertex 109.446 39.44 0.3
      vertex 109.446 39.44 0
    endloop
  endfacet
  facet normal -0.981113 -0.193434 0
    outer loop
      vertex 109.446 39.44 0.3
      vertex 109.489 39.2219 0
      vertex 109.489 39.2219 0.3
    endloop
  endfacet
  facet normal -0.997723 -0.0674441 0
    outer loop
      vertex 109.504 39 0
      vertex 109.489 39.2219 0.3
      vertex 109.489 39.2219 0
    endloop
  endfacet
  facet normal -0.997723 -0.0674441 0
    outer loop
      vertex 109.489 39.2219 0.3
      vertex 109.504 39 0
      vertex 109.504 39 0.3
    endloop
  endfacet
  facet normal -0.0654701 0.997855 0
    outer loop
      vertex 108.025 37.3145 0
      vertex 107.804 37.3 0.3
      vertex 108.025 37.3145 0.3
    endloop
  endfacet
  facet normal -0.0654701 0.997855 0
    outer loop
      vertex 107.804 37.3 0.3
      vertex 108.025 37.3145 0
      vertex 107.804 37.3 0
    endloop
  endfacet
  facet normal 0.657488 -0.753465 0
    outer loop
      vertex 106.601 40.2021 0
      vertex 106.769 40.3487 0.3
      vertex 106.601 40.2021 0.3
    endloop
  endfacet
  facet normal 0.657488 -0.753465 0
    outer loop
      vertex 106.769 40.3487 0.3
      vertex 106.601 40.2021 0
      vertex 106.769 40.3487 0
    endloop
  endfacet
  facet normal 0.830527 0.556979 0
    outer loop
      vertex 106.455 37.9651 0.3
      vertex 106.331 38.15 0
      vertex 106.331 38.15 0.3
    endloop
  endfacet
  facet normal 0.830527 0.556979 0
    outer loop
      vertex 106.331 38.15 0
      vertex 106.455 37.9651 0.3
      vertex 106.455 37.9651 0
    endloop
  endfacet
  facet normal 0.195251 0.980753 -0
    outer loop
      vertex 107.582 37.3145 0
      vertex 107.364 37.3579 0.3
      vertex 107.582 37.3145 0.3
    endloop
  endfacet
  facet normal 0.195251 0.980753 0
    outer loop
      vertex 107.364 37.3579 0.3
      vertex 107.582 37.3145 0
      vertex 107.364 37.3579 0
    endloop
  endfacet
  facet normal -0.657488 -0.753465 0
    outer loop
      vertex 108.838 40.3487 0
      vertex 109.006 40.2021 0.3
      vertex 108.838 40.3487 0.3
    endloop
  endfacet
  facet normal -0.657488 -0.753465 -0
    outer loop
      vertex 109.006 40.2021 0.3
      vertex 108.838 40.3487 0
      vertex 109.006 40.2021 0
    endloop
  endfacet
  facet normal -0.946229 0.323497 0
    outer loop
      vertex 109.374 38.3494 0
      vertex 109.446 38.56 0.3
      vertex 109.446 38.56 0
    endloop
  endfacet
  facet normal -0.946229 0.323497 0
    outer loop
      vertex 109.446 38.56 0.3
      vertex 109.374 38.3494 0
      vertex 109.374 38.3494 0.3
    endloop
  endfacet
  facet normal -0.753246 0.657739 0
    outer loop
      vertex 109.006 37.7979 0
      vertex 109.152 37.9651 0.3
      vertex 109.152 37.9651 0
    endloop
  endfacet
  facet normal -0.753246 0.657739 0
    outer loop
      vertex 109.152 37.9651 0.3
      vertex 109.006 37.7979 0
      vertex 109.006 37.7979 0.3
    endloop
  endfacet
  facet normal -0.753246 -0.657739 0
    outer loop
      vertex 109.152 40.0349 0
      vertex 109.006 40.2021 0.3
      vertex 109.006 40.2021 0
    endloop
  endfacet
  facet normal -0.753246 -0.657739 0
    outer loop
      vertex 109.006 40.2021 0.3
      vertex 109.152 40.0349 0
      vertex 109.152 40.0349 0.3
    endloop
  endfacet
  facet normal 0.946229 0.323497 0
    outer loop
      vertex 106.233 38.3494 0.3
      vertex 106.161 38.56 0
      vertex 106.161 38.56 0.3
    endloop
  endfacet
  facet normal 0.946229 0.323497 0
    outer loop
      vertex 106.161 38.56 0
      vertex 106.233 38.3494 0.3
      vertex 106.233 38.3494 0
    endloop
  endfacet
  facet normal -0.322307 0.946635 0
    outer loop
      vertex 108.454 37.4294 0
      vertex 108.244 37.3579 0.3
      vertex 108.454 37.4294 0.3
    endloop
  endfacet
  facet normal -0.322307 0.946635 0
    outer loop
      vertex 108.244 37.3579 0.3
      vertex 108.454 37.4294 0
      vertex 108.244 37.3579 0
    endloop
  endfacet
  facet normal 0.0651764 0.997874 -0
    outer loop
      vertex 107.804 37.3 0
      vertex 107.582 37.3145 0.3
      vertex 107.804 37.3 0.3
    endloop
  endfacet
  facet normal 0.0651764 0.997874 0
    outer loop
      vertex 107.582 37.3145 0.3
      vertex 107.804 37.3 0
      vertex 107.582 37.3145 0
    endloop
  endfacet
  facet normal 0.320937 -0.947101 0
    outer loop
      vertex 107.153 40.5706 0
      vertex 107.364 40.6421 0.3
      vertex 107.153 40.5706 0.3
    endloop
  endfacet
  facet normal 0.320937 -0.947101 0
    outer loop
      vertex 107.364 40.6421 0.3
      vertex 107.153 40.5706 0
      vertex 107.364 40.6421 0
    endloop
  endfacet
  facet normal 0.753246 -0.657739 0
    outer loop
      vertex 106.455 40.0349 0.3
      vertex 106.601 40.2021 0
      vertex 106.601 40.2021 0.3
    endloop
  endfacet
  facet normal 0.753246 -0.657739 0
    outer loop
      vertex 106.601 40.2021 0
      vertex 106.455 40.0349 0.3
      vertex 106.455 40.0349 0
    endloop
  endfacet
  facet normal 0.443245 0.8964 -0
    outer loop
      vertex 107.153 37.4294 0
      vertex 106.954 37.5278 0.3
      vertex 107.153 37.4294 0.3
    endloop
  endfacet
  facet normal 0.443245 0.8964 0
    outer loop
      vertex 106.954 37.5278 0.3
      vertex 107.153 37.4294 0
      vertex 106.954 37.5278 0
    endloop
  endfacet
  facet normal 0.0651764 -0.997874 0
    outer loop
      vertex 107.582 40.6855 0
      vertex 107.804 40.7 0.3
      vertex 107.582 40.6855 0.3
    endloop
  endfacet
  facet normal 0.0651764 -0.997874 0
    outer loop
      vertex 107.804 40.7 0.3
      vertex 107.582 40.6855 0
      vertex 107.804 40.7 0
    endloop
  endfacet
  facet normal -0.897467 0.441082 0
    outer loop
      vertex 109.276 38.15 0
      vertex 109.374 38.3494 0.3
      vertex 109.374 38.3494 0
    endloop
  endfacet
  facet normal -0.897467 0.441082 0
    outer loop
      vertex 109.374 38.3494 0.3
      vertex 109.276 38.15 0
      vertex 109.276 38.15 0.3
    endloop
  endfacet
  facet normal -0.557301 0.830311 0
    outer loop
      vertex 108.838 37.6513 0
      vertex 108.654 37.5278 0.3
      vertex 108.838 37.6513 0.3
    endloop
  endfacet
  facet normal -0.557301 0.830311 0
    outer loop
      vertex 108.654 37.5278 0.3
      vertex 108.838 37.6513 0
      vertex 108.654 37.5278 0
    endloop
  endfacet
  facet normal 0.981113 0.193434 0
    outer loop
      vertex 106.161 38.56 0.3
      vertex 106.118 38.7781 0
      vertex 106.118 38.7781 0.3
    endloop
  endfacet
  facet normal 0.981113 0.193434 0
    outer loop
      vertex 106.118 38.7781 0
      vertex 106.161 38.56 0.3
      vertex 106.161 38.56 0
    endloop
  endfacet
  facet normal -0.194393 -0.980924 0
    outer loop
      vertex 108.025 40.6855 0
      vertex 108.244 40.6421 0.3
      vertex 108.025 40.6855 0.3
    endloop
  endfacet
  facet normal -0.194393 -0.980924 -0
    outer loop
      vertex 108.244 40.6421 0.3
      vertex 108.025 40.6855 0
      vertex 108.244 40.6421 0
    endloop
  endfacet
  facet normal -0.830527 -0.556979 0
    outer loop
      vertex 109.276 39.85 0
      vertex 109.152 40.0349 0.3
      vertex 109.152 40.0349 0
    endloop
  endfacet
  facet normal -0.830527 -0.556979 0
    outer loop
      vertex 109.152 40.0349 0.3
      vertex 109.276 39.85 0
      vertex 109.276 39.85 0.3
    endloop
  endfacet
  facet normal -0.997723 0.0674441 0
    outer loop
      vertex 109.489 38.7781 0
      vertex 109.504 39 0.3
      vertex 109.504 39 0
    endloop
  endfacet
  facet normal -0.997723 0.0674441 0
    outer loop
      vertex 109.504 39 0.3
      vertex 109.489 38.7781 0
      vertex 109.489 38.7781 0.3
    endloop
  endfacet
  facet normal -0.322307 -0.946635 0
    outer loop
      vertex 108.244 40.6421 0
      vertex 108.454 40.5706 0.3
      vertex 108.244 40.6421 0.3
    endloop
  endfacet
  facet normal -0.322307 -0.946635 -0
    outer loop
      vertex 108.454 40.5706 0.3
      vertex 108.244 40.6421 0
      vertex 108.454 40.5706 0
    endloop
  endfacet
  facet normal -0.557301 -0.830311 0
    outer loop
      vertex 108.654 40.4722 0
      vertex 108.838 40.3487 0.3
      vertex 108.654 40.4722 0.3
    endloop
  endfacet
  facet normal -0.557301 -0.830311 -0
    outer loop
      vertex 108.838 40.3487 0.3
      vertex 108.654 40.4722 0
      vertex 108.838 40.3487 0
    endloop
  endfacet
  facet normal 0.195251 -0.980753 0
    outer loop
      vertex 107.364 40.6421 0
      vertex 107.582 40.6855 0.3
      vertex 107.364 40.6421 0.3
    endloop
  endfacet
  facet normal 0.195251 -0.980753 0
    outer loop
      vertex 107.582 40.6855 0.3
      vertex 107.364 40.6421 0
      vertex 107.582 40.6855 0
    endloop
  endfacet
  facet normal -0.657488 0.753465 0
    outer loop
      vertex 109.006 37.7979 0
      vertex 108.838 37.6513 0.3
      vertex 109.006 37.7979 0.3
    endloop
  endfacet
  facet normal -0.657488 0.753465 0
    outer loop
      vertex 108.838 37.6513 0.3
      vertex 109.006 37.7979 0
      vertex 108.838 37.6513 0
    endloop
  endfacet
  facet normal 0.897467 -0.441082 0
    outer loop
      vertex 106.233 39.6506 0.3
      vertex 106.331 39.85 0
      vertex 106.331 39.85 0.3
    endloop
  endfacet
  facet normal 0.897467 -0.441082 0
    outer loop
      vertex 106.331 39.85 0
      vertex 106.233 39.6506 0.3
      vertex 106.233 39.6506 0
    endloop
  endfacet
  facet normal -0.981113 0.193434 0
    outer loop
      vertex 109.446 38.56 0
      vertex 109.489 38.7781 0.3
      vertex 109.489 38.7781 0
    endloop
  endfacet
  facet normal -0.981113 0.193434 0
    outer loop
      vertex 109.489 38.7781 0.3
      vertex 109.446 38.56 0
      vertex 109.446 38.56 0.3
    endloop
  endfacet
  facet normal -0.194393 0.980924 0
    outer loop
      vertex 108.244 37.3579 0
      vertex 108.025 37.3145 0.3
      vertex 108.244 37.3579 0.3
    endloop
  endfacet
  facet normal -0.194393 0.980924 0
    outer loop
      vertex 108.025 37.3145 0.3
      vertex 108.244 37.3579 0
      vertex 108.025 37.3145 0
    endloop
  endfacet
  facet normal 0.657488 0.753465 -0
    outer loop
      vertex 106.769 37.6513 0
      vertex 106.601 37.7979 0.3
      vertex 106.769 37.6513 0.3
    endloop
  endfacet
  facet normal 0.657488 0.753465 0
    outer loop
      vertex 106.601 37.7979 0.3
      vertex 106.769 37.6513 0
      vertex 106.601 37.7979 0
    endloop
  endfacet
  facet normal 0.753246 0.657739 0
    outer loop
      vertex 106.601 37.7979 0.3
      vertex 106.455 37.9651 0
      vertex 106.455 37.9651 0.3
    endloop
  endfacet
  facet normal 0.753246 0.657739 0
    outer loop
      vertex 106.455 37.9651 0
      vertex 106.601 37.7979 0.3
      vertex 106.601 37.7979 0
    endloop
  endfacet
  facet normal -0.0654701 -0.997855 0
    outer loop
      vertex 107.804 40.7 0
      vertex 108.025 40.6855 0.3
      vertex 107.804 40.7 0.3
    endloop
  endfacet
  facet normal -0.0654701 -0.997855 -0
    outer loop
      vertex 108.025 40.6855 0.3
      vertex 107.804 40.7 0
      vertex 108.025 40.6855 0
    endloop
  endfacet
  facet normal -0.441462 -0.89728 0
    outer loop
      vertex 108.454 40.5706 0
      vertex 108.654 40.4722 0.3
      vertex 108.454 40.5706 0.3
    endloop
  endfacet
  facet normal -0.441462 -0.89728 -0
    outer loop
      vertex 108.654 40.4722 0.3
      vertex 108.454 40.5706 0
      vertex 108.654 40.4722 0
    endloop
  endfacet
  facet normal -0.830527 0.556979 0
    outer loop
      vertex 109.152 37.9651 0
      vertex 109.276 38.15 0.3
      vertex 109.276 38.15 0
    endloop
  endfacet
  facet normal -0.830527 0.556979 0
    outer loop
      vertex 109.276 38.15 0.3
      vertex 109.152 37.9651 0
      vertex 109.152 37.9651 0.3
    endloop
  endfacet
  facet normal 0.998016 0.0629663 0
    outer loop
      vertex 106.118 38.7781 0.3
      vertex 106.104 39 0
      vertex 106.104 39 0.3
    endloop
  endfacet
  facet normal 0.998016 0.0629663 0
    outer loop
      vertex 106.104 39 0
      vertex 106.118 38.7781 0.3
      vertex 106.118 38.7781 0
    endloop
  endfacet
  facet normal -0.441462 0.89728 0
    outer loop
      vertex 108.654 37.5278 0
      vertex 108.454 37.4294 0.3
      vertex 108.654 37.5278 0.3
    endloop
  endfacet
  facet normal -0.441462 0.89728 0
    outer loop
      vertex 108.454 37.4294 0.3
      vertex 108.654 37.5278 0
      vertex 108.454 37.4294 0
    endloop
  endfacet
  facet normal 0.981113 -0.193434 0
    outer loop
      vertex 106.118 39.2219 0.3
      vertex 106.161 39.44 0
      vertex 106.161 39.44 0.3
    endloop
  endfacet
  facet normal 0.981113 -0.193434 0
    outer loop
      vertex 106.161 39.44 0
      vertex 106.118 39.2219 0.3
      vertex 106.118 39.2219 0
    endloop
  endfacet
  facet normal 0.897467 0.441082 0
    outer loop
      vertex 106.331 38.15 0.3
      vertex 106.233 38.3494 0
      vertex 106.233 38.3494 0.3
    endloop
  endfacet
  facet normal 0.897467 0.441082 0
    outer loop
      vertex 106.233 38.3494 0
      vertex 106.331 38.15 0.3
      vertex 106.331 38.15 0
    endloop
  endfacet
  facet normal 0.946229 -0.323497 0
    outer loop
      vertex 106.161 39.44 0.3
      vertex 106.233 39.6506 0
      vertex 106.233 39.6506 0.3
    endloop
  endfacet
  facet normal 0.946229 -0.323497 0
    outer loop
      vertex 106.233 39.6506 0
      vertex 106.161 39.44 0.3
      vertex 106.161 39.44 0
    endloop
  endfacet
  facet normal 0.555219 -0.831704 0
    outer loop
      vertex 106.769 40.3487 0
      vertex 106.954 40.4722 0.3
      vertex 106.769 40.3487 0.3
    endloop
  endfacet
  facet normal 0.555219 -0.831704 0
    outer loop
      vertex 106.954 40.4722 0.3
      vertex 106.769 40.3487 0
      vertex 106.954 40.4722 0
    endloop
  endfacet
  facet normal -0.897467 -0.441082 0
    outer loop
      vertex 109.374 39.6506 0
      vertex 109.276 39.85 0.3
      vertex 109.276 39.85 0
    endloop
  endfacet
  facet normal -0.897467 -0.441082 0
    outer loop
      vertex 109.276 39.85 0.3
      vertex 109.374 39.6506 0
      vertex 109.374 39.6506 0.3
    endloop
  endfacet
  facet normal -0.946229 -0.323497 0
    outer loop
      vertex 109.446 39.44 0
      vertex 109.374 39.6506 0.3
      vertex 109.374 39.6506 0
    endloop
  endfacet
  facet normal -0.946229 -0.323497 0
    outer loop
      vertex 109.374 39.6506 0.3
      vertex 109.446 39.44 0
      vertex 109.446 39.44 0.3
    endloop
  endfacet
  facet normal 0.998016 -0.0629663 0
    outer loop
      vertex 106.104 39 0.3
      vertex 106.118 39.2219 0
      vertex 106.118 39.2219 0.3
    endloop
  endfacet
  facet normal 0.998016 -0.0629663 0
    outer loop
      vertex 106.118 39.2219 0
      vertex 106.104 39 0.3
      vertex 106.104 39 0
    endloop
  endfacet
  facet normal 0.320937 0.947101 -0
    outer loop
      vertex 107.364 37.3579 0
      vertex 107.153 37.4294 0.3
      vertex 107.364 37.3579 0.3
    endloop
  endfacet
  facet normal 0.320937 0.947101 0
    outer loop
      vertex 107.153 37.4294 0.3
      vertex 107.364 37.3579 0
      vertex 107.153 37.4294 0
    endloop
  endfacet
  facet normal 0.443245 -0.8964 0
    outer loop
      vertex 106.954 40.4722 0
      vertex 107.153 40.5706 0.3
      vertex 106.954 40.4722 0.3
    endloop
  endfacet
  facet normal 0.443245 -0.8964 0
    outer loop
      vertex 107.153 40.5706 0.3
      vertex 106.954 40.4722 0
      vertex 107.153 40.5706 0
    endloop
  endfacet
  facet normal 0.830527 -0.556979 0
    outer loop
      vertex 106.331 39.85 0.3
      vertex 106.455 40.0349 0
      vertex 106.455 40.0349 0.3
    endloop
  endfacet
  facet normal 0.830527 -0.556979 0
    outer loop
      vertex 106.455 40.0349 0
      vertex 106.331 39.85 0.3
      vertex 106.331 39.85 0
    endloop
  endfacet
  facet normal 0.555219 0.831704 -0
    outer loop
      vertex 106.954 37.5278 0
      vertex 106.769 37.6513 0.3
      vertex 106.954 37.5278 0.3
    endloop
  endfacet
  facet normal 0.555219 0.831704 0
    outer loop
      vertex 106.769 37.6513 0.3
      vertex 106.954 37.5278 0
      vertex 106.769 37.6513 0
    endloop
  endfacet
  facet normal 0.39478 0.589994 0.704312
    outer loop
      vertex 106.109 36.0695 1.995
      vertex 106.769 37.6513 0.3
      vertex 105.743 36.3144 1.995
    endloop
  endfacet
  facet normal -0.581076 -0.415054 0.700058
    outer loop
      vertex 109.006 40.2021 0.3
      vertex 110.198 41.3922 1.995
      vertex 110.197 41.3936 1.995
    endloop
  endfacet
  facet normal -0.534886 -0.467065 0.704093
    outer loop
      vertex 110.198 41.3922 1.995
      vertex 109.006 40.2021 0.3
      vertex 109.152 40.0349 0.3
    endloop
  endfacet
  facet normal -0.636687 0.313996 0.704299
    outer loop
      vertex 110.736 37.3092 1.995
      vertex 110.931 37.7046 1.995
      vertex 109.374 38.3494 0.3
    endloop
  endfacet
  facet normal -0.228423 0.672213 0.704239
    outer loop
      vertex 108.68 35.7303 1.995
      vertex 109.097 35.872 1.995
      vertex 108.244 37.3579 0.3
    endloop
  endfacet
  facet normal -0.708422 -0.0467021 0.704242
    outer loop
      vertex 111.189 39 1.995
      vertex 111.16 39.4399 1.995
      vertex 109.504 39 0.3
    endloop
  endfacet
  facet normal -0.71213 0 0.702047
    outer loop
      vertex 109.489 39.2219 0.3
      vertex 111.16 39.4399 1.995
      vertex 111.16 39.4418 1.995
    endloop
  endfacet
  facet normal -0.708229 -0.0478749 0.704358
    outer loop
      vertex 111.16 39.4399 1.995
      vertex 109.489 39.2219 0.3
      vertex 109.504 39 0.3
    endloop
  endfacet
  facet normal 0.581076 -0.415054 0.700058
    outer loop
      vertex 105.409 41.3922 1.995
      vertex 106.601 40.2021 0.3
      vertex 105.41 41.3936 1.995
    endloop
  endfacet
  facet normal 0.534886 -0.467065 0.704093
    outer loop
      vertex 106.601 40.2021 0.3
      vertex 105.409 41.3922 1.995
      vertex 106.455 40.0349 0.3
    endloop
  endfacet
  facet normal 0.139236 -0.696182 0.704233
    outer loop
      vertex 107.36 42.3557 1.995
      vertex 107.582 40.6855 0.3
      vertex 107.362 42.3561 1.995
    endloop
  endfacet
  facet normal 0.138618 -0.696285 0.704253
    outer loop
      vertex 107.582 40.6855 0.3
      vertex 107.36 42.3557 1.995
      vertex 107.364 40.6421 0.3
    endloop
  endfacet
  facet normal -0.314264 0.636586 0.70427
    outer loop
      vertex 109.099 35.8726 1.995
      vertex 109.494 36.0676 1.995
      vertex 108.454 37.4294 0.3
    endloop
  endfacet
  facet normal -0.138306 0.696357 0.704243
    outer loop
      vertex 108.247 35.6443 1.995
      vertex 108.68 35.7303 1.995
      vertex 108.244 37.3579 0.3
    endloop
  endfacet
  facet normal 0.341774 -0.621407 0.705013
    outer loop
      vertex 106.109 41.9305 1.995
      vertex 106.954 40.4722 0.3
      vertex 106.111 41.9316 1.995
    endloop
  endfacet
  facet normal 0.394103 -0.590357 0.704387
    outer loop
      vertex 106.954 40.4722 0.3
      vertex 106.109 41.9305 1.995
      vertex 106.769 40.3487 0.3
    endloop
  endfacet
  facet normal -0.0464742 0.708409 0.704271
    outer loop
      vertex 108.243 35.6437 1.995
      vertex 107.804 37.3 0.3
      vertex 107.804 35.6149 1.995
    endloop
  endfacet
  facet normal 0.228402 0.672149 0.704307
    outer loop
      vertex 106.927 35.7303 1.995
      vertex 107.364 37.3579 0.3
      vertex 106.51 35.872 1.995
    endloop
  endfacet
  facet normal -0.651775 0.325888 0.684826
    outer loop
      vertex 109.489 38.7781 0.3
      vertex 111.159 38.5562 1.995
      vertex 111.16 38.5582 1.995
    endloop
  endfacet
  facet normal -0.696544 0.137329 0.704249
    outer loop
      vertex 111.159 38.5562 1.995
      vertex 109.489 38.7781 0.3
      vertex 109.446 38.56 0.3
    endloop
  endfacet
  facet normal 0.590182 0.394528 0.704296
    outer loop
      vertex 105.118 36.9393 1.995
      vertex 106.455 37.9651 0.3
      vertex 104.873 37.3058 1.995
    endloop
  endfacet
  facet normal -0.264734 -0.661835 0.701349
    outer loop
      vertex 109.494 41.9324 1.995
      vertex 108.654 40.4722 0.3
      vertex 109.496 41.9316 1.995
    endloop
  endfacet
  facet normal -0.313449 -0.637092 0.704176
    outer loop
      vertex 108.654 40.4722 0.3
      vertex 109.494 41.9324 1.995
      vertex 108.454 40.5706 0.3
    endloop
  endfacet
  facet normal -0.696424 0.138544 0.70413
    outer loop
      vertex 111.073 38.1239 1.995
      vertex 111.159 38.5562 1.995
      vertex 109.446 38.56 0.3
    endloop
  endfacet
  facet normal -0.314264 -0.636586 0.70427
    outer loop
      vertex 109.494 41.9324 1.995
      vertex 109.099 42.1274 1.995
      vertex 108.454 40.5706 0.3
    endloop
  endfacet
  facet normal -0.708229 0.0478749 0.704358
    outer loop
      vertex 109.489 38.7781 0.3
      vertex 111.16 38.5601 1.995
      vertex 109.504 39 0.3
    endloop
  endfacet
  facet normal -0.71213 0 0.702047
    outer loop
      vertex 111.16 38.5601 1.995
      vertex 109.489 38.7781 0.3
      vertex 111.16 38.5582 1.995
    endloop
  endfacet
  facet normal -0.0464792 -0.708408 0.704271
    outer loop
      vertex 108.025 40.6855 0.3
      vertex 108.243 42.3563 1.995
      vertex 107.804 40.7 0.3
    endloop
  endfacet
  facet normal -0.0705843 -0.705843 0.704843
    outer loop
      vertex 108.243 42.3563 1.995
      vertex 108.025 40.6855 0.3
      vertex 108.245 42.3561 1.995
    endloop
  endfacet
  facet normal -0.590182 -0.394528 0.704296
    outer loop
      vertex 110.734 40.6942 1.995
      vertex 110.489 41.0607 1.995
      vertex 109.152 40.0349 0.3
    endloop
  endfacet
  facet normal 0.708213 0.0466883 0.704453
    outer loop
      vertex 104.447 38.5601 1.995
      vertex 106.104 39 0.3
      vertex 104.418 39 1.995
    endloop
  endfacet
  facet normal -0.138005 0.696387 0.704273
    outer loop
      vertex 108.025 37.3145 0.3
      vertex 108.247 35.6443 1.995
      vertex 108.244 37.3579 0.3
    endloop
  endfacet
  facet normal -0.139236 0.696182 0.704233
    outer loop
      vertex 108.247 35.6443 1.995
      vertex 108.025 37.3145 0.3
      vertex 108.245 35.6439 1.995
    endloop
  endfacet
  facet normal 0.533525 -0.468343 0.704277
    outer loop
      vertex 106.455 40.0349 0.3
      vertex 105.409 41.3922 1.995
      vertex 105.118 41.0607 1.995
    endloop
  endfacet
  facet normal 0.466818 0.534962 0.704199
    outer loop
      vertex 106.601 37.7979 0.3
      vertex 105.411 36.6051 1.995
      vertex 106.769 37.6513 0.3
    endloop
  endfacet
  facet normal 0.564537 0.434259 0.701938
    outer loop
      vertex 105.411 36.6051 1.995
      vertex 106.601 37.7979 0.3
      vertex 105.41 36.6064 1.995
    endloop
  endfacet
  facet normal 0.672261 0.228649 0.70412
    outer loop
      vertex 104.676 37.7064 1.995
      vertex 106.161 38.56 0.3
      vertex 104.534 38.1239 1.995
    endloop
  endfacet
  facet normal -0.671609 0.22961 0.704429
    outer loop
      vertex 109.374 38.3494 0.3
      vertex 110.932 37.7064 1.995
      vertex 109.446 38.56 0.3
    endloop
  endfacet
  facet normal -0.621926 0.345514 0.702729
    outer loop
      vertex 110.932 37.7064 1.995
      vertex 109.374 38.3494 0.3
      vertex 110.931 37.7046 1.995
    endloop
  endfacet
  facet normal -0.204298 0.680995 0.703213
    outer loop
      vertex 108.454 37.4294 0.3
      vertex 109.097 35.872 1.995
      vertex 109.099 35.8726 1.995
    endloop
  endfacet
  facet normal -0.228812 0.672037 0.704281
    outer loop
      vertex 109.097 35.872 1.995
      vertex 108.454 37.4294 0.3
      vertex 108.244 37.3579 0.3
    endloop
  endfacet
  facet normal -0.621926 -0.345514 0.702729
    outer loop
      vertex 109.374 39.6506 0.3
      vertex 110.932 40.2936 1.995
      vertex 110.931 40.2954 1.995
    endloop
  endfacet
  facet normal -0.671609 -0.22961 0.704429
    outer loop
      vertex 110.932 40.2936 1.995
      vertex 109.374 39.6506 0.3
      vertex 109.446 39.44 0.3
    endloop
  endfacet
  facet normal -0.0464742 -0.708409 0.704271
    outer loop
      vertex 108.243 42.3563 1.995
      vertex 107.804 42.3851 1.995
      vertex 107.804 40.7 0.3
    endloop
  endfacet
  facet normal 0.314654 0.636344 0.704315
    outer loop
      vertex 106.954 37.5278 0.3
      vertex 106.113 36.0676 1.995
      vertex 107.153 37.4294 0.3
    endloop
  endfacet
  facet normal 0.264705 0.661762 0.701429
    outer loop
      vertex 106.113 36.0676 1.995
      vertex 106.954 37.5278 0.3
      vertex 106.111 36.0684 1.995
    endloop
  endfacet
  facet normal 0.314654 -0.636344 0.704315
    outer loop
      vertex 106.113 41.9324 1.995
      vertex 106.954 40.4722 0.3
      vertex 107.153 40.5706 0.3
    endloop
  endfacet
  facet normal 0.264705 -0.661762 0.701429
    outer loop
      vertex 106.954 40.4722 0.3
      vertex 106.113 41.9324 1.995
      vertex 106.111 41.9316 1.995
    endloop
  endfacet
  facet normal -0.672704 0.227189 0.704169
    outer loop
      vertex 110.932 37.7064 1.995
      vertex 111.073 38.1239 1.995
      vertex 109.446 38.56 0.3
    endloop
  endfacet
  facet normal -0.708422 0.0467021 0.704242
    outer loop
      vertex 111.16 38.5601 1.995
      vertex 111.189 39 1.995
      vertex 109.504 39 0.3
    endloop
  endfacet
  facet normal -0.39478 0.589994 0.704312
    outer loop
      vertex 109.498 36.0695 1.995
      vertex 109.864 36.3144 1.995
      vertex 108.838 37.6513 0.3
    endloop
  endfacet
  facet normal 0.228402 -0.672149 0.704307
    outer loop
      vertex 107.364 40.6421 0.3
      vertex 106.927 42.2697 1.995
      vertex 106.51 42.128 1.995
    endloop
  endfacet
  facet normal 0.636687 0.313996 0.704299
    outer loop
      vertex 104.871 37.3092 1.995
      vertex 106.233 38.3494 0.3
      vertex 104.676 37.7046 1.995
    endloop
  endfacet
  facet normal 0.394103 0.590357 0.704387
    outer loop
      vertex 106.109 36.0695 1.995
      vertex 106.954 37.5278 0.3
      vertex 106.769 37.6513 0.3
    endloop
  endfacet
  facet normal 0.341774 0.621407 0.705013
    outer loop
      vertex 106.954 37.5278 0.3
      vertex 106.109 36.0695 1.995
      vertex 106.111 36.0684 1.995
    endloop
  endfacet
  facet normal 0.696424 -0.138544 0.70413
    outer loop
      vertex 106.161 39.44 0.3
      vertex 104.534 39.8761 1.995
      vertex 104.448 39.4438 1.995
    endloop
  endfacet
  facet normal -0.39478 -0.589994 0.704312
    outer loop
      vertex 109.864 41.6856 1.995
      vertex 109.498 41.9305 1.995
      vertex 108.838 40.3487 0.3
    endloop
  endfacet
  facet normal 0.589682 -0.39546 0.704192
    outer loop
      vertex 104.873 40.6942 1.995
      vertex 106.331 39.85 0.3
      vertex 106.455 40.0349 0.3
    endloop
  endfacet
  facet normal 0.611329 -0.359606 0.704954
    outer loop
      vertex 106.331 39.85 0.3
      vertex 104.873 40.6942 1.995
      vertex 104.872 40.6925 1.995
    endloop
  endfacet
  facet normal -0.533525 0.468343 0.704277
    outer loop
      vertex 110.198 36.6078 1.995
      vertex 110.489 36.9393 1.995
      vertex 109.152 37.9651 0.3
    endloop
  endfacet
  facet normal 0.696544 0.137329 0.704249
    outer loop
      vertex 106.118 38.7781 0.3
      vertex 104.448 38.5562 1.995
      vertex 106.161 38.56 0.3
    endloop
  endfacet
  facet normal 0.651775 0.325888 0.684826
    outer loop
      vertex 104.448 38.5562 1.995
      vertex 106.118 38.7781 0.3
      vertex 104.447 38.5582 1.995
    endloop
  endfacet
  facet normal 0.671797 0.229674 0.704229
    outer loop
      vertex 104.676 37.7064 1.995
      vertex 106.233 38.3494 0.3
      vertex 106.161 38.56 0.3
    endloop
  endfacet
  facet normal 0.73645 0 0.676492
    outer loop
      vertex 106.233 38.3494 0.3
      vertex 104.676 37.7064 1.995
      vertex 104.676 37.7046 1.995
    endloop
  endfacet
  facet normal 0.611329 -0.359606 0.704954
    outer loop
      vertex 104.871 40.6908 1.995
      vertex 106.331 39.85 0.3
      vertex 104.872 40.6925 1.995
    endloop
  endfacet
  facet normal 0.6372 -0.313168 0.704203
    outer loop
      vertex 106.331 39.85 0.3
      vertex 104.871 40.6908 1.995
      vertex 106.233 39.6506 0.3
    endloop
  endfacet
  facet normal -0.0705843 0.705843 0.704843
    outer loop
      vertex 108.025 37.3145 0.3
      vertex 108.243 35.6437 1.995
      vertex 108.245 35.6439 1.995
    endloop
  endfacet
  facet normal -0.0464792 0.708408 0.704271
    outer loop
      vertex 108.243 35.6437 1.995
      vertex 108.025 37.3145 0.3
      vertex 107.804 37.3 0.3
    endloop
  endfacet
  facet normal 0.672261 -0.228649 0.70412
    outer loop
      vertex 106.161 39.44 0.3
      vertex 104.676 40.2936 1.995
      vertex 104.534 39.8761 1.995
    endloop
  endfacet
  facet normal 0.696424 0.138544 0.70413
    outer loop
      vertex 104.534 38.1239 1.995
      vertex 106.161 38.56 0.3
      vertex 104.448 38.5562 1.995
    endloop
  endfacet
  facet normal 0.708213 -0.0466883 0.704453
    outer loop
      vertex 106.104 39 0.3
      vertex 104.447 39.4399 1.995
      vertex 104.418 39 1.995
    endloop
  endfacet
  facet normal 0.708538 0.0447027 0.704255
    outer loop
      vertex 104.447 38.5601 1.995
      vertex 106.118 38.7781 0.3
      vertex 106.104 39 0.3
    endloop
  endfacet
  facet normal 0.71213 0 0.702047
    outer loop
      vertex 106.118 38.7781 0.3
      vertex 104.447 38.5601 1.995
      vertex 104.447 38.5582 1.995
    endloop
  endfacet
  facet normal -0.467644 0.534083 0.704318
    outer loop
      vertex 109.864 36.3144 1.995
      vertex 110.196 36.6051 1.995
      vertex 108.838 37.6513 0.3
    endloop
  endfacet
  facet normal -0.204298 -0.680995 0.703213
    outer loop
      vertex 109.097 42.128 1.995
      vertex 108.454 40.5706 0.3
      vertex 109.099 42.1274 1.995
    endloop
  endfacet
  facet normal -0.228812 -0.672037 0.704281
    outer loop
      vertex 108.454 40.5706 0.3
      vertex 109.097 42.128 1.995
      vertex 108.244 40.6421 0.3
    endloop
  endfacet
  facet normal -0.534886 0.467065 0.704093
    outer loop
      vertex 109.006 37.7979 0.3
      vertex 110.198 36.6078 1.995
      vertex 109.152 37.9651 0.3
    endloop
  endfacet
  facet normal -0.581076 0.415054 0.700058
    outer loop
      vertex 110.198 36.6078 1.995
      vertex 109.006 37.7979 0.3
      vertex 110.197 36.6064 1.995
    endloop
  endfacet
  facet normal -0.467644 -0.534083 0.704318
    outer loop
      vertex 110.196 41.3949 1.995
      vertex 109.864 41.6856 1.995
      vertex 108.838 40.3487 0.3
    endloop
  endfacet
  facet normal 0.138299 -0.696317 0.704284
    outer loop
      vertex 107.364 40.6421 0.3
      vertex 107.36 42.3557 1.995
      vertex 106.927 42.2697 1.995
    endloop
  endfacet
  facet normal -0.611329 0.359606 0.704954
    outer loop
      vertex 109.276 38.15 0.3
      vertex 110.734 37.3058 1.995
      vertex 110.735 37.3075 1.995
    endloop
  endfacet
  facet normal -0.589682 0.39546 0.704192
    outer loop
      vertex 110.734 37.3058 1.995
      vertex 109.276 38.15 0.3
      vertex 109.152 37.9651 0.3
    endloop
  endfacet
  facet normal 0.0705843 -0.705843 0.704843
    outer loop
      vertex 107.582 40.6855 0.3
      vertex 107.364 42.3563 1.995
      vertex 107.362 42.3561 1.995
    endloop
  endfacet
  facet normal 0.0462712 -0.708428 0.704265
    outer loop
      vertex 107.364 42.3563 1.995
      vertex 107.582 40.6855 0.3
      vertex 107.804 40.7 0.3
    endloop
  endfacet
  facet normal -0.6372 0.313168 0.704203
    outer loop
      vertex 109.276 38.15 0.3
      vertex 110.736 37.3092 1.995
      vertex 109.374 38.3494 0.3
    endloop
  endfacet
  facet normal -0.611329 0.359606 0.704954
    outer loop
      vertex 110.736 37.3092 1.995
      vertex 109.276 38.15 0.3
      vertex 110.735 37.3075 1.995
    endloop
  endfacet
  facet normal 0.0463688 -0.708412 0.704274
    outer loop
      vertex 107.804 40.7 0.3
      vertex 107.804 42.3851 1.995
      vertex 107.364 42.3563 1.995
    endloop
  endfacet
  facet normal -0.533525 -0.468343 0.704277
    outer loop
      vertex 110.489 41.0607 1.995
      vertex 110.198 41.3922 1.995
      vertex 109.152 40.0349 0.3
    endloop
  endfacet
  facet normal -0.564537 0.434259 0.701938
    outer loop
      vertex 109.006 37.7979 0.3
      vertex 110.196 36.6051 1.995
      vertex 110.197 36.6064 1.995
    endloop
  endfacet
  facet normal -0.466818 0.534962 0.704199
    outer loop
      vertex 110.196 36.6051 1.995
      vertex 109.006 37.7979 0.3
      vertex 108.838 37.6513 0.3
    endloop
  endfacet
  facet normal 0.39478 -0.589994 0.704312
    outer loop
      vertex 106.769 40.3487 0.3
      vertex 106.109 41.9305 1.995
      vertex 105.743 41.6856 1.995
    endloop
  endfacet
  facet normal 0.22785 0.672398 0.704248
    outer loop
      vertex 107.153 37.4294 0.3
      vertex 106.51 35.872 1.995
      vertex 107.364 37.3579 0.3
    endloop
  endfacet
  facet normal 0.204298 0.680995 0.703213
    outer loop
      vertex 106.51 35.872 1.995
      vertex 107.153 37.4294 0.3
      vertex 106.508 35.8726 1.995
    endloop
  endfacet
  facet normal 0.71213 -0 0.702047
    outer loop
      vertex 104.447 39.4399 1.995
      vertex 106.118 39.2219 0.3
      vertex 104.447 39.4418 1.995
    endloop
  endfacet
  facet normal 0.708538 -0.0447027 0.704255
    outer loop
      vertex 106.118 39.2219 0.3
      vertex 104.447 39.4399 1.995
      vertex 106.104 39 0.3
    endloop
  endfacet
  facet normal 0.590182 -0.394528 0.704296
    outer loop
      vertex 106.455 40.0349 0.3
      vertex 105.118 41.0607 1.995
      vertex 104.873 40.6942 1.995
    endloop
  endfacet
  facet normal -0.138306 -0.696357 0.704243
    outer loop
      vertex 108.68 42.2697 1.995
      vertex 108.247 42.3557 1.995
      vertex 108.244 40.6421 0.3
    endloop
  endfacet
  facet normal 0.314264 0.636586 0.70427
    outer loop
      vertex 106.508 35.8726 1.995
      vertex 107.153 37.4294 0.3
      vertex 106.113 36.0676 1.995
    endloop
  endfacet
  facet normal 0.314264 -0.636586 0.70427
    outer loop
      vertex 107.153 40.5706 0.3
      vertex 106.508 42.1274 1.995
      vertex 106.113 41.9324 1.995
    endloop
  endfacet
  facet normal 0.138299 0.696317 0.704284
    outer loop
      vertex 107.36 35.6443 1.995
      vertex 107.364 37.3579 0.3
      vertex 106.927 35.7303 1.995
    endloop
  endfacet
  facet normal 0.467644 0.534083 0.704318
    outer loop
      vertex 105.743 36.3144 1.995
      vertex 106.769 37.6513 0.3
      vertex 105.411 36.6051 1.995
    endloop
  endfacet
  facet normal 0.138618 0.696285 0.704253
    outer loop
      vertex 107.36 35.6443 1.995
      vertex 107.582 37.3145 0.3
      vertex 107.364 37.3579 0.3
    endloop
  endfacet
  facet normal 0.139236 0.696182 0.704233
    outer loop
      vertex 107.582 37.3145 0.3
      vertex 107.36 35.6443 1.995
      vertex 107.362 35.6439 1.995
    endloop
  endfacet
  facet normal 0.0463688 0.708412 0.704274
    outer loop
      vertex 107.804 35.6149 1.995
      vertex 107.804 37.3 0.3
      vertex 107.364 35.6437 1.995
    endloop
  endfacet
  facet normal 0.73645 -0 0.676492
    outer loop
      vertex 104.676 40.2936 1.995
      vertex 106.233 39.6506 0.3
      vertex 104.676 40.2954 1.995
    endloop
  endfacet
  facet normal 0.671797 -0.229674 0.704229
    outer loop
      vertex 106.233 39.6506 0.3
      vertex 104.676 40.2936 1.995
      vertex 106.161 39.44 0.3
    endloop
  endfacet
  facet normal 0.636687 -0.313996 0.704299
    outer loop
      vertex 106.233 39.6506 0.3
      vertex 104.871 40.6908 1.995
      vertex 104.676 40.2954 1.995
    endloop
  endfacet
  facet normal -0.590182 0.394528 0.704296
    outer loop
      vertex 110.489 36.9393 1.995
      vertex 110.734 37.3058 1.995
      vertex 109.152 37.9651 0.3
    endloop
  endfacet
  facet normal 0.467644 -0.534083 0.704318
    outer loop
      vertex 106.769 40.3487 0.3
      vertex 105.743 41.6856 1.995
      vertex 105.411 41.3949 1.995
    endloop
  endfacet
  facet normal 0.22785 -0.672398 0.704248
    outer loop
      vertex 106.51 42.128 1.995
      vertex 107.153 40.5706 0.3
      vertex 107.364 40.6421 0.3
    endloop
  endfacet
  facet normal 0.204298 -0.680995 0.703213
    outer loop
      vertex 107.153 40.5706 0.3
      vertex 106.51 42.128 1.995
      vertex 106.508 42.1274 1.995
    endloop
  endfacet
  facet normal 0.696544 -0.137329 0.704249
    outer loop
      vertex 104.448 39.4438 1.995
      vertex 106.118 39.2219 0.3
      vertex 106.161 39.44 0.3
    endloop
  endfacet
  facet normal 0.651775 -0.325888 0.684826
    outer loop
      vertex 106.118 39.2219 0.3
      vertex 104.448 39.4438 1.995
      vertex 104.447 39.4418 1.995
    endloop
  endfacet
  facet normal 0.533525 0.468343 0.704277
    outer loop
      vertex 105.409 36.6078 1.995
      vertex 106.455 37.9651 0.3
      vertex 105.118 36.9393 1.995
    endloop
  endfacet
  facet normal -0.264734 0.661835 0.701349
    outer loop
      vertex 108.654 37.5278 0.3
      vertex 109.494 36.0676 1.995
      vertex 109.496 36.0684 1.995
    endloop
  endfacet
  facet normal -0.313449 0.637092 0.704176
    outer loop
      vertex 109.494 36.0676 1.995
      vertex 108.654 37.5278 0.3
      vertex 108.454 37.4294 0.3
    endloop
  endfacet
  facet normal 0.534886 0.467065 0.704093
    outer loop
      vertex 105.409 36.6078 1.995
      vertex 106.601 37.7979 0.3
      vertex 106.455 37.9651 0.3
    endloop
  endfacet
  facet normal 0.581076 0.415054 0.700058
    outer loop
      vertex 106.601 37.7979 0.3
      vertex 105.409 36.6078 1.995
      vertex 105.41 36.6064 1.995
    endloop
  endfacet
  facet normal 0.589682 0.39546 0.704192
    outer loop
      vertex 106.331 38.15 0.3
      vertex 104.873 37.3058 1.995
      vertex 106.455 37.9651 0.3
    endloop
  endfacet
  facet normal 0.611329 0.359606 0.704954
    outer loop
      vertex 104.873 37.3058 1.995
      vertex 106.331 38.15 0.3
      vertex 104.872 37.3075 1.995
    endloop
  endfacet
  facet normal 0.6372 0.313168 0.704203
    outer loop
      vertex 104.871 37.3092 1.995
      vertex 106.331 38.15 0.3
      vertex 106.233 38.3494 0.3
    endloop
  endfacet
  facet normal 0.611329 0.359606 0.704954
    outer loop
      vertex 106.331 38.15 0.3
      vertex 104.871 37.3092 1.995
      vertex 104.872 37.3075 1.995
    endloop
  endfacet
  facet normal -0.672704 -0.227189 0.704169
    outer loop
      vertex 111.073 39.8761 1.995
      vertex 110.932 40.2936 1.995
      vertex 109.446 39.44 0.3
    endloop
  endfacet
  facet normal -0.228423 -0.672213 0.704239
    outer loop
      vertex 109.097 42.128 1.995
      vertex 108.68 42.2697 1.995
      vertex 108.244 40.6421 0.3
    endloop
  endfacet
  facet normal -0.341823 -0.621496 0.704912
    outer loop
      vertex 108.654 40.4722 0.3
      vertex 109.498 41.9305 1.995
      vertex 109.496 41.9316 1.995
    endloop
  endfacet
  facet normal -0.395678 -0.589512 0.704211
    outer loop
      vertex 109.498 41.9305 1.995
      vertex 108.654 40.4722 0.3
      vertex 108.838 40.3487 0.3
    endloop
  endfacet
  facet normal 0.0462712 0.708428 0.704265
    outer loop
      vertex 107.582 37.3145 0.3
      vertex 107.364 35.6437 1.995
      vertex 107.804 37.3 0.3
    endloop
  endfacet
  facet normal 0.0705843 0.705843 0.704843
    outer loop
      vertex 107.364 35.6437 1.995
      vertex 107.582 37.3145 0.3
      vertex 107.362 35.6439 1.995
    endloop
  endfacet
  facet normal -0.395678 0.589512 0.704211
    outer loop
      vertex 108.654 37.5278 0.3
      vertex 109.498 36.0695 1.995
      vertex 108.838 37.6513 0.3
    endloop
  endfacet
  facet normal -0.341823 0.621496 0.704912
    outer loop
      vertex 109.498 36.0695 1.995
      vertex 108.654 37.5278 0.3
      vertex 109.496 36.0684 1.995
    endloop
  endfacet
  facet normal 0.466818 -0.534962 0.704199
    outer loop
      vertex 105.411 41.3949 1.995
      vertex 106.601 40.2021 0.3
      vertex 106.769 40.3487 0.3
    endloop
  endfacet
  facet normal 0.564537 -0.434259 0.701938
    outer loop
      vertex 106.601 40.2021 0.3
      vertex 105.411 41.3949 1.995
      vertex 105.41 41.3936 1.995
    endloop
  endfacet
  facet normal -0.611329 -0.359606 0.704954
    outer loop
      vertex 110.734 40.6942 1.995
      vertex 109.276 39.85 0.3
      vertex 110.735 40.6925 1.995
    endloop
  endfacet
  facet normal -0.589682 -0.39546 0.704192
    outer loop
      vertex 109.276 39.85 0.3
      vertex 110.734 40.6942 1.995
      vertex 109.152 40.0349 0.3
    endloop
  endfacet
  facet normal -0.696424 -0.138544 0.70413
    outer loop
      vertex 111.159 39.4438 1.995
      vertex 111.073 39.8761 1.995
      vertex 109.446 39.44 0.3
    endloop
  endfacet
  facet normal -0.651775 -0.325888 0.684826
    outer loop
      vertex 111.159 39.4438 1.995
      vertex 109.489 39.2219 0.3
      vertex 111.16 39.4418 1.995
    endloop
  endfacet
  facet normal -0.696544 -0.137329 0.704249
    outer loop
      vertex 109.489 39.2219 0.3
      vertex 111.159 39.4438 1.995
      vertex 109.446 39.44 0.3
    endloop
  endfacet
  facet normal -0.139236 -0.696182 0.704233
    outer loop
      vertex 108.025 40.6855 0.3
      vertex 108.247 42.3557 1.995
      vertex 108.245 42.3561 1.995
    endloop
  endfacet
  facet normal -0.138005 -0.696387 0.704273
    outer loop
      vertex 108.247 42.3557 1.995
      vertex 108.025 40.6855 0.3
      vertex 108.244 40.6421 0.3
    endloop
  endfacet
  facet normal -0.564537 -0.434259 0.701938
    outer loop
      vertex 110.196 41.3949 1.995
      vertex 109.006 40.2021 0.3
      vertex 110.197 41.3936 1.995
    endloop
  endfacet
  facet normal -0.466818 -0.534962 0.704199
    outer loop
      vertex 109.006 40.2021 0.3
      vertex 110.196 41.3949 1.995
      vertex 108.838 40.3487 0.3
    endloop
  endfacet
  facet normal -0.611329 -0.359606 0.704954
    outer loop
      vertex 109.276 39.85 0.3
      vertex 110.736 40.6908 1.995
      vertex 110.735 40.6925 1.995
    endloop
  endfacet
  facet normal -0.6372 -0.313168 0.704203
    outer loop
      vertex 110.736 40.6908 1.995
      vertex 109.276 39.85 0.3
      vertex 109.374 39.6506 0.3
    endloop
  endfacet
  facet normal -0.636687 -0.313996 0.704299
    outer loop
      vertex 110.931 40.2954 1.995
      vertex 110.736 40.6908 1.995
      vertex 109.374 39.6506 0.3
    endloop
  endfacet
  facet normal -0.981113 -0.193434 0
    outer loop
      vertex 111.174 39.4438 1.995
      vertex 111.088 39.88 2
      vertex 111.088 39.88 1.995
    endloop
  endfacet
  facet normal -0.981113 -0.193434 0
    outer loop
      vertex 111.088 39.88 2
      vertex 111.174 39.4438 1.995
      vertex 111.174 39.4438 2
    endloop
  endfacet
  facet normal -0.997723 -0.0674441 0
    outer loop
      vertex 111.204 39 1.995
      vertex 111.174 39.4438 2
      vertex 111.174 39.4438 1.995
    endloop
  endfacet
  facet normal -0.997723 -0.0674441 0
    outer loop
      vertex 111.174 39.4438 2
      vertex 111.204 39 1.995
      vertex 111.204 39 2
    endloop
  endfacet
  facet normal 0.555374 -0.831601 0
    outer loop
      vertex 105.734 41.6974 1.995
      vertex 106.104 41.9445 2
      vertex 105.734 41.6974 2
    endloop
  endfacet
  facet normal 0.555374 -0.831601 0
    outer loop
      vertex 106.104 41.9445 2
      vertex 105.734 41.6974 1.995
      vertex 106.104 41.9445 1.995
    endloop
  endfacet
  facet normal 0.752131 -0.659014 0
    outer loop
      vertex 105.106 41.0698 2
      vertex 105.399 41.4042 1.995
      vertex 105.399 41.4042 2
    endloop
  endfacet
  facet normal 0.752131 -0.659014 0
    outer loop
      vertex 105.399 41.4042 1.995
      vertex 105.106 41.0698 2
      vertex 105.106 41.0698 1.995
    endloop
  endfacet
  facet normal -0.0655472 -0.997849 0
    outer loop
      vertex 107.804 42.4 1.995
      vertex 108.247 42.3709 2
      vertex 107.804 42.4 2
    endloop
  endfacet
  facet normal -0.0655472 -0.997849 -0
    outer loop
      vertex 108.247 42.3709 2
      vertex 107.804 42.4 1.995
      vertex 108.247 42.3709 1.995
    endloop
  endfacet
  facet normal -0.6586 0.752493 0
    outer loop
      vertex 110.208 36.5958 1.995
      vertex 109.873 36.3026 2
      vertex 110.208 36.5958 2
    endloop
  endfacet
  facet normal -0.6586 0.752493 0
    outer loop
      vertex 109.873 36.3026 2
      vertex 110.208 36.5958 1.995
      vertex 109.873 36.3026 1.995
    endloop
  endfacet
  facet normal 0.831566 -0.555426 0
    outer loop
      vertex 104.859 40.7 2
      vertex 105.106 41.0698 1.995
      vertex 105.106 41.0698 2
    endloop
  endfacet
  facet normal 0.831566 -0.555426 0
    outer loop
      vertex 105.106 41.0698 1.995
      vertex 104.859 40.7 2
      vertex 104.859 40.7 1.995
    endloop
  endfacet
  facet normal 0.6586 -0.752493 0
    outer loop
      vertex 105.399 41.4042 1.995
      vertex 105.734 41.6974 2
      vertex 105.399 41.4042 2
    endloop
  endfacet
  facet normal 0.6586 -0.752493 0
    outer loop
      vertex 105.734 41.6974 2
      vertex 105.399 41.4042 1.995
      vertex 105.734 41.6974 1.995
    endloop
  endfacet
  facet normal 0.320736 -0.947169 0
    outer loop
      vertex 106.502 42.1412 1.995
      vertex 106.924 42.2841 2
      vertex 106.502 42.1412 2
    endloop
  endfacet
  facet normal 0.320736 -0.947169 0
    outer loop
      vertex 106.924 42.2841 2
      vertex 106.502 42.1412 1.995
      vertex 106.924 42.2841 1.995
    endloop
  endfacet
  facet normal 0.946892 0.321552 0
    outer loop
      vertex 104.662 37.6989 2
      vertex 104.519 38.12 1.995
      vertex 104.519 38.12 2
    endloop
  endfacet
  facet normal 0.946892 0.321552 0
    outer loop
      vertex 104.519 38.12 1.995
      vertex 104.662 37.6989 2
      vertex 104.662 37.6989 1.995
    endloop
  endfacet
  facet normal -0.752131 -0.659014 0
    outer loop
      vertex 110.501 41.0698 1.995
      vertex 110.208 41.4042 2
      vertex 110.208 41.4042 1.995
    endloop
  endfacet
  facet normal -0.752131 -0.659014 0
    outer loop
      vertex 110.208 41.4042 2
      vertex 110.501 41.0698 1.995
      vertex 110.501 41.0698 2
    endloop
  endfacet
  facet normal 0.443064 -0.89649 0
    outer loop
      vertex 106.104 41.9445 1.995
      vertex 106.502 42.1412 2
      vertex 106.104 41.9445 2
    endloop
  endfacet
  facet normal 0.443064 -0.89649 0
    outer loop
      vertex 106.502 42.1412 2
      vertex 106.104 41.9445 1.995
      vertex 106.502 42.1412 1.995
    endloop
  endfacet
  facet normal 0.752131 0.659014 0
    outer loop
      vertex 105.399 36.5958 2
      vertex 105.106 36.9302 1.995
      vertex 105.106 36.9302 2
    endloop
  endfacet
  facet normal 0.752131 0.659014 0
    outer loop
      vertex 105.106 36.9302 1.995
      vertex 105.399 36.5958 2
      vertex 105.399 36.5958 1.995
    endloop
  endfacet
  facet normal -0.831566 -0.555426 0
    outer loop
      vertex 110.748 40.7 1.995
      vertex 110.501 41.0698 2
      vertex 110.501 41.0698 1.995
    endloop
  endfacet
  facet normal -0.831566 -0.555426 0
    outer loop
      vertex 110.501 41.0698 2
      vertex 110.748 40.7 1.995
      vertex 110.748 40.7 2
    endloop
  endfacet
  facet normal 0.195251 0.980753 -0
    outer loop
      vertex 107.36 35.6291 1.995
      vertex 106.924 35.7159 2
      vertex 107.36 35.6291 2
    endloop
  endfacet
  facet normal 0.195251 0.980753 0
    outer loop
      vertex 106.924 35.7159 2
      vertex 107.36 35.6291 1.995
      vertex 106.924 35.7159 1.995
    endloop
  endfacet
  facet normal -0.981113 0.193434 0
    outer loop
      vertex 111.088 38.12 1.995
      vertex 111.174 38.5562 2
      vertex 111.174 38.5562 1.995
    endloop
  endfacet
  facet normal -0.981113 0.193434 0
    outer loop
      vertex 111.174 38.5562 2
      vertex 111.088 38.12 1.995
      vertex 111.088 38.12 2
    endloop
  endfacet
  facet normal -0.194821 0.980839 0
    outer loop
      vertex 108.684 35.7159 1.995
      vertex 108.247 35.6291 2
      vertex 108.684 35.7159 2
    endloop
  endfacet
  facet normal -0.194821 0.980839 0
    outer loop
      vertex 108.247 35.6291 2
      vertex 108.684 35.7159 1.995
      vertex 108.247 35.6291 1.995
    endloop
  endfacet
  facet normal -0.831566 0.555426 0
    outer loop
      vertex 110.501 36.9302 1.995
      vertex 110.748 37.3 2
      vertex 110.748 37.3 1.995
    endloop
  endfacet
  facet normal -0.831566 0.555426 0
    outer loop
      vertex 110.748 37.3 2
      vertex 110.501 36.9302 1.995
      vertex 110.501 36.9302 2
    endloop
  endfacet
  facet normal -0.946892 0.321552 0
    outer loop
      vertex 110.945 37.6989 1.995
      vertex 111.088 38.12 2
      vertex 111.088 38.12 1.995
    endloop
  endfacet
  facet normal -0.946892 0.321552 0
    outer loop
      vertex 111.088 38.12 2
      vertex 110.945 37.6989 1.995
      vertex 110.945 37.6989 2
    endloop
  endfacet
  facet normal -0.442171 -0.896931 0
    outer loop
      vertex 109.105 42.1412 1.995
      vertex 109.504 41.9445 2
      vertex 109.105 42.1412 2
    endloop
  endfacet
  facet normal -0.442171 -0.896931 -0
    outer loop
      vertex 109.504 41.9445 2
      vertex 109.105 42.1412 1.995
      vertex 109.504 41.9445 1.995
    endloop
  endfacet
  facet normal -0.556414 0.830905 0
    outer loop
      vertex 109.873 36.3026 1.995
      vertex 109.504 36.0555 2
      vertex 109.873 36.3026 2
    endloop
  endfacet
  facet normal -0.556414 0.830905 0
    outer loop
      vertex 109.504 36.0555 2
      vertex 109.873 36.3026 1.995
      vertex 109.504 36.0555 1.995
    endloop
  endfacet
  facet normal -0.442171 0.896931 0
    outer loop
      vertex 109.504 36.0555 1.995
      vertex 109.105 35.8588 2
      vertex 109.504 36.0555 2
    endloop
  endfacet
  facet normal -0.442171 0.896931 0
    outer loop
      vertex 109.105 35.8588 2
      vertex 109.504 36.0555 1.995
      vertex 109.105 35.8588 1.995
    endloop
  endfacet
  facet normal -0.556414 -0.830905 0
    outer loop
      vertex 109.504 41.9445 1.995
      vertex 109.873 41.6974 2
      vertex 109.504 41.9445 2
    endloop
  endfacet
  facet normal -0.556414 -0.830905 -0
    outer loop
      vertex 109.873 41.6974 2
      vertex 109.504 41.9445 1.995
      vertex 109.873 41.6974 1.995
    endloop
  endfacet
  facet normal -0.6586 -0.752493 0
    outer loop
      vertex 109.873 41.6974 1.995
      vertex 110.208 41.4042 2
      vertex 109.873 41.6974 2
    endloop
  endfacet
  facet normal -0.6586 -0.752493 -0
    outer loop
      vertex 110.208 41.4042 2
      vertex 109.873 41.6974 1.995
      vertex 110.208 41.4042 1.995
    endloop
  endfacet
  facet normal 0.981113 0.193434 0
    outer loop
      vertex 104.519 38.12 2
      vertex 104.433 38.5562 1.995
      vertex 104.433 38.5562 2
    endloop
  endfacet
  facet normal 0.981113 0.193434 0
    outer loop
      vertex 104.433 38.5562 1.995
      vertex 104.519 38.12 2
      vertex 104.519 38.12 1.995
    endloop
  endfacet
  facet normal 0.981113 -0.193434 0
    outer loop
      vertex 104.433 39.4438 2
      vertex 104.519 39.88 1.995
      vertex 104.519 39.88 2
    endloop
  endfacet
  facet normal 0.981113 -0.193434 0
    outer loop
      vertex 104.519 39.88 1.995
      vertex 104.433 39.4438 2
      vertex 104.433 39.4438 1.995
    endloop
  endfacet
  facet normal 0.0654002 0.997859 -0
    outer loop
      vertex 107.804 35.6 1.995
      vertex 107.36 35.6291 2
      vertex 107.804 35.6 2
    endloop
  endfacet
  facet normal 0.0654002 0.997859 0
    outer loop
      vertex 107.36 35.6291 2
      vertex 107.804 35.6 1.995
      vertex 107.36 35.6291 1.995
    endloop
  endfacet
  facet normal 0.6586 0.752493 -0
    outer loop
      vertex 105.734 36.3026 1.995
      vertex 105.399 36.5958 2
      vertex 105.734 36.3026 2
    endloop
  endfacet
  facet normal 0.6586 0.752493 0
    outer loop
      vertex 105.399 36.5958 2
      vertex 105.734 36.3026 1.995
      vertex 105.399 36.5958 1.995
    endloop
  endfacet
  facet normal -0.896619 -0.442803 0
    outer loop
      vertex 110.945 40.3011 1.995
      vertex 110.748 40.7 2
      vertex 110.748 40.7 1.995
    endloop
  endfacet
  facet normal -0.896619 -0.442803 0
    outer loop
      vertex 110.748 40.7 2
      vertex 110.945 40.3011 1.995
      vertex 110.945 40.3011 2
    endloop
  endfacet
  facet normal -0.752131 0.659014 0
    outer loop
      vertex 110.208 36.5958 1.995
      vertex 110.501 36.9302 2
      vertex 110.501 36.9302 1.995
    endloop
  endfacet
  facet normal -0.752131 0.659014 0
    outer loop
      vertex 110.501 36.9302 2
      vertex 110.208 36.5958 1.995
      vertex 110.208 36.5958 2
    endloop
  endfacet
  facet normal 0.997872 0.0652057 0
    outer loop
      vertex 104.433 38.5562 2
      vertex 104.404 39 1.995
      vertex 104.404 39 2
    endloop
  endfacet
  facet normal 0.997872 0.0652057 0
    outer loop
      vertex 104.404 39 1.995
      vertex 104.433 38.5562 2
      vertex 104.433 38.5562 1.995
    endloop
  endfacet
  facet normal -0.0655472 0.997849 0
    outer loop
      vertex 108.247 35.6291 1.995
      vertex 107.804 35.6 2
      vertex 108.247 35.6291 2
    endloop
  endfacet
  facet normal -0.0655472 0.997849 0
    outer loop
      vertex 107.804 35.6 2
      vertex 108.247 35.6291 1.995
      vertex 107.804 35.6 1.995
    endloop
  endfacet
  facet normal 0.946892 -0.321552 0
    outer loop
      vertex 104.519 39.88 2
      vertex 104.662 40.3011 1.995
      vertex 104.662 40.3011 2
    endloop
  endfacet
  facet normal 0.946892 -0.321552 0
    outer loop
      vertex 104.662 40.3011 1.995
      vertex 104.519 39.88 2
      vertex 104.519 39.88 1.995
    endloop
  endfacet
  facet normal -0.321419 -0.946937 0
    outer loop
      vertex 108.684 42.2841 1.995
      vertex 109.105 42.1412 2
      vertex 108.684 42.2841 2
    endloop
  endfacet
  facet normal -0.321419 -0.946937 -0
    outer loop
      vertex 109.105 42.1412 2
      vertex 108.684 42.2841 1.995
      vertex 109.105 42.1412 1.995
    endloop
  endfacet
  facet normal 0.997872 -0.0652057 0
    outer loop
      vertex 104.404 39 2
      vertex 104.433 39.4438 1.995
      vertex 104.433 39.4438 2
    endloop
  endfacet
  facet normal 0.997872 -0.0652057 0
    outer loop
      vertex 104.433 39.4438 1.995
      vertex 104.404 39 2
      vertex 104.404 39 1.995
    endloop
  endfacet
  facet normal 0.896619 0.442803 0
    outer loop
      vertex 104.859 37.3 2
      vertex 104.662 37.6989 1.995
      vertex 104.662 37.6989 2
    endloop
  endfacet
  facet normal 0.896619 0.442803 0
    outer loop
      vertex 104.662 37.6989 1.995
      vertex 104.859 37.3 2
      vertex 104.859 37.3 1.995
    endloop
  endfacet
  facet normal 0.831566 0.555426 0
    outer loop
      vertex 105.106 36.9302 2
      vertex 104.859 37.3 1.995
      vertex 104.859 37.3 2
    endloop
  endfacet
  facet normal 0.831566 0.555426 0
    outer loop
      vertex 104.859 37.3 1.995
      vertex 105.106 36.9302 2
      vertex 105.106 36.9302 1.995
    endloop
  endfacet
  facet normal -0.997723 0.0674441 0
    outer loop
      vertex 111.174 38.5562 1.995
      vertex 111.204 39 2
      vertex 111.204 39 1.995
    endloop
  endfacet
  facet normal -0.997723 0.0674441 0
    outer loop
      vertex 111.204 39 2
      vertex 111.174 38.5562 1.995
      vertex 111.174 38.5562 2
    endloop
  endfacet
  facet normal -0.946892 -0.321552 0
    outer loop
      vertex 111.088 39.88 1.995
      vertex 110.945 40.3011 2
      vertex 110.945 40.3011 1.995
    endloop
  endfacet
  facet normal -0.946892 -0.321552 0
    outer loop
      vertex 110.945 40.3011 2
      vertex 111.088 39.88 1.995
      vertex 111.088 39.88 2
    endloop
  endfacet
  facet normal 0.0654002 -0.997859 0
    outer loop
      vertex 107.36 42.3709 1.995
      vertex 107.804 42.4 2
      vertex 107.36 42.3709 2
    endloop
  endfacet
  facet normal 0.0654002 -0.997859 0
    outer loop
      vertex 107.804 42.4 2
      vertex 107.36 42.3709 1.995
      vertex 107.804 42.4 1.995
    endloop
  endfacet
  facet normal -0.321419 0.946937 0
    outer loop
      vertex 109.105 35.8588 1.995
      vertex 108.684 35.7159 2
      vertex 109.105 35.8588 2
    endloop
  endfacet
  facet normal -0.321419 0.946937 0
    outer loop
      vertex 108.684 35.7159 2
      vertex 109.105 35.8588 1.995
      vertex 108.684 35.7159 1.995
    endloop
  endfacet
  facet normal 0.195251 -0.980753 0
    outer loop
      vertex 106.924 42.2841 1.995
      vertex 107.36 42.3709 2
      vertex 106.924 42.2841 2
    endloop
  endfacet
  facet normal 0.195251 -0.980753 0
    outer loop
      vertex 107.36 42.3709 2
      vertex 106.924 42.2841 1.995
      vertex 107.36 42.3709 1.995
    endloop
  endfacet
  facet normal 0.896619 -0.442803 0
    outer loop
      vertex 104.662 40.3011 2
      vertex 104.859 40.7 1.995
      vertex 104.859 40.7 2
    endloop
  endfacet
  facet normal 0.896619 -0.442803 0
    outer loop
      vertex 104.859 40.7 1.995
      vertex 104.662 40.3011 2
      vertex 104.662 40.3011 1.995
    endloop
  endfacet
  facet normal -0.896619 0.442803 0
    outer loop
      vertex 110.748 37.3 1.995
      vertex 110.945 37.6989 2
      vertex 110.945 37.6989 1.995
    endloop
  endfacet
  facet normal -0.896619 0.442803 0
    outer loop
      vertex 110.945 37.6989 2
      vertex 110.748 37.3 1.995
      vertex 110.748 37.3 2
    endloop
  endfacet
  facet normal 0.320736 0.947169 -0
    outer loop
      vertex 106.924 35.7159 1.995
      vertex 106.502 35.8588 2
      vertex 106.924 35.7159 2
    endloop
  endfacet
  facet normal 0.320736 0.947169 0
    outer loop
      vertex 106.502 35.8588 2
      vertex 106.924 35.7159 1.995
      vertex 106.502 35.8588 1.995
    endloop
  endfacet
  facet normal -0.194821 -0.980839 0
    outer loop
      vertex 108.247 42.3709 1.995
      vertex 108.684 42.2841 2
      vertex 108.247 42.3709 2
    endloop
  endfacet
  facet normal -0.194821 -0.980839 -0
    outer loop
      vertex 108.684 42.2841 2
      vertex 108.247 42.3709 1.995
      vertex 108.684 42.2841 1.995
    endloop
  endfacet
  facet normal 0.443064 0.89649 -0
    outer loop
      vertex 106.502 35.8588 1.995
      vertex 106.104 36.0555 2
      vertex 106.502 35.8588 2
    endloop
  endfacet
  facet normal 0.443064 0.89649 0
    outer loop
      vertex 106.104 36.0555 2
      vertex 106.502 35.8588 1.995
      vertex 106.104 36.0555 1.995
    endloop
  endfacet
  facet normal -0 0 1
    outer loop
      vertex 111.16 39.4399 1.995
      vertex 111.204 39 1.995
      vertex 111.174 39.4438 1.995
    endloop
  endfacet
  facet normal 0 0 1
    outer loop
      vertex 111.204 39 1.995
      vertex 111.16 39.4399 1.995
      vertex 111.189 39 1.995
    endloop
  endfacet
  facet normal 0 0 1
    outer loop
      vertex 111.174 39.4438 1.995
      vertex 111.16 39.4418 1.995
      vertex 111.16 39.4399 1.995
    endloop
  endfacet
  facet normal 0 0 1
    outer loop
      vertex 111.174 39.4438 1.995
      vertex 111.159 39.4438 1.995
      vertex 111.16 39.4418 1.995
    endloop
  endfacet
  facet normal 0 0 1
    outer loop
      vertex 111.088 39.88 1.995
      vertex 111.159 39.4438 1.995
      vertex 111.174 39.4438 1.995
    endloop
  endfacet
  facet normal 0 0 1
    outer loop
      vertex 111.088 39.88 1.995
      vertex 111.073 39.8761 1.995
      vertex 111.159 39.4438 1.995
    endloop
  endfacet
  facet normal -0 0 1
    outer loop
      vertex 110.932 40.2936 1.995
      vertex 111.088 39.88 1.995
      vertex 110.945 40.3011 1.995
    endloop
  endfacet
  facet normal 0 0 1
    outer loop
      vertex 111.088 39.88 1.995
      vertex 110.932 40.2936 1.995
      vertex 111.073 39.8761 1.995
    endloop
  endfacet
  facet normal 0 0 1
    outer loop
      vertex 110.945 40.3011 1.995
      vertex 110.931 40.2954 1.995
      vertex 110.932 40.2936 1.995
    endloop
  endfacet
  facet normal -0 0 1
    outer loop
      vertex 110.736 40.6908 1.995
      vertex 110.945 40.3011 1.995
      vertex 110.748 40.7 1.995
    endloop
  endfacet
  facet normal 0 0 1
    outer loop
      vertex 110.945 40.3011 1.995
      vertex 110.736 40.6908 1.995
      vertex 110.931 40.2954 1.995
    endloop
  endfacet
  facet normal 0 0 1
    outer loop
      vertex 110.748 40.7 1.995
      vertex 110.735 40.6925 1.995
      vertex 110.736 40.6908 1.995
    endloop
  endfacet
  facet normal 0 0 1
    outer loop
      vertex 110.748 40.7 1.995
      vertex 110.734 40.6942 1.995
      vertex 110.735 40.6925 1.995
    endloop
  endfacet
  facet normal 0 0 1
    outer loop
      vertex 110.501 41.0698 1.995
      vertex 110.734 40.6942 1.995
      vertex 110.748 40.7 1.995
    endloop
  endfacet
  facet normal 0 0 1
    outer loop
      vertex 110.501 41.0698 1.995
      vertex 110.489 41.0607 1.995
      vertex 110.734 40.6942 1.995
    endloop
  endfacet
  facet normal -0 0 1
    outer loop
      vertex 110.198 41.3922 1.995
      vertex 110.501 41.0698 1.995
      vertex 110.208 41.4042 1.995
    endloop
  endfacet
  facet normal 0 0 1
    outer loop
      vertex 110.501 41.0698 1.995
      vertex 110.198 41.3922 1.995
      vertex 110.489 41.0607 1.995
    endloop
  endfacet
  facet normal 0 0 1
    outer loop
      vertex 110.208 41.4042 1.995
      vertex 110.197 41.3936 1.995
      vertex 110.198 41.3922 1.995
    endloop
  endfacet
  facet normal 0 0 1
    outer loop
      vertex 110.208 41.4042 1.995
      vertex 110.196 41.3949 1.995
      vertex 110.197 41.3936 1.995
    endloop
  endfacet
  facet normal 0 0 1
    outer loop
      vertex 109.873 41.6974 1.995
      vertex 110.196 41.3949 1.995
      vertex 110.208 41.4042 1.995
    endloop
  endfacet
  facet normal 0 0 1
    outer loop
      vertex 109.873 41.6974 1.995
      vertex 109.864 41.6856 1.995
      vertex 110.196 41.3949 1.995
    endloop
  endfacet
  facet normal -0 0 1
    outer loop
      vertex 109.498 41.9305 1.995
      vertex 109.873 41.6974 1.995
      vertex 109.504 41.9445 1.995
    endloop
  endfacet
  facet normal 0 0 1
    outer loop
      vertex 109.873 41.6974 1.995
      vertex 109.498 41.9305 1.995
      vertex 109.864 41.6856 1.995
    endloop
  endfacet
  facet normal 0 0 1
    outer loop
      vertex 109.504 41.9445 1.995
      vertex 109.496 41.9316 1.995
      vertex 109.498 41.9305 1.995
    endloop
  endfacet
  facet normal 0 0 1
    outer loop
      vertex 109.504 41.9445 1.995
      vertex 109.494 41.9324 1.995
      vertex 109.496 41.9316 1.995
    endloop
  endfacet
  facet normal 0 0 1
    outer loop
      vertex 109.105 42.1412 1.995
      vertex 109.494 41.9324 1.995
      vertex 109.504 41.9445 1.995
    endloop
  endfacet
  facet normal 0 0 1
    outer loop
      vertex 109.105 42.1412 1.995
      vertex 109.099 42.1274 1.995
      vertex 109.494 41.9324 1.995
    endloop
  endfacet
  facet normal 0 0 1
    outer loop
      vertex 109.105 42.1412 1.995
      vertex 109.097 42.128 1.995
      vertex 109.099 42.1274 1.995
    endloop
  endfacet
  facet normal 0 0 1
    outer loop
      vertex 108.684 42.2841 1.995
      vertex 109.097 42.128 1.995
      vertex 109.105 42.1412 1.995
    endloop
  endfacet
  facet normal 0 0 1
    outer loop
      vertex 108.684 42.2841 1.995
      vertex 108.68 42.2697 1.995
      vertex 109.097 42.128 1.995
    endloop
  endfacet
  facet normal -0 0 1
    outer loop
      vertex 108.247 42.3557 1.995
      vertex 108.684 42.2841 1.995
      vertex 108.247 42.3709 1.995
    endloop
  endfacet
  facet normal 0 0 1
    outer loop
      vertex 108.684 42.2841 1.995
      vertex 108.247 42.3557 1.995
      vertex 108.68 42.2697 1.995
    endloop
  endfacet
  facet normal 0 0 1
    outer loop
      vertex 108.247 42.3709 1.995
      vertex 108.245 42.3561 1.995
      vertex 108.247 42.3557 1.995
    endloop
  endfacet
  facet normal 0 0 1
    outer loop
      vertex 108.247 42.3709 1.995
      vertex 108.243 42.3563 1.995
      vertex 108.245 42.3561 1.995
    endloop
  endfacet
  facet normal 0 0 1
    outer loop
      vertex 107.804 42.4 1.995
      vertex 108.243 42.3563 1.995
      vertex 108.247 42.3709 1.995
    endloop
  endfacet
  facet normal 0 0 1
    outer loop
      vertex 107.804 42.4 1.995
      vertex 107.804 42.3851 1.995
      vertex 108.243 42.3563 1.995
    endloop
  endfacet
  facet normal 0 0 1
    outer loop
      vertex 107.804 42.4 1.995
      vertex 107.364 42.3563 1.995
      vertex 107.804 42.3851 1.995
    endloop
  endfacet
  facet normal -0 0 1
    outer loop
      vertex 107.36 42.3709 1.995
      vertex 107.364 42.3563 1.995
      vertex 107.804 42.4 1.995
    endloop
  endfacet
  facet normal 0 0 1
    outer loop
      vertex 107.364 42.3563 1.995
      vertex 107.36 42.3709 1.995
      vertex 107.362 42.3561 1.995
    endloop
  endfacet
  facet normal 0 0 1
    outer loop
      vertex 107.36 42.3709 1.995
      vertex 107.36 42.3557 1.995
      vertex 107.362 42.3561 1.995
    endloop
  endfacet
  facet normal 0 0 1
    outer loop
      vertex 106.924 42.2841 1.995
      vertex 107.36 42.3557 1.995
      vertex 107.36 42.3709 1.995
    endloop
  endfacet
  facet normal 0 0 1
    outer loop
      vertex 107.36 42.3557 1.995
      vertex 106.924 42.2841 1.995
      vertex 106.927 42.2697 1.995
    endloop
  endfacet
  facet normal 0 0 1
    outer loop
      vertex 106.924 42.2841 1.995
      vertex 106.51 42.128 1.995
      vertex 106.927 42.2697 1.995
    endloop
  endfacet
  facet normal -0 0 1
    outer loop
      vertex 106.502 42.1412 1.995
      vertex 106.51 42.128 1.995
      vertex 106.924 42.2841 1.995
    endloop
  endfacet
  facet normal 0 0 1
    outer loop
      vertex 106.51 42.128 1.995
      vertex 106.502 42.1412 1.995
      vertex 106.508 42.1274 1.995
    endloop
  endfacet
  facet normal 0 0 1
    outer loop
      vertex 106.502 42.1412 1.995
      vertex 106.113 41.9324 1.995
      vertex 106.508 42.1274 1.995
    endloop
  endfacet
  facet normal -0 0 1
    outer loop
      vertex 106.104 41.9445 1.995
      vertex 106.113 41.9324 1.995
      vertex 106.502 42.1412 1.995
    endloop
  endfacet
  facet normal 0 0 1
    outer loop
      vertex 106.113 41.9324 1.995
      vertex 106.104 41.9445 1.995
      vertex 106.111 41.9316 1.995
    endloop
  endfacet
  facet normal 0 0 1
    outer loop
      vertex 106.104 41.9445 1.995
      vertex 106.109 41.9305 1.995
      vertex 106.111 41.9316 1.995
    endloop
  endfacet
  facet normal 0 0 1
    outer loop
      vertex 105.734 41.6974 1.995
      vertex 106.109 41.9305 1.995
      vertex 106.104 41.9445 1.995
    endloop
  endfacet
  facet normal 0 0 1
    outer loop
      vertex 106.109 41.9305 1.995
      vertex 105.734 41.6974 1.995
      vertex 105.743 41.6856 1.995
    endloop
  endfacet
  facet normal 0 0 1
    outer loop
      vertex 105.734 41.6974 1.995
      vertex 105.411 41.3949 1.995
      vertex 105.743 41.6856 1.995
    endloop
  endfacet
  facet normal -0 0 1
    outer loop
      vertex 105.399 41.4042 1.995
      vertex 105.411 41.3949 1.995
      vertex 105.734 41.6974 1.995
    endloop
  endfacet
  facet normal 0 0 1
    outer loop
      vertex 105.411 41.3949 1.995
      vertex 105.399 41.4042 1.995
      vertex 105.41 41.3936 1.995
    endloop
  endfacet
  facet normal 0 0 1
    outer loop
      vertex 105.399 41.4042 1.995
      vertex 105.409 41.3922 1.995
      vertex 105.41 41.3936 1.995
    endloop
  endfacet
  facet normal 0 0 1
    outer loop
      vertex 105.106 41.0698 1.995
      vertex 105.409 41.3922 1.995
      vertex 105.399 41.4042 1.995
    endloop
  endfacet
  facet normal 0 0 1
    outer loop
      vertex 105.409 41.3922 1.995
      vertex 105.106 41.0698 1.995
      vertex 105.118 41.0607 1.995
    endloop
  endfacet
  facet normal 0 0 1
    outer loop
      vertex 105.106 41.0698 1.995
      vertex 104.873 40.6942 1.995
      vertex 105.118 41.0607 1.995
    endloop
  endfacet
  facet normal -0 0 1
    outer loop
      vertex 104.859 40.7 1.995
      vertex 104.873 40.6942 1.995
      vertex 105.106 41.0698 1.995
    endloop
  endfacet
  facet normal 0 0 1
    outer loop
      vertex 104.873 40.6942 1.995
      vertex 104.859 40.7 1.995
      vertex 104.872 40.6925 1.995
    endloop
  endfacet
  facet normal 0 0 1
    outer loop
      vertex 104.859 40.7 1.995
      vertex 104.871 40.6908 1.995
      vertex 104.872 40.6925 1.995
    endloop
  endfacet
  facet normal 0 0 1
    outer loop
      vertex 104.662 40.3011 1.995
      vertex 104.871 40.6908 1.995
      vertex 104.859 40.7 1.995
    endloop
  endfacet
  facet normal 0 0 1
    outer loop
      vertex 104.871 40.6908 1.995
      vertex 104.662 40.3011 1.995
      vertex 104.676 40.2954 1.995
    endloop
  endfacet
  facet normal 0 0 1
    outer loop
      vertex 104.662 40.3011 1.995
      vertex 104.676 40.2936 1.995
      vertex 104.676 40.2954 1.995
    endloop
  endfacet
  facet normal 0 0 1
    outer loop
      vertex 104.519 39.88 1.995
      vertex 104.676 40.2936 1.995
      vertex 104.662 40.3011 1.995
    endloop
  endfacet
  facet normal 0 0 1
    outer loop
      vertex 104.676 40.2936 1.995
      vertex 104.519 39.88 1.995
      vertex 104.534 39.8761 1.995
    endloop
  endfacet
  facet normal 0 0 1
    outer loop
      vertex 104.519 39.88 1.995
      vertex 104.448 39.4438 1.995
      vertex 104.534 39.8761 1.995
    endloop
  endfacet
  facet normal 0 0 1
    outer loop
      vertex 104.433 39.4438 1.995
      vertex 104.448 39.4438 1.995
      vertex 104.519 39.88 1.995
    endloop
  endfacet
  facet normal 0 0 1
    outer loop
      vertex 104.448 39.4438 1.995
      vertex 104.433 39.4438 1.995
      vertex 104.447 39.4418 1.995
    endloop
  endfacet
  facet normal 0 0 1
    outer loop
      vertex 104.433 39.4438 1.995
      vertex 104.447 39.4399 1.995
      vertex 104.447 39.4418 1.995
    endloop
  endfacet
  facet normal 0 0 1
    outer loop
      vertex 104.404 39 1.995
      vertex 104.447 39.4399 1.995
      vertex 104.433 39.4438 1.995
    endloop
  endfacet
  facet normal 0 0 1
    outer loop
      vertex 104.447 39.4399 1.995
      vertex 104.404 39 1.995
      vertex 104.418 39 1.995
    endloop
  endfacet
  facet normal 0 0 1
    outer loop
      vertex 111.16 38.5601 1.995
      vertex 111.204 39 1.995
      vertex 111.189 39 1.995
    endloop
  endfacet
  facet normal 0 0 1
    outer loop
      vertex 111.204 39 1.995
      vertex 111.16 38.5601 1.995
      vertex 111.174 38.5562 1.995
    endloop
  endfacet
  facet normal -0 0 1
    outer loop
      vertex 111.16 38.5582 1.995
      vertex 111.174 38.5562 1.995
      vertex 111.16 38.5601 1.995
    endloop
  endfacet
  facet normal 0 0 1
    outer loop
      vertex 111.159 38.5562 1.995
      vertex 111.174 38.5562 1.995
      vertex 111.16 38.5582 1.995
    endloop
  endfacet
  facet normal -0 0 1
    outer loop
      vertex 111.159 38.5562 1.995
      vertex 111.088 38.12 1.995
      vertex 111.174 38.5562 1.995
    endloop
  endfacet
  facet normal -0 0 1
    outer loop
      vertex 111.073 38.1239 1.995
      vertex 111.088 38.12 1.995
      vertex 111.159 38.5562 1.995
    endloop
  endfacet
  facet normal 0 0 1
    outer loop
      vertex 110.932 37.7064 1.995
      vertex 111.088 38.12 1.995
      vertex 111.073 38.1239 1.995
    endloop
  endfacet
  facet normal 0 0 1
    outer loop
      vertex 111.088 38.12 1.995
      vertex 110.932 37.7064 1.995
      vertex 110.945 37.6989 1.995
    endloop
  endfacet
  facet normal -0 0 1
    outer loop
      vertex 110.931 37.7046 1.995
      vertex 110.945 37.6989 1.995
      vertex 110.932 37.7064 1.995
    endloop
  endfacet
  facet normal 0 0 1
    outer loop
      vertex 110.736 37.3092 1.995
      vertex 110.945 37.6989 1.995
      vertex 110.931 37.7046 1.995
    endloop
  endfacet
  facet normal 0 0 1
    outer loop
      vertex 110.945 37.6989 1.995
      vertex 110.736 37.3092 1.995
      vertex 110.748 37.3 1.995
    endloop
  endfacet
  facet normal -0 0 1
    outer loop
      vertex 110.735 37.3075 1.995
      vertex 110.748 37.3 1.995
      vertex 110.736 37.3092 1.995
    endloop
  endfacet
  facet normal -0 0 1
    outer loop
      vertex 110.734 37.3058 1.995
      vertex 110.748 37.3 1.995
      vertex 110.735 37.3075 1.995
    endloop
  endfacet
  facet normal 0 0 1
    outer loop
      vertex 110.734 37.3058 1.995
      vertex 110.501 36.9302 1.995
      vertex 110.748 37.3 1.995
    endloop
  endfacet
  facet normal -0 0 1
    outer loop
      vertex 110.489 36.9393 1.995
      vertex 110.501 36.9302 1.995
      vertex 110.734 37.3058 1.995
    endloop
  endfacet
  facet normal 0 0 1
    outer loop
      vertex 110.198 36.6078 1.995
      vertex 110.501 36.9302 1.995
      vertex 110.489 36.9393 1.995
    endloop
  endfacet
  facet normal 0 0 1
    outer loop
      vertex 110.501 36.9302 1.995
      vertex 110.198 36.6078 1.995
      vertex 110.208 36.5958 1.995
    endloop
  endfacet
  facet normal -0 0 1
    outer loop
      vertex 110.197 36.6064 1.995
      vertex 110.208 36.5958 1.995
      vertex 110.198 36.6078 1.995
    endloop
  endfacet
  facet normal -0 0 1
    outer loop
      vertex 110.196 36.6051 1.995
      vertex 110.208 36.5958 1.995
      vertex 110.197 36.6064 1.995
    endloop
  endfacet
  facet normal 0 0 1
    outer loop
      vertex 110.196 36.6051 1.995
      vertex 109.873 36.3026 1.995
      vertex 110.208 36.5958 1.995
    endloop
  endfacet
  facet normal -0 0 1
    outer loop
      vertex 109.864 36.3144 1.995
      vertex 109.873 36.3026 1.995
      vertex 110.196 36.6051 1.995
    endloop
  endfacet
  facet normal 0 0 1
    outer loop
      vertex 109.498 36.0695 1.995
      vertex 109.873 36.3026 1.995
      vertex 109.864 36.3144 1.995
    endloop
  endfacet
  facet normal 0 0 1
    outer loop
      vertex 109.873 36.3026 1.995
      vertex 109.498 36.0695 1.995
      vertex 109.504 36.0555 1.995
    endloop
  endfacet
  facet normal -0 0 1
    outer loop
      vertex 109.496 36.0684 1.995
      vertex 109.504 36.0555 1.995
      vertex 109.498 36.0695 1.995
    endloop
  endfacet
  facet normal -0 0 1
    outer loop
      vertex 109.494 36.0676 1.995
      vertex 109.504 36.0555 1.995
      vertex 109.496 36.0684 1.995
    endloop
  endfacet
  facet normal 0 0 1
    outer loop
      vertex 109.494 36.0676 1.995
      vertex 109.105 35.8588 1.995
      vertex 109.504 36.0555 1.995
    endloop
  endfacet
  facet normal -0 0 1
    outer loop
      vertex 109.099 35.8726 1.995
      vertex 109.105 35.8588 1.995
      vertex 109.494 36.0676 1.995
    endloop
  endfacet
  facet normal -0 0 1
    outer loop
      vertex 109.097 35.872 1.995
      vertex 109.105 35.8588 1.995
      vertex 109.099 35.8726 1.995
    endloop
  endfacet
  facet normal 0 0 1
    outer loop
      vertex 109.097 35.872 1.995
      vertex 108.684 35.7159 1.995
      vertex 109.105 35.8588 1.995
    endloop
  endfacet
  facet normal -0 0 1
    outer loop
      vertex 108.68 35.7303 1.995
      vertex 108.684 35.7159 1.995
      vertex 109.097 35.872 1.995
    endloop
  endfacet
  facet normal 0 0 1
    outer loop
      vertex 108.247 35.6443 1.995
      vertex 108.684 35.7159 1.995
      vertex 108.68 35.7303 1.995
    endloop
  endfacet
  facet normal 0 0 1
    outer loop
      vertex 108.684 35.7159 1.995
      vertex 108.247 35.6443 1.995
      vertex 108.247 35.6291 1.995
    endloop
  endfacet
  facet normal -0 0 1
    outer loop
      vertex 108.245 35.6439 1.995
      vertex 108.247 35.6291 1.995
      vertex 108.247 35.6443 1.995
    endloop
  endfacet
  facet normal -0 0 1
    outer loop
      vertex 108.243 35.6437 1.995
      vertex 108.247 35.6291 1.995
      vertex 108.245 35.6439 1.995
    endloop
  endfacet
  facet normal 0 0 1
    outer loop
      vertex 107.804 35.6 1.995
      vertex 108.243 35.6437 1.995
      vertex 107.804 35.6149 1.995
    endloop
  endfacet
  facet normal 0 0 1
    outer loop
      vertex 108.243 35.6437 1.995
      vertex 107.804 35.6 1.995
      vertex 108.247 35.6291 1.995
    endloop
  endfacet
  facet normal 0 0 1
    outer loop
      vertex 107.364 35.6437 1.995
      vertex 107.804 35.6 1.995
      vertex 107.804 35.6149 1.995
    endloop
  endfacet
  facet normal 0 0 1
    outer loop
      vertex 107.36 35.6291 1.995
      vertex 107.364 35.6437 1.995
      vertex 107.362 35.6439 1.995
    endloop
  endfacet
  facet normal 0 0 1
    outer loop
      vertex 107.364 35.6437 1.995
      vertex 107.36 35.6291 1.995
      vertex 107.804 35.6 1.995
    endloop
  endfacet
  facet normal 0 0 1
    outer loop
      vertex 107.36 35.6443 1.995
      vertex 107.36 35.6291 1.995
      vertex 107.362 35.6439 1.995
    endloop
  endfacet
  facet normal -0 0 1
    outer loop
      vertex 106.924 35.7159 1.995
      vertex 107.36 35.6443 1.995
      vertex 106.927 35.7303 1.995
    endloop
  endfacet
  facet normal 0 0 1
    outer loop
      vertex 107.36 35.6443 1.995
      vertex 106.924 35.7159 1.995
      vertex 107.36 35.6291 1.995
    endloop
  endfacet
  facet normal 0 0 1
    outer loop
      vertex 106.51 35.872 1.995
      vertex 106.924 35.7159 1.995
      vertex 106.927 35.7303 1.995
    endloop
  endfacet
  facet normal 0 0 1
    outer loop
      vertex 106.502 35.8588 1.995
      vertex 106.51 35.872 1.995
      vertex 106.508 35.8726 1.995
    endloop
  endfacet
  facet normal 0 0 1
    outer loop
      vertex 106.51 35.872 1.995
      vertex 106.502 35.8588 1.995
      vertex 106.924 35.7159 1.995
    endloop
  endfacet
  facet normal 0 0 1
    outer loop
      vertex 106.113 36.0676 1.995
      vertex 106.502 35.8588 1.995
      vertex 106.508 35.8726 1.995
    endloop
  endfacet
  facet normal 0 0 1
    outer loop
      vertex 106.104 36.0555 1.995
      vertex 106.113 36.0676 1.995
      vertex 106.111 36.0684 1.995
    endloop
  endfacet
  facet normal 0 0 1
    outer loop
      vertex 106.113 36.0676 1.995
      vertex 106.104 36.0555 1.995
      vertex 106.502 35.8588 1.995
    endloop
  endfacet
  facet normal 0 0 1
    outer loop
      vertex 106.109 36.0695 1.995
      vertex 106.104 36.0555 1.995
      vertex 106.111 36.0684 1.995
    endloop
  endfacet
  facet normal -0 0 1
    outer loop
      vertex 105.734 36.3026 1.995
      vertex 106.109 36.0695 1.995
      vertex 105.743 36.3144 1.995
    endloop
  endfacet
  facet normal 0 0 1
    outer loop
      vertex 106.109 36.0695 1.995
      vertex 105.734 36.3026 1.995
      vertex 106.104 36.0555 1.995
    endloop
  endfacet
  facet normal 0 0 1
    outer loop
      vertex 105.411 36.6051 1.995
      vertex 105.734 36.3026 1.995
      vertex 105.743 36.3144 1.995
    endloop
  endfacet
  facet normal 0 0 1
    outer loop
      vertex 105.399 36.5958 1.995
      vertex 105.411 36.6051 1.995
      vertex 105.41 36.6064 1.995
    endloop
  endfacet
  facet normal 0 0 1
    outer loop
      vertex 105.411 36.6051 1.995
      vertex 105.399 36.5958 1.995
      vertex 105.734 36.3026 1.995
    endloop
  endfacet
  facet normal 0 0 1
    outer loop
      vertex 105.409 36.6078 1.995
      vertex 105.399 36.5958 1.995
      vertex 105.41 36.6064 1.995
    endloop
  endfacet
  facet normal -0 0 1
    outer loop
      vertex 105.106 36.9302 1.995
      vertex 105.409 36.6078 1.995
      vertex 105.118 36.9393 1.995
    endloop
  endfacet
  facet normal 0 0 1
    outer loop
      vertex 105.409 36.6078 1.995
      vertex 105.106 36.9302 1.995
      vertex 105.399 36.5958 1.995
    endloop
  endfacet
  facet normal 0 0 1
    outer loop
      vertex 104.873 37.3058 1.995
      vertex 105.106 36.9302 1.995
      vertex 105.118 36.9393 1.995
    endloop
  endfacet
  facet normal 0 0 1
    outer loop
      vertex 104.859 37.3 1.995
      vertex 104.873 37.3058 1.995
      vertex 104.872 37.3075 1.995
    endloop
  endfacet
  facet normal 0 0 1
    outer loop
      vertex 104.873 37.3058 1.995
      vertex 104.859 37.3 1.995
      vertex 105.106 36.9302 1.995
    endloop
  endfacet
  facet normal 0 0 1
    outer loop
      vertex 104.871 37.3092 1.995
      vertex 104.859 37.3 1.995
      vertex 104.872 37.3075 1.995
    endloop
  endfacet
  facet normal -0 0 1
    outer loop
      vertex 104.662 37.6989 1.995
      vertex 104.871 37.3092 1.995
      vertex 104.676 37.7046 1.995
    endloop
  endfacet
  facet normal 0 0 1
    outer loop
      vertex 104.871 37.3092 1.995
      vertex 104.662 37.6989 1.995
      vertex 104.859 37.3 1.995
    endloop
  endfacet
  facet normal 0 0 1
    outer loop
      vertex 104.676 37.7064 1.995
      vertex 104.662 37.6989 1.995
      vertex 104.676 37.7046 1.995
    endloop
  endfacet
  facet normal -0 0 1
    outer loop
      vertex 104.519 38.12 1.995
      vertex 104.676 37.7064 1.995
      vertex 104.534 38.1239 1.995
    endloop
  endfacet
  facet normal 0 0 1
    outer loop
      vertex 104.676 37.7064 1.995
      vertex 104.519 38.12 1.995
      vertex 104.662 37.6989 1.995
    endloop
  endfacet
  facet normal 0 0 1
    outer loop
      vertex 104.448 38.5562 1.995
      vertex 104.519 38.12 1.995
      vertex 104.534 38.1239 1.995
    endloop
  endfacet
  facet normal 0 0 1
    outer loop
      vertex 104.433 38.5562 1.995
      vertex 104.448 38.5562 1.995
      vertex 104.447 38.5582 1.995
    endloop
  endfacet
  facet normal 0 0 1
    outer loop
      vertex 104.448 38.5562 1.995
      vertex 104.433 38.5562 1.995
      vertex 104.519 38.12 1.995
    endloop
  endfacet
  facet normal 0 0 1
    outer loop
      vertex 104.447 38.5601 1.995
      vertex 104.433 38.5562 1.995
      vertex 104.447 38.5582 1.995
    endloop
  endfacet
  facet normal -0 0 1
    outer loop
      vertex 104.404 39 1.995
      vertex 104.447 38.5601 1.995
      vertex 104.418 39 1.995
    endloop
  endfacet
  facet normal 0 0 1
    outer loop
      vertex 104.447 38.5601 1.995
      vertex 104.404 39 1.995
      vertex 104.433 38.5562 1.995
    endloop
  endfacet
  facet normal 0.555374 0.831601 -0
    outer loop
      vertex 106.104 36.0555 1.995
      vertex 105.734 36.3026 2
      vertex 106.104 36.0555 2
    endloop
  endfacet
  facet normal 0.555374 0.831601 0
    outer loop
      vertex 105.734 36.3026 2
      vertex 106.104 36.0555 1.995
      vertex 105.734 36.3026 1.995
    endloop
  endfacet
  facet normal -0.981113 -0.193434 0
    outer loop
      vertex 109.489 68.2219 0
      vertex 109.446 68.44 0.3
      vertex 109.446 68.44 0
    endloop
  endfacet
  facet normal -0.981113 -0.193434 0
    outer loop
      vertex 109.446 68.44 0.3
      vertex 109.489 68.2219 0
      vertex 109.489 68.2219 0.3
    endloop
  endfacet
  facet normal -0.997723 -0.0674441 0
    outer loop
      vertex 109.504 68 0
      vertex 109.489 68.2219 0.3
      vertex 109.489 68.2219 0
    endloop
  endfacet
  facet normal -0.997723 -0.0674441 0
    outer loop
      vertex 109.489 68.2219 0.3
      vertex 109.504 68 0
      vertex 109.504 68 0.3
    endloop
  endfacet
  facet normal -0.0654701 0.997855 0
    outer loop
      vertex 108.025 66.3145 0
      vertex 107.804 66.3 0.3
      vertex 108.025 66.3145 0.3
    endloop
  endfacet
  facet normal -0.0654701 0.997855 0
    outer loop
      vertex 107.804 66.3 0.3
      vertex 108.025 66.3145 0
      vertex 107.804 66.3 0
    endloop
  endfacet
  facet normal 0.657488 -0.753465 0
    outer loop
      vertex 106.601 69.2021 0
      vertex 106.769 69.3487 0.3
      vertex 106.601 69.2021 0.3
    endloop
  endfacet
  facet normal 0.657488 -0.753465 0
    outer loop
      vertex 106.769 69.3487 0.3
      vertex 106.601 69.2021 0
      vertex 106.769 69.3487 0
    endloop
  endfacet
  facet normal 0.830527 0.556979 0
    outer loop
      vertex 106.455 66.9651 0.3
      vertex 106.331 67.15 0
      vertex 106.331 67.15 0.3
    endloop
  endfacet
  facet normal 0.830527 0.556979 0
    outer loop
      vertex 106.331 67.15 0
      vertex 106.455 66.9651 0.3
      vertex 106.455 66.9651 0
    endloop
  endfacet
  facet normal 0.195251 0.980753 -0
    outer loop
      vertex 107.582 66.3145 0
      vertex 107.364 66.3579 0.3
      vertex 107.582 66.3145 0.3
    endloop
  endfacet
  facet normal 0.195251 0.980753 0
    outer loop
      vertex 107.364 66.3579 0.3
      vertex 107.582 66.3145 0
      vertex 107.364 66.3579 0
    endloop
  endfacet
  facet normal -0.657488 -0.753465 0
    outer loop
      vertex 108.838 69.3487 0
      vertex 109.006 69.2021 0.3
      vertex 108.838 69.3487 0.3
    endloop
  endfacet
  facet normal -0.657488 -0.753465 -0
    outer loop
      vertex 109.006 69.2021 0.3
      vertex 108.838 69.3487 0
      vertex 109.006 69.2021 0
    endloop
  endfacet
  facet normal -0.946229 0.323497 0
    outer loop
      vertex 109.374 67.3494 0
      vertex 109.446 67.56 0.3
      vertex 109.446 67.56 0
    endloop
  endfacet
  facet normal -0.946229 0.323497 0
    outer loop
      vertex 109.446 67.56 0.3
      vertex 109.374 67.3494 0
      vertex 109.374 67.3494 0.3
    endloop
  endfacet
  facet normal -0.753246 0.657739 0
    outer loop
      vertex 109.006 66.7979 0
      vertex 109.152 66.9651 0.3
      vertex 109.152 66.9651 0
    endloop
  endfacet
  facet normal -0.753246 0.657739 0
    outer loop
      vertex 109.152 66.9651 0.3
      vertex 109.006 66.7979 0
      vertex 109.006 66.7979 0.3
    endloop
  endfacet
  facet normal -0.753246 -0.657739 0
    outer loop
      vertex 109.152 69.0349 0
      vertex 109.006 69.2021 0.3
      vertex 109.006 69.2021 0
    endloop
  endfacet
  facet normal -0.753246 -0.657739 0
    outer loop
      vertex 109.006 69.2021 0.3
      vertex 109.152 69.0349 0
      vertex 109.152 69.0349 0.3
    endloop
  endfacet
  facet normal 0.946229 0.323497 0
    outer loop
      vertex 106.233 67.3494 0.3
      vertex 106.161 67.56 0
      vertex 106.161 67.56 0.3
    endloop
  endfacet
  facet normal 0.946229 0.323497 0
    outer loop
      vertex 106.161 67.56 0
      vertex 106.233 67.3494 0.3
      vertex 106.233 67.3494 0
    endloop
  endfacet
  facet normal -0.322307 0.946635 0
    outer loop
      vertex 108.454 66.4294 0
      vertex 108.244 66.3579 0.3
      vertex 108.454 66.4294 0.3
    endloop
  endfacet
  facet normal -0.322307 0.946635 0
    outer loop
      vertex 108.244 66.3579 0.3
      vertex 108.454 66.4294 0
      vertex 108.244 66.3579 0
    endloop
  endfacet
  facet normal 0.0651764 0.997874 -0
    outer loop
      vertex 107.804 66.3 0
      vertex 107.582 66.3145 0.3
      vertex 107.804 66.3 0.3
    endloop
  endfacet
  facet normal 0.0651764 0.997874 0
    outer loop
      vertex 107.582 66.3145 0.3
      vertex 107.804 66.3 0
      vertex 107.582 66.3145 0
    endloop
  endfacet
  facet normal 0.320937 -0.947101 0
    outer loop
      vertex 107.153 69.5706 0
      vertex 107.364 69.6421 0.3
      vertex 107.153 69.5706 0.3
    endloop
  endfacet
  facet normal 0.320937 -0.947101 0
    outer loop
      vertex 107.364 69.6421 0.3
      vertex 107.153 69.5706 0
      vertex 107.364 69.6421 0
    endloop
  endfacet
  facet normal 0.753246 -0.657739 0
    outer loop
      vertex 106.455 69.0349 0.3
      vertex 106.601 69.2021 0
      vertex 106.601 69.2021 0.3
    endloop
  endfacet
  facet normal 0.753246 -0.657739 0
    outer loop
      vertex 106.601 69.2021 0
      vertex 106.455 69.0349 0.3
      vertex 106.455 69.0349 0
    endloop
  endfacet
  facet normal 0.443245 0.8964 -0
    outer loop
      vertex 107.153 66.4294 0
      vertex 106.954 66.5278 0.3
      vertex 107.153 66.4294 0.3
    endloop
  endfacet
  facet normal 0.443245 0.8964 0
    outer loop
      vertex 106.954 66.5278 0.3
      vertex 107.153 66.4294 0
      vertex 106.954 66.5278 0
    endloop
  endfacet
  facet normal 0.0651764 -0.997874 0
    outer loop
      vertex 107.582 69.6855 0
      vertex 107.804 69.7 0.3
      vertex 107.582 69.6855 0.3
    endloop
  endfacet
  facet normal 0.0651764 -0.997874 0
    outer loop
      vertex 107.804 69.7 0.3
      vertex 107.582 69.6855 0
      vertex 107.804 69.7 0
    endloop
  endfacet
  facet normal -0.897467 0.441082 0
    outer loop
      vertex 109.276 67.15 0
      vertex 109.374 67.3494 0.3
      vertex 109.374 67.3494 0
    endloop
  endfacet
  facet normal -0.897467 0.441082 0
    outer loop
      vertex 109.374 67.3494 0.3
      vertex 109.276 67.15 0
      vertex 109.276 67.15 0.3
    endloop
  endfacet
  facet normal -0.557301 0.830311 0
    outer loop
      vertex 108.838 66.6513 0
      vertex 108.654 66.5278 0.3
      vertex 108.838 66.6513 0.3
    endloop
  endfacet
  facet normal -0.557301 0.830311 0
    outer loop
      vertex 108.654 66.5278 0.3
      vertex 108.838 66.6513 0
      vertex 108.654 66.5278 0
    endloop
  endfacet
  facet normal 0.981113 0.193434 0
    outer loop
      vertex 106.161 67.56 0.3
      vertex 106.118 67.7781 0
      vertex 106.118 67.7781 0.3
    endloop
  endfacet
  facet normal 0.981113 0.193434 0
    outer loop
      vertex 106.118 67.7781 0
      vertex 106.161 67.56 0.3
      vertex 106.161 67.56 0
    endloop
  endfacet
  facet normal -0.194393 -0.980924 0
    outer loop
      vertex 108.025 69.6855 0
      vertex 108.244 69.6421 0.3
      vertex 108.025 69.6855 0.3
    endloop
  endfacet
  facet normal -0.194393 -0.980924 -0
    outer loop
      vertex 108.244 69.6421 0.3
      vertex 108.025 69.6855 0
      vertex 108.244 69.6421 0
    endloop
  endfacet
  facet normal -0.830527 -0.556979 0
    outer loop
      vertex 109.276 68.85 0
      vertex 109.152 69.0349 0.3
      vertex 109.152 69.0349 0
    endloop
  endfacet
  facet normal -0.830527 -0.556979 0
    outer loop
      vertex 109.152 69.0349 0.3
      vertex 109.276 68.85 0
      vertex 109.276 68.85 0.3
    endloop
  endfacet
  facet normal -0.997723 0.0674441 0
    outer loop
      vertex 109.489 67.7781 0
      vertex 109.504 68 0.3
      vertex 109.504 68 0
    endloop
  endfacet
  facet normal -0.997723 0.0674441 0
    outer loop
      vertex 109.504 68 0.3
      vertex 109.489 67.7781 0
      vertex 109.489 67.7781 0.3
    endloop
  endfacet
  facet normal -0.322307 -0.946635 0
    outer loop
      vertex 108.244 69.6421 0
      vertex 108.454 69.5706 0.3
      vertex 108.244 69.6421 0.3
    endloop
  endfacet
  facet normal -0.322307 -0.946635 -0
    outer loop
      vertex 108.454 69.5706 0.3
      vertex 108.244 69.6421 0
      vertex 108.454 69.5706 0
    endloop
  endfacet
  facet normal -0.557301 -0.830311 0
    outer loop
      vertex 108.654 69.4722 0
      vertex 108.838 69.3487 0.3
      vertex 108.654 69.4722 0.3
    endloop
  endfacet
  facet normal -0.557301 -0.830311 -0
    outer loop
      vertex 108.838 69.3487 0.3
      vertex 108.654 69.4722 0
      vertex 108.838 69.3487 0
    endloop
  endfacet
  facet normal 0.195251 -0.980753 0
    outer loop
      vertex 107.364 69.6421 0
      vertex 107.582 69.6855 0.3
      vertex 107.364 69.6421 0.3
    endloop
  endfacet
  facet normal 0.195251 -0.980753 0
    outer loop
      vertex 107.582 69.6855 0.3
      vertex 107.364 69.6421 0
      vertex 107.582 69.6855 0
    endloop
  endfacet
  facet normal -0.657488 0.753465 0
    outer loop
      vertex 109.006 66.7979 0
      vertex 108.838 66.6513 0.3
      vertex 109.006 66.7979 0.3
    endloop
  endfacet
  facet normal -0.657488 0.753465 0
    outer loop
      vertex 108.838 66.6513 0.3
      vertex 109.006 66.7979 0
      vertex 108.838 66.6513 0
    endloop
  endfacet
  facet normal 0.897467 -0.441082 0
    outer loop
      vertex 106.233 68.6506 0.3
      vertex 106.331 68.85 0
      vertex 106.331 68.85 0.3
    endloop
  endfacet
  facet normal 0.897467 -0.441082 0
    outer loop
      vertex 106.331 68.85 0
      vertex 106.233 68.6506 0.3
      vertex 106.233 68.6506 0
    endloop
  endfacet
  facet normal -0.981113 0.193434 0
    outer loop
      vertex 109.446 67.56 0
      vertex 109.489 67.7781 0.3
      vertex 109.489 67.7781 0
    endloop
  endfacet
  facet normal -0.981113 0.193434 0
    outer loop
      vertex 109.489 67.7781 0.3
      vertex 109.446 67.56 0
      vertex 109.446 67.56 0.3
    endloop
  endfacet
  facet normal -0.194393 0.980924 0
    outer loop
      vertex 108.244 66.3579 0
      vertex 108.025 66.3145 0.3
      vertex 108.244 66.3579 0.3
    endloop
  endfacet
  facet normal -0.194393 0.980924 0
    outer loop
      vertex 108.025 66.3145 0.3
      vertex 108.244 66.3579 0
      vertex 108.025 66.3145 0
    endloop
  endfacet
  facet normal 0.657488 0.753465 -0
    outer loop
      vertex 106.769 66.6513 0
      vertex 106.601 66.7979 0.3
      vertex 106.769 66.6513 0.3
    endloop
  endfacet
  facet normal 0.657488 0.753465 0
    outer loop
      vertex 106.601 66.7979 0.3
      vertex 106.769 66.6513 0
      vertex 106.601 66.7979 0
    endloop
  endfacet
  facet normal 0.753246 0.657739 0
    outer loop
      vertex 106.601 66.7979 0.3
      vertex 106.455 66.9651 0
      vertex 106.455 66.9651 0.3
    endloop
  endfacet
  facet normal 0.753246 0.657739 0
    outer loop
      vertex 106.455 66.9651 0
      vertex 106.601 66.7979 0.3
      vertex 106.601 66.7979 0
    endloop
  endfacet
  facet normal -0.0654701 -0.997855 0
    outer loop
      vertex 107.804 69.7 0
      vertex 108.025 69.6855 0.3
      vertex 107.804 69.7 0.3
    endloop
  endfacet
  facet normal -0.0654701 -0.997855 -0
    outer loop
      vertex 108.025 69.6855 0.3
      vertex 107.804 69.7 0
      vertex 108.025 69.6855 0
    endloop
  endfacet
  facet normal -0.441462 -0.89728 0
    outer loop
      vertex 108.454 69.5706 0
      vertex 108.654 69.4722 0.3
      vertex 108.454 69.5706 0.3
    endloop
  endfacet
  facet normal -0.441462 -0.89728 -0
    outer loop
      vertex 108.654 69.4722 0.3
      vertex 108.454 69.5706 0
      vertex 108.654 69.4722 0
    endloop
  endfacet
  facet normal -0.830527 0.556979 0
    outer loop
      vertex 109.152 66.9651 0
      vertex 109.276 67.15 0.3
      vertex 109.276 67.15 0
    endloop
  endfacet
  facet normal -0.830527 0.556979 0
    outer loop
      vertex 109.276 67.15 0.3
      vertex 109.152 66.9651 0
      vertex 109.152 66.9651 0.3
    endloop
  endfacet
  facet normal 0.998016 0.0629663 0
    outer loop
      vertex 106.118 67.7781 0.3
      vertex 106.104 68 0
      vertex 106.104 68 0.3
    endloop
  endfacet
  facet normal 0.998016 0.0629663 0
    outer loop
      vertex 106.104 68 0
      vertex 106.118 67.7781 0.3
      vertex 106.118 67.7781 0
    endloop
  endfacet
  facet normal -0.441462 0.89728 0
    outer loop
      vertex 108.654 66.5278 0
      vertex 108.454 66.4294 0.3
      vertex 108.654 66.5278 0.3
    endloop
  endfacet
  facet normal -0.441462 0.89728 0
    outer loop
      vertex 108.454 66.4294 0.3
      vertex 108.654 66.5278 0
      vertex 108.454 66.4294 0
    endloop
  endfacet
  facet normal 0.981113 -0.193434 0
    outer loop
      vertex 106.118 68.2219 0.3
      vertex 106.161 68.44 0
      vertex 106.161 68.44 0.3
    endloop
  endfacet
  facet normal 0.981113 -0.193434 0
    outer loop
      vertex 106.161 68.44 0
      vertex 106.118 68.2219 0.3
      vertex 106.118 68.2219 0
    endloop
  endfacet
  facet normal 0.897467 0.441082 0
    outer loop
      vertex 106.331 67.15 0.3
      vertex 106.233 67.3494 0
      vertex 106.233 67.3494 0.3
    endloop
  endfacet
  facet normal 0.897467 0.441082 0
    outer loop
      vertex 106.233 67.3494 0
      vertex 106.331 67.15 0.3
      vertex 106.331 67.15 0
    endloop
  endfacet
  facet normal 0.946229 -0.323497 0
    outer loop
      vertex 106.161 68.44 0.3
      vertex 106.233 68.6506 0
      vertex 106.233 68.6506 0.3
    endloop
  endfacet
  facet normal 0.946229 -0.323497 0
    outer loop
      vertex 106.233 68.6506 0
      vertex 106.161 68.44 0.3
      vertex 106.161 68.44 0
    endloop
  endfacet
  facet normal 0.555219 -0.831704 0
    outer loop
      vertex 106.769 69.3487 0
      vertex 106.954 69.4722 0.3
      vertex 106.769 69.3487 0.3
    endloop
  endfacet
  facet normal 0.555219 -0.831704 0
    outer loop
      vertex 106.954 69.4722 0.3
      vertex 106.769 69.3487 0
      vertex 106.954 69.4722 0
    endloop
  endfacet
  facet normal -0.897467 -0.441082 0
    outer loop
      vertex 109.374 68.6506 0
      vertex 109.276 68.85 0.3
      vertex 109.276 68.85 0
    endloop
  endfacet
  facet normal -0.897467 -0.441082 0
    outer loop
      vertex 109.276 68.85 0.3
      vertex 109.374 68.6506 0
      vertex 109.374 68.6506 0.3
    endloop
  endfacet
  facet normal -0.946229 -0.323497 0
    outer loop
      vertex 109.446 68.44 0
      vertex 109.374 68.6506 0.3
      vertex 109.374 68.6506 0
    endloop
  endfacet
  facet normal -0.946229 -0.323497 0
    outer loop
      vertex 109.374 68.6506 0.3
      vertex 109.446 68.44 0
      vertex 109.446 68.44 0.3
    endloop
  endfacet
  facet normal 0.998016 -0.0629663 0
    outer loop
      vertex 106.104 68 0.3
      vertex 106.118 68.2219 0
      vertex 106.118 68.2219 0.3
    endloop
  endfacet
  facet normal 0.998016 -0.0629663 0
    outer loop
      vertex 106.118 68.2219 0
      vertex 106.104 68 0.3
      vertex 106.104 68 0
    endloop
  endfacet
  facet normal 0.320937 0.947101 -0
    outer loop
      vertex 107.364 66.3579 0
      vertex 107.153 66.4294 0.3
      vertex 107.364 66.3579 0.3
    endloop
  endfacet
  facet normal 0.320937 0.947101 0
    outer loop
      vertex 107.153 66.4294 0.3
      vertex 107.364 66.3579 0
      vertex 107.153 66.4294 0
    endloop
  endfacet
  facet normal 0.443245 -0.8964 0
    outer loop
      vertex 106.954 69.4722 0
      vertex 107.153 69.5706 0.3
      vertex 106.954 69.4722 0.3
    endloop
  endfacet
  facet normal 0.443245 -0.8964 0
    outer loop
      vertex 107.153 69.5706 0.3
      vertex 106.954 69.4722 0
      vertex 107.153 69.5706 0
    endloop
  endfacet
  facet normal 0.830527 -0.556979 0
    outer loop
      vertex 106.331 68.85 0.3
      vertex 106.455 69.0349 0
      vertex 106.455 69.0349 0.3
    endloop
  endfacet
  facet normal 0.830527 -0.556979 0
    outer loop
      vertex 106.455 69.0349 0
      vertex 106.331 68.85 0.3
      vertex 106.331 68.85 0
    endloop
  endfacet
  facet normal 0.555219 0.831704 -0
    outer loop
      vertex 106.954 66.5278 0
      vertex 106.769 66.6513 0.3
      vertex 106.954 66.5278 0.3
    endloop
  endfacet
  facet normal 0.555219 0.831704 0
    outer loop
      vertex 106.769 66.6513 0.3
      vertex 106.954 66.5278 0
      vertex 106.769 66.6513 0
    endloop
  endfacet
  facet normal 0.39478 0.589994 0.704312
    outer loop
      vertex 106.109 65.0695 1.995
      vertex 106.769 66.6513 0.3
      vertex 105.743 65.3144 1.995
    endloop
  endfacet
  facet normal -0.581076 -0.415054 0.700058
    outer loop
      vertex 109.006 69.2021 0.3
      vertex 110.198 70.3922 1.995
      vertex 110.197 70.3936 1.995
    endloop
  endfacet
  facet normal -0.534886 -0.467065 0.704093
    outer loop
      vertex 110.198 70.3922 1.995
      vertex 109.006 69.2021 0.3
      vertex 109.152 69.0349 0.3
    endloop
  endfacet
  facet normal -0.636687 0.313996 0.704299
    outer loop
      vertex 110.736 66.3092 1.995
      vertex 110.931 66.7046 1.995
      vertex 109.374 67.3494 0.3
    endloop
  endfacet
  facet normal -0.228423 0.672213 0.704239
    outer loop
      vertex 108.68 64.7303 1.995
      vertex 109.097 64.872 1.995
      vertex 108.244 66.3579 0.3
    endloop
  endfacet
  facet normal -0.708422 -0.0467021 0.704242
    outer loop
      vertex 111.189 68 1.995
      vertex 111.16 68.4399 1.995
      vertex 109.504 68 0.3
    endloop
  endfacet
  facet normal -0.71213 0 0.702047
    outer loop
      vertex 109.489 68.2219 0.3
      vertex 111.16 68.4399 1.995
      vertex 111.16 68.4418 1.995
    endloop
  endfacet
  facet normal -0.708229 -0.0478749 0.704358
    outer loop
      vertex 111.16 68.4399 1.995
      vertex 109.489 68.2219 0.3
      vertex 109.504 68 0.3
    endloop
  endfacet
  facet normal 0.581076 -0.415054 0.700058
    outer loop
      vertex 105.409 70.3922 1.995
      vertex 106.601 69.2021 0.3
      vertex 105.41 70.3936 1.995
    endloop
  endfacet
  facet normal 0.534886 -0.467065 0.704093
    outer loop
      vertex 106.601 69.2021 0.3
      vertex 105.409 70.3922 1.995
      vertex 106.455 69.0349 0.3
    endloop
  endfacet
  facet normal 0.10521 -0.701401 0.704959
    outer loop
      vertex 107.36 71.3558 1.995
      vertex 107.582 69.6855 0.3
      vertex 107.362 71.3561 1.995
    endloop
  endfacet
  facet normal 0.138614 -0.696265 0.704274
    outer loop
      vertex 107.582 69.6855 0.3
      vertex 107.36 71.3558 1.995
      vertex 107.364 69.6421 0.3
    endloop
  endfacet
  facet normal -0.314264 0.636586 0.70427
    outer loop
      vertex 109.099 64.8726 1.995
      vertex 109.494 65.0676 1.995
      vertex 108.454 66.4294 0.3
    endloop
  endfacet
  facet normal -0.13846 0.696321 0.704248
    outer loop
      vertex 108.247 64.6442 1.995
      vertex 108.68 64.7303 1.995
      vertex 108.244 66.3579 0.3
    endloop
  endfacet
  facet normal 0.341774 -0.621407 0.705013
    outer loop
      vertex 106.109 70.9305 1.995
      vertex 106.954 69.4722 0.3
      vertex 106.111 70.9316 1.995
    endloop
  endfacet
  facet normal 0.394103 -0.590357 0.704387
    outer loop
      vertex 106.954 69.4722 0.3
      vertex 106.109 70.9305 1.995
      vertex 106.769 69.3487 0.3
    endloop
  endfacet
  facet normal -0.0464742 0.708409 0.704271
    outer loop
      vertex 108.243 64.6437 1.995
      vertex 107.804 66.3 0.3
      vertex 107.804 64.6149 1.995
    endloop
  endfacet
  facet normal 0.228402 0.672149 0.704307
    outer loop
      vertex 106.927 64.7303 1.995
      vertex 107.364 66.3579 0.3
      vertex 106.51 64.872 1.995
    endloop
  endfacet
  facet normal -0.651775 0.325888 0.684826
    outer loop
      vertex 109.489 67.7781 0.3
      vertex 111.159 67.5562 1.995
      vertex 111.16 67.5582 1.995
    endloop
  endfacet
  facet normal -0.696544 0.137329 0.704249
    outer loop
      vertex 111.159 67.5562 1.995
      vertex 109.489 67.7781 0.3
      vertex 109.446 67.56 0.3
    endloop
  endfacet
  facet normal 0.590182 0.394528 0.704296
    outer loop
      vertex 105.118 65.9393 1.995
      vertex 106.455 66.9651 0.3
      vertex 104.873 66.3058 1.995
    endloop
  endfacet
  facet normal -0.264734 -0.661835 0.701349
    outer loop
      vertex 109.494 70.9324 1.995
      vertex 108.654 69.4722 0.3
      vertex 109.496 70.9316 1.995
    endloop
  endfacet
  facet normal -0.313449 -0.637092 0.704176
    outer loop
      vertex 108.654 69.4722 0.3
      vertex 109.494 70.9324 1.995
      vertex 108.454 69.5706 0.3
    endloop
  endfacet
  facet normal -0.696424 0.138544 0.70413
    outer loop
      vertex 111.073 67.1239 1.995
      vertex 111.159 67.5562 1.995
      vertex 109.446 67.56 0.3
    endloop
  endfacet
  facet normal -0.314264 -0.636586 0.70427
    outer loop
      vertex 109.494 70.9324 1.995
      vertex 109.099 71.1274 1.995
      vertex 108.454 69.5706 0.3
    endloop
  endfacet
  facet normal -0.708229 0.0478749 0.704358
    outer loop
      vertex 109.489 67.7781 0.3
      vertex 111.16 67.5601 1.995
      vertex 109.504 68 0.3
    endloop
  endfacet
  facet normal -0.71213 0 0.702047
    outer loop
      vertex 111.16 67.5601 1.995
      vertex 109.489 67.7781 0.3
      vertex 111.16 67.5582 1.995
    endloop
  endfacet
  facet normal -0.0464792 -0.708408 0.704271
    outer loop
      vertex 108.025 69.6855 0.3
      vertex 108.243 71.3563 1.995
      vertex 107.804 69.7 0.3
    endloop
  endfacet
  facet normal -0.0705843 -0.705843 0.704843
    outer loop
      vertex 108.243 71.3563 1.995
      vertex 108.025 69.6855 0.3
      vertex 108.245 71.3561 1.995
    endloop
  endfacet
  facet normal -0.590182 -0.394528 0.704296
    outer loop
      vertex 110.734 69.6942 1.995
      vertex 110.489 70.0607 1.995
      vertex 109.152 69.0349 0.3
    endloop
  endfacet
  facet normal 0.708213 0.0466883 0.704453
    outer loop
      vertex 104.447 67.5601 1.995
      vertex 106.104 68 0.3
      vertex 104.418 68 1.995
    endloop
  endfacet
  facet normal -0.138001 0.696367 0.704293
    outer loop
      vertex 108.025 66.3145 0.3
      vertex 108.247 64.6442 1.995
      vertex 108.244 66.3579 0.3
    endloop
  endfacet
  facet normal -0.10521 0.701401 0.704959
    outer loop
      vertex 108.247 64.6442 1.995
      vertex 108.025 66.3145 0.3
      vertex 108.245 64.6439 1.995
    endloop
  endfacet
  facet normal 0.533525 -0.468343 0.704277
    outer loop
      vertex 106.455 69.0349 0.3
      vertex 105.409 70.3922 1.995
      vertex 105.118 70.0607 1.995
    endloop
  endfacet
  facet normal 0.466818 0.534962 0.704199
    outer loop
      vertex 106.601 66.7979 0.3
      vertex 105.411 65.6051 1.995
      vertex 106.769 66.6513 0.3
    endloop
  endfacet
  facet normal 0.564537 0.434259 0.701938
    outer loop
      vertex 105.411 65.6051 1.995
      vertex 106.601 66.7979 0.3
      vertex 105.41 65.6064 1.995
    endloop
  endfacet
  facet normal 0.672261 0.228649 0.70412
    outer loop
      vertex 104.676 66.7064 1.995
      vertex 106.161 67.56 0.3
      vertex 104.534 67.1239 1.995
    endloop
  endfacet
  facet normal -0.671609 0.22961 0.704429
    outer loop
      vertex 109.374 67.3494 0.3
      vertex 110.932 66.7064 1.995
      vertex 109.446 67.56 0.3
    endloop
  endfacet
  facet normal -0.621926 0.345514 0.702729
    outer loop
      vertex 110.932 66.7064 1.995
      vertex 109.374 67.3494 0.3
      vertex 110.931 66.7046 1.995
    endloop
  endfacet
  facet normal -0.204298 0.680995 0.703213
    outer loop
      vertex 108.454 66.4294 0.3
      vertex 109.097 64.872 1.995
      vertex 109.099 64.8726 1.995
    endloop
  endfacet
  facet normal -0.228812 0.672037 0.704281
    outer loop
      vertex 109.097 64.872 1.995
      vertex 108.454 66.4294 0.3
      vertex 108.244 66.3579 0.3
    endloop
  endfacet
  facet normal -0.621926 -0.345514 0.702729
    outer loop
      vertex 109.374 68.6506 0.3
      vertex 110.932 69.2936 1.995
      vertex 110.931 69.2954 1.995
    endloop
  endfacet
  facet normal -0.671609 -0.22961 0.704429
    outer loop
      vertex 110.932 69.2936 1.995
      vertex 109.374 68.6506 0.3
      vertex 109.446 68.44 0.3
    endloop
  endfacet
  facet normal -0.0464742 -0.708409 0.704271
    outer loop
      vertex 108.243 71.3563 1.995
      vertex 107.804 71.3851 1.995
      vertex 107.804 69.7 0.3
    endloop
  endfacet
  facet normal 0.314654 0.636344 0.704315
    outer loop
      vertex 106.954 66.5278 0.3
      vertex 106.113 65.0676 1.995
      vertex 107.153 66.4294 0.3
    endloop
  endfacet
  facet normal 0.264705 0.661762 0.701429
    outer loop
      vertex 106.113 65.0676 1.995
      vertex 106.954 66.5278 0.3
      vertex 106.111 65.0684 1.995
    endloop
  endfacet
  facet normal 0.314654 -0.636344 0.704315
    outer loop
      vertex 106.113 70.9324 1.995
      vertex 106.954 69.4722 0.3
      vertex 107.153 69.5706 0.3
    endloop
  endfacet
  facet normal 0.264705 -0.661762 0.701429
    outer loop
      vertex 106.954 69.4722 0.3
      vertex 106.113 70.9324 1.995
      vertex 106.111 70.9316 1.995
    endloop
  endfacet
  facet normal -0.672704 0.227189 0.704169
    outer loop
      vertex 110.932 66.7064 1.995
      vertex 111.073 67.1239 1.995
      vertex 109.446 67.56 0.3
    endloop
  endfacet
  facet normal -0.708422 0.0467021 0.704242
    outer loop
      vertex 111.16 67.5601 1.995
      vertex 111.189 68 1.995
      vertex 109.504 68 0.3
    endloop
  endfacet
  facet normal -0.39478 0.589994 0.704312
    outer loop
      vertex 109.498 65.0695 1.995
      vertex 109.864 65.3144 1.995
      vertex 108.838 66.6513 0.3
    endloop
  endfacet
  facet normal 0.228402 -0.672149 0.704307
    outer loop
      vertex 107.364 69.6421 0.3
      vertex 106.927 71.2697 1.995
      vertex 106.51 71.128 1.995
    endloop
  endfacet
  facet normal 0.636687 0.313996 0.704299
    outer loop
      vertex 104.871 66.3092 1.995
      vertex 106.233 67.3494 0.3
      vertex 104.676 66.7046 1.995
    endloop
  endfacet
  facet normal 0.394103 0.590357 0.704387
    outer loop
      vertex 106.109 65.0695 1.995
      vertex 106.954 66.5278 0.3
      vertex 106.769 66.6513 0.3
    endloop
  endfacet
  facet normal 0.341774 0.621407 0.705013
    outer loop
      vertex 106.954 66.5278 0.3
      vertex 106.109 65.0695 1.995
      vertex 106.111 65.0684 1.995
    endloop
  endfacet
  facet normal 0.696424 -0.138544 0.70413
    outer loop
      vertex 106.161 68.44 0.3
      vertex 104.534 68.8761 1.995
      vertex 104.448 68.4438 1.995
    endloop
  endfacet
  facet normal -0.39478 -0.589994 0.704312
    outer loop
      vertex 109.864 70.6856 1.995
      vertex 109.498 70.9305 1.995
      vertex 108.838 69.3487 0.3
    endloop
  endfacet
  facet normal 0.589682 -0.39546 0.704192
    outer loop
      vertex 104.873 69.6942 1.995
      vertex 106.331 68.85 0.3
      vertex 106.455 69.0349 0.3
    endloop
  endfacet
  facet normal 0.611329 -0.359606 0.704954
    outer loop
      vertex 106.331 68.85 0.3
      vertex 104.873 69.6942 1.995
      vertex 104.872 69.6925 1.995
    endloop
  endfacet
  facet normal -0.533525 0.468343 0.704277
    outer loop
      vertex 110.198 65.6078 1.995
      vertex 110.489 65.9393 1.995
      vertex 109.152 66.9651 0.3
    endloop
  endfacet
  facet normal 0.696544 0.137329 0.704249
    outer loop
      vertex 106.118 67.7781 0.3
      vertex 104.448 67.5562 1.995
      vertex 106.161 67.56 0.3
    endloop
  endfacet
  facet normal 0.651775 0.325888 0.684826
    outer loop
      vertex 104.448 67.5562 1.995
      vertex 106.118 67.7781 0.3
      vertex 104.447 67.5582 1.995
    endloop
  endfacet
  facet normal 0.671797 0.229674 0.704229
    outer loop
      vertex 104.676 66.7064 1.995
      vertex 106.233 67.3494 0.3
      vertex 106.161 67.56 0.3
    endloop
  endfacet
  facet normal 0.73645 0 0.676492
    outer loop
      vertex 106.233 67.3494 0.3
      vertex 104.676 66.7064 1.995
      vertex 104.676 66.7046 1.995
    endloop
  endfacet
  facet normal 0.611329 -0.359606 0.704954
    outer loop
      vertex 104.871 69.6908 1.995
      vertex 106.331 68.85 0.3
      vertex 104.872 69.6925 1.995
    endloop
  endfacet
  facet normal 0.6372 -0.313168 0.704203
    outer loop
      vertex 106.331 68.85 0.3
      vertex 104.871 69.6908 1.995
      vertex 106.233 68.6506 0.3
    endloop
  endfacet
  facet normal -0.0705843 0.705843 0.704843
    outer loop
      vertex 108.025 66.3145 0.3
      vertex 108.243 64.6437 1.995
      vertex 108.245 64.6439 1.995
    endloop
  endfacet
  facet normal -0.0464792 0.708408 0.704271
    outer loop
      vertex 108.243 64.6437 1.995
      vertex 108.025 66.3145 0.3
      vertex 107.804 66.3 0.3
    endloop
  endfacet
  facet normal 0.672261 -0.228649 0.70412
    outer loop
      vertex 106.161 68.44 0.3
      vertex 104.676 69.2936 1.995
      vertex 104.534 68.8761 1.995
    endloop
  endfacet
  facet normal 0.696424 0.138544 0.70413
    outer loop
      vertex 104.534 67.1239 1.995
      vertex 106.161 67.56 0.3
      vertex 104.448 67.5562 1.995
    endloop
  endfacet
  facet normal 0.708213 -0.0466883 0.704453
    outer loop
      vertex 106.104 68 0.3
      vertex 104.447 68.4399 1.995
      vertex 104.418 68 1.995
    endloop
  endfacet
  facet normal 0.708538 0.0447027 0.704255
    outer loop
      vertex 104.447 67.5601 1.995
      vertex 106.118 67.7781 0.3
      vertex 106.104 68 0.3
    endloop
  endfacet
  facet normal 0.71213 0 0.702047
    outer loop
      vertex 106.118 67.7781 0.3
      vertex 104.447 67.5601 1.995
      vertex 104.447 67.5582 1.995
    endloop
  endfacet
  facet normal -0.467644 0.534083 0.704318
    outer loop
      vertex 109.864 65.3144 1.995
      vertex 110.196 65.6051 1.995
      vertex 108.838 66.6513 0.3
    endloop
  endfacet
  facet normal -0.204298 -0.680995 0.703213
    outer loop
      vertex 109.097 71.128 1.995
      vertex 108.454 69.5706 0.3
      vertex 109.099 71.1274 1.995
    endloop
  endfacet
  facet normal -0.228812 -0.672037 0.704281
    outer loop
      vertex 108.454 69.5706 0.3
      vertex 109.097 71.128 1.995
      vertex 108.244 69.6421 0.3
    endloop
  endfacet
  facet normal -0.534886 0.467065 0.704093
    outer loop
      vertex 109.006 66.7979 0.3
      vertex 110.198 65.6078 1.995
      vertex 109.152 66.9651 0.3
    endloop
  endfacet
  facet normal -0.581076 0.415054 0.700058
    outer loop
      vertex 110.198 65.6078 1.995
      vertex 109.006 66.7979 0.3
      vertex 110.197 65.6064 1.995
    endloop
  endfacet
  facet normal -0.467644 -0.534083 0.704318
    outer loop
      vertex 110.196 70.3949 1.995
      vertex 109.864 70.6856 1.995
      vertex 108.838 69.3487 0.3
    endloop
  endfacet
  facet normal 0.138452 -0.696281 0.704289
    outer loop
      vertex 107.364 69.6421 0.3
      vertex 107.36 71.3558 1.995
      vertex 106.927 71.2697 1.995
    endloop
  endfacet
  facet normal -0.611329 0.359606 0.704954
    outer loop
      vertex 109.276 67.15 0.3
      vertex 110.734 66.3058 1.995
      vertex 110.735 66.3075 1.995
    endloop
  endfacet
  facet normal -0.589682 0.39546 0.704192
    outer loop
      vertex 110.734 66.3058 1.995
      vertex 109.276 67.15 0.3
      vertex 109.152 66.9651 0.3
    endloop
  endfacet
  facet normal 0.0705843 -0.705843 0.704843
    outer loop
      vertex 107.582 69.6855 0.3
      vertex 107.364 71.3563 1.995
      vertex 107.362 71.3561 1.995
    endloop
  endfacet
  facet normal 0.0462712 -0.708428 0.704265
    outer loop
      vertex 107.364 71.3563 1.995
      vertex 107.582 69.6855 0.3
      vertex 107.804 69.7 0.3
    endloop
  endfacet
  facet normal -0.6372 0.313168 0.704203
    outer loop
      vertex 109.276 67.15 0.3
      vertex 110.736 66.3092 1.995
      vertex 109.374 67.3494 0.3
    endloop
  endfacet
  facet normal -0.611329 0.359606 0.704954
    outer loop
      vertex 110.736 66.3092 1.995
      vertex 109.276 67.15 0.3
      vertex 110.735 66.3075 1.995
    endloop
  endfacet
  facet normal 0.0463688 -0.708412 0.704274
    outer loop
      vertex 107.804 69.7 0.3
      vertex 107.804 71.3851 1.995
      vertex 107.364 71.3563 1.995
    endloop
  endfacet
  facet normal -0.533525 -0.468343 0.704277
    outer loop
      vertex 110.489 70.0607 1.995
      vertex 110.198 70.3922 1.995
      vertex 109.152 69.0349 0.3
    endloop
  endfacet
  facet normal -0.564537 0.434259 0.701938
    outer loop
      vertex 109.006 66.7979 0.3
      vertex 110.196 65.6051 1.995
      vertex 110.197 65.6064 1.995
    endloop
  endfacet
  facet normal -0.466818 0.534962 0.704199
    outer loop
      vertex 110.196 65.6051 1.995
      vertex 109.006 66.7979 0.3
      vertex 108.838 66.6513 0.3
    endloop
  endfacet
  facet normal 0.39478 -0.589994 0.704312
    outer loop
      vertex 106.769 69.3487 0.3
      vertex 106.109 70.9305 1.995
      vertex 105.743 70.6856 1.995
    endloop
  endfacet
  facet normal 0.22785 0.672398 0.704248
    outer loop
      vertex 107.153 66.4294 0.3
      vertex 106.51 64.872 1.995
      vertex 107.364 66.3579 0.3
    endloop
  endfacet
  facet normal 0.204298 0.680995 0.703213
    outer loop
      vertex 106.51 64.872 1.995
      vertex 107.153 66.4294 0.3
      vertex 106.508 64.8726 1.995
    endloop
  endfacet
  facet normal 0.71213 -0 0.702047
    outer loop
      vertex 104.447 68.4399 1.995
      vertex 106.118 68.2219 0.3
      vertex 104.447 68.4418 1.995
    endloop
  endfacet
  facet normal 0.708538 -0.0447027 0.704255
    outer loop
      vertex 106.118 68.2219 0.3
      vertex 104.447 68.4399 1.995
      vertex 106.104 68 0.3
    endloop
  endfacet
  facet normal 0.590182 -0.394528 0.704296
    outer loop
      vertex 106.455 69.0349 0.3
      vertex 105.118 70.0607 1.995
      vertex 104.873 69.6942 1.995
    endloop
  endfacet
  facet normal -0.13846 -0.696321 0.704248
    outer loop
      vertex 108.68 71.2697 1.995
      vertex 108.247 71.3558 1.995
      vertex 108.244 69.6421 0.3
    endloop
  endfacet
  facet normal 0.314264 0.636586 0.70427
    outer loop
      vertex 106.508 64.8726 1.995
      vertex 107.153 66.4294 0.3
      vertex 106.113 65.0676 1.995
    endloop
  endfacet
  facet normal 0.314264 -0.636586 0.70427
    outer loop
      vertex 107.153 69.5706 0.3
      vertex 106.508 71.1274 1.995
      vertex 106.113 70.9324 1.995
    endloop
  endfacet
  facet normal 0.138452 0.696281 0.704289
    outer loop
      vertex 107.36 64.6442 1.995
      vertex 107.364 66.3579 0.3
      vertex 106.927 64.7303 1.995
    endloop
  endfacet
  facet normal 0.467644 0.534083 0.704318
    outer loop
      vertex 105.743 65.3144 1.995
      vertex 106.769 66.6513 0.3
      vertex 105.411 65.6051 1.995
    endloop
  endfacet
  facet normal 0.138614 0.696265 0.704274
    outer loop
      vertex 107.36 64.6442 1.995
      vertex 107.582 66.3145 0.3
      vertex 107.364 66.3579 0.3
    endloop
  endfacet
  facet normal 0.10521 0.701401 0.704959
    outer loop
      vertex 107.582 66.3145 0.3
      vertex 107.36 64.6442 1.995
      vertex 107.362 64.6439 1.995
    endloop
  endfacet
  facet normal 0.0463688 0.708412 0.704274
    outer loop
      vertex 107.804 64.6149 1.995
      vertex 107.804 66.3 0.3
      vertex 107.364 64.6437 1.995
    endloop
  endfacet
  facet normal 0.73645 -0 0.676492
    outer loop
      vertex 104.676 69.2936 1.995
      vertex 106.233 68.6506 0.3
      vertex 104.676 69.2954 1.995
    endloop
  endfacet
  facet normal 0.671797 -0.229674 0.704229
    outer loop
      vertex 106.233 68.6506 0.3
      vertex 104.676 69.2936 1.995
      vertex 106.161 68.44 0.3
    endloop
  endfacet
  facet normal 0.636687 -0.313996 0.704299
    outer loop
      vertex 106.233 68.6506 0.3
      vertex 104.871 69.6908 1.995
      vertex 104.676 69.2954 1.995
    endloop
  endfacet
  facet normal -0.590182 0.394528 0.704296
    outer loop
      vertex 110.489 65.9393 1.995
      vertex 110.734 66.3058 1.995
      vertex 109.152 66.9651 0.3
    endloop
  endfacet
  facet normal 0.467644 -0.534083 0.704318
    outer loop
      vertex 106.769 69.3487 0.3
      vertex 105.743 70.6856 1.995
      vertex 105.411 70.3949 1.995
    endloop
  endfacet
  facet normal 0.22785 -0.672398 0.704248
    outer loop
      vertex 106.51 71.128 1.995
      vertex 107.153 69.5706 0.3
      vertex 107.364 69.6421 0.3
    endloop
  endfacet
  facet normal 0.204298 -0.680995 0.703213
    outer loop
      vertex 107.153 69.5706 0.3
      vertex 106.51 71.128 1.995
      vertex 106.508 71.1274 1.995
    endloop
  endfacet
  facet normal 0.696544 -0.137329 0.704249
    outer loop
      vertex 104.448 68.4438 1.995
      vertex 106.118 68.2219 0.3
      vertex 106.161 68.44 0.3
    endloop
  endfacet
  facet normal 0.651775 -0.325888 0.684826
    outer loop
      vertex 106.118 68.2219 0.3
      vertex 104.448 68.4438 1.995
      vertex 104.447 68.4418 1.995
    endloop
  endfacet
  facet normal 0.533525 0.468343 0.704277
    outer loop
      vertex 105.409 65.6078 1.995
      vertex 106.455 66.9651 0.3
      vertex 105.118 65.9393 1.995
    endloop
  endfacet
  facet normal -0.264734 0.661835 0.701349
    outer loop
      vertex 108.654 66.5278 0.3
      vertex 109.494 65.0676 1.995
      vertex 109.496 65.0684 1.995
    endloop
  endfacet
  facet normal -0.313449 0.637092 0.704176
    outer loop
      vertex 109.494 65.0676 1.995
      vertex 108.654 66.5278 0.3
      vertex 108.454 66.4294 0.3
    endloop
  endfacet
  facet normal 0.534886 0.467065 0.704093
    outer loop
      vertex 105.409 65.6078 1.995
      vertex 106.601 66.7979 0.3
      vertex 106.455 66.9651 0.3
    endloop
  endfacet
  facet normal 0.581076 0.415054 0.700058
    outer loop
      vertex 106.601 66.7979 0.3
      vertex 105.409 65.6078 1.995
      vertex 105.41 65.6064 1.995
    endloop
  endfacet
  facet normal 0.589682 0.39546 0.704192
    outer loop
      vertex 106.331 67.15 0.3
      vertex 104.873 66.3058 1.995
      vertex 106.455 66.9651 0.3
    endloop
  endfacet
  facet normal 0.611329 0.359606 0.704954
    outer loop
      vertex 104.873 66.3058 1.995
      vertex 106.331 67.15 0.3
      vertex 104.872 66.3075 1.995
    endloop
  endfacet
  facet normal 0.6372 0.313168 0.704203
    outer loop
      vertex 104.871 66.3092 1.995
      vertex 106.331 67.15 0.3
      vertex 106.233 67.3494 0.3
    endloop
  endfacet
  facet normal 0.611329 0.359606 0.704954
    outer loop
      vertex 106.331 67.15 0.3
      vertex 104.871 66.3092 1.995
      vertex 104.872 66.3075 1.995
    endloop
  endfacet
  facet normal -0.672704 -0.227189 0.704169
    outer loop
      vertex 111.073 68.8761 1.995
      vertex 110.932 69.2936 1.995
      vertex 109.446 68.44 0.3
    endloop
  endfacet
  facet normal -0.228423 -0.672213 0.704239
    outer loop
      vertex 109.097 71.128 1.995
      vertex 108.68 71.2697 1.995
      vertex 108.244 69.6421 0.3
    endloop
  endfacet
  facet normal -0.341823 -0.621496 0.704912
    outer loop
      vertex 108.654 69.4722 0.3
      vertex 109.498 70.9305 1.995
      vertex 109.496 70.9316 1.995
    endloop
  endfacet
  facet normal -0.395678 -0.589512 0.704211
    outer loop
      vertex 109.498 70.9305 1.995
      vertex 108.654 69.4722 0.3
      vertex 108.838 69.3487 0.3
    endloop
  endfacet
  facet normal 0.0462712 0.708428 0.704265
    outer loop
      vertex 107.582 66.3145 0.3
      vertex 107.364 64.6437 1.995
      vertex 107.804 66.3 0.3
    endloop
  endfacet
  facet normal 0.0705843 0.705843 0.704843
    outer loop
      vertex 107.364 64.6437 1.995
      vertex 107.582 66.3145 0.3
      vertex 107.362 64.6439 1.995
    endloop
  endfacet
  facet normal -0.395678 0.589512 0.704211
    outer loop
      vertex 108.654 66.5278 0.3
      vertex 109.498 65.0695 1.995
      vertex 108.838 66.6513 0.3
    endloop
  endfacet
  facet normal -0.341823 0.621496 0.704912
    outer loop
      vertex 109.498 65.0695 1.995
      vertex 108.654 66.5278 0.3
      vertex 109.496 65.0684 1.995
    endloop
  endfacet
  facet normal 0.466818 -0.534962 0.704199
    outer loop
      vertex 105.411 70.3949 1.995
      vertex 106.601 69.2021 0.3
      vertex 106.769 69.3487 0.3
    endloop
  endfacet
  facet normal 0.564537 -0.434259 0.701938
    outer loop
      vertex 106.601 69.2021 0.3
      vertex 105.411 70.3949 1.995
      vertex 105.41 70.3936 1.995
    endloop
  endfacet
  facet normal -0.611329 -0.359606 0.704954
    outer loop
      vertex 110.734 69.6942 1.995
      vertex 109.276 68.85 0.3
      vertex 110.735 69.6925 1.995
    endloop
  endfacet
  facet normal -0.589682 -0.39546 0.704192
    outer loop
      vertex 109.276 68.85 0.3
      vertex 110.734 69.6942 1.995
      vertex 109.152 69.0349 0.3
    endloop
  endfacet
  facet normal -0.696424 -0.138544 0.70413
    outer loop
      vertex 111.159 68.4438 1.995
      vertex 111.073 68.8761 1.995
      vertex 109.446 68.44 0.3
    endloop
  endfacet
  facet normal -0.651775 -0.325888 0.684826
    outer loop
      vertex 111.159 68.4438 1.995
      vertex 109.489 68.2219 0.3
      vertex 111.16 68.4418 1.995
    endloop
  endfacet
  facet normal -0.696544 -0.137329 0.704249
    outer loop
      vertex 109.489 68.2219 0.3
      vertex 111.159 68.4438 1.995
      vertex 109.446 68.44 0.3
    endloop
  endfacet
  facet normal -0.10521 -0.701401 0.704959
    outer loop
      vertex 108.025 69.6855 0.3
      vertex 108.247 71.3558 1.995
      vertex 108.245 71.3561 1.995
    endloop
  endfacet
  facet normal -0.138001 -0.696367 0.704293
    outer loop
      vertex 108.247 71.3558 1.995
      vertex 108.025 69.6855 0.3
      vertex 108.244 69.6421 0.3
    endloop
  endfacet
  facet normal -0.564537 -0.434259 0.701938
    outer loop
      vertex 110.196 70.3949 1.995
      vertex 109.006 69.2021 0.3
      vertex 110.197 70.3936 1.995
    endloop
  endfacet
  facet normal -0.466818 -0.534962 0.704199
    outer loop
      vertex 109.006 69.2021 0.3
      vertex 110.196 70.3949 1.995
      vertex 108.838 69.3487 0.3
    endloop
  endfacet
  facet normal -0.611329 -0.359606 0.704954
    outer loop
      vertex 109.276 68.85 0.3
      vertex 110.736 69.6908 1.995
      vertex 110.735 69.6925 1.995
    endloop
  endfacet
  facet normal -0.6372 -0.313168 0.704203
    outer loop
      vertex 110.736 69.6908 1.995
      vertex 109.276 68.85 0.3
      vertex 109.374 68.6506 0.3
    endloop
  endfacet
  facet normal -0.636687 -0.313996 0.704299
    outer loop
      vertex 110.931 69.2954 1.995
      vertex 110.736 69.6908 1.995
      vertex 109.374 68.6506 0.3
    endloop
  endfacet
  facet normal -0.981113 -0.193434 0
    outer loop
      vertex 111.174 68.4438 1.995
      vertex 111.088 68.88 2
      vertex 111.088 68.88 1.995
    endloop
  endfacet
  facet normal -0.981113 -0.193434 0
    outer loop
      vertex 111.088 68.88 2
      vertex 111.174 68.4438 1.995
      vertex 111.174 68.4438 2
    endloop
  endfacet
  facet normal -0.997723 -0.0674441 0
    outer loop
      vertex 111.204 68 1.995
      vertex 111.174 68.4438 2
      vertex 111.174 68.4438 1.995
    endloop
  endfacet
  facet normal -0.997723 -0.0674441 0
    outer loop
      vertex 111.174 68.4438 2
      vertex 111.204 68 1.995
      vertex 111.204 68 2
    endloop
  endfacet
  facet normal 0.555374 -0.831601 0
    outer loop
      vertex 105.734 70.6974 1.995
      vertex 106.104 70.9445 2
      vertex 105.734 70.6974 2
    endloop
  endfacet
  facet normal 0.555374 -0.831601 0
    outer loop
      vertex 106.104 70.9445 2
      vertex 105.734 70.6974 1.995
      vertex 106.104 70.9445 1.995
    endloop
  endfacet
  facet normal 0.752131 -0.659014 0
    outer loop
      vertex 105.106 70.0698 2
      vertex 105.399 70.4042 1.995
      vertex 105.399 70.4042 2
    endloop
  endfacet
  facet normal 0.752131 -0.659014 0
    outer loop
      vertex 105.399 70.4042 1.995
      vertex 105.106 70.0698 2
      vertex 105.106 70.0698 1.995
    endloop
  endfacet
  facet normal -0.0655472 -0.997849 0
    outer loop
      vertex 107.804 71.4 1.995
      vertex 108.247 71.3709 2
      vertex 107.804 71.4 2
    endloop
  endfacet
  facet normal -0.0655472 -0.997849 -0
    outer loop
      vertex 108.247 71.3709 2
      vertex 107.804 71.4 1.995
      vertex 108.247 71.3709 1.995
    endloop
  endfacet
  facet normal -0.6586 0.752493 0
    outer loop
      vertex 110.208 65.5958 1.995
      vertex 109.873 65.3026 2
      vertex 110.208 65.5958 2
    endloop
  endfacet
  facet normal -0.6586 0.752493 0
    outer loop
      vertex 109.873 65.3026 2
      vertex 110.208 65.5958 1.995
      vertex 109.873 65.3026 1.995
    endloop
  endfacet
  facet normal 0.831566 -0.555426 0
    outer loop
      vertex 104.859 69.7 2
      vertex 105.106 70.0698 1.995
      vertex 105.106 70.0698 2
    endloop
  endfacet
  facet normal 0.831566 -0.555426 0
    outer loop
      vertex 105.106 70.0698 1.995
      vertex 104.859 69.7 2
      vertex 104.859 69.7 1.995
    endloop
  endfacet
  facet normal 0.6586 -0.752493 0
    outer loop
      vertex 105.399 70.4042 1.995
      vertex 105.734 70.6974 2
      vertex 105.399 70.4042 2
    endloop
  endfacet
  facet normal 0.6586 -0.752493 0
    outer loop
      vertex 105.734 70.6974 2
      vertex 105.399 70.4042 1.995
      vertex 105.734 70.6974 1.995
    endloop
  endfacet
  facet normal 0.320736 -0.947169 0
    outer loop
      vertex 106.502 71.1412 1.995
      vertex 106.924 71.2841 2
      vertex 106.502 71.1412 2
    endloop
  endfacet
  facet normal 0.320736 -0.947169 0
    outer loop
      vertex 106.924 71.2841 2
      vertex 106.502 71.1412 1.995
      vertex 106.924 71.2841 1.995
    endloop
  endfacet
  facet normal 0.946892 0.321552 0
    outer loop
      vertex 104.662 66.6989 2
      vertex 104.519 67.12 1.995
      vertex 104.519 67.12 2
    endloop
  endfacet
  facet normal 0.946892 0.321552 0
    outer loop
      vertex 104.519 67.12 1.995
      vertex 104.662 66.6989 2
      vertex 104.662 66.6989 1.995
    endloop
  endfacet
  facet normal -0.752131 -0.659014 0
    outer loop
      vertex 110.501 70.0698 1.995
      vertex 110.208 70.4042 2
      vertex 110.208 70.4042 1.995
    endloop
  endfacet
  facet normal -0.752131 -0.659014 0
    outer loop
      vertex 110.208 70.4042 2
      vertex 110.501 70.0698 1.995
      vertex 110.501 70.0698 2
    endloop
  endfacet
  facet normal 0.443064 -0.89649 0
    outer loop
      vertex 106.104 70.9445 1.995
      vertex 106.502 71.1412 2
      vertex 106.104 70.9445 2
    endloop
  endfacet
  facet normal 0.443064 -0.89649 0
    outer loop
      vertex 106.502 71.1412 2
      vertex 106.104 70.9445 1.995
      vertex 106.502 71.1412 1.995
    endloop
  endfacet
  facet normal 0.752131 0.659014 0
    outer loop
      vertex 105.399 65.5958 2
      vertex 105.106 65.9302 1.995
      vertex 105.106 65.9302 2
    endloop
  endfacet
  facet normal 0.752131 0.659014 0
    outer loop
      vertex 105.106 65.9302 1.995
      vertex 105.399 65.5958 2
      vertex 105.399 65.5958 1.995
    endloop
  endfacet
  facet normal -0.831566 -0.555426 0
    outer loop
      vertex 110.748 69.7 1.995
      vertex 110.501 70.0698 2
      vertex 110.501 70.0698 1.995
    endloop
  endfacet
  facet normal -0.831566 -0.555426 0
    outer loop
      vertex 110.501 70.0698 2
      vertex 110.748 69.7 1.995
      vertex 110.748 69.7 2
    endloop
  endfacet
  facet normal 0.195251 0.980753 -0
    outer loop
      vertex 107.36 64.6291 1.995
      vertex 106.924 64.7159 2
      vertex 107.36 64.6291 2
    endloop
  endfacet
  facet normal 0.195251 0.980753 0
    outer loop
      vertex 106.924 64.7159 2
      vertex 107.36 64.6291 1.995
      vertex 106.924 64.7159 1.995
    endloop
  endfacet
  facet normal -0.981113 0.193434 0
    outer loop
      vertex 111.088 67.12 1.995
      vertex 111.174 67.5562 2
      vertex 111.174 67.5562 1.995
    endloop
  endfacet
  facet normal -0.981113 0.193434 0
    outer loop
      vertex 111.174 67.5562 2
      vertex 111.088 67.12 1.995
      vertex 111.088 67.12 2
    endloop
  endfacet
  facet normal -0.194821 0.980839 0
    outer loop
      vertex 108.684 64.7159 1.995
      vertex 108.247 64.6291 2
      vertex 108.684 64.7159 2
    endloop
  endfacet
  facet normal -0.194821 0.980839 0
    outer loop
      vertex 108.247 64.6291 2
      vertex 108.684 64.7159 1.995
      vertex 108.247 64.6291 1.995
    endloop
  endfacet
  facet normal -0.831566 0.555426 0
    outer loop
      vertex 110.501 65.9302 1.995
      vertex 110.748 66.3 2
      vertex 110.748 66.3 1.995
    endloop
  endfacet
  facet normal -0.831566 0.555426 0
    outer loop
      vertex 110.748 66.3 2
      vertex 110.501 65.9302 1.995
      vertex 110.501 65.9302 2
    endloop
  endfacet
  facet normal -0.946892 0.321552 0
    outer loop
      vertex 110.945 66.6989 1.995
      vertex 111.088 67.12 2
      vertex 111.088 67.12 1.995
    endloop
  endfacet
  facet normal -0.946892 0.321552 0
    outer loop
      vertex 111.088 67.12 2
      vertex 110.945 66.6989 1.995
      vertex 110.945 66.6989 2
    endloop
  endfacet
  facet normal -0.442171 -0.896931 0
    outer loop
      vertex 109.105 71.1412 1.995
      vertex 109.504 70.9445 2
      vertex 109.105 71.1412 2
    endloop
  endfacet
  facet normal -0.442171 -0.896931 -0
    outer loop
      vertex 109.504 70.9445 2
      vertex 109.105 71.1412 1.995
      vertex 109.504 70.9445 1.995
    endloop
  endfacet
  facet normal -0.556414 0.830905 0
    outer loop
      vertex 109.873 65.3026 1.995
      vertex 109.504 65.0555 2
      vertex 109.873 65.3026 2
    endloop
  endfacet
  facet normal -0.556414 0.830905 0
    outer loop
      vertex 109.504 65.0555 2
      vertex 109.873 65.3026 1.995
      vertex 109.504 65.0555 1.995
    endloop
  endfacet
  facet normal -0.442171 0.896931 0
    outer loop
      vertex 109.504 65.0555 1.995
      vertex 109.105 64.8588 2
      vertex 109.504 65.0555 2
    endloop
  endfacet
  facet normal -0.442171 0.896931 0
    outer loop
      vertex 109.105 64.8588 2
      vertex 109.504 65.0555 1.995
      vertex 109.105 64.8588 1.995
    endloop
  endfacet
  facet normal -0.556414 -0.830905 0
    outer loop
      vertex 109.504 70.9445 1.995
      vertex 109.873 70.6974 2
      vertex 109.504 70.9445 2
    endloop
  endfacet
  facet normal -0.556414 -0.830905 -0
    outer loop
      vertex 109.873 70.6974 2
      vertex 109.504 70.9445 1.995
      vertex 109.873 70.6974 1.995
    endloop
  endfacet
  facet normal -0.6586 -0.752493 0
    outer loop
      vertex 109.873 70.6974 1.995
      vertex 110.208 70.4042 2
      vertex 109.873 70.6974 2
    endloop
  endfacet
  facet normal -0.6586 -0.752493 -0
    outer loop
      vertex 110.208 70.4042 2
      vertex 109.873 70.6974 1.995
      vertex 110.208 70.4042 1.995
    endloop
  endfacet
  facet normal 0.981113 0.193434 0
    outer loop
      vertex 104.519 67.12 2
      vertex 104.433 67.5562 1.995
      vertex 104.433 67.5562 2
    endloop
  endfacet
  facet normal 0.981113 0.193434 0
    outer loop
      vertex 104.433 67.5562 1.995
      vertex 104.519 67.12 2
      vertex 104.519 67.12 1.995
    endloop
  endfacet
  facet normal 0.981113 -0.193434 0
    outer loop
      vertex 104.433 68.4438 2
      vertex 104.519 68.88 1.995
      vertex 104.519 68.88 2
    endloop
  endfacet
  facet normal 0.981113 -0.193434 0
    outer loop
      vertex 104.519 68.88 1.995
      vertex 104.433 68.4438 2
      vertex 104.433 68.4438 1.995
    endloop
  endfacet
  facet normal 0.0654002 0.997859 -0
    outer loop
      vertex 107.804 64.6 1.995
      vertex 107.36 64.6291 2
      vertex 107.804 64.6 2
    endloop
  endfacet
  facet normal 0.0654002 0.997859 0
    outer loop
      vertex 107.36 64.6291 2
      vertex 107.804 64.6 1.995
      vertex 107.36 64.6291 1.995
    endloop
  endfacet
  facet normal 0.6586 0.752493 -0
    outer loop
      vertex 105.734 65.3026 1.995
      vertex 105.399 65.5958 2
      vertex 105.734 65.3026 2
    endloop
  endfacet
  facet normal 0.6586 0.752493 0
    outer loop
      vertex 105.399 65.5958 2
      vertex 105.734 65.3026 1.995
      vertex 105.399 65.5958 1.995
    endloop
  endfacet
  facet normal -0.896619 -0.442803 0
    outer loop
      vertex 110.945 69.3011 1.995
      vertex 110.748 69.7 2
      vertex 110.748 69.7 1.995
    endloop
  endfacet
  facet normal -0.896619 -0.442803 0
    outer loop
      vertex 110.748 69.7 2
      vertex 110.945 69.3011 1.995
      vertex 110.945 69.3011 2
    endloop
  endfacet
  facet normal -0.752131 0.659014 0
    outer loop
      vertex 110.208 65.5958 1.995
      vertex 110.501 65.9302 2
      vertex 110.501 65.9302 1.995
    endloop
  endfacet
  facet normal -0.752131 0.659014 0
    outer loop
      vertex 110.501 65.9302 2
      vertex 110.208 65.5958 1.995
      vertex 110.208 65.5958 2
    endloop
  endfacet
  facet normal 0.997872 0.0652057 0
    outer loop
      vertex 104.433 67.5562 2
      vertex 104.404 68 1.995
      vertex 104.404 68 2
    endloop
  endfacet
  facet normal 0.997872 0.0652057 0
    outer loop
      vertex 104.404 68 1.995
      vertex 104.433 67.5562 2
      vertex 104.433 67.5562 1.995
    endloop
  endfacet
  facet normal -0.0655472 0.997849 0
    outer loop
      vertex 108.247 64.6291 1.995
      vertex 107.804 64.6 2
      vertex 108.247 64.6291 2
    endloop
  endfacet
  facet normal -0.0655472 0.997849 0
    outer loop
      vertex 107.804 64.6 2
      vertex 108.247 64.6291 1.995
      vertex 107.804 64.6 1.995
    endloop
  endfacet
  facet normal 0.946892 -0.321552 0
    outer loop
      vertex 104.519 68.88 2
      vertex 104.662 69.3011 1.995
      vertex 104.662 69.3011 2
    endloop
  endfacet
  facet normal 0.946892 -0.321552 0
    outer loop
      vertex 104.662 69.3011 1.995
      vertex 104.519 68.88 2
      vertex 104.519 68.88 1.995
    endloop
  endfacet
  facet normal -0.321419 -0.946937 0
    outer loop
      vertex 108.684 71.2841 1.995
      vertex 109.105 71.1412 2
      vertex 108.684 71.2841 2
    endloop
  endfacet
  facet normal -0.321419 -0.946937 -0
    outer loop
      vertex 109.105 71.1412 2
      vertex 108.684 71.2841 1.995
      vertex 109.105 71.1412 1.995
    endloop
  endfacet
  facet normal 0.997872 -0.0652057 0
    outer loop
      vertex 104.404 68 2
      vertex 104.433 68.4438 1.995
      vertex 104.433 68.4438 2
    endloop
  endfacet
  facet normal 0.997872 -0.0652057 0
    outer loop
      vertex 104.433 68.4438 1.995
      vertex 104.404 68 2
      vertex 104.404 68 1.995
    endloop
  endfacet
  facet normal 0.896619 0.442803 0
    outer loop
      vertex 104.859 66.3 2
      vertex 104.662 66.6989 1.995
      vertex 104.662 66.6989 2
    endloop
  endfacet
  facet normal 0.896619 0.442803 0
    outer loop
      vertex 104.662 66.6989 1.995
      vertex 104.859 66.3 2
      vertex 104.859 66.3 1.995
    endloop
  endfacet
  facet normal 0.831566 0.555426 0
    outer loop
      vertex 105.106 65.9302 2
      vertex 104.859 66.3 1.995
      vertex 104.859 66.3 2
    endloop
  endfacet
  facet normal 0.831566 0.555426 0
    outer loop
      vertex 104.859 66.3 1.995
      vertex 105.106 65.9302 2
      vertex 105.106 65.9302 1.995
    endloop
  endfacet
  facet normal -0.997723 0.0674441 0
    outer loop
      vertex 111.174 67.5562 1.995
      vertex 111.204 68 2
      vertex 111.204 68 1.995
    endloop
  endfacet
  facet normal -0.997723 0.0674441 0
    outer loop
      vertex 111.204 68 2
      vertex 111.174 67.5562 1.995
      vertex 111.174 67.5562 2
    endloop
  endfacet
  facet normal -0.946892 -0.321552 0
    outer loop
      vertex 111.088 68.88 1.995
      vertex 110.945 69.3011 2
      vertex 110.945 69.3011 1.995
    endloop
  endfacet
  facet normal -0.946892 -0.321552 0
    outer loop
      vertex 110.945 69.3011 2
      vertex 111.088 68.88 1.995
      vertex 111.088 68.88 2
    endloop
  endfacet
  facet normal 0.0654002 -0.997859 0
    outer loop
      vertex 107.36 71.3709 1.995
      vertex 107.804 71.4 2
      vertex 107.36 71.3709 2
    endloop
  endfacet
  facet normal 0.0654002 -0.997859 0
    outer loop
      vertex 107.804 71.4 2
      vertex 107.36 71.3709 1.995
      vertex 107.804 71.4 1.995
    endloop
  endfacet
  facet normal -0.321419 0.946937 0
    outer loop
      vertex 109.105 64.8588 1.995
      vertex 108.684 64.7159 2
      vertex 109.105 64.8588 2
    endloop
  endfacet
  facet normal -0.321419 0.946937 0
    outer loop
      vertex 108.684 64.7159 2
      vertex 109.105 64.8588 1.995
      vertex 108.684 64.7159 1.995
    endloop
  endfacet
  facet normal 0.195251 -0.980753 0
    outer loop
      vertex 106.924 71.2841 1.995
      vertex 107.36 71.3709 2
      vertex 106.924 71.2841 2
    endloop
  endfacet
  facet normal 0.195251 -0.980753 0
    outer loop
      vertex 107.36 71.3709 2
      vertex 106.924 71.2841 1.995
      vertex 107.36 71.3709 1.995
    endloop
  endfacet
  facet normal 0.896619 -0.442803 0
    outer loop
      vertex 104.662 69.3011 2
      vertex 104.859 69.7 1.995
      vertex 104.859 69.7 2
    endloop
  endfacet
  facet normal 0.896619 -0.442803 0
    outer loop
      vertex 104.859 69.7 1.995
      vertex 104.662 69.3011 2
      vertex 104.662 69.3011 1.995
    endloop
  endfacet
  facet normal -0.896619 0.442803 0
    outer loop
      vertex 110.748 66.3 1.995
      vertex 110.945 66.6989 2
      vertex 110.945 66.6989 1.995
    endloop
  endfacet
  facet normal -0.896619 0.442803 0
    outer loop
      vertex 110.945 66.6989 2
      vertex 110.748 66.3 1.995
      vertex 110.748 66.3 2
    endloop
  endfacet
  facet normal 0.320736 0.947169 -0
    outer loop
      vertex 106.924 64.7159 1.995
      vertex 106.502 64.8588 2
      vertex 106.924 64.7159 2
    endloop
  endfacet
  facet normal 0.320736 0.947169 0
    outer loop
      vertex 106.502 64.8588 2
      vertex 106.924 64.7159 1.995
      vertex 106.502 64.8588 1.995
    endloop
  endfacet
  facet normal -0.194821 -0.980839 0
    outer loop
      vertex 108.247 71.3709 1.995
      vertex 108.684 71.2841 2
      vertex 108.247 71.3709 2
    endloop
  endfacet
  facet normal -0.194821 -0.980839 -0
    outer loop
      vertex 108.684 71.2841 2
      vertex 108.247 71.3709 1.995
      vertex 108.684 71.2841 1.995
    endloop
  endfacet
  facet normal 0.443064 0.89649 -0
    outer loop
      vertex 106.502 64.8588 1.995
      vertex 106.104 65.0555 2
      vertex 106.502 64.8588 2
    endloop
  endfacet
  facet normal 0.443064 0.89649 0
    outer loop
      vertex 106.104 65.0555 2
      vertex 106.502 64.8588 1.995
      vertex 106.104 65.0555 1.995
    endloop
  endfacet
  facet normal -0 0 1
    outer loop
      vertex 111.16 68.4399 1.995
      vertex 111.204 68 1.995
      vertex 111.174 68.4438 1.995
    endloop
  endfacet
  facet normal 0 0 1
    outer loop
      vertex 111.204 68 1.995
      vertex 111.16 68.4399 1.995
      vertex 111.189 68 1.995
    endloop
  endfacet
  facet normal 0 0 1
    outer loop
      vertex 111.174 68.4438 1.995
      vertex 111.16 68.4418 1.995
      vertex 111.16 68.4399 1.995
    endloop
  endfacet
  facet normal 0 0 1
    outer loop
      vertex 111.174 68.4438 1.995
      vertex 111.159 68.4438 1.995
      vertex 111.16 68.4418 1.995
    endloop
  endfacet
  facet normal 0 0 1
    outer loop
      vertex 111.088 68.88 1.995
      vertex 111.159 68.4438 1.995
      vertex 111.174 68.4438 1.995
    endloop
  endfacet
  facet normal 0 0 1
    outer loop
      vertex 111.088 68.88 1.995
      vertex 111.073 68.8761 1.995
      vertex 111.159 68.4438 1.995
    endloop
  endfacet
  facet normal -0 0 1
    outer loop
      vertex 110.932 69.2936 1.995
      vertex 111.088 68.88 1.995
      vertex 110.945 69.3011 1.995
    endloop
  endfacet
  facet normal 0 0 1
    outer loop
      vertex 111.088 68.88 1.995
      vertex 110.932 69.2936 1.995
      vertex 111.073 68.8761 1.995
    endloop
  endfacet
  facet normal 0 0 1
    outer loop
      vertex 110.945 69.3011 1.995
      vertex 110.931 69.2954 1.995
      vertex 110.932 69.2936 1.995
    endloop
  endfacet
  facet normal -0 0 1
    outer loop
      vertex 110.736 69.6908 1.995
      vertex 110.945 69.3011 1.995
      vertex 110.748 69.7 1.995
    endloop
  endfacet
  facet normal 0 0 1
    outer loop
      vertex 110.945 69.3011 1.995
      vertex 110.736 69.6908 1.995
      vertex 110.931 69.2954 1.995
    endloop
  endfacet
  facet normal 0 0 1
    outer loop
      vertex 110.748 69.7 1.995
      vertex 110.735 69.6925 1.995
      vertex 110.736 69.6908 1.995
    endloop
  endfacet
  facet normal 0 0 1
    outer loop
      vertex 110.748 69.7 1.995
      vertex 110.734 69.6942 1.995
      vertex 110.735 69.6925 1.995
    endloop
  endfacet
  facet normal 0 0 1
    outer loop
      vertex 110.501 70.0698 1.995
      vertex 110.734 69.6942 1.995
      vertex 110.748 69.7 1.995
    endloop
  endfacet
  facet normal 0 0 1
    outer loop
      vertex 110.501 70.0698 1.995
      vertex 110.489 70.0607 1.995
      vertex 110.734 69.6942 1.995
    endloop
  endfacet
  facet normal -0 0 1
    outer loop
      vertex 110.198 70.3922 1.995
      vertex 110.501 70.0698 1.995
      vertex 110.208 70.4042 1.995
    endloop
  endfacet
  facet normal 0 0 1
    outer loop
      vertex 110.501 70.0698 1.995
      vertex 110.198 70.3922 1.995
      vertex 110.489 70.0607 1.995
    endloop
  endfacet
  facet normal 0 0 1
    outer loop
      vertex 110.208 70.4042 1.995
      vertex 110.197 70.3936 1.995
      vertex 110.198 70.3922 1.995
    endloop
  endfacet
  facet normal 0 0 1
    outer loop
      vertex 110.208 70.4042 1.995
      vertex 110.196 70.3949 1.995
      vertex 110.197 70.3936 1.995
    endloop
  endfacet
  facet normal 0 0 1
    outer loop
      vertex 109.873 70.6974 1.995
      vertex 110.196 70.3949 1.995
      vertex 110.208 70.4042 1.995
    endloop
  endfacet
  facet normal 0 0 1
    outer loop
      vertex 109.873 70.6974 1.995
      vertex 109.864 70.6856 1.995
      vertex 110.196 70.3949 1.995
    endloop
  endfacet
  facet normal -0 0 1
    outer loop
      vertex 109.498 70.9305 1.995
      vertex 109.873 70.6974 1.995
      vertex 109.504 70.9445 1.995
    endloop
  endfacet
  facet normal 0 0 1
    outer loop
      vertex 109.873 70.6974 1.995
      vertex 109.498 70.9305 1.995
      vertex 109.864 70.6856 1.995
    endloop
  endfacet
  facet normal 0 0 1
    outer loop
      vertex 109.504 70.9445 1.995
      vertex 109.496 70.9316 1.995
      vertex 109.498 70.9305 1.995
    endloop
  endfacet
  facet normal 0 0 1
    outer loop
      vertex 109.504 70.9445 1.995
      vertex 109.494 70.9324 1.995
      vertex 109.496 70.9316 1.995
    endloop
  endfacet
  facet normal 0 0 1
    outer loop
      vertex 109.105 71.1412 1.995
      vertex 109.494 70.9324 1.995
      vertex 109.504 70.9445 1.995
    endloop
  endfacet
  facet normal 0 0 1
    outer loop
      vertex 109.105 71.1412 1.995
      vertex 109.099 71.1274 1.995
      vertex 109.494 70.9324 1.995
    endloop
  endfacet
  facet normal 0 0 1
    outer loop
      vertex 109.105 71.1412 1.995
      vertex 109.097 71.128 1.995
      vertex 109.099 71.1274 1.995
    endloop
  endfacet
  facet normal 0 0 1
    outer loop
      vertex 108.684 71.2841 1.995
      vertex 109.097 71.128 1.995
      vertex 109.105 71.1412 1.995
    endloop
  endfacet
  facet normal 0 0 1
    outer loop
      vertex 108.684 71.2841 1.995
      vertex 108.68 71.2697 1.995
      vertex 109.097 71.128 1.995
    endloop
  endfacet
  facet normal -0 0 1
    outer loop
      vertex 108.247 71.3558 1.995
      vertex 108.684 71.2841 1.995
      vertex 108.247 71.3709 1.995
    endloop
  endfacet
  facet normal 0 0 1
    outer loop
      vertex 108.684 71.2841 1.995
      vertex 108.247 71.3558 1.995
      vertex 108.68 71.2697 1.995
    endloop
  endfacet
  facet normal 0 0 1
    outer loop
      vertex 108.247 71.3709 1.995
      vertex 108.245 71.3561 1.995
      vertex 108.247 71.3558 1.995
    endloop
  endfacet
  facet normal 0 0 1
    outer loop
      vertex 108.247 71.3709 1.995
      vertex 108.243 71.3563 1.995
      vertex 108.245 71.3561 1.995
    endloop
  endfacet
  facet normal 0 0 1
    outer loop
      vertex 107.804 71.4 1.995
      vertex 108.243 71.3563 1.995
      vertex 108.247 71.3709 1.995
    endloop
  endfacet
  facet normal 0 0 1
    outer loop
      vertex 107.804 71.4 1.995
      vertex 107.804 71.3851 1.995
      vertex 108.243 71.3563 1.995
    endloop
  endfacet
  facet normal 0 0 1
    outer loop
      vertex 107.804 71.4 1.995
      vertex 107.364 71.3563 1.995
      vertex 107.804 71.3851 1.995
    endloop
  endfacet
  facet normal -0 0 1
    outer loop
      vertex 107.36 71.3709 1.995
      vertex 107.364 71.3563 1.995
      vertex 107.804 71.4 1.995
    endloop
  endfacet
  facet normal 0 0 1
    outer loop
      vertex 107.364 71.3563 1.995
      vertex 107.36 71.3709 1.995
      vertex 107.362 71.3561 1.995
    endloop
  endfacet
  facet normal 0 0 1
    outer loop
      vertex 107.36 71.3709 1.995
      vertex 107.36 71.3558 1.995
      vertex 107.362 71.3561 1.995
    endloop
  endfacet
  facet normal 0 0 1
    outer loop
      vertex 106.924 71.2841 1.995
      vertex 107.36 71.3558 1.995
      vertex 107.36 71.3709 1.995
    endloop
  endfacet
  facet normal 0 0 1
    outer loop
      vertex 107.36 71.3558 1.995
      vertex 106.924 71.2841 1.995
      vertex 106.927 71.2697 1.995
    endloop
  endfacet
  facet normal 0 0 1
    outer loop
      vertex 106.924 71.2841 1.995
      vertex 106.51 71.128 1.995
      vertex 106.927 71.2697 1.995
    endloop
  endfacet
  facet normal -0 0 1
    outer loop
      vertex 106.502 71.1412 1.995
      vertex 106.51 71.128 1.995
      vertex 106.924 71.2841 1.995
    endloop
  endfacet
  facet normal 0 0 1
    outer loop
      vertex 106.51 71.128 1.995
      vertex 106.502 71.1412 1.995
      vertex 106.508 71.1274 1.995
    endloop
  endfacet
  facet normal 0 0 1
    outer loop
      vertex 106.502 71.1412 1.995
      vertex 106.113 70.9324 1.995
      vertex 106.508 71.1274 1.995
    endloop
  endfacet
  facet normal -0 0 1
    outer loop
      vertex 106.104 70.9445 1.995
      vertex 106.113 70.9324 1.995
      vertex 106.502 71.1412 1.995
    endloop
  endfacet
  facet normal 0 0 1
    outer loop
      vertex 106.113 70.9324 1.995
      vertex 106.104 70.9445 1.995
      vertex 106.111 70.9316 1.995
    endloop
  endfacet
  facet normal 0 0 1
    outer loop
      vertex 106.104 70.9445 1.995
      vertex 106.109 70.9305 1.995
      vertex 106.111 70.9316 1.995
    endloop
  endfacet
  facet normal 0 0 1
    outer loop
      vertex 105.734 70.6974 1.995
      vertex 106.109 70.9305 1.995
      vertex 106.104 70.9445 1.995
    endloop
  endfacet
  facet normal 0 0 1
    outer loop
      vertex 106.109 70.9305 1.995
      vertex 105.734 70.6974 1.995
      vertex 105.743 70.6856 1.995
    endloop
  endfacet
  facet normal 0 0 1
    outer loop
      vertex 105.734 70.6974 1.995
      vertex 105.411 70.3949 1.995
      vertex 105.743 70.6856 1.995
    endloop
  endfacet
  facet normal -0 0 1
    outer loop
      vertex 105.399 70.4042 1.995
      vertex 105.411 70.3949 1.995
      vertex 105.734 70.6974 1.995
    endloop
  endfacet
  facet normal 0 0 1
    outer loop
      vertex 105.411 70.3949 1.995
      vertex 105.399 70.4042 1.995
      vertex 105.41 70.3936 1.995
    endloop
  endfacet
  facet normal 0 0 1
    outer loop
      vertex 105.399 70.4042 1.995
      vertex 105.409 70.3922 1.995
      vertex 105.41 70.3936 1.995
    endloop
  endfacet
  facet normal 0 0 1
    outer loop
      vertex 105.106 70.0698 1.995
      vertex 105.409 70.3922 1.995
      vertex 105.399 70.4042 1.995
    endloop
  endfacet
  facet normal 0 0 1
    outer loop
      vertex 105.409 70.3922 1.995
      vertex 105.106 70.0698 1.995
      vertex 105.118 70.0607 1.995
    endloop
  endfacet
  facet normal 0 0 1
    outer loop
      vertex 105.106 70.0698 1.995
      vertex 104.873 69.6942 1.995
      vertex 105.118 70.0607 1.995
    endloop
  endfacet
  facet normal -0 0 1
    outer loop
      vertex 104.859 69.7 1.995
      vertex 104.873 69.6942 1.995
      vertex 105.106 70.0698 1.995
    endloop
  endfacet
  facet normal 0 0 1
    outer loop
      vertex 104.873 69.6942 1.995
      vertex 104.859 69.7 1.995
      vertex 104.872 69.6925 1.995
    endloop
  endfacet
  facet normal 0 0 1
    outer loop
      vertex 104.859 69.7 1.995
      vertex 104.871 69.6908 1.995
      vertex 104.872 69.6925 1.995
    endloop
  endfacet
  facet normal 0 0 1
    outer loop
      vertex 104.662 69.3011 1.995
      vertex 104.871 69.6908 1.995
      vertex 104.859 69.7 1.995
    endloop
  endfacet
  facet normal 0 0 1
    outer loop
      vertex 104.871 69.6908 1.995
      vertex 104.662 69.3011 1.995
      vertex 104.676 69.2954 1.995
    endloop
  endfacet
  facet normal 0 0 1
    outer loop
      vertex 104.662 69.3011 1.995
      vertex 104.676 69.2936 1.995
      vertex 104.676 69.2954 1.995
    endloop
  endfacet
  facet normal 0 0 1
    outer loop
      vertex 104.519 68.88 1.995
      vertex 104.676 69.2936 1.995
      vertex 104.662 69.3011 1.995
    endloop
  endfacet
  facet normal 0 0 1
    outer loop
      vertex 104.676 69.2936 1.995
      vertex 104.519 68.88 1.995
      vertex 104.534 68.8761 1.995
    endloop
  endfacet
  facet normal 0 0 1
    outer loop
      vertex 104.519 68.88 1.995
      vertex 104.448 68.4438 1.995
      vertex 104.534 68.8761 1.995
    endloop
  endfacet
  facet normal 0 0 1
    outer loop
      vertex 104.433 68.4438 1.995
      vertex 104.448 68.4438 1.995
      vertex 104.519 68.88 1.995
    endloop
  endfacet
  facet normal 0 0 1
    outer loop
      vertex 104.448 68.4438 1.995
      vertex 104.433 68.4438 1.995
      vertex 104.447 68.4418 1.995
    endloop
  endfacet
  facet normal 0 0 1
    outer loop
      vertex 104.433 68.4438 1.995
      vertex 104.447 68.4399 1.995
      vertex 104.447 68.4418 1.995
    endloop
  endfacet
  facet normal 0 0 1
    outer loop
      vertex 104.404 68 1.995
      vertex 104.447 68.4399 1.995
      vertex 104.433 68.4438 1.995
    endloop
  endfacet
  facet normal 0 0 1
    outer loop
      vertex 104.447 68.4399 1.995
      vertex 104.404 68 1.995
      vertex 104.418 68 1.995
    endloop
  endfacet
  facet normal 0 0 1
    outer loop
      vertex 111.16 67.5601 1.995
      vertex 111.204 68 1.995
      vertex 111.189 68 1.995
    endloop
  endfacet
  facet normal 0 0 1
    outer loop
      vertex 111.204 68 1.995
      vertex 111.16 67.5601 1.995
      vertex 111.174 67.5562 1.995
    endloop
  endfacet
  facet normal -0 0 1
    outer loop
      vertex 111.16 67.5582 1.995
      vertex 111.174 67.5562 1.995
      vertex 111.16 67.5601 1.995
    endloop
  endfacet
  facet normal 0 0 1
    outer loop
      vertex 111.159 67.5562 1.995
      vertex 111.174 67.5562 1.995
      vertex 111.16 67.5582 1.995
    endloop
  endfacet
  facet normal -0 0 1
    outer loop
      vertex 111.159 67.5562 1.995
      vertex 111.088 67.12 1.995
      vertex 111.174 67.5562 1.995
    endloop
  endfacet
  facet normal -0 0 1
    outer loop
      vertex 111.073 67.1239 1.995
      vertex 111.088 67.12 1.995
      vertex 111.159 67.5562 1.995
    endloop
  endfacet
  facet normal 0 0 1
    outer loop
      vertex 110.932 66.7064 1.995
      vertex 111.088 67.12 1.995
      vertex 111.073 67.1239 1.995
    endloop
  endfacet
  facet normal 0 0 1
    outer loop
      vertex 111.088 67.12 1.995
      vertex 110.932 66.7064 1.995
      vertex 110.945 66.6989 1.995
    endloop
  endfacet
  facet normal -0 0 1
    outer loop
      vertex 110.931 66.7046 1.995
      vertex 110.945 66.6989 1.995
      vertex 110.932 66.7064 1.995
    endloop
  endfacet
  facet normal 0 0 1
    outer loop
      vertex 110.736 66.3092 1.995
      vertex 110.945 66.6989 1.995
      vertex 110.931 66.7046 1.995
    endloop
  endfacet
  facet normal 0 0 1
    outer loop
      vertex 110.945 66.6989 1.995
      vertex 110.736 66.3092 1.995
      vertex 110.748 66.3 1.995
    endloop
  endfacet
  facet normal -0 0 1
    outer loop
      vertex 110.735 66.3075 1.995
      vertex 110.748 66.3 1.995
      vertex 110.736 66.3092 1.995
    endloop
  endfacet
  facet normal -0 0 1
    outer loop
      vertex 110.734 66.3058 1.995
      vertex 110.748 66.3 1.995
      vertex 110.735 66.3075 1.995
    endloop
  endfacet
  facet normal 0 0 1
    outer loop
      vertex 110.734 66.3058 1.995
      vertex 110.501 65.9302 1.995
      vertex 110.748 66.3 1.995
    endloop
  endfacet
  facet normal -0 0 1
    outer loop
      vertex 110.489 65.9393 1.995
      vertex 110.501 65.9302 1.995
      vertex 110.734 66.3058 1.995
    endloop
  endfacet
  facet normal 0 0 1
    outer loop
      vertex 110.198 65.6078 1.995
      vertex 110.501 65.9302 1.995
      vertex 110.489 65.9393 1.995
    endloop
  endfacet
  facet normal 0 0 1
    outer loop
      vertex 110.501 65.9302 1.995
      vertex 110.198 65.6078 1.995
      vertex 110.208 65.5958 1.995
    endloop
  endfacet
  facet normal -0 0 1
    outer loop
      vertex 110.197 65.6064 1.995
      vertex 110.208 65.5958 1.995
      vertex 110.198 65.6078 1.995
    endloop
  endfacet
  facet normal -0 0 1
    outer loop
      vertex 110.196 65.6051 1.995
      vertex 110.208 65.5958 1.995
      vertex 110.197 65.6064 1.995
    endloop
  endfacet
  facet normal 0 0 1
    outer loop
      vertex 110.196 65.6051 1.995
      vertex 109.873 65.3026 1.995
      vertex 110.208 65.5958 1.995
    endloop
  endfacet
  facet normal -0 0 1
    outer loop
      vertex 109.864 65.3144 1.995
      vertex 109.873 65.3026 1.995
      vertex 110.196 65.6051 1.995
    endloop
  endfacet
  facet normal 0 0 1
    outer loop
      vertex 109.498 65.0695 1.995
      vertex 109.873 65.3026 1.995
      vertex 109.864 65.3144 1.995
    endloop
  endfacet
  facet normal 0 0 1
    outer loop
      vertex 109.873 65.3026 1.995
      vertex 109.498 65.0695 1.995
      vertex 109.504 65.0555 1.995
    endloop
  endfacet
  facet normal -0 0 1
    outer loop
      vertex 109.496 65.0684 1.995
      vertex 109.504 65.0555 1.995
      vertex 109.498 65.0695 1.995
    endloop
  endfacet
  facet normal -0 0 1
    outer loop
      vertex 109.494 65.0676 1.995
      vertex 109.504 65.0555 1.995
      vertex 109.496 65.0684 1.995
    endloop
  endfacet
  facet normal 0 0 1
    outer loop
      vertex 109.494 65.0676 1.995
      vertex 109.105 64.8588 1.995
      vertex 109.504 65.0555 1.995
    endloop
  endfacet
  facet normal -0 0 1
    outer loop
      vertex 109.099 64.8726 1.995
      vertex 109.105 64.8588 1.995
      vertex 109.494 65.0676 1.995
    endloop
  endfacet
  facet normal -0 0 1
    outer loop
      vertex 109.097 64.872 1.995
      vertex 109.105 64.8588 1.995
      vertex 109.099 64.8726 1.995
    endloop
  endfacet
  facet normal 0 0 1
    outer loop
      vertex 109.097 64.872 1.995
      vertex 108.684 64.7159 1.995
      vertex 109.105 64.8588 1.995
    endloop
  endfacet
  facet normal -0 0 1
    outer loop
      vertex 108.68 64.7303 1.995
      vertex 108.684 64.7159 1.995
      vertex 109.097 64.872 1.995
    endloop
  endfacet
  facet normal 0 0 1
    outer loop
      vertex 108.247 64.6442 1.995
      vertex 108.684 64.7159 1.995
      vertex 108.68 64.7303 1.995
    endloop
  endfacet
  facet normal 0 0 1
    outer loop
      vertex 108.684 64.7159 1.995
      vertex 108.247 64.6442 1.995
      vertex 108.247 64.6291 1.995
    endloop
  endfacet
  facet normal -0 0 1
    outer loop
      vertex 108.245 64.6439 1.995
      vertex 108.247 64.6291 1.995
      vertex 108.247 64.6442 1.995
    endloop
  endfacet
  facet normal -0 0 1
    outer loop
      vertex 108.243 64.6437 1.995
      vertex 108.247 64.6291 1.995
      vertex 108.245 64.6439 1.995
    endloop
  endfacet
  facet normal 0 0 1
    outer loop
      vertex 107.804 64.6 1.995
      vertex 108.243 64.6437 1.995
      vertex 107.804 64.6149 1.995
    endloop
  endfacet
  facet normal 0 0 1
    outer loop
      vertex 108.243 64.6437 1.995
      vertex 107.804 64.6 1.995
      vertex 108.247 64.6291 1.995
    endloop
  endfacet
  facet normal 0 0 1
    outer loop
      vertex 107.364 64.6437 1.995
      vertex 107.804 64.6 1.995
      vertex 107.804 64.6149 1.995
    endloop
  endfacet
  facet normal 0 0 1
    outer loop
      vertex 107.36 64.6291 1.995
      vertex 107.364 64.6437 1.995
      vertex 107.362 64.6439 1.995
    endloop
  endfacet
  facet normal 0 0 1
    outer loop
      vertex 107.364 64.6437 1.995
      vertex 107.36 64.6291 1.995
      vertex 107.804 64.6 1.995
    endloop
  endfacet
  facet normal 0 0 1
    outer loop
      vertex 107.36 64.6442 1.995
      vertex 107.36 64.6291 1.995
      vertex 107.362 64.6439 1.995
    endloop
  endfacet
  facet normal -0 0 1
    outer loop
      vertex 106.924 64.7159 1.995
      vertex 107.36 64.6442 1.995
      vertex 106.927 64.7303 1.995
    endloop
  endfacet
  facet normal 0 0 1
    outer loop
      vertex 107.36 64.6442 1.995
      vertex 106.924 64.7159 1.995
      vertex 107.36 64.6291 1.995
    endloop
  endfacet
  facet normal 0 0 1
    outer loop
      vertex 106.51 64.872 1.995
      vertex 106.924 64.7159 1.995
      vertex 106.927 64.7303 1.995
    endloop
  endfacet
  facet normal 0 0 1
    outer loop
      vertex 106.502 64.8588 1.995
      vertex 106.51 64.872 1.995
      vertex 106.508 64.8726 1.995
    endloop
  endfacet
  facet normal 0 0 1
    outer loop
      vertex 106.51 64.872 1.995
      vertex 106.502 64.8588 1.995
      vertex 106.924 64.7159 1.995
    endloop
  endfacet
  facet normal 0 0 1
    outer loop
      vertex 106.113 65.0676 1.995
      vertex 106.502 64.8588 1.995
      vertex 106.508 64.8726 1.995
    endloop
  endfacet
  facet normal 0 0 1
    outer loop
      vertex 106.104 65.0555 1.995
      vertex 106.113 65.0676 1.995
      vertex 106.111 65.0684 1.995
    endloop
  endfacet
  facet normal 0 0 1
    outer loop
      vertex 106.113 65.0676 1.995
      vertex 106.104 65.0555 1.995
      vertex 106.502 64.8588 1.995
    endloop
  endfacet
  facet normal 0 0 1
    outer loop
      vertex 106.109 65.0695 1.995
      vertex 106.104 65.0555 1.995
      vertex 106.111 65.0684 1.995
    endloop
  endfacet
  facet normal -0 0 1
    outer loop
      vertex 105.734 65.3026 1.995
      vertex 106.109 65.0695 1.995
      vertex 105.743 65.3144 1.995
    endloop
  endfacet
  facet normal 0 0 1
    outer loop
      vertex 106.109 65.0695 1.995
      vertex 105.734 65.3026 1.995
      vertex 106.104 65.0555 1.995
    endloop
  endfacet
  facet normal 0 0 1
    outer loop
      vertex 105.411 65.6051 1.995
      vertex 105.734 65.3026 1.995
      vertex 105.743 65.3144 1.995
    endloop
  endfacet
  facet normal 0 0 1
    outer loop
      vertex 105.399 65.5958 1.995
      vertex 105.411 65.6051 1.995
      vertex 105.41 65.6064 1.995
    endloop
  endfacet
  facet normal 0 0 1
    outer loop
      vertex 105.411 65.6051 1.995
      vertex 105.399 65.5958 1.995
      vertex 105.734 65.3026 1.995
    endloop
  endfacet
  facet normal 0 0 1
    outer loop
      vertex 105.409 65.6078 1.995
      vertex 105.399 65.5958 1.995
      vertex 105.41 65.6064 1.995
    endloop
  endfacet
  facet normal -0 0 1
    outer loop
      vertex 105.106 65.9302 1.995
      vertex 105.409 65.6078 1.995
      vertex 105.118 65.9393 1.995
    endloop
  endfacet
  facet normal 0 0 1
    outer loop
      vertex 105.409 65.6078 1.995
      vertex 105.106 65.9302 1.995
      vertex 105.399 65.5958 1.995
    endloop
  endfacet
  facet normal 0 0 1
    outer loop
      vertex 104.873 66.3058 1.995
      vertex 105.106 65.9302 1.995
      vertex 105.118 65.9393 1.995
    endloop
  endfacet
  facet normal 0 0 1
    outer loop
      vertex 104.859 66.3 1.995
      vertex 104.873 66.3058 1.995
      vertex 104.872 66.3075 1.995
    endloop
  endfacet
  facet normal 0 0 1
    outer loop
      vertex 104.873 66.3058 1.995
      vertex 104.859 66.3 1.995
      vertex 105.106 65.9302 1.995
    endloop
  endfacet
  facet normal 0 0 1
    outer loop
      vertex 104.871 66.3092 1.995
      vertex 104.859 66.3 1.995
      vertex 104.872 66.3075 1.995
    endloop
  endfacet
  facet normal -0 0 1
    outer loop
      vertex 104.662 66.6989 1.995
      vertex 104.871 66.3092 1.995
      vertex 104.676 66.7046 1.995
    endloop
  endfacet
  facet normal 0 0 1
    outer loop
      vertex 104.871 66.3092 1.995
      vertex 104.662 66.6989 1.995
      vertex 104.859 66.3 1.995
    endloop
  endfacet
  facet normal 0 0 1
    outer loop
      vertex 104.676 66.7064 1.995
      vertex 104.662 66.6989 1.995
      vertex 104.676 66.7046 1.995
    endloop
  endfacet
  facet normal -0 0 1
    outer loop
      vertex 104.519 67.12 1.995
      vertex 104.676 66.7064 1.995
      vertex 104.534 67.1239 1.995
    endloop
  endfacet
  facet normal 0 0 1
    outer loop
      vertex 104.676 66.7064 1.995
      vertex 104.519 67.12 1.995
      vertex 104.662 66.6989 1.995
    endloop
  endfacet
  facet normal 0 0 1
    outer loop
      vertex 104.448 67.5562 1.995
      vertex 104.519 67.12 1.995
      vertex 104.534 67.1239 1.995
    endloop
  endfacet
  facet normal 0 0 1
    outer loop
      vertex 104.433 67.5562 1.995
      vertex 104.448 67.5562 1.995
      vertex 104.447 67.5582 1.995
    endloop
  endfacet
  facet normal 0 0 1
    outer loop
      vertex 104.448 67.5562 1.995
      vertex 104.433 67.5562 1.995
      vertex 104.519 67.12 1.995
    endloop
  endfacet
  facet normal 0 0 1
    outer loop
      vertex 104.447 67.5601 1.995
      vertex 104.433 67.5562 1.995
      vertex 104.447 67.5582 1.995
    endloop
  endfacet
  facet normal -0 0 1
    outer loop
      vertex 104.404 68 1.995
      vertex 104.447 67.5601 1.995
      vertex 104.418 68 1.995
    endloop
  endfacet
  facet normal 0 0 1
    outer loop
      vertex 104.447 67.5601 1.995
      vertex 104.404 68 1.995
      vertex 104.433 67.5562 1.995
    endloop
  endfacet
  facet normal 0.555374 0.831601 -0
    outer loop
      vertex 106.104 65.0555 1.995
      vertex 105.734 65.3026 2
      vertex 106.104 65.0555 2
    endloop
  endfacet
  facet normal 0.555374 0.831601 0
    outer loop
      vertex 105.734 65.3026 2
      vertex 106.104 65.0555 1.995
      vertex 105.734 65.3026 1.995
    endloop
  endfacet
  facet normal 0 0 -1
    outer loop
      vertex 5.03754 -3 0
      vertex -0.022522 -3 0
      vertex 5.03754 3 0
    endloop
  endfacet
  facet normal 0 0 -1
    outer loop
      vertex 19.2322 27.2367 0
      vertex 36.5999 38.7781 0
      vertex 19.373 27.1672 0
    endloop
  endfacet
  facet normal 0 0 -1
    outer loop
      vertex 36.7148 67.3494 0
      vertex 19.9627 83.1224 0
      vertex 19.973 83.279 0
    endloop
  endfacet
  facet normal -0 0 -1
    outer loop
      vertex 36.5999 38.7781 0
      vertex 19.2322 27.2367 0
      vertex 36.5854 39 0
    endloop
  endfacet
  facet normal 0 0 -1
    outer loop
      vertex 36.7148 67.3494 0
      vertex 19.9321 82.9684 0
      vertex 19.9627 83.1224 0
    endloop
  endfacet
  facet normal 0 0 -1
    outer loop
      vertex 19.0836 27.2871 0
      vertex 36.5854 39 0
      vertex 19.2322 27.2367 0
    endloop
  endfacet
  facet normal 0 0 -1
    outer loop
      vertex 36.7148 67.3494 0
      vertex 19.8817 82.8198 0
      vertex 19.9321 82.9684 0
    endloop
  endfacet
  facet normal -0 0 -1
    outer loop
      vertex 36.5854 39 0
      vertex 19.0836 27.2871 0
      vertex 36.5999 39.2219 0
    endloop
  endfacet
  facet normal 0 0 -1
    outer loop
      vertex 36.7148 67.3494 0
      vertex 19.8122 82.679 0
      vertex 19.8817 82.8198 0
    endloop
  endfacet
  facet normal 0 0 -1
    outer loop
      vertex 18.9296 27.3177 0
      vertex 36.5999 39.2219 0
      vertex 19.0836 27.2871 0
    endloop
  endfacet
  facet normal 0 0 -1
    outer loop
      vertex 36.7148 67.3494 0
      vertex 19.725 82.5485 0
      vertex 19.8122 82.679 0
    endloop
  endfacet
  facet normal -0 0 -1
    outer loop
      vertex 36.5999 39.2219 0
      vertex 18.9296 27.3177 0
      vertex 36.6433 39.44 0
    endloop
  endfacet
  facet normal 0 0 -1
    outer loop
      vertex 36.7148 67.3494 0
      vertex 19.6215 82.4305 0
      vertex 19.725 82.5485 0
    endloop
  endfacet
  facet normal 0 0 -1
    outer loop
      vertex 18.773 27.328 0
      vertex 36.6433 39.44 0
      vertex 18.9296 27.3177 0
    endloop
  endfacet
  facet normal 0 0 -1
    outer loop
      vertex 36.7148 67.3494 0
      vertex 19.5035 82.327 0
      vertex 19.6215 82.4305 0
    endloop
  endfacet
  facet normal -0 0 -1
    outer loop
      vertex 36.6433 39.44 0
      vertex 18.773 27.328 0
      vertex 36.7148 39.6506 0
    endloop
  endfacet
  facet normal 0 0 -1
    outer loop
      vertex 36.7148 67.3494 0
      vertex 19.373 82.2398 0
      vertex 19.5035 82.327 0
    endloop
  endfacet
  facet normal 0 0 -1
    outer loop
      vertex 18.6164 27.3177 0
      vertex 36.7148 39.6506 0
      vertex 18.773 27.328 0
    endloop
  endfacet
  facet normal 0 0 -1
    outer loop
      vertex 36.7148 67.3494 0
      vertex 19.2322 82.1703 0
      vertex 19.373 82.2398 0
    endloop
  endfacet
  facet normal -0 0 -1
    outer loop
      vertex 36.7148 39.6506 0
      vertex 18.6164 27.3177 0
      vertex 36.8131 39.85 0
    endloop
  endfacet
  facet normal 0 0 -1
    outer loop
      vertex 36.7148 67.3494 0
      vertex 19.0836 82.1199 0
      vertex 19.2322 82.1703 0
    endloop
  endfacet
  facet normal -0 0 -1
    outer loop
      vertex 36.8131 39.85 0
      vertex 18.6164 27.3177 0
      vertex 36.8131 67.15 0
    endloop
  endfacet
  facet normal 0 0 -1
    outer loop
      vertex 36.7148 67.3494 0
      vertex 18.9296 82.0893 0
      vertex 19.0836 82.1199 0
    endloop
  endfacet
  facet normal 0 0 -1
    outer loop
      vertex 18.4624 27.2871 0
      vertex 36.8131 67.15 0
      vertex 18.6164 27.3177 0
    endloop
  endfacet
  facet normal 0 0 -1
    outer loop
      vertex 36.7148 67.3494 0
      vertex 18.773 82.079 0
      vertex 18.9296 82.0893 0
    endloop
  endfacet
  facet normal -0 0 -1
    outer loop
      vertex 36.8131 67.15 0
      vertex 18.4624 27.2871 0
      vertex 36.7148 67.3494 0
    endloop
  endfacet
  facet normal 0 0 -1
    outer loop
      vertex 36.7148 67.3494 0
      vertex 18.6164 82.0893 0
      vertex 18.773 82.079 0
    endloop
  endfacet
  facet normal 0 0 -1
    outer loop
      vertex 18.4624 82.1199 0
      vertex 36.7148 67.3494 0
      vertex 18.4624 27.2871 0
    endloop
  endfacet
  facet normal 0 0 -1
    outer loop
      vertex 36.7148 67.3494 0
      vertex 18.4624 82.1199 0
      vertex 18.6164 82.0893 0
    endloop
  endfacet
  facet normal 0 0 -1
    outer loop
      vertex 18.3138 27.2367 0
      vertex 18.4624 82.1199 0
      vertex 18.4624 27.2871 0
    endloop
  endfacet
  facet normal 0 0 -1
    outer loop
      vertex 18.3138 27.2367 0
      vertex 18.3138 82.1703 0
      vertex 18.4624 82.1199 0
    endloop
  endfacet
  facet normal 0 0 -1
    outer loop
      vertex 18.173 27.1672 0
      vertex 18.3138 82.1703 0
      vertex 18.3138 27.2367 0
    endloop
  endfacet
  facet normal 0 0 -1
    outer loop
      vertex 18.173 27.1672 0
      vertex 18.173 82.2398 0
      vertex 18.3138 82.1703 0
    endloop
  endfacet
  facet normal 0 0 -1
    outer loop
      vertex 18.0425 27.08 0
      vertex 18.173 82.2398 0
      vertex 18.173 27.1672 0
    endloop
  endfacet
  facet normal 0 0 -1
    outer loop
      vertex 18.0425 27.08 0
      vertex 18.0425 82.327 0
      vertex 18.173 82.2398 0
    endloop
  endfacet
  facet normal 0 0 -1
    outer loop
      vertex 17.9245 26.9765 0
      vertex 18.0425 82.327 0
      vertex 18.0425 27.08 0
    endloop
  endfacet
  facet normal 0 0 -1
    outer loop
      vertex 17.9245 26.9765 0
      vertex 17.9245 82.4305 0
      vertex 18.0425 82.327 0
    endloop
  endfacet
  facet normal 0 0 -1
    outer loop
      vertex 17.821 26.8585 0
      vertex 17.9245 82.4305 0
      vertex 17.9245 26.9765 0
    endloop
  endfacet
  facet normal 0 0 -1
    outer loop
      vertex 17.821 26.8585 0
      vertex 17.821 82.5485 0
      vertex 17.9245 82.4305 0
    endloop
  endfacet
  facet normal 0 0 -1
    outer loop
      vertex 17.7338 26.728 0
      vertex 17.821 82.5485 0
      vertex 17.821 26.8585 0
    endloop
  endfacet
  facet normal 0 0 -1
    outer loop
      vertex 17.7338 26.728 0
      vertex 17.7338 82.679 0
      vertex 17.821 82.5485 0
    endloop
  endfacet
  facet normal 0 0 -1
    outer loop
      vertex 17.6643 26.5872 0
      vertex 17.7338 82.679 0
      vertex 17.7338 26.728 0
    endloop
  endfacet
  facet normal 0 0 -1
    outer loop
      vertex 17.6643 26.5872 0
      vertex 17.6643 82.8198 0
      vertex 17.7338 82.679 0
    endloop
  endfacet
  facet normal 0 0 -1
    outer loop
      vertex -3.02252 0 0
      vertex 17.6643 26.5872 0
      vertex 17.6139 26.4386 0
    endloop
  endfacet
  facet normal -0 0 -1
    outer loop
      vertex 17.6643 26.5872 0
      vertex -3.02252 0 0
      vertex 17.6643 82.8198 0
    endloop
  endfacet
  facet normal 0 0 -1
    outer loop
      vertex -3.02252 0 0
      vertex 17.6139 26.4386 0
      vertex 17.5833 26.2846 0
    endloop
  endfacet
  facet normal 0 0 -1
    outer loop
      vertex -3.02252 113.53 0
      vertex 17.6643 82.8198 0
      vertex -3.02252 0 0
    endloop
  endfacet
  facet normal 0 0 -1
    outer loop
      vertex -3.02252 0 0
      vertex 17.5833 26.2846 0
      vertex 17.573 26.128 0
    endloop
  endfacet
  facet normal 0 0 -1
    outer loop
      vertex 17.6643 82.8198 0
      vertex -3.02252 113.53 0
      vertex 17.6139 82.9684 0
    endloop
  endfacet
  facet normal -0 0 -1
    outer loop
      vertex 55.4158 51.579 0
      vertex 39.4875 40.2021 0
      vertex 55.3463 51.7198 0
    endloop
  endfacet
  facet normal 0 0 -1
    outer loop
      vertex 55.2653 52.3356 0
      vertex 39.9708 67.7781 0
      vertex 39.9854 68 0
    endloop
  endfacet
  facet normal 0 0 -1
    outer loop
      vertex 39.3203 40.3487 0
      vertex 55.3463 51.7198 0
      vertex 39.4875 40.2021 0
    endloop
  endfacet
  facet normal 0 0 -1
    outer loop
      vertex 55.2653 52.3356 0
      vertex 39.9274 67.56 0
      vertex 39.9708 67.7781 0
    endloop
  endfacet
  facet normal -0 0 -1
    outer loop
      vertex 55.3463 51.7198 0
      vertex 39.3203 40.3487 0
      vertex 55.2959 51.8684 0
    endloop
  endfacet
  facet normal 0 0 -1
    outer loop
      vertex 55.2653 52.3356 0
      vertex 39.856 67.3494 0
      vertex 39.9274 67.56 0
    endloop
  endfacet
  facet normal 0 0 -1
    outer loop
      vertex 39.1354 40.4722 0
      vertex 55.2959 51.8684 0
      vertex 39.3203 40.3487 0
    endloop
  endfacet
  facet normal 0 0 -1
    outer loop
      vertex 55.2653 52.3356 0
      vertex 39.7576 67.15 0
      vertex 39.856 67.3494 0
    endloop
  endfacet
  facet normal -0 0 -1
    outer loop
      vertex 55.2959 51.8684 0
      vertex 39.1354 40.4722 0
      vertex 55.2653 52.0224 0
    endloop
  endfacet
  facet normal 0 0 -1
    outer loop
      vertex 55.2653 52.3356 0
      vertex 39.6341 66.9651 0
      vertex 39.7576 67.15 0
    endloop
  endfacet
  facet normal 0 0 -1
    outer loop
      vertex 38.9359 40.5706 0
      vertex 55.2653 52.0224 0
      vertex 39.1354 40.4722 0
    endloop
  endfacet
  facet normal 0 0 -1
    outer loop
      vertex 55.2653 52.3356 0
      vertex 39.4875 66.7979 0
      vertex 39.6341 66.9651 0
    endloop
  endfacet
  facet normal -0 0 -1
    outer loop
      vertex 55.2653 52.0224 0
      vertex 38.9359 40.5706 0
      vertex 55.255 52.179 0
    endloop
  endfacet
  facet normal 0 0 -1
    outer loop
      vertex 55.2653 52.3356 0
      vertex 39.3203 66.6513 0
      vertex 39.4875 66.7979 0
    endloop
  endfacet
  facet normal 0 0 -1
    outer loop
      vertex 38.7254 40.6421 0
      vertex 55.255 52.179 0
      vertex 38.9359 40.5706 0
    endloop
  endfacet
  facet normal 0 0 -1
    outer loop
      vertex 55.2653 52.3356 0
      vertex 39.1354 66.5278 0
      vertex 39.3203 66.6513 0
    endloop
  endfacet
  facet normal -0 0 -1
    outer loop
      vertex 55.255 52.179 0
      vertex 38.7254 40.6421 0
      vertex 55.2653 52.3356 0
    endloop
  endfacet
  facet normal 0 0 -1
    outer loop
      vertex 55.2653 52.3356 0
      vertex 38.9359 66.4294 0
      vertex 39.1354 66.5278 0
    endloop
  endfacet
  facet normal 0 0 -1
    outer loop
      vertex 38.7254 66.3579 0
      vertex 55.2653 52.3356 0
      vertex 38.7254 40.6421 0
    endloop
  endfacet
  facet normal 0 0 -1
    outer loop
      vertex 55.2653 52.3356 0
      vertex 38.7254 66.3579 0
      vertex 38.9359 66.4294 0
    endloop
  endfacet
  facet normal 0 0 -1
    outer loop
      vertex 38.5073 40.6855 0
      vertex 38.7254 66.3579 0
      vertex 38.7254 40.6421 0
    endloop
  endfacet
  facet normal 0 0 -1
    outer loop
      vertex 38.5073 40.6855 0
      vertex 38.5073 66.3145 0
      vertex 38.7254 66.3579 0
    endloop
  endfacet
  facet normal 0 0 -1
    outer loop
      vertex 38.2854 40.7 0
      vertex 38.5073 66.3145 0
      vertex 38.5073 40.6855 0
    endloop
  endfacet
  facet normal 0 0 -1
    outer loop
      vertex 38.2854 40.7 0
      vertex 38.2854 66.3 0
      vertex 38.5073 66.3145 0
    endloop
  endfacet
  facet normal 0 0 -1
    outer loop
      vertex 38.0635 40.6855 0
      vertex 38.2854 66.3 0
      vertex 38.2854 40.7 0
    endloop
  endfacet
  facet normal 0 0 -1
    outer loop
      vertex 38.0635 40.6855 0
      vertex 38.0635 66.3145 0
      vertex 38.2854 66.3 0
    endloop
  endfacet
  facet normal 0 0 -1
    outer loop
      vertex 37.8454 40.6421 0
      vertex 38.0635 66.3145 0
      vertex 38.0635 40.6855 0
    endloop
  endfacet
  facet normal 0 0 -1
    outer loop
      vertex 37.8454 40.6421 0
      vertex 37.8454 66.3579 0
      vertex 38.0635 66.3145 0
    endloop
  endfacet
  facet normal 0 0 -1
    outer loop
      vertex 37.6348 40.5706 0
      vertex 37.8454 66.3579 0
      vertex 37.8454 40.6421 0
    endloop
  endfacet
  facet normal 0 0 -1
    outer loop
      vertex 37.6348 40.5706 0
      vertex 37.6348 66.4294 0
      vertex 37.8454 66.3579 0
    endloop
  endfacet
  facet normal 0 0 -1
    outer loop
      vertex 37.4354 40.4722 0
      vertex 37.6348 66.4294 0
      vertex 37.6348 40.5706 0
    endloop
  endfacet
  facet normal 0 0 -1
    outer loop
      vertex 37.4354 40.4722 0
      vertex 37.4354 66.5278 0
      vertex 37.6348 66.4294 0
    endloop
  endfacet
  facet normal 0 0 -1
    outer loop
      vertex 37.2505 40.3487 0
      vertex 37.4354 66.5278 0
      vertex 37.4354 40.4722 0
    endloop
  endfacet
  facet normal 0 0 -1
    outer loop
      vertex 37.2505 40.3487 0
      vertex 37.2505 66.6513 0
      vertex 37.4354 66.5278 0
    endloop
  endfacet
  facet normal 0 0 -1
    outer loop
      vertex 37.0833 40.2021 0
      vertex 37.2505 66.6513 0
      vertex 37.2505 40.3487 0
    endloop
  endfacet
  facet normal 0 0 -1
    outer loop
      vertex 37.0833 40.2021 0
      vertex 37.0833 66.7979 0
      vertex 37.2505 66.6513 0
    endloop
  endfacet
  facet normal 0 0 -1
    outer loop
      vertex 36.9367 40.0349 0
      vertex 37.0833 66.7979 0
      vertex 37.0833 40.2021 0
    endloop
  endfacet
  facet normal 0 0 -1
    outer loop
      vertex 36.9367 40.0349 0
      vertex 36.9367 66.9651 0
      vertex 37.0833 66.7979 0
    endloop
  endfacet
  facet normal 0 0 -1
    outer loop
      vertex 36.8131 39.85 0
      vertex 36.9367 66.9651 0
      vertex 36.9367 40.0349 0
    endloop
  endfacet
  facet normal 0 0 -1
    outer loop
      vertex 36.8131 39.85 0
      vertex 36.8131 67.15 0
      vertex 36.9367 66.9651 0
    endloop
  endfacet
  facet normal -0 0 -1
    outer loop
      vertex 36.7148 38.3494 0
      vertex 19.6215 26.9765 0
      vertex 36.6433 38.56 0
    endloop
  endfacet
  facet normal 0 0 -1
    outer loop
      vertex 19.5035 27.08 0
      vertex 36.6433 38.56 0
      vertex 19.6215 26.9765 0
    endloop
  endfacet
  facet normal 0 0 -1
    outer loop
      vertex 19.6215 26.9765 0
      vertex 36.7148 38.3494 0
      vertex 19.725 26.8585 0
    endloop
  endfacet
  facet normal -0 0 -1
    outer loop
      vertex 36.6433 38.56 0
      vertex 19.5035 27.08 0
      vertex 36.5999 38.7781 0
    endloop
  endfacet
  facet normal -0 0 -1
    outer loop
      vertex 36.8131 38.15 0
      vertex 19.725 26.8585 0
      vertex 36.7148 38.3494 0
    endloop
  endfacet
  facet normal 0 0 -1
    outer loop
      vertex 19.373 27.1672 0
      vertex 36.5999 38.7781 0
      vertex 19.5035 27.08 0
    endloop
  endfacet
  facet normal 0 0 -1
    outer loop
      vertex 19.725 26.8585 0
      vertex 36.8131 38.15 0
      vertex 19.8122 26.728 0
    endloop
  endfacet
  facet normal 0 0 -1
    outer loop
      vertex 36.7148 67.3494 0
      vertex 19.973 83.279 0
      vertex 36.6433 67.56 0
    endloop
  endfacet
  facet normal 0 0 -1
    outer loop
      vertex 5.03754 3 0
      vertex 40 7.078 0
      vertex 40 3 0
    endloop
  endfacet
  facet normal 0 0 -1
    outer loop
      vertex 40 7.078 0
      vertex 39.9708 38.7781 0
      vertex 39.9854 39 0
    endloop
  endfacet
  facet normal 0 0 -1
    outer loop
      vertex 40 7.078 0
      vertex 39.9274 38.56 0
      vertex 39.9708 38.7781 0
    endloop
  endfacet
  facet normal 0 0 -1
    outer loop
      vertex 40 7.078 0
      vertex 39.856 38.3494 0
      vertex 39.9274 38.56 0
    endloop
  endfacet
  facet normal 0 0 -1
    outer loop
      vertex 40 7.078 0
      vertex 39.7576 38.15 0
      vertex 39.856 38.3494 0
    endloop
  endfacet
  facet normal 0 0 -1
    outer loop
      vertex 40 7.078 0
      vertex 39.6341 37.9651 0
      vertex 39.7576 38.15 0
    endloop
  endfacet
  facet normal 0 0 -1
    outer loop
      vertex 40 7.078 0
      vertex 39.4875 37.7979 0
      vertex 39.6341 37.9651 0
    endloop
  endfacet
  facet normal 0 0 -1
    outer loop
      vertex 40 7.078 0
      vertex 39.3203 37.6513 0
      vertex 39.4875 37.7979 0
    endloop
  endfacet
  facet normal 0 0 -1
    outer loop
      vertex 40 7.078 0
      vertex 39.1354 37.5278 0
      vertex 39.3203 37.6513 0
    endloop
  endfacet
  facet normal 0 0 -1
    outer loop
      vertex 40 7.078 0
      vertex 38.9359 37.4294 0
      vertex 39.1354 37.5278 0
    endloop
  endfacet
  facet normal 0 0 -1
    outer loop
      vertex 40 7.078 0
      vertex 38.7254 37.3579 0
      vertex 38.9359 37.4294 0
    endloop
  endfacet
  facet normal 0 0 -1
    outer loop
      vertex 40 7.078 0
      vertex 38.5073 37.3145 0
      vertex 38.7254 37.3579 0
    endloop
  endfacet
  facet normal 0 0 -1
    outer loop
      vertex 40 7.078 0
      vertex 38.2854 37.3 0
      vertex 38.5073 37.3145 0
    endloop
  endfacet
  facet normal 0 0 -1
    outer loop
      vertex 40 7.078 0
      vertex 38.0635 37.3145 0
      vertex 38.2854 37.3 0
    endloop
  endfacet
  facet normal 0 0 -1
    outer loop
      vertex 40 7.078 0
      vertex 19.9321 25.8174 0
      vertex 38.0635 37.3145 0
    endloop
  endfacet
  facet normal -0 0 -1
    outer loop
      vertex 38.0635 37.3145 0
      vertex 19.9321 25.8174 0
      vertex 37.8454 37.3579 0
    endloop
  endfacet
  facet normal 0 -0 -1
    outer loop
      vertex 19.9627 25.9714 0
      vertex 37.8454 37.3579 0
      vertex 19.9321 25.8174 0
    endloop
  endfacet
  facet normal -0 0 -1
    outer loop
      vertex 37.8454 37.3579 0
      vertex 19.9627 25.9714 0
      vertex 37.6348 37.4294 0
    endloop
  endfacet
  facet normal 0 -0 -1
    outer loop
      vertex 19.973 26.128 0
      vertex 37.6348 37.4294 0
      vertex 19.9627 25.9714 0
    endloop
  endfacet
  facet normal -0 0 -1
    outer loop
      vertex 37.6348 37.4294 0
      vertex 19.973 26.128 0
      vertex 37.4354 37.5278 0
    endloop
  endfacet
  facet normal 0 0 -1
    outer loop
      vertex 19.9627 26.2846 0
      vertex 37.4354 37.5278 0
      vertex 19.973 26.128 0
    endloop
  endfacet
  facet normal -0 0 -1
    outer loop
      vertex 37.4354 37.5278 0
      vertex 19.9627 26.2846 0
      vertex 37.2505 37.6513 0
    endloop
  endfacet
  facet normal 0 0 -1
    outer loop
      vertex 19.9321 26.4386 0
      vertex 37.2505 37.6513 0
      vertex 19.9627 26.2846 0
    endloop
  endfacet
  facet normal -0 0 -1
    outer loop
      vertex 37.2505 37.6513 0
      vertex 19.9321 26.4386 0
      vertex 37.0833 37.7979 0
    endloop
  endfacet
  facet normal 0 0 -1
    outer loop
      vertex 36.6433 67.56 0
      vertex 19.973 83.279 0
      vertex 36.5999 67.7781 0
    endloop
  endfacet
  facet normal -0 0 -1
    outer loop
      vertex 36.9367 37.9651 0
      vertex 19.8122 26.728 0
      vertex 36.8131 38.15 0
    endloop
  endfacet
  facet normal 0 0 -1
    outer loop
      vertex 19.8817 26.5872 0
      vertex 37.0833 37.7979 0
      vertex 19.9321 26.4386 0
    endloop
  endfacet
  facet normal 0 0 -1
    outer loop
      vertex 19.8122 26.728 0
      vertex 36.9367 37.9651 0
      vertex 19.8817 26.5872 0
    endloop
  endfacet
  facet normal -0 0 -1
    outer loop
      vertex 37.0833 37.7979 0
      vertex 19.8817 26.5872 0
      vertex 36.9367 37.9651 0
    endloop
  endfacet
  facet normal 0 0 -1
    outer loop
      vertex 40 7.078 0
      vertex 19.8817 25.6688 0
      vertex 19.9321 25.8174 0
    endloop
  endfacet
  facet normal 0 0 -1
    outer loop
      vertex 40 7.078 0
      vertex 19.8122 25.528 0
      vertex 19.8817 25.6688 0
    endloop
  endfacet
  facet normal 0 0 -1
    outer loop
      vertex 40 7.078 0
      vertex 19.725 25.3975 0
      vertex 19.8122 25.528 0
    endloop
  endfacet
  facet normal 0 0 -1
    outer loop
      vertex 40 7.078 0
      vertex 19.6215 25.2795 0
      vertex 19.725 25.3975 0
    endloop
  endfacet
  facet normal 0 0 -1
    outer loop
      vertex 40 7.078 0
      vertex 19.5035 25.176 0
      vertex 19.6215 25.2795 0
    endloop
  endfacet
  facet normal 0 0 -1
    outer loop
      vertex 40 7.078 0
      vertex 19.373 25.0888 0
      vertex 19.5035 25.176 0
    endloop
  endfacet
  facet normal 0 0 -1
    outer loop
      vertex 40 7.078 0
      vertex 19.2322 25.0193 0
      vertex 19.373 25.0888 0
    endloop
  endfacet
  facet normal 0 0 -1
    outer loop
      vertex 40 7.078 0
      vertex 19.0836 24.9689 0
      vertex 19.2322 25.0193 0
    endloop
  endfacet
  facet normal 0 0 -1
    outer loop
      vertex 40 7.078 0
      vertex 18.9296 24.9383 0
      vertex 19.0836 24.9689 0
    endloop
  endfacet
  facet normal -0 0 -1
    outer loop
      vertex 40 7.078 0
      vertex 5.03754 3 0
      vertex 18.9296 24.9383 0
    endloop
  endfacet
  facet normal 0 0 -1
    outer loop
      vertex 18.9296 24.9383 0
      vertex 5.03754 3 0
      vertex 18.773 24.928 0
    endloop
  endfacet
  facet normal -0 0 -1
    outer loop
      vertex 18.773 24.928 0
      vertex 5.03754 3 0
      vertex 18.6164 24.9383 0
    endloop
  endfacet
  facet normal -0 0 -1
    outer loop
      vertex 18.6164 24.9383 0
      vertex 5.03754 3 0
      vertex 18.4624 24.9689 0
    endloop
  endfacet
  facet normal -0 0 -1
    outer loop
      vertex 18.4624 24.9689 0
      vertex 5.03754 3 0
      vertex 18.3138 25.0193 0
    endloop
  endfacet
  facet normal -0 0 -1
    outer loop
      vertex 18.3138 25.0193 0
      vertex 5.03754 3 0
      vertex 18.173 25.0888 0
    endloop
  endfacet
  facet normal -0 0 -1
    outer loop
      vertex 18.173 25.0888 0
      vertex 5.03754 3 0
      vertex 18.0425 25.176 0
    endloop
  endfacet
  facet normal 0 0 -1
    outer loop
      vertex -3.02252 0 0
      vertex 17.573 26.128 0
      vertex 5.03754 3 0
    endloop
  endfacet
  facet normal -0 0 -1
    outer loop
      vertex 17.5833 25.9714 0
      vertex 5.03754 3 0
      vertex 17.573 26.128 0
    endloop
  endfacet
  facet normal -0 0 -1
    outer loop
      vertex 17.6139 25.8174 0
      vertex 5.03754 3 0
      vertex 17.5833 25.9714 0
    endloop
  endfacet
  facet normal -0 0 -1
    outer loop
      vertex 17.6643 25.6688 0
      vertex 5.03754 3 0
      vertex 17.6139 25.8174 0
    endloop
  endfacet
  facet normal -0 0 -1
    outer loop
      vertex 17.7338 25.528 0
      vertex 5.03754 3 0
      vertex 17.6643 25.6688 0
    endloop
  endfacet
  facet normal -0 0 -1
    outer loop
      vertex 17.821 25.3975 0
      vertex 5.03754 3 0
      vertex 17.7338 25.528 0
    endloop
  endfacet
  facet normal -0 0 -1
    outer loop
      vertex 17.9245 25.2795 0
      vertex 5.03754 3 0
      vertex 17.821 25.3975 0
    endloop
  endfacet
  facet normal -0 0 -1
    outer loop
      vertex 18.0425 25.176 0
      vertex 5.03754 3 0
      vertex 17.9245 25.2795 0
    endloop
  endfacet
  facet normal -0 0 -1
    outer loop
      vertex 67.2009 14.6254 0
      vertex 62.0939 11.2679 0
      vertex 66.7648 15.278 0
    endloop
  endfacet
  facet normal 0 0 -1
    outer loop
      vertex 65.961 18.278 0
      vertex 62.492 26.0953 0
      vertex 62.504 26.278 0
    endloop
  endfacet
  facet normal 0 0 -1
    outer loop
      vertex 61.9563 11.3887 0
      vertex 66.7648 15.278 0
      vertex 62.0939 11.2679 0
    endloop
  endfacet
  facet normal 0 0 -1
    outer loop
      vertex 65.961 18.278 0
      vertex 62.4563 25.9157 0
      vertex 62.492 26.0953 0
    endloop
  endfacet
  facet normal 0 0 -1
    outer loop
      vertex 61.804 11.4904 0
      vertex 66.7648 15.278 0
      vertex 61.9563 11.3887 0
    endloop
  endfacet
  facet normal 0 0 -1
    outer loop
      vertex 65.961 18.278 0
      vertex 62.3974 25.7422 0
      vertex 62.4563 25.9157 0
    endloop
  endfacet
  facet normal -0 0 -1
    outer loop
      vertex 66.7648 15.278 0
      vertex 61.804 11.4904 0
      vertex 66.4177 15.9819 0
    endloop
  endfacet
  facet normal 0 0 -1
    outer loop
      vertex 65.961 18.278 0
      vertex 62.3164 25.578 0
      vertex 62.3974 25.7422 0
    endloop
  endfacet
  facet normal 0 0 -1
    outer loop
      vertex 61.6398 11.5714 0
      vertex 66.4177 15.9819 0
      vertex 61.804 11.4904 0
    endloop
  endfacet
  facet normal 0 0 -1
    outer loop
      vertex 65.961 18.278 0
      vertex 62.2147 25.4257 0
      vertex 62.3164 25.578 0
    endloop
  endfacet
  facet normal -0 0 -1
    outer loop
      vertex 66.4177 15.9819 0
      vertex 61.6398 11.5714 0
      vertex 66.1654 16.7251 0
    endloop
  endfacet
  facet normal 0 0 -1
    outer loop
      vertex 65.961 18.278 0
      vertex 62.0939 25.288 0
      vertex 62.2147 25.4257 0
    endloop
  endfacet
  facet normal 0 0 -1
    outer loop
      vertex 61.4663 11.6303 0
      vertex 66.1654 16.7251 0
      vertex 61.6398 11.5714 0
    endloop
  endfacet
  facet normal 0 0 -1
    outer loop
      vertex 65.961 18.278 0
      vertex 61.9563 25.1673 0
      vertex 62.0939 25.288 0
    endloop
  endfacet
  facet normal 0 0 -1
    outer loop
      vertex 61.2867 11.666 0
      vertex 66.1654 16.7251 0
      vertex 61.4663 11.6303 0
    endloop
  endfacet
  facet normal 0 0 -1
    outer loop
      vertex 65.961 18.278 0
      vertex 61.804 25.0656 0
      vertex 61.9563 25.1673 0
    endloop
  endfacet
  facet normal -0 0 -1
    outer loop
      vertex 66.1654 16.7251 0
      vertex 61.2867 11.666 0
      vertex 66.0123 17.4948 0
    endloop
  endfacet
  facet normal 0 0 -1
    outer loop
      vertex 65.961 18.278 0
      vertex 61.6398 24.9846 0
      vertex 61.804 25.0656 0
    endloop
  endfacet
  facet normal 0 0 -1
    outer loop
      vertex 61.104 11.678 0
      vertex 66.0123 17.4948 0
      vertex 61.2867 11.666 0
    endloop
  endfacet
  facet normal 0 0 -1
    outer loop
      vertex 65.961 18.278 0
      vertex 61.4663 24.9257 0
      vertex 61.6398 24.9846 0
    endloop
  endfacet
  facet normal 0 0 -1
    outer loop
      vertex 60.9213 11.666 0
      vertex 66.0123 17.4948 0
      vertex 61.104 11.678 0
    endloop
  endfacet
  facet normal 0 0 -1
    outer loop
      vertex 65.961 18.278 0
      vertex 61.2867 24.89 0
      vertex 61.4663 24.9257 0
    endloop
  endfacet
  facet normal -0 0 -1
    outer loop
      vertex 66.0123 17.4948 0
      vertex 60.9213 11.666 0
      vertex 65.961 18.278 0
    endloop
  endfacet
  facet normal 0 0 -1
    outer loop
      vertex 65.961 18.278 0
      vertex 61.104 24.878 0
      vertex 61.2867 24.89 0
    endloop
  endfacet
  facet normal 0 0 -1
    outer loop
      vertex 60.7417 11.6303 0
      vertex 65.961 18.278 0
      vertex 60.9213 11.666 0
    endloop
  endfacet
  facet normal 0 0 -1
    outer loop
      vertex 65.961 18.278 0
      vertex 60.9213 24.89 0
      vertex 61.104 24.878 0
    endloop
  endfacet
  facet normal 0 0 -1
    outer loop
      vertex 60.7417 24.9257 0
      vertex 65.961 18.278 0
      vertex 60.7417 11.6303 0
    endloop
  endfacet
  facet normal 0 0 -1
    outer loop
      vertex 65.961 18.278 0
      vertex 60.7417 24.9257 0
      vertex 60.9213 24.89 0
    endloop
  endfacet
  facet normal 0 0 -1
    outer loop
      vertex 60.5682 11.5714 0
      vertex 60.7417 24.9257 0
      vertex 60.7417 11.6303 0
    endloop
  endfacet
  facet normal 0 0 -1
    outer loop
      vertex 60.5682 11.5714 0
      vertex 60.5682 24.9846 0
      vertex 60.7417 24.9257 0
    endloop
  endfacet
  facet normal 0 0 -1
    outer loop
      vertex 60.404 11.4904 0
      vertex 60.5682 24.9846 0
      vertex 60.5682 11.5714 0
    endloop
  endfacet
  facet normal 0 0 -1
    outer loop
      vertex 60.404 11.4904 0
      vertex 60.404 25.0656 0
      vertex 60.5682 24.9846 0
    endloop
  endfacet
  facet normal 0 0 -1
    outer loop
      vertex 60.2517 11.3887 0
      vertex 60.404 25.0656 0
      vertex 60.404 11.4904 0
    endloop
  endfacet
  facet normal 0 0 -1
    outer loop
      vertex 60.2517 11.3887 0
      vertex 60.2517 25.1673 0
      vertex 60.404 25.0656 0
    endloop
  endfacet
  facet normal 0 0 -1
    outer loop
      vertex 60.1141 11.2679 0
      vertex 60.2517 25.1673 0
      vertex 60.2517 11.3887 0
    endloop
  endfacet
  facet normal 0 0 -1
    outer loop
      vertex 60.1141 11.2679 0
      vertex 60.1141 25.288 0
      vertex 60.2517 25.1673 0
    endloop
  endfacet
  facet normal 0 0 -1
    outer loop
      vertex 59.9933 11.1303 0
      vertex 60.1141 25.288 0
      vertex 60.1141 11.2679 0
    endloop
  endfacet
  facet normal 0 0 -1
    outer loop
      vertex 59.9933 11.1303 0
      vertex 59.9933 25.4257 0
      vertex 60.1141 25.288 0
    endloop
  endfacet
  facet normal 0 0 -1
    outer loop
      vertex 59.8916 10.978 0
      vertex 59.9933 25.4257 0
      vertex 59.9933 11.1303 0
    endloop
  endfacet
  facet normal 0 0 -1
    outer loop
      vertex 59.8916 10.978 0
      vertex 59.8916 25.578 0
      vertex 59.9933 25.4257 0
    endloop
  endfacet
  facet normal 0 0 -1
    outer loop
      vertex 40 7.078 0
      vertex 59.8916 10.978 0
      vertex 59.8106 10.8138 0
    endloop
  endfacet
  facet normal -0 0 -1
    outer loop
      vertex 59.8916 10.978 0
      vertex 40 7.078 0
      vertex 59.8916 25.578 0
    endloop
  endfacet
  facet normal 0 0 -1
    outer loop
      vertex 40 7.078 0
      vertex 59.8106 10.8138 0
      vertex 59.7517 10.6403 0
    endloop
  endfacet
  facet normal -0 0 -1
    outer loop
      vertex 59.8916 25.578 0
      vertex 40 7.078 0
      vertex 59.8106 25.7422 0
    endloop
  endfacet
  facet normal 0 0 -1
    outer loop
      vertex 40 7.078 0
      vertex 59.7517 10.6403 0
      vertex 59.716 10.4607 0
    endloop
  endfacet
  facet normal -0 0 -1
    outer loop
      vertex 59.8106 25.7422 0
      vertex 40 7.078 0
      vertex 59.7517 25.9157 0
    endloop
  endfacet
  facet normal 0 0 -1
    outer loop
      vertex 40 7.078 0
      vertex 59.716 10.4607 0
      vertex 59.704 10.278 0
    endloop
  endfacet
  facet normal -0 0 -1
    outer loop
      vertex 59.7517 25.9157 0
      vertex 40 7.078 0
      vertex 59.716 26.0953 0
    endloop
  endfacet
  facet normal 0 0 -1
    outer loop
      vertex 81.6102 9.07188 0
      vertex 77.9097 17.4948 0
      vertex 77.961 18.278 0
    endloop
  endfacet
  facet normal 0 0 -1
    outer loop
      vertex 81.6102 9.07188 0
      vertex 77.7566 16.7251 0
      vertex 77.9097 17.4948 0
    endloop
  endfacet
  facet normal 0 0 -1
    outer loop
      vertex 81.6102 9.07188 0
      vertex 77.5043 15.9819 0
      vertex 77.7566 16.7251 0
    endloop
  endfacet
  facet normal 0 0 -1
    outer loop
      vertex 81.6102 9.07188 0
      vertex 77.1572 15.278 0
      vertex 77.5043 15.9819 0
    endloop
  endfacet
  facet normal 0 0 -1
    outer loop
      vertex 80.883 9.00348 0
      vertex 76.7211 14.6254 0
      vertex 77.1572 15.278 0
    endloop
  endfacet
  facet normal 0 0 -1
    outer loop
      vertex 80.883 9.00348 0
      vertex 76.2036 14.0354 0
      vertex 76.7211 14.6254 0
    endloop
  endfacet
  facet normal 0 0 -1
    outer loop
      vertex 80.883 9.00348 0
      vertex 75.6136 13.5179 0
      vertex 76.2036 14.0354 0
    endloop
  endfacet
  facet normal 0 0 -1
    outer loop
      vertex 80.883 9.00348 0
      vertex 74.961 13.0818 0
      vertex 75.6136 13.5179 0
    endloop
  endfacet
  facet normal 0 0 -1
    outer loop
      vertex 80.883 9.00348 0
      vertex 74.2571 12.7347 0
      vertex 74.961 13.0818 0
    endloop
  endfacet
  facet normal 0 0 -1
    outer loop
      vertex 71.3217 7.15906 0
      vertex 74.2571 12.7347 0
      vertex 80.883 9.00348 0
    endloop
  endfacet
  facet normal 0 0 -1
    outer loop
      vertex 74.2571 12.7347 0
      vertex 71.3217 7.15906 0
      vertex 73.5139 12.4824 0
    endloop
  endfacet
  facet normal 0 0 -1
    outer loop
      vertex 73.5139 12.4824 0
      vertex 71.3217 7.15906 0
      vertex 72.7442 12.3293 0
    endloop
  endfacet
  facet normal 0 0 -1
    outer loop
      vertex 72.7442 12.3293 0
      vertex 71.3217 7.15906 0
      vertex 71.961 12.278 0
    endloop
  endfacet
  facet normal 0 0 -1
    outer loop
      vertex 71.1778 12.3293 0
      vertex 71.3217 7.15906 0
      vertex 71.2743 7.15225 0
    endloop
  endfacet
  facet normal 0 0 -1
    outer loop
      vertex 71.3217 7.15906 0
      vertex 71.1778 12.3293 0
      vertex 71.961 12.278 0
    endloop
  endfacet
  facet normal 0 0 -1
    outer loop
      vertex 70.5163 7.08025 0
      vertex 71.1778 12.3293 0
      vertex 71.2743 7.15225 0
    endloop
  endfacet
  facet normal 0 0 -1
    outer loop
      vertex 70.469 7.078 0
      vertex 71.1778 12.3293 0
      vertex 70.5163 7.08025 0
    endloop
  endfacet
  facet normal 0 0 -1
    outer loop
      vertex 70.469 7.078 0
      vertex 70.4081 12.4824 0
      vertex 71.1778 12.3293 0
    endloop
  endfacet
  facet normal 0 0 -1
    outer loop
      vertex 70.469 7.078 0
      vertex 69.6649 12.7347 0
      vertex 70.4081 12.4824 0
    endloop
  endfacet
  facet normal 0 0 -1
    outer loop
      vertex 70.469 7.078 0
      vertex 68.961 13.0818 0
      vertex 69.6649 12.7347 0
    endloop
  endfacet
  facet normal 0 0 -1
    outer loop
      vertex 62.492 10.0953 0
      vertex 68.961 13.0818 0
      vertex 70.469 7.078 0
    endloop
  endfacet
  facet normal 0 -0 -1
    outer loop
      vertex 62.504 10.278 0
      vertex 68.961 13.0818 0
      vertex 62.492 10.0953 0
    endloop
  endfacet
  facet normal -0 0 -1
    outer loop
      vertex 68.961 13.0818 0
      vertex 62.504 10.278 0
      vertex 68.3084 13.5179 0
    endloop
  endfacet
  facet normal -0 0 -1
    outer loop
      vertex 68.3084 13.5179 0
      vertex 62.492 10.4607 0
      vertex 67.7184 14.0354 0
    endloop
  endfacet
  facet normal 0 0 -1
    outer loop
      vertex 62.4563 10.6403 0
      vertex 67.7184 14.0354 0
      vertex 62.492 10.4607 0
    endloop
  endfacet
  facet normal 0 0 -1
    outer loop
      vertex 62.2147 11.1303 0
      vertex 67.2009 14.6254 0
      vertex 62.3164 10.978 0
    endloop
  endfacet
  facet normal 0 0 -1
    outer loop
      vertex 62.3164 10.978 0
      vertex 67.2009 14.6254 0
      vertex 62.3974 10.8138 0
    endloop
  endfacet
  facet normal -0 0 -1
    outer loop
      vertex 67.7184 14.0354 0
      vertex 62.3974 10.8138 0
      vertex 67.2009 14.6254 0
    endloop
  endfacet
  facet normal 0 0 -1
    outer loop
      vertex 62.3974 10.8138 0
      vertex 67.7184 14.0354 0
      vertex 62.4563 10.6403 0
    endloop
  endfacet
  facet normal 0 0 -1
    outer loop
      vertex 62.492 10.4607 0
      vertex 68.3084 13.5179 0
      vertex 62.504 10.278 0
    endloop
  endfacet
  facet normal 0 0 -1
    outer loop
      vertex 70.469 7.078 0
      vertex 62.4563 9.91565 0
      vertex 62.492 10.0953 0
    endloop
  endfacet
  facet normal 0 0 -1
    outer loop
      vertex 70.469 7.078 0
      vertex 62.3974 9.74224 0
      vertex 62.4563 9.91565 0
    endloop
  endfacet
  facet normal 0 0 -1
    outer loop
      vertex 70.469 7.078 0
      vertex 62.3164 9.578 0
      vertex 62.3974 9.74224 0
    endloop
  endfacet
  facet normal 0 0 -1
    outer loop
      vertex 70.469 7.078 0
      vertex 62.2147 9.42573 0
      vertex 62.3164 9.578 0
    endloop
  endfacet
  facet normal 0 0 -1
    outer loop
      vertex 70.469 7.078 0
      vertex 62.0939 9.28805 0
      vertex 62.2147 9.42573 0
    endloop
  endfacet
  facet normal 0 0 -1
    outer loop
      vertex 70.469 7.078 0
      vertex 61.9563 9.1673 0
      vertex 62.0939 9.28805 0
    endloop
  endfacet
  facet normal 0 0 -1
    outer loop
      vertex 70.469 7.078 0
      vertex 61.804 9.06556 0
      vertex 61.9563 9.1673 0
    endloop
  endfacet
  facet normal 0 0 -1
    outer loop
      vertex 70.469 7.078 0
      vertex 61.6398 8.98457 0
      vertex 61.804 9.06556 0
    endloop
  endfacet
  facet normal 0 0 -1
    outer loop
      vertex 70.469 7.078 0
      vertex 61.4663 8.9257 0
      vertex 61.6398 8.98457 0
    endloop
  endfacet
  facet normal 0 0 -1
    outer loop
      vertex 70.469 7.078 0
      vertex 61.2867 8.88998 0
      vertex 61.4663 8.9257 0
    endloop
  endfacet
  facet normal 0 0 -1
    outer loop
      vertex 70.469 7.078 0
      vertex 61.104 8.878 0
      vertex 61.2867 8.88998 0
    endloop
  endfacet
  facet normal 0 0 -1
    outer loop
      vertex 70.469 7.078 0
      vertex 60.9213 8.88998 0
      vertex 61.104 8.878 0
    endloop
  endfacet
  facet normal 0 0 -1
    outer loop
      vertex 39.9854 39 0
      vertex 59.716 26.0953 0
      vertex 40 7.078 0
    endloop
  endfacet
  facet normal 0 -0 -1
    outer loop
      vertex 58.4817 94.8234 0
      vertex 59.704 26.278 0
      vertex 57.655 52.179 0
    endloop
  endfacet
  facet normal 0 0 -1
    outer loop
      vertex 59.704 26.278 0
      vertex 58.4817 94.8234 0
      vertex 58.492 94.98 0
    endloop
  endfacet
  facet normal 0 0 -1
    outer loop
      vertex 57.6447 52.3356 0
      vertex 58.4817 94.8234 0
      vertex 57.655 52.179 0
    endloop
  endfacet
  facet normal 0 0 -1
    outer loop
      vertex 58.4817 94.8234 0
      vertex 57.6447 52.3356 0
      vertex 58.4511 94.6694 0
    endloop
  endfacet
  facet normal 0 0 -1
    outer loop
      vertex 57.6141 52.4896 0
      vertex 58.4511 94.6694 0
      vertex 57.6447 52.3356 0
    endloop
  endfacet
  facet normal 0 0 -1
    outer loop
      vertex 58.4511 94.6694 0
      vertex 57.6141 52.4896 0
      vertex 58.4007 94.5208 0
    endloop
  endfacet
  facet normal 0 0 -1
    outer loop
      vertex 57.5637 52.6382 0
      vertex 58.4007 94.5208 0
      vertex 57.6141 52.4896 0
    endloop
  endfacet
  facet normal 0 0 -1
    outer loop
      vertex 58.4007 94.5208 0
      vertex 57.5637 52.6382 0
      vertex 58.3312 94.38 0
    endloop
  endfacet
  facet normal 0 0 -1
    outer loop
      vertex 57.4942 52.779 0
      vertex 58.3312 94.38 0
      vertex 57.5637 52.6382 0
    endloop
  endfacet
  facet normal 0 0 -1
    outer loop
      vertex 58.3312 94.38 0
      vertex 57.4942 52.779 0
      vertex 58.244 94.2495 0
    endloop
  endfacet
  facet normal 0 0 -1
    outer loop
      vertex 59.704 26.278 0
      vertex 57.6447 52.0224 0
      vertex 57.655 52.179 0
    endloop
  endfacet
  facet normal 0 0 -1
    outer loop
      vertex 59.704 26.278 0
      vertex 57.6141 51.8684 0
      vertex 57.6447 52.0224 0
    endloop
  endfacet
  facet normal 0 0 -1
    outer loop
      vertex 59.704 26.278 0
      vertex 57.5637 51.7198 0
      vertex 57.6141 51.8684 0
    endloop
  endfacet
  facet normal 0 0 -1
    outer loop
      vertex 59.704 26.278 0
      vertex 57.4942 51.579 0
      vertex 57.5637 51.7198 0
    endloop
  endfacet
  facet normal 0 0 -1
    outer loop
      vertex 59.704 26.278 0
      vertex 57.407 51.4485 0
      vertex 57.4942 51.579 0
    endloop
  endfacet
  facet normal 0 0 -1
    outer loop
      vertex 59.704 26.278 0
      vertex 57.3035 51.3305 0
      vertex 57.407 51.4485 0
    endloop
  endfacet
  facet normal 0 0 -1
    outer loop
      vertex 59.704 26.278 0
      vertex 57.1855 51.227 0
      vertex 57.3035 51.3305 0
    endloop
  endfacet
  facet normal 0 0 -1
    outer loop
      vertex 59.704 26.278 0
      vertex 57.055 51.1398 0
      vertex 57.1855 51.227 0
    endloop
  endfacet
  facet normal 0 0 -1
    outer loop
      vertex 59.704 26.278 0
      vertex 56.9142 51.0703 0
      vertex 57.055 51.1398 0
    endloop
  endfacet
  facet normal 0 0 -1
    outer loop
      vertex 40 7.078 0
      vertex 59.704 10.278 0
      vertex 59.716 10.0953 0
    endloop
  endfacet
  facet normal 0 0 -1
    outer loop
      vertex 59.704 26.278 0
      vertex 56.7656 51.0199 0
      vertex 56.9142 51.0703 0
    endloop
  endfacet
  facet normal 0 0 -1
    outer loop
      vertex 59.704 26.278 0
      vertex 56.6116 50.9893 0
      vertex 56.7656 51.0199 0
    endloop
  endfacet
  facet normal 0 -0 -1
    outer loop
      vertex 56.1444 51.0199 0
      vertex 59.704 26.278 0
      vertex 39.9854 39 0
    endloop
  endfacet
  facet normal 0 0 -1
    outer loop
      vertex 59.704 26.278 0
      vertex 56.455 50.979 0
      vertex 56.6116 50.9893 0
    endloop
  endfacet
  facet normal 0 0 -1
    outer loop
      vertex 59.704 26.278 0
      vertex 56.2984 50.9893 0
      vertex 56.455 50.979 0
    endloop
  endfacet
  facet normal 0 0 -1
    outer loop
      vertex 59.704 26.278 0
      vertex 56.1444 51.0199 0
      vertex 56.2984 50.9893 0
    endloop
  endfacet
  facet normal -0 0 -1
    outer loop
      vertex 56.1444 51.0199 0
      vertex 39.9854 39 0
      vertex 55.9958 51.0703 0
    endloop
  endfacet
  facet normal 0 0 -1
    outer loop
      vertex 39.9708 39.2219 0
      vertex 55.9958 51.0703 0
      vertex 39.9854 39 0
    endloop
  endfacet
  facet normal -0 0 -1
    outer loop
      vertex 55.9958 51.0703 0
      vertex 39.9708 39.2219 0
      vertex 55.855 51.1398 0
    endloop
  endfacet
  facet normal 0 0 -1
    outer loop
      vertex 39.9274 39.44 0
      vertex 55.855 51.1398 0
      vertex 39.9708 39.2219 0
    endloop
  endfacet
  facet normal -0 0 -1
    outer loop
      vertex 55.855 51.1398 0
      vertex 39.9274 39.44 0
      vertex 55.7245 51.227 0
    endloop
  endfacet
  facet normal 0 0 -1
    outer loop
      vertex 39.856 39.6506 0
      vertex 55.7245 51.227 0
      vertex 39.9274 39.44 0
    endloop
  endfacet
  facet normal -0 0 -1
    outer loop
      vertex 55.7245 51.227 0
      vertex 39.856 39.6506 0
      vertex 55.6065 51.3305 0
    endloop
  endfacet
  facet normal 0 0 -1
    outer loop
      vertex 39.7576 39.85 0
      vertex 55.6065 51.3305 0
      vertex 39.856 39.6506 0
    endloop
  endfacet
  facet normal -0 0 -1
    outer loop
      vertex 55.6065 51.3305 0
      vertex 39.7576 39.85 0
      vertex 55.503 51.4485 0
    endloop
  endfacet
  facet normal 0 0 -1
    outer loop
      vertex 59.716 26.0953 0
      vertex 39.9854 39 0
      vertex 59.704 26.278 0
    endloop
  endfacet
  facet normal -0 0 -1
    outer loop
      vertex 59.7517 9.91565 0
      vertex 40 7.078 0
      vertex 59.716 10.0953 0
    endloop
  endfacet
  facet normal -0 0 -1
    outer loop
      vertex 59.8106 9.74224 0
      vertex 40 7.078 0
      vertex 59.7517 9.91565 0
    endloop
  endfacet
  facet normal -0 0 -1
    outer loop
      vertex 59.8916 9.578 0
      vertex 40 7.078 0
      vertex 59.8106 9.74224 0
    endloop
  endfacet
  facet normal -0 0 -1
    outer loop
      vertex 59.9933 9.42573 0
      vertex 40 7.078 0
      vertex 59.8916 9.578 0
    endloop
  endfacet
  facet normal -0 0 -1
    outer loop
      vertex 60.1141 9.28805 0
      vertex 40 7.078 0
      vertex 59.9933 9.42573 0
    endloop
  endfacet
  facet normal -0 0 -1
    outer loop
      vertex 60.2517 9.1673 0
      vertex 40 7.078 0
      vertex 60.1141 9.28805 0
    endloop
  endfacet
  facet normal -0 0 -1
    outer loop
      vertex 60.404 9.06556 0
      vertex 40 7.078 0
      vertex 60.2517 9.1673 0
    endloop
  endfacet
  facet normal -0 0 -1
    outer loop
      vertex 60.5682 8.98457 0
      vertex 40 7.078 0
      vertex 60.404 9.06556 0
    endloop
  endfacet
  facet normal -0 0 -1
    outer loop
      vertex 60.7417 8.9257 0
      vertex 40 7.078 0
      vertex 60.5682 8.98457 0
    endloop
  endfacet
  facet normal -0 0 -1
    outer loop
      vertex 60.9213 8.88998 0
      vertex 40 7.078 0
      vertex 60.7417 8.9257 0
    endloop
  endfacet
  facet normal 0 0 -1
    outer loop
      vertex 40 7.078 0
      vertex 60.9213 8.88998 0
      vertex 70.469 7.078 0
    endloop
  endfacet
  facet normal 0 0 -1
    outer loop
      vertex 57.407 52.9095 0
      vertex 58.244 94.2495 0
      vertex 57.4942 52.779 0
    endloop
  endfacet
  facet normal 0 0 -1
    outer loop
      vertex 58.244 94.2495 0
      vertex 57.407 52.9095 0
      vertex 58.1405 94.1315 0
    endloop
  endfacet
  facet normal 0 0 -1
    outer loop
      vertex 57.3035 53.0275 0
      vertex 58.1405 94.1315 0
      vertex 57.407 52.9095 0
    endloop
  endfacet
  facet normal 0 0 -1
    outer loop
      vertex 58.1405 94.1315 0
      vertex 57.3035 53.0275 0
      vertex 58.0225 94.028 0
    endloop
  endfacet
  facet normal 0 0 -1
    outer loop
      vertex 57.1855 53.131 0
      vertex 58.0225 94.028 0
      vertex 57.3035 53.0275 0
    endloop
  endfacet
  facet normal 0 0 -1
    outer loop
      vertex 58.0225 94.028 0
      vertex 57.1855 53.131 0
      vertex 57.892 93.9408 0
    endloop
  endfacet
  facet normal 0 0 -1
    outer loop
      vertex 57.055 53.2182 0
      vertex 57.892 93.9408 0
      vertex 57.1855 53.131 0
    endloop
  endfacet
  facet normal 0 0 -1
    outer loop
      vertex 57.892 93.9408 0
      vertex 57.055 53.2182 0
      vertex 57.7512 93.8713 0
    endloop
  endfacet
  facet normal 0 0 -1
    outer loop
      vertex 56.9142 53.2877 0
      vertex 57.7512 93.8713 0
      vertex 57.055 53.2182 0
    endloop
  endfacet
  facet normal 0 0 -1
    outer loop
      vertex 57.7512 93.8713 0
      vertex 56.9142 53.2877 0
      vertex 57.6026 93.8209 0
    endloop
  endfacet
  facet normal 0 0 -1
    outer loop
      vertex 56.7656 53.3381 0
      vertex 57.6026 93.8209 0
      vertex 56.9142 53.2877 0
    endloop
  endfacet
  facet normal 0 0 -1
    outer loop
      vertex 57.6026 93.8209 0
      vertex 56.7656 53.3381 0
      vertex 57.4486 93.7903 0
    endloop
  endfacet
  facet normal 0 0 -1
    outer loop
      vertex 56.6116 53.3687 0
      vertex 57.4486 93.7903 0
      vertex 56.7656 53.3381 0
    endloop
  endfacet
  facet normal 0 0 -1
    outer loop
      vertex 39.9274 68.44 0
      vertex 57.4486 93.7903 0
      vertex 56.6116 53.3687 0
    endloop
  endfacet
  facet normal 0 0 -1
    outer loop
      vertex 57.4486 93.7903 0
      vertex 39.9274 68.44 0
      vertex 57.292 93.78 0
    endloop
  endfacet
  facet normal 0 0 -1
    outer loop
      vertex 39.856 68.6506 0
      vertex 57.292 93.78 0
      vertex 39.9274 68.44 0
    endloop
  endfacet
  facet normal -0 0 -1
    outer loop
      vertex 57.292 93.78 0
      vertex 39.856 68.6506 0
      vertex 57.1354 93.7903 0
    endloop
  endfacet
  facet normal 0 0 -1
    outer loop
      vertex 39.7576 68.85 0
      vertex 57.1354 93.7903 0
      vertex 39.856 68.6506 0
    endloop
  endfacet
  facet normal -0 0 -1
    outer loop
      vertex 57.1354 93.7903 0
      vertex 39.7576 68.85 0
      vertex 56.9814 93.8209 0
    endloop
  endfacet
  facet normal 0 0 -1
    outer loop
      vertex 39.9708 68.2219 0
      vertex 56.6116 53.3687 0
      vertex 56.455 53.379 0
    endloop
  endfacet
  facet normal 0 0 -1
    outer loop
      vertex 39.6341 69.0349 0
      vertex 56.9814 93.8209 0
      vertex 39.7576 68.85 0
    endloop
  endfacet
  facet normal -0 0 -1
    outer loop
      vertex 56.9814 93.8209 0
      vertex 39.6341 69.0349 0
      vertex 56.8328 93.8713 0
    endloop
  endfacet
  facet normal 0 0 -1
    outer loop
      vertex 39.9854 68 0
      vertex 56.455 53.379 0
      vertex 56.2984 53.3687 0
    endloop
  endfacet
  facet normal 0 0 -1
    outer loop
      vertex 39.4875 69.2021 0
      vertex 56.8328 93.8713 0
      vertex 39.6341 69.0349 0
    endloop
  endfacet
  facet normal -0 0 -1
    outer loop
      vertex 56.8328 93.8713 0
      vertex 39.4875 69.2021 0
      vertex 56.692 93.9408 0
    endloop
  endfacet
  facet normal 0 0 -1
    outer loop
      vertex 39.9854 68 0
      vertex 56.2984 53.3687 0
      vertex 56.1444 53.3381 0
    endloop
  endfacet
  facet normal 0 0 -1
    outer loop
      vertex 39.3203 69.3487 0
      vertex 56.692 93.9408 0
      vertex 39.4875 69.2021 0
    endloop
  endfacet
  facet normal -0 0 -1
    outer loop
      vertex 56.692 93.9408 0
      vertex 39.3203 69.3487 0
      vertex 56.5615 94.028 0
    endloop
  endfacet
  facet normal 0 0 -1
    outer loop
      vertex 39.1354 69.4722 0
      vertex 56.5615 94.028 0
      vertex 39.3203 69.3487 0
    endloop
  endfacet
  facet normal 0 0 -1
    outer loop
      vertex 39.9854 68 0
      vertex 56.1444 53.3381 0
      vertex 55.9958 53.2877 0
    endloop
  endfacet
  facet normal 0 0 -1
    outer loop
      vertex 108.654 69.4722 0
      vertex 95.7457 92.3224 0
      vertex 95.756 92.479 0
    endloop
  endfacet
  facet normal 0 0 -1
    outer loop
      vertex 106.118 68.2219 0
      vertex 95.7151 92.1684 0
      vertex 95.7457 92.3224 0
    endloop
  endfacet
  facet normal -0 0 -1
    outer loop
      vertex 106.161 67.56 0
      vertex 95.2354 53.0687 0
      vertex 106.118 67.7781 0
    endloop
  endfacet
  facet normal 0 0 -1
    outer loop
      vertex 106.118 68.2219 0
      vertex 95.6647 92.0198 0
      vertex 95.7151 92.1684 0
    endloop
  endfacet
  facet normal 0 0 -1
    outer loop
      vertex 106.118 68.2219 0
      vertex 95.5952 91.879 0
      vertex 95.6647 92.0198 0
    endloop
  endfacet
  facet normal 0 0 -1
    outer loop
      vertex 95.0814 53.0381 0
      vertex 106.118 67.7781 0
      vertex 95.2354 53.0687 0
    endloop
  endfacet
  facet normal 0 0 -1
    outer loop
      vertex 106.118 68.2219 0
      vertex 95.508 91.7485 0
      vertex 95.5952 91.879 0
    endloop
  endfacet
  facet normal 0 0 -1
    outer loop
      vertex 106.118 68.2219 0
      vertex 95.4045 91.6305 0
      vertex 95.508 91.7485 0
    endloop
  endfacet
  facet normal -0 0 -1
    outer loop
      vertex 106.118 67.7781 0
      vertex 95.0814 53.0381 0
      vertex 106.104 68 0
    endloop
  endfacet
  facet normal 0 0 -1
    outer loop
      vertex 106.118 68.2219 0
      vertex 95.2865 91.527 0
      vertex 95.4045 91.6305 0
    endloop
  endfacet
  facet normal 0 0 -1
    outer loop
      vertex 94.9328 52.9877 0
      vertex 106.104 68 0
      vertex 95.0814 53.0381 0
    endloop
  endfacet
  facet normal 0 0 -1
    outer loop
      vertex 106.118 68.2219 0
      vertex 95.156 91.4398 0
      vertex 95.2865 91.527 0
    endloop
  endfacet
  facet normal -0 0 -1
    outer loop
      vertex 106.104 68 0
      vertex 94.9328 52.9877 0
      vertex 106.118 68.2219 0
    endloop
  endfacet
  facet normal 0 0 -1
    outer loop
      vertex 106.118 68.2219 0
      vertex 95.0152 91.3703 0
      vertex 95.156 91.4398 0
    endloop
  endfacet
  facet normal 0 0 -1
    outer loop
      vertex 94.792 52.9182 0
      vertex 106.118 68.2219 0
      vertex 94.9328 52.9877 0
    endloop
  endfacet
  facet normal 0 0 -1
    outer loop
      vertex 106.118 68.2219 0
      vertex 94.8666 91.3199 0
      vertex 95.0152 91.3703 0
    endloop
  endfacet
  facet normal -0 0 -1
    outer loop
      vertex 106.118 68.2219 0
      vertex 94.792 52.9182 0
      vertex 94.0968 91.3703 0
    endloop
  endfacet
  facet normal 0 0 -1
    outer loop
      vertex 106.118 68.2219 0
      vertex 94.7126 91.2893 0
      vertex 94.8666 91.3199 0
    endloop
  endfacet
  facet normal 0 0 -1
    outer loop
      vertex 93.956 91.4398 0
      vertex 94.792 52.9182 0
      vertex 94.6615 52.831 0
    endloop
  endfacet
  facet normal 0 0 -1
    outer loop
      vertex 106.118 68.2219 0
      vertex 94.556 91.279 0
      vertex 94.7126 91.2893 0
    endloop
  endfacet
  facet normal 0 0 -1
    outer loop
      vertex 93.8255 91.527 0
      vertex 94.6615 52.831 0
      vertex 94.5435 52.7275 0
    endloop
  endfacet
  facet normal 0 0 -1
    outer loop
      vertex 58.492 94.98 0
      vertex 94.5435 52.7275 0
      vertex 94.44 52.6095 0
    endloop
  endfacet
  facet normal 0 0 -1
    outer loop
      vertex 106.118 68.2219 0
      vertex 94.3994 91.2893 0
      vertex 94.556 91.279 0
    endloop
  endfacet
  facet normal 0 0 -1
    outer loop
      vertex 58.492 94.98 0
      vertex 94.44 52.6095 0
      vertex 94.3528 52.479 0
    endloop
  endfacet
  facet normal 0 0 -1
    outer loop
      vertex 58.492 94.98 0
      vertex 94.3528 52.479 0
      vertex 94.2833 52.3382 0
    endloop
  endfacet
  facet normal 0 0 -1
    outer loop
      vertex 106.118 68.2219 0
      vertex 94.2454 91.3199 0
      vertex 94.3994 91.2893 0
    endloop
  endfacet
  facet normal 0 0 -1
    outer loop
      vertex 58.492 94.98 0
      vertex 94.2833 52.3382 0
      vertex 94.2329 52.1896 0
    endloop
  endfacet
  facet normal 0 0 -1
    outer loop
      vertex 61.2867 27.666 0
      vertex 94.2329 52.1896 0
      vertex 94.2023 52.0356 0
    endloop
  endfacet
  facet normal 0 0 -1
    outer loop
      vertex 61.4663 27.6303 0
      vertex 94.2023 52.0356 0
      vertex 94.192 51.879 0
    endloop
  endfacet
  facet normal 0 0 -1
    outer loop
      vertex 106.118 68.2219 0
      vertex 94.0968 91.3703 0
      vertex 94.2454 91.3199 0
    endloop
  endfacet
  facet normal 0 0 -1
    outer loop
      vertex 107.582 40.6855 0
      vertex 96.5817 51.7224 0
      vertex 96.592 51.879 0
    endloop
  endfacet
  facet normal 0 0 -1
    outer loop
      vertex 106.233 38.3494 0
      vertex 96.5511 51.5684 0
      vertex 96.5817 51.7224 0
    endloop
  endfacet
  facet normal 0 0 -1
    outer loop
      vertex 106.233 38.3494 0
      vertex 96.5007 51.4198 0
      vertex 96.5511 51.5684 0
    endloop
  endfacet
  facet normal 0 0 -1
    outer loop
      vertex 106.233 38.3494 0
      vertex 96.4312 51.279 0
      vertex 96.5007 51.4198 0
    endloop
  endfacet
  facet normal 0 0 -1
    outer loop
      vertex 106.233 38.3494 0
      vertex 96.344 51.1485 0
      vertex 96.4312 51.279 0
    endloop
  endfacet
  facet normal 0 0 -1
    outer loop
      vertex 106.233 38.3494 0
      vertex 96.2405 51.0305 0
      vertex 96.344 51.1485 0
    endloop
  endfacet
  facet normal 0 0 -1
    outer loop
      vertex 106.233 38.3494 0
      vertex 96.1225 50.927 0
      vertex 96.2405 51.0305 0
    endloop
  endfacet
  facet normal 0 0 -1
    outer loop
      vertex 106.233 38.3494 0
      vertex 95.992 50.8398 0
      vertex 96.1225 50.927 0
    endloop
  endfacet
  facet normal 0 0 -1
    outer loop
      vertex 106.233 38.3494 0
      vertex 95.8512 50.7703 0
      vertex 95.992 50.8398 0
    endloop
  endfacet
  facet normal 0 0 -1
    outer loop
      vertex 106.233 38.3494 0
      vertex 95.7026 50.7199 0
      vertex 95.8512 50.7703 0
    endloop
  endfacet
  facet normal 0 0 -1
    outer loop
      vertex 106.233 38.3494 0
      vertex 95.5486 50.6893 0
      vertex 95.7026 50.7199 0
    endloop
  endfacet
  facet normal 0 0 -1
    outer loop
      vertex 106.233 38.3494 0
      vertex 95.392 50.679 0
      vertex 95.5486 50.6893 0
    endloop
  endfacet
  facet normal -0 0 -1
    outer loop
      vertex 106.331 38.15 0
      vertex 77.1572 21.278 0
      vertex 106.233 38.3494 0
    endloop
  endfacet
  facet normal 0 0 -1
    outer loop
      vertex 76.7211 21.9306 0
      vertex 106.233 38.3494 0
      vertex 77.1572 21.278 0
    endloop
  endfacet
  facet normal 0 0 -1
    outer loop
      vertex 106.233 38.3494 0
      vertex 95.2354 50.6893 0
      vertex 95.392 50.679 0
    endloop
  endfacet
  facet normal 0 0 -1
    outer loop
      vertex 76.2036 22.5206 0
      vertex 106.233 38.3494 0
      vertex 76.7211 21.9306 0
    endloop
  endfacet
  facet normal 0 0 -1
    outer loop
      vertex 106.233 38.3494 0
      vertex 95.0814 50.7199 0
      vertex 95.2354 50.6893 0
    endloop
  endfacet
  facet normal -0 0 -1
    outer loop
      vertex 106.233 38.3494 0
      vertex 76.2036 22.5206 0
      vertex 95.0814 50.7199 0
    endloop
  endfacet
  facet normal -0 0 -1
    outer loop
      vertex 95.0814 50.7199 0
      vertex 76.2036 22.5206 0
      vertex 94.9328 50.7703 0
    endloop
  endfacet
  facet normal -0 0 -1
    outer loop
      vertex 94.9328 50.7703 0
      vertex 76.2036 22.5206 0
      vertex 94.792 50.8398 0
    endloop
  endfacet
  facet normal 0 0 -1
    outer loop
      vertex 75.6136 23.0381 0
      vertex 94.792 50.8398 0
      vertex 76.2036 22.5206 0
    endloop
  endfacet
  facet normal -0 0 -1
    outer loop
      vertex 94.792 50.8398 0
      vertex 75.6136 23.0381 0
      vertex 94.6615 50.927 0
    endloop
  endfacet
  facet normal 0 0 -1
    outer loop
      vertex 74.961 23.4742 0
      vertex 94.6615 50.927 0
      vertex 75.6136 23.0381 0
    endloop
  endfacet
  facet normal 0 0 -1
    outer loop
      vertex 94.792 52.9182 0
      vertex 93.956 91.4398 0
      vertex 94.0968 91.3703 0
    endloop
  endfacet
  facet normal 0 0 -1
    outer loop
      vertex 94.6615 52.831 0
      vertex 93.8255 91.527 0
      vertex 93.956 91.4398 0
    endloop
  endfacet
  facet normal 0 0 -1
    outer loop
      vertex 94.5435 52.7275 0
      vertex 93.7075 91.6305 0
      vertex 93.8255 91.527 0
    endloop
  endfacet
  facet normal 0 0 -1
    outer loop
      vertex 94.5435 52.7275 0
      vertex 58.492 94.98 0
      vertex 93.7075 91.6305 0
    endloop
  endfacet
  facet normal 0 0 -1
    outer loop
      vertex 93.7075 91.6305 0
      vertex 58.492 94.98 0
      vertex 93.604 91.7485 0
    endloop
  endfacet
  facet normal 0 0 -1
    outer loop
      vertex 93.604 91.7485 0
      vertex 58.492 94.98 0
      vertex 93.5168 91.879 0
    endloop
  endfacet
  facet normal 0 0 -1
    outer loop
      vertex 93.5168 91.879 0
      vertex 58.492 94.98 0
      vertex 93.4473 92.0198 0
    endloop
  endfacet
  facet normal 0 0 -1
    outer loop
      vertex 93.4473 92.0198 0
      vertex 58.492 94.98 0
      vertex 93.3969 92.1684 0
    endloop
  endfacet
  facet normal 0 0 -1
    outer loop
      vertex 93.3969 92.1684 0
      vertex 58.492 94.98 0
      vertex 93.3663 92.3224 0
    endloop
  endfacet
  facet normal -0 0 -1
    outer loop
      vertex 106.455 37.9651 0
      vertex 77.1572 21.278 0
      vertex 106.331 38.15 0
    endloop
  endfacet
  facet normal 0 0 -1
    outer loop
      vertex 77.7566 19.8309 0
      vertex 100.051 8.98511 0
      vertex 77.9097 19.0612 0
    endloop
  endfacet
  facet normal 0 0 -1
    outer loop
      vertex 77.9097 19.0612 0
      vertex 100.051 8.98511 0
      vertex 81.6102 9.07188 0
    endloop
  endfacet
  facet normal 0 0 -1
    outer loop
      vertex 109.446 39.44 0
      vertex 132.849 47 0
      vertex 109.489 39.2219 0
    endloop
  endfacet
  facet normal 0 0 -1
    outer loop
      vertex 132.849 47 0
      vertex 109.489 67.7781 0
      vertex 109.504 68 0
    endloop
  endfacet
  facet normal 0 0 -1
    outer loop
      vertex 109.374 39.6506 0
      vertex 132.849 47 0
      vertex 109.446 39.44 0
    endloop
  endfacet
  facet normal 0 0 -1
    outer loop
      vertex 132.849 47 0
      vertex 109.446 67.56 0
      vertex 109.489 67.7781 0
    endloop
  endfacet
  facet normal 0 0 -1
    outer loop
      vertex 109.276 39.85 0
      vertex 132.849 47 0
      vertex 109.374 39.6506 0
    endloop
  endfacet
  facet normal 0 0 -1
    outer loop
      vertex 132.849 47 0
      vertex 109.374 67.3494 0
      vertex 109.446 67.56 0
    endloop
  endfacet
  facet normal 0 0 -1
    outer loop
      vertex 109.152 40.0349 0
      vertex 132.849 47 0
      vertex 109.276 39.85 0
    endloop
  endfacet
  facet normal 0 0 -1
    outer loop
      vertex 132.849 47 0
      vertex 109.276 67.15 0
      vertex 109.374 67.3494 0
    endloop
  endfacet
  facet normal 0 0 -1
    outer loop
      vertex 109.006 40.2021 0
      vertex 132.849 47 0
      vertex 109.152 40.0349 0
    endloop
  endfacet
  facet normal 0 0 -1
    outer loop
      vertex 132.849 47 0
      vertex 109.152 66.9651 0
      vertex 109.276 67.15 0
    endloop
  endfacet
  facet normal 0 0 -1
    outer loop
      vertex 108.838 40.3487 0
      vertex 132.849 47 0
      vertex 109.006 40.2021 0
    endloop
  endfacet
  facet normal 0 0 -1
    outer loop
      vertex 132.849 47 0
      vertex 109.006 66.7979 0
      vertex 109.152 66.9651 0
    endloop
  endfacet
  facet normal 0 0 -1
    outer loop
      vertex 108.838 66.6513 0
      vertex 132.849 47 0
      vertex 108.838 40.3487 0
    endloop
  endfacet
  facet normal 0 0 -1
    outer loop
      vertex 132.849 47 0
      vertex 108.838 66.6513 0
      vertex 109.006 66.7979 0
    endloop
  endfacet
  facet normal 0 0 -1
    outer loop
      vertex 108.654 40.4722 0
      vertex 108.838 66.6513 0
      vertex 108.838 40.3487 0
    endloop
  endfacet
  facet normal 0 0 -1
    outer loop
      vertex 108.654 40.4722 0
      vertex 108.654 66.5278 0
      vertex 108.838 66.6513 0
    endloop
  endfacet
  facet normal 0 0 -1
    outer loop
      vertex 108.454 40.5706 0
      vertex 108.654 66.5278 0
      vertex 108.654 40.4722 0
    endloop
  endfacet
  facet normal 0 0 -1
    outer loop
      vertex 108.454 40.5706 0
      vertex 108.454 66.4294 0
      vertex 108.654 66.5278 0
    endloop
  endfacet
  facet normal 0 0 -1
    outer loop
      vertex 108.244 40.6421 0
      vertex 108.454 66.4294 0
      vertex 108.454 40.5706 0
    endloop
  endfacet
  facet normal 0 0 -1
    outer loop
      vertex 108.244 40.6421 0
      vertex 108.244 66.3579 0
      vertex 108.454 66.4294 0
    endloop
  endfacet
  facet normal 0 0 -1
    outer loop
      vertex 108.025 40.6855 0
      vertex 108.244 66.3579 0
      vertex 108.244 40.6421 0
    endloop
  endfacet
  facet normal 0 0 -1
    outer loop
      vertex 108.025 40.6855 0
      vertex 108.025 66.3145 0
      vertex 108.244 66.3579 0
    endloop
  endfacet
  facet normal 0 0 -1
    outer loop
      vertex 96.5817 52.0356 0
      vertex 108.025 40.6855 0
      vertex 107.804 40.7 0
    endloop
  endfacet
  facet normal 0 0 -1
    outer loop
      vertex 108.025 40.6855 0
      vertex 96.5817 52.0356 0
      vertex 108.025 66.3145 0
    endloop
  endfacet
  facet normal 0 0 -1
    outer loop
      vertex 96.592 51.879 0
      vertex 107.804 40.7 0
      vertex 107.582 40.6855 0
    endloop
  endfacet
  facet normal 0 0 -1
    outer loop
      vertex 108.025 66.3145 0
      vertex 96.5817 52.0356 0
      vertex 107.804 66.3 0
    endloop
  endfacet
  facet normal 0 0 -1
    outer loop
      vertex 96.5817 51.7224 0
      vertex 107.582 40.6855 0
      vertex 107.364 40.6421 0
    endloop
  endfacet
  facet normal 0 0 -1
    outer loop
      vertex 96.5511 52.1896 0
      vertex 107.804 66.3 0
      vertex 96.5817 52.0356 0
    endloop
  endfacet
  facet normal 0 0 -1
    outer loop
      vertex 96.5817 51.7224 0
      vertex 107.364 40.6421 0
      vertex 107.153 40.5706 0
    endloop
  endfacet
  facet normal -0 0 -1
    outer loop
      vertex 107.804 66.3 0
      vertex 96.5511 52.1896 0
      vertex 107.582 66.3145 0
    endloop
  endfacet
  facet normal 0 0 -1
    outer loop
      vertex 96.5817 51.7224 0
      vertex 107.153 40.5706 0
      vertex 106.954 40.4722 0
    endloop
  endfacet
  facet normal 0 0 -1
    outer loop
      vertex 96.5007 52.3382 0
      vertex 107.582 66.3145 0
      vertex 96.5511 52.1896 0
    endloop
  endfacet
  facet normal 0 0 -1
    outer loop
      vertex 96.5817 51.7224 0
      vertex 106.954 40.4722 0
      vertex 106.769 40.3487 0
    endloop
  endfacet
  facet normal -0 0 -1
    outer loop
      vertex 107.582 66.3145 0
      vertex 96.5007 52.3382 0
      vertex 107.364 66.3579 0
    endloop
  endfacet
  facet normal 0 0 -1
    outer loop
      vertex 96.5817 51.7224 0
      vertex 106.769 40.3487 0
      vertex 106.601 40.2021 0
    endloop
  endfacet
  facet normal 0 0 -1
    outer loop
      vertex 96.4312 52.479 0
      vertex 107.364 66.3579 0
      vertex 96.5007 52.3382 0
    endloop
  endfacet
  facet normal 0 0 -1
    outer loop
      vertex 96.5817 51.7224 0
      vertex 106.601 40.2021 0
      vertex 106.455 40.0349 0
    endloop
  endfacet
  facet normal -0 0 -1
    outer loop
      vertex 107.364 66.3579 0
      vertex 96.4312 52.479 0
      vertex 107.153 66.4294 0
    endloop
  endfacet
  facet normal 0 0 -1
    outer loop
      vertex 96.5817 51.7224 0
      vertex 106.455 40.0349 0
      vertex 106.331 39.85 0
    endloop
  endfacet
  facet normal 0 0 -1
    outer loop
      vertex 96.344 52.6095 0
      vertex 107.153 66.4294 0
      vertex 96.4312 52.479 0
    endloop
  endfacet
  facet normal 0 0 -1
    outer loop
      vertex 96.5817 51.7224 0
      vertex 106.331 39.85 0
      vertex 106.233 39.6506 0
    endloop
  endfacet
  facet normal -0 0 -1
    outer loop
      vertex 107.153 66.4294 0
      vertex 96.344 52.6095 0
      vertex 106.954 66.5278 0
    endloop
  endfacet
  facet normal 0 0 -1
    outer loop
      vertex 96.5817 51.7224 0
      vertex 106.233 39.6506 0
      vertex 106.161 39.44 0
    endloop
  endfacet
  facet normal 0 0 -1
    outer loop
      vertex 96.2405 52.7275 0
      vertex 106.954 66.5278 0
      vertex 96.344 52.6095 0
    endloop
  endfacet
  facet normal 0 0 -1
    outer loop
      vertex 96.5817 51.7224 0
      vertex 106.161 39.44 0
      vertex 106.118 39.2219 0
    endloop
  endfacet
  facet normal -0 0 -1
    outer loop
      vertex 106.954 66.5278 0
      vertex 96.2405 52.7275 0
      vertex 106.769 66.6513 0
    endloop
  endfacet
  facet normal 0 0 -1
    outer loop
      vertex 96.5817 51.7224 0
      vertex 106.118 39.2219 0
      vertex 106.104 39 0
    endloop
  endfacet
  facet normal 0 0 -1
    outer loop
      vertex 96.1225 52.831 0
      vertex 106.769 66.6513 0
      vertex 96.2405 52.7275 0
    endloop
  endfacet
  facet normal 0 0 -1
    outer loop
      vertex 128.326 25.7267 0
      vertex 109.489 38.7781 0
      vertex 109.504 39 0
    endloop
  endfacet
  facet normal 0 0 -1
    outer loop
      vertex 119.671 11.815 0
      vertex 109.446 38.56 0
      vertex 109.489 38.7781 0
    endloop
  endfacet
  facet normal 0 0 -1
    outer loop
      vertex 119.671 11.815 0
      vertex 109.374 38.3494 0
      vertex 109.446 38.56 0
    endloop
  endfacet
  facet normal 0 0 -1
    outer loop
      vertex 119.671 11.815 0
      vertex 109.276 38.15 0
      vertex 109.374 38.3494 0
    endloop
  endfacet
  facet normal 0 0 -1
    outer loop
      vertex 119.671 11.815 0
      vertex 109.152 37.9651 0
      vertex 109.276 38.15 0
    endloop
  endfacet
  facet normal 0 0 -1
    outer loop
      vertex 119.671 11.815 0
      vertex 109.006 37.7979 0
      vertex 109.152 37.9651 0
    endloop
  endfacet
  facet normal 0 0 -1
    outer loop
      vertex 119.671 11.815 0
      vertex 108.838 37.6513 0
      vertex 109.006 37.7979 0
    endloop
  endfacet
  facet normal 0 0 -1
    outer loop
      vertex 119.671 11.815 0
      vertex 108.654 37.5278 0
      vertex 108.838 37.6513 0
    endloop
  endfacet
  facet normal 0 0 -1
    outer loop
      vertex 119.671 11.815 0
      vertex 108.454 37.4294 0
      vertex 108.654 37.5278 0
    endloop
  endfacet
  facet normal 0 0 -1
    outer loop
      vertex 119.671 11.815 0
      vertex 108.244 37.3579 0
      vertex 108.454 37.4294 0
    endloop
  endfacet
  facet normal 0 -0 -1
    outer loop
      vertex 107.804 37.3 0
      vertex 119.671 11.815 0
      vertex 100.517 8.94295 0
    endloop
  endfacet
  facet normal 0 0 -1
    outer loop
      vertex 119.671 11.815 0
      vertex 108.025 37.3145 0
      vertex 108.244 37.3579 0
    endloop
  endfacet
  facet normal 0 0 -1
    outer loop
      vertex 119.671 11.815 0
      vertex 107.804 37.3 0
      vertex 108.025 37.3145 0
    endloop
  endfacet
  facet normal -0 0 -1
    outer loop
      vertex 107.804 37.3 0
      vertex 100.517 8.94295 0
      vertex 107.582 37.3145 0
    endloop
  endfacet
  facet normal -0 0 -1
    outer loop
      vertex 107.582 37.3145 0
      vertex 100.517 8.94295 0
      vertex 107.364 37.3579 0
    endloop
  endfacet
  facet normal -0 0 -1
    outer loop
      vertex 107.364 37.3579 0
      vertex 100.517 8.94295 0
      vertex 107.153 37.4294 0
    endloop
  endfacet
  facet normal 0 0 -1
    outer loop
      vertex 100.051 8.98511 0
      vertex 107.153 37.4294 0
      vertex 100.517 8.94295 0
    endloop
  endfacet
  facet normal -0 0 -1
    outer loop
      vertex 107.153 37.4294 0
      vertex 100.051 8.98511 0
      vertex 106.954 37.5278 0
    endloop
  endfacet
  facet normal -0 0 -1
    outer loop
      vertex 106.954 37.5278 0
      vertex 100.051 8.98511 0
      vertex 106.769 37.6513 0
    endloop
  endfacet
  facet normal -0 0 -1
    outer loop
      vertex 106.769 37.6513 0
      vertex 100.051 8.98511 0
      vertex 106.601 37.7979 0
    endloop
  endfacet
  facet normal 0 0 -1
    outer loop
      vertex 77.7566 19.8309 0
      vertex 106.601 37.7979 0
      vertex 100.051 8.98511 0
    endloop
  endfacet
  facet normal 0 0 -1
    outer loop
      vertex 96.5817 51.7224 0
      vertex 106.118 38.7781 0
      vertex 106.161 38.56 0
    endloop
  endfacet
  facet normal 0 0 -1
    outer loop
      vertex 106.233 38.3494 0
      vertex 96.5817 51.7224 0
      vertex 106.161 38.56 0
    endloop
  endfacet
  facet normal 0 0 -1
    outer loop
      vertex 77.1572 21.278 0
      vertex 106.455 37.9651 0
      vertex 77.5043 20.5741 0
    endloop
  endfacet
  facet normal -0 0 -1
    outer loop
      vertex 106.601 37.7979 0
      vertex 77.5043 20.5741 0
      vertex 106.455 37.9651 0
    endloop
  endfacet
  facet normal 0 0 -1
    outer loop
      vertex 77.5043 20.5741 0
      vertex 106.601 37.7979 0
      vertex 77.7566 19.8309 0
    endloop
  endfacet
  facet normal 0 0 -1
    outer loop
      vertex 143.479 15.9075 0
      vertex 143.485 16.1979 0
      vertex 143.489 16.1035 0
    endloop
  endfacet
  facet normal 0 0 -1
    outer loop
      vertex 143.464 15.8076 0
      vertex 143.479 15.9075 0
      vertex 143.472 15.8426 0
    endloop
  endfacet
  facet normal -0 0 -1
    outer loop
      vertex 143.479 15.9075 0
      vertex 143.464 15.8076 0
      vertex 143.485 16.1979 0
    endloop
  endfacet
  facet normal 0 0 -1
    outer loop
      vertex 143.464 15.8076 0
      vertex 143.458 16.3919 0
      vertex 143.485 16.1979 0
    endloop
  endfacet
  facet normal 0 0 -1
    outer loop
      vertex 143.435 16.4888 0
      vertex 143.458 16.3919 0
      vertex 143.464 15.8076 0
    endloop
  endfacet
  facet normal 0 0 -1
    outer loop
      vertex 143.458 16.3919 0
      vertex 143.435 16.4888 0
      vertex 143.452 16.4258 0
    endloop
  endfacet
  facet normal 0 0 -1
    outer loop
      vertex 143.415 15.6185 0
      vertex 143.435 16.4888 0
      vertex 143.464 15.8076 0
    endloop
  endfacet
  facet normal 0 0 -1
    outer loop
      vertex 142.549 17.4762 0
      vertex 143.415 15.6185 0
      vertex 143.401 15.573 0
    endloop
  endfacet
  facet normal 0 0 -1
    outer loop
      vertex 143.415 15.6185 0
      vertex 143.37 16.6738 0
      vertex 143.435 16.4888 0
    endloop
  endfacet
  facet normal 0 0 -1
    outer loop
      vertex 143.415 15.6185 0
      vertex 143.328 16.7626 0
      vertex 143.37 16.6738 0
    endloop
  endfacet
  facet normal 0 0 -1
    outer loop
      vertex 143.37 16.6738 0
      vertex 143.328 16.7626 0
      vertex 143.358 16.7043 0
    endloop
  endfacet
  facet normal 0 0 -1
    outer loop
      vertex 143.415 15.6185 0
      vertex 143.228 16.9316 0
      vertex 143.328 16.7626 0
    endloop
  endfacet
  facet normal 0 0 -1
    outer loop
      vertex 143.415 15.6185 0
      vertex 143.17 17.0109 0
      vertex 143.228 16.9316 0
    endloop
  endfacet
  facet normal 0 0 -1
    outer loop
      vertex 143.228 16.9316 0
      vertex 143.17 17.0109 0
      vertex 143.211 16.9595 0
    endloop
  endfacet
  facet normal 0 0 -1
    outer loop
      vertex 143.415 15.6185 0
      vertex 143.039 17.1569 0
      vertex 143.17 17.0109 0
    endloop
  endfacet
  facet normal 0 0 -1
    outer loop
      vertex 143.415 15.6185 0
      vertex 142.967 17.2227 0
      vertex 143.039 17.1569 0
    endloop
  endfacet
  facet normal 0 0 -1
    outer loop
      vertex 143.415 15.6185 0
      vertex 142.81 17.3407 0
      vertex 142.967 17.2227 0
    endloop
  endfacet
  facet normal 0 0 -1
    outer loop
      vertex 143.415 15.6185 0
      vertex 142.725 17.3922 0
      vertex 142.81 17.3407 0
    endloop
  endfacet
  facet normal 0 0 -1
    outer loop
      vertex 142.81 17.3407 0
      vertex 142.725 17.3922 0
      vertex 142.782 17.3603 0
    endloop
  endfacet
  facet normal 0 0 -1
    outer loop
      vertex 143.415 15.6185 0
      vertex 142.549 17.4762 0
      vertex 142.725 17.3922 0
    endloop
  endfacet
  facet normal 0 0 -1
    outer loop
      vertex 143.401 15.573 0
      vertex 142.505 17.4949 0
      vertex 142.549 17.4762 0
    endloop
  endfacet
  facet normal 0 0 -1
    outer loop
      vertex 134.514 20.4034 0
      vertex 143.401 15.573 0
      vertex 137.912 0.490021 0
    endloop
  endfacet
  facet normal 0 0 -1
    outer loop
      vertex 135.989 -0.405823 0
      vertex 137.912 0.490021 0
      vertex 137.895 0.448975 0
    endloop
  endfacet
  facet normal 0 0 -1
    outer loop
      vertex 136.031 -0.418945 0
      vertex 137.895 0.448975 0
      vertex 137.821 0.29097 0
    endloop
  endfacet
  facet normal 0 0 -1
    outer loop
      vertex 136.031 -0.418945 0
      vertex 137.821 0.29097 0
      vertex 137.777 0.215103 0
    endloop
  endfacet
  facet normal 0 0 -1
    outer loop
      vertex 136.031 -0.418945 0
      vertex 137.777 0.215103 0
      vertex 137.677 0.0731049 0
    endloop
  endfacet
  facet normal 0 0 -1
    outer loop
      vertex 136.031 -0.418945 0
      vertex 137.677 0.0731049 0
      vertex 137.623 0.00889587 0
    endloop
  endfacet
  facet normal 0 0 -1
    outer loop
      vertex 136.031 -0.418945 0
      vertex 137.623 0.00889587 0
      vertex 137.5 -0.115097 0
    endloop
  endfacet
  facet normal 0 0 -1
    outer loop
      vertex 136.031 -0.418945 0
      vertex 137.5 -0.115097 0
      vertex 137.432 -0.172745 0
    endloop
  endfacet
  facet normal 0 0 -1
    outer loop
      vertex 136.031 -0.418945 0
      vertex 137.432 -0.172745 0
      vertex 137.289 -0.272736 0
    endloop
  endfacet
  facet normal 0 0 -1
    outer loop
      vertex 136.031 -0.418945 0
      vertex 137.289 -0.272736 0
      vertex 137.212 -0.316879 0
    endloop
  endfacet
  facet normal 0 0 -1
    outer loop
      vertex 136.031 -0.418945 0
      vertex 137.212 -0.316879 0
      vertex 137.054 -0.389877 0
    endloop
  endfacet
  facet normal 0 0 -1
    outer loop
      vertex 136.031 -0.418945 0
      vertex 137.054 -0.389877 0
      vertex 136.973 -0.418945 0
    endloop
  endfacet
  facet normal 0 0 -1
    outer loop
      vertex 136.031 -0.418945 0
      vertex 136.973 -0.418945 0
      vertex 136.805 -0.463943 0
    endloop
  endfacet
  facet normal 0 0 -1
    outer loop
      vertex 136.031 -0.418945 0
      vertex 136.805 -0.463943 0
      vertex 136.722 -0.478867 0
    endloop
  endfacet
  facet normal 0 0 -1
    outer loop
      vertex 136.031 -0.418945 0
      vertex 136.722 -0.478867 0
      vertex 136.548 -0.494873 0
    endloop
  endfacet
  facet normal 0 0 -1
    outer loop
      vertex 136.031 -0.418945 0
      vertex 136.548 -0.494873 0
      vertex 136.456 -0.494873 0
    endloop
  endfacet
  facet normal 0 0 -1
    outer loop
      vertex 136.031 -0.418945 0
      vertex 136.456 -0.494873 0
      vertex 136.282 -0.478867 0
    endloop
  endfacet
  facet normal 0 0 -1
    outer loop
      vertex 136.031 -0.418945 0
      vertex 136.282 -0.478867 0
      vertex 136.199 -0.463943 0
    endloop
  endfacet
  facet normal 0 0 -1
    outer loop
      vertex 137.895 0.448975 0
      vertex 136.031 -0.418945 0
      vertex 135.989 -0.405823 0
    endloop
  endfacet
  facet normal 0 0 -1
    outer loop
      vertex 122.061 11.6584 0
      vertex 137.912 0.490021 0
      vertex 135.989 -0.405823 0
    endloop
  endfacet
  facet normal 0 0 -1
    outer loop
      vertex 143.401 15.573 0
      vertex 134.514 20.4034 0
      vertex 142.505 17.4949 0
    endloop
  endfacet
  facet normal 0 0 -1
    outer loop
      vertex 137.912 0.490021 0
      vertex 122.061 11.6584 0
      vertex 134.514 20.4034 0
    endloop
  endfacet
  facet normal 0 -0 -1
    outer loop
      vertex 122.071 11.815 0
      vertex 134.514 20.4034 0
      vertex 122.061 11.6584 0
    endloop
  endfacet
  facet normal 0 0 -1
    outer loop
      vertex 122.061 11.9716 0
      vertex 134.514 20.4034 0
      vertex 122.071 11.815 0
    endloop
  endfacet
  facet normal -0 0 -1
    outer loop
      vertex 134.514 20.4034 0
      vertex 122.061 11.9716 0
      vertex 134.1 20.5966 0
    endloop
  endfacet
  facet normal 0 0 -1
    outer loop
      vertex 122.03 12.1256 0
      vertex 134.1 20.5966 0
      vertex 122.061 11.9716 0
    endloop
  endfacet
  facet normal -0 0 -1
    outer loop
      vertex 134.1 20.5966 0
      vertex 122.03 12.1256 0
      vertex 133.744 20.8465 0
    endloop
  endfacet
  facet normal 0 0 -1
    outer loop
      vertex 129.975 24.7746 0
      vertex 132.849 22.782 0
      vertex 129.985 24.618 0
    endloop
  endfacet
  facet normal 0 0 -1
    outer loop
      vertex 129.634 23.7695 0
      vertex 132.849 22.782 0
      vertex 132.889 22.3262 0
    endloop
  endfacet
  facet normal 0 0 -1
    outer loop
      vertex 121.98 12.2742 0
      vertex 133.744 20.8465 0
      vertex 122.03 12.1256 0
    endloop
  endfacet
  facet normal 0 0 -1
    outer loop
      vertex 132.849 22.782 0
      vertex 129.975 24.4614 0
      vertex 129.985 24.618 0
    endloop
  endfacet
  facet normal 0 0 -1
    outer loop
      vertex 132.849 22.782 0
      vertex 129.944 24.3074 0
      vertex 129.975 24.4614 0
    endloop
  endfacet
  facet normal 0 0 -1
    outer loop
      vertex 132.849 22.782 0
      vertex 129.894 24.1588 0
      vertex 129.944 24.3074 0
    endloop
  endfacet
  facet normal 0 0 -1
    outer loop
      vertex 132.849 22.782 0
      vertex 129.824 24.018 0
      vertex 129.894 24.1588 0
    endloop
  endfacet
  facet normal 0 0 -1
    outer loop
      vertex 132.849 22.782 0
      vertex 129.737 23.8875 0
      vertex 129.824 24.018 0
    endloop
  endfacet
  facet normal 0 0 -1
    outer loop
      vertex 132.849 22.782 0
      vertex 129.634 23.7695 0
      vertex 129.737 23.8875 0
    endloop
  endfacet
  facet normal 0 0 -1
    outer loop
      vertex 132.889 22.3262 0
      vertex 129.516 23.666 0
      vertex 129.634 23.7695 0
    endloop
  endfacet
  facet normal 0 0 -1
    outer loop
      vertex 132.889 22.3262 0
      vertex 129.385 23.5788 0
      vertex 129.516 23.666 0
    endloop
  endfacet
  facet normal 0 0 -1
    outer loop
      vertex 133.002 21.9055 0
      vertex 129.385 23.5788 0
      vertex 132.889 22.3262 0
    endloop
  endfacet
  facet normal -0 0 -1
    outer loop
      vertex 133.744 20.8465 0
      vertex 121.91 12.415 0
      vertex 133.435 21.1546 0
    endloop
  endfacet
  facet normal 0 -0 -1
    outer loop
      vertex 128.628 23.4283 0
      vertex 133.435 21.1546 0
      vertex 121.91 12.415 0
    endloop
  endfacet
  facet normal 0 -0 -1
    outer loop
      vertex 129.385 23.5788 0
      vertex 133.002 21.9055 0
      vertex 129.244 23.5093 0
    endloop
  endfacet
  facet normal 0 -0 -1
    outer loop
      vertex 128.942 23.4283 0
      vertex 133.435 21.1546 0
      vertex 128.785 23.418 0
    endloop
  endfacet
  facet normal 0 -0 -1
    outer loop
      vertex 129.244 23.5093 0
      vertex 133.002 21.9055 0
      vertex 129.096 23.4589 0
    endloop
  endfacet
  facet normal 0 -0 -1
    outer loop
      vertex 129.096 23.4589 0
      vertex 133.186 21.5111 0
      vertex 128.942 23.4283 0
    endloop
  endfacet
  facet normal 0 0 -1
    outer loop
      vertex 133.186 21.5111 0
      vertex 129.096 23.4589 0
      vertex 133.002 21.9055 0
    endloop
  endfacet
  facet normal 0 0 -1
    outer loop
      vertex 133.435 21.1546 0
      vertex 128.942 23.4283 0
      vertex 133.186 21.5111 0
    endloop
  endfacet
  facet normal 0 0 -1
    outer loop
      vertex 121.823 12.5455 0
      vertex 128.628 23.4283 0
      vertex 121.91 12.415 0
    endloop
  endfacet
  facet normal -0 0 -1
    outer loop
      vertex 128.628 23.4283 0
      vertex 121.823 12.5455 0
      vertex 128.474 23.4589 0
    endloop
  endfacet
  facet normal 0 0 -1
    outer loop
      vertex 121.72 12.6635 0
      vertex 128.474 23.4589 0
      vertex 121.823 12.5455 0
    endloop
  endfacet
  facet normal -0 0 -1
    outer loop
      vertex 128.474 23.4589 0
      vertex 121.72 12.6635 0
      vertex 128.326 23.5093 0
    endloop
  endfacet
  facet normal 0 0 -1
    outer loop
      vertex 121.602 12.767 0
      vertex 128.326 23.5093 0
      vertex 121.72 12.6635 0
    endloop
  endfacet
  facet normal 0 0 -1
    outer loop
      vertex 121.471 12.8542 0
      vertex 128.185 23.5788 0
      vertex 121.602 12.767 0
    endloop
  endfacet
  facet normal -0 0 -1
    outer loop
      vertex 128.326 23.5093 0
      vertex 121.602 12.767 0
      vertex 128.185 23.5788 0
    endloop
  endfacet
  facet normal 0 0 -1
    outer loop
      vertex 133.435 21.1546 0
      vertex 128.628 23.4283 0
      vertex 128.785 23.418 0
    endloop
  endfacet
  facet normal 0 0 -1
    outer loop
      vertex 121.91 12.415 0
      vertex 133.744 20.8465 0
      vertex 121.98 12.2742 0
    endloop
  endfacet
  facet normal 0 0 -1
    outer loop
      vertex 135.989 -0.405823 0
      vertex 122.03 11.5044 0
      vertex 122.061 11.6584 0
    endloop
  endfacet
  facet normal 0 0 -1
    outer loop
      vertex 135.989 -0.405823 0
      vertex 121.98 11.3558 0
      vertex 122.03 11.5044 0
    endloop
  endfacet
  facet normal 0 0 -1
    outer loop
      vertex 135.989 -0.405823 0
      vertex 121.91 11.215 0
      vertex 121.98 11.3558 0
    endloop
  endfacet
  facet normal 0 0 -1
    outer loop
      vertex 135.989 -0.405823 0
      vertex 121.823 11.0845 0
      vertex 121.91 11.215 0
    endloop
  endfacet
  facet normal 0 0 -1
    outer loop
      vertex 119.763 5.49969 0
      vertex 121.823 11.0845 0
      vertex 135.989 -0.405823 0
    endloop
  endfacet
  facet normal 0 0 -1
    outer loop
      vertex 121.823 11.0845 0
      vertex 119.763 5.49969 0
      vertex 121.72 10.9665 0
    endloop
  endfacet
  facet normal 0 0 -1
    outer loop
      vertex 121.72 10.9665 0
      vertex 119.763 5.49969 0
      vertex 121.602 10.863 0
    endloop
  endfacet
  facet normal 0 0 -1
    outer loop
      vertex 121.602 10.863 0
      vertex 119.763 5.49969 0
      vertex 121.471 10.7758 0
    endloop
  endfacet
  facet normal 0 0 -1
    outer loop
      vertex 121.471 10.7758 0
      vertex 119.763 5.49969 0
      vertex 121.33 10.7063 0
    endloop
  endfacet
  facet normal 0 0 -1
    outer loop
      vertex 121.33 10.7063 0
      vertex 119.763 5.49969 0
      vertex 121.182 10.6559 0
    endloop
  endfacet
  facet normal 0 0 -1
    outer loop
      vertex 121.182 10.6559 0
      vertex 119.763 5.49969 0
      vertex 121.028 10.6253 0
    endloop
  endfacet
  facet normal 0 0 -1
    outer loop
      vertex 121.028 10.6253 0
      vertex 119.763 5.49969 0
      vertex 120.871 10.615 0
    endloop
  endfacet
  facet normal -0 0 -1
    outer loop
      vertex 120.871 10.615 0
      vertex 119.763 5.49969 0
      vertex 120.714 10.6253 0
    endloop
  endfacet
  facet normal 0 0 -1
    outer loop
      vertex 119.302 5.6234 0
      vertex 120.714 10.6253 0
      vertex 119.763 5.49969 0
    endloop
  endfacet
  facet normal -0 0 -1
    outer loop
      vertex 120.714 10.6253 0
      vertex 119.302 5.6234 0
      vertex 120.56 10.6559 0
    endloop
  endfacet
  facet normal -0 0 -1
    outer loop
      vertex 120.56 10.6559 0
      vertex 119.302 5.6234 0
      vertex 120.412 10.7063 0
    endloop
  endfacet
  facet normal -0 0 -1
    outer loop
      vertex 120.412 10.7063 0
      vertex 119.302 5.6234 0
      vertex 120.271 10.7758 0
    endloop
  endfacet
  facet normal -0 0 -1
    outer loop
      vertex 120.271 10.7758 0
      vertex 119.302 5.6234 0
      vertex 120.14 10.863 0
    endloop
  endfacet
  facet normal -0 0 -1
    outer loop
      vertex 120.14 10.863 0
      vertex 119.302 5.6234 0
      vertex 120.022 10.9665 0
    endloop
  endfacet
  facet normal -0 0 -1
    outer loop
      vertex 120.022 10.9665 0
      vertex 119.302 5.6234 0
      vertex 119.919 11.0845 0
    endloop
  endfacet
  facet normal -0 0 -1
    outer loop
      vertex 119.919 11.0845 0
      vertex 119.302 5.6234 0
      vertex 119.832 11.215 0
    endloop
  endfacet
  facet normal -0 0 -1
    outer loop
      vertex 119.832 11.215 0
      vertex 119.302 5.6234 0
      vertex 119.762 11.3558 0
    endloop
  endfacet
  facet normal -0 0 -1
    outer loop
      vertex 119.762 11.3558 0
      vertex 119.302 5.6234 0
      vertex 119.712 11.5044 0
    endloop
  endfacet
  facet normal 0 0 -1
    outer loop
      vertex 100.517 8.94295 0
      vertex 119.712 11.5044 0
      vertex 119.302 5.6234 0
    endloop
  endfacet
  facet normal -0 0 -1
    outer loop
      vertex 119.712 11.5044 0
      vertex 100.517 8.94295 0
      vertex 119.681 11.6584 0
    endloop
  endfacet
  facet normal 0 0 -1
    outer loop
      vertex 144.568 -2.9565 0
      vertex 147.086 0 0
      vertex 147.061 -0.391571 0
    endloop
  endfacet
  facet normal 0 0 -1
    outer loop
      vertex 147.086 0 0
      vertex 144.568 47 0
      vertex 147.086 113.53 0
    endloop
  endfacet
  facet normal 0 0 -1
    outer loop
      vertex 144.568 -2.9565 0
      vertex 147.061 -0.391571 0
      vertex 146.984 -0.776459 0
    endloop
  endfacet
  facet normal 0 0 -1
    outer loop
      vertex 109.374 68.6506 0
      vertex 147.086 113.53 0
      vertex 144.568 47 0
    endloop
  endfacet
  facet normal 0 0 -1
    outer loop
      vertex 144.568 -2.9565 0
      vertex 146.984 -0.776459 0
      vertex 146.858 -1.14806 0
    endloop
  endfacet
  facet normal 0 0 -1
    outer loop
      vertex 109.276 68.85 0
      vertex 147.086 113.53 0
      vertex 109.374 68.6506 0
    endloop
  endfacet
  facet normal 0 0 -1
    outer loop
      vertex 144.568 -2.9565 0
      vertex 146.858 -1.14806 0
      vertex 146.684 -1.5 0
    endloop
  endfacet
  facet normal 0 0 -1
    outer loop
      vertex 109.152 69.0349 0
      vertex 147.086 113.53 0
      vertex 109.276 68.85 0
    endloop
  endfacet
  facet normal 0 0 -1
    outer loop
      vertex 144.568 -2.9565 0
      vertex 146.684 -1.5 0
      vertex 146.466 -1.82628 0
    endloop
  endfacet
  facet normal 0 0 -1
    outer loop
      vertex 109.006 69.2021 0
      vertex 147.086 113.53 0
      vertex 109.152 69.0349 0
    endloop
  endfacet
  facet normal 0 0 -1
    outer loop
      vertex 144.568 -2.9565 0
      vertex 146.466 -1.82628 0
      vertex 146.208 -2.12132 0
    endloop
  endfacet
  facet normal 0 0 -1
    outer loop
      vertex 108.838 69.3487 0
      vertex 147.086 113.53 0
      vertex 109.006 69.2021 0
    endloop
  endfacet
  facet normal 0 0 -1
    outer loop
      vertex 144.568 -2.9565 0
      vertex 146.208 -2.12132 0
      vertex 145.913 -2.38007 0
    endloop
  endfacet
  facet normal 0 0 -1
    outer loop
      vertex 108.654 69.4722 0
      vertex 147.086 113.53 0
      vertex 108.838 69.3487 0
    endloop
  endfacet
  facet normal 0 0 -1
    outer loop
      vertex 144.568 -2.9565 0
      vertex 145.913 -2.38007 0
      vertex 145.586 -2.59808 0
    endloop
  endfacet
  facet normal 0 0 -1
    outer loop
      vertex 147.086 113.53 0
      vertex 144.086 116.53 0
      vertex 147.061 113.922 0
    endloop
  endfacet
  facet normal 0 0 -1
    outer loop
      vertex 144.568 -2.9565 0
      vertex 145.586 -2.59808 0
      vertex 145.234 -2.77164 0
    endloop
  endfacet
  facet normal 0 0 -1
    outer loop
      vertex 146.984 114.306 0
      vertex 144.086 116.53 0
      vertex 146.858 114.678 0
    endloop
  endfacet
  facet normal 0 0 -1
    outer loop
      vertex 144.568 -2.9565 0
      vertex 145.234 -2.77164 0
      vertex 144.863 -2.89778 0
    endloop
  endfacet
  facet normal 0 0 -1
    outer loop
      vertex 146.684 115.03 0
      vertex 144.086 116.53 0
      vertex 146.466 115.356 0
    endloop
  endfacet
  facet normal -0 0 -1
    outer loop
      vertex 147.086 0 0
      vertex 144.568 -2.9565 0
      vertex 144.568 47 0
    endloop
  endfacet
  facet normal 0 0 -1
    outer loop
      vertex 146.466 115.356 0
      vertex 144.086 116.53 0
      vertex 146.208 115.651 0
    endloop
  endfacet
  facet normal 0 0 -1
    outer loop
      vertex 145.913 115.91 0
      vertex 144.086 116.53 0
      vertex 145.586 116.128 0
    endloop
  endfacet
  facet normal 0 0 -1
    outer loop
      vertex 144.863 116.428 0
      vertex 144.086 116.53 0
      vertex 144.478 116.504 0
    endloop
  endfacet
  facet normal 0 0 -1
    outer loop
      vertex 109.446 68.44 0
      vertex 144.568 47 0
      vertex 132.849 47 0
    endloop
  endfacet
  facet normal 0 0 -1
    outer loop
      vertex 129.944 24.9286 0
      vertex 132.849 22.782 0
      vertex 129.975 24.7746 0
    endloop
  endfacet
  facet normal 0 0 -1
    outer loop
      vertex 129.894 25.0772 0
      vertex 132.849 22.782 0
      vertex 129.944 24.9286 0
    endloop
  endfacet
  facet normal 0 0 -1
    outer loop
      vertex 129.824 25.218 0
      vertex 132.849 22.782 0
      vertex 129.894 25.0772 0
    endloop
  endfacet
  facet normal 0 0 -1
    outer loop
      vertex 129.737 25.3485 0
      vertex 132.849 22.782 0
      vertex 129.824 25.218 0
    endloop
  endfacet
  facet normal 0 0 -1
    outer loop
      vertex 129.634 25.4665 0
      vertex 132.849 22.782 0
      vertex 129.737 25.3485 0
    endloop
  endfacet
  facet normal 0 0 -1
    outer loop
      vertex 132.849 22.782 0
      vertex 129.634 25.4665 0
      vertex 132.849 47 0
    endloop
  endfacet
  facet normal 0 0 -1
    outer loop
      vertex 129.516 25.57 0
      vertex 132.849 47 0
      vertex 129.634 25.4665 0
    endloop
  endfacet
  facet normal 0 0 -1
    outer loop
      vertex 129.385 25.6572 0
      vertex 132.849 47 0
      vertex 129.516 25.57 0
    endloop
  endfacet
  facet normal 0 0 -1
    outer loop
      vertex 129.244 25.7267 0
      vertex 132.849 47 0
      vertex 129.385 25.6572 0
    endloop
  endfacet
  facet normal 0 0 -1
    outer loop
      vertex 129.096 25.7771 0
      vertex 132.849 47 0
      vertex 129.244 25.7267 0
    endloop
  endfacet
  facet normal 0 0 -1
    outer loop
      vertex 128.942 25.8077 0
      vertex 132.849 47 0
      vertex 129.096 25.7771 0
    endloop
  endfacet
  facet normal 0 0 -1
    outer loop
      vertex 128.785 25.818 0
      vertex 132.849 47 0
      vertex 128.942 25.8077 0
    endloop
  endfacet
  facet normal 0 0 -1
    outer loop
      vertex 128.628 25.8077 0
      vertex 132.849 47 0
      vertex 128.785 25.818 0
    endloop
  endfacet
  facet normal 0 0 -1
    outer loop
      vertex 128.474 25.7771 0
      vertex 132.849 47 0
      vertex 128.628 25.8077 0
    endloop
  endfacet
  facet normal 0 0 -1
    outer loop
      vertex 128.326 25.7267 0
      vertex 132.849 47 0
      vertex 128.474 25.7771 0
    endloop
  endfacet
  facet normal 0 0 -1
    outer loop
      vertex 132.849 47 0
      vertex 128.326 25.7267 0
      vertex 109.504 39 0
    endloop
  endfacet
  facet normal 0 0 -1
    outer loop
      vertex 109.489 38.7781 0
      vertex 128.326 25.7267 0
      vertex 128.185 25.6572 0
    endloop
  endfacet
  facet normal 0 0 -1
    outer loop
      vertex 109.489 38.7781 0
      vertex 128.185 25.6572 0
      vertex 128.054 25.57 0
    endloop
  endfacet
  facet normal 0 0 -1
    outer loop
      vertex 109.489 38.7781 0
      vertex 128.054 25.57 0
      vertex 127.936 25.4665 0
    endloop
  endfacet
  facet normal 0 0 -1
    outer loop
      vertex 109.489 38.7781 0
      vertex 127.936 25.4665 0
      vertex 127.833 25.3485 0
    endloop
  endfacet
  facet normal 0 0 -1
    outer loop
      vertex 109.489 38.7781 0
      vertex 127.833 25.3485 0
      vertex 127.746 25.218 0
    endloop
  endfacet
  facet normal 0 0 -1
    outer loop
      vertex 109.489 38.7781 0
      vertex 127.746 25.218 0
      vertex 127.676 25.0772 0
    endloop
  endfacet
  facet normal 0 0 -1
    outer loop
      vertex 109.489 38.7781 0
      vertex 127.676 25.0772 0
      vertex 127.626 24.9286 0
    endloop
  endfacet
  facet normal 0 0 -1
    outer loop
      vertex 109.489 38.7781 0
      vertex 127.626 24.9286 0
      vertex 127.595 24.7746 0
    endloop
  endfacet
  facet normal -0 0 -1
    outer loop
      vertex 128.185 23.5788 0
      vertex 121.471 12.8542 0
      vertex 128.054 23.666 0
    endloop
  endfacet
  facet normal 0 0 -1
    outer loop
      vertex 121.33 12.9237 0
      vertex 128.054 23.666 0
      vertex 121.471 12.8542 0
    endloop
  endfacet
  facet normal -0 0 -1
    outer loop
      vertex 128.054 23.666 0
      vertex 121.33 12.9237 0
      vertex 127.936 23.7695 0
    endloop
  endfacet
  facet normal 0 0 -1
    outer loop
      vertex 121.182 12.9741 0
      vertex 127.936 23.7695 0
      vertex 121.33 12.9237 0
    endloop
  endfacet
  facet normal -0 0 -1
    outer loop
      vertex 127.936 23.7695 0
      vertex 121.182 12.9741 0
      vertex 127.833 23.8875 0
    endloop
  endfacet
  facet normal 0 0 -1
    outer loop
      vertex 121.028 13.0047 0
      vertex 127.833 23.8875 0
      vertex 121.182 12.9741 0
    endloop
  endfacet
  facet normal -0 0 -1
    outer loop
      vertex 127.833 23.8875 0
      vertex 121.028 13.0047 0
      vertex 127.746 24.018 0
    endloop
  endfacet
  facet normal 0 0 -1
    outer loop
      vertex 120.871 13.015 0
      vertex 127.746 24.018 0
      vertex 121.028 13.0047 0
    endloop
  endfacet
  facet normal -0 0 -1
    outer loop
      vertex 127.746 24.018 0
      vertex 120.871 13.015 0
      vertex 127.676 24.1588 0
    endloop
  endfacet
  facet normal 0 0 -1
    outer loop
      vertex 120.714 13.0047 0
      vertex 127.676 24.1588 0
      vertex 120.871 13.015 0
    endloop
  endfacet
  facet normal -0 0 -1
    outer loop
      vertex 127.676 24.1588 0
      vertex 120.714 13.0047 0
      vertex 127.626 24.3074 0
    endloop
  endfacet
  facet normal 0 0 -1
    outer loop
      vertex 120.56 12.9741 0
      vertex 127.626 24.3074 0
      vertex 120.714 13.0047 0
    endloop
  endfacet
  facet normal -0 0 -1
    outer loop
      vertex 127.626 24.3074 0
      vertex 120.56 12.9741 0
      vertex 127.595 24.4614 0
    endloop
  endfacet
  facet normal 0 0 -1
    outer loop
      vertex 120.412 12.9237 0
      vertex 127.595 24.4614 0
      vertex 120.56 12.9741 0
    endloop
  endfacet
  facet normal -0 0 -1
    outer loop
      vertex 127.595 24.4614 0
      vertex 120.412 12.9237 0
      vertex 127.585 24.618 0
    endloop
  endfacet
  facet normal 0 0 -1
    outer loop
      vertex 120.271 12.8542 0
      vertex 127.585 24.618 0
      vertex 120.412 12.9237 0
    endloop
  endfacet
  facet normal 0 0 -1
    outer loop
      vertex 109.489 38.7781 0
      vertex 127.585 24.618 0
      vertex 120.271 12.8542 0
    endloop
  endfacet
  facet normal 0 0 -1
    outer loop
      vertex 109.489 38.7781 0
      vertex 127.595 24.7746 0
      vertex 127.585 24.618 0
    endloop
  endfacet
  facet normal 0 0 -1
    outer loop
      vertex 109.489 38.7781 0
      vertex 120.271 12.8542 0
      vertex 120.14 12.767 0
    endloop
  endfacet
  facet normal 0 0 -1
    outer loop
      vertex 109.489 38.7781 0
      vertex 120.14 12.767 0
      vertex 120.022 12.6635 0
    endloop
  endfacet
  facet normal 0 0 -1
    outer loop
      vertex 109.489 38.7781 0
      vertex 120.022 12.6635 0
      vertex 119.919 12.5455 0
    endloop
  endfacet
  facet normal 0 0 -1
    outer loop
      vertex 109.489 38.7781 0
      vertex 119.919 12.5455 0
      vertex 119.832 12.415 0
    endloop
  endfacet
  facet normal 0 0 -1
    outer loop
      vertex 109.489 38.7781 0
      vertex 119.832 12.415 0
      vertex 119.762 12.2742 0
    endloop
  endfacet
  facet normal 0 0 -1
    outer loop
      vertex 109.489 38.7781 0
      vertex 119.762 12.2742 0
      vertex 119.712 12.1256 0
    endloop
  endfacet
  facet normal -0 0 -1
    outer loop
      vertex 119.681 11.6584 0
      vertex 100.517 8.94295 0
      vertex 119.671 11.815 0
    endloop
  endfacet
  facet normal 0 0 -1
    outer loop
      vertex 109.489 38.7781 0
      vertex 119.681 11.9716 0
      vertex 119.671 11.815 0
    endloop
  endfacet
  facet normal 0 0 -1
    outer loop
      vertex 109.489 38.7781 0
      vertex 119.712 12.1256 0
      vertex 119.681 11.9716 0
    endloop
  endfacet
  facet normal 0 0 -1
    outer loop
      vertex 109.489 39.2219 0
      vertex 132.849 47 0
      vertex 109.504 39 0
    endloop
  endfacet
  facet normal 0 0 -1
    outer loop
      vertex 109.489 68.2219 0
      vertex 132.849 47 0
      vertex 109.504 68 0
    endloop
  endfacet
  facet normal 0 0 -1
    outer loop
      vertex 109.446 68.44 0
      vertex 132.849 47 0
      vertex 109.489 68.2219 0
    endloop
  endfacet
  facet normal 0 0 -1
    outer loop
      vertex 144.568 47 0
      vertex 109.446 68.44 0
      vertex 109.374 68.6506 0
    endloop
  endfacet
  facet normal 0 0 -1
    outer loop
      vertex 145.234 116.302 0
      vertex 144.086 116.53 0
      vertex 144.863 116.428 0
    endloop
  endfacet
  facet normal 0 0 -1
    outer loop
      vertex 145.586 116.128 0
      vertex 144.086 116.53 0
      vertex 145.234 116.302 0
    endloop
  endfacet
  facet normal 0 0 -1
    outer loop
      vertex 146.208 115.651 0
      vertex 144.086 116.53 0
      vertex 145.913 115.91 0
    endloop
  endfacet
  facet normal 0 0 -1
    outer loop
      vertex 146.858 114.678 0
      vertex 144.086 116.53 0
      vertex 146.684 115.03 0
    endloop
  endfacet
  facet normal 0 0 -1
    outer loop
      vertex 147.061 113.922 0
      vertex 144.086 116.53 0
      vertex 146.984 114.306 0
    endloop
  endfacet
  facet normal 0 0 -1
    outer loop
      vertex 95.756 92.479 0
      vertex 147.086 113.53 0
      vertex 108.654 69.4722 0
    endloop
  endfacet
  facet normal 0 0 -1
    outer loop
      vertex 95.7457 92.3224 0
      vertex 108.654 69.4722 0
      vertex 108.454 69.5706 0
    endloop
  endfacet
  facet normal 0 0 -1
    outer loop
      vertex 95.7457 92.3224 0
      vertex 108.454 69.5706 0
      vertex 108.244 69.6421 0
    endloop
  endfacet
  facet normal 0 0 -1
    outer loop
      vertex 95.7457 92.3224 0
      vertex 108.244 69.6421 0
      vertex 108.025 69.6855 0
    endloop
  endfacet
  facet normal 0 0 -1
    outer loop
      vertex 95.7457 92.3224 0
      vertex 108.025 69.6855 0
      vertex 107.804 69.7 0
    endloop
  endfacet
  facet normal 0 0 -1
    outer loop
      vertex 95.7457 92.3224 0
      vertex 107.804 69.7 0
      vertex 107.582 69.6855 0
    endloop
  endfacet
  facet normal 0 0 -1
    outer loop
      vertex 95.7457 92.3224 0
      vertex 107.582 69.6855 0
      vertex 107.364 69.6421 0
    endloop
  endfacet
  facet normal 0 0 -1
    outer loop
      vertex 95.7457 92.3224 0
      vertex 107.364 69.6421 0
      vertex 107.153 69.5706 0
    endloop
  endfacet
  facet normal 0 0 -1
    outer loop
      vertex 95.7457 92.3224 0
      vertex 107.153 69.5706 0
      vertex 106.954 69.4722 0
    endloop
  endfacet
  facet normal 0 0 -1
    outer loop
      vertex 95.7457 92.3224 0
      vertex 106.954 69.4722 0
      vertex 106.769 69.3487 0
    endloop
  endfacet
  facet normal 0 0 -1
    outer loop
      vertex 95.7457 92.3224 0
      vertex 106.769 69.3487 0
      vertex 106.601 69.2021 0
    endloop
  endfacet
  facet normal 0 0 -1
    outer loop
      vertex 95.7457 92.3224 0
      vertex 106.601 69.2021 0
      vertex 106.455 69.0349 0
    endloop
  endfacet
  facet normal 0 0 -1
    outer loop
      vertex 107.804 40.7 0
      vertex 96.592 51.879 0
      vertex 96.5817 52.0356 0
    endloop
  endfacet
  facet normal 0 0 -1
    outer loop
      vertex 96.5817 51.7224 0
      vertex 106.104 39 0
      vertex 106.118 38.7781 0
    endloop
  endfacet
  facet normal -0 0 -1
    outer loop
      vertex 106.769 66.6513 0
      vertex 96.1225 52.831 0
      vertex 106.601 66.7979 0
    endloop
  endfacet
  facet normal 0 0 -1
    outer loop
      vertex 95.992 52.9182 0
      vertex 106.601 66.7979 0
      vertex 96.1225 52.831 0
    endloop
  endfacet
  facet normal -0 0 -1
    outer loop
      vertex 106.601 66.7979 0
      vertex 95.992 52.9182 0
      vertex 106.455 66.9651 0
    endloop
  endfacet
  facet normal 0 0 -1
    outer loop
      vertex 95.8512 52.9877 0
      vertex 106.455 66.9651 0
      vertex 95.992 52.9182 0
    endloop
  endfacet
  facet normal 0 0 -1
    outer loop
      vertex 95.7026 53.0381 0
      vertex 106.455 66.9651 0
      vertex 95.8512 52.9877 0
    endloop
  endfacet
  facet normal -0 0 -1
    outer loop
      vertex 106.455 66.9651 0
      vertex 95.7026 53.0381 0
      vertex 106.331 67.15 0
    endloop
  endfacet
  facet normal 0 0 -1
    outer loop
      vertex 95.5486 53.0687 0
      vertex 106.331 67.15 0
      vertex 95.7026 53.0381 0
    endloop
  endfacet
  facet normal -0 0 -1
    outer loop
      vertex 106.331 67.15 0
      vertex 95.5486 53.0687 0
      vertex 106.233 67.3494 0
    endloop
  endfacet
  facet normal 0 0 -1
    outer loop
      vertex 95.392 53.079 0
      vertex 106.233 67.3494 0
      vertex 95.5486 53.0687 0
    endloop
  endfacet
  facet normal -0 0 -1
    outer loop
      vertex 106.233 67.3494 0
      vertex 95.392 53.079 0
      vertex 106.161 67.56 0
    endloop
  endfacet
  facet normal 0 0 -1
    outer loop
      vertex 95.2354 53.0687 0
      vertex 106.161 67.56 0
      vertex 95.392 53.079 0
    endloop
  endfacet
  facet normal 0 0 -1
    outer loop
      vertex 106.118 68.2219 0
      vertex 95.7457 92.3224 0
      vertex 106.161 68.44 0
    endloop
  endfacet
  facet normal 0 0 -1
    outer loop
      vertex 95.7457 92.3224 0
      vertex 106.233 68.6506 0
      vertex 106.161 68.44 0
    endloop
  endfacet
  facet normal 0 0 -1
    outer loop
      vertex 95.7457 92.3224 0
      vertex 106.331 68.85 0
      vertex 106.233 68.6506 0
    endloop
  endfacet
  facet normal 0 0 -1
    outer loop
      vertex 95.7457 92.3224 0
      vertex 106.455 69.0349 0
      vertex 106.331 68.85 0
    endloop
  endfacet
  facet normal -0 0 -1
    outer loop
      vertex 147.086 113.53 0
      vertex 95.756 92.479 0
      vertex 144.086 116.53 0
    endloop
  endfacet
  facet normal 0 0 -1
    outer loop
      vertex 95.7457 92.6356 0
      vertex 144.086 116.53 0
      vertex 95.756 92.479 0
    endloop
  endfacet
  facet normal 0 0 -1
    outer loop
      vertex 95.7151 92.7896 0
      vertex 144.086 116.53 0
      vertex 95.7457 92.6356 0
    endloop
  endfacet
  facet normal 0 0 -1
    outer loop
      vertex 95.6647 92.9382 0
      vertex 144.086 116.53 0
      vertex 95.7151 92.7896 0
    endloop
  endfacet
  facet normal 0 0 -1
    outer loop
      vertex 95.5952 93.079 0
      vertex 144.086 116.53 0
      vertex 95.6647 92.9382 0
    endloop
  endfacet
  facet normal 0 0 -1
    outer loop
      vertex 95.508 93.2095 0
      vertex 144.086 116.53 0
      vertex 95.5952 93.079 0
    endloop
  endfacet
  facet normal 0 0 -1
    outer loop
      vertex 95.4045 93.3275 0
      vertex 144.086 116.53 0
      vertex 95.508 93.2095 0
    endloop
  endfacet
  facet normal 0 0 -1
    outer loop
      vertex 95.2865 93.431 0
      vertex 144.086 116.53 0
      vertex 95.4045 93.3275 0
    endloop
  endfacet
  facet normal 0 0 -1
    outer loop
      vertex 95.156 93.5182 0
      vertex 144.086 116.53 0
      vertex 95.2865 93.431 0
    endloop
  endfacet
  facet normal 0 0 -1
    outer loop
      vertex 95.0152 93.5877 0
      vertex 144.086 116.53 0
      vertex 95.156 93.5182 0
    endloop
  endfacet
  facet normal 0 0 -1
    outer loop
      vertex 94.8666 93.6381 0
      vertex 144.086 116.53 0
      vertex 95.0152 93.5877 0
    endloop
  endfacet
  facet normal 0 0 -1
    outer loop
      vertex 94.7126 93.6687 0
      vertex 144.086 116.53 0
      vertex 94.8666 93.6381 0
    endloop
  endfacet
  facet normal 0 0 -1
    outer loop
      vertex 94.556 93.679 0
      vertex 144.086 116.53 0
      vertex 94.7126 93.6687 0
    endloop
  endfacet
  facet normal 0 0 -1
    outer loop
      vertex 94.3994 93.6687 0
      vertex 144.086 116.53 0
      vertex 94.556 93.679 0
    endloop
  endfacet
  facet normal 0 0 -1
    outer loop
      vertex 57.6026 96.1391 0
      vertex 94.3994 93.6687 0
      vertex 94.2454 93.6381 0
    endloop
  endfacet
  facet normal 0 0 -1
    outer loop
      vertex 57.7512 96.0887 0
      vertex 94.2454 93.6381 0
      vertex 94.0968 93.5877 0
    endloop
  endfacet
  facet normal 0 0 -1
    outer loop
      vertex 74.2571 23.8213 0
      vertex 94.5435 51.0305 0
      vertex 74.961 23.4742 0
    endloop
  endfacet
  facet normal 0 0 -1
    outer loop
      vertex 77.1572 15.278 0
      vertex 81.6102 9.07188 0
      vertex 80.883 9.00348 0
    endloop
  endfacet
  facet normal 0 0 -1
    outer loop
      vertex 81.6102 9.07188 0
      vertex 77.961 18.278 0
      vertex 77.9097 19.0612 0
    endloop
  endfacet
  facet normal -0 0 -1
    outer loop
      vertex 94.6615 50.927 0
      vertex 74.961 23.4742 0
      vertex 94.5435 51.0305 0
    endloop
  endfacet
  facet normal -0 0 -1
    outer loop
      vertex 94.5435 51.0305 0
      vertex 74.2571 23.8213 0
      vertex 94.44 51.1485 0
    endloop
  endfacet
  facet normal 0 0 -1
    outer loop
      vertex 73.5139 24.0736 0
      vertex 94.44 51.1485 0
      vertex 74.2571 23.8213 0
    endloop
  endfacet
  facet normal -0 0 -1
    outer loop
      vertex 94.44 51.1485 0
      vertex 73.5139 24.0736 0
      vertex 94.3528 51.279 0
    endloop
  endfacet
  facet normal -0 0 -1
    outer loop
      vertex 94.3528 51.279 0
      vertex 73.5139 24.0736 0
      vertex 94.2833 51.4198 0
    endloop
  endfacet
  facet normal 0 0 -1
    outer loop
      vertex 72.7442 24.2267 0
      vertex 94.2833 51.4198 0
      vertex 73.5139 24.0736 0
    endloop
  endfacet
  facet normal -0 0 -1
    outer loop
      vertex 94.2833 51.4198 0
      vertex 72.7442 24.2267 0
      vertex 94.2329 51.5684 0
    endloop
  endfacet
  facet normal 0 0 -1
    outer loop
      vertex 71.961 24.278 0
      vertex 94.2329 51.5684 0
      vertex 72.7442 24.2267 0
    endloop
  endfacet
  facet normal 0 0 -1
    outer loop
      vertex 61.804 27.4904 0
      vertex 94.2329 51.5684 0
      vertex 71.961 24.278 0
    endloop
  endfacet
  facet normal -0 0 -1
    outer loop
      vertex 94.2329 51.5684 0
      vertex 61.804 27.4904 0
      vertex 94.2023 51.7224 0
    endloop
  endfacet
  facet normal -0 0 -1
    outer loop
      vertex 94.2023 51.7224 0
      vertex 61.6398 27.5714 0
      vertex 94.192 51.879 0
    endloop
  endfacet
  facet normal 0 0 -1
    outer loop
      vertex 61.4663 27.6303 0
      vertex 94.192 51.879 0
      vertex 61.6398 27.5714 0
    endloop
  endfacet
  facet normal 0 0 -1
    outer loop
      vertex 61.6398 27.5714 0
      vertex 94.2023 51.7224 0
      vertex 61.804 27.4904 0
    endloop
  endfacet
  facet normal 0 0 -1
    outer loop
      vertex 61.9563 27.3887 0
      vertex 71.961 24.278 0
      vertex 71.1778 24.2267 0
    endloop
  endfacet
  facet normal 0 0 -1
    outer loop
      vertex 62.2147 27.1303 0
      vertex 71.1778 24.2267 0
      vertex 70.4081 24.0736 0
    endloop
  endfacet
  facet normal 0 0 -1
    outer loop
      vertex 62.3164 26.978 0
      vertex 70.4081 24.0736 0
      vertex 69.6649 23.8213 0
    endloop
  endfacet
  facet normal 0 0 -1
    outer loop
      vertex 93.3663 92.3224 0
      vertex 58.492 94.98 0
      vertex 93.356 92.479 0
    endloop
  endfacet
  facet normal 0 0 -1
    outer loop
      vertex 62.4563 26.6403 0
      vertex 69.6649 23.8213 0
      vertex 68.961 23.4742 0
    endloop
  endfacet
  facet normal 0 0 -1
    outer loop
      vertex 62.504 26.278 0
      vertex 68.961 23.4742 0
      vertex 68.3084 23.0381 0
    endloop
  endfacet
  facet normal 0 0 -1
    outer loop
      vertex 62.504 26.278 0
      vertex 68.3084 23.0381 0
      vertex 67.7184 22.5206 0
    endloop
  endfacet
  facet normal 0 0 -1
    outer loop
      vertex 62.504 26.278 0
      vertex 67.7184 22.5206 0
      vertex 67.2009 21.9306 0
    endloop
  endfacet
  facet normal 0 0 -1
    outer loop
      vertex 62.504 26.278 0
      vertex 67.2009 21.9306 0
      vertex 66.7648 21.278 0
    endloop
  endfacet
  facet normal 0 0 -1
    outer loop
      vertex 62.504 26.278 0
      vertex 66.7648 21.278 0
      vertex 66.4177 20.5741 0
    endloop
  endfacet
  facet normal 0 0 -1
    outer loop
      vertex 62.0939 11.2679 0
      vertex 67.2009 14.6254 0
      vertex 62.2147 11.1303 0
    endloop
  endfacet
  facet normal 0 0 -1
    outer loop
      vertex 65.961 18.278 0
      vertex 62.504 26.278 0
      vertex 66.0123 19.0612 0
    endloop
  endfacet
  facet normal 0 0 -1
    outer loop
      vertex 66.0123 19.0612 0
      vertex 62.504 26.278 0
      vertex 66.1654 19.8309 0
    endloop
  endfacet
  facet normal 0 0 -1
    outer loop
      vertex 66.1654 19.8309 0
      vertex 62.504 26.278 0
      vertex 66.4177 20.5741 0
    endloop
  endfacet
  facet normal 0 0 -1
    outer loop
      vertex 68.961 23.4742 0
      vertex 62.504 26.278 0
      vertex 62.492 26.4607 0
    endloop
  endfacet
  facet normal 0 0 -1
    outer loop
      vertex 68.961 23.4742 0
      vertex 62.492 26.4607 0
      vertex 62.4563 26.6403 0
    endloop
  endfacet
  facet normal 0 0 -1
    outer loop
      vertex 69.6649 23.8213 0
      vertex 62.4563 26.6403 0
      vertex 62.3974 26.8138 0
    endloop
  endfacet
  facet normal 0 0 -1
    outer loop
      vertex 69.6649 23.8213 0
      vertex 62.3974 26.8138 0
      vertex 62.3164 26.978 0
    endloop
  endfacet
  facet normal 0 0 -1
    outer loop
      vertex 70.4081 24.0736 0
      vertex 62.3164 26.978 0
      vertex 62.2147 27.1303 0
    endloop
  endfacet
  facet normal 0 0 -1
    outer loop
      vertex 71.1778 24.2267 0
      vertex 62.2147 27.1303 0
      vertex 62.0939 27.2679 0
    endloop
  endfacet
  facet normal 0 0 -1
    outer loop
      vertex 71.1778 24.2267 0
      vertex 62.0939 27.2679 0
      vertex 61.9563 27.3887 0
    endloop
  endfacet
  facet normal 0 0 -1
    outer loop
      vertex 71.961 24.278 0
      vertex 61.9563 27.3887 0
      vertex 61.804 27.4904 0
    endloop
  endfacet
  facet normal 0 0 -1
    outer loop
      vertex 93.356 92.479 0
      vertex 58.492 94.98 0
      vertex 93.3663 92.6356 0
    endloop
  endfacet
  facet normal 0 0 -1
    outer loop
      vertex 93.3663 92.6356 0
      vertex 58.492 94.98 0
      vertex 93.3969 92.7896 0
    endloop
  endfacet
  facet normal 0 0 -1
    outer loop
      vertex 94.2023 52.0356 0
      vertex 61.4663 27.6303 0
      vertex 61.2867 27.666 0
    endloop
  endfacet
  facet normal 0 0 -1
    outer loop
      vertex 94.2329 52.1896 0
      vertex 61.2867 27.666 0
      vertex 61.104 27.678 0
    endloop
  endfacet
  facet normal -0 0 -1
    outer loop
      vertex 94.2329 52.1896 0
      vertex 61.104 27.678 0
      vertex 58.492 94.98 0
    endloop
  endfacet
  facet normal 0 0 -1
    outer loop
      vertex 58.4817 95.1366 0
      vertex 93.3969 92.7896 0
      vertex 58.492 94.98 0
    endloop
  endfacet
  facet normal 0 0 -1
    outer loop
      vertex 58.492 94.98 0
      vertex 61.104 27.678 0
      vertex 60.9213 27.666 0
    endloop
  endfacet
  facet normal 0 0 -1
    outer loop
      vertex 58.492 94.98 0
      vertex 60.9213 27.666 0
      vertex 60.7417 27.6303 0
    endloop
  endfacet
  facet normal 0 0 -1
    outer loop
      vertex 58.492 94.98 0
      vertex 60.7417 27.6303 0
      vertex 60.5682 27.5714 0
    endloop
  endfacet
  facet normal 0 0 -1
    outer loop
      vertex 58.492 94.98 0
      vertex 60.5682 27.5714 0
      vertex 60.404 27.4904 0
    endloop
  endfacet
  facet normal 0 0 -1
    outer loop
      vertex 58.492 94.98 0
      vertex 60.404 27.4904 0
      vertex 60.2517 27.3887 0
    endloop
  endfacet
  facet normal 0 0 -1
    outer loop
      vertex 58.492 94.98 0
      vertex 60.2517 27.3887 0
      vertex 60.1141 27.2679 0
    endloop
  endfacet
  facet normal 0 0 -1
    outer loop
      vertex 58.492 94.98 0
      vertex 60.1141 27.2679 0
      vertex 59.9933 27.1303 0
    endloop
  endfacet
  facet normal 0 0 -1
    outer loop
      vertex 58.492 94.98 0
      vertex 59.9933 27.1303 0
      vertex 59.8916 26.978 0
    endloop
  endfacet
  facet normal 0 0 -1
    outer loop
      vertex 58.492 94.98 0
      vertex 59.716 26.4607 0
      vertex 59.704 26.278 0
    endloop
  endfacet
  facet normal 0 0 -1
    outer loop
      vertex 58.492 94.98 0
      vertex 59.7517 26.6403 0
      vertex 59.716 26.4607 0
    endloop
  endfacet
  facet normal 0 0 -1
    outer loop
      vertex 58.492 94.98 0
      vertex 59.8106 26.8138 0
      vertex 59.7517 26.6403 0
    endloop
  endfacet
  facet normal 0 0 -1
    outer loop
      vertex 58.492 94.98 0
      vertex 59.8916 26.978 0
      vertex 59.8106 26.8138 0
    endloop
  endfacet
  facet normal 0 0 -1
    outer loop
      vertex 93.3969 92.7896 0
      vertex 58.4817 95.1366 0
      vertex 93.4473 92.9382 0
    endloop
  endfacet
  facet normal 0 0 -1
    outer loop
      vertex 58.4511 95.2906 0
      vertex 93.4473 92.9382 0
      vertex 58.4817 95.1366 0
    endloop
  endfacet
  facet normal 0 0 -1
    outer loop
      vertex 93.4473 92.9382 0
      vertex 58.4511 95.2906 0
      vertex 93.5168 93.079 0
    endloop
  endfacet
  facet normal 0 0 -1
    outer loop
      vertex 58.4007 95.4392 0
      vertex 93.5168 93.079 0
      vertex 58.4511 95.2906 0
    endloop
  endfacet
  facet normal 0 0 -1
    outer loop
      vertex 93.5168 93.079 0
      vertex 58.4007 95.4392 0
      vertex 93.604 93.2095 0
    endloop
  endfacet
  facet normal 0 0 -1
    outer loop
      vertex 58.3312 95.58 0
      vertex 93.604 93.2095 0
      vertex 58.4007 95.4392 0
    endloop
  endfacet
  facet normal 0 0 -1
    outer loop
      vertex 93.604 93.2095 0
      vertex 58.3312 95.58 0
      vertex 93.7075 93.3275 0
    endloop
  endfacet
  facet normal 0 0 -1
    outer loop
      vertex 58.244 95.7105 0
      vertex 93.7075 93.3275 0
      vertex 58.3312 95.58 0
    endloop
  endfacet
  facet normal 0 0 -1
    outer loop
      vertex 93.7075 93.3275 0
      vertex 58.244 95.7105 0
      vertex 93.8255 93.431 0
    endloop
  endfacet
  facet normal 0 0 -1
    outer loop
      vertex 58.1405 95.8285 0
      vertex 93.8255 93.431 0
      vertex 58.244 95.7105 0
    endloop
  endfacet
  facet normal 0 0 -1
    outer loop
      vertex 93.8255 93.431 0
      vertex 58.1405 95.8285 0
      vertex 93.956 93.5182 0
    endloop
  endfacet
  facet normal 0 0 -1
    outer loop
      vertex 58.0225 95.932 0
      vertex 93.956 93.5182 0
      vertex 58.1405 95.8285 0
    endloop
  endfacet
  facet normal 0 0 -1
    outer loop
      vertex 93.956 93.5182 0
      vertex 58.0225 95.932 0
      vertex 94.0968 93.5877 0
    endloop
  endfacet
  facet normal 0 0 -1
    outer loop
      vertex 57.892 96.0192 0
      vertex 94.0968 93.5877 0
      vertex 58.0225 95.932 0
    endloop
  endfacet
  facet normal 0 0 -1
    outer loop
      vertex 57.7512 96.0887 0
      vertex 94.0968 93.5877 0
      vertex 57.892 96.0192 0
    endloop
  endfacet
  facet normal 0 0 -1
    outer loop
      vertex 94.2454 93.6381 0
      vertex 57.7512 96.0887 0
      vertex 57.6026 96.1391 0
    endloop
  endfacet
  facet normal 0 0 -1
    outer loop
      vertex 94.3994 93.6687 0
      vertex 57.6026 96.1391 0
      vertex 144.086 116.53 0
    endloop
  endfacet
  facet normal 0 0 -1
    outer loop
      vertex 57.4486 96.1697 0
      vertex 144.086 116.53 0
      vertex 57.6026 96.1391 0
    endloop
  endfacet
  facet normal 0 0 -1
    outer loop
      vertex -0.022522 116.53 0
      vertex 57.4486 96.1697 0
      vertex 57.292 96.18 0
    endloop
  endfacet
  facet normal 0 0 -1
    outer loop
      vertex -0.022522 116.53 0
      vertex 57.292 96.18 0
      vertex 57.1354 96.1697 0
    endloop
  endfacet
  facet normal 0 0 -1
    outer loop
      vertex -0.022522 116.53 0
      vertex 57.1354 96.1697 0
      vertex 56.9814 96.1391 0
    endloop
  endfacet
  facet normal 0 0 -1
    outer loop
      vertex 39.9854 68 0
      vertex 55.9958 53.2877 0
      vertex 55.855 53.2182 0
    endloop
  endfacet
  facet normal 0 0 -1
    outer loop
      vertex 39.9854 68 0
      vertex 55.855 53.2182 0
      vertex 55.7245 53.131 0
    endloop
  endfacet
  facet normal 0 0 -1
    outer loop
      vertex 39.9854 68 0
      vertex 55.7245 53.131 0
      vertex 55.6065 53.0275 0
    endloop
  endfacet
  facet normal 0 0 -1
    outer loop
      vertex 39.9854 68 0
      vertex 55.6065 53.0275 0
      vertex 55.503 52.9095 0
    endloop
  endfacet
  facet normal 0 0 -1
    outer loop
      vertex 39.9854 68 0
      vertex 55.503 52.9095 0
      vertex 55.4158 52.779 0
    endloop
  endfacet
  facet normal 0 0 -1
    outer loop
      vertex 39.9854 68 0
      vertex 55.4158 52.779 0
      vertex 55.3463 52.6382 0
    endloop
  endfacet
  facet normal 0 0 -1
    outer loop
      vertex 39.9854 68 0
      vertex 55.3463 52.6382 0
      vertex 55.2959 52.4896 0
    endloop
  endfacet
  facet normal 0 0 -1
    outer loop
      vertex 39.9854 68 0
      vertex 55.2959 52.4896 0
      vertex 55.2653 52.3356 0
    endloop
  endfacet
  facet normal -0 0 -1
    outer loop
      vertex 55.503 51.4485 0
      vertex 39.6341 40.0349 0
      vertex 55.4158 51.579 0
    endloop
  endfacet
  facet normal 0 0 -1
    outer loop
      vertex 39.6341 40.0349 0
      vertex 55.503 51.4485 0
      vertex 39.7576 39.85 0
    endloop
  endfacet
  facet normal 0 0 -1
    outer loop
      vertex 39.4875 40.2021 0
      vertex 55.4158 51.579 0
      vertex 39.6341 40.0349 0
    endloop
  endfacet
  facet normal 0 0 -1
    outer loop
      vertex 56.455 53.379 0
      vertex 39.9854 68 0
      vertex 39.9708 68.2219 0
    endloop
  endfacet
  facet normal 0 0 -1
    outer loop
      vertex 56.6116 53.3687 0
      vertex 39.9708 68.2219 0
      vertex 39.9274 68.44 0
    endloop
  endfacet
  facet normal -0 0 -1
    outer loop
      vertex 56.5615 94.028 0
      vertex 39.1354 69.4722 0
      vertex 56.4435 94.1315 0
    endloop
  endfacet
  facet normal 0 0 -1
    outer loop
      vertex 38.9359 69.5706 0
      vertex 56.4435 94.1315 0
      vertex 39.1354 69.4722 0
    endloop
  endfacet
  facet normal -0 0 -1
    outer loop
      vertex 56.4435 94.1315 0
      vertex 38.9359 69.5706 0
      vertex 56.34 94.2495 0
    endloop
  endfacet
  facet normal 0 0 -1
    outer loop
      vertex 38.7254 69.6421 0
      vertex 56.34 94.2495 0
      vertex 38.9359 69.5706 0
    endloop
  endfacet
  facet normal -0 0 -1
    outer loop
      vertex 56.34 94.2495 0
      vertex 38.7254 69.6421 0
      vertex 56.2528 94.38 0
    endloop
  endfacet
  facet normal 0 0 -1
    outer loop
      vertex 38.5073 69.6855 0
      vertex 56.2528 94.38 0
      vertex 38.7254 69.6421 0
    endloop
  endfacet
  facet normal -0 0 -1
    outer loop
      vertex 56.2528 94.38 0
      vertex 38.5073 69.6855 0
      vertex 56.1833 94.5208 0
    endloop
  endfacet
  facet normal 0 0 -1
    outer loop
      vertex 38.2854 69.7 0
      vertex 56.1833 94.5208 0
      vertex 38.5073 69.6855 0
    endloop
  endfacet
  facet normal -0 0 -1
    outer loop
      vertex 56.1833 94.5208 0
      vertex 38.2854 69.7 0
      vertex 56.1329 94.6694 0
    endloop
  endfacet
  facet normal 0 0 -1
    outer loop
      vertex 19.9321 83.5896 0
      vertex 56.1329 94.6694 0
      vertex 38.2854 69.7 0
    endloop
  endfacet
  facet normal 0 0 -1
    outer loop
      vertex 19.8817 83.7382 0
      vertex 56.1329 94.6694 0
      vertex 19.9321 83.5896 0
    endloop
  endfacet
  facet normal -0 0 -1
    outer loop
      vertex 56.1329 94.6694 0
      vertex 19.8817 83.7382 0
      vertex 56.1023 94.8234 0
    endloop
  endfacet
  facet normal 0 0 -1
    outer loop
      vertex 19.8122 83.879 0
      vertex 56.1023 94.8234 0
      vertex 19.8817 83.7382 0
    endloop
  endfacet
  facet normal -0 0 -1
    outer loop
      vertex 56.1023 94.8234 0
      vertex 19.8122 83.879 0
      vertex 56.092 94.98 0
    endloop
  endfacet
  facet normal 0 0 -1
    outer loop
      vertex 19.725 84.0095 0
      vertex 56.092 94.98 0
      vertex 19.8122 83.879 0
    endloop
  endfacet
  facet normal -0 0 -1
    outer loop
      vertex 56.092 94.98 0
      vertex 19.725 84.0095 0
      vertex 56.1023 95.1366 0
    endloop
  endfacet
  facet normal 0 0 -1
    outer loop
      vertex 19.9321 83.5896 0
      vertex 38.2854 69.7 0
      vertex 38.0635 69.6855 0
    endloop
  endfacet
  facet normal 0 0 -1
    outer loop
      vertex 19.9627 83.4356 0
      vertex 38.0635 69.6855 0
      vertex 37.8454 69.6421 0
    endloop
  endfacet
  facet normal 0 0 -1
    outer loop
      vertex 19.973 83.279 0
      vertex 37.8454 69.6421 0
      vertex 37.6348 69.5706 0
    endloop
  endfacet
  facet normal 0 0 -1
    outer loop
      vertex 19.973 83.279 0
      vertex 37.6348 69.5706 0
      vertex 37.4354 69.4722 0
    endloop
  endfacet
  facet normal 0 0 -1
    outer loop
      vertex 19.973 83.279 0
      vertex 37.4354 69.4722 0
      vertex 37.2505 69.3487 0
    endloop
  endfacet
  facet normal 0 0 -1
    outer loop
      vertex 19.973 83.279 0
      vertex 37.2505 69.3487 0
      vertex 37.0833 69.2021 0
    endloop
  endfacet
  facet normal 0 0 -1
    outer loop
      vertex 19.973 83.279 0
      vertex 37.0833 69.2021 0
      vertex 36.9367 69.0349 0
    endloop
  endfacet
  facet normal 0 0 -1
    outer loop
      vertex 36.5999 67.7781 0
      vertex 19.973 83.279 0
      vertex 36.5854 68 0
    endloop
  endfacet
  facet normal 0 0 -1
    outer loop
      vertex 36.5854 68 0
      vertex 19.973 83.279 0
      vertex 36.5999 68.2219 0
    endloop
  endfacet
  facet normal 0 0 -1
    outer loop
      vertex 36.5999 68.2219 0
      vertex 19.973 83.279 0
      vertex 36.6433 68.44 0
    endloop
  endfacet
  facet normal 0 0 -1
    outer loop
      vertex 36.6433 68.44 0
      vertex 19.973 83.279 0
      vertex 36.7148 68.6506 0
    endloop
  endfacet
  facet normal 0 0 -1
    outer loop
      vertex 19.973 83.279 0
      vertex 36.8131 68.85 0
      vertex 36.7148 68.6506 0
    endloop
  endfacet
  facet normal 0 0 -1
    outer loop
      vertex 19.973 83.279 0
      vertex 36.9367 69.0349 0
      vertex 36.8131 68.85 0
    endloop
  endfacet
  facet normal 0 0 -1
    outer loop
      vertex 37.8454 69.6421 0
      vertex 19.973 83.279 0
      vertex 19.9627 83.4356 0
    endloop
  endfacet
  facet normal 0 0 -1
    outer loop
      vertex 38.0635 69.6855 0
      vertex 19.9627 83.4356 0
      vertex 19.9321 83.5896 0
    endloop
  endfacet
  facet normal 0 0 -1
    outer loop
      vertex 19.6215 84.1275 0
      vertex 56.1023 95.1366 0
      vertex 19.725 84.0095 0
    endloop
  endfacet
  facet normal -0 0 -1
    outer loop
      vertex 56.1023 95.1366 0
      vertex 19.6215 84.1275 0
      vertex 56.1329 95.2906 0
    endloop
  endfacet
  facet normal 0 0 -1
    outer loop
      vertex 19.5035 84.231 0
      vertex 56.1329 95.2906 0
      vertex 19.6215 84.1275 0
    endloop
  endfacet
  facet normal -0 0 -1
    outer loop
      vertex 56.1329 95.2906 0
      vertex 19.5035 84.231 0
      vertex 56.1833 95.4392 0
    endloop
  endfacet
  facet normal 0 0 -1
    outer loop
      vertex 19.373 84.3182 0
      vertex 56.1833 95.4392 0
      vertex 19.5035 84.231 0
    endloop
  endfacet
  facet normal -0 0 -1
    outer loop
      vertex 56.1833 95.4392 0
      vertex 19.373 84.3182 0
      vertex 56.2528 95.58 0
    endloop
  endfacet
  facet normal 0 0 -1
    outer loop
      vertex 19.2322 84.3877 0
      vertex 56.2528 95.58 0
      vertex 19.373 84.3182 0
    endloop
  endfacet
  facet normal -0 0 -1
    outer loop
      vertex 56.2528 95.58 0
      vertex 19.2322 84.3877 0
      vertex 56.34 95.7105 0
    endloop
  endfacet
  facet normal 0 0 -1
    outer loop
      vertex -0.022522 116.53 0
      vertex 56.34 95.7105 0
      vertex 19.2322 84.3877 0
    endloop
  endfacet
  facet normal 0 0 -1
    outer loop
      vertex 56.34 95.7105 0
      vertex -0.022522 116.53 0
      vertex 56.4435 95.8285 0
    endloop
  endfacet
  facet normal 0 0 -1
    outer loop
      vertex 56.4435 95.8285 0
      vertex -0.022522 116.53 0
      vertex 56.5615 95.932 0
    endloop
  endfacet
  facet normal 0 0 -1
    outer loop
      vertex 56.5615 95.932 0
      vertex -0.022522 116.53 0
      vertex 56.692 96.0192 0
    endloop
  endfacet
  facet normal 0 0 -1
    outer loop
      vertex 56.692 96.0192 0
      vertex -0.022522 116.53 0
      vertex 56.8328 96.0887 0
    endloop
  endfacet
  facet normal 0 0 -1
    outer loop
      vertex -0.022522 116.53 0
      vertex 19.2322 84.3877 0
      vertex 19.0836 84.4381 0
    endloop
  endfacet
  facet normal 0 0 -1
    outer loop
      vertex -0.022522 116.53 0
      vertex 19.0836 84.4381 0
      vertex 18.9296 84.4687 0
    endloop
  endfacet
  facet normal 0 0 -1
    outer loop
      vertex -0.022522 116.53 0
      vertex 18.9296 84.4687 0
      vertex 18.773 84.479 0
    endloop
  endfacet
  facet normal 0 0 -1
    outer loop
      vertex -0.022522 116.53 0
      vertex 18.773 84.479 0
      vertex 18.6164 84.4687 0
    endloop
  endfacet
  facet normal 0 0 -1
    outer loop
      vertex -0.022522 116.53 0
      vertex 18.6164 84.4687 0
      vertex 18.4624 84.4381 0
    endloop
  endfacet
  facet normal 0 0 -1
    outer loop
      vertex 17.6139 82.9684 0
      vertex -3.02252 113.53 0
      vertex 17.5833 83.1224 0
    endloop
  endfacet
  facet normal 0 0 -1
    outer loop
      vertex -3.02252 0 0
      vertex 5.03754 3 0
      vertex -0.022522 -3 0
    endloop
  endfacet
  facet normal 0 0 -1
    outer loop
      vertex 17.5833 83.1224 0
      vertex -3.02252 113.53 0
      vertex 17.573 83.279 0
    endloop
  endfacet
  facet normal 0 0 -1
    outer loop
      vertex 57.4486 96.1697 0
      vertex -0.022522 116.53 0
      vertex 144.086 116.53 0
    endloop
  endfacet
  facet normal 0 0 -1
    outer loop
      vertex 56.8328 96.0887 0
      vertex -0.022522 116.53 0
      vertex 56.9814 96.1391 0
    endloop
  endfacet
  facet normal 0 0 -1
    outer loop
      vertex 18.3138 84.3877 0
      vertex -0.022522 116.53 0
      vertex 18.4624 84.4381 0
    endloop
  endfacet
  facet normal 0 0 -1
    outer loop
      vertex -3.02252 113.53 0
      vertex 18.3138 84.3877 0
      vertex 18.173 84.3182 0
    endloop
  endfacet
  facet normal 0 0 -1
    outer loop
      vertex -3.02252 113.53 0
      vertex 18.173 84.3182 0
      vertex 18.0425 84.231 0
    endloop
  endfacet
  facet normal 0 0 -1
    outer loop
      vertex -3.02252 113.53 0
      vertex 18.0425 84.231 0
      vertex 17.9245 84.1275 0
    endloop
  endfacet
  facet normal 0 0 -1
    outer loop
      vertex -3.02252 113.53 0
      vertex 17.9245 84.1275 0
      vertex 17.821 84.0095 0
    endloop
  endfacet
  facet normal 0 0 -1
    outer loop
      vertex -3.02252 113.53 0
      vertex 17.821 84.0095 0
      vertex 17.7338 83.879 0
    endloop
  endfacet
  facet normal 0 0 -1
    outer loop
      vertex -3.02252 113.53 0
      vertex 17.7338 83.879 0
      vertex 17.6643 83.7382 0
    endloop
  endfacet
  facet normal 0 0 -1
    outer loop
      vertex -3.02252 113.53 0
      vertex 17.6643 83.7382 0
      vertex 17.6139 83.5896 0
    endloop
  endfacet
  facet normal 0 0 -1
    outer loop
      vertex 17.573 83.279 0
      vertex -3.02252 113.53 0
      vertex 17.5833 83.4356 0
    endloop
  endfacet
  facet normal 0 0 -1
    outer loop
      vertex -3.02252 0 0
      vertex -0.022522 -3 0
      vertex -0.414093 -2.97433 0
    endloop
  endfacet
  facet normal 0 0 -1
    outer loop
      vertex 17.5833 83.4356 0
      vertex -3.02252 113.53 0
      vertex 17.6139 83.5896 0
    endloop
  endfacet
  facet normal 0 0 -1
    outer loop
      vertex -3.02252 0 0
      vertex -0.414093 -2.97433 0
      vertex -0.798981 -2.89778 0
    endloop
  endfacet
  facet normal 0 0 -1
    outer loop
      vertex 18.3138 84.3877 0
      vertex -3.02252 113.53 0
      vertex -0.022522 116.53 0
    endloop
  endfacet
  facet normal 0 0 -1
    outer loop
      vertex -3.02252 0 0
      vertex -0.798981 -2.89778 0
      vertex -1.17058 -2.77164 0
    endloop
  endfacet
  facet normal 0 0 -1
    outer loop
      vertex -0.022522 116.53 0
      vertex -3.02252 113.53 0
      vertex -0.414093 116.504 0
    endloop
  endfacet
  facet normal 0 0 -1
    outer loop
      vertex -3.02252 0 0
      vertex -1.17058 -2.77164 0
      vertex -1.52252 -2.59808 0
    endloop
  endfacet
  facet normal 0 0 -1
    outer loop
      vertex -0.414093 116.504 0
      vertex -3.02252 113.53 0
      vertex -0.798981 116.428 0
    endloop
  endfacet
  facet normal 0 0 -1
    outer loop
      vertex -3.02252 0 0
      vertex -1.52252 -2.59808 0
      vertex -1.8488 -2.38007 0
    endloop
  endfacet
  facet normal 0 0 -1
    outer loop
      vertex -0.798981 116.428 0
      vertex -3.02252 113.53 0
      vertex -1.17058 116.302 0
    endloop
  endfacet
  facet normal 0 0 -1
    outer loop
      vertex -3.02252 0 0
      vertex -1.8488 -2.38007 0
      vertex -2.14384 -2.12132 0
    endloop
  endfacet
  facet normal 0 0 -1
    outer loop
      vertex -1.17058 116.302 0
      vertex -3.02252 113.53 0
      vertex -1.52252 116.128 0
    endloop
  endfacet
  facet normal 0 0 -1
    outer loop
      vertex -3.02252 0 0
      vertex -2.14384 -2.12132 0
      vertex -2.40259 -1.82628 0
    endloop
  endfacet
  facet normal 0 0 -1
    outer loop
      vertex -1.52252 116.128 0
      vertex -3.02252 113.53 0
      vertex -1.8488 115.91 0
    endloop
  endfacet
  facet normal 0 0 -1
    outer loop
      vertex -3.02252 0 0
      vertex -2.40259 -1.82628 0
      vertex -2.62061 -1.5 0
    endloop
  endfacet
  facet normal 0 0 -1
    outer loop
      vertex -1.8488 115.91 0
      vertex -3.02252 113.53 0
      vertex -2.14384 115.651 0
    endloop
  endfacet
  facet normal 0 0 -1
    outer loop
      vertex -3.02252 0 0
      vertex -2.62061 -1.5 0
      vertex -2.79416 -1.14806 0
    endloop
  endfacet
  facet normal 0 0 -1
    outer loop
      vertex -2.14384 115.651 0
      vertex -3.02252 113.53 0
      vertex -2.40259 115.356 0
    endloop
  endfacet
  facet normal 0 0 -1
    outer loop
      vertex -3.02252 0 0
      vertex -2.79416 -1.14806 0
      vertex -2.9203 -0.776459 0
    endloop
  endfacet
  facet normal 0 0 -1
    outer loop
      vertex -2.40259 115.356 0
      vertex -3.02252 113.53 0
      vertex -2.62061 115.03 0
    endloop
  endfacet
  facet normal 0 0 -1
    outer loop
      vertex -3.02252 0 0
      vertex -2.9203 -0.776459 0
      vertex -2.99686 -0.391571 0
    endloop
  endfacet
  facet normal 0 0 -1
    outer loop
      vertex -2.62061 115.03 0
      vertex -3.02252 113.53 0
      vertex -2.79416 114.678 0
    endloop
  endfacet
  facet normal 0 0 -1
    outer loop
      vertex -2.79416 114.678 0
      vertex -3.02252 113.53 0
      vertex -2.9203 114.306 0
    endloop
  endfacet
  facet normal 0 0 -1
    outer loop
      vertex -2.9203 114.306 0
      vertex -3.02252 113.53 0
      vertex -2.99686 113.922 0
    endloop
  endfacet
  facet normal -0 0 1
    outer loop
      vertex 19.373 82.2398 2
      vertex 35.1442 69.3011 2
      vertex 19.5035 82.327 2
    endloop
  endfacet
  facet normal 0 0 1
    outer loop
      vertex 35.1442 66.6989 2
      vertex 19.9627 26.2846 2
      vertex 19.973 26.128 2
    endloop
  endfacet
  facet normal 0 0 1
    outer loop
      vertex 35.1442 69.3011 2
      vertex 19.373 82.2398 2
      vertex 35.0012 68.88 2
    endloop
  endfacet
  facet normal 0 0 1
    outer loop
      vertex 35.1442 66.6989 2
      vertex 19.9321 26.4386 2
      vertex 19.9627 26.2846 2
    endloop
  endfacet
  facet normal -0 0 1
    outer loop
      vertex 19.2322 82.1703 2
      vertex 35.0012 68.88 2
      vertex 19.373 82.2398 2
    endloop
  endfacet
  facet normal 0 0 1
    outer loop
      vertex 35.1442 66.6989 2
      vertex 19.8817 26.5872 2
      vertex 19.9321 26.4386 2
    endloop
  endfacet
  facet normal 0 0 1
    outer loop
      vertex 35.0012 68.88 2
      vertex 19.2322 82.1703 2
      vertex 34.9145 68.4438 2
    endloop
  endfacet
  facet normal 0 0 1
    outer loop
      vertex 35.1442 66.6989 2
      vertex 19.8122 26.728 2
      vertex 19.8817 26.5872 2
    endloop
  endfacet
  facet normal -0 0 1
    outer loop
      vertex 19.0836 82.1199 2
      vertex 34.9145 68.4438 2
      vertex 19.2322 82.1703 2
    endloop
  endfacet
  facet normal 0 0 1
    outer loop
      vertex 35.1442 66.6989 2
      vertex 19.725 26.8585 2
      vertex 19.8122 26.728 2
    endloop
  endfacet
  facet normal 0 0 1
    outer loop
      vertex 34.9145 68.4438 2
      vertex 19.0836 82.1199 2
      vertex 34.8854 68 2
    endloop
  endfacet
  facet normal 0 0 1
    outer loop
      vertex 35.1442 66.6989 2
      vertex 19.6215 26.9765 2
      vertex 19.725 26.8585 2
    endloop
  endfacet
  facet normal -0 0 1
    outer loop
      vertex 18.9296 82.0893 2
      vertex 34.8854 68 2
      vertex 19.0836 82.1199 2
    endloop
  endfacet
  facet normal 0 0 1
    outer loop
      vertex 35.1442 66.6989 2
      vertex 19.5035 27.08 2
      vertex 19.6215 26.9765 2
    endloop
  endfacet
  facet normal -0 0 1
    outer loop
      vertex 18.773 82.079 2
      vertex 34.8854 68 2
      vertex 18.9296 82.0893 2
    endloop
  endfacet
  facet normal 0 0 1
    outer loop
      vertex 35.1442 66.6989 2
      vertex 19.373 27.1672 2
      vertex 19.5035 27.08 2
    endloop
  endfacet
  facet normal 0 0 1
    outer loop
      vertex 34.8854 68 2
      vertex 18.773 82.079 2
      vertex 34.9145 67.5562 2
    endloop
  endfacet
  facet normal 0 0 1
    outer loop
      vertex 35.1442 66.6989 2
      vertex 19.2322 27.2367 2
      vertex 19.373 27.1672 2
    endloop
  endfacet
  facet normal 0 0 1
    outer loop
      vertex 18.6164 82.0893 2
      vertex 34.9145 67.5562 2
      vertex 18.773 82.079 2
    endloop
  endfacet
  facet normal 0 0 1
    outer loop
      vertex 35.1442 66.6989 2
      vertex 19.0836 27.2871 2
      vertex 19.2322 27.2367 2
    endloop
  endfacet
  facet normal 0 0 1
    outer loop
      vertex 34.9145 67.5562 2
      vertex 18.6164 82.0893 2
      vertex 35.0012 67.12 2
    endloop
  endfacet
  facet normal 0 0 1
    outer loop
      vertex 35.1442 66.6989 2
      vertex 18.9296 27.3177 2
      vertex 19.0836 27.2871 2
    endloop
  endfacet
  facet normal 0 0 1
    outer loop
      vertex 18.4624 82.1199 2
      vertex 35.0012 67.12 2
      vertex 18.6164 82.0893 2
    endloop
  endfacet
  facet normal 0 0 1
    outer loop
      vertex 35.1442 66.6989 2
      vertex 18.773 27.328 2
      vertex 18.9296 27.3177 2
    endloop
  endfacet
  facet normal 0 0 1
    outer loop
      vertex 35.0012 67.12 2
      vertex 18.4624 82.1199 2
      vertex 35.1442 66.6989 2
    endloop
  endfacet
  facet normal 0 0 1
    outer loop
      vertex 35.1442 66.6989 2
      vertex 18.6164 27.3177 2
      vertex 18.773 27.328 2
    endloop
  endfacet
  facet normal 0 0 1
    outer loop
      vertex 18.3138 82.1703 2
      vertex 35.1442 66.6989 2
      vertex 18.4624 82.1199 2
    endloop
  endfacet
  facet normal 0 0 1
    outer loop
      vertex 35.1442 66.6989 2
      vertex 18.4624 27.2871 2
      vertex 18.6164 27.3177 2
    endloop
  endfacet
  facet normal 0 0 1
    outer loop
      vertex 18.3138 27.2367 2
      vertex 35.1442 66.6989 2
      vertex 18.3138 82.1703 2
    endloop
  endfacet
  facet normal 0 0 1
    outer loop
      vertex 35.1442 66.6989 2
      vertex 18.3138 27.2367 2
      vertex 18.4624 27.2871 2
    endloop
  endfacet
  facet normal 0 0 1
    outer loop
      vertex 18.173 82.2398 2
      vertex 18.3138 27.2367 2
      vertex 18.3138 82.1703 2
    endloop
  endfacet
  facet normal 0 0 1
    outer loop
      vertex 18.173 82.2398 2
      vertex 18.173 27.1672 2
      vertex 18.3138 27.2367 2
    endloop
  endfacet
  facet normal 0 0 1
    outer loop
      vertex 18.0425 82.327 2
      vertex 18.173 27.1672 2
      vertex 18.173 82.2398 2
    endloop
  endfacet
  facet normal 0 0 1
    outer loop
      vertex 18.0425 82.327 2
      vertex 18.0425 27.08 2
      vertex 18.173 27.1672 2
    endloop
  endfacet
  facet normal 0 0 1
    outer loop
      vertex 17.9245 82.4305 2
      vertex 18.0425 27.08 2
      vertex 18.0425 82.327 2
    endloop
  endfacet
  facet normal 0 0 1
    outer loop
      vertex 17.9245 82.4305 2
      vertex 17.9245 26.9765 2
      vertex 18.0425 27.08 2
    endloop
  endfacet
  facet normal 0 0 1
    outer loop
      vertex 17.821 82.5485 2
      vertex 17.9245 26.9765 2
      vertex 17.9245 82.4305 2
    endloop
  endfacet
  facet normal 0 0 1
    outer loop
      vertex 17.821 82.5485 2
      vertex 17.821 26.8585 2
      vertex 17.9245 26.9765 2
    endloop
  endfacet
  facet normal 0 0 1
    outer loop
      vertex 17.7338 82.679 2
      vertex 17.821 26.8585 2
      vertex 17.821 82.5485 2
    endloop
  endfacet
  facet normal 0 0 1
    outer loop
      vertex 17.7338 82.679 2
      vertex 17.7338 26.728 2
      vertex 17.821 26.8585 2
    endloop
  endfacet
  facet normal 0 0 1
    outer loop
      vertex 17.6643 82.8198 2
      vertex 17.7338 26.728 2
      vertex 17.7338 82.679 2
    endloop
  endfacet
  facet normal 0 0 1
    outer loop
      vertex 17.6643 82.8198 2
      vertex 17.6643 26.5872 2
      vertex 17.7338 26.728 2
    endloop
  endfacet
  facet normal 0 0 1
    outer loop
      vertex -3.02252 113.53 2
      vertex 17.6643 82.8198 2
      vertex 17.6139 82.9684 2
    endloop
  endfacet
  facet normal 0 0 1
    outer loop
      vertex 17.6643 82.8198 2
      vertex -3.02252 0 2
      vertex 17.6643 26.5872 2
    endloop
  endfacet
  facet normal 0 0 1
    outer loop
      vertex -3.02252 113.53 2
      vertex 17.6139 82.9684 2
      vertex 17.5833 83.1224 2
    endloop
  endfacet
  facet normal 0 0 1
    outer loop
      vertex 17.6643 26.5872 2
      vertex -3.02252 0 2
      vertex 17.6139 26.4386 2
    endloop
  endfacet
  facet normal 0 0 1
    outer loop
      vertex -3.02252 113.53 2
      vertex 17.5833 83.1224 2
      vertex 17.573 83.279 2
    endloop
  endfacet
  facet normal 0 0 1
    outer loop
      vertex 17.6139 26.4386 2
      vertex -3.02252 0 2
      vertex 17.5833 26.2846 2
    endloop
  endfacet
  facet normal -0 0 1
    outer loop
      vertex 40.6895 65.5958 2
      vertex 55.503 52.9095 2
      vertex 40.9828 65.9302 2
    endloop
  endfacet
  facet normal 0 0 1
    outer loop
      vertex 55.2653 52.3356 2
      vertex 41.6563 39.4438 2
      vertex 41.6854 39 2
    endloop
  endfacet
  facet normal 0 0 1
    outer loop
      vertex 55.503 52.9095 2
      vertex 40.6895 65.5958 2
      vertex 55.4158 52.779 2
    endloop
  endfacet
  facet normal 0 0 1
    outer loop
      vertex 55.2653 52.3356 2
      vertex 41.5695 39.88 2
      vertex 41.6563 39.4438 2
    endloop
  endfacet
  facet normal -0 0 1
    outer loop
      vertex 40.3552 65.3026 2
      vertex 55.4158 52.779 2
      vertex 40.6895 65.5958 2
    endloop
  endfacet
  facet normal 0 0 1
    outer loop
      vertex 55.2653 52.3356 2
      vertex 41.4266 40.3011 2
      vertex 41.5695 39.88 2
    endloop
  endfacet
  facet normal 0 0 1
    outer loop
      vertex 55.4158 52.779 2
      vertex 40.3552 65.3026 2
      vertex 55.3463 52.6382 2
    endloop
  endfacet
  facet normal 0 0 1
    outer loop
      vertex 55.2653 52.3356 2
      vertex 41.2299 40.7 2
      vertex 41.4266 40.3011 2
    endloop
  endfacet
  facet normal -0 0 1
    outer loop
      vertex 39.9854 65.0555 2
      vertex 55.3463 52.6382 2
      vertex 40.3552 65.3026 2
    endloop
  endfacet
  facet normal 0 0 1
    outer loop
      vertex 55.2653 52.3356 2
      vertex 40.9828 41.0698 2
      vertex 41.2299 40.7 2
    endloop
  endfacet
  facet normal 0 0 1
    outer loop
      vertex 55.3463 52.6382 2
      vertex 39.9854 65.0555 2
      vertex 55.2959 52.4896 2
    endloop
  endfacet
  facet normal 0 0 1
    outer loop
      vertex 55.2653 52.3356 2
      vertex 40.6895 41.4042 2
      vertex 40.9828 41.0698 2
    endloop
  endfacet
  facet normal -0 0 1
    outer loop
      vertex 39.5865 64.8588 2
      vertex 55.2959 52.4896 2
      vertex 39.9854 65.0555 2
    endloop
  endfacet
  facet normal 0 0 1
    outer loop
      vertex 55.2653 52.3356 2
      vertex 40.3552 41.6974 2
      vertex 40.6895 41.4042 2
    endloop
  endfacet
  facet normal 0 0 1
    outer loop
      vertex 55.2959 52.4896 2
      vertex 39.5865 64.8588 2
      vertex 55.2653 52.3356 2
    endloop
  endfacet
  facet normal 0 0 1
    outer loop
      vertex 55.2653 52.3356 2
      vertex 39.9854 41.9445 2
      vertex 40.3552 41.6974 2
    endloop
  endfacet
  facet normal 0 0 1
    outer loop
      vertex 39.5865 42.1412 2
      vertex 55.2653 52.3356 2
      vertex 39.5865 64.8588 2
    endloop
  endfacet
  facet normal 0 0 1
    outer loop
      vertex 55.2653 52.3356 2
      vertex 39.5865 42.1412 2
      vertex 39.9854 41.9445 2
    endloop
  endfacet
  facet normal -0 0 1
    outer loop
      vertex 39.1654 64.7159 2
      vertex 39.5865 42.1412 2
      vertex 39.5865 64.8588 2
    endloop
  endfacet
  facet normal 0 0 1
    outer loop
      vertex 39.1654 64.7159 2
      vertex 39.1654 42.2841 2
      vertex 39.5865 42.1412 2
    endloop
  endfacet
  facet normal -0 0 1
    outer loop
      vertex 38.7292 64.6291 2
      vertex 39.1654 42.2841 2
      vertex 39.1654 64.7159 2
    endloop
  endfacet
  facet normal 0 0 1
    outer loop
      vertex 38.7292 64.6291 2
      vertex 38.7292 42.3709 2
      vertex 39.1654 42.2841 2
    endloop
  endfacet
  facet normal -0 0 1
    outer loop
      vertex 38.2854 64.6 2
      vertex 38.7292 42.3709 2
      vertex 38.7292 64.6291 2
    endloop
  endfacet
  facet normal 0 0 1
    outer loop
      vertex 38.2854 64.6 2
      vertex 38.2854 42.4 2
      vertex 38.7292 42.3709 2
    endloop
  endfacet
  facet normal 0 0 1
    outer loop
      vertex 37.8416 64.6291 2
      vertex 38.2854 42.4 2
      vertex 38.2854 64.6 2
    endloop
  endfacet
  facet normal 0 0 1
    outer loop
      vertex 37.8416 64.6291 2
      vertex 37.8416 42.3709 2
      vertex 38.2854 42.4 2
    endloop
  endfacet
  facet normal 0 0 1
    outer loop
      vertex 37.4054 64.7159 2
      vertex 37.8416 42.3709 2
      vertex 37.8416 64.6291 2
    endloop
  endfacet
  facet normal 0 0 1
    outer loop
      vertex 37.4054 64.7159 2
      vertex 37.4054 42.2841 2
      vertex 37.8416 42.3709 2
    endloop
  endfacet
  facet normal 0 0 1
    outer loop
      vertex 36.9842 64.8588 2
      vertex 37.4054 42.2841 2
      vertex 37.4054 64.7159 2
    endloop
  endfacet
  facet normal 0 0 1
    outer loop
      vertex 36.9842 64.8588 2
      vertex 36.9842 42.1412 2
      vertex 37.4054 42.2841 2
    endloop
  endfacet
  facet normal 0 0 1
    outer loop
      vertex 36.5854 65.0555 2
      vertex 36.9842 42.1412 2
      vertex 36.9842 64.8588 2
    endloop
  endfacet
  facet normal 0 0 1
    outer loop
      vertex 36.5854 65.0555 2
      vertex 36.5854 41.9445 2
      vertex 36.9842 42.1412 2
    endloop
  endfacet
  facet normal 0 0 1
    outer loop
      vertex 36.2156 65.3026 2
      vertex 36.5854 41.9445 2
      vertex 36.5854 65.0555 2
    endloop
  endfacet
  facet normal 0 0 1
    outer loop
      vertex 36.2156 65.3026 2
      vertex 36.2156 41.6974 2
      vertex 36.5854 41.9445 2
    endloop
  endfacet
  facet normal 0 0 1
    outer loop
      vertex 35.8812 65.5958 2
      vertex 36.2156 41.6974 2
      vertex 36.2156 65.3026 2
    endloop
  endfacet
  facet normal 0 0 1
    outer loop
      vertex 35.8812 65.5958 2
      vertex 35.8812 41.4042 2
      vertex 36.2156 41.6974 2
    endloop
  endfacet
  facet normal 0 0 1
    outer loop
      vertex 35.588 65.9302 2
      vertex 35.8812 41.4042 2
      vertex 35.8812 65.5958 2
    endloop
  endfacet
  facet normal 0 0 1
    outer loop
      vertex 35.588 65.9302 2
      vertex 35.588 41.0698 2
      vertex 35.8812 41.4042 2
    endloop
  endfacet
  facet normal 0 0 1
    outer loop
      vertex 35.3409 66.3 2
      vertex 35.588 41.0698 2
      vertex 35.588 65.9302 2
    endloop
  endfacet
  facet normal 0 0 1
    outer loop
      vertex 35.3409 66.3 2
      vertex 35.3409 40.7 2
      vertex 35.588 41.0698 2
    endloop
  endfacet
  facet normal 0 0 1
    outer loop
      vertex 35.1442 66.6989 2
      vertex 35.3409 40.7 2
      vertex 35.3409 66.3 2
    endloop
  endfacet
  facet normal 0 0 1
    outer loop
      vertex 35.1442 66.6989 2
      vertex 35.1442 40.3011 2
      vertex 35.3409 40.7 2
    endloop
  endfacet
  facet normal -0 0 1
    outer loop
      vertex 19.5035 82.327 2
      vertex 35.3409 69.7 2
      vertex 19.6215 82.4305 2
    endloop
  endfacet
  facet normal 0 0 1
    outer loop
      vertex 35.1442 66.6989 2
      vertex 19.973 26.128 2
      vertex 35.1442 40.3011 2
    endloop
  endfacet
  facet normal 0 0 1
    outer loop
      vertex 35.588 70.0698 2
      vertex 19.6215 82.4305 2
      vertex 35.3409 69.7 2
    endloop
  endfacet
  facet normal 0 0 1
    outer loop
      vertex 35.1442 40.3011 2
      vertex 19.973 26.128 2
      vertex 35.0012 39.88 2
    endloop
  endfacet
  facet normal -0 0 1
    outer loop
      vertex 19.6215 82.4305 2
      vertex 35.588 70.0698 2
      vertex 19.725 82.5485 2
    endloop
  endfacet
  facet normal 0 0 1
    outer loop
      vertex 35.0012 39.88 2
      vertex 19.973 26.128 2
      vertex 34.9145 39.4438 2
    endloop
  endfacet
  facet normal 0 0 1
    outer loop
      vertex 74.961 23.4742 2
      vertex 57.6447 52.3356 2
      vertex 57.655 52.179 2
    endloop
  endfacet
  facet normal 0 0 1
    outer loop
      vertex 57.892 93.9408 2
      vertex 57.6141 52.4896 2
      vertex 57.6447 52.3356 2
    endloop
  endfacet
  facet normal 0 0 1
    outer loop
      vertex 56.9142 53.2877 2
      vertex 57.7512 93.8713 2
      vertex 57.6026 93.8209 2
    endloop
  endfacet
  facet normal 0 0 1
    outer loop
      vertex 57.892 93.9408 2
      vertex 57.5637 52.6382 2
      vertex 57.6141 52.4896 2
    endloop
  endfacet
  facet normal 0 0 1
    outer loop
      vertex 57.892 93.9408 2
      vertex 57.4942 52.779 2
      vertex 57.5637 52.6382 2
    endloop
  endfacet
  facet normal 0 0 1
    outer loop
      vertex 41.5695 68.88 2
      vertex 57.6026 93.8209 2
      vertex 57.4486 93.7903 2
    endloop
  endfacet
  facet normal 0 0 1
    outer loop
      vertex 57.892 93.9408 2
      vertex 57.407 52.9095 2
      vertex 57.4942 52.779 2
    endloop
  endfacet
  facet normal 0 0 1
    outer loop
      vertex 57.892 93.9408 2
      vertex 57.3035 53.0275 2
      vertex 57.407 52.9095 2
    endloop
  endfacet
  facet normal 0 0 1
    outer loop
      vertex 41.4266 69.3011 2
      vertex 57.4486 93.7903 2
      vertex 57.292 93.78 2
    endloop
  endfacet
  facet normal 0 0 1
    outer loop
      vertex 57.892 93.9408 2
      vertex 57.1855 53.131 2
      vertex 57.3035 53.0275 2
    endloop
  endfacet
  facet normal 0 0 1
    outer loop
      vertex 41.2299 69.7 2
      vertex 57.292 93.78 2
      vertex 57.1354 93.7903 2
    endloop
  endfacet
  facet normal 0 0 1
    outer loop
      vertex 57.892 93.9408 2
      vertex 57.055 53.2182 2
      vertex 57.1855 53.131 2
    endloop
  endfacet
  facet normal 0 0 1
    outer loop
      vertex 41.2299 69.7 2
      vertex 57.1354 93.7903 2
      vertex 56.9814 93.8209 2
    endloop
  endfacet
  facet normal 0 0 1
    outer loop
      vertex 57.7512 93.8713 2
      vertex 56.9142 53.2877 2
      vertex 57.055 53.2182 2
    endloop
  endfacet
  facet normal 0 0 1
    outer loop
      vertex 40.9828 70.0698 2
      vertex 56.9814 93.8209 2
      vertex 56.8328 93.8713 2
    endloop
  endfacet
  facet normal 0 0 1
    outer loop
      vertex 57.6026 93.8209 2
      vertex 56.7656 53.3381 2
      vertex 56.9142 53.2877 2
    endloop
  endfacet
  facet normal 0 0 1
    outer loop
      vertex 40.6895 70.4042 2
      vertex 56.8328 93.8713 2
      vertex 56.692 93.9408 2
    endloop
  endfacet
  facet normal 0 0 1
    outer loop
      vertex 57.6026 93.8209 2
      vertex 41.5695 68.88 2
      vertex 56.7656 53.3381 2
    endloop
  endfacet
  facet normal 0 0 1
    outer loop
      vertex 40.3552 70.6974 2
      vertex 56.692 93.9408 2
      vertex 56.5615 94.028 2
    endloop
  endfacet
  facet normal -0 -0 1
    outer loop
      vertex 41.6563 68.4438 2
      vertex 56.7656 53.3381 2
      vertex 41.5695 68.88 2
    endloop
  endfacet
  facet normal 0 0 1
    outer loop
      vertex 39.9854 70.9445 2
      vertex 56.5615 94.028 2
      vertex 56.4435 94.1315 2
    endloop
  endfacet
  facet normal 0 0 1
    outer loop
      vertex 39.5865 71.1412 2
      vertex 56.4435 94.1315 2
      vertex 56.34 94.2495 2
    endloop
  endfacet
  facet normal 0 0 1
    outer loop
      vertex 56.7656 53.3381 2
      vertex 41.6563 68.4438 2
      vertex 56.6116 53.3687 2
    endloop
  endfacet
  facet normal 0 0 1
    outer loop
      vertex 39.1654 71.2841 2
      vertex 56.34 94.2495 2
      vertex 56.2528 94.38 2
    endloop
  endfacet
  facet normal 0 0 1
    outer loop
      vertex 38.7292 71.3709 2
      vertex 56.2528 94.38 2
      vertex 56.1833 94.5208 2
    endloop
  endfacet
  facet normal 0 0 1
    outer loop
      vertex 56.6116 53.3687 2
      vertex 41.6563 68.4438 2
      vertex 56.455 53.379 2
    endloop
  endfacet
  facet normal 0 0 1
    outer loop
      vertex 38.7292 71.3709 2
      vertex 56.1833 94.5208 2
      vertex 56.1329 94.6694 2
    endloop
  endfacet
  facet normal 0 0 1
    outer loop
      vertex 19.8817 83.7382 2
      vertex 56.1329 94.6694 2
      vertex 56.1023 94.8234 2
    endloop
  endfacet
  facet normal 0 0 1
    outer loop
      vertex 19.8122 83.879 2
      vertex 56.1023 94.8234 2
      vertex 56.092 94.98 2
    endloop
  endfacet
  facet normal -0 -0 1
    outer loop
      vertex 41.6854 68 2
      vertex 56.455 53.379 2
      vertex 41.6563 68.4438 2
    endloop
  endfacet
  facet normal 0 0 1
    outer loop
      vertex 67.2009 21.9306 2
      vertex 62.0939 25.288 2
      vertex 66.7648 21.278 2
    endloop
  endfacet
  facet normal 0 0 1
    outer loop
      vertex 65.961 18.278 2
      vertex 62.492 10.4607 2
      vertex 62.504 10.278 2
    endloop
  endfacet
  facet normal -0 0 1
    outer loop
      vertex 61.9563 25.1673 2
      vertex 66.7648 21.278 2
      vertex 62.0939 25.288 2
    endloop
  endfacet
  facet normal 0 0 1
    outer loop
      vertex 65.961 18.278 2
      vertex 62.4563 10.6403 2
      vertex 62.492 10.4607 2
    endloop
  endfacet
  facet normal -0 0 1
    outer loop
      vertex 61.804 25.0656 2
      vertex 66.7648 21.278 2
      vertex 61.9563 25.1673 2
    endloop
  endfacet
  facet normal 0 0 1
    outer loop
      vertex 65.961 18.278 2
      vertex 62.3974 10.8138 2
      vertex 62.4563 10.6403 2
    endloop
  endfacet
  facet normal 0 0 1
    outer loop
      vertex 66.7648 21.278 2
      vertex 61.804 25.0656 2
      vertex 66.4177 20.5741 2
    endloop
  endfacet
  facet normal 0 0 1
    outer loop
      vertex 65.961 18.278 2
      vertex 62.3164 10.978 2
      vertex 62.3974 10.8138 2
    endloop
  endfacet
  facet normal -0 0 1
    outer loop
      vertex 61.6398 24.9846 2
      vertex 66.4177 20.5741 2
      vertex 61.804 25.0656 2
    endloop
  endfacet
  facet normal 0 0 1
    outer loop
      vertex 65.961 18.278 2
      vertex 62.2147 11.1303 2
      vertex 62.3164 10.978 2
    endloop
  endfacet
  facet normal 0 0 1
    outer loop
      vertex 66.4177 20.5741 2
      vertex 61.6398 24.9846 2
      vertex 66.1654 19.8309 2
    endloop
  endfacet
  facet normal 0 0 1
    outer loop
      vertex 65.961 18.278 2
      vertex 62.0939 11.2679 2
      vertex 62.2147 11.1303 2
    endloop
  endfacet
  facet normal -0 0 1
    outer loop
      vertex 61.4663 24.9257 2
      vertex 66.1654 19.8309 2
      vertex 61.6398 24.9846 2
    endloop
  endfacet
  facet normal 0 0 1
    outer loop
      vertex 65.961 18.278 2
      vertex 61.9563 11.3887 2
      vertex 62.0939 11.2679 2
    endloop
  endfacet
  facet normal -0 0 1
    outer loop
      vertex 61.2867 24.89 2
      vertex 66.1654 19.8309 2
      vertex 61.4663 24.9257 2
    endloop
  endfacet
  facet normal 0 0 1
    outer loop
      vertex 65.961 18.278 2
      vertex 61.804 11.4904 2
      vertex 61.9563 11.3887 2
    endloop
  endfacet
  facet normal 0 0 1
    outer loop
      vertex 66.1654 19.8309 2
      vertex 61.2867 24.89 2
      vertex 66.0123 19.0612 2
    endloop
  endfacet
  facet normal 0 0 1
    outer loop
      vertex 65.961 18.278 2
      vertex 61.6398 11.5714 2
      vertex 61.804 11.4904 2
    endloop
  endfacet
  facet normal -0 0 1
    outer loop
      vertex 61.104 24.878 2
      vertex 66.0123 19.0612 2
      vertex 61.2867 24.89 2
    endloop
  endfacet
  facet normal 0 0 1
    outer loop
      vertex 65.961 18.278 2
      vertex 61.4663 11.6303 2
      vertex 61.6398 11.5714 2
    endloop
  endfacet
  facet normal 0 0 1
    outer loop
      vertex 60.9213 24.89 2
      vertex 66.0123 19.0612 2
      vertex 61.104 24.878 2
    endloop
  endfacet
  facet normal 0 0 1
    outer loop
      vertex 65.961 18.278 2
      vertex 61.2867 11.666 2
      vertex 61.4663 11.6303 2
    endloop
  endfacet
  facet normal 0 0 1
    outer loop
      vertex 66.0123 19.0612 2
      vertex 60.9213 24.89 2
      vertex 65.961 18.278 2
    endloop
  endfacet
  facet normal 0 0 1
    outer loop
      vertex 65.961 18.278 2
      vertex 61.104 11.678 2
      vertex 61.2867 11.666 2
    endloop
  endfacet
  facet normal 0 0 1
    outer loop
      vertex 60.7417 24.9257 2
      vertex 65.961 18.278 2
      vertex 60.9213 24.89 2
    endloop
  endfacet
  facet normal 0 0 1
    outer loop
      vertex 65.961 18.278 2
      vertex 60.9213 11.666 2
      vertex 61.104 11.678 2
    endloop
  endfacet
  facet normal 0 0 1
    outer loop
      vertex 60.7417 11.6303 2
      vertex 65.961 18.278 2
      vertex 60.7417 24.9257 2
    endloop
  endfacet
  facet normal 0 0 1
    outer loop
      vertex 65.961 18.278 2
      vertex 60.7417 11.6303 2
      vertex 60.9213 11.666 2
    endloop
  endfacet
  facet normal 0 0 1
    outer loop
      vertex 60.5682 24.9846 2
      vertex 60.7417 11.6303 2
      vertex 60.7417 24.9257 2
    endloop
  endfacet
  facet normal 0 0 1
    outer loop
      vertex 60.5682 24.9846 2
      vertex 60.5682 11.5714 2
      vertex 60.7417 11.6303 2
    endloop
  endfacet
  facet normal 0 0 1
    outer loop
      vertex 60.404 25.0656 2
      vertex 60.5682 11.5714 2
      vertex 60.5682 24.9846 2
    endloop
  endfacet
  facet normal 0 0 1
    outer loop
      vertex 60.404 25.0656 2
      vertex 60.404 11.4904 2
      vertex 60.5682 11.5714 2
    endloop
  endfacet
  facet normal 0 0 1
    outer loop
      vertex 60.2517 25.1673 2
      vertex 60.404 11.4904 2
      vertex 60.404 25.0656 2
    endloop
  endfacet
  facet normal 0 0 1
    outer loop
      vertex 60.2517 25.1673 2
      vertex 60.2517 11.3887 2
      vertex 60.404 11.4904 2
    endloop
  endfacet
  facet normal 0 0 1
    outer loop
      vertex 60.1141 25.288 2
      vertex 60.2517 11.3887 2
      vertex 60.2517 25.1673 2
    endloop
  endfacet
  facet normal 0 0 1
    outer loop
      vertex 60.1141 25.288 2
      vertex 60.1141 11.2679 2
      vertex 60.2517 11.3887 2
    endloop
  endfacet
  facet normal 0 0 1
    outer loop
      vertex 59.9933 25.4257 2
      vertex 60.1141 11.2679 2
      vertex 60.1141 25.288 2
    endloop
  endfacet
  facet normal 0 0 1
    outer loop
      vertex 59.9933 25.4257 2
      vertex 59.9933 11.1303 2
      vertex 60.1141 11.2679 2
    endloop
  endfacet
  facet normal 0 0 1
    outer loop
      vertex 59.8916 25.578 2
      vertex 59.9933 11.1303 2
      vertex 59.9933 25.4257 2
    endloop
  endfacet
  facet normal 0 0 1
    outer loop
      vertex 59.8916 25.578 2
      vertex 59.8916 10.978 2
      vertex 59.9933 11.1303 2
    endloop
  endfacet
  facet normal 0 0 1
    outer loop
      vertex 40 7.078 2
      vertex 59.8916 25.578 2
      vertex 59.8106 25.7422 2
    endloop
  endfacet
  facet normal 0 0 1
    outer loop
      vertex 59.8916 25.578 2
      vertex 40 7.078 2
      vertex 59.8916 10.978 2
    endloop
  endfacet
  facet normal 0 0 1
    outer loop
      vertex 40 7.078 2
      vertex 59.8106 25.7422 2
      vertex 59.7517 25.9157 2
    endloop
  endfacet
  facet normal 0 0 1
    outer loop
      vertex 59.8916 10.978 2
      vertex 40 7.078 2
      vertex 59.8106 10.8138 2
    endloop
  endfacet
  facet normal 0 0 1
    outer loop
      vertex 39.5865 35.8588 2
      vertex 59.7517 25.9157 2
      vertex 59.716 26.0953 2
    endloop
  endfacet
  facet normal 0 0 1
    outer loop
      vertex 59.8106 10.8138 2
      vertex 40 7.078 2
      vertex 59.7517 10.6403 2
    endloop
  endfacet
  facet normal 0 0 1
    outer loop
      vertex 39.9854 36.0555 2
      vertex 59.716 26.0953 2
      vertex 59.704 26.278 2
    endloop
  endfacet
  facet normal 0 0 1
    outer loop
      vertex 59.7517 10.6403 2
      vertex 40 7.078 2
      vertex 59.716 10.4607 2
    endloop
  endfacet
  facet normal -0 0 1
    outer loop
      vertex 77.7566 16.7251 2
      vertex 81.6102 9.07188 2
      vertex 77.9097 17.4948 2
    endloop
  endfacet
  facet normal -0 0 1
    outer loop
      vertex 77.5043 15.9819 2
      vertex 81.6102 9.07188 2
      vertex 77.7566 16.7251 2
    endloop
  endfacet
  facet normal -0 0 1
    outer loop
      vertex 77.1572 15.278 2
      vertex 81.6102 9.07188 2
      vertex 77.5043 15.9819 2
    endloop
  endfacet
  facet normal 0 0 1
    outer loop
      vertex 81.6102 9.07188 2
      vertex 77.1572 15.278 2
      vertex 80.883 9.00348 2
    endloop
  endfacet
  facet normal -0 0 1
    outer loop
      vertex 76.7211 14.6254 2
      vertex 80.883 9.00348 2
      vertex 77.1572 15.278 2
    endloop
  endfacet
  facet normal -0 0 1
    outer loop
      vertex 76.2036 14.0354 2
      vertex 80.883 9.00348 2
      vertex 76.7211 14.6254 2
    endloop
  endfacet
  facet normal -0 0 1
    outer loop
      vertex 75.6136 13.5179 2
      vertex 80.883 9.00348 2
      vertex 76.2036 14.0354 2
    endloop
  endfacet
  facet normal -0 0 1
    outer loop
      vertex 74.961 13.0818 2
      vertex 80.883 9.00348 2
      vertex 75.6136 13.5179 2
    endloop
  endfacet
  facet normal -0 0 1
    outer loop
      vertex 74.2571 12.7347 2
      vertex 80.883 9.00348 2
      vertex 74.961 13.0818 2
    endloop
  endfacet
  facet normal 0 0 1
    outer loop
      vertex 71.3217 7.15906 2
      vertex 74.2571 12.7347 2
      vertex 73.5139 12.4824 2
    endloop
  endfacet
  facet normal 0 0 1
    outer loop
      vertex 71.3217 7.15906 2
      vertex 73.5139 12.4824 2
      vertex 72.7442 12.3293 2
    endloop
  endfacet
  facet normal 0 0 1
    outer loop
      vertex 71.3217 7.15906 2
      vertex 72.7442 12.3293 2
      vertex 71.961 12.278 2
    endloop
  endfacet
  facet normal 0 0 1
    outer loop
      vertex 74.2571 12.7347 2
      vertex 71.3217 7.15906 2
      vertex 80.883 9.00348 2
    endloop
  endfacet
  facet normal 0 0 1
    outer loop
      vertex 71.1778 12.3293 2
      vertex 71.3217 7.15906 2
      vertex 71.961 12.278 2
    endloop
  endfacet
  facet normal 0 0 1
    outer loop
      vertex 71.3217 7.15906 2
      vertex 71.1778 12.3293 2
      vertex 71.2743 7.15225 2
    endloop
  endfacet
  facet normal 0 0 1
    outer loop
      vertex 71.1778 12.3293 2
      vertex 70.5163 7.08025 2
      vertex 71.2743 7.15225 2
    endloop
  endfacet
  facet normal 0 0 1
    outer loop
      vertex 71.1778 12.3293 2
      vertex 70.469 7.078 2
      vertex 70.5163 7.08025 2
    endloop
  endfacet
  facet normal 0 0 1
    outer loop
      vertex 70.4081 12.4824 2
      vertex 70.469 7.078 2
      vertex 71.1778 12.3293 2
    endloop
  endfacet
  facet normal 0 0 1
    outer loop
      vertex 69.6649 12.7347 2
      vertex 70.469 7.078 2
      vertex 70.4081 12.4824 2
    endloop
  endfacet
  facet normal 0 0 1
    outer loop
      vertex 68.961 13.0818 2
      vertex 70.469 7.078 2
      vertex 69.6649 12.7347 2
    endloop
  endfacet
  facet normal 0 0 1
    outer loop
      vertex 62.504 10.278 2
      vertex 68.961 13.0818 2
      vertex 68.3084 13.5179 2
    endloop
  endfacet
  facet normal 0 0 1
    outer loop
      vertex 62.504 10.278 2
      vertex 68.3084 13.5179 2
      vertex 67.7184 14.0354 2
    endloop
  endfacet
  facet normal 0 0 1
    outer loop
      vertex 62.504 10.278 2
      vertex 67.7184 14.0354 2
      vertex 67.2009 14.6254 2
    endloop
  endfacet
  facet normal 0 0 1
    outer loop
      vertex 62.504 10.278 2
      vertex 67.2009 14.6254 2
      vertex 66.7648 15.278 2
    endloop
  endfacet
  facet normal 0 0 1
    outer loop
      vertex 62.504 10.278 2
      vertex 66.7648 15.278 2
      vertex 66.4177 15.9819 2
    endloop
  endfacet
  facet normal -0 0 1
    outer loop
      vertex 62.0939 25.288 2
      vertex 67.2009 21.9306 2
      vertex 62.2147 25.4257 2
    endloop
  endfacet
  facet normal 0 0 1
    outer loop
      vertex 65.961 18.278 2
      vertex 62.504 10.278 2
      vertex 66.0123 17.4948 2
    endloop
  endfacet
  facet normal 0 0 1
    outer loop
      vertex 66.0123 17.4948 2
      vertex 62.504 10.278 2
      vertex 66.1654 16.7251 2
    endloop
  endfacet
  facet normal 0 0 1
    outer loop
      vertex 66.1654 16.7251 2
      vertex 62.504 10.278 2
      vertex 66.4177 15.9819 2
    endloop
  endfacet
  facet normal 0 0 1
    outer loop
      vertex 68.961 13.0818 2
      vertex 62.504 10.278 2
      vertex 62.492 10.0953 2
    endloop
  endfacet
  facet normal 0 0 1
    outer loop
      vertex 68.961 13.0818 2
      vertex 62.492 10.0953 2
      vertex 70.469 7.078 2
    endloop
  endfacet
  facet normal -0 0 1
    outer loop
      vertex 62.4563 9.91565 2
      vertex 70.469 7.078 2
      vertex 62.492 10.0953 2
    endloop
  endfacet
  facet normal -0 0 1
    outer loop
      vertex 62.3974 9.74224 2
      vertex 70.469 7.078 2
      vertex 62.4563 9.91565 2
    endloop
  endfacet
  facet normal -0 0 1
    outer loop
      vertex 62.3164 9.578 2
      vertex 70.469 7.078 2
      vertex 62.3974 9.74224 2
    endloop
  endfacet
  facet normal -0 0 1
    outer loop
      vertex 62.2147 9.42573 2
      vertex 70.469 7.078 2
      vertex 62.3164 9.578 2
    endloop
  endfacet
  facet normal -0 0 1
    outer loop
      vertex 62.0939 9.28805 2
      vertex 70.469 7.078 2
      vertex 62.2147 9.42573 2
    endloop
  endfacet
  facet normal -0 0 1
    outer loop
      vertex 61.9563 9.1673 2
      vertex 70.469 7.078 2
      vertex 62.0939 9.28805 2
    endloop
  endfacet
  facet normal -0 0 1
    outer loop
      vertex 61.804 9.06556 2
      vertex 70.469 7.078 2
      vertex 61.9563 9.1673 2
    endloop
  endfacet
  facet normal -0 0 1
    outer loop
      vertex 61.6398 8.98457 2
      vertex 70.469 7.078 2
      vertex 61.804 9.06556 2
    endloop
  endfacet
  facet normal -0 0 1
    outer loop
      vertex 61.4663 8.9257 2
      vertex 70.469 7.078 2
      vertex 61.6398 8.98457 2
    endloop
  endfacet
  facet normal -0 0 1
    outer loop
      vertex 61.2867 8.88998 2
      vertex 70.469 7.078 2
      vertex 61.4663 8.9257 2
    endloop
  endfacet
  facet normal -0 0 1
    outer loop
      vertex 61.104 8.878 2
      vertex 70.469 7.078 2
      vertex 61.2867 8.88998 2
    endloop
  endfacet
  facet normal 0 0 1
    outer loop
      vertex 60.9213 8.88998 2
      vertex 70.469 7.078 2
      vertex 61.104 8.878 2
    endloop
  endfacet
  facet normal -0 0 1
    outer loop
      vertex 56.6116 50.9893 2
      vertex 60.9213 27.666 2
      vertex 56.7656 51.0199 2
    endloop
  endfacet
  facet normal 0 0 1
    outer loop
      vertex 57.6447 52.3356 2
      vertex 58.4817 94.8234 2
      vertex 58.4511 94.6694 2
    endloop
  endfacet
  facet normal 0 0 1
    outer loop
      vertex 57.6447 52.3356 2
      vertex 58.4511 94.6694 2
      vertex 58.4007 94.5208 2
    endloop
  endfacet
  facet normal 0 0 1
    outer loop
      vertex 57.6447 52.3356 2
      vertex 58.4007 94.5208 2
      vertex 58.3312 94.38 2
    endloop
  endfacet
  facet normal 0 0 1
    outer loop
      vertex 57.6447 52.3356 2
      vertex 58.3312 94.38 2
      vertex 58.244 94.2495 2
    endloop
  endfacet
  facet normal 0 0 1
    outer loop
      vertex 57.6447 52.3356 2
      vertex 58.244 94.2495 2
      vertex 58.1405 94.1315 2
    endloop
  endfacet
  facet normal 0 0 1
    outer loop
      vertex 57.6447 52.3356 2
      vertex 58.1405 94.1315 2
      vertex 58.0225 94.028 2
    endloop
  endfacet
  facet normal 0 0 1
    outer loop
      vertex 57.6447 52.3356 2
      vertex 58.0225 94.028 2
      vertex 57.892 93.9408 2
    endloop
  endfacet
  facet normal 0 0 1
    outer loop
      vertex 57.055 53.2182 2
      vertex 57.892 93.9408 2
      vertex 57.7512 93.8713 2
    endloop
  endfacet
  facet normal 0 0 1
    outer loop
      vertex 60.9213 27.666 2
      vertex 56.6116 50.9893 2
      vertex 60.7417 27.6303 2
    endloop
  endfacet
  facet normal -0 0 1
    outer loop
      vertex 56.455 50.979 2
      vertex 60.7417 27.6303 2
      vertex 56.6116 50.9893 2
    endloop
  endfacet
  facet normal 0 0 1
    outer loop
      vertex 60.7417 27.6303 2
      vertex 56.455 50.979 2
      vertex 60.5682 27.5714 2
    endloop
  endfacet
  facet normal 0 0 1
    outer loop
      vertex 56.2984 50.9893 2
      vertex 60.5682 27.5714 2
      vertex 56.455 50.979 2
    endloop
  endfacet
  facet normal 0 0 1
    outer loop
      vertex 60.5682 27.5714 2
      vertex 56.2984 50.9893 2
      vertex 60.404 27.4904 2
    endloop
  endfacet
  facet normal -0 0 1
    outer loop
      vertex 41.6854 39 2
      vertex 60.404 27.4904 2
      vertex 56.2984 50.9893 2
    endloop
  endfacet
  facet normal -0 0 1
    outer loop
      vertex 41.6563 38.5562 2
      vertex 60.404 27.4904 2
      vertex 41.6854 39 2
    endloop
  endfacet
  facet normal 0 0 1
    outer loop
      vertex 60.404 27.4904 2
      vertex 41.6563 38.5562 2
      vertex 60.2517 27.3887 2
    endloop
  endfacet
  facet normal -0 0 1
    outer loop
      vertex 41.5695 38.12 2
      vertex 60.2517 27.3887 2
      vertex 41.6563 38.5562 2
    endloop
  endfacet
  facet normal 0 0 1
    outer loop
      vertex 60.2517 27.3887 2
      vertex 41.5695 38.12 2
      vertex 60.1141 27.2679 2
    endloop
  endfacet
  facet normal 0 0 1
    outer loop
      vertex 60.1141 27.2679 2
      vertex 41.5695 38.12 2
      vertex 59.9933 27.1303 2
    endloop
  endfacet
  facet normal -0 0 1
    outer loop
      vertex 41.4266 37.6989 2
      vertex 59.9933 27.1303 2
      vertex 41.5695 38.12 2
    endloop
  endfacet
  facet normal -0 0 1
    outer loop
      vertex 40.6895 36.5958 2
      vertex 59.7517 26.6403 2
      vertex 40.9828 36.9302 2
    endloop
  endfacet
  facet normal 0 0 1
    outer loop
      vertex 59.9933 27.1303 2
      vertex 41.4266 37.6989 2
      vertex 59.8916 26.978 2
    endloop
  endfacet
  facet normal -0 0 1
    outer loop
      vertex 41.2299 37.3 2
      vertex 59.8916 26.978 2
      vertex 41.4266 37.6989 2
    endloop
  endfacet
  facet normal 0 0 1
    outer loop
      vertex 41.6854 39 2
      vertex 56.2984 50.9893 2
      vertex 56.1444 51.0199 2
    endloop
  endfacet
  facet normal 0 0 1
    outer loop
      vertex 41.6854 39 2
      vertex 56.1444 51.0199 2
      vertex 55.9958 51.0703 2
    endloop
  endfacet
  facet normal 0 0 1
    outer loop
      vertex 41.6854 39 2
      vertex 55.9958 51.0703 2
      vertex 55.855 51.1398 2
    endloop
  endfacet
  facet normal 0 0 1
    outer loop
      vertex 41.6854 39 2
      vertex 55.855 51.1398 2
      vertex 55.7245 51.227 2
    endloop
  endfacet
  facet normal 0 0 1
    outer loop
      vertex 41.6854 39 2
      vertex 55.7245 51.227 2
      vertex 55.6065 51.3305 2
    endloop
  endfacet
  facet normal 0 0 1
    outer loop
      vertex 41.6854 39 2
      vertex 55.6065 51.3305 2
      vertex 55.503 51.4485 2
    endloop
  endfacet
  facet normal 0 0 1
    outer loop
      vertex 41.6854 39 2
      vertex 55.503 51.4485 2
      vertex 55.4158 51.579 2
    endloop
  endfacet
  facet normal 0 0 1
    outer loop
      vertex 41.6854 39 2
      vertex 55.4158 51.579 2
      vertex 55.3463 51.7198 2
    endloop
  endfacet
  facet normal 0 0 1
    outer loop
      vertex 41.6854 39 2
      vertex 55.3463 51.7198 2
      vertex 55.2959 51.8684 2
    endloop
  endfacet
  facet normal 0 0 1
    outer loop
      vertex 41.6854 39 2
      vertex 55.2959 51.8684 2
      vertex 55.2653 52.0224 2
    endloop
  endfacet
  facet normal 0 0 1
    outer loop
      vertex 55.2653 52.3356 2
      vertex 41.6854 39 2
      vertex 55.255 52.179 2
    endloop
  endfacet
  facet normal 0 0 1
    outer loop
      vertex 55.255 52.179 2
      vertex 41.6854 39 2
      vertex 55.2653 52.0224 2
    endloop
  endfacet
  facet normal 0 0 1
    outer loop
      vertex 59.8916 26.978 2
      vertex 41.2299 37.3 2
      vertex 59.8106 26.8138 2
    endloop
  endfacet
  facet normal -0 0 1
    outer loop
      vertex 40.9828 36.9302 2
      vertex 59.8106 26.8138 2
      vertex 41.2299 37.3 2
    endloop
  endfacet
  facet normal 0 0 1
    outer loop
      vertex 59.8106 26.8138 2
      vertex 40.9828 36.9302 2
      vertex 59.7517 26.6403 2
    endloop
  endfacet
  facet normal 0 0 1
    outer loop
      vertex 59.7517 26.6403 2
      vertex 40.6895 36.5958 2
      vertex 59.716 26.4607 2
    endloop
  endfacet
  facet normal -0 0 1
    outer loop
      vertex 40.3552 36.3026 2
      vertex 59.716 26.4607 2
      vertex 40.6895 36.5958 2
    endloop
  endfacet
  facet normal 0 0 1
    outer loop
      vertex 59.716 26.4607 2
      vertex 40.3552 36.3026 2
      vertex 59.704 26.278 2
    endloop
  endfacet
  facet normal -0 0 1
    outer loop
      vertex 39.9854 36.0555 2
      vertex 59.704 26.278 2
      vertex 40.3552 36.3026 2
    endloop
  endfacet
  facet normal 0 0 1
    outer loop
      vertex 59.716 26.0953 2
      vertex 39.9854 36.0555 2
      vertex 39.5865 35.8588 2
    endloop
  endfacet
  facet normal 0 0 1
    outer loop
      vertex 59.716 10.4607 2
      vertex 40 7.078 2
      vertex 59.704 10.278 2
    endloop
  endfacet
  facet normal 0 0 1
    outer loop
      vertex 59.704 10.278 2
      vertex 40 7.078 2
      vertex 59.716 10.0953 2
    endloop
  endfacet
  facet normal 0 0 1
    outer loop
      vertex 59.716 10.0953 2
      vertex 40 7.078 2
      vertex 59.7517 9.91565 2
    endloop
  endfacet
  facet normal 0 0 1
    outer loop
      vertex 59.7517 9.91565 2
      vertex 40 7.078 2
      vertex 59.8106 9.74224 2
    endloop
  endfacet
  facet normal 0 0 1
    outer loop
      vertex 60.9213 8.88998 2
      vertex 40 7.078 2
      vertex 70.469 7.078 2
    endloop
  endfacet
  facet normal 0 0 1
    outer loop
      vertex 60.7417 8.9257 2
      vertex 40 7.078 2
      vertex 60.9213 8.88998 2
    endloop
  endfacet
  facet normal 0 0 1
    outer loop
      vertex 60.5682 8.98457 2
      vertex 40 7.078 2
      vertex 60.7417 8.9257 2
    endloop
  endfacet
  facet normal 0 0 1
    outer loop
      vertex 60.404 9.06556 2
      vertex 40 7.078 2
      vertex 60.5682 8.98457 2
    endloop
  endfacet
  facet normal 0 0 1
    outer loop
      vertex 60.2517 9.1673 2
      vertex 40 7.078 2
      vertex 60.404 9.06556 2
    endloop
  endfacet
  facet normal 0 0 1
    outer loop
      vertex 60.1141 9.28805 2
      vertex 40 7.078 2
      vertex 60.2517 9.1673 2
    endloop
  endfacet
  facet normal 0 0 1
    outer loop
      vertex 59.9933 9.42573 2
      vertex 40 7.078 2
      vertex 60.1141 9.28805 2
    endloop
  endfacet
  facet normal 0 0 1
    outer loop
      vertex 59.8106 9.74224 2
      vertex 40 7.078 2
      vertex 59.8916 9.578 2
    endloop
  endfacet
  facet normal 0 0 1
    outer loop
      vertex 59.8916 9.578 2
      vertex 40 7.078 2
      vertex 59.9933 9.42573 2
    endloop
  endfacet
  facet normal 0 0 1
    outer loop
      vertex 59.7517 25.9157 2
      vertex 39.5865 35.8588 2
      vertex 40 7.078 2
    endloop
  endfacet
  facet normal -0 0 1
    outer loop
      vertex 39.1654 35.7159 2
      vertex 40 7.078 2
      vertex 39.5865 35.8588 2
    endloop
  endfacet
  facet normal -0 0 1
    outer loop
      vertex 38.7292 35.6291 2
      vertex 40 7.078 2
      vertex 39.1654 35.7159 2
    endloop
  endfacet
  facet normal -0 0 1
    outer loop
      vertex 38.2854 35.6 2
      vertex 40 7.078 2
      vertex 38.7292 35.6291 2
    endloop
  endfacet
  facet normal 0 0 1
    outer loop
      vertex 37.8416 35.6291 2
      vertex 40 7.078 2
      vertex 38.2854 35.6 2
    endloop
  endfacet
  facet normal 0 0 1
    outer loop
      vertex 37.4054 35.7159 2
      vertex 40 7.078 2
      vertex 37.8416 35.6291 2
    endloop
  endfacet
  facet normal 0 0 1
    outer loop
      vertex 40 7.078 2
      vertex 37.4054 35.7159 2
      vertex 19.8817 25.6688 2
    endloop
  endfacet
  facet normal 0 0 1
    outer loop
      vertex 19.9321 25.8174 2
      vertex 37.4054 35.7159 2
      vertex 36.9842 35.8588 2
    endloop
  endfacet
  facet normal 0 0 1
    outer loop
      vertex 19.973 26.128 2
      vertex 36.9842 35.8588 2
      vertex 36.5854 36.0555 2
    endloop
  endfacet
  facet normal 0 0 1
    outer loop
      vertex 19.973 26.128 2
      vertex 36.5854 36.0555 2
      vertex 36.2156 36.3026 2
    endloop
  endfacet
  facet normal 0 0 1
    outer loop
      vertex 19.973 26.128 2
      vertex 36.2156 36.3026 2
      vertex 35.8812 36.5958 2
    endloop
  endfacet
  facet normal 0 0 1
    outer loop
      vertex 19.973 26.128 2
      vertex 35.8812 36.5958 2
      vertex 35.588 36.9302 2
    endloop
  endfacet
  facet normal 0 0 1
    outer loop
      vertex 19.973 26.128 2
      vertex 35.588 36.9302 2
      vertex 35.3409 37.3 2
    endloop
  endfacet
  facet normal 0 0 1
    outer loop
      vertex 19.973 26.128 2
      vertex 35.3409 37.3 2
      vertex 35.1442 37.6989 2
    endloop
  endfacet
  facet normal 0 0 1
    outer loop
      vertex 19.973 26.128 2
      vertex 35.1442 37.6989 2
      vertex 35.0012 38.12 2
    endloop
  endfacet
  facet normal 0 0 1
    outer loop
      vertex 19.973 26.128 2
      vertex 35.0012 38.12 2
      vertex 34.9145 38.5562 2
    endloop
  endfacet
  facet normal 0 0 1
    outer loop
      vertex 34.9145 39.4438 2
      vertex 19.973 26.128 2
      vertex 34.8854 39 2
    endloop
  endfacet
  facet normal 0 0 1
    outer loop
      vertex 34.8854 39 2
      vertex 19.973 26.128 2
      vertex 34.9145 38.5562 2
    endloop
  endfacet
  facet normal 0 0 1
    outer loop
      vertex 36.9842 35.8588 2
      vertex 19.973 26.128 2
      vertex 19.9627 25.9714 2
    endloop
  endfacet
  facet normal 0 0 1
    outer loop
      vertex 36.9842 35.8588 2
      vertex 19.9627 25.9714 2
      vertex 19.9321 25.8174 2
    endloop
  endfacet
  facet normal 0 0 1
    outer loop
      vertex 37.4054 35.7159 2
      vertex 19.9321 25.8174 2
      vertex 19.8817 25.6688 2
    endloop
  endfacet
  facet normal -0 0 1
    outer loop
      vertex 19.8122 25.528 2
      vertex 40 7.078 2
      vertex 19.8817 25.6688 2
    endloop
  endfacet
  facet normal -0 0 1
    outer loop
      vertex 19.725 25.3975 2
      vertex 40 7.078 2
      vertex 19.8122 25.528 2
    endloop
  endfacet
  facet normal -0 0 1
    outer loop
      vertex 19.6215 25.2795 2
      vertex 40 7.078 2
      vertex 19.725 25.3975 2
    endloop
  endfacet
  facet normal -0 0 1
    outer loop
      vertex 19.5035 25.176 2
      vertex 40 7.078 2
      vertex 19.6215 25.2795 2
    endloop
  endfacet
  facet normal -0 0 1
    outer loop
      vertex 19.373 25.0888 2
      vertex 40 7.078 2
      vertex 19.5035 25.176 2
    endloop
  endfacet
  facet normal -0 0 1
    outer loop
      vertex 19.2322 25.0193 2
      vertex 40 7.078 2
      vertex 19.373 25.0888 2
    endloop
  endfacet
  facet normal -0 0 1
    outer loop
      vertex 19.0836 24.9689 2
      vertex 40 7.078 2
      vertex 19.2322 25.0193 2
    endloop
  endfacet
  facet normal -0 0 1
    outer loop
      vertex 18.9296 24.9383 2
      vertex 40 7.078 2
      vertex 19.0836 24.9689 2
    endloop
  endfacet
  facet normal 0 0 1
    outer loop
      vertex 5.03754 3 2
      vertex 40 7.078 2
      vertex 18.9296 24.9383 2
    endloop
  endfacet
  facet normal 0 0 1
    outer loop
      vertex 5.03754 3 2
      vertex 18.9296 24.9383 2
      vertex 18.773 24.928 2
    endloop
  endfacet
  facet normal 0 0 1
    outer loop
      vertex 5.03754 3 2
      vertex 18.773 24.928 2
      vertex 18.6164 24.9383 2
    endloop
  endfacet
  facet normal 0 0 1
    outer loop
      vertex 5.03754 3 2
      vertex 18.6164 24.9383 2
      vertex 18.4624 24.9689 2
    endloop
  endfacet
  facet normal 0 0 1
    outer loop
      vertex 5.03754 3 2
      vertex 18.4624 24.9689 2
      vertex 18.3138 25.0193 2
    endloop
  endfacet
  facet normal 0 0 1
    outer loop
      vertex 5.03754 3 2
      vertex 18.3138 25.0193 2
      vertex 18.173 25.0888 2
    endloop
  endfacet
  facet normal 0 0 1
    outer loop
      vertex 5.03754 3 2
      vertex 18.173 25.0888 2
      vertex 18.0425 25.176 2
    endloop
  endfacet
  facet normal 0 0 1
    outer loop
      vertex 5.03754 3 2
      vertex 18.0425 25.176 2
      vertex 17.9245 25.2795 2
    endloop
  endfacet
  facet normal 0 0 1
    outer loop
      vertex 40 7.078 2
      vertex 5.03754 3 2
      vertex 40 3 2
    endloop
  endfacet
  facet normal 0 0 1
    outer loop
      vertex 17.821 25.3975 2
      vertex 5.03754 3 2
      vertex 17.9245 25.2795 2
    endloop
  endfacet
  facet normal 0 0 1
    outer loop
      vertex 17.7338 25.528 2
      vertex 5.03754 3 2
      vertex 17.821 25.3975 2
    endloop
  endfacet
  facet normal 0 0 1
    outer loop
      vertex 17.6643 25.6688 2
      vertex 5.03754 3 2
      vertex 17.7338 25.528 2
    endloop
  endfacet
  facet normal 0 0 1
    outer loop
      vertex 17.6139 25.8174 2
      vertex 5.03754 3 2
      vertex 17.6643 25.6688 2
    endloop
  endfacet
  facet normal 0 0 1
    outer loop
      vertex 17.5833 25.9714 2
      vertex 5.03754 3 2
      vertex 17.6139 25.8174 2
    endloop
  endfacet
  facet normal 0 0 1
    outer loop
      vertex 5.03754 3 2
      vertex 17.5833 25.9714 2
      vertex 17.573 26.128 2
    endloop
  endfacet
  facet normal -0 0 1
    outer loop
      vertex 111.088 67.12 2
      vertex 132.849 47 2
      vertex 111.174 67.5562 2
    endloop
  endfacet
  facet normal 0 0 1
    outer loop
      vertex 132.849 47 2
      vertex 111.174 39.4438 2
      vertex 111.204 39 2
    endloop
  endfacet
  facet normal -0 0 1
    outer loop
      vertex 110.945 66.6989 2
      vertex 132.849 47 2
      vertex 111.088 67.12 2
    endloop
  endfacet
  facet normal 0 0 1
    outer loop
      vertex 132.849 47 2
      vertex 111.088 39.88 2
      vertex 111.174 39.4438 2
    endloop
  endfacet
  facet normal -0 0 1
    outer loop
      vertex 110.748 66.3 2
      vertex 132.849 47 2
      vertex 110.945 66.6989 2
    endloop
  endfacet
  facet normal 0 0 1
    outer loop
      vertex 132.849 47 2
      vertex 110.945 40.3011 2
      vertex 111.088 39.88 2
    endloop
  endfacet
  facet normal -0 0 1
    outer loop
      vertex 110.501 65.9302 2
      vertex 132.849 47 2
      vertex 110.748 66.3 2
    endloop
  endfacet
  facet normal 0 0 1
    outer loop
      vertex 132.849 47 2
      vertex 110.748 40.7 2
      vertex 110.945 40.3011 2
    endloop
  endfacet
  facet normal -0 0 1
    outer loop
      vertex 110.208 65.5958 2
      vertex 132.849 47 2
      vertex 110.501 65.9302 2
    endloop
  endfacet
  facet normal 0 0 1
    outer loop
      vertex 132.849 47 2
      vertex 110.501 41.0698 2
      vertex 110.748 40.7 2
    endloop
  endfacet
  facet normal -0 0 1
    outer loop
      vertex 109.873 65.3026 2
      vertex 132.849 47 2
      vertex 110.208 65.5958 2
    endloop
  endfacet
  facet normal 0 0 1
    outer loop
      vertex 132.849 47 2
      vertex 110.208 41.4042 2
      vertex 110.501 41.0698 2
    endloop
  endfacet
  facet normal 0 0 1
    outer loop
      vertex 109.873 41.6974 2
      vertex 132.849 47 2
      vertex 109.873 65.3026 2
    endloop
  endfacet
  facet normal 0 0 1
    outer loop
      vertex 132.849 47 2
      vertex 109.873 41.6974 2
      vertex 110.208 41.4042 2
    endloop
  endfacet
  facet normal -0 0 1
    outer loop
      vertex 109.504 65.0555 2
      vertex 109.873 41.6974 2
      vertex 109.873 65.3026 2
    endloop
  endfacet
  facet normal 0 0 1
    outer loop
      vertex 109.504 65.0555 2
      vertex 109.504 41.9445 2
      vertex 109.873 41.6974 2
    endloop
  endfacet
  facet normal -0 0 1
    outer loop
      vertex 109.105 64.8588 2
      vertex 109.504 41.9445 2
      vertex 109.504 65.0555 2
    endloop
  endfacet
  facet normal 0 0 1
    outer loop
      vertex 109.105 64.8588 2
      vertex 109.105 42.1412 2
      vertex 109.504 41.9445 2
    endloop
  endfacet
  facet normal -0 0 1
    outer loop
      vertex 108.684 64.7159 2
      vertex 109.105 42.1412 2
      vertex 109.105 64.8588 2
    endloop
  endfacet
  facet normal 0 0 1
    outer loop
      vertex 108.684 64.7159 2
      vertex 108.684 42.2841 2
      vertex 109.105 42.1412 2
    endloop
  endfacet
  facet normal -0 0 1
    outer loop
      vertex 108.247 64.6291 2
      vertex 108.684 42.2841 2
      vertex 108.684 64.7159 2
    endloop
  endfacet
  facet normal 0 0 1
    outer loop
      vertex 108.247 64.6291 2
      vertex 108.247 42.3709 2
      vertex 108.684 42.2841 2
    endloop
  endfacet
  facet normal -0 0 1
    outer loop
      vertex 107.804 64.6 2
      vertex 108.247 42.3709 2
      vertex 108.247 64.6291 2
    endloop
  endfacet
  facet normal 0 0 1
    outer loop
      vertex 107.804 64.6 2
      vertex 107.804 42.4 2
      vertex 108.247 42.3709 2
    endloop
  endfacet
  facet normal 0 0 1
    outer loop
      vertex 96.5817 52.0356 2
      vertex 107.804 64.6 2
      vertex 107.36 64.6291 2
    endloop
  endfacet
  facet normal 0 0 1
    outer loop
      vertex 107.804 64.6 2
      vertex 96.5817 52.0356 2
      vertex 107.804 42.4 2
    endloop
  endfacet
  facet normal 0 0 1
    outer loop
      vertex 96.5007 52.3382 2
      vertex 107.36 64.6291 2
      vertex 106.924 64.7159 2
    endloop
  endfacet
  facet normal 0 0 1
    outer loop
      vertex 107.804 42.4 2
      vertex 96.5817 52.0356 2
      vertex 107.36 42.3709 2
    endloop
  endfacet
  facet normal 0 0 1
    outer loop
      vertex 96.4312 52.479 2
      vertex 106.924 64.7159 2
      vertex 106.502 64.8588 2
    endloop
  endfacet
  facet normal -0 -0 1
    outer loop
      vertex 96.592 51.879 2
      vertex 107.36 42.3709 2
      vertex 96.5817 52.0356 2
    endloop
  endfacet
  facet normal 0 0 1
    outer loop
      vertex 96.344 52.6095 2
      vertex 106.502 64.8588 2
      vertex 106.104 65.0555 2
    endloop
  endfacet
  facet normal -0 0 1
    outer loop
      vertex 96.5817 51.7224 2
      vertex 107.36 42.3709 2
      vertex 96.592 51.879 2
    endloop
  endfacet
  facet normal 0 0 1
    outer loop
      vertex 96.2405 52.7275 2
      vertex 106.104 65.0555 2
      vertex 105.734 65.3026 2
    endloop
  endfacet
  facet normal 0 0 1
    outer loop
      vertex 107.36 42.3709 2
      vertex 96.5817 51.7224 2
      vertex 106.924 42.2841 2
    endloop
  endfacet
  facet normal 0 0 1
    outer loop
      vertex 95.992 52.9182 2
      vertex 105.734 65.3026 2
      vertex 105.399 65.5958 2
    endloop
  endfacet
  facet normal -0 0 1
    outer loop
      vertex 96.5511 51.5684 2
      vertex 106.924 42.2841 2
      vertex 96.5817 51.7224 2
    endloop
  endfacet
  facet normal 0 0 1
    outer loop
      vertex 95.8512 52.9877 2
      vertex 105.399 65.5958 2
      vertex 105.106 65.9302 2
    endloop
  endfacet
  facet normal 0 0 1
    outer loop
      vertex 106.924 42.2841 2
      vertex 96.5511 51.5684 2
      vertex 106.502 42.1412 2
    endloop
  endfacet
  facet normal 0 0 1
    outer loop
      vertex 95.7026 53.0381 2
      vertex 105.106 65.9302 2
      vertex 104.859 66.3 2
    endloop
  endfacet
  facet normal -0 0 1
    outer loop
      vertex 96.5007 51.4198 2
      vertex 106.502 42.1412 2
      vertex 96.5511 51.5684 2
    endloop
  endfacet
  facet normal 0 0 1
    outer loop
      vertex 95.5486 53.0687 2
      vertex 104.859 66.3 2
      vertex 104.662 66.6989 2
    endloop
  endfacet
  facet normal 0 0 1
    outer loop
      vertex 106.502 42.1412 2
      vertex 96.5007 51.4198 2
      vertex 106.104 41.9445 2
    endloop
  endfacet
  facet normal 0 0 1
    outer loop
      vertex 95.392 53.079 2
      vertex 104.662 66.6989 2
      vertex 104.519 67.12 2
    endloop
  endfacet
  facet normal -0 0 1
    outer loop
      vertex 96.4312 51.279 2
      vertex 106.104 41.9445 2
      vertex 96.5007 51.4198 2
    endloop
  endfacet
  facet normal 0 0 1
    outer loop
      vertex 95.0814 53.0381 2
      vertex 104.519 67.12 2
      vertex 104.433 67.5562 2
    endloop
  endfacet
  facet normal 0 0 1
    outer loop
      vertex 106.104 41.9445 2
      vertex 96.4312 51.279 2
      vertex 105.734 41.6974 2
    endloop
  endfacet
  facet normal 0 0 1
    outer loop
      vertex 94.9328 52.9877 2
      vertex 104.433 67.5562 2
      vertex 104.404 68 2
    endloop
  endfacet
  facet normal -0 0 1
    outer loop
      vertex 96.344 51.1485 2
      vertex 105.734 41.6974 2
      vertex 96.4312 51.279 2
    endloop
  endfacet
  facet normal 0 0 1
    outer loop
      vertex 144.086 116.53 2
      vertex 147.086 113.53 2
      vertex 147.061 113.922 2
    endloop
  endfacet
  facet normal 0 0 1
    outer loop
      vertex 147.086 113.53 2
      vertex 144.568 47 2
      vertex 147.086 0 2
    endloop
  endfacet
  facet normal 0 0 1
    outer loop
      vertex 144.086 116.53 2
      vertex 147.061 113.922 2
      vertex 146.984 114.306 2
    endloop
  endfacet
  facet normal 0 0 1
    outer loop
      vertex 144.568 -2.9565 2
      vertex 147.086 0 2
      vertex 144.568 47 2
    endloop
  endfacet
  facet normal 0 0 1
    outer loop
      vertex 144.086 116.53 2
      vertex 146.984 114.306 2
      vertex 146.858 114.678 2
    endloop
  endfacet
  facet normal 0 0 1
    outer loop
      vertex 147.086 0 2
      vertex 144.568 -2.9565 2
      vertex 147.061 -0.391571 2
    endloop
  endfacet
  facet normal 0 0 1
    outer loop
      vertex 144.086 116.53 2
      vertex 146.858 114.678 2
      vertex 146.684 115.03 2
    endloop
  endfacet
  facet normal 0 0 1
    outer loop
      vertex 147.061 -0.391571 2
      vertex 144.568 -2.9565 2
      vertex 146.984 -0.776459 2
    endloop
  endfacet
  facet normal 0 0 1
    outer loop
      vertex 144.086 116.53 2
      vertex 146.684 115.03 2
      vertex 146.466 115.356 2
    endloop
  endfacet
  facet normal 0 0 1
    outer loop
      vertex 146.984 -0.776459 2
      vertex 144.568 -2.9565 2
      vertex 146.858 -1.14806 2
    endloop
  endfacet
  facet normal 0 0 1
    outer loop
      vertex 144.086 116.53 2
      vertex 146.466 115.356 2
      vertex 146.208 115.651 2
    endloop
  endfacet
  facet normal 0 0 1
    outer loop
      vertex 146.858 -1.14806 2
      vertex 144.568 -2.9565 2
      vertex 146.684 -1.5 2
    endloop
  endfacet
  facet normal 0 0 1
    outer loop
      vertex 144.086 116.53 2
      vertex 146.208 115.651 2
      vertex 145.913 115.91 2
    endloop
  endfacet
  facet normal 0 0 1
    outer loop
      vertex 146.684 -1.5 2
      vertex 144.568 -2.9565 2
      vertex 146.466 -1.82628 2
    endloop
  endfacet
  facet normal 0 0 1
    outer loop
      vertex 144.086 116.53 2
      vertex 145.913 115.91 2
      vertex 145.586 116.128 2
    endloop
  endfacet
  facet normal 0 0 1
    outer loop
      vertex 146.466 -1.82628 2
      vertex 144.568 -2.9565 2
      vertex 146.208 -2.12132 2
    endloop
  endfacet
  facet normal 0 0 1
    outer loop
      vertex 144.086 116.53 2
      vertex 145.586 116.128 2
      vertex 145.234 116.302 2
    endloop
  endfacet
  facet normal 0 0 1
    outer loop
      vertex 146.208 -2.12132 2
      vertex 144.568 -2.9565 2
      vertex 145.913 -2.38007 2
    endloop
  endfacet
  facet normal 0 0 1
    outer loop
      vertex 144.086 116.53 2
      vertex 145.234 116.302 2
      vertex 144.863 116.428 2
    endloop
  endfacet
  facet normal 0 0 1
    outer loop
      vertex 145.913 -2.38007 2
      vertex 144.568 -2.9565 2
      vertex 145.586 -2.59808 2
    endloop
  endfacet
  facet normal 0 0 1
    outer loop
      vertex 145.586 -2.59808 2
      vertex 144.568 -2.9565 2
      vertex 145.234 -2.77164 2
    endloop
  endfacet
  facet normal 0 0 1
    outer loop
      vertex 144.086 116.53 2
      vertex 144.863 116.428 2
      vertex 144.478 116.504 2
    endloop
  endfacet
  facet normal 0 0 1
    outer loop
      vertex 109.504 70.9445 2
      vertex 147.086 113.53 2
      vertex 144.086 116.53 2
    endloop
  endfacet
  facet normal 0 0 1
    outer loop
      vertex 147.086 113.53 2
      vertex 110.945 69.3011 2
      vertex 144.568 47 2
    endloop
  endfacet
  facet normal -0 0 1
    outer loop
      vertex 129.634 25.4665 2
      vertex 132.849 22.782 2
      vertex 132.849 47 2
    endloop
  endfacet
  facet normal 0 0 1
    outer loop
      vertex 132.849 22.782 2
      vertex 129.975 24.7746 2
      vertex 129.985 24.618 2
    endloop
  endfacet
  facet normal 0 0 1
    outer loop
      vertex 132.849 22.782 2
      vertex 129.944 24.9286 2
      vertex 129.975 24.7746 2
    endloop
  endfacet
  facet normal 0 0 1
    outer loop
      vertex 132.849 22.782 2
      vertex 129.894 25.0772 2
      vertex 129.944 24.9286 2
    endloop
  endfacet
  facet normal 0 0 1
    outer loop
      vertex 132.849 22.782 2
      vertex 129.824 25.218 2
      vertex 129.894 25.0772 2
    endloop
  endfacet
  facet normal 0 0 1
    outer loop
      vertex 132.849 22.782 2
      vertex 129.737 25.3485 2
      vertex 129.824 25.218 2
    endloop
  endfacet
  facet normal 0 0 1
    outer loop
      vertex 132.849 22.782 2
      vertex 129.634 25.4665 2
      vertex 129.737 25.3485 2
    endloop
  endfacet
  facet normal 0 0 1
    outer loop
      vertex 132.849 47 2
      vertex 129.516 25.57 2
      vertex 129.634 25.4665 2
    endloop
  endfacet
  facet normal 0 0 1
    outer loop
      vertex 132.849 47 2
      vertex 129.385 25.6572 2
      vertex 129.516 25.57 2
    endloop
  endfacet
  facet normal 0 0 1
    outer loop
      vertex 144.568 47 2
      vertex 111.088 68.88 2
      vertex 132.849 47 2
    endloop
  endfacet
  facet normal -0 0 1
    outer loop
      vertex 111.174 67.5562 2
      vertex 132.849 47 2
      vertex 111.204 68 2
    endloop
  endfacet
  facet normal 0 0 1
    outer loop
      vertex 132.849 47 2
      vertex 129.244 25.7267 2
      vertex 129.385 25.6572 2
    endloop
  endfacet
  facet normal 0 0 1
    outer loop
      vertex 132.849 47 2
      vertex 129.096 25.7771 2
      vertex 129.244 25.7267 2
    endloop
  endfacet
  facet normal 0 0 1
    outer loop
      vertex 111.174 38.5562 2
      vertex 132.849 47 2
      vertex 111.204 39 2
    endloop
  endfacet
  facet normal 0 0 1
    outer loop
      vertex 132.849 47 2
      vertex 128.942 25.8077 2
      vertex 129.096 25.7771 2
    endloop
  endfacet
  facet normal 0 0 1
    outer loop
      vertex 132.849 47 2
      vertex 128.785 25.818 2
      vertex 128.942 25.8077 2
    endloop
  endfacet
  facet normal 0 0 1
    outer loop
      vertex 132.849 47 2
      vertex 128.628 25.8077 2
      vertex 128.785 25.818 2
    endloop
  endfacet
  facet normal 0 0 1
    outer loop
      vertex 132.849 47 2
      vertex 128.474 25.7771 2
      vertex 128.628 25.8077 2
    endloop
  endfacet
  facet normal 0 0 1
    outer loop
      vertex 132.849 47 2
      vertex 128.326 25.7267 2
      vertex 128.474 25.7771 2
    endloop
  endfacet
  facet normal 0 0 1
    outer loop
      vertex 132.849 47 2
      vertex 111.174 38.5562 2
      vertex 128.326 25.7267 2
    endloop
  endfacet
  facet normal 0 0 1
    outer loop
      vertex 128.326 25.7267 2
      vertex 111.174 38.5562 2
      vertex 128.185 25.6572 2
    endloop
  endfacet
  facet normal -0 0 1
    outer loop
      vertex 111.088 38.12 2
      vertex 128.185 25.6572 2
      vertex 111.174 38.5562 2
    endloop
  endfacet
  facet normal 0 0 1
    outer loop
      vertex 128.185 25.6572 2
      vertex 111.088 38.12 2
      vertex 128.054 25.57 2
    endloop
  endfacet
  facet normal -0 0 1
    outer loop
      vertex 110.945 37.6989 2
      vertex 128.054 25.57 2
      vertex 111.088 38.12 2
    endloop
  endfacet
  facet normal 0 0 1
    outer loop
      vertex 128.054 25.57 2
      vertex 110.945 37.6989 2
      vertex 127.936 25.4665 2
    endloop
  endfacet
  facet normal 0 0 1
    outer loop
      vertex 109.504 36.0555 2
      vertex 127.585 24.618 2
      vertex 127.595 24.7746 2
    endloop
  endfacet
  facet normal -0 0 1
    outer loop
      vertex 110.748 37.3 2
      vertex 127.936 25.4665 2
      vertex 110.945 37.6989 2
    endloop
  endfacet
  facet normal 0 0 1
    outer loop
      vertex 127.585 24.618 2
      vertex 122.061 11.9716 2
      vertex 122.071 11.815 2
    endloop
  endfacet
  facet normal 0 0 1
    outer loop
      vertex 127.585 24.618 2
      vertex 122.03 12.1256 2
      vertex 122.061 11.9716 2
    endloop
  endfacet
  facet normal 0 0 1
    outer loop
      vertex 127.585 24.618 2
      vertex 121.98 12.2742 2
      vertex 122.03 12.1256 2
    endloop
  endfacet
  facet normal 0 0 1
    outer loop
      vertex 127.585 24.618 2
      vertex 121.91 12.415 2
      vertex 121.98 12.2742 2
    endloop
  endfacet
  facet normal -0 0 1
    outer loop
      vertex 110.501 36.9302 2
      vertex 127.833 25.3485 2
      vertex 110.748 37.3 2
    endloop
  endfacet
  facet normal 0 0 1
    outer loop
      vertex 127.585 24.618 2
      vertex 121.823 12.5455 2
      vertex 121.91 12.415 2
    endloop
  endfacet
  facet normal 0 0 1
    outer loop
      vertex 127.585 24.618 2
      vertex 121.72 12.6635 2
      vertex 121.823 12.5455 2
    endloop
  endfacet
  facet normal 0 0 1
    outer loop
      vertex 127.833 25.3485 2
      vertex 110.501 36.9302 2
      vertex 127.746 25.218 2
    endloop
  endfacet
  facet normal 0 0 1
    outer loop
      vertex 127.585 24.618 2
      vertex 121.602 12.767 2
      vertex 121.72 12.6635 2
    endloop
  endfacet
  facet normal 0 0 1
    outer loop
      vertex 127.746 25.218 2
      vertex 110.501 36.9302 2
      vertex 127.676 25.0772 2
    endloop
  endfacet
  facet normal 0 0 1
    outer loop
      vertex 127.585 24.618 2
      vertex 121.471 12.8542 2
      vertex 121.602 12.767 2
    endloop
  endfacet
  facet normal 0 0 1
    outer loop
      vertex 127.585 24.618 2
      vertex 121.33 12.9237 2
      vertex 121.471 12.8542 2
    endloop
  endfacet
  facet normal -0 0 1
    outer loop
      vertex 110.208 36.5958 2
      vertex 127.676 25.0772 2
      vertex 110.501 36.9302 2
    endloop
  endfacet
  facet normal 0 0 1
    outer loop
      vertex 127.585 24.618 2
      vertex 121.182 12.9741 2
      vertex 121.33 12.9237 2
    endloop
  endfacet
  facet normal 0 0 1
    outer loop
      vertex 127.676 25.0772 2
      vertex 110.208 36.5958 2
      vertex 127.626 24.9286 2
    endloop
  endfacet
  facet normal 0 0 1
    outer loop
      vertex 127.585 24.618 2
      vertex 121.028 13.0047 2
      vertex 121.182 12.9741 2
    endloop
  endfacet
  facet normal -0 0 1
    outer loop
      vertex 109.873 36.3026 2
      vertex 127.626 24.9286 2
      vertex 110.208 36.5958 2
    endloop
  endfacet
  facet normal 0 0 1
    outer loop
      vertex 127.585 24.618 2
      vertex 120.871 13.015 2
      vertex 121.028 13.0047 2
    endloop
  endfacet
  facet normal 0 0 1
    outer loop
      vertex 127.626 24.9286 2
      vertex 109.873 36.3026 2
      vertex 127.595 24.7746 2
    endloop
  endfacet
  facet normal 0 0 1
    outer loop
      vertex 127.585 24.618 2
      vertex 120.714 13.0047 2
      vertex 120.871 13.015 2
    endloop
  endfacet
  facet normal -0 0 1
    outer loop
      vertex 109.504 36.0555 2
      vertex 127.595 24.7746 2
      vertex 109.873 36.3026 2
    endloop
  endfacet
  facet normal 0 0 1
    outer loop
      vertex 127.585 24.618 2
      vertex 120.56 12.9741 2
      vertex 120.714 13.0047 2
    endloop
  endfacet
  facet normal 0 0 1
    outer loop
      vertex 127.585 24.618 2
      vertex 109.105 35.8588 2
      vertex 120.412 12.9237 2
    endloop
  endfacet
  facet normal 0 0 1
    outer loop
      vertex 127.585 24.618 2
      vertex 120.412 12.9237 2
      vertex 120.56 12.9741 2
    endloop
  endfacet
  facet normal 0 0 1
    outer loop
      vertex 127.585 24.618 2
      vertex 109.504 36.0555 2
      vertex 109.105 35.8588 2
    endloop
  endfacet
  facet normal 0 0 1
    outer loop
      vertex 127.936 25.4665 2
      vertex 110.748 37.3 2
      vertex 127.833 25.3485 2
    endloop
  endfacet
  facet normal 0 0 1
    outer loop
      vertex 132.849 47 2
      vertex 111.174 68.4438 2
      vertex 111.204 68 2
    endloop
  endfacet
  facet normal 0 0 1
    outer loop
      vertex 132.849 47 2
      vertex 111.088 68.88 2
      vertex 111.174 68.4438 2
    endloop
  endfacet
  facet normal 0 0 1
    outer loop
      vertex 144.568 47 2
      vertex 110.945 69.3011 2
      vertex 111.088 68.88 2
    endloop
  endfacet
  facet normal 0 0 1
    outer loop
      vertex 147.086 113.53 2
      vertex 110.748 69.7 2
      vertex 110.945 69.3011 2
    endloop
  endfacet
  facet normal 0 0 1
    outer loop
      vertex 147.086 113.53 2
      vertex 110.501 70.0698 2
      vertex 110.748 69.7 2
    endloop
  endfacet
  facet normal 0 0 1
    outer loop
      vertex 147.086 113.53 2
      vertex 110.208 70.4042 2
      vertex 110.501 70.0698 2
    endloop
  endfacet
  facet normal 0 0 1
    outer loop
      vertex 147.086 113.53 2
      vertex 109.873 70.6974 2
      vertex 110.208 70.4042 2
    endloop
  endfacet
  facet normal 0 0 1
    outer loop
      vertex 147.086 113.53 2
      vertex 109.504 70.9445 2
      vertex 109.873 70.6974 2
    endloop
  endfacet
  facet normal -0 0 1
    outer loop
      vertex 95.7457 92.6356 2
      vertex 109.504 70.9445 2
      vertex 144.086 116.53 2
    endloop
  endfacet
  facet normal -0 -0 1
    outer loop
      vertex 95.756 92.479 2
      vertex 109.504 70.9445 2
      vertex 95.7457 92.6356 2
    endloop
  endfacet
  facet normal 0 0 1
    outer loop
      vertex 109.504 70.9445 2
      vertex 95.756 92.479 2
      vertex 109.105 71.1412 2
    endloop
  endfacet
  facet normal -0 0 1
    outer loop
      vertex 95.7457 92.3224 2
      vertex 109.105 71.1412 2
      vertex 95.756 92.479 2
    endloop
  endfacet
  facet normal 0 0 1
    outer loop
      vertex 109.105 71.1412 2
      vertex 95.7457 92.3224 2
      vertex 108.684 71.2841 2
    endloop
  endfacet
  facet normal 0 0 1
    outer loop
      vertex 108.684 71.2841 2
      vertex 95.7151 92.1684 2
      vertex 108.247 71.3709 2
    endloop
  endfacet
  facet normal -0 0 1
    outer loop
      vertex 95.6647 92.0198 2
      vertex 108.247 71.3709 2
      vertex 95.7151 92.1684 2
    endloop
  endfacet
  facet normal 0 0 1
    outer loop
      vertex 108.247 71.3709 2
      vertex 95.6647 92.0198 2
      vertex 107.804 71.4 2
    endloop
  endfacet
  facet normal -0 0 1
    outer loop
      vertex 95.5952 91.879 2
      vertex 107.804 71.4 2
      vertex 95.6647 92.0198 2
    endloop
  endfacet
  facet normal 0 0 1
    outer loop
      vertex 107.804 71.4 2
      vertex 95.5952 91.879 2
      vertex 107.36 71.3709 2
    endloop
  endfacet
  facet normal -0 0 1
    outer loop
      vertex 95.508 91.7485 2
      vertex 107.36 71.3709 2
      vertex 95.5952 91.879 2
    endloop
  endfacet
  facet normal -0 0 1
    outer loop
      vertex 96.2405 51.0305 2
      vertex 105.734 41.6974 2
      vertex 96.344 51.1485 2
    endloop
  endfacet
  facet normal 0 0 1
    outer loop
      vertex 94.792 52.9182 2
      vertex 104.404 68 2
      vertex 104.433 68.4438 2
    endloop
  endfacet
  facet normal -0 0 1
    outer loop
      vertex 95.992 50.8398 2
      vertex 105.106 41.0698 2
      vertex 96.1225 50.927 2
    endloop
  endfacet
  facet normal -0 0 1
    outer loop
      vertex 96.1225 50.927 2
      vertex 105.399 41.4042 2
      vertex 96.2405 51.0305 2
    endloop
  endfacet
  facet normal 0 0 1
    outer loop
      vertex 93.956 91.4398 2
      vertex 104.433 68.4438 2
      vertex 104.519 68.88 2
    endloop
  endfacet
  facet normal 0 0 1
    outer loop
      vertex 94.0968 91.3703 2
      vertex 104.519 68.88 2
      vertex 104.662 69.3011 2
    endloop
  endfacet
  facet normal 0 0 1
    outer loop
      vertex 105.734 41.6974 2
      vertex 96.2405 51.0305 2
      vertex 105.399 41.4042 2
    endloop
  endfacet
  facet normal 0 0 1
    outer loop
      vertex 107.36 64.6291 2
      vertex 96.5511 52.1896 2
      vertex 96.5817 52.0356 2
    endloop
  endfacet
  facet normal 0 0 1
    outer loop
      vertex 107.36 64.6291 2
      vertex 96.5007 52.3382 2
      vertex 96.5511 52.1896 2
    endloop
  endfacet
  facet normal 0 0 1
    outer loop
      vertex 106.924 64.7159 2
      vertex 96.4312 52.479 2
      vertex 96.5007 52.3382 2
    endloop
  endfacet
  facet normal 0 0 1
    outer loop
      vertex 106.502 64.8588 2
      vertex 96.344 52.6095 2
      vertex 96.4312 52.479 2
    endloop
  endfacet
  facet normal 0 0 1
    outer loop
      vertex 94.2454 91.3199 2
      vertex 104.662 69.3011 2
      vertex 104.859 69.7 2
    endloop
  endfacet
  facet normal 0 0 1
    outer loop
      vertex 106.104 65.0555 2
      vertex 96.2405 52.7275 2
      vertex 96.344 52.6095 2
    endloop
  endfacet
  facet normal 0 0 1
    outer loop
      vertex 105.734 65.3026 2
      vertex 96.1225 52.831 2
      vertex 96.2405 52.7275 2
    endloop
  endfacet
  facet normal 0 0 1
    outer loop
      vertex 105.734 65.3026 2
      vertex 95.992 52.9182 2
      vertex 96.1225 52.831 2
    endloop
  endfacet
  facet normal 0 0 1
    outer loop
      vertex 105.399 65.5958 2
      vertex 95.8512 52.9877 2
      vertex 95.992 52.9182 2
    endloop
  endfacet
  facet normal -0 0 1
    outer loop
      vertex 95.2865 91.527 2
      vertex 106.924 71.2841 2
      vertex 95.4045 91.6305 2
    endloop
  endfacet
  facet normal -0 0 1
    outer loop
      vertex 95.4045 91.6305 2
      vertex 106.924 71.2841 2
      vertex 95.508 91.7485 2
    endloop
  endfacet
  facet normal 0 0 1
    outer loop
      vertex 107.36 71.3709 2
      vertex 95.508 91.7485 2
      vertex 106.924 71.2841 2
    endloop
  endfacet
  facet normal -0 0 1
    outer loop
      vertex 95.7151 92.1684 2
      vertex 108.684 71.2841 2
      vertex 95.7457 92.3224 2
    endloop
  endfacet
  facet normal 0 0 1
    outer loop
      vertex 144.086 116.53 2
      vertex 95.7151 92.7896 2
      vertex 95.7457 92.6356 2
    endloop
  endfacet
  facet normal 0 0 1
    outer loop
      vertex 144.086 116.53 2
      vertex 95.6647 92.9382 2
      vertex 95.7151 92.7896 2
    endloop
  endfacet
  facet normal 0 0 1
    outer loop
      vertex 144.086 116.53 2
      vertex 95.5952 93.079 2
      vertex 95.6647 92.9382 2
    endloop
  endfacet
  facet normal 0 0 1
    outer loop
      vertex 144.086 116.53 2
      vertex 95.508 93.2095 2
      vertex 95.5952 93.079 2
    endloop
  endfacet
  facet normal 0 0 1
    outer loop
      vertex 144.086 116.53 2
      vertex 95.4045 93.3275 2
      vertex 95.508 93.2095 2
    endloop
  endfacet
  facet normal 0 0 1
    outer loop
      vertex 144.086 116.53 2
      vertex 95.2865 93.431 2
      vertex 95.4045 93.3275 2
    endloop
  endfacet
  facet normal 0 0 1
    outer loop
      vertex 144.086 116.53 2
      vertex 95.156 93.5182 2
      vertex 95.2865 93.431 2
    endloop
  endfacet
  facet normal 0 0 1
    outer loop
      vertex 144.086 116.53 2
      vertex 95.0152 93.5877 2
      vertex 95.156 93.5182 2
    endloop
  endfacet
  facet normal 0 0 1
    outer loop
      vertex 144.086 116.53 2
      vertex 94.8666 93.6381 2
      vertex 95.0152 93.5877 2
    endloop
  endfacet
  facet normal 0 0 1
    outer loop
      vertex 144.086 116.53 2
      vertex 94.7126 93.6687 2
      vertex 94.8666 93.6381 2
    endloop
  endfacet
  facet normal 0 0 1
    outer loop
      vertex 144.086 116.53 2
      vertex 94.556 93.679 2
      vertex 94.7126 93.6687 2
    endloop
  endfacet
  facet normal 0 0 1
    outer loop
      vertex 144.086 116.53 2
      vertex 94.3994 93.6687 2
      vertex 94.556 93.679 2
    endloop
  endfacet
  facet normal -0 0 1
    outer loop
      vertex 57.6026 96.1391 2
      vertex 94.3994 93.6687 2
      vertex 144.086 116.53 2
    endloop
  endfacet
  facet normal 0 0 1
    outer loop
      vertex 94.3994 93.6687 2
      vertex 57.6026 96.1391 2
      vertex 94.2454 93.6381 2
    endloop
  endfacet
  facet normal 0 0 1
    outer loop
      vertex 58.492 94.98 2
      vertex 93.356 92.479 2
      vertex 93.3663 92.6356 2
    endloop
  endfacet
  facet normal 0 0 1
    outer loop
      vertex 93.356 92.479 2
      vertex 77.7566 19.8309 2
      vertex 81.6102 9.07188 2
    endloop
  endfacet
  facet normal -0 -0 1
    outer loop
      vertex 77.9097 19.0612 2
      vertex 81.6102 9.07188 2
      vertex 77.7566 19.8309 2
    endloop
  endfacet
  facet normal 0 0 1
    outer loop
      vertex 58.492 94.98 2
      vertex 93.3663 92.6356 2
      vertex 93.3969 92.7896 2
    endloop
  endfacet
  facet normal -0 0 1
    outer loop
      vertex 77.9097 17.4948 2
      vertex 81.6102 9.07188 2
      vertex 77.961 18.278 2
    endloop
  endfacet
  facet normal -0 -0 1
    outer loop
      vertex 77.961 18.278 2
      vertex 81.6102 9.07188 2
      vertex 77.9097 19.0612 2
    endloop
  endfacet
  facet normal 0 0 1
    outer loop
      vertex 93.356 92.479 2
      vertex 77.5043 20.5741 2
      vertex 77.7566 19.8309 2
    endloop
  endfacet
  facet normal 0 0 1
    outer loop
      vertex 93.356 92.479 2
      vertex 77.1572 21.278 2
      vertex 77.5043 20.5741 2
    endloop
  endfacet
  facet normal 0 0 1
    outer loop
      vertex 93.356 92.479 2
      vertex 76.7211 21.9306 2
      vertex 77.1572 21.278 2
    endloop
  endfacet
  facet normal 0 0 1
    outer loop
      vertex 93.356 92.479 2
      vertex 76.2036 22.5206 2
      vertex 76.7211 21.9306 2
    endloop
  endfacet
  facet normal 0 0 1
    outer loop
      vertex 93.356 92.479 2
      vertex 75.6136 23.0381 2
      vertex 76.2036 22.5206 2
    endloop
  endfacet
  facet normal 0 0 1
    outer loop
      vertex 93.356 92.479 2
      vertex 74.961 23.4742 2
      vertex 75.6136 23.0381 2
    endloop
  endfacet
  facet normal -0 0 1
    outer loop
      vertex 57.6447 52.3356 2
      vertex 74.961 23.4742 2
      vertex 93.356 92.479 2
    endloop
  endfacet
  facet normal 0 0 1
    outer loop
      vertex 74.961 23.4742 2
      vertex 57.655 52.179 2
      vertex 74.2571 23.8213 2
    endloop
  endfacet
  facet normal -0 0 1
    outer loop
      vertex 57.6447 52.0224 2
      vertex 74.2571 23.8213 2
      vertex 57.655 52.179 2
    endloop
  endfacet
  facet normal 0 0 1
    outer loop
      vertex 74.2571 23.8213 2
      vertex 57.6447 52.0224 2
      vertex 73.5139 24.0736 2
    endloop
  endfacet
  facet normal -0 0 1
    outer loop
      vertex 57.6141 51.8684 2
      vertex 73.5139 24.0736 2
      vertex 57.6447 52.0224 2
    endloop
  endfacet
  facet normal -0 0 1
    outer loop
      vertex 57.5637 51.7198 2
      vertex 73.5139 24.0736 2
      vertex 57.6141 51.8684 2
    endloop
  endfacet
  facet normal 0 0 1
    outer loop
      vertex 71.961 24.278 2
      vertex 61.9563 27.3887 2
      vertex 71.1778 24.2267 2
    endloop
  endfacet
  facet normal 0 0 1
    outer loop
      vertex 58.4817 95.1366 2
      vertex 93.3969 92.7896 2
      vertex 93.4473 92.9382 2
    endloop
  endfacet
  facet normal -0 -0 1
    outer loop
      vertex 62.0939 27.2679 2
      vertex 71.1778 24.2267 2
      vertex 61.9563 27.3887 2
    endloop
  endfacet
  facet normal 0 0 1
    outer loop
      vertex 71.1778 24.2267 2
      vertex 62.2147 27.1303 2
      vertex 70.4081 24.0736 2
    endloop
  endfacet
  facet normal -0 -0 1
    outer loop
      vertex 62.3164 26.978 2
      vertex 70.4081 24.0736 2
      vertex 62.2147 27.1303 2
    endloop
  endfacet
  facet normal -0 -0 1
    outer loop
      vertex 62.3974 26.8138 2
      vertex 69.6649 23.8213 2
      vertex 62.3164 26.978 2
    endloop
  endfacet
  facet normal 0 0 1
    outer loop
      vertex 69.6649 23.8213 2
      vertex 62.4563 26.6403 2
      vertex 68.961 23.4742 2
    endloop
  endfacet
  facet normal -0 -0 1
    outer loop
      vertex 62.504 26.278 2
      vertex 68.961 23.4742 2
      vertex 62.492 26.4607 2
    endloop
  endfacet
  facet normal -0 0 1
    outer loop
      vertex 62.2147 25.4257 2
      vertex 67.2009 21.9306 2
      vertex 62.3164 25.578 2
    endloop
  endfacet
  facet normal -0 0 1
    outer loop
      vertex 62.3164 25.578 2
      vertex 67.2009 21.9306 2
      vertex 62.3974 25.7422 2
    endloop
  endfacet
  facet normal 0 0 1
    outer loop
      vertex 67.7184 22.5206 2
      vertex 62.3974 25.7422 2
      vertex 67.2009 21.9306 2
    endloop
  endfacet
  facet normal 0 0 1
    outer loop
      vertex 68.961 23.4742 2
      vertex 62.504 26.278 2
      vertex 68.3084 23.0381 2
    endloop
  endfacet
  facet normal -0 0 1
    outer loop
      vertex 62.3974 25.7422 2
      vertex 67.7184 22.5206 2
      vertex 62.4563 25.9157 2
    endloop
  endfacet
  facet normal -0 0 1
    outer loop
      vertex 62.4563 25.9157 2
      vertex 67.7184 22.5206 2
      vertex 62.492 26.0953 2
    endloop
  endfacet
  facet normal 0 0 1
    outer loop
      vertex 68.3084 23.0381 2
      vertex 62.492 26.0953 2
      vertex 67.7184 22.5206 2
    endloop
  endfacet
  facet normal -0 0 1
    outer loop
      vertex 62.492 26.0953 2
      vertex 68.3084 23.0381 2
      vertex 62.504 26.278 2
    endloop
  endfacet
  facet normal -0 -0 1
    outer loop
      vertex 62.492 26.4607 2
      vertex 68.961 23.4742 2
      vertex 62.4563 26.6403 2
    endloop
  endfacet
  facet normal -0 -0 1
    outer loop
      vertex 62.4563 26.6403 2
      vertex 69.6649 23.8213 2
      vertex 62.3974 26.8138 2
    endloop
  endfacet
  facet normal 0 0 1
    outer loop
      vertex 70.4081 24.0736 2
      vertex 62.3164 26.978 2
      vertex 69.6649 23.8213 2
    endloop
  endfacet
  facet normal -0 -0 1
    outer loop
      vertex 62.2147 27.1303 2
      vertex 71.1778 24.2267 2
      vertex 62.0939 27.2679 2
    endloop
  endfacet
  facet normal 0 0 1
    outer loop
      vertex 73.5139 24.0736 2
      vertex 57.5637 51.7198 2
      vertex 72.7442 24.2267 2
    endloop
  endfacet
  facet normal -0 0 1
    outer loop
      vertex 58.4817 94.8234 2
      vertex 93.356 92.479 2
      vertex 58.492 94.98 2
    endloop
  endfacet
  facet normal 0 0 1
    outer loop
      vertex 57.6447 52.3356 2
      vertex 93.356 92.479 2
      vertex 58.4817 94.8234 2
    endloop
  endfacet
  facet normal -0 0 1
    outer loop
      vertex 57.4942 51.579 2
      vertex 72.7442 24.2267 2
      vertex 57.5637 51.7198 2
    endloop
  endfacet
  facet normal 0 0 1
    outer loop
      vertex 58.4511 95.2906 2
      vertex 93.4473 92.9382 2
      vertex 93.5168 93.079 2
    endloop
  endfacet
  facet normal 0 0 1
    outer loop
      vertex 72.7442 24.2267 2
      vertex 57.4942 51.579 2
      vertex 71.961 24.278 2
    endloop
  endfacet
  facet normal 0 0 1
    outer loop
      vertex 71.961 24.278 2
      vertex 57.4942 51.579 2
      vertex 61.9563 27.3887 2
    endloop
  endfacet
  facet normal -0 0 1
    outer loop
      vertex 57.407 51.4485 2
      vertex 61.9563 27.3887 2
      vertex 57.4942 51.579 2
    endloop
  endfacet
  facet normal 0 0 1
    outer loop
      vertex 61.9563 27.3887 2
      vertex 57.407 51.4485 2
      vertex 61.804 27.4904 2
    endloop
  endfacet
  facet normal -0 0 1
    outer loop
      vertex 57.3035 51.3305 2
      vertex 61.804 27.4904 2
      vertex 57.407 51.4485 2
    endloop
  endfacet
  facet normal 0 0 1
    outer loop
      vertex 61.804 27.4904 2
      vertex 57.3035 51.3305 2
      vertex 61.6398 27.5714 2
    endloop
  endfacet
  facet normal -0 0 1
    outer loop
      vertex 57.1855 51.227 2
      vertex 61.6398 27.5714 2
      vertex 57.3035 51.3305 2
    endloop
  endfacet
  facet normal 0 0 1
    outer loop
      vertex 61.6398 27.5714 2
      vertex 57.1855 51.227 2
      vertex 61.4663 27.6303 2
    endloop
  endfacet
  facet normal 0 0 1
    outer loop
      vertex 61.104 27.678 2
      vertex 56.7656 51.0199 2
      vertex 60.9213 27.666 2
    endloop
  endfacet
  facet normal -0 0 1
    outer loop
      vertex 56.7656 51.0199 2
      vertex 61.104 27.678 2
      vertex 56.9142 51.0703 2
    endloop
  endfacet
  facet normal 0 0 1
    outer loop
      vertex 61.2867 27.666 2
      vertex 56.9142 51.0703 2
      vertex 61.104 27.678 2
    endloop
  endfacet
  facet normal -0 0 1
    outer loop
      vertex 56.9142 51.0703 2
      vertex 61.2867 27.666 2
      vertex 57.055 51.1398 2
    endloop
  endfacet
  facet normal 0 0 1
    outer loop
      vertex 61.4663 27.6303 2
      vertex 57.055 51.1398 2
      vertex 61.2867 27.666 2
    endloop
  endfacet
  facet normal -0 0 1
    outer loop
      vertex 57.055 51.1398 2
      vertex 61.4663 27.6303 2
      vertex 57.1855 51.227 2
    endloop
  endfacet
  facet normal 0 0 1
    outer loop
      vertex 58.4007 95.4392 2
      vertex 93.5168 93.079 2
      vertex 93.604 93.2095 2
    endloop
  endfacet
  facet normal 0 0 1
    outer loop
      vertex 58.3312 95.58 2
      vertex 93.604 93.2095 2
      vertex 93.7075 93.3275 2
    endloop
  endfacet
  facet normal 0 0 1
    outer loop
      vertex 58.244 95.7105 2
      vertex 93.7075 93.3275 2
      vertex 93.8255 93.431 2
    endloop
  endfacet
  facet normal 0 0 1
    outer loop
      vertex 58.1405 95.8285 2
      vertex 93.8255 93.431 2
      vertex 93.956 93.5182 2
    endloop
  endfacet
  facet normal 0 0 1
    outer loop
      vertex 58.0225 95.932 2
      vertex 93.956 93.5182 2
      vertex 94.0968 93.5877 2
    endloop
  endfacet
  facet normal -0 -0 1
    outer loop
      vertex 57.7512 96.0887 2
      vertex 94.2454 93.6381 2
      vertex 57.6026 96.1391 2
    endloop
  endfacet
  facet normal 0 0 1
    outer loop
      vertex 93.3969 92.7896 2
      vertex 58.4817 95.1366 2
      vertex 58.492 94.98 2
    endloop
  endfacet
  facet normal 0 0 1
    outer loop
      vertex 93.4473 92.9382 2
      vertex 58.4511 95.2906 2
      vertex 58.4817 95.1366 2
    endloop
  endfacet
  facet normal 0 0 1
    outer loop
      vertex 93.5168 93.079 2
      vertex 58.4007 95.4392 2
      vertex 58.4511 95.2906 2
    endloop
  endfacet
  facet normal 0 0 1
    outer loop
      vertex 93.604 93.2095 2
      vertex 58.3312 95.58 2
      vertex 58.4007 95.4392 2
    endloop
  endfacet
  facet normal 0 0 1
    outer loop
      vertex 93.7075 93.3275 2
      vertex 58.244 95.7105 2
      vertex 58.3312 95.58 2
    endloop
  endfacet
  facet normal 0 0 1
    outer loop
      vertex 93.8255 93.431 2
      vertex 58.1405 95.8285 2
      vertex 58.244 95.7105 2
    endloop
  endfacet
  facet normal 0 0 1
    outer loop
      vertex 93.956 93.5182 2
      vertex 58.0225 95.932 2
      vertex 58.1405 95.8285 2
    endloop
  endfacet
  facet normal 0 0 1
    outer loop
      vertex 94.0968 93.5877 2
      vertex 57.892 96.0192 2
      vertex 58.0225 95.932 2
    endloop
  endfacet
  facet normal 0 0 1
    outer loop
      vertex 94.0968 93.5877 2
      vertex 57.7512 96.0887 2
      vertex 57.892 96.0192 2
    endloop
  endfacet
  facet normal 0 0 1
    outer loop
      vertex 94.2454 93.6381 2
      vertex 57.7512 96.0887 2
      vertex 94.0968 93.5877 2
    endloop
  endfacet
  facet normal 0 0 1
    outer loop
      vertex 144.086 116.53 2
      vertex 57.4486 96.1697 2
      vertex 57.6026 96.1391 2
    endloop
  endfacet
  facet normal -0 0 1
    outer loop
      vertex -0.022522 116.53 2
      vertex 57.4486 96.1697 2
      vertex 144.086 116.53 2
    endloop
  endfacet
  facet normal 0 0 1
    outer loop
      vertex 57.4486 96.1697 2
      vertex -0.022522 116.53 2
      vertex 57.292 96.18 2
    endloop
  endfacet
  facet normal 0 0 1
    outer loop
      vertex 57.292 96.18 2
      vertex -0.022522 116.53 2
      vertex 57.1354 96.1697 2
    endloop
  endfacet
  facet normal 0 0 1
    outer loop
      vertex 56.455 53.379 2
      vertex 41.6854 68 2
      vertex 56.2984 53.3687 2
    endloop
  endfacet
  facet normal -0 0 1
    outer loop
      vertex 41.6563 67.5562 2
      vertex 56.2984 53.3687 2
      vertex 41.6854 68 2
    endloop
  endfacet
  facet normal 0 0 1
    outer loop
      vertex 56.2984 53.3687 2
      vertex 41.6563 67.5562 2
      vertex 56.1444 53.3381 2
    endloop
  endfacet
  facet normal -0 0 1
    outer loop
      vertex 41.5695 67.12 2
      vertex 56.1444 53.3381 2
      vertex 41.6563 67.5562 2
    endloop
  endfacet
  facet normal 0 0 1
    outer loop
      vertex 56.1444 53.3381 2
      vertex 41.5695 67.12 2
      vertex 55.9958 53.2877 2
    endloop
  endfacet
  facet normal -0 0 1
    outer loop
      vertex 41.4266 66.6989 2
      vertex 55.9958 53.2877 2
      vertex 41.5695 67.12 2
    endloop
  endfacet
  facet normal 0 0 1
    outer loop
      vertex 55.9958 53.2877 2
      vertex 41.4266 66.6989 2
      vertex 55.855 53.2182 2
    endloop
  endfacet
  facet normal -0 0 1
    outer loop
      vertex 41.2299 66.3 2
      vertex 55.855 53.2182 2
      vertex 41.4266 66.6989 2
    endloop
  endfacet
  facet normal 0 0 1
    outer loop
      vertex 55.855 53.2182 2
      vertex 41.2299 66.3 2
      vertex 55.7245 53.131 2
    endloop
  endfacet
  facet normal -0 0 1
    outer loop
      vertex 40.9828 65.9302 2
      vertex 55.7245 53.131 2
      vertex 41.2299 66.3 2
    endloop
  endfacet
  facet normal 0 0 1
    outer loop
      vertex 19.725 84.0095 2
      vertex 56.092 94.98 2
      vertex 56.1023 95.1366 2
    endloop
  endfacet
  facet normal 0 0 1
    outer loop
      vertex 19.6215 84.1275 2
      vertex 56.1023 95.1366 2
      vertex 56.1329 95.2906 2
    endloop
  endfacet
  facet normal 0 0 1
    outer loop
      vertex 19.5035 84.231 2
      vertex 56.1329 95.2906 2
      vertex 56.1833 95.4392 2
    endloop
  endfacet
  facet normal 0 0 1
    outer loop
      vertex 19.373 84.3182 2
      vertex 56.1833 95.4392 2
      vertex 56.2528 95.58 2
    endloop
  endfacet
  facet normal 0 0 1
    outer loop
      vertex 55.6065 53.0275 2
      vertex 40.9828 65.9302 2
      vertex 55.503 52.9095 2
    endloop
  endfacet
  facet normal 0 0 1
    outer loop
      vertex 55.7245 53.131 2
      vertex 40.9828 65.9302 2
      vertex 55.6065 53.0275 2
    endloop
  endfacet
  facet normal 0 0 1
    outer loop
      vertex 57.4486 93.7903 2
      vertex 41.4266 69.3011 2
      vertex 41.5695 68.88 2
    endloop
  endfacet
  facet normal 0 0 1
    outer loop
      vertex 57.292 93.78 2
      vertex 41.2299 69.7 2
      vertex 41.4266 69.3011 2
    endloop
  endfacet
  facet normal 0 0 1
    outer loop
      vertex 56.9814 93.8209 2
      vertex 40.9828 70.0698 2
      vertex 41.2299 69.7 2
    endloop
  endfacet
  facet normal 0 0 1
    outer loop
      vertex 56.8328 93.8713 2
      vertex 40.6895 70.4042 2
      vertex 40.9828 70.0698 2
    endloop
  endfacet
  facet normal 0 0 1
    outer loop
      vertex 56.692 93.9408 2
      vertex 40.3552 70.6974 2
      vertex 40.6895 70.4042 2
    endloop
  endfacet
  facet normal 0 0 1
    outer loop
      vertex 56.5615 94.028 2
      vertex 39.9854 70.9445 2
      vertex 40.3552 70.6974 2
    endloop
  endfacet
  facet normal 0 0 1
    outer loop
      vertex 56.4435 94.1315 2
      vertex 39.5865 71.1412 2
      vertex 39.9854 70.9445 2
    endloop
  endfacet
  facet normal 0 0 1
    outer loop
      vertex 19.2322 84.3877 2
      vertex 56.2528 95.58 2
      vertex 56.34 95.7105 2
    endloop
  endfacet
  facet normal 0 0 1
    outer loop
      vertex 56.34 94.2495 2
      vertex 39.1654 71.2841 2
      vertex 39.5865 71.1412 2
    endloop
  endfacet
  facet normal 0 0 1
    outer loop
      vertex 56.2528 94.38 2
      vertex 38.7292 71.3709 2
      vertex 39.1654 71.2841 2
    endloop
  endfacet
  facet normal 0 0 1
    outer loop
      vertex 56.1329 94.6694 2
      vertex 38.2854 71.4 2
      vertex 38.7292 71.3709 2
    endloop
  endfacet
  facet normal 0 0 1
    outer loop
      vertex 56.1329 94.6694 2
      vertex 19.8817 83.7382 2
      vertex 38.2854 71.4 2
    endloop
  endfacet
  facet normal -0 -0 1
    outer loop
      vertex 19.9321 83.5896 2
      vertex 38.2854 71.4 2
      vertex 19.8817 83.7382 2
    endloop
  endfacet
  facet normal 0 0 1
    outer loop
      vertex 38.2854 71.4 2
      vertex 19.9321 83.5896 2
      vertex 37.8416 71.3709 2
    endloop
  endfacet
  facet normal -0 -0 1
    outer loop
      vertex 19.9627 83.4356 2
      vertex 37.8416 71.3709 2
      vertex 19.9321 83.5896 2
    endloop
  endfacet
  facet normal 0 0 1
    outer loop
      vertex 37.8416 71.3709 2
      vertex 19.9627 83.4356 2
      vertex 37.4054 71.2841 2
    endloop
  endfacet
  facet normal 0 0 1
    outer loop
      vertex 37.4054 71.2841 2
      vertex 19.973 83.279 2
      vertex 36.9842 71.1412 2
    endloop
  endfacet
  facet normal -0 0 1
    outer loop
      vertex 19.9627 83.1224 2
      vertex 36.9842 71.1412 2
      vertex 19.973 83.279 2
    endloop
  endfacet
  facet normal 0 0 1
    outer loop
      vertex 35.3409 69.7 2
      vertex 19.5035 82.327 2
      vertex 35.1442 69.3011 2
    endloop
  endfacet
  facet normal -0 0 1
    outer loop
      vertex 19.725 82.5485 2
      vertex 35.588 70.0698 2
      vertex 19.8122 82.679 2
    endloop
  endfacet
  facet normal 0 0 1
    outer loop
      vertex 35.8812 70.4042 2
      vertex 19.8122 82.679 2
      vertex 35.588 70.0698 2
    endloop
  endfacet
  facet normal -0 0 1
    outer loop
      vertex 19.8122 82.679 2
      vertex 35.8812 70.4042 2
      vertex 19.8817 82.8198 2
    endloop
  endfacet
  facet normal 0 0 1
    outer loop
      vertex 36.2156 70.6974 2
      vertex 19.8817 82.8198 2
      vertex 35.8812 70.4042 2
    endloop
  endfacet
  facet normal -0 0 1
    outer loop
      vertex 19.8817 82.8198 2
      vertex 36.2156 70.6974 2
      vertex 19.9321 82.9684 2
    endloop
  endfacet
  facet normal 0 0 1
    outer loop
      vertex 36.9842 71.1412 2
      vertex 19.9627 83.1224 2
      vertex 36.5854 70.9445 2
    endloop
  endfacet
  facet normal 0 0 1
    outer loop
      vertex -0.022522 116.53 2
      vertex 56.34 95.7105 2
      vertex 56.4435 95.8285 2
    endloop
  endfacet
  facet normal 0 0 1
    outer loop
      vertex -0.022522 116.53 2
      vertex 56.4435 95.8285 2
      vertex 56.5615 95.932 2
    endloop
  endfacet
  facet normal 0 0 1
    outer loop
      vertex -0.022522 116.53 2
      vertex 56.5615 95.932 2
      vertex 56.692 96.0192 2
    endloop
  endfacet
  facet normal 0 0 1
    outer loop
      vertex -0.022522 116.53 2
      vertex 56.692 96.0192 2
      vertex 56.8328 96.0887 2
    endloop
  endfacet
  facet normal 0 0 1
    outer loop
      vertex 36.5854 70.9445 2
      vertex 19.9321 82.9684 2
      vertex 36.2156 70.6974 2
    endloop
  endfacet
  facet normal -0 0 1
    outer loop
      vertex 19.9321 82.9684 2
      vertex 36.5854 70.9445 2
      vertex 19.9627 83.1224 2
    endloop
  endfacet
  facet normal 0 0 1
    outer loop
      vertex -0.022522 116.53 2
      vertex 56.8328 96.0887 2
      vertex 56.9814 96.1391 2
    endloop
  endfacet
  facet normal -0 -0 1
    outer loop
      vertex 19.973 83.279 2
      vertex 37.4054 71.2841 2
      vertex 19.9627 83.4356 2
    endloop
  endfacet
  facet normal 0 0 1
    outer loop
      vertex 56.1023 94.8234 2
      vertex 19.8122 83.879 2
      vertex 19.8817 83.7382 2
    endloop
  endfacet
  facet normal 0 0 1
    outer loop
      vertex 56.092 94.98 2
      vertex 19.725 84.0095 2
      vertex 19.8122 83.879 2
    endloop
  endfacet
  facet normal 0 0 1
    outer loop
      vertex 56.1023 95.1366 2
      vertex 19.6215 84.1275 2
      vertex 19.725 84.0095 2
    endloop
  endfacet
  facet normal 0 0 1
    outer loop
      vertex 56.1329 95.2906 2
      vertex 19.5035 84.231 2
      vertex 19.6215 84.1275 2
    endloop
  endfacet
  facet normal 0 0 1
    outer loop
      vertex 56.1833 95.4392 2
      vertex 19.373 84.3182 2
      vertex 19.5035 84.231 2
    endloop
  endfacet
  facet normal 0 0 1
    outer loop
      vertex 56.2528 95.58 2
      vertex 19.2322 84.3877 2
      vertex 19.373 84.3182 2
    endloop
  endfacet
  facet normal 0 0 1
    outer loop
      vertex 56.34 95.7105 2
      vertex -0.022522 116.53 2
      vertex 19.2322 84.3877 2
    endloop
  endfacet
  facet normal 0 0 1
    outer loop
      vertex 19.2322 84.3877 2
      vertex -0.022522 116.53 2
      vertex 19.0836 84.4381 2
    endloop
  endfacet
  facet normal 0 0 1
    outer loop
      vertex 19.0836 84.4381 2
      vertex -0.022522 116.53 2
      vertex 18.9296 84.4687 2
    endloop
  endfacet
  facet normal 0 0 1
    outer loop
      vertex 18.9296 84.4687 2
      vertex -0.022522 116.53 2
      vertex 18.773 84.479 2
    endloop
  endfacet
  facet normal 0 0 1
    outer loop
      vertex 18.773 84.479 2
      vertex -0.022522 116.53 2
      vertex 18.6164 84.4687 2
    endloop
  endfacet
  facet normal 0 0 1
    outer loop
      vertex 17.5833 26.2846 2
      vertex -3.02252 0 2
      vertex 17.573 26.128 2
    endloop
  endfacet
  facet normal 0 0 1
    outer loop
      vertex -3.02252 113.53 2
      vertex 17.573 83.279 2
      vertex 17.5833 83.4356 2
    endloop
  endfacet
  facet normal 0 0 1
    outer loop
      vertex 57.1354 96.1697 2
      vertex -0.022522 116.53 2
      vertex 56.9814 96.1391 2
    endloop
  endfacet
  facet normal 0 0 1
    outer loop
      vertex 18.6164 84.4687 2
      vertex -0.022522 116.53 2
      vertex 18.4624 84.4381 2
    endloop
  endfacet
  facet normal 0 0 1
    outer loop
      vertex -0.022522 116.53 2
      vertex 18.3138 84.3877 2
      vertex 18.4624 84.4381 2
    endloop
  endfacet
  facet normal -0 0 1
    outer loop
      vertex -3.02252 113.53 2
      vertex 18.3138 84.3877 2
      vertex -0.022522 116.53 2
    endloop
  endfacet
  facet normal 0 0 1
    outer loop
      vertex 18.3138 84.3877 2
      vertex -3.02252 113.53 2
      vertex 18.173 84.3182 2
    endloop
  endfacet
  facet normal 0 0 1
    outer loop
      vertex 18.173 84.3182 2
      vertex -3.02252 113.53 2
      vertex 18.0425 84.231 2
    endloop
  endfacet
  facet normal 0 0 1
    outer loop
      vertex 18.0425 84.231 2
      vertex -3.02252 113.53 2
      vertex 17.9245 84.1275 2
    endloop
  endfacet
  facet normal 0 0 1
    outer loop
      vertex 17.9245 84.1275 2
      vertex -3.02252 113.53 2
      vertex 17.821 84.0095 2
    endloop
  endfacet
  facet normal 0 0 1
    outer loop
      vertex 17.821 84.0095 2
      vertex -3.02252 113.53 2
      vertex 17.7338 83.879 2
    endloop
  endfacet
  facet normal 0 0 1
    outer loop
      vertex 17.7338 83.879 2
      vertex -3.02252 113.53 2
      vertex 17.6643 83.7382 2
    endloop
  endfacet
  facet normal 0 0 1
    outer loop
      vertex 17.6643 83.7382 2
      vertex -3.02252 113.53 2
      vertex 17.6139 83.5896 2
    endloop
  endfacet
  facet normal 0 0 1
    outer loop
      vertex 17.6139 83.5896 2
      vertex -3.02252 113.53 2
      vertex 17.5833 83.4356 2
    endloop
  endfacet
  facet normal 0 0 1
    outer loop
      vertex 17.6643 82.8198 2
      vertex -3.02252 113.53 2
      vertex -3.02252 0 2
    endloop
  endfacet
  facet normal 0 0 1
    outer loop
      vertex 17.573 26.128 2
      vertex -3.02252 0 2
      vertex 5.03754 3 2
    endloop
  endfacet
  facet normal 0 0 1
    outer loop
      vertex -3.02252 113.53 2
      vertex -0.022522 116.53 2
      vertex -0.414093 116.504 2
    endloop
  endfacet
  facet normal 0 -0 1
    outer loop
      vertex -0.022522 -3 2
      vertex 5.03754 3 2
      vertex -3.02252 0 2
    endloop
  endfacet
  facet normal 0 0 1
    outer loop
      vertex -3.02252 113.53 2
      vertex -0.414093 116.504 2
      vertex -0.798981 116.428 2
    endloop
  endfacet
  facet normal 0 0 1
    outer loop
      vertex 5.03754 3 2
      vertex -0.022522 -3 2
      vertex 5.03754 -3 2
    endloop
  endfacet
  facet normal 0 0 1
    outer loop
      vertex -3.02252 113.53 2
      vertex -0.798981 116.428 2
      vertex -1.17058 116.302 2
    endloop
  endfacet
  facet normal 0 0 1
    outer loop
      vertex -0.022522 -3 2
      vertex -3.02252 0 2
      vertex -0.414093 -2.97433 2
    endloop
  endfacet
  facet normal 0 0 1
    outer loop
      vertex -3.02252 113.53 2
      vertex -1.17058 116.302 2
      vertex -1.52252 116.128 2
    endloop
  endfacet
  facet normal 0 0 1
    outer loop
      vertex -0.414093 -2.97433 2
      vertex -3.02252 0 2
      vertex -0.798981 -2.89778 2
    endloop
  endfacet
  facet normal 0 0 1
    outer loop
      vertex -3.02252 113.53 2
      vertex -1.52252 116.128 2
      vertex -1.8488 115.91 2
    endloop
  endfacet
  facet normal 0 0 1
    outer loop
      vertex -0.798981 -2.89778 2
      vertex -3.02252 0 2
      vertex -1.17058 -2.77164 2
    endloop
  endfacet
  facet normal 0 0 1
    outer loop
      vertex -3.02252 113.53 2
      vertex -1.8488 115.91 2
      vertex -2.14384 115.651 2
    endloop
  endfacet
  facet normal 0 0 1
    outer loop
      vertex -1.17058 -2.77164 2
      vertex -3.02252 0 2
      vertex -1.52252 -2.59808 2
    endloop
  endfacet
  facet normal 0 0 1
    outer loop
      vertex -3.02252 113.53 2
      vertex -2.14384 115.651 2
      vertex -2.40259 115.356 2
    endloop
  endfacet
  facet normal 0 0 1
    outer loop
      vertex -1.52252 -2.59808 2
      vertex -3.02252 0 2
      vertex -1.8488 -2.38007 2
    endloop
  endfacet
  facet normal 0 0 1
    outer loop
      vertex -3.02252 113.53 2
      vertex -2.40259 115.356 2
      vertex -2.62061 115.03 2
    endloop
  endfacet
  facet normal 0 0 1
    outer loop
      vertex -1.8488 -2.38007 2
      vertex -3.02252 0 2
      vertex -2.14384 -2.12132 2
    endloop
  endfacet
  facet normal 0 0 1
    outer loop
      vertex -3.02252 113.53 2
      vertex -2.62061 115.03 2
      vertex -2.79416 114.678 2
    endloop
  endfacet
  facet normal 0 0 1
    outer loop
      vertex -2.14384 -2.12132 2
      vertex -3.02252 0 2
      vertex -2.40259 -1.82628 2
    endloop
  endfacet
  facet normal 0 0 1
    outer loop
      vertex -3.02252 113.53 2
      vertex -2.79416 114.678 2
      vertex -2.9203 114.306 2
    endloop
  endfacet
  facet normal 0 0 1
    outer loop
      vertex -2.40259 -1.82628 2
      vertex -3.02252 0 2
      vertex -2.62061 -1.5 2
    endloop
  endfacet
  facet normal 0 0 1
    outer loop
      vertex -3.02252 113.53 2
      vertex -2.9203 114.306 2
      vertex -2.99686 113.922 2
    endloop
  endfacet
  facet normal 0 0 1
    outer loop
      vertex -2.62061 -1.5 2
      vertex -3.02252 0 2
      vertex -2.79416 -1.14806 2
    endloop
  endfacet
  facet normal 0 0 1
    outer loop
      vertex -2.79416 -1.14806 2
      vertex -3.02252 0 2
      vertex -2.9203 -0.776459 2
    endloop
  endfacet
  facet normal 0 0 1
    outer loop
      vertex -2.9203 -0.776459 2
      vertex -3.02252 0 2
      vertex -2.99686 -0.391571 2
    endloop
  endfacet
  facet normal 0 0 1
    outer loop
      vertex 145.234 -2.77164 2
      vertex 144.568 -2.9565 2
      vertex 144.863 -2.89778 2
    endloop
  endfacet
  facet normal 0 0 1
    outer loop
      vertex 143.485 16.1979 2
      vertex 143.479 15.9075 2
      vertex 143.489 16.1035 2
    endloop
  endfacet
  facet normal 0 0 1
    outer loop
      vertex 143.464 15.8076 2
      vertex 143.479 15.9075 2
      vertex 143.485 16.1979 2
    endloop
  endfacet
  facet normal 0 0 1
    outer loop
      vertex 143.479 15.9075 2
      vertex 143.464 15.8076 2
      vertex 143.472 15.8426 2
    endloop
  endfacet
  facet normal 0 0 1
    outer loop
      vertex 143.458 16.3919 2
      vertex 143.464 15.8076 2
      vertex 143.485 16.1979 2
    endloop
  endfacet
  facet normal 0 0 1
    outer loop
      vertex 143.435 16.4888 2
      vertex 143.458 16.3919 2
      vertex 143.452 16.4258 2
    endloop
  endfacet
  facet normal 0 0 1
    outer loop
      vertex 143.458 16.3919 2
      vertex 143.435 16.4888 2
      vertex 143.464 15.8076 2
    endloop
  endfacet
  facet normal 0 0 1
    outer loop
      vertex 143.435 16.4888 2
      vertex 143.415 15.6185 2
      vertex 143.464 15.8076 2
    endloop
  endfacet
  facet normal 0 0 1
    outer loop
      vertex 143.37 16.6738 2
      vertex 143.415 15.6185 2
      vertex 143.435 16.4888 2
    endloop
  endfacet
  facet normal 0 0 1
    outer loop
      vertex 143.328 16.7626 2
      vertex 143.415 15.6185 2
      vertex 143.37 16.6738 2
    endloop
  endfacet
  facet normal 0 0 1
    outer loop
      vertex 143.328 16.7626 2
      vertex 143.37 16.6738 2
      vertex 143.358 16.7043 2
    endloop
  endfacet
  facet normal 0 0 1
    outer loop
      vertex 143.228 16.9316 2
      vertex 143.415 15.6185 2
      vertex 143.328 16.7626 2
    endloop
  endfacet
  facet normal 0 0 1
    outer loop
      vertex 143.17 17.0109 2
      vertex 143.415 15.6185 2
      vertex 143.228 16.9316 2
    endloop
  endfacet
  facet normal 0 0 1
    outer loop
      vertex 143.17 17.0109 2
      vertex 143.228 16.9316 2
      vertex 143.211 16.9595 2
    endloop
  endfacet
  facet normal 0 0 1
    outer loop
      vertex 143.039 17.1569 2
      vertex 143.415 15.6185 2
      vertex 143.17 17.0109 2
    endloop
  endfacet
  facet normal 0 0 1
    outer loop
      vertex 142.967 17.2227 2
      vertex 143.415 15.6185 2
      vertex 143.039 17.1569 2
    endloop
  endfacet
  facet normal 0 0 1
    outer loop
      vertex 142.81 17.3407 2
      vertex 143.415 15.6185 2
      vertex 142.967 17.2227 2
    endloop
  endfacet
  facet normal 0 0 1
    outer loop
      vertex 142.725 17.3922 2
      vertex 143.415 15.6185 2
      vertex 142.81 17.3407 2
    endloop
  endfacet
  facet normal 0 0 1
    outer loop
      vertex 142.725 17.3922 2
      vertex 142.81 17.3407 2
      vertex 142.782 17.3603 2
    endloop
  endfacet
  facet normal 0 0 1
    outer loop
      vertex 142.549 17.4762 2
      vertex 143.415 15.6185 2
      vertex 142.725 17.3922 2
    endloop
  endfacet
  facet normal 0 0 1
    outer loop
      vertex 143.415 15.6185 2
      vertex 142.549 17.4762 2
      vertex 143.401 15.573 2
    endloop
  endfacet
  facet normal 0 0 1
    outer loop
      vertex 142.505 17.4949 2
      vertex 143.401 15.573 2
      vertex 142.549 17.4762 2
    endloop
  endfacet
  facet normal 0 0 1
    outer loop
      vertex 134.514 20.4034 2
      vertex 143.401 15.573 2
      vertex 142.505 17.4949 2
    endloop
  endfacet
  facet normal 0 0 1
    outer loop
      vertex 143.401 15.573 2
      vertex 134.514 20.4034 2
      vertex 137.912 0.490021 2
    endloop
  endfacet
  facet normal -0 0 1
    outer loop
      vertex 122.061 11.6584 2
      vertex 137.912 0.490021 2
      vertex 134.514 20.4034 2
    endloop
  endfacet
  facet normal 0 0 1
    outer loop
      vertex 137.912 0.490021 2
      vertex 135.989 -0.405823 2
      vertex 137.895 0.448975 2
    endloop
  endfacet
  facet normal 0 -0 1
    outer loop
      vertex 136.031 -0.418945 2
      vertex 137.895 0.448975 2
      vertex 135.989 -0.405823 2
    endloop
  endfacet
  facet normal 0 0 1
    outer loop
      vertex 137.895 0.448975 2
      vertex 136.031 -0.418945 2
      vertex 137.821 0.29097 2
    endloop
  endfacet
  facet normal 0 0 1
    outer loop
      vertex 137.821 0.29097 2
      vertex 136.031 -0.418945 2
      vertex 137.777 0.215103 2
    endloop
  endfacet
  facet normal 0 0 1
    outer loop
      vertex 137.777 0.215103 2
      vertex 136.031 -0.418945 2
      vertex 137.677 0.0731049 2
    endloop
  endfacet
  facet normal 0 0 1
    outer loop
      vertex 137.677 0.0731049 2
      vertex 136.031 -0.418945 2
      vertex 137.623 0.00889587 2
    endloop
  endfacet
  facet normal 0 0 1
    outer loop
      vertex 137.5 -0.115097 2
      vertex 136.031 -0.418945 2
      vertex 137.432 -0.172745 2
    endloop
  endfacet
  facet normal 0 0 1
    outer loop
      vertex 137.432 -0.172745 2
      vertex 136.031 -0.418945 2
      vertex 137.289 -0.272736 2
    endloop
  endfacet
  facet normal 0 0 1
    outer loop
      vertex 137.289 -0.272736 2
      vertex 136.031 -0.418945 2
      vertex 137.212 -0.316879 2
    endloop
  endfacet
  facet normal 0 0 1
    outer loop
      vertex 137.212 -0.316879 2
      vertex 136.031 -0.418945 2
      vertex 137.054 -0.389877 2
    endloop
  endfacet
  facet normal 0 0 1
    outer loop
      vertex 137.054 -0.389877 2
      vertex 136.031 -0.418945 2
      vertex 136.973 -0.418945 2
    endloop
  endfacet
  facet normal 0 0 1
    outer loop
      vertex 136.973 -0.418945 2
      vertex 136.031 -0.418945 2
      vertex 136.805 -0.463943 2
    endloop
  endfacet
  facet normal 0 0 1
    outer loop
      vertex 136.805 -0.463943 2
      vertex 136.031 -0.418945 2
      vertex 136.722 -0.478867 2
    endloop
  endfacet
  facet normal 0 0 1
    outer loop
      vertex 136.722 -0.478867 2
      vertex 136.031 -0.418945 2
      vertex 136.548 -0.494873 2
    endloop
  endfacet
  facet normal 0 0 1
    outer loop
      vertex 136.548 -0.494873 2
      vertex 136.031 -0.418945 2
      vertex 136.456 -0.494873 2
    endloop
  endfacet
  facet normal 0 0 1
    outer loop
      vertex 136.456 -0.494873 2
      vertex 136.031 -0.418945 2
      vertex 136.282 -0.478867 2
    endloop
  endfacet
  facet normal 0 0 1
    outer loop
      vertex 136.282 -0.478867 2
      vertex 136.031 -0.418945 2
      vertex 136.199 -0.463943 2
    endloop
  endfacet
  facet normal 0 0 1
    outer loop
      vertex 137.623 0.00889587 2
      vertex 136.031 -0.418945 2
      vertex 137.5 -0.115097 2
    endloop
  endfacet
  facet normal 0 0 1
    outer loop
      vertex 122.071 11.815 2
      vertex 134.514 20.4034 2
      vertex 134.1 20.5966 2
    endloop
  endfacet
  facet normal 0 0 1
    outer loop
      vertex 122.071 11.815 2
      vertex 134.1 20.5966 2
      vertex 133.744 20.8465 2
    endloop
  endfacet
  facet normal 0 0 1
    outer loop
      vertex 122.071 11.815 2
      vertex 133.744 20.8465 2
      vertex 133.435 21.1546 2
    endloop
  endfacet
  facet normal 0 0 1
    outer loop
      vertex 128.942 23.4283 2
      vertex 133.435 21.1546 2
      vertex 133.186 21.5111 2
    endloop
  endfacet
  facet normal 0 0 1
    outer loop
      vertex 129.096 23.4589 2
      vertex 133.186 21.5111 2
      vertex 133.002 21.9055 2
    endloop
  endfacet
  facet normal 0 0 1
    outer loop
      vertex 129.385 23.5788 2
      vertex 133.002 21.9055 2
      vertex 132.889 22.3262 2
    endloop
  endfacet
  facet normal -0 0 1
    outer loop
      vertex 129.975 24.4614 2
      vertex 132.849 22.782 2
      vertex 129.985 24.618 2
    endloop
  endfacet
  facet normal -0 0 1
    outer loop
      vertex 129.944 24.3074 2
      vertex 132.849 22.782 2
      vertex 129.975 24.4614 2
    endloop
  endfacet
  facet normal -0 0 1
    outer loop
      vertex 129.894 24.1588 2
      vertex 132.849 22.782 2
      vertex 129.944 24.3074 2
    endloop
  endfacet
  facet normal -0 0 1
    outer loop
      vertex 129.824 24.018 2
      vertex 132.849 22.782 2
      vertex 129.894 24.1588 2
    endloop
  endfacet
  facet normal -0 0 1
    outer loop
      vertex 129.737 23.8875 2
      vertex 132.849 22.782 2
      vertex 129.824 24.018 2
    endloop
  endfacet
  facet normal -0 0 1
    outer loop
      vertex 129.634 23.7695 2
      vertex 132.849 22.782 2
      vertex 129.737 23.8875 2
    endloop
  endfacet
  facet normal 0 0 1
    outer loop
      vertex 132.849 22.782 2
      vertex 129.634 23.7695 2
      vertex 132.889 22.3262 2
    endloop
  endfacet
  facet normal -0 0 1
    outer loop
      vertex 129.516 23.666 2
      vertex 132.889 22.3262 2
      vertex 129.634 23.7695 2
    endloop
  endfacet
  facet normal -0 0 1
    outer loop
      vertex 129.385 23.5788 2
      vertex 132.889 22.3262 2
      vertex 129.516 23.666 2
    endloop
  endfacet
  facet normal 0 0 1
    outer loop
      vertex 133.002 21.9055 2
      vertex 129.385 23.5788 2
      vertex 129.244 23.5093 2
    endloop
  endfacet
  facet normal 0 0 1
    outer loop
      vertex 133.002 21.9055 2
      vertex 129.244 23.5093 2
      vertex 129.096 23.4589 2
    endloop
  endfacet
  facet normal 0 0 1
    outer loop
      vertex 133.186 21.5111 2
      vertex 129.096 23.4589 2
      vertex 128.942 23.4283 2
    endloop
  endfacet
  facet normal 0 0 1
    outer loop
      vertex 133.435 21.1546 2
      vertex 128.942 23.4283 2
      vertex 128.785 23.418 2
    endloop
  endfacet
  facet normal 0 0 1
    outer loop
      vertex 128.628 23.4283 2
      vertex 133.435 21.1546 2
      vertex 128.785 23.418 2
    endloop
  endfacet
  facet normal 0 0 1
    outer loop
      vertex 133.435 21.1546 2
      vertex 128.628 23.4283 2
      vertex 122.071 11.815 2
    endloop
  endfacet
  facet normal 0 0 1
    outer loop
      vertex 122.071 11.815 2
      vertex 128.628 23.4283 2
      vertex 128.474 23.4589 2
    endloop
  endfacet
  facet normal 0 0 1
    outer loop
      vertex 122.071 11.815 2
      vertex 128.474 23.4589 2
      vertex 128.326 23.5093 2
    endloop
  endfacet
  facet normal 0 0 1
    outer loop
      vertex 122.071 11.815 2
      vertex 128.326 23.5093 2
      vertex 128.185 23.5788 2
    endloop
  endfacet
  facet normal 0 0 1
    outer loop
      vertex 122.071 11.815 2
      vertex 128.185 23.5788 2
      vertex 128.054 23.666 2
    endloop
  endfacet
  facet normal 0 0 1
    outer loop
      vertex 122.071 11.815 2
      vertex 128.054 23.666 2
      vertex 127.936 23.7695 2
    endloop
  endfacet
  facet normal 0 0 1
    outer loop
      vertex 122.071 11.815 2
      vertex 127.936 23.7695 2
      vertex 127.833 23.8875 2
    endloop
  endfacet
  facet normal 0 0 1
    outer loop
      vertex 122.071 11.815 2
      vertex 127.833 23.8875 2
      vertex 127.746 24.018 2
    endloop
  endfacet
  facet normal 0 0 1
    outer loop
      vertex 122.071 11.815 2
      vertex 127.746 24.018 2
      vertex 127.676 24.1588 2
    endloop
  endfacet
  facet normal 0 0 1
    outer loop
      vertex 122.071 11.815 2
      vertex 127.676 24.1588 2
      vertex 127.626 24.3074 2
    endloop
  endfacet
  facet normal 0 0 1
    outer loop
      vertex 122.071 11.815 2
      vertex 127.595 24.4614 2
      vertex 127.585 24.618 2
    endloop
  endfacet
  facet normal 0 0 1
    outer loop
      vertex 122.071 11.815 2
      vertex 127.626 24.3074 2
      vertex 127.595 24.4614 2
    endloop
  endfacet
  facet normal 0 0 1
    outer loop
      vertex 134.514 20.4034 2
      vertex 122.071 11.815 2
      vertex 122.061 11.6584 2
    endloop
  endfacet
  facet normal 0 0 1
    outer loop
      vertex 137.912 0.490021 2
      vertex 122.061 11.6584 2
      vertex 135.989 -0.405823 2
    endloop
  endfacet
  facet normal -0 0 1
    outer loop
      vertex 122.03 11.5044 2
      vertex 135.989 -0.405823 2
      vertex 122.061 11.6584 2
    endloop
  endfacet
  facet normal -0 0 1
    outer loop
      vertex 121.98 11.3558 2
      vertex 135.989 -0.405823 2
      vertex 122.03 11.5044 2
    endloop
  endfacet
  facet normal -0 0 1
    outer loop
      vertex 121.91 11.215 2
      vertex 135.989 -0.405823 2
      vertex 121.98 11.3558 2
    endloop
  endfacet
  facet normal -0 0 1
    outer loop
      vertex 121.823 11.0845 2
      vertex 135.989 -0.405823 2
      vertex 121.91 11.215 2
    endloop
  endfacet
  facet normal 0 0 1
    outer loop
      vertex 119.763 5.49969 2
      vertex 121.823 11.0845 2
      vertex 121.72 10.9665 2
    endloop
  endfacet
  facet normal 0 0 1
    outer loop
      vertex 119.763 5.49969 2
      vertex 121.72 10.9665 2
      vertex 121.602 10.863 2
    endloop
  endfacet
  facet normal 0 0 1
    outer loop
      vertex 119.763 5.49969 2
      vertex 121.602 10.863 2
      vertex 121.471 10.7758 2
    endloop
  endfacet
  facet normal 0 0 1
    outer loop
      vertex 119.763 5.49969 2
      vertex 121.471 10.7758 2
      vertex 121.33 10.7063 2
    endloop
  endfacet
  facet normal 0 0 1
    outer loop
      vertex 119.763 5.49969 2
      vertex 121.33 10.7063 2
      vertex 121.182 10.6559 2
    endloop
  endfacet
  facet normal 0 0 1
    outer loop
      vertex 119.763 5.49969 2
      vertex 121.182 10.6559 2
      vertex 121.028 10.6253 2
    endloop
  endfacet
  facet normal 0 0 1
    outer loop
      vertex 119.763 5.49969 2
      vertex 121.028 10.6253 2
      vertex 120.871 10.615 2
    endloop
  endfacet
  facet normal 0 0 1
    outer loop
      vertex 119.763 5.49969 2
      vertex 120.871 10.615 2
      vertex 120.714 10.6253 2
    endloop
  endfacet
  facet normal 0 0 1
    outer loop
      vertex 119.302 5.6234 2
      vertex 120.714 10.6253 2
      vertex 120.56 10.6559 2
    endloop
  endfacet
  facet normal 0 0 1
    outer loop
      vertex 119.302 5.6234 2
      vertex 120.56 10.6559 2
      vertex 120.412 10.7063 2
    endloop
  endfacet
  facet normal 0 0 1
    outer loop
      vertex 119.302 5.6234 2
      vertex 120.412 10.7063 2
      vertex 120.271 10.7758 2
    endloop
  endfacet
  facet normal 0 0 1
    outer loop
      vertex 119.302 5.6234 2
      vertex 120.271 10.7758 2
      vertex 120.14 10.863 2
    endloop
  endfacet
  facet normal 0 0 1
    outer loop
      vertex 121.823 11.0845 2
      vertex 119.763 5.49969 2
      vertex 135.989 -0.405823 2
    endloop
  endfacet
  facet normal 0 0 1
    outer loop
      vertex 119.302 5.6234 2
      vertex 120.14 10.863 2
      vertex 120.022 10.9665 2
    endloop
  endfacet
  facet normal 0 0 1
    outer loop
      vertex 119.302 5.6234 2
      vertex 120.022 10.9665 2
      vertex 119.919 11.0845 2
    endloop
  endfacet
  facet normal 0 0 1
    outer loop
      vertex 119.302 5.6234 2
      vertex 119.919 11.0845 2
      vertex 119.832 11.215 2
    endloop
  endfacet
  facet normal 0 0 1
    outer loop
      vertex 119.302 5.6234 2
      vertex 119.832 11.215 2
      vertex 119.762 11.3558 2
    endloop
  endfacet
  facet normal 0 0 1
    outer loop
      vertex 119.302 5.6234 2
      vertex 119.762 11.3558 2
      vertex 119.712 11.5044 2
    endloop
  endfacet
  facet normal 0 0 1
    outer loop
      vertex 119.302 5.6234 2
      vertex 119.712 11.5044 2
      vertex 119.681 11.6584 2
    endloop
  endfacet
  facet normal 0 0 1
    outer loop
      vertex 119.302 5.6234 2
      vertex 119.681 11.6584 2
      vertex 119.671 11.815 2
    endloop
  endfacet
  facet normal 0 0 1
    outer loop
      vertex 120.714 10.6253 2
      vertex 119.302 5.6234 2
      vertex 119.763 5.49969 2
    endloop
  endfacet
  facet normal 0 0 1
    outer loop
      vertex 120.412 12.9237 2
      vertex 109.105 35.8588 2
      vertex 120.271 12.8542 2
    endloop
  endfacet
  facet normal 0 0 1
    outer loop
      vertex 120.271 12.8542 2
      vertex 109.105 35.8588 2
      vertex 120.14 12.767 2
    endloop
  endfacet
  facet normal -0 0 1
    outer loop
      vertex 108.684 35.7159 2
      vertex 120.14 12.767 2
      vertex 109.105 35.8588 2
    endloop
  endfacet
  facet normal 0 0 1
    outer loop
      vertex 120.14 12.767 2
      vertex 108.684 35.7159 2
      vertex 120.022 12.6635 2
    endloop
  endfacet
  facet normal -0 0 1
    outer loop
      vertex 108.247 35.6291 2
      vertex 120.022 12.6635 2
      vertex 108.684 35.7159 2
    endloop
  endfacet
  facet normal 0 0 1
    outer loop
      vertex 120.022 12.6635 2
      vertex 108.247 35.6291 2
      vertex 119.919 12.5455 2
    endloop
  endfacet
  facet normal -0 0 1
    outer loop
      vertex 107.804 35.6 2
      vertex 119.919 12.5455 2
      vertex 108.247 35.6291 2
    endloop
  endfacet
  facet normal 0 0 1
    outer loop
      vertex 100.517 8.94295 2
      vertex 119.919 12.5455 2
      vertex 107.804 35.6 2
    endloop
  endfacet
  facet normal 0 0 1
    outer loop
      vertex 119.919 12.5455 2
      vertex 100.517 8.94295 2
      vertex 119.832 12.415 2
    endloop
  endfacet
  facet normal 0 0 1
    outer loop
      vertex 119.832 12.415 2
      vertex 100.517 8.94295 2
      vertex 119.762 12.2742 2
    endloop
  endfacet
  facet normal 0 0 1
    outer loop
      vertex 119.762 12.2742 2
      vertex 100.517 8.94295 2
      vertex 119.712 12.1256 2
    endloop
  endfacet
  facet normal 0 0 1
    outer loop
      vertex 119.712 12.1256 2
      vertex 100.517 8.94295 2
      vertex 119.681 11.9716 2
    endloop
  endfacet
  facet normal 0 0 1
    outer loop
      vertex 119.681 11.9716 2
      vertex 100.517 8.94295 2
      vertex 119.671 11.815 2
    endloop
  endfacet
  facet normal 0 0 1
    outer loop
      vertex 100.517 8.94295 2
      vertex 107.804 35.6 2
      vertex 107.36 35.6291 2
    endloop
  endfacet
  facet normal 0 0 1
    outer loop
      vertex 100.517 8.94295 2
      vertex 107.36 35.6291 2
      vertex 106.924 35.7159 2
    endloop
  endfacet
  facet normal 0 0 1
    outer loop
      vertex 100.517 8.94295 2
      vertex 106.924 35.7159 2
      vertex 106.502 35.8588 2
    endloop
  endfacet
  facet normal 0 0 1
    outer loop
      vertex 100.517 8.94295 2
      vertex 106.502 35.8588 2
      vertex 106.104 36.0555 2
    endloop
  endfacet
  facet normal 0 0 1
    outer loop
      vertex 100.517 8.94295 2
      vertex 106.104 36.0555 2
      vertex 105.734 36.3026 2
    endloop
  endfacet
  facet normal 0 0 1
    outer loop
      vertex 100.517 8.94295 2
      vertex 105.734 36.3026 2
      vertex 105.399 36.5958 2
    endloop
  endfacet
  facet normal 0 0 1
    outer loop
      vertex 100.517 8.94295 2
      vertex 105.399 36.5958 2
      vertex 105.106 36.9302 2
    endloop
  endfacet
  facet normal 0 0 1
    outer loop
      vertex 100.517 8.94295 2
      vertex 105.106 36.9302 2
      vertex 104.859 37.3 2
    endloop
  endfacet
  facet normal 0 0 1
    outer loop
      vertex 100.517 8.94295 2
      vertex 104.859 37.3 2
      vertex 104.662 37.6989 2
    endloop
  endfacet
  facet normal 0 0 1
    outer loop
      vertex 119.671 11.815 2
      vertex 100.517 8.94295 2
      vertex 119.302 5.6234 2
    endloop
  endfacet
  facet normal 0 0 1
    outer loop
      vertex 104.519 38.12 2
      vertex 100.517 8.94295 2
      vertex 104.662 37.6989 2
    endloop
  endfacet
  facet normal 0 0 1
    outer loop
      vertex 104.433 38.5562 2
      vertex 100.517 8.94295 2
      vertex 104.519 38.12 2
    endloop
  endfacet
  facet normal 0 0 1
    outer loop
      vertex 100.517 8.94295 2
      vertex 104.433 38.5562 2
      vertex 104.404 39 2
    endloop
  endfacet
  facet normal 0 0 1
    outer loop
      vertex 105.399 41.4042 2
      vertex 96.1225 50.927 2
      vertex 105.106 41.0698 2
    endloop
  endfacet
  facet normal 0 0 1
    outer loop
      vertex 105.106 41.0698 2
      vertex 95.992 50.8398 2
      vertex 104.859 40.7 2
    endloop
  endfacet
  facet normal -0 0 1
    outer loop
      vertex 95.8512 50.7703 2
      vertex 104.859 40.7 2
      vertex 95.992 50.8398 2
    endloop
  endfacet
  facet normal 0 0 1
    outer loop
      vertex 104.859 40.7 2
      vertex 95.8512 50.7703 2
      vertex 104.662 40.3011 2
    endloop
  endfacet
  facet normal -0 0 1
    outer loop
      vertex 95.7026 50.7199 2
      vertex 104.662 40.3011 2
      vertex 95.8512 50.7703 2
    endloop
  endfacet
  facet normal -0 0 1
    outer loop
      vertex 95.5486 50.6893 2
      vertex 104.662 40.3011 2
      vertex 95.7026 50.7199 2
    endloop
  endfacet
  facet normal 0 0 1
    outer loop
      vertex 104.662 40.3011 2
      vertex 95.5486 50.6893 2
      vertex 104.519 39.88 2
    endloop
  endfacet
  facet normal -0 0 1
    outer loop
      vertex 95.392 50.679 2
      vertex 104.519 39.88 2
      vertex 95.5486 50.6893 2
    endloop
  endfacet
  facet normal 0 0 1
    outer loop
      vertex 104.519 39.88 2
      vertex 95.392 50.679 2
      vertex 104.433 39.4438 2
    endloop
  endfacet
  facet normal 0 0 1
    outer loop
      vertex 104.404 39 2
      vertex 100.051 8.98511 2
      vertex 100.517 8.94295 2
    endloop
  endfacet
  facet normal 0 0 1
    outer loop
      vertex 95.2354 50.6893 2
      vertex 104.433 39.4438 2
      vertex 95.392 50.679 2
    endloop
  endfacet
  facet normal 0 0 1
    outer loop
      vertex 104.433 39.4438 2
      vertex 95.2354 50.6893 2
      vertex 104.404 39 2
    endloop
  endfacet
  facet normal 0 0 1
    outer loop
      vertex 95.0814 50.7199 2
      vertex 104.404 39 2
      vertex 95.2354 50.6893 2
    endloop
  endfacet
  facet normal 0 0 1
    outer loop
      vertex 94.9328 50.7703 2
      vertex 104.404 39 2
      vertex 95.0814 50.7199 2
    endloop
  endfacet
  facet normal 0 0 1
    outer loop
      vertex 94.792 50.8398 2
      vertex 104.404 39 2
      vertex 94.9328 50.7703 2
    endloop
  endfacet
  facet normal 0 0 1
    outer loop
      vertex 104.404 39 2
      vertex 94.792 50.8398 2
      vertex 81.6102 9.07188 2
    endloop
  endfacet
  facet normal 0 0 1
    outer loop
      vertex 81.6102 9.07188 2
      vertex 94.792 50.8398 2
      vertex 94.6615 50.927 2
    endloop
  endfacet
  facet normal 0 0 1
    outer loop
      vertex 81.6102 9.07188 2
      vertex 94.6615 50.927 2
      vertex 94.5435 51.0305 2
    endloop
  endfacet
  facet normal 0 0 1
    outer loop
      vertex 81.6102 9.07188 2
      vertex 94.5435 51.0305 2
      vertex 94.44 51.1485 2
    endloop
  endfacet
  facet normal 0 0 1
    outer loop
      vertex 81.6102 9.07188 2
      vertex 94.44 51.1485 2
      vertex 94.3528 51.279 2
    endloop
  endfacet
  facet normal 0 0 1
    outer loop
      vertex 81.6102 9.07188 2
      vertex 94.3528 51.279 2
      vertex 94.2833 51.4198 2
    endloop
  endfacet
  facet normal 0 0 1
    outer loop
      vertex 81.6102 9.07188 2
      vertex 94.2833 51.4198 2
      vertex 94.2329 51.5684 2
    endloop
  endfacet
  facet normal 0 0 1
    outer loop
      vertex 81.6102 9.07188 2
      vertex 94.2329 51.5684 2
      vertex 94.2023 51.7224 2
    endloop
  endfacet
  facet normal 0 0 1
    outer loop
      vertex 93.5168 91.879 2
      vertex 94.3528 52.479 2
      vertex 93.604 91.7485 2
    endloop
  endfacet
  facet normal 0 0 1
    outer loop
      vertex 94.3528 52.479 2
      vertex 93.5168 91.879 2
      vertex 94.2833 52.3382 2
    endloop
  endfacet
  facet normal 0 0 1
    outer loop
      vertex 93.4473 92.0198 2
      vertex 94.2833 52.3382 2
      vertex 93.5168 91.879 2
    endloop
  endfacet
  facet normal 0 0 1
    outer loop
      vertex 94.2833 52.3382 2
      vertex 93.4473 92.0198 2
      vertex 94.2329 52.1896 2
    endloop
  endfacet
  facet normal 0 0 1
    outer loop
      vertex 93.3969 92.1684 2
      vertex 94.2329 52.1896 2
      vertex 93.4473 92.0198 2
    endloop
  endfacet
  facet normal 0 0 1
    outer loop
      vertex 94.2329 52.1896 2
      vertex 93.3969 92.1684 2
      vertex 94.2023 52.0356 2
    endloop
  endfacet
  facet normal 0 0 1
    outer loop
      vertex 93.3663 92.3224 2
      vertex 94.2023 52.0356 2
      vertex 93.3969 92.1684 2
    endloop
  endfacet
  facet normal 0 0 1
    outer loop
      vertex 81.6102 9.07188 2
      vertex 94.2023 52.0356 2
      vertex 93.3663 92.3224 2
    endloop
  endfacet
  facet normal 0 0 1
    outer loop
      vertex 81.6102 9.07188 2
      vertex 93.3663 92.3224 2
      vertex 93.356 92.479 2
    endloop
  endfacet
  facet normal 0 0 1
    outer loop
      vertex 104.404 39 2
      vertex 81.6102 9.07188 2
      vertex 100.051 8.98511 2
    endloop
  endfacet
  facet normal 0 0 1
    outer loop
      vertex 94.192 51.879 2
      vertex 81.6102 9.07188 2
      vertex 94.2023 51.7224 2
    endloop
  endfacet
  facet normal 0 0 1
    outer loop
      vertex 94.2023 52.0356 2
      vertex 81.6102 9.07188 2
      vertex 94.192 51.879 2
    endloop
  endfacet
  facet normal 0 0 1
    outer loop
      vertex 106.924 71.2841 2
      vertex 95.2865 91.527 2
      vertex 106.502 71.1412 2
    endloop
  endfacet
  facet normal -0 0 1
    outer loop
      vertex 95.156 91.4398 2
      vertex 106.502 71.1412 2
      vertex 95.2865 91.527 2
    endloop
  endfacet
  facet normal 0 0 1
    outer loop
      vertex 106.502 71.1412 2
      vertex 95.156 91.4398 2
      vertex 106.104 70.9445 2
    endloop
  endfacet
  facet normal -0 0 1
    outer loop
      vertex 95.0152 91.3703 2
      vertex 106.104 70.9445 2
      vertex 95.156 91.4398 2
    endloop
  endfacet
  facet normal 0 0 1
    outer loop
      vertex 106.104 70.9445 2
      vertex 95.0152 91.3703 2
      vertex 105.734 70.6974 2
    endloop
  endfacet
  facet normal -0 0 1
    outer loop
      vertex 94.8666 91.3199 2
      vertex 105.734 70.6974 2
      vertex 95.0152 91.3703 2
    endloop
  endfacet
  facet normal 0 0 1
    outer loop
      vertex 105.734 70.6974 2
      vertex 94.8666 91.3199 2
      vertex 105.399 70.4042 2
    endloop
  endfacet
  facet normal -0 0 1
    outer loop
      vertex 94.7126 91.2893 2
      vertex 105.399 70.4042 2
      vertex 94.8666 91.3199 2
    endloop
  endfacet
  facet normal 0 0 1
    outer loop
      vertex 105.399 70.4042 2
      vertex 94.7126 91.2893 2
      vertex 105.106 70.0698 2
    endloop
  endfacet
  facet normal 0 0 1
    outer loop
      vertex 105.106 65.9302 2
      vertex 95.7026 53.0381 2
      vertex 95.8512 52.9877 2
    endloop
  endfacet
  facet normal -0 0 1
    outer loop
      vertex 94.556 91.279 2
      vertex 105.106 70.0698 2
      vertex 94.7126 91.2893 2
    endloop
  endfacet
  facet normal 0 0 1
    outer loop
      vertex 104.859 66.3 2
      vertex 95.5486 53.0687 2
      vertex 95.7026 53.0381 2
    endloop
  endfacet
  facet normal 0 0 1
    outer loop
      vertex 105.106 70.0698 2
      vertex 94.556 91.279 2
      vertex 104.859 69.7 2
    endloop
  endfacet
  facet normal 0 0 1
    outer loop
      vertex 104.662 66.6989 2
      vertex 95.392 53.079 2
      vertex 95.5486 53.0687 2
    endloop
  endfacet
  facet normal 0 0 1
    outer loop
      vertex 94.3994 91.2893 2
      vertex 104.859 69.7 2
      vertex 94.556 91.279 2
    endloop
  endfacet
  facet normal 0 0 1
    outer loop
      vertex 104.519 67.12 2
      vertex 95.2354 53.0687 2
      vertex 95.392 53.079 2
    endloop
  endfacet
  facet normal 0 0 1
    outer loop
      vertex 94.2454 91.3199 2
      vertex 104.859 69.7 2
      vertex 94.3994 91.2893 2
    endloop
  endfacet
  facet normal 0 0 1
    outer loop
      vertex 104.519 67.12 2
      vertex 95.0814 53.0381 2
      vertex 95.2354 53.0687 2
    endloop
  endfacet
  facet normal 0 0 1
    outer loop
      vertex 104.662 69.3011 2
      vertex 94.2454 91.3199 2
      vertex 94.0968 91.3703 2
    endloop
  endfacet
  facet normal 0 0 1
    outer loop
      vertex 104.433 67.5562 2
      vertex 94.9328 52.9877 2
      vertex 95.0814 53.0381 2
    endloop
  endfacet
  facet normal 0 0 1
    outer loop
      vertex 104.519 68.88 2
      vertex 94.0968 91.3703 2
      vertex 93.956 91.4398 2
    endloop
  endfacet
  facet normal 0 0 1
    outer loop
      vertex 104.404 68 2
      vertex 94.792 52.9182 2
      vertex 94.9328 52.9877 2
    endloop
  endfacet
  facet normal 0 0 1
    outer loop
      vertex 104.433 68.4438 2
      vertex 93.956 91.4398 2
      vertex 94.6615 52.831 2
    endloop
  endfacet
  facet normal 0 0 1
    outer loop
      vertex 104.433 68.4438 2
      vertex 94.6615 52.831 2
      vertex 94.792 52.9182 2
    endloop
  endfacet
  facet normal 0 0 1
    outer loop
      vertex 93.8255 91.527 2
      vertex 94.6615 52.831 2
      vertex 93.956 91.4398 2
    endloop
  endfacet
  facet normal 0 0 1
    outer loop
      vertex 94.6615 52.831 2
      vertex 93.8255 91.527 2
      vertex 94.5435 52.7275 2
    endloop
  endfacet
  facet normal 0 0 1
    outer loop
      vertex 93.7075 91.6305 2
      vertex 94.5435 52.7275 2
      vertex 93.8255 91.527 2
    endloop
  endfacet
  facet normal 0 0 1
    outer loop
      vertex 94.5435 52.7275 2
      vertex 93.7075 91.6305 2
      vertex 94.44 52.6095 2
    endloop
  endfacet
  facet normal 0 0 1
    outer loop
      vertex 93.604 91.7485 2
      vertex 94.44 52.6095 2
      vertex 93.7075 91.6305 2
    endloop
  endfacet
  facet normal 0 0 1
    outer loop
      vertex 94.44 52.6095 2
      vertex 93.604 91.7485 2
      vertex 94.3528 52.479 2
    endloop
  endfacet
  facet normal 0 -1 0
    outer loop
      vertex 5.03754 3 0
      vertex 40 3 2
      vertex 5.03754 3 2
    endloop
  endfacet
  facet normal 0 -1 -0
    outer loop
      vertex 40 3 2
      vertex 5.03754 3 0
      vertex 40 3 0
    endloop
  endfacet
  facet normal 1 -0 0
    outer loop
      vertex 40 3 2
      vertex 40 7.078 0
      vertex 40 7.078 2
    endloop
  endfacet
  facet normal 1 0 0
    outer loop
      vertex 40 7.078 0
      vertex 40 3 2
      vertex 40 3 0
    endloop
  endfacet
  facet normal 0 -1 0
    outer loop
      vertex 40 7.078 0
      vertex 70.469 7.078 2
      vertex 40 7.078 2
    endloop
  endfacet
  facet normal 0 -1 -0
    outer loop
      vertex 70.469 7.078 2
      vertex 40 7.078 0
      vertex 70.469 7.078 0
    endloop
  endfacet
  facet normal 0.047515 -0.998871 0
    outer loop
      vertex 70.469 7.078 0
      vertex 70.5163 7.08025 2
      vertex 70.469 7.078 2
    endloop
  endfacet
  facet normal 0.047515 -0.998871 0
    outer loop
      vertex 70.5163 7.08025 2
      vertex 70.469 7.078 0
      vertex 70.5163 7.08025 0
    endloop
  endfacet
  facet normal 0.0945612 -0.995519 0
    outer loop
      vertex 70.5163 7.08025 0
      vertex 71.2743 7.15225 2
      vertex 70.5163 7.08025 2
    endloop
  endfacet
  facet normal 0.0945612 -0.995519 0
    outer loop
      vertex 71.2743 7.15225 2
      vertex 70.5163 7.08025 0
      vertex 71.2743 7.15225 0
    endloop
  endfacet
  facet normal 0.142211 -0.989836 0
    outer loop
      vertex 71.2743 7.15225 0
      vertex 71.3217 7.15906 2
      vertex 71.2743 7.15225 2
    endloop
  endfacet
  facet normal 0.142211 -0.989836 0
    outer loop
      vertex 71.3217 7.15906 2
      vertex 71.2743 7.15225 0
      vertex 71.3217 7.15906 0
    endloop
  endfacet
  facet normal 0.189413 -0.981898 0
    outer loop
      vertex 71.3217 7.15906 0
      vertex 80.883 9.00348 2
      vertex 71.3217 7.15906 2
    endloop
  endfacet
  facet normal 0.189413 -0.981898 0
    outer loop
      vertex 80.883 9.00348 2
      vertex 71.3217 7.15906 0
      vertex 80.883 9.00348 0
    endloop
  endfacet
  facet normal 0.0936461 -0.995606 0
    outer loop
      vertex 80.883 9.00348 0
      vertex 81.6102 9.07188 2
      vertex 80.883 9.00348 2
    endloop
  endfacet
  facet normal 0.0936461 -0.995606 0
    outer loop
      vertex 81.6102 9.07188 2
      vertex 80.883 9.00348 0
      vertex 81.6102 9.07188 0
    endloop
  endfacet
  facet normal -0.00470528 -0.999989 0
    outer loop
      vertex 81.6102 9.07188 0
      vertex 100.051 8.98511 2
      vertex 81.6102 9.07188 2
    endloop
  endfacet
  facet normal -0.00470528 -0.999989 -0
    outer loop
      vertex 100.051 8.98511 2
      vertex 81.6102 9.07188 0
      vertex 100.051 8.98511 0
    endloop
  endfacet
  facet normal -0.0901041 -0.995932 0
    outer loop
      vertex 100.051 8.98511 0
      vertex 100.517 8.94295 2
      vertex 100.051 8.98511 2
    endloop
  endfacet
  facet normal -0.0901041 -0.995932 -0
    outer loop
      vertex 100.517 8.94295 2
      vertex 100.051 8.98511 0
      vertex 100.517 8.94295 0
    endloop
  endfacet
  facet normal -0.174017 -0.984743 0
    outer loop
      vertex 100.517 8.94295 0
      vertex 119.302 5.6234 2
      vertex 100.517 8.94295 2
    endloop
  endfacet
  facet normal -0.174017 -0.984743 -0
    outer loop
      vertex 119.302 5.6234 2
      vertex 100.517 8.94295 0
      vertex 119.302 5.6234 0
    endloop
  endfacet
  facet normal -0.259181 -0.965829 0
    outer loop
      vertex 119.302 5.6234 0
      vertex 119.763 5.49969 2
      vertex 119.302 5.6234 2
    endloop
  endfacet
  facet normal -0.259181 -0.965829 -0
    outer loop
      vertex 119.763 5.49969 2
      vertex 119.302 5.6234 0
      vertex 119.763 5.49969 0
    endloop
  endfacet
  facet normal -0.342006 -0.939698 0
    outer loop
      vertex 119.763 5.49969 0
      vertex 135.989 -0.405823 2
      vertex 119.763 5.49969 2
    endloop
  endfacet
  facet normal -0.342006 -0.939698 -0
    outer loop
      vertex 135.989 -0.405823 2
      vertex 119.763 5.49969 0
      vertex 135.989 -0.405823 0
    endloop
  endfacet
  facet normal -0.298213 -0.954499 0
    outer loop
      vertex 135.989 -0.405823 0
      vertex 136.031 -0.418945 2
      vertex 135.989 -0.405823 2
    endloop
  endfacet
  facet normal -0.298213 -0.954499 -0
    outer loop
      vertex 136.031 -0.418945 2
      vertex 135.989 -0.405823 0
      vertex 136.031 -0.418945 0
    endloop
  endfacet
  facet normal -0.258725 -0.965951 0
    outer loop
      vertex 136.031 -0.418945 0
      vertex 136.199 -0.463943 2
      vertex 136.031 -0.418945 2
    endloop
  endfacet
  facet normal -0.258725 -0.965951 -0
    outer loop
      vertex 136.199 -0.463943 2
      vertex 136.031 -0.418945 0
      vertex 136.199 -0.463943 0
    endloop
  endfacet
  facet normal -0.176969 -0.984216 0
    outer loop
      vertex 136.199 -0.463943 0
      vertex 136.282 -0.478867 2
      vertex 136.199 -0.463943 2
    endloop
  endfacet
  facet normal -0.176969 -0.984216 -0
    outer loop
      vertex 136.282 -0.478867 2
      vertex 136.199 -0.463943 0
      vertex 136.282 -0.478867 0
    endloop
  endfacet
  facet normal -0.0916018 -0.995796 0
    outer loop
      vertex 136.282 -0.478867 0
      vertex 136.456 -0.494873 2
      vertex 136.282 -0.478867 2
    endloop
  endfacet
  facet normal -0.0916018 -0.995796 -0
    outer loop
      vertex 136.456 -0.494873 2
      vertex 136.282 -0.478867 0
      vertex 136.456 -0.494873 0
    endloop
  endfacet
  facet normal 0 -1 0
    outer loop
      vertex 136.456 -0.494873 0
      vertex 136.548 -0.494873 2
      vertex 136.456 -0.494873 2
    endloop
  endfacet
  facet normal 0 -1 -0
    outer loop
      vertex 136.548 -0.494873 2
      vertex 136.456 -0.494873 0
      vertex 136.548 -0.494873 0
    endloop
  endfacet
  facet normal 0.0916018 -0.995796 0
    outer loop
      vertex 136.548 -0.494873 0
      vertex 136.722 -0.478867 2
      vertex 136.548 -0.494873 2
    endloop
  endfacet
  facet normal 0.0916018 -0.995796 0
    outer loop
      vertex 136.722 -0.478867 2
      vertex 136.548 -0.494873 0
      vertex 136.722 -0.478867 0
    endloop
  endfacet
  facet normal 0.176969 -0.984216 0
    outer loop
      vertex 136.722 -0.478867 0
      vertex 136.805 -0.463943 2
      vertex 136.722 -0.478867 2
    endloop
  endfacet
  facet normal 0.176969 -0.984216 0
    outer loop
      vertex 136.805 -0.463943 2
      vertex 136.722 -0.478867 0
      vertex 136.805 -0.463943 0
    endloop
  endfacet
  facet normal 0.258725 -0.965951 0
    outer loop
      vertex 136.805 -0.463943 0
      vertex 136.973 -0.418945 2
      vertex 136.805 -0.463943 2
    endloop
  endfacet
  facet normal 0.258725 -0.965951 0
    outer loop
      vertex 136.973 -0.418945 2
      vertex 136.805 -0.463943 0
      vertex 136.973 -0.418945 0
    endloop
  endfacet
  facet normal 0.337773 -0.941228 0
    outer loop
      vertex 136.973 -0.418945 0
      vertex 137.054 -0.389877 2
      vertex 136.973 -0.418945 2
    endloop
  endfacet
  facet normal 0.337773 -0.941228 0
    outer loop
      vertex 137.054 -0.389877 2
      vertex 136.973 -0.418945 0
      vertex 137.054 -0.389877 0
    endloop
  endfacet
  facet normal 0.419413 -0.907796 0
    outer loop
      vertex 137.054 -0.389877 0
      vertex 137.212 -0.316879 2
      vertex 137.054 -0.389877 2
    endloop
  endfacet
  facet normal 0.419413 -0.907796 0
    outer loop
      vertex 137.212 -0.316879 2
      vertex 137.054 -0.389877 0
      vertex 137.212 -0.316879 0
    endloop
  endfacet
  facet normal 0.497353 -0.867548 0
    outer loop
      vertex 137.212 -0.316879 0
      vertex 137.289 -0.272736 2
      vertex 137.212 -0.316879 2
    endloop
  endfacet
  facet normal 0.497353 -0.867548 0
    outer loop
      vertex 137.289 -0.272736 2
      vertex 137.212 -0.316879 0
      vertex 137.289 -0.272736 0
    endloop
  endfacet
  facet normal 0.573043 -0.819525 0
    outer loop
      vertex 137.289 -0.272736 0
      vertex 137.432 -0.172745 2
      vertex 137.289 -0.272736 2
    endloop
  endfacet
  facet normal 0.573043 -0.819525 0
    outer loop
      vertex 137.432 -0.172745 2
      vertex 137.289 -0.272736 0
      vertex 137.432 -0.172745 0
    endloop
  endfacet
  facet normal 0.646658 -0.76278 0
    outer loop
      vertex 137.432 -0.172745 0
      vertex 137.5 -0.115097 2
      vertex 137.432 -0.172745 2
    endloop
  endfacet
  facet normal 0.646658 -0.76278 0
    outer loop
      vertex 137.5 -0.115097 2
      vertex 137.432 -0.172745 0
      vertex 137.5 -0.115097 0
    endloop
  endfacet
  facet normal 0.709943 -0.704259 0
    outer loop
      vertex 137.5 -0.115097 2
      vertex 137.623 0.00889587 0
      vertex 137.623 0.00889587 2
    endloop
  endfacet
  facet normal 0.709943 -0.704259 0
    outer loop
      vertex 137.623 0.00889587 0
      vertex 137.5 -0.115097 2
      vertex 137.5 -0.115097 0
    endloop
  endfacet
  facet normal 0.765327 -0.643642 0
    outer loop
      vertex 137.623 0.00889587 2
      vertex 137.677 0.0731049 0
      vertex 137.677 0.0731049 2
    endloop
  endfacet
  facet normal 0.765327 -0.643642 0
    outer loop
      vertex 137.677 0.0731049 0
      vertex 137.623 0.00889587 2
      vertex 137.623 0.00889587 0
    endloop
  endfacet
  facet normal 0.817602 -0.575784 0
    outer loop
      vertex 137.677 0.0731049 2
      vertex 137.777 0.215103 0
      vertex 137.777 0.215103 2
    endloop
  endfacet
  facet normal 0.817602 -0.575784 0
    outer loop
      vertex 137.777 0.215103 0
      vertex 137.677 0.0731049 2
      vertex 137.677 0.0731049 0
    endloop
  endfacet
  facet normal 0.865045 -0.501694 0
    outer loop
      vertex 137.777 0.215103 2
      vertex 137.821 0.29097 0
      vertex 137.821 0.29097 2
    endloop
  endfacet
  facet normal 0.865045 -0.501694 0
    outer loop
      vertex 137.821 0.29097 0
      vertex 137.777 0.215103 2
      vertex 137.777 0.215103 0
    endloop
  endfacet
  facet normal 0.905602 -0.424129 0
    outer loop
      vertex 137.821 0.29097 2
      vertex 137.895 0.448975 0
      vertex 137.895 0.448975 2
    endloop
  endfacet
  facet normal 0.905602 -0.424129 0
    outer loop
      vertex 137.895 0.448975 0
      vertex 137.821 0.29097 2
      vertex 137.821 0.29097 0
    endloop
  endfacet
  facet normal 0.923894 -0.382649 0
    outer loop
      vertex 137.895 0.448975 2
      vertex 137.912 0.490021 0
      vertex 137.912 0.490021 2
    endloop
  endfacet
  facet normal 0.923894 -0.382649 0
    outer loop
      vertex 137.912 0.490021 0
      vertex 137.895 0.448975 2
      vertex 137.895 0.448975 0
    endloop
  endfacet
  facet normal 0.939708 -0.341979 0
    outer loop
      vertex 137.912 0.490021 2
      vertex 143.401 15.573 0
      vertex 143.401 15.573 2
    endloop
  endfacet
  facet normal 0.939708 -0.341979 0
    outer loop
      vertex 143.401 15.573 0
      vertex 137.912 0.490021 2
      vertex 137.912 0.490021 0
    endloop
  endfacet
  facet normal 0.955779 -0.294086 0
    outer loop
      vertex 143.401 15.573 2
      vertex 143.415 15.6185 0
      vertex 143.415 15.6185 2
    endloop
  endfacet
  facet normal 0.955779 -0.294086 0
    outer loop
      vertex 143.415 15.6185 0
      vertex 143.401 15.573 2
      vertex 143.401 15.573 0
    endloop
  endfacet
  facet normal 0.968029 -0.250838 0
    outer loop
      vertex 143.415 15.6185 2
      vertex 143.464 15.8076 0
      vertex 143.464 15.8076 2
    endloop
  endfacet
  facet normal 0.968029 -0.250838 0
    outer loop
      vertex 143.464 15.8076 0
      vertex 143.415 15.6185 2
      vertex 143.415 15.6185 0
    endloop
  endfacet
  facet normal 0.974859 -0.222825 0
    outer loop
      vertex 143.464 15.8076 2
      vertex 143.472 15.8426 0
      vertex 143.472 15.8426 2
    endloop
  endfacet
  facet normal 0.974859 -0.222825 0
    outer loop
      vertex 143.472 15.8426 0
      vertex 143.464 15.8076 2
      vertex 143.464 15.8076 0
    endloop
  endfacet
  facet normal 0.994234 -0.107236 0
    outer loop
      vertex 143.472 15.8426 2
      vertex 143.479 15.9075 0
      vertex 143.479 15.9075 2
    endloop
  endfacet
  facet normal 0.994234 -0.107236 0
    outer loop
      vertex 143.479 15.9075 0
      vertex 143.472 15.8426 2
      vertex 143.472 15.8426 0
    endloop
  endfacet
  facet normal 0.998701 -0.0509541 0
    outer loop
      vertex 143.479 15.9075 2
      vertex 143.489 16.1035 0
      vertex 143.489 16.1035 2
    endloop
  endfacet
  facet normal 0.998701 -0.0509541 0
    outer loop
      vertex 143.489 16.1035 0
      vertex 143.479 15.9075 2
      vertex 143.479 15.9075 0
    endloop
  endfacet
  facet normal 0.999103 0.0423349 0
    outer loop
      vertex 143.489 16.1035 2
      vertex 143.485 16.1979 0
      vertex 143.485 16.1979 2
    endloop
  endfacet
  facet normal 0.999103 0.0423349 0
    outer loop
      vertex 143.485 16.1979 0
      vertex 143.489 16.1035 2
      vertex 143.489 16.1035 0
    endloop
  endfacet
  facet normal 0.990454 0.137847 0
    outer loop
      vertex 143.485 16.1979 2
      vertex 143.458 16.3919 0
      vertex 143.458 16.3919 2
    endloop
  endfacet
  facet normal 0.990454 0.137847 0
    outer loop
      vertex 143.458 16.3919 0
      vertex 143.485 16.1979 2
      vertex 143.485 16.1979 0
    endloop
  endfacet
  facet normal 0.984696 0.174282 0
    outer loop
      vertex 143.458 16.3919 2
      vertex 143.452 16.4258 0
      vertex 143.452 16.4258 2
    endloop
  endfacet
  facet normal 0.984696 0.174282 0
    outer loop
      vertex 143.452 16.4258 0
      vertex 143.458 16.3919 2
      vertex 143.458 16.3919 0
    endloop
  endfacet
  facet normal 0.965468 0.260523 0
    outer loop
      vertex 143.452 16.4258 2
      vertex 143.435 16.4888 0
      vertex 143.435 16.4888 2
    endloop
  endfacet
  facet normal 0.965468 0.260523 0
    outer loop
      vertex 143.435 16.4888 0
      vertex 143.452 16.4258 2
      vertex 143.452 16.4258 0
    endloop
  endfacet
  facet normal 0.94346 0.331486 0
    outer loop
      vertex 143.435 16.4888 2
      vertex 143.37 16.6738 0
      vertex 143.37 16.6738 2
    endloop
  endfacet
  facet normal 0.94346 0.331486 0
    outer loop
      vertex 143.37 16.6738 0
      vertex 143.435 16.4888 2
      vertex 143.435 16.4888 0
    endloop
  endfacet
  facet normal 0.930566 0.366124 0
    outer loop
      vertex 143.37 16.6738 2
      vertex 143.358 16.7043 0
      vertex 143.358 16.7043 2
    endloop
  endfacet
  facet normal 0.930566 0.366124 0
    outer loop
      vertex 143.358 16.7043 0
      vertex 143.37 16.6738 2
      vertex 143.37 16.6738 0
    endloop
  endfacet
  facet normal 0.889181 0.457555 0
    outer loop
      vertex 143.358 16.7043 2
      vertex 143.328 16.7626 0
      vertex 143.328 16.7626 2
    endloop
  endfacet
  facet normal 0.889181 0.457555 0
    outer loop
      vertex 143.328 16.7626 0
      vertex 143.358 16.7043 2
      vertex 143.358 16.7043 0
    endloop
  endfacet
  facet normal 0.860622 0.509244 0
    outer loop
      vertex 143.328 16.7626 2
      vertex 143.228 16.9316 0
      vertex 143.228 16.9316 2
    endloop
  endfacet
  facet normal 0.860622 0.509244 0
    outer loop
      vertex 143.228 16.9316 0
      vertex 143.328 16.7626 2
      vertex 143.328 16.7626 0
    endloop
  endfacet
  facet normal 0.853962 0.520335 0
    outer loop
      vertex 143.228 16.9316 2
      vertex 143.211 16.9595 0
      vertex 143.211 16.9595 2
    endloop
  endfacet
  facet normal 0.853962 0.520335 0
    outer loop
      vertex 143.211 16.9595 0
      vertex 143.228 16.9316 2
      vertex 143.228 16.9316 0
    endloop
  endfacet
  facet normal 0.781758 0.623582 0
    outer loop
      vertex 143.211 16.9595 2
      vertex 143.17 17.0109 0
      vertex 143.17 17.0109 2
    endloop
  endfacet
  facet normal 0.781758 0.623582 0
    outer loop
      vertex 143.17 17.0109 0
      vertex 143.211 16.9595 2
      vertex 143.211 16.9595 0
    endloop
  endfacet
  facet normal 0.744307 0.667837 0
    outer loop
      vertex 143.17 17.0109 2
      vertex 143.039 17.1569 0
      vertex 143.039 17.1569 2
    endloop
  endfacet
  facet normal 0.744307 0.667837 0
    outer loop
      vertex 143.039 17.1569 0
      vertex 143.17 17.0109 2
      vertex 143.17 17.0109 0
    endloop
  endfacet
  facet normal 0.67461 0.738175 -0
    outer loop
      vertex 143.039 17.1569 0
      vertex 142.967 17.2227 2
      vertex 143.039 17.1569 2
    endloop
  endfacet
  facet normal 0.67461 0.738175 0
    outer loop
      vertex 142.967 17.2227 2
      vertex 143.039 17.1569 0
      vertex 142.967 17.2227 0
    endloop
  endfacet
  facet normal 0.600814 0.799389 -0
    outer loop
      vertex 142.967 17.2227 0
      vertex 142.81 17.3407 2
      vertex 142.967 17.2227 2
    endloop
  endfacet
  facet normal 0.600814 0.799389 0
    outer loop
      vertex 142.81 17.3407 2
      vertex 142.967 17.2227 0
      vertex 142.81 17.3407 0
    endloop
  endfacet
  facet normal 0.573462 0.819232 -0
    outer loop
      vertex 142.81 17.3407 0
      vertex 142.782 17.3603 2
      vertex 142.81 17.3407 2
    endloop
  endfacet
  facet normal 0.573462 0.819232 0
    outer loop
      vertex 142.782 17.3603 2
      vertex 142.81 17.3407 0
      vertex 142.782 17.3603 0
    endloop
  endfacet
  facet normal 0.48837 0.872637 -0
    outer loop
      vertex 142.782 17.3603 0
      vertex 142.725 17.3922 2
      vertex 142.782 17.3603 2
    endloop
  endfacet
  facet normal 0.48837 0.872637 0
    outer loop
      vertex 142.725 17.3922 2
      vertex 142.782 17.3603 0
      vertex 142.725 17.3922 0
    endloop
  endfacet
  facet normal 0.43073 0.902481 -0
    outer loop
      vertex 142.725 17.3922 0
      vertex 142.549 17.4762 2
      vertex 142.725 17.3922 2
    endloop
  endfacet
  facet normal 0.43073 0.902481 0
    outer loop
      vertex 142.549 17.4762 2
      vertex 142.725 17.3922 0
      vertex 142.549 17.4762 0
    endloop
  endfacet
  facet normal 0.391141 0.920331 -0
    outer loop
      vertex 142.549 17.4762 0
      vertex 142.505 17.4949 2
      vertex 142.549 17.4762 2
    endloop
  endfacet
  facet normal 0.391141 0.920331 0
    outer loop
      vertex 142.505 17.4949 2
      vertex 142.549 17.4762 0
      vertex 142.505 17.4949 0
    endloop
  endfacet
  facet normal 0.342022 0.939692 -0
    outer loop
      vertex 142.505 17.4949 0
      vertex 134.514 20.4034 2
      vertex 142.505 17.4949 2
    endloop
  endfacet
  facet normal 0.342022 0.939692 0
    outer loop
      vertex 134.514 20.4034 2
      vertex 142.505 17.4949 0
      vertex 134.514 20.4034 0
    endloop
  endfacet
  facet normal 0.422885 0.906183 -0
    outer loop
      vertex 134.514 20.4034 0
      vertex 134.1 20.5966 2
      vertex 134.514 20.4034 2
    endloop
  endfacet
  facet normal 0.422885 0.906183 0
    outer loop
      vertex 134.1 20.5966 2
      vertex 134.514 20.4034 0
      vertex 134.1 20.5966 0
    endloop
  endfacet
  facet normal 0.574542 0.818475 -0
    outer loop
      vertex 134.1 20.5966 0
      vertex 133.744 20.8465 2
      vertex 134.1 20.5966 2
    endloop
  endfacet
  facet normal 0.574542 0.818475 0
    outer loop
      vertex 133.744 20.8465 2
      vertex 134.1 20.5966 0
      vertex 133.744 20.8465 0
    endloop
  endfacet
  facet normal 0.706075 0.708137 0
    outer loop
      vertex 133.744 20.8465 2
      vertex 133.435 21.1546 0
      vertex 133.435 21.1546 2
    endloop
  endfacet
  facet normal 0.706075 0.708137 0
    outer loop
      vertex 133.435 21.1546 0
      vertex 133.744 20.8465 2
      vertex 133.744 20.8465 0
    endloop
  endfacet
  facet normal 0.819826 0.572613 0
    outer loop
      vertex 133.435 21.1546 2
      vertex 133.186 21.5111 0
      vertex 133.186 21.5111 2
    endloop
  endfacet
  facet normal 0.819826 0.572613 0
    outer loop
      vertex 133.186 21.5111 0
      vertex 133.435 21.1546 2
      vertex 133.435 21.1546 0
    endloop
  endfacet
  facet normal 0.90623 0.422785 0
    outer loop
      vertex 133.186 21.5111 2
      vertex 133.002 21.9055 0
      vertex 133.002 21.9055 2
    endloop
  endfacet
  facet normal 0.90623 0.422785 0
    outer loop
      vertex 133.002 21.9055 0
      vertex 133.186 21.5111 2
      vertex 133.186 21.5111 0
    endloop
  endfacet
  facet normal 0.965769 0.259405 0
    outer loop
      vertex 133.002 21.9055 2
      vertex 132.889 22.3262 0
      vertex 132.889 22.3262 2
    endloop
  endfacet
  facet normal 0.965769 0.259405 0
    outer loop
      vertex 132.889 22.3262 0
      vertex 133.002 21.9055 2
      vertex 133.002 21.9055 0
    endloop
  endfacet
  facet normal 0.996171 0.0874218 0
    outer loop
      vertex 132.889 22.3262 2
      vertex 132.849 22.782 0
      vertex 132.849 22.782 2
    endloop
  endfacet
  facet normal 0.996171 0.0874218 0
    outer loop
      vertex 132.849 22.782 0
      vertex 132.889 22.3262 2
      vertex 132.889 22.3262 0
    endloop
  endfacet
  facet normal 1 -0 0
    outer loop
      vertex 132.849 22.782 2
      vertex 132.849 47 0
      vertex 132.849 47 2
    endloop
  endfacet
  facet normal 1 0 0
    outer loop
      vertex 132.849 47 0
      vertex 132.849 22.782 2
      vertex 132.849 22.782 0
    endloop
  endfacet
  facet normal 0 -1 0
    outer loop
      vertex 132.849 47 0
      vertex 144.568 47 2
      vertex 132.849 47 2
    endloop
  endfacet
  facet normal 0 -1 -0
    outer loop
      vertex 144.568 47 2
      vertex 132.849 47 0
      vertex 144.568 47 0
    endloop
  endfacet
  facet normal -1 0 0
    outer loop
      vertex 144.568 -2.9565 0
      vertex 144.568 47 2
      vertex 144.568 47 0
    endloop
  endfacet
  facet normal -1 -0 0
    outer loop
      vertex 144.568 47 2
      vertex 144.568 -2.9565 0
      vertex 144.568 -2.9565 2
    endloop
  endfacet
  facet normal 0.195221 -0.980759 0
    outer loop
      vertex 144.568 -2.9565 0
      vertex 144.863 -2.89778 2
      vertex 144.568 -2.9565 2
    endloop
  endfacet
  facet normal 0.195221 -0.980759 0
    outer loop
      vertex 144.863 -2.89778 2
      vertex 144.568 -2.9565 0
      vertex 144.863 -2.89778 0
    endloop
  endfacet
  facet normal 0.321903 -0.946773 0
    outer loop
      vertex 144.863 -2.89778 0
      vertex 145.234 -2.77164 2
      vertex 144.863 -2.89778 2
    endloop
  endfacet
  facet normal 0.321903 -0.946773 0
    outer loop
      vertex 145.234 -2.77164 2
      vertex 144.863 -2.89778 0
      vertex 145.234 -2.77164 0
    endloop
  endfacet
  facet normal 0.442233 -0.8969 0
    outer loop
      vertex 145.234 -2.77164 0
      vertex 145.586 -2.59808 2
      vertex 145.234 -2.77164 2
    endloop
  endfacet
  facet normal 0.442233 -0.8969 0
    outer loop
      vertex 145.586 -2.59808 2
      vertex 145.234 -2.77164 0
      vertex 145.586 -2.59808 0
    endloop
  endfacet
  facet normal 0.554718 -0.832039 0
    outer loop
      vertex 145.586 -2.59808 0
      vertex 145.913 -2.38007 2
      vertex 145.586 -2.59808 2
    endloop
  endfacet
  facet normal 0.554718 -0.832039 0
    outer loop
      vertex 145.913 -2.38007 2
      vertex 145.586 -2.59808 0
      vertex 145.913 -2.38007 0
    endloop
  endfacet
  facet normal 0.659406 -0.751787 0
    outer loop
      vertex 145.913 -2.38007 0
      vertex 146.208 -2.12132 2
      vertex 145.913 -2.38007 2
    endloop
  endfacet
  facet normal 0.659406 -0.751787 0
    outer loop
      vertex 146.208 -2.12132 2
      vertex 145.913 -2.38007 0
      vertex 146.208 -2.12132 0
    endloop
  endfacet
  facet normal 0.752779 -0.658273 0
    outer loop
      vertex 146.208 -2.12132 2
      vertex 146.466 -1.82628 0
      vertex 146.466 -1.82628 2
    endloop
  endfacet
  facet normal 0.752779 -0.658273 0
    outer loop
      vertex 146.466 -1.82628 0
      vertex 146.208 -2.12132 2
      vertex 146.208 -2.12132 0
    endloop
  endfacet
  facet normal 0.831485 -0.555547 0
    outer loop
      vertex 146.466 -1.82628 2
      vertex 146.684 -1.5 0
      vertex 146.684 -1.5 2
    endloop
  endfacet
  facet normal 0.831485 -0.555547 0
    outer loop
      vertex 146.684 -1.5 0
      vertex 146.466 -1.82628 2
      vertex 146.466 -1.82628 0
    endloop
  endfacet
  facet normal 0.896425 -0.443195 0
    outer loop
      vertex 146.684 -1.5 2
      vertex 146.858 -1.14806 0
      vertex 146.858 -1.14806 2
    endloop
  endfacet
  facet normal 0.896425 -0.443195 0
    outer loop
      vertex 146.858 -1.14806 0
      vertex 146.684 -1.5 2
      vertex 146.684 -1.5 0
    endloop
  endfacet
  facet normal 0.94704 -0.321116 0
    outer loop
      vertex 146.858 -1.14806 2
      vertex 146.984 -0.776459 0
      vertex 146.984 -0.776459 2
    endloop
  endfacet
  facet normal 0.94704 -0.321116 0
    outer loop
      vertex 146.984 -0.776459 0
      vertex 146.858 -1.14806 2
      vertex 146.858 -1.14806 0
    endloop
  endfacet
  facet normal 0.98057 -0.196171 0
    outer loop
      vertex 146.984 -0.776459 2
      vertex 147.061 -0.391571 0
      vertex 147.061 -0.391571 2
    endloop
  endfacet
  facet normal 0.98057 -0.196171 0
    outer loop
      vertex 147.061 -0.391571 0
      vertex 146.984 -0.776459 2
      vertex 146.984 -0.776459 0
    endloop
  endfacet
  facet normal 0.997968 -0.0637157 0
    outer loop
      vertex 147.061 -0.391571 2
      vertex 147.086 0 0
      vertex 147.086 0 2
    endloop
  endfacet
  facet normal 0.997968 -0.0637157 0
    outer loop
      vertex 147.086 0 0
      vertex 147.061 -0.391571 2
      vertex 147.061 -0.391571 0
    endloop
  endfacet
  facet normal 1 -0 0
    outer loop
      vertex 147.086 0 2
      vertex 147.086 113.53 0
      vertex 147.086 113.53 2
    endloop
  endfacet
  facet normal 1 0 0
    outer loop
      vertex 147.086 113.53 0
      vertex 147.086 0 2
      vertex 147.086 0 0
    endloop
  endfacet
  facet normal 0.997973 0.0636462 0
    outer loop
      vertex 147.086 113.53 2
      vertex 147.061 113.922 0
      vertex 147.061 113.922 2
    endloop
  endfacet
  facet normal 0.997973 0.0636462 0
    outer loop
      vertex 147.061 113.922 0
      vertex 147.086 113.53 2
      vertex 147.086 113.53 0
    endloop
  endfacet
  facet normal 0.980482 0.196607 0
    outer loop
      vertex 147.061 113.922 2
      vertex 146.984 114.306 0
      vertex 146.984 114.306 2
    endloop
  endfacet
  facet normal 0.980482 0.196607 0
    outer loop
      vertex 146.984 114.306 0
      vertex 147.061 113.922 2
      vertex 147.061 113.922 0
    endloop
  endfacet
  facet normal 0.947145 0.320807 0
    outer loop
      vertex 146.984 114.306 2
      vertex 146.858 114.678 0
      vertex 146.858 114.678 2
    endloop
  endfacet
  facet normal 0.947145 0.320807 0
    outer loop
      vertex 146.858 114.678 0
      vertex 146.984 114.306 2
      vertex 146.984 114.306 0
    endloop
  endfacet
  facet normal 0.896455 0.443134 0
    outer loop
      vertex 146.858 114.678 2
      vertex 146.684 115.03 0
      vertex 146.684 115.03 2
    endloop
  endfacet
  facet normal 0.896455 0.443134 0
    outer loop
      vertex 146.684 115.03 0
      vertex 146.858 114.678 2
      vertex 146.858 114.678 0
    endloop
  endfacet
  facet normal 0.831265 0.555877 0
    outer loop
      vertex 146.684 115.03 2
      vertex 146.466 115.356 0
      vertex 146.466 115.356 2
    endloop
  endfacet
  facet normal 0.831265 0.555877 0
    outer loop
      vertex 146.466 115.356 0
      vertex 146.684 115.03 2
      vertex 146.684 115.03 0
    endloop
  endfacet
  facet normal 0.752735 0.658324 0
    outer loop
      vertex 146.466 115.356 2
      vertex 146.208 115.651 0
      vertex 146.208 115.651 2
    endloop
  endfacet
  facet normal 0.752735 0.658324 0
    outer loop
      vertex 146.208 115.651 0
      vertex 146.466 115.356 2
      vertex 146.466 115.356 0
    endloop
  endfacet
  facet normal 0.659766 0.751471 -0
    outer loop
      vertex 146.208 115.651 0
      vertex 145.913 115.91 2
      vertex 146.208 115.651 2
    endloop
  endfacet
  facet normal 0.659766 0.751471 0
    outer loop
      vertex 145.913 115.91 2
      vertex 146.208 115.651 0
      vertex 145.913 115.91 0
    endloop
  endfacet
  facet normal 0.5547 0.83205 -0
    outer loop
      vertex 145.913 115.91 0
      vertex 145.586 116.128 2
      vertex 145.913 115.91 2
    endloop
  endfacet
  facet normal 0.5547 0.83205 0
    outer loop
      vertex 145.586 116.128 2
      vertex 145.913 115.91 0
      vertex 145.586 116.128 0
    endloop
  endfacet
  facet normal 0.443134 0.896455 -0
    outer loop
      vertex 145.586 116.128 0
      vertex 145.234 116.302 2
      vertex 145.586 116.128 2
    endloop
  endfacet
  facet normal 0.443134 0.896455 0
    outer loop
      vertex 145.234 116.302 2
      vertex 145.586 116.128 0
      vertex 145.234 116.302 0
    endloop
  endfacet
  facet normal 0.321582 0.946882 -0
    outer loop
      vertex 145.234 116.302 0
      vertex 144.863 116.428 2
      vertex 145.234 116.302 2
    endloop
  endfacet
  facet normal 0.321582 0.946882 0
    outer loop
      vertex 144.863 116.428 2
      vertex 145.234 116.302 0
      vertex 144.863 116.428 0
    endloop
  endfacet
  facet normal 0.193665 0.981068 -0
    outer loop
      vertex 144.863 116.428 0
      vertex 144.478 116.504 2
      vertex 144.863 116.428 2
    endloop
  endfacet
  facet normal 0.193665 0.981068 0
    outer loop
      vertex 144.478 116.504 2
      vertex 144.863 116.428 0
      vertex 144.478 116.504 0
    endloop
  endfacet
  facet normal 0.0661811 0.997808 -0
    outer loop
      vertex 144.478 116.504 0
      vertex 144.086 116.53 2
      vertex 144.478 116.504 2
    endloop
  endfacet
  facet normal 0.0661811 0.997808 0
    outer loop
      vertex 144.086 116.53 2
      vertex 144.478 116.504 0
      vertex 144.086 116.53 0
    endloop
  endfacet
  facet normal 0 1 -0
    outer loop
      vertex 144.086 116.53 0
      vertex -0.022522 116.53 2
      vertex 144.086 116.53 2
    endloop
  endfacet
  facet normal 0 1 0
    outer loop
      vertex -0.022522 116.53 2
      vertex 144.086 116.53 0
      vertex -0.022522 116.53 0
    endloop
  endfacet
  facet normal -0.0662533 0.997803 0
    outer loop
      vertex -0.022522 116.53 0
      vertex -0.414093 116.504 2
      vertex -0.022522 116.53 2
    endloop
  endfacet
  facet normal -0.0662533 0.997803 0
    outer loop
      vertex -0.414093 116.504 2
      vertex -0.022522 116.53 0
      vertex -0.414093 116.504 0
    endloop
  endfacet
  facet normal -0.19372 0.981057 0
    outer loop
      vertex -0.414093 116.504 0
      vertex -0.798981 116.428 2
      vertex -0.414093 116.504 2
    endloop
  endfacet
  facet normal -0.19372 0.981057 0
    outer loop
      vertex -0.798981 116.428 2
      vertex -0.414093 116.504 0
      vertex -0.798981 116.428 0
    endloop
  endfacet
  facet normal -0.321118 0.947039 0
    outer loop
      vertex -0.798981 116.428 0
      vertex -1.17058 116.302 2
      vertex -0.798981 116.428 2
    endloop
  endfacet
  facet normal -0.321118 0.947039 0
    outer loop
      vertex -1.17058 116.302 2
      vertex -0.798981 116.428 0
      vertex -1.17058 116.302 0
    endloop
  endfacet
  facet normal -0.443195 0.896425 0
    outer loop
      vertex -1.17058 116.302 0
      vertex -1.52252 116.128 2
      vertex -1.17058 116.302 2
    endloop
  endfacet
  facet normal -0.443195 0.896425 0
    outer loop
      vertex -1.52252 116.128 2
      vertex -1.17058 116.302 0
      vertex -1.52252 116.128 0
    endloop
  endfacet
  facet normal -0.555547 0.831485 0
    outer loop
      vertex -1.52252 116.128 0
      vertex -1.8488 115.91 2
      vertex -1.52252 116.128 2
    endloop
  endfacet
  facet normal -0.555547 0.831485 0
    outer loop
      vertex -1.8488 115.91 2
      vertex -1.52252 116.128 0
      vertex -1.8488 115.91 0
    endloop
  endfacet
  facet normal -0.659716 0.751515 0
    outer loop
      vertex -1.8488 115.91 0
      vertex -2.14384 115.651 2
      vertex -1.8488 115.91 2
    endloop
  endfacet
  facet normal -0.659716 0.751515 0
    outer loop
      vertex -2.14384 115.651 2
      vertex -1.8488 115.91 0
      vertex -2.14384 115.651 0
    endloop
  endfacet
  facet normal -0.751787 0.659406 0
    outer loop
      vertex -2.40259 115.356 0
      vertex -2.14384 115.651 2
      vertex -2.14384 115.651 0
    endloop
  endfacet
  facet normal -0.751787 0.659406 0
    outer loop
      vertex -2.14384 115.651 2
      vertex -2.40259 115.356 0
      vertex -2.40259 115.356 2
    endloop
  endfacet
  facet normal -0.831241 0.555912 0
    outer loop
      vertex -2.62061 115.03 0
      vertex -2.40259 115.356 2
      vertex -2.40259 115.356 0
    endloop
  endfacet
  facet normal -0.831241 0.555912 0
    outer loop
      vertex -2.40259 115.356 2
      vertex -2.62061 115.03 0
      vertex -2.62061 115.03 2
    endloop
  endfacet
  facet normal -0.89691 0.442212 0
    outer loop
      vertex -2.79416 114.678 0
      vertex -2.62061 115.03 2
      vertex -2.62061 115.03 0
    endloop
  endfacet
  facet normal -0.89691 0.442212 0
    outer loop
      vertex -2.62061 115.03 2
      vertex -2.79416 114.678 0
      vertex -2.79416 114.678 2
    endloop
  endfacet
  facet normal -0.947036 0.321127 0
    outer loop
      vertex -2.9203 114.306 0
      vertex -2.79416 114.678 2
      vertex -2.79416 114.678 0
    endloop
  endfacet
  facet normal -0.947036 0.321127 0
    outer loop
      vertex -2.79416 114.678 2
      vertex -2.9203 114.306 0
      vertex -2.9203 114.306 2
    endloop
  endfacet
  facet normal -0.980698 0.195527 0
    outer loop
      vertex -2.99686 113.922 0
      vertex -2.9203 114.306 2
      vertex -2.9203 114.306 0
    endloop
  endfacet
  facet normal -0.980698 0.195527 0
    outer loop
      vertex -2.9203 114.306 2
      vertex -2.99686 113.922 0
      vertex -2.99686 113.922 2
    endloop
  endfacet
  facet normal -0.997864 0.0653194 0
    outer loop
      vertex -3.02252 113.53 0
      vertex -2.99686 113.922 2
      vertex -2.99686 113.922 0
    endloop
  endfacet
  facet normal -0.997864 0.0653194 0
    outer loop
      vertex -2.99686 113.922 2
      vertex -3.02252 113.53 0
      vertex -3.02252 113.53 2
    endloop
  endfacet
  facet normal -1 0 0
    outer loop
      vertex -3.02252 0 0
      vertex -3.02252 113.53 2
      vertex -3.02252 113.53 0
    endloop
  endfacet
  facet normal -1 -0 0
    outer loop
      vertex -3.02252 113.53 2
      vertex -3.02252 0 0
      vertex -3.02252 0 2
    endloop
  endfacet
  facet normal -0.99786 -0.0653906 0
    outer loop
      vertex -2.99686 -0.391571 0
      vertex -3.02252 0 2
      vertex -3.02252 0 0
    endloop
  endfacet
  facet normal -0.99786 -0.0653906 0
    outer loop
      vertex -3.02252 0 2
      vertex -2.99686 -0.391571 0
      vertex -2.99686 -0.391571 2
    endloop
  endfacet
  facet normal -0.980785 -0.195093 0
    outer loop
      vertex -2.9203 -0.776459 0
      vertex -2.99686 -0.391571 2
      vertex -2.99686 -0.391571 0
    endloop
  endfacet
  facet normal -0.980785 -0.195093 0
    outer loop
      vertex -2.99686 -0.391571 2
      vertex -2.9203 -0.776459 0
      vertex -2.9203 -0.776459 2
    endloop
  endfacet
  facet normal -0.946931 -0.321436 0
    outer loop
      vertex -2.79416 -1.14806 0
      vertex -2.9203 -0.776459 2
      vertex -2.9203 -0.776459 0
    endloop
  endfacet
  facet normal -0.946931 -0.321436 0
    outer loop
      vertex -2.9203 -0.776459 2
      vertex -2.79416 -1.14806 0
      vertex -2.79416 -1.14806 2
    endloop
  endfacet
  facet normal -0.89688 -0.442273 0
    outer loop
      vertex -2.62061 -1.5 0
      vertex -2.79416 -1.14806 2
      vertex -2.79416 -1.14806 0
    endloop
  endfacet
  facet normal -0.89688 -0.442273 0
    outer loop
      vertex -2.79416 -1.14806 2
      vertex -2.62061 -1.5 0
      vertex -2.62061 -1.5 2
    endloop
  endfacet
  facet normal -0.831462 -0.555582 0
    outer loop
      vertex -2.40259 -1.82628 0
      vertex -2.62061 -1.5 2
      vertex -2.62061 -1.5 0
    endloop
  endfacet
  facet normal -0.831462 -0.555582 0
    outer loop
      vertex -2.62061 -1.5 2
      vertex -2.40259 -1.82628 0
      vertex -2.40259 -1.82628 2
    endloop
  endfacet
  facet normal -0.751831 -0.659356 0
    outer loop
      vertex -2.14384 -2.12132 0
      vertex -2.40259 -1.82628 2
      vertex -2.40259 -1.82628 0
    endloop
  endfacet
  facet normal -0.751831 -0.659356 0
    outer loop
      vertex -2.40259 -1.82628 2
      vertex -2.14384 -2.12132 0
      vertex -2.14384 -2.12132 2
    endloop
  endfacet
  facet normal -0.659356 -0.751831 0
    outer loop
      vertex -2.14384 -2.12132 0
      vertex -1.8488 -2.38007 2
      vertex -2.14384 -2.12132 2
    endloop
  endfacet
  facet normal -0.659356 -0.751831 -0
    outer loop
      vertex -1.8488 -2.38007 2
      vertex -2.14384 -2.12132 0
      vertex -1.8488 -2.38007 0
    endloop
  endfacet
  facet normal -0.555564 -0.831474 0
    outer loop
      vertex -1.8488 -2.38007 0
      vertex -1.52252 -2.59808 2
      vertex -1.8488 -2.38007 2
    endloop
  endfacet
  facet normal -0.555564 -0.831474 -0
    outer loop
      vertex -1.52252 -2.59808 2
      vertex -1.8488 -2.38007 0
      vertex -1.52252 -2.59808 0
    endloop
  endfacet
  facet normal -0.442294 -0.89687 0
    outer loop
      vertex -1.52252 -2.59808 0
      vertex -1.17058 -2.77164 2
      vertex -1.52252 -2.59808 2
    endloop
  endfacet
  facet normal -0.442294 -0.89687 -0
    outer loop
      vertex -1.17058 -2.77164 2
      vertex -1.52252 -2.59808 0
      vertex -1.17058 -2.77164 0
    endloop
  endfacet
  facet normal -0.321437 -0.946931 0
    outer loop
      vertex -1.17058 -2.77164 0
      vertex -0.798981 -2.89778 2
      vertex -1.17058 -2.77164 2
    endloop
  endfacet
  facet normal -0.321437 -0.946931 -0
    outer loop
      vertex -0.798981 -2.89778 2
      vertex -1.17058 -2.77164 0
      vertex -0.798981 -2.89778 0
    endloop
  endfacet
  facet normal -0.195068 -0.98079 0
    outer loop
      vertex -0.798981 -2.89778 0
      vertex -0.414093 -2.97433 2
      vertex -0.798981 -2.89778 2
    endloop
  endfacet
  facet normal -0.195068 -0.98079 -0
    outer loop
      vertex -0.414093 -2.97433 2
      vertex -0.798981 -2.89778 0
      vertex -0.414093 -2.97433 0
    endloop
  endfacet
  facet normal -0.065416 -0.997858 0
    outer loop
      vertex -0.414093 -2.97433 0
      vertex -0.022522 -3 2
      vertex -0.414093 -2.97433 2
    endloop
  endfacet
  facet normal -0.065416 -0.997858 -0
    outer loop
      vertex -0.022522 -3 2
      vertex -0.414093 -2.97433 0
      vertex -0.022522 -3 0
    endloop
  endfacet
  facet normal 0 -1 0
    outer loop
      vertex -0.022522 -3 0
      vertex 5.03754 -3 2
      vertex -0.022522 -3 2
    endloop
  endfacet
  facet normal 0 -1 -0
    outer loop
      vertex 5.03754 -3 2
      vertex -0.022522 -3 0
      vertex 5.03754 -3 0
    endloop
  endfacet
  facet normal 1 -0 0
    outer loop
      vertex 5.03754 -3 2
      vertex 5.03754 3 0
      vertex 5.03754 3 2
    endloop
  endfacet
  facet normal 1 0 0
    outer loop
      vertex 5.03754 3 0
      vertex 5.03754 -3 2
      vertex 5.03754 -3 0
    endloop
  endfacet
endsolid OpenSCAD_Model
