solid OpenSCAD_Model
  facet normal 0.321409 -0.94694 0
    outer loop
      vertex 40.5921 89.1725 0
      vertex 41.2111 89.3826 12.45
      vertex 40.5921 89.1725 12.45
    endloop
  endfacet
  facet normal 0.321409 -0.94694 0
    outer loop
      vertex 41.2111 89.3826 12.45
      vertex 40.5921 89.1725 0
      vertex 41.2111 89.3826 0
    endloop
  endfacet
  facet normal -0.999764 -0.0217207 0
    outer loop
      vertex -44.2774 93.5644 0
      vertex -44.2916 94.218 12.45
      vertex -44.2916 94.218 0
    endloop
  endfacet
  facet normal -0.999764 -0.0217207 0
    outer loop
      vertex -44.2916 94.218 12.45
      vertex -44.2774 93.5644 0
      vertex -44.2774 93.5644 12.45
    endloop
  endfacet
  facet normal -0.831674 0.555265 0
    outer loop
      vertex -17.1777 246.499 0
      vertex -16.8145 247.043 12.45
      vertex -16.8145 247.043 0
    endloop
  endfacet
  facet normal -0.831674 0.555265 0
    outer loop
      vertex -16.8145 247.043 12.45
      vertex -17.1777 246.499 0
      vertex -17.1777 246.499 12.45
    endloop
  endfacet
  facet normal -0.994064 0.108801 0
    outer loop
      vertex -44.2916 94.218 0
      vertex -44.2169 94.9005 12.45
      vertex -44.2169 94.9005 0
    endloop
  endfacet
  facet normal -0.994064 0.108801 0
    outer loop
      vertex -44.2169 94.9005 12.45
      vertex -44.2916 94.218 0
      vertex -44.2916 94.218 12.45
    endloop
  endfacet
  facet normal 0.195175 -0.980768 0
    outer loop
      vertex 39.9509 89.0449 0
      vertex 40.5921 89.1725 12.45
      vertex 39.9509 89.0449 12.45
    endloop
  endfacet
  facet normal 0.195175 -0.980768 0
    outer loop
      vertex 40.5921 89.1725 12.45
      vertex 39.9509 89.0449 0
      vertex 40.5921 89.1725 0
    endloop
  endfacet
  facet normal 0.044718 0.999 -0
    outer loop
      vertex 13.2743 248.98 0
      vertex 12.8275 249 12.45
      vertex 13.2743 248.98 12.45
    endloop
  endfacet
  facet normal 0.044718 0.999 0
    outer loop
      vertex 12.8275 249 12.45
      vertex 13.2743 248.98 0
      vertex 12.8275 249 0
    endloop
  endfacet
  facet normal 0.555618 -0.831438 0
    outer loop
      vertex 41.7975 89.6718 0
      vertex 42.341 90.035 12.45
      vertex 41.7975 89.6718 12.45
    endloop
  endfacet
  facet normal 0.555618 -0.831438 0
    outer loop
      vertex 42.341 90.035 12.45
      vertex 41.7975 89.6718 0
      vertex 42.341 90.035 0
    endloop
  endfacet
  facet normal 0.831438 -0.555618 0
    outer loop
      vertex 43.2636 90.9575 12.45
      vertex 43.6268 91.501 0
      vertex 43.6268 91.501 12.45
    endloop
  endfacet
  facet normal 0.831438 -0.555618 0
    outer loop
      vertex 43.6268 91.501 0
      vertex 43.2636 90.9575 12.45
      vertex 43.2636 90.9575 0
    endloop
  endfacet
  facet normal 0.996195 0.0871562 0
    outer loop
      vertex 44.2957 93.989 12.45
      vertex 44.215 94.9114 0
      vertex 44.215 94.9114 12.45
    endloop
  endfacet
  facet normal 0.996195 0.0871562 0
    outer loop
      vertex 44.215 94.9114 0
      vertex 44.2957 93.989 12.45
      vertex 44.2957 93.989 0
    endloop
  endfacet
  facet normal -0.36238 -0.932031 0
    outer loop
      vertex -41.4107 89.4704 0
      vertex -40.8014 89.2335 12.45
      vertex -41.4107 89.4704 12.45
    endloop
  endfacet
  facet normal -0.36238 -0.932031 -0
    outer loop
      vertex -40.8014 89.2335 12.45
      vertex -41.4107 89.4704 0
      vertex -40.8014 89.2335 0
    endloop
  endfacet
  facet normal 0.984808 0.173648 0
    outer loop
      vertex 30.2814 173.933 12.45
      vertex 44.215 94.9114 12.45
      vertex 30.2814 173.933 4.45
    endloop
  endfacet
  facet normal 0.984808 0.173648 -0
    outer loop
      vertex 27.8503 187.72 4.45
      vertex 17.7792 244.836 12.45
      vertex 27.8503 187.72 12.45
    endloop
  endfacet
  facet normal 0.984808 0.173648 0
    outer loop
      vertex 17.7792 244.836 12.45
      vertex 27.8503 187.72 4.45
      vertex 17.7792 244.836 0
    endloop
  endfacet
  facet normal 0.984807 0.173654 7.14606e-05
    outer loop
      vertex 30.2814 173.933 4.45
      vertex 17.7792 244.836 0
      vertex 27.8503 187.72 4.45
    endloop
  endfacet
  facet normal 0.984808 0.173648 -1.44758e-05
    outer loop
      vertex 30.2814 173.933 4.45
      vertex 44.215 94.9114 0
      vertex 17.7792 244.836 0
    endloop
  endfacet
  facet normal 0.984808 0.173648 -0
    outer loop
      vertex 44.215 94.9114 0
      vertex 30.2814 173.933 4.45
      vertex 44.215 94.9114 12.45
    endloop
  endfacet
  facet normal -0.960033 -0.279888 0
    outer loop
      vertex -43.9949 92.2906 0
      vertex -44.1779 92.9183 12.45
      vertex -44.1779 92.9183 0
    endloop
  endfacet
  facet normal -0.960033 -0.279888 0
    outer loop
      vertex -44.1779 92.9183 12.45
      vertex -43.9949 92.2906 0
      vertex -43.9949 92.2906 12.45
    endloop
  endfacet
  facet normal -0.947002 0.321229 0
    outer loop
      vertex -17.6806 245.283 0
      vertex -17.4669 245.913 12.45
      vertex -17.4669 245.913 0
    endloop
  endfacet
  facet normal -0.947002 0.321229 0
    outer loop
      vertex -17.4669 245.913 12.45
      vertex -17.6806 245.283 0
      vertex -17.6806 245.283 12.45
    endloop
  endfacet
  facet normal 0 1 0
    outer loop
      vertex 12.8275 249 12.45
      vertex 7 249 4.45
      vertex 7 249 12.45
    endloop
  endfacet
  facet normal 0 1 0
    outer loop
      vertex 7 249 4.45
      vertex 12.8275 249 0
      vertex -7 249 4.45
    endloop
  endfacet
  facet normal 0 1 -0
    outer loop
      vertex 12.8275 249 0
      vertex 7 249 4.45
      vertex 12.8275 249 12.45
    endloop
  endfacet
  facet normal 0 1 -0
    outer loop
      vertex -7 249 4.45
      vertex -12.8167 249 12.45
      vertex -7 249 12.45
    endloop
  endfacet
  facet normal 0 1 0
    outer loop
      vertex -7 249 4.45
      vertex -12.8167 249 0
      vertex -12.8167 249 12.45
    endloop
  endfacet
  facet normal 0 1 0
    outer loop
      vertex -12.8167 249 0
      vertex -7 249 4.45
      vertex 12.8275 249 0
    endloop
  endfacet
  facet normal 0.751866 -0.659316 0
    outer loop
      vertex 42.8326 90.466 12.45
      vertex 43.2636 90.9575 0
      vertex 43.2636 90.9575 12.45
    endloop
  endfacet
  facet normal 0.751866 -0.659316 0
    outer loop
      vertex 43.2636 90.9575 0
      vertex 42.8326 90.466 12.45
      vertex 42.8326 90.466 0
    endloop
  endfacet
  facet normal 0.659241 -0.751932 0
    outer loop
      vertex 42.341 90.035 0
      vertex 42.8326 90.466 12.45
      vertex 42.341 90.035 12.45
    endloop
  endfacet
  facet normal 0.659241 -0.751932 0
    outer loop
      vertex 42.8326 90.466 12.45
      vertex 42.341 90.035 0
      vertex 42.8326 90.466 0
    endloop
  endfacet
  facet normal 0.876635 0.481155 0
    outer loop
      vertex 17.3791 246.112 12.45
      vertex 17.0646 246.685 0
      vertex 17.0646 246.685 12.45
    endloop
  endfacet
  facet normal 0.876635 0.481155 0
    outer loop
      vertex 17.0646 246.685 0
      vertex 17.3791 246.112 12.45
      vertex 17.3791 246.112 0
    endloop
  endfacet
  facet normal -0.984808 0.173648 0
    outer loop
      vertex -17.7773 244.847 0
      vertex -27.8503 187.72 4.45
      vertex -17.7773 244.847 12.45
    endloop
  endfacet
  facet normal -0.984807 0.173654 8.02377e-05
    outer loop
      vertex -17.7773 244.847 0
      vertex -30.2814 173.933 4.45
      vertex -27.8503 187.72 4.45
    endloop
  endfacet
  facet normal -0.984808 0.173648 -1.21558e-05
    outer loop
      vertex -44.2169 94.9005 0
      vertex -30.2814 173.933 4.45
      vertex -17.7773 244.847 0
    endloop
  endfacet
  facet normal -0.984808 0.173647 0
    outer loop
      vertex -44.2169 94.9005 12.45
      vertex -30.2814 173.933 4.45
      vertex -44.2169 94.9005 0
    endloop
  endfacet
  facet normal -0.984808 0.173647 0
    outer loop
      vertex -30.2814 173.933 4.45
      vertex -44.2169 94.9005 12.45
      vertex -30.2814 173.933 12.45
    endloop
  endfacet
  facet normal -0.984808 0.173648 0
    outer loop
      vertex -17.7773 244.847 12.45
      vertex -27.8503 187.72 4.45
      vertex -27.8503 187.72 12.45
    endloop
  endfacet
  facet normal 0.151967 0.988386 -0
    outer loop
      vertex 13.9312 248.879 0
      vertex 13.2743 248.98 12.45
      vertex 13.9312 248.879 12.45
    endloop
  endfacet
  facet normal 0.151967 0.988386 0
    outer loop
      vertex 13.2743 248.98 12.45
      vertex 13.9312 248.879 0
      vertex 13.2743 248.98 0
    endloop
  endfacet
  facet normal 0 -1 0
    outer loop
      vertex -39.2548 89 0
      vertex 39.2657 89 12.45
      vertex -39.2548 89 12.45
    endloop
  endfacet
  facet normal 0 -1 -0
    outer loop
      vertex 39.2657 89 12.45
      vertex -39.2548 89 0
      vertex 39.2657 89 0
    endloop
  endfacet
  facet normal -0.0871656 -0.996194 0
    outer loop
      vertex -40.1771 89.0807 0
      vertex -39.2548 89 12.45
      vertex -40.1771 89.0807 12.45
    endloop
  endfacet
  facet normal -0.0871656 -0.996194 -0
    outer loop
      vertex -39.2548 89 12.45
      vertex -40.1771 89.0807 0
      vertex -39.2548 89 0
    endloop
  endfacet
  facet normal 0.946925 -0.321456 0
    outer loop
      vertex 43.916 92.0875 12.45
      vertex 44.1261 92.7064 0
      vertex 44.1261 92.7064 12.45
    endloop
  endfacet
  facet normal 0.946925 -0.321456 0
    outer loop
      vertex 44.1261 92.7064 0
      vertex 43.916 92.0875 12.45
      vertex 43.916 92.0875 0
    endloop
  endfacet
  facet normal 0.896891 -0.442252 0
    outer loop
      vertex 43.6268 91.501 12.45
      vertex 43.916 92.0875 0
      vertex 43.916 92.0875 12.45
    endloop
  endfacet
  facet normal 0.896891 -0.442252 0
    outer loop
      vertex 43.916 92.0875 0
      vertex 43.6268 91.501 12.45
      vertex 43.6268 91.501 0
    endloop
  endfacet
  facet normal -0.591324 -0.806434 0
    outer loop
      vertex -42.511 90.1714 0
      vertex -41.9839 89.7849 12.45
      vertex -42.511 90.1714 12.45
    endloop
  endfacet
  facet normal -0.591324 -0.806434 -0
    outer loop
      vertex -41.9839 89.7849 12.45
      vertex -42.511 90.1714 0
      vertex -41.9839 89.7849 0
    endloop
  endfacet
  facet normal -0.322689 0.946505 0
    outer loop
      vertex -14.1431 248.828 0
      vertex -14.762 248.617 12.45
      vertex -14.1431 248.828 12.45
    endloop
  endfacet
  facet normal -0.322689 0.946505 0
    outer loop
      vertex -14.762 248.617 12.45
      vertex -14.1431 248.828 0
      vertex -14.762 248.617 0
    endloop
  endfacet
  facet normal -0.481026 -0.876706 0
    outer loop
      vertex -41.9839 89.7849 0
      vertex -41.4107 89.4704 12.45
      vertex -41.9839 89.7849 12.45
    endloop
  endfacet
  facet normal -0.481026 -0.876706 -0
    outer loop
      vertex -41.4107 89.4704 12.45
      vertex -41.9839 89.7849 0
      vertex -41.4107 89.4704 0
    endloop
  endfacet
  facet normal -0.237737 -0.97133 0
    outer loop
      vertex -40.8014 89.2335 0
      vertex -40.1771 89.0807 12.45
      vertex -40.8014 89.2335 12.45
    endloop
  endfacet
  facet normal -0.237737 -0.97133 -0
    outer loop
      vertex -40.1771 89.0807 12.45
      vertex -40.8014 89.2335 0
      vertex -40.1771 89.0807 0
    endloop
  endfacet
  facet normal 0.980804 -0.194998 0
    outer loop
      vertex 44.1261 92.7064 12.45
      vertex 44.2536 93.3477 0
      vertex 44.2536 93.3477 12.45
    endloop
  endfacet
  facet normal 0.980804 -0.194998 0
    outer loop
      vertex 44.2536 93.3477 0
      vertex 44.1261 92.7064 12.45
      vertex 44.1261 92.7064 0
    endloop
  endfacet
  facet normal -0.915313 -0.402744 0
    outer loop
      vertex -43.7316 91.6922 0
      vertex -43.9949 92.2906 12.45
      vertex -43.9949 92.2906 0
    endloop
  endfacet
  facet normal -0.915313 -0.402744 0
    outer loop
      vertex -43.9949 92.2906 12.45
      vertex -43.7316 91.6922 0
      vertex -43.7316 91.6922 12.45
    endloop
  endfacet
  facet normal 0.442313 -0.896861 0
    outer loop
      vertex 41.2111 89.3826 0
      vertex 41.7975 89.6718 12.45
      vertex 41.2111 89.3826 12.45
    endloop
  endfacet
  facet normal 0.442313 -0.896861 0
    outer loop
      vertex 41.7975 89.6718 12.45
      vertex 41.2111 89.3826 0
      vertex 41.7975 89.6718 0
    endloop
  endfacet
  facet normal 0.0653881 -0.99786 0
    outer loop
      vertex 39.2657 89 0
      vertex 39.9509 89.0449 12.45
      vertex 39.2657 89 12.45
    endloop
  endfacet
  facet normal 0.0653881 -0.99786 0
    outer loop
      vertex 39.9509 89.0449 12.45
      vertex 39.2657 89 0
      vertex 39.9509 89.0449 0
    endloop
  endfacet
  facet normal 0.402359 0.915482 -0
    outer loop
      vertex 15.1573 248.433 0
      vertex 14.5589 248.696 12.45
      vertex 15.1573 248.433 12.45
    endloop
  endfacet
  facet normal 0.402359 0.915482 0
    outer loop
      vertex 14.5589 248.696 12.45
      vertex 15.1573 248.433 0
      vertex 14.5589 248.696 0
    endloop
  endfacet
  facet normal 0.971347 0.237667 0
    outer loop
      vertex 17.7792 244.836 12.45
      vertex 17.616 245.503 0
      vertex 17.616 245.503 12.45
    endloop
  endfacet
  facet normal 0.971347 0.237667 0
    outer loop
      vertex 17.616 245.503 0
      vertex 17.7792 244.836 12.45
      vertex 17.7792 244.836 0
    endloop
  endfacet
  facet normal -0.659316 0.751866 0
    outer loop
      vertex -15.892 247.965 0
      vertex -16.3835 247.534 12.45
      vertex -15.892 247.965 12.45
    endloop
  endfacet
  facet normal -0.659316 0.751866 0
    outer loop
      vertex -16.3835 247.534 12.45
      vertex -15.892 247.965 0
      vertex -16.3835 247.534 0
    endloop
  endfacet
  facet normal 0.279888 0.960033 -0
    outer loop
      vertex 14.5589 248.696 0
      vertex 13.9312 248.879 12.45
      vertex 14.5589 248.696 12.45
    endloop
  endfacet
  facet normal 0.279888 0.960033 0
    outer loop
      vertex 13.9312 248.879 12.45
      vertex 14.5589 248.696 0
      vertex 13.9312 248.879 0
    endloop
  endfacet
  facet normal -0.854972 -0.518675 0
    outer loop
      vertex -43.3926 91.1334 0
      vertex -43.7316 91.6922 12.45
      vertex -43.7316 91.6922 0
    endloop
  endfacet
  facet normal -0.854972 -0.518675 0
    outer loop
      vertex -43.7316 91.6922 12.45
      vertex -43.3926 91.1334 0
      vertex -43.3926 91.1334 12.45
    endloop
  endfacet
  facet normal -0.976277 0.216527 0
    outer loop
      vertex -17.7773 244.847 0
      vertex -17.6806 245.283 12.45
      vertex -17.6806 245.283 0
    endloop
  endfacet
  facet normal -0.976277 0.216527 0
    outer loop
      vertex -17.6806 245.283 12.45
      vertex -17.7773 244.847 0
      vertex -17.7773 244.847 12.45
    endloop
  endfacet
  facet normal -0.194263 0.98095 0
    outer loop
      vertex -13.5018 248.955 0
      vertex -14.1431 248.828 12.45
      vertex -13.5018 248.955 12.45
    endloop
  endfacet
  facet normal -0.194263 0.98095 0
    outer loop
      vertex -14.1431 248.828 12.45
      vertex -13.5018 248.955 0
      vertex -14.1431 248.828 0
    endloop
  endfacet
  facet normal -0.751533 0.659696 0
    outer loop
      vertex -16.8145 247.043 0
      vertex -16.3835 247.534 12.45
      vertex -16.3835 247.534 0
    endloop
  endfacet
  facet normal -0.751533 0.659696 0
    outer loop
      vertex -16.3835 247.534 12.45
      vertex -16.8145 247.043 0
      vertex -16.8145 247.043 12.45
    endloop
  endfacet
  facet normal -0.988349 -0.152207 0
    outer loop
      vertex -44.1779 92.9183 0
      vertex -44.2774 93.5644 12.45
      vertex -44.2774 93.5644 0
    endloop
  endfacet
  facet normal -0.988349 -0.152207 0
    outer loop
      vertex -44.2774 93.5644 12.45
      vertex -44.1779 92.9183 0
      vertex -44.1779 92.9183 12.45
    endloop
  endfacet
  facet normal -0.779838 -0.625981 0
    outer loop
      vertex -42.9833 90.6235 0
      vertex -43.3926 91.1334 12.45
      vertex -43.3926 91.1334 0
    endloop
  endfacet
  facet normal -0.779838 -0.625981 0
    outer loop
      vertex -43.3926 91.1334 12.45
      vertex -42.9833 90.6235 0
      vertex -42.9833 90.6235 12.45
    endloop
  endfacet
  facet normal 0.806915 0.590668 0
    outer loop
      vertex 17.0646 246.685 12.45
      vertex 16.6781 247.213 0
      vertex 16.6781 247.213 12.45
    endloop
  endfacet
  facet normal 0.806915 0.590668 0
    outer loop
      vertex 16.6781 247.213 0
      vertex 17.0646 246.685 12.45
      vertex 17.0646 246.685 0
    endloop
  endfacet
  facet normal 0.997852 -0.0655069 0
    outer loop
      vertex 44.2536 93.3477 12.45
      vertex 44.2957 93.989 0
      vertex 44.2957 93.989 12.45
    endloop
  endfacet
  facet normal 0.997852 -0.0655069 0
    outer loop
      vertex 44.2957 93.989 0
      vertex 44.2536 93.3477 12.45
      vertex 44.2536 93.3477 0
    endloop
  endfacet
  facet normal 0.518675 0.854972 -0
    outer loop
      vertex 15.7161 248.094 0
      vertex 15.1573 248.433 12.45
      vertex 15.7161 248.094 12.45
    endloop
  endfacet
  facet normal 0.518675 0.854972 0
    outer loop
      vertex 15.1573 248.433 12.45
      vertex 15.7161 248.094 0
      vertex 15.1573 248.433 0
    endloop
  endfacet
  facet normal -0.0655426 0.99785 0
    outer loop
      vertex -12.8167 249 0
      vertex -13.5018 248.955 12.45
      vertex -12.8167 249 12.45
    endloop
  endfacet
  facet normal -0.0655426 0.99785 0
    outer loop
      vertex -13.5018 248.955 12.45
      vertex -12.8167 249 0
      vertex -13.5018 248.955 0
    endloop
  endfacet
  facet normal -0.555406 0.831579 0
    outer loop
      vertex -15.3485 248.328 0
      vertex -15.892 247.965 12.45
      vertex -15.3485 248.328 12.45
    endloop
  endfacet
  facet normal -0.555406 0.831579 0
    outer loop
      vertex -15.892 247.965 12.45
      vertex -15.3485 248.328 0
      vertex -15.892 247.965 0
    endloop
  endfacet
  facet normal 0.93197 0.362535 0
    outer loop
      vertex 17.616 245.503 12.45
      vertex 17.3791 246.112 0
      vertex 17.3791 246.112 12.45
    endloop
  endfacet
  facet normal 0.93197 0.362535 0
    outer loop
      vertex 17.3791 246.112 0
      vertex 17.616 245.503 12.45
      vertex 17.616 245.503 0
    endloop
  endfacet
  facet normal 0.722167 0.691719 0
    outer loop
      vertex 16.6781 247.213 12.45
      vertex 16.226 247.685 0
      vertex 16.226 247.685 12.45
    endloop
  endfacet
  facet normal 0.722167 0.691719 0
    outer loop
      vertex 16.226 247.685 0
      vertex 16.6781 247.213 12.45
      vertex 16.6781 247.213 0
    endloop
  endfacet
  facet normal 0.625702 0.780062 -0
    outer loop
      vertex 16.226 247.685 0
      vertex 15.7161 248.094 12.45
      vertex 16.226 247.685 12.45
    endloop
  endfacet
  facet normal 0.625702 0.780062 0
    outer loop
      vertex 15.7161 248.094 12.45
      vertex 16.226 247.685 0
      vertex 15.7161 248.094 0
    endloop
  endfacet
  facet normal -0.69149 -0.722386 0
    outer loop
      vertex -42.9833 90.6235 0
      vertex -42.511 90.1714 12.45
      vertex -42.9833 90.6235 12.45
    endloop
  endfacet
  facet normal -0.69149 -0.722386 -0
    outer loop
      vertex -42.511 90.1714 12.45
      vertex -42.9833 90.6235 0
      vertex -42.511 90.1714 0
    endloop
  endfacet
  facet normal 0 0 -1
    outer loop
      vertex -7.52513 122.475 0
      vertex 7.52513 122.475 0
      vertex -7.22326 122.131 0
    endloop
  endfacet
  facet normal 0 0 -1
    outer loop
      vertex 8.66061 214.766 0
      vertex -6.52994 217.543 0
      vertex -6.5 218 0
    endloop
  endfacet
  facet normal 0 0 -1
    outer loop
      vertex 7.52513 122.475 0
      vertex -7.52513 122.475 0
      vertex 7.86933 122.777 0
    endloop
  endfacet
  facet normal 0 0 -1
    outer loop
      vertex 8.66061 214.766 0
      vertex -6.61926 217.094 0
      vertex -6.52994 217.543 0
    endloop
  endfacet
  facet normal 0 0 -1
    outer loop
      vertex -7.86933 122.777 0
      vertex 7.86933 122.777 0
      vertex -7.52513 122.475 0
    endloop
  endfacet
  facet normal 0 0 -1
    outer loop
      vertex 8.66061 214.766 0
      vertex -6.76642 216.661 0
      vertex -6.61926 217.094 0
    endloop
  endfacet
  facet normal 0 0 -1
    outer loop
      vertex 7.86933 122.777 0
      vertex -7.86933 122.777 0
      vertex 8.25 123.031 0
    endloop
  endfacet
  facet normal 0 0 -1
    outer loop
      vertex 8.66061 214.766 0
      vertex -6.96891 216.25 0
      vertex -6.76642 216.661 0
    endloop
  endfacet
  facet normal 0 0 -1
    outer loop
      vertex -8.25 123.031 0
      vertex 8.25 123.031 0
      vertex -7.86933 122.777 0
    endloop
  endfacet
  facet normal 0 0 -1
    outer loop
      vertex 8.66061 214.766 0
      vertex -7.22326 215.869 0
      vertex -6.96891 216.25 0
    endloop
  endfacet
  facet normal 0 0 -1
    outer loop
      vertex 8.25 123.031 0
      vertex -8.25 123.031 0
      vertex 8.66061 123.234 0
    endloop
  endfacet
  facet normal 0 0 -1
    outer loop
      vertex 8.66061 214.766 0
      vertex -7.52513 215.525 0
      vertex -7.22326 215.869 0
    endloop
  endfacet
  facet normal 0 0 -1
    outer loop
      vertex -8.66061 123.234 0
      vertex 8.66061 123.234 0
      vertex -8.25 123.031 0
    endloop
  endfacet
  facet normal 0 0 -1
    outer loop
      vertex 8.66061 214.766 0
      vertex -7.86933 215.223 0
      vertex -7.52513 215.525 0
    endloop
  endfacet
  facet normal 0 0 -1
    outer loop
      vertex -9.09413 123.381 0
      vertex 8.66061 123.234 0
      vertex -8.66061 123.234 0
    endloop
  endfacet
  facet normal 0 0 -1
    outer loop
      vertex 8.66061 214.766 0
      vertex -8.25 214.969 0
      vertex -7.86933 215.223 0
    endloop
  endfacet
  facet normal 0 0 -1
    outer loop
      vertex 8.66061 123.234 0
      vertex -9.09413 123.381 0
      vertex 8.66061 214.766 0
    endloop
  endfacet
  facet normal 0 0 -1
    outer loop
      vertex 8.66061 214.766 0
      vertex -8.66061 214.766 0
      vertex -8.25 214.969 0
    endloop
  endfacet
  facet normal 0 0 -1
    outer loop
      vertex -9.09413 214.619 0
      vertex 8.66061 214.766 0
      vertex -9.09413 123.381 0
    endloop
  endfacet
  facet normal -0 0 -1
    outer loop
      vertex 8.66061 214.766 0
      vertex -9.09413 214.619 0
      vertex -8.66061 214.766 0
    endloop
  endfacet
  facet normal 0 0 -1
    outer loop
      vertex -9.54316 123.47 0
      vertex -9.09413 214.619 0
      vertex -9.09413 123.381 0
    endloop
  endfacet
  facet normal 0 0 -1
    outer loop
      vertex -9.54316 123.47 0
      vertex -9.54316 214.53 0
      vertex -9.09413 214.619 0
    endloop
  endfacet
  facet normal 0 0 -1
    outer loop
      vertex -10 123.5 0
      vertex -9.54316 214.53 0
      vertex -9.54316 123.47 0
    endloop
  endfacet
  facet normal 0 0 -1
    outer loop
      vertex -10 123.5 0
      vertex -10 214.5 0
      vertex -9.54316 214.53 0
    endloop
  endfacet
  facet normal 0 0 -1
    outer loop
      vertex -10.4568 123.47 0
      vertex -10 214.5 0
      vertex -10 123.5 0
    endloop
  endfacet
  facet normal 0 0 -1
    outer loop
      vertex -10.4568 123.47 0
      vertex -10.4568 214.53 0
      vertex -10 214.5 0
    endloop
  endfacet
  facet normal 0 0 -1
    outer loop
      vertex -10.9059 123.381 0
      vertex -10.4568 214.53 0
      vertex -10.4568 123.47 0
    endloop
  endfacet
  facet normal 0 0 -1
    outer loop
      vertex -10.9059 123.381 0
      vertex -10.9059 214.619 0
      vertex -10.4568 214.53 0
    endloop
  endfacet
  facet normal 0 0 -1
    outer loop
      vertex -11.3394 123.234 0
      vertex -10.9059 214.619 0
      vertex -10.9059 123.381 0
    endloop
  endfacet
  facet normal 0 0 -1
    outer loop
      vertex -11.3394 123.234 0
      vertex -11.3394 214.766 0
      vertex -10.9059 214.619 0
    endloop
  endfacet
  facet normal 0 0 -1
    outer loop
      vertex -11.75 123.031 0
      vertex -11.3394 214.766 0
      vertex -11.3394 123.234 0
    endloop
  endfacet
  facet normal 0 0 -1
    outer loop
      vertex -11.75 123.031 0
      vertex -11.75 214.969 0
      vertex -11.3394 214.766 0
    endloop
  endfacet
  facet normal 0 0 -1
    outer loop
      vertex -12.1307 122.777 0
      vertex -11.75 214.969 0
      vertex -11.75 123.031 0
    endloop
  endfacet
  facet normal 0 0 -1
    outer loop
      vertex -12.1307 122.777 0
      vertex -12.1307 215.223 0
      vertex -11.75 214.969 0
    endloop
  endfacet
  facet normal 0 0 -1
    outer loop
      vertex -12.4749 122.475 0
      vertex -12.1307 215.223 0
      vertex -12.1307 122.777 0
    endloop
  endfacet
  facet normal 0 0 -1
    outer loop
      vertex -12.4749 122.475 0
      vertex -12.4749 215.525 0
      vertex -12.1307 215.223 0
    endloop
  endfacet
  facet normal 0 0 -1
    outer loop
      vertex -12.7767 122.131 0
      vertex -12.4749 215.525 0
      vertex -12.4749 122.475 0
    endloop
  endfacet
  facet normal 0 0 -1
    outer loop
      vertex -12.7767 122.131 0
      vertex -12.7767 215.869 0
      vertex -12.4749 215.525 0
    endloop
  endfacet
  facet normal 0 0 -1
    outer loop
      vertex -44.2169 94.9005 0
      vertex -12.7767 122.131 0
      vertex -13.0311 121.75 0
    endloop
  endfacet
  facet normal -0 0 -1
    outer loop
      vertex -12.7767 122.131 0
      vertex -44.2169 94.9005 0
      vertex -12.7767 215.869 0
    endloop
  endfacet
  facet normal 0 0 -1
    outer loop
      vertex -44.2169 94.9005 0
      vertex -13.0311 121.75 0
      vertex -13.2336 121.339 0
    endloop
  endfacet
  facet normal -0 0 -1
    outer loop
      vertex -12.7767 215.869 0
      vertex -44.2169 94.9005 0
      vertex -13.0311 216.25 0
    endloop
  endfacet
  facet normal 0 0 -1
    outer loop
      vertex -44.2169 94.9005 0
      vertex -13.2336 121.339 0
      vertex -13.3807 120.906 0
    endloop
  endfacet
  facet normal -0 0 -1
    outer loop
      vertex -13.0311 216.25 0
      vertex -44.2169 94.9005 0
      vertex -13.2336 216.661 0
    endloop
  endfacet
  facet normal 0 0 -1
    outer loop
      vertex -44.2169 94.9005 0
      vertex -13.3807 120.906 0
      vertex -13.4701 120.457 0
    endloop
  endfacet
  facet normal -0 0 -1
    outer loop
      vertex -13.2336 216.661 0
      vertex -44.2169 94.9005 0
      vertex -13.3807 217.094 0
    endloop
  endfacet
  facet normal 0 0 -1
    outer loop
      vertex -44.2169 94.9005 0
      vertex -13.4701 120.457 0
      vertex -13.5 120 0
    endloop
  endfacet
  facet normal -0 0 -1
    outer loop
      vertex -13.3807 217.094 0
      vertex -44.2169 94.9005 0
      vertex -13.4701 217.543 0
    endloop
  endfacet
  facet normal 0 0 -1
    outer loop
      vertex 13.3807 120.906 0
      vertex 44.215 94.9114 0
      vertex 13.4701 120.457 0
    endloop
  endfacet
  facet normal 0 0 -1
    outer loop
      vertex 44.215 94.9114 0
      vertex 13.4701 217.543 0
      vertex 13.5 218 0
    endloop
  endfacet
  facet normal 0 0 -1
    outer loop
      vertex 13.2336 121.339 0
      vertex 44.215 94.9114 0
      vertex 13.3807 120.906 0
    endloop
  endfacet
  facet normal 0 0 -1
    outer loop
      vertex 44.215 94.9114 0
      vertex 13.3807 217.094 0
      vertex 13.4701 217.543 0
    endloop
  endfacet
  facet normal 0 0 -1
    outer loop
      vertex 13.0311 121.75 0
      vertex 44.215 94.9114 0
      vertex 13.2336 121.339 0
    endloop
  endfacet
  facet normal 0 0 -1
    outer loop
      vertex 44.215 94.9114 0
      vertex 13.2336 216.661 0
      vertex 13.3807 217.094 0
    endloop
  endfacet
  facet normal 0 0 -1
    outer loop
      vertex 12.7767 122.131 0
      vertex 44.215 94.9114 0
      vertex 13.0311 121.75 0
    endloop
  endfacet
  facet normal 0 0 -1
    outer loop
      vertex 44.215 94.9114 0
      vertex 13.0311 216.25 0
      vertex 13.2336 216.661 0
    endloop
  endfacet
  facet normal 0 0 -1
    outer loop
      vertex 12.7767 215.869 0
      vertex 44.215 94.9114 0
      vertex 12.7767 122.131 0
    endloop
  endfacet
  facet normal 0 0 -1
    outer loop
      vertex 44.215 94.9114 0
      vertex 12.7767 215.869 0
      vertex 13.0311 216.25 0
    endloop
  endfacet
  facet normal 0 0 -1
    outer loop
      vertex 12.4749 122.475 0
      vertex 12.7767 215.869 0
      vertex 12.7767 122.131 0
    endloop
  endfacet
  facet normal 0 0 -1
    outer loop
      vertex 12.4749 122.475 0
      vertex 12.4749 215.525 0
      vertex 12.7767 215.869 0
    endloop
  endfacet
  facet normal 0 0 -1
    outer loop
      vertex 12.1307 122.777 0
      vertex 12.4749 215.525 0
      vertex 12.4749 122.475 0
    endloop
  endfacet
  facet normal 0 0 -1
    outer loop
      vertex 12.1307 122.777 0
      vertex 12.1307 215.223 0
      vertex 12.4749 215.525 0
    endloop
  endfacet
  facet normal 0 0 -1
    outer loop
      vertex 11.75 123.031 0
      vertex 12.1307 215.223 0
      vertex 12.1307 122.777 0
    endloop
  endfacet
  facet normal 0 0 -1
    outer loop
      vertex 11.75 123.031 0
      vertex 11.75 214.969 0
      vertex 12.1307 215.223 0
    endloop
  endfacet
  facet normal 0 0 -1
    outer loop
      vertex 11.3394 123.234 0
      vertex 11.75 214.969 0
      vertex 11.75 123.031 0
    endloop
  endfacet
  facet normal 0 0 -1
    outer loop
      vertex 11.3394 123.234 0
      vertex 11.3394 214.766 0
      vertex 11.75 214.969 0
    endloop
  endfacet
  facet normal 0 0 -1
    outer loop
      vertex 10.9059 123.381 0
      vertex 11.3394 214.766 0
      vertex 11.3394 123.234 0
    endloop
  endfacet
  facet normal 0 0 -1
    outer loop
      vertex 10.9059 123.381 0
      vertex 10.9059 214.619 0
      vertex 11.3394 214.766 0
    endloop
  endfacet
  facet normal 0 0 -1
    outer loop
      vertex 10.4568 123.47 0
      vertex 10.9059 214.619 0
      vertex 10.9059 123.381 0
    endloop
  endfacet
  facet normal 0 0 -1
    outer loop
      vertex 10.4568 123.47 0
      vertex 10.4568 214.53 0
      vertex 10.9059 214.619 0
    endloop
  endfacet
  facet normal 0 0 -1
    outer loop
      vertex 10 123.5 0
      vertex 10.4568 214.53 0
      vertex 10.4568 123.47 0
    endloop
  endfacet
  facet normal 0 0 -1
    outer loop
      vertex 10 123.5 0
      vertex 10 214.5 0
      vertex 10.4568 214.53 0
    endloop
  endfacet
  facet normal 0 0 -1
    outer loop
      vertex 9.54316 123.47 0
      vertex 10 214.5 0
      vertex 10 123.5 0
    endloop
  endfacet
  facet normal 0 0 -1
    outer loop
      vertex 9.54316 123.47 0
      vertex 9.54316 214.53 0
      vertex 10 214.5 0
    endloop
  endfacet
  facet normal 0 0 -1
    outer loop
      vertex 9.09413 123.381 0
      vertex 9.54316 214.53 0
      vertex 9.54316 123.47 0
    endloop
  endfacet
  facet normal 0 0 -1
    outer loop
      vertex 9.09413 123.381 0
      vertex 9.09413 214.619 0
      vertex 9.54316 214.53 0
    endloop
  endfacet
  facet normal 0 0 -1
    outer loop
      vertex 8.66061 123.234 0
      vertex 9.09413 214.619 0
      vertex 9.09413 123.381 0
    endloop
  endfacet
  facet normal 0 0 -1
    outer loop
      vertex 8.66061 123.234 0
      vertex 8.66061 214.766 0
      vertex 9.09413 214.619 0
    endloop
  endfacet
  facet normal 0 0 -1
    outer loop
      vertex 6.96891 121.75 0
      vertex -6.96891 121.75 0
      vertex 7.22326 122.131 0
    endloop
  endfacet
  facet normal 0 0 -1
    outer loop
      vertex -7.22326 122.131 0
      vertex 7.22326 122.131 0
      vertex -6.96891 121.75 0
    endloop
  endfacet
  facet normal 0 0 -1
    outer loop
      vertex -6.96891 121.75 0
      vertex 6.96891 121.75 0
      vertex -6.76642 121.339 0
    endloop
  endfacet
  facet normal 0 0 -1
    outer loop
      vertex 7.22326 122.131 0
      vertex -7.22326 122.131 0
      vertex 7.52513 122.475 0
    endloop
  endfacet
  facet normal 0 0 -1
    outer loop
      vertex 6.76642 121.339 0
      vertex -6.76642 121.339 0
      vertex 6.96891 121.75 0
    endloop
  endfacet
  facet normal 0 0 -1
    outer loop
      vertex 8.66061 214.766 0
      vertex -6.5 218 0
      vertex 8.25 214.969 0
    endloop
  endfacet
  facet normal 0 0 -1
    outer loop
      vertex -6.76642 121.339 0
      vertex 6.76642 121.339 0
      vertex -6.61926 120.906 0
    endloop
  endfacet
  facet normal 0 0 -1
    outer loop
      vertex 8.25 214.969 0
      vertex -6.5 218 0
      vertex 7.86933 215.223 0
    endloop
  endfacet
  facet normal 0 0 -1
    outer loop
      vertex 6.61926 120.906 0
      vertex -6.61926 120.906 0
      vertex 6.76642 121.339 0
    endloop
  endfacet
  facet normal 0 0 -1
    outer loop
      vertex 7.86933 215.223 0
      vertex -6.5 218 0
      vertex 7.52513 215.525 0
    endloop
  endfacet
  facet normal 0 0 -1
    outer loop
      vertex -6.61926 120.906 0
      vertex 6.61926 120.906 0
      vertex -6.52994 120.457 0
    endloop
  endfacet
  facet normal 0 0 -1
    outer loop
      vertex 7.52513 215.525 0
      vertex -6.5 218 0
      vertex 7.22326 215.869 0
    endloop
  endfacet
  facet normal 0 0 -1
    outer loop
      vertex 6.52994 120.457 0
      vertex -6.52994 120.457 0
      vertex 6.61926 120.906 0
    endloop
  endfacet
  facet normal 0 0 -1
    outer loop
      vertex 7.22326 215.869 0
      vertex -6.5 218 0
      vertex 6.96891 216.25 0
    endloop
  endfacet
  facet normal 0 0 -1
    outer loop
      vertex -6.52994 120.457 0
      vertex 6.52994 120.457 0
      vertex -6.5 120 0
    endloop
  endfacet
  facet normal 0 0 -1
    outer loop
      vertex 6.96891 216.25 0
      vertex -6.5 218 0
      vertex 6.76642 216.661 0
    endloop
  endfacet
  facet normal 0 0 -1
    outer loop
      vertex -6.5 120 0
      vertex 6.52994 120.457 0
      vertex 6.5 120 0
    endloop
  endfacet
  facet normal 0 0 -1
    outer loop
      vertex 6.76642 216.661 0
      vertex -6.5 218 0
      vertex 6.61926 217.094 0
    endloop
  endfacet
  facet normal 0 0 -1
    outer loop
      vertex 44.2536 93.3477 0
      vertex 44.215 94.9114 0
      vertex 44.2957 93.989 0
    endloop
  endfacet
  facet normal 0 0 -1
    outer loop
      vertex 44.1261 92.7064 0
      vertex 44.215 94.9114 0
      vertex 44.2536 93.3477 0
    endloop
  endfacet
  facet normal 0 0 -1
    outer loop
      vertex 43.916 92.0875 0
      vertex 44.215 94.9114 0
      vertex 44.1261 92.7064 0
    endloop
  endfacet
  facet normal 0 0 -1
    outer loop
      vertex 43.6268 91.501 0
      vertex 44.215 94.9114 0
      vertex 43.916 92.0875 0
    endloop
  endfacet
  facet normal 0 0 -1
    outer loop
      vertex 43.2636 90.9575 0
      vertex 44.215 94.9114 0
      vertex 43.6268 91.501 0
    endloop
  endfacet
  facet normal 0 0 -1
    outer loop
      vertex 42.8326 90.466 0
      vertex 44.215 94.9114 0
      vertex 43.2636 90.9575 0
    endloop
  endfacet
  facet normal 0 0 -1
    outer loop
      vertex 42.341 90.035 0
      vertex 44.215 94.9114 0
      vertex 42.8326 90.466 0
    endloop
  endfacet
  facet normal 0 0 -1
    outer loop
      vertex 41.7975 89.6718 0
      vertex 44.215 94.9114 0
      vertex 42.341 90.035 0
    endloop
  endfacet
  facet normal 0 0 -1
    outer loop
      vertex 41.2111 89.3826 0
      vertex 44.215 94.9114 0
      vertex 41.7975 89.6718 0
    endloop
  endfacet
  facet normal 0 0 -1
    outer loop
      vertex 40.5921 89.1725 0
      vertex 44.215 94.9114 0
      vertex 41.2111 89.3826 0
    endloop
  endfacet
  facet normal 0 0 -1
    outer loop
      vertex 39.9509 89.0449 0
      vertex 44.215 94.9114 0
      vertex 40.5921 89.1725 0
    endloop
  endfacet
  facet normal 0 0 -1
    outer loop
      vertex 39.2657 89 0
      vertex 44.215 94.9114 0
      vertex 39.9509 89.0449 0
    endloop
  endfacet
  facet normal 0 0 -1
    outer loop
      vertex 12.4749 117.525 0
      vertex 44.215 94.9114 0
      vertex 39.2657 89 0
    endloop
  endfacet
  facet normal 0 0 -1
    outer loop
      vertex 44.215 94.9114 0
      vertex 13.5 218 0
      vertex 17.7792 244.836 0
    endloop
  endfacet
  facet normal 0 0 -1
    outer loop
      vertex 13.4701 218.457 0
      vertex 17.7792 244.836 0
      vertex 13.5 218 0
    endloop
  endfacet
  facet normal 0 0 -1
    outer loop
      vertex 13.3807 218.906 0
      vertex 17.7792 244.836 0
      vertex 13.4701 218.457 0
    endloop
  endfacet
  facet normal 0 0 -1
    outer loop
      vertex 13.2336 219.339 0
      vertex 17.7792 244.836 0
      vertex 13.3807 218.906 0
    endloop
  endfacet
  facet normal 0 0 -1
    outer loop
      vertex 13.0311 219.75 0
      vertex 17.7792 244.836 0
      vertex 13.2336 219.339 0
    endloop
  endfacet
  facet normal 0 0 -1
    outer loop
      vertex 12.7767 220.131 0
      vertex 17.7792 244.836 0
      vertex 13.0311 219.75 0
    endloop
  endfacet
  facet normal 0 0 -1
    outer loop
      vertex 12.4749 220.475 0
      vertex 17.7792 244.836 0
      vertex 12.7767 220.131 0
    endloop
  endfacet
  facet normal 0 0 -1
    outer loop
      vertex 12.1307 220.777 0
      vertex 17.7792 244.836 0
      vertex 12.4749 220.475 0
    endloop
  endfacet
  facet normal 0 0 -1
    outer loop
      vertex 11.75 221.031 0
      vertex 17.7792 244.836 0
      vertex 12.1307 220.777 0
    endloop
  endfacet
  facet normal 0 0 -1
    outer loop
      vertex 13.4701 120.457 0
      vertex 44.215 94.9114 0
      vertex 13.5 120 0
    endloop
  endfacet
  facet normal 0 0 -1
    outer loop
      vertex 44.215 94.9114 0
      vertex 13.4701 119.543 0
      vertex 13.5 120 0
    endloop
  endfacet
  facet normal 0 0 -1
    outer loop
      vertex 44.215 94.9114 0
      vertex 13.3807 119.094 0
      vertex 13.4701 119.543 0
    endloop
  endfacet
  facet normal 0 0 -1
    outer loop
      vertex 44.215 94.9114 0
      vertex 13.2336 118.661 0
      vertex 13.3807 119.094 0
    endloop
  endfacet
  facet normal 0 0 -1
    outer loop
      vertex 44.215 94.9114 0
      vertex 13.0311 118.25 0
      vertex 13.2336 118.661 0
    endloop
  endfacet
  facet normal 0 0 -1
    outer loop
      vertex 44.215 94.9114 0
      vertex 12.7767 117.869 0
      vertex 13.0311 118.25 0
    endloop
  endfacet
  facet normal 0 0 -1
    outer loop
      vertex 44.215 94.9114 0
      vertex 12.4749 117.525 0
      vertex 12.7767 117.869 0
    endloop
  endfacet
  facet normal 0 0 -1
    outer loop
      vertex 39.2657 89 0
      vertex 12.1307 117.223 0
      vertex 12.4749 117.525 0
    endloop
  endfacet
  facet normal 0 0 -1
    outer loop
      vertex 39.2657 89 0
      vertex 11.75 116.969 0
      vertex 12.1307 117.223 0
    endloop
  endfacet
  facet normal 0 0 -1
    outer loop
      vertex 39.2657 89 0
      vertex 11.3394 116.766 0
      vertex 11.75 116.969 0
    endloop
  endfacet
  facet normal 0 0 -1
    outer loop
      vertex 39.2657 89 0
      vertex 10.9059 116.619 0
      vertex 11.3394 116.766 0
    endloop
  endfacet
  facet normal 0 0 -1
    outer loop
      vertex 39.2657 89 0
      vertex 10.4568 116.53 0
      vertex 10.9059 116.619 0
    endloop
  endfacet
  facet normal 0 0 -1
    outer loop
      vertex 39.2657 89 0
      vertex 10 116.5 0
      vertex 10.4568 116.53 0
    endloop
  endfacet
  facet normal 0 0 -1
    outer loop
      vertex 39.2657 89 0
      vertex 9.54316 116.53 0
      vertex 10 116.5 0
    endloop
  endfacet
  facet normal 0 0 -1
    outer loop
      vertex 39.2657 89 0
      vertex 9.09413 116.619 0
      vertex 9.54316 116.53 0
    endloop
  endfacet
  facet normal 0 0 -1
    outer loop
      vertex -9.09413 116.619 0
      vertex 9.09413 116.619 0
      vertex 39.2657 89 0
    endloop
  endfacet
  facet normal 0 0 -1
    outer loop
      vertex 9.09413 116.619 0
      vertex -9.09413 116.619 0
      vertex 8.66061 116.766 0
    endloop
  endfacet
  facet normal 0 -0 -1
    outer loop
      vertex -8.66061 116.766 0
      vertex 8.66061 116.766 0
      vertex -9.09413 116.619 0
    endloop
  endfacet
  facet normal 0 0 -1
    outer loop
      vertex 8.66061 116.766 0
      vertex -8.66061 116.766 0
      vertex 8.25 116.969 0
    endloop
  endfacet
  facet normal 0 0 -1
    outer loop
      vertex 6.61926 217.094 0
      vertex -6.5 218 0
      vertex 6.52994 217.543 0
    endloop
  endfacet
  facet normal 0 0 -1
    outer loop
      vertex 6.52994 119.543 0
      vertex -6.5 120 0
      vertex 6.5 120 0
    endloop
  endfacet
  facet normal 0 0 -1
    outer loop
      vertex -6.52994 119.543 0
      vertex 6.52994 119.543 0
      vertex 6.61926 119.094 0
    endloop
  endfacet
  facet normal 0 0 -1
    outer loop
      vertex -6.61926 119.094 0
      vertex 6.61926 119.094 0
      vertex 6.76642 118.661 0
    endloop
  endfacet
  facet normal 0 0 -1
    outer loop
      vertex -6.76642 118.661 0
      vertex 6.76642 118.661 0
      vertex 6.96891 118.25 0
    endloop
  endfacet
  facet normal 0 0 -1
    outer loop
      vertex -6.96891 118.25 0
      vertex 6.96891 118.25 0
      vertex 7.22326 117.869 0
    endloop
  endfacet
  facet normal 0 0 -1
    outer loop
      vertex -7.22326 117.869 0
      vertex 7.22326 117.869 0
      vertex 7.52513 117.525 0
    endloop
  endfacet
  facet normal 0 -0 -1
    outer loop
      vertex -8.25 116.969 0
      vertex 8.25 116.969 0
      vertex -8.66061 116.766 0
    endloop
  endfacet
  facet normal 0 0 -1
    outer loop
      vertex 6.52994 119.543 0
      vertex -6.52994 119.543 0
      vertex -6.5 120 0
    endloop
  endfacet
  facet normal 0 0 -1
    outer loop
      vertex 6.61926 119.094 0
      vertex -6.61926 119.094 0
      vertex -6.52994 119.543 0
    endloop
  endfacet
  facet normal 0 0 -1
    outer loop
      vertex 6.76642 118.661 0
      vertex -6.76642 118.661 0
      vertex -6.61926 119.094 0
    endloop
  endfacet
  facet normal 0 0 -1
    outer loop
      vertex 6.96891 118.25 0
      vertex -6.96891 118.25 0
      vertex -6.76642 118.661 0
    endloop
  endfacet
  facet normal 0 0 -1
    outer loop
      vertex 7.22326 117.869 0
      vertex -7.22326 117.869 0
      vertex -6.96891 118.25 0
    endloop
  endfacet
  facet normal 0 0 -1
    outer loop
      vertex 7.52513 117.525 0
      vertex -7.52513 117.525 0
      vertex -7.22326 117.869 0
    endloop
  endfacet
  facet normal -0 0 -1
    outer loop
      vertex 7.52513 117.525 0
      vertex -7.86933 117.223 0
      vertex -7.52513 117.525 0
    endloop
  endfacet
  facet normal 0 0 -1
    outer loop
      vertex 7.86933 117.223 0
      vertex -7.86933 117.223 0
      vertex 7.52513 117.525 0
    endloop
  endfacet
  facet normal 0 -0 -1
    outer loop
      vertex -7.86933 117.223 0
      vertex 7.86933 117.223 0
      vertex -8.25 116.969 0
    endloop
  endfacet
  facet normal 0 0 -1
    outer loop
      vertex 8.25 116.969 0
      vertex -8.25 116.969 0
      vertex 7.86933 117.223 0
    endloop
  endfacet
  facet normal 0 0 -1
    outer loop
      vertex -39.2548 89 0
      vertex -9.09413 116.619 0
      vertex 39.2657 89 0
    endloop
  endfacet
  facet normal 0 0 -1
    outer loop
      vertex -9.09413 116.619 0
      vertex -39.2548 89 0
      vertex -9.54316 116.53 0
    endloop
  endfacet
  facet normal 0 0 -1
    outer loop
      vertex -9.54316 116.53 0
      vertex -39.2548 89 0
      vertex -10 116.5 0
    endloop
  endfacet
  facet normal -0 0 -1
    outer loop
      vertex -10 116.5 0
      vertex -39.2548 89 0
      vertex -10.4568 116.53 0
    endloop
  endfacet
  facet normal -0 0 -1
    outer loop
      vertex -10.4568 116.53 0
      vertex -39.2548 89 0
      vertex -10.9059 116.619 0
    endloop
  endfacet
  facet normal -0 0 -1
    outer loop
      vertex -10.9059 116.619 0
      vertex -39.2548 89 0
      vertex -11.3394 116.766 0
    endloop
  endfacet
  facet normal 0 -0 -1
    outer loop
      vertex -17.7773 244.847 0
      vertex -13.4701 217.543 0
      vertex -44.2169 94.9005 0
    endloop
  endfacet
  facet normal 0 0 -1
    outer loop
      vertex -13.5 218 0
      vertex -17.7773 244.847 0
      vertex -13.5018 248.955 0
    endloop
  endfacet
  facet normal 0 0 -1
    outer loop
      vertex -13.5018 248.955 0
      vertex -17.7773 244.847 0
      vertex -14.1431 248.828 0
    endloop
  endfacet
  facet normal 0 0 -1
    outer loop
      vertex -14.1431 248.828 0
      vertex -17.7773 244.847 0
      vertex -14.762 248.617 0
    endloop
  endfacet
  facet normal 0 0 -1
    outer loop
      vertex -14.762 248.617 0
      vertex -17.7773 244.847 0
      vertex -15.3485 248.328 0
    endloop
  endfacet
  facet normal 0 0 -1
    outer loop
      vertex -15.3485 248.328 0
      vertex -17.7773 244.847 0
      vertex -15.892 247.965 0
    endloop
  endfacet
  facet normal 0 0 -1
    outer loop
      vertex -15.892 247.965 0
      vertex -17.7773 244.847 0
      vertex -16.3835 247.534 0
    endloop
  endfacet
  facet normal 0 0 -1
    outer loop
      vertex -16.3835 247.534 0
      vertex -17.7773 244.847 0
      vertex -16.8145 247.043 0
    endloop
  endfacet
  facet normal 0 0 -1
    outer loop
      vertex -16.8145 247.043 0
      vertex -17.7773 244.847 0
      vertex -17.1777 246.499 0
    endloop
  endfacet
  facet normal 0 0 -1
    outer loop
      vertex -17.1777 246.499 0
      vertex -17.7773 244.847 0
      vertex -17.4669 245.913 0
    endloop
  endfacet
  facet normal 0 0 -1
    outer loop
      vertex -17.4669 245.913 0
      vertex -17.7773 244.847 0
      vertex -17.6806 245.283 0
    endloop
  endfacet
  facet normal -0 0 -1
    outer loop
      vertex -11.3394 116.766 0
      vertex -39.2548 89 0
      vertex -11.75 116.969 0
    endloop
  endfacet
  facet normal 0 0 -1
    outer loop
      vertex -39.2548 89 0
      vertex -12.1307 117.223 0
      vertex -11.75 116.969 0
    endloop
  endfacet
  facet normal 0 0 -1
    outer loop
      vertex -39.2548 89 0
      vertex -12.4749 117.525 0
      vertex -12.1307 117.223 0
    endloop
  endfacet
  facet normal 0 0 -1
    outer loop
      vertex -44.2169 94.9005 0
      vertex -12.4749 117.525 0
      vertex -39.2548 89 0
    endloop
  endfacet
  facet normal -0 0 -1
    outer loop
      vertex -12.4749 117.525 0
      vertex -44.2169 94.9005 0
      vertex -12.7767 117.869 0
    endloop
  endfacet
  facet normal -0 0 -1
    outer loop
      vertex -12.7767 117.869 0
      vertex -44.2169 94.9005 0
      vertex -13.0311 118.25 0
    endloop
  endfacet
  facet normal -0 0 -1
    outer loop
      vertex -13.0311 118.25 0
      vertex -44.2169 94.9005 0
      vertex -13.2336 118.661 0
    endloop
  endfacet
  facet normal -0 0 -1
    outer loop
      vertex -13.2336 118.661 0
      vertex -44.2169 94.9005 0
      vertex -13.3807 119.094 0
    endloop
  endfacet
  facet normal -0 0 -1
    outer loop
      vertex -13.3807 119.094 0
      vertex -44.2169 94.9005 0
      vertex -13.4701 119.543 0
    endloop
  endfacet
  facet normal -0 0 -1
    outer loop
      vertex -13.4701 119.543 0
      vertex -44.2169 94.9005 0
      vertex -13.5 120 0
    endloop
  endfacet
  facet normal 0 0 -1
    outer loop
      vertex -44.2169 94.9005 0
      vertex -39.2548 89 0
      vertex -40.1771 89.0807 0
    endloop
  endfacet
  facet normal 0 0 -1
    outer loop
      vertex -44.2169 94.9005 0
      vertex -40.1771 89.0807 0
      vertex -40.8014 89.2335 0
    endloop
  endfacet
  facet normal 0 0 -1
    outer loop
      vertex -44.2169 94.9005 0
      vertex -40.8014 89.2335 0
      vertex -41.4107 89.4704 0
    endloop
  endfacet
  facet normal 0 0 -1
    outer loop
      vertex -44.2169 94.9005 0
      vertex -41.4107 89.4704 0
      vertex -41.9839 89.7849 0
    endloop
  endfacet
  facet normal 0 0 -1
    outer loop
      vertex -44.2169 94.9005 0
      vertex -41.9839 89.7849 0
      vertex -42.511 90.1714 0
    endloop
  endfacet
  facet normal 0 0 -1
    outer loop
      vertex -44.2169 94.9005 0
      vertex -42.511 90.1714 0
      vertex -42.9833 90.6235 0
    endloop
  endfacet
  facet normal 0 0 -1
    outer loop
      vertex -44.2169 94.9005 0
      vertex -42.9833 90.6235 0
      vertex -43.3926 91.1334 0
    endloop
  endfacet
  facet normal 0 0 -1
    outer loop
      vertex -44.2169 94.9005 0
      vertex -43.3926 91.1334 0
      vertex -43.7316 91.6922 0
    endloop
  endfacet
  facet normal 0 0 -1
    outer loop
      vertex -44.2169 94.9005 0
      vertex -43.7316 91.6922 0
      vertex -43.9949 92.2906 0
    endloop
  endfacet
  facet normal 0 0 -1
    outer loop
      vertex -44.2169 94.9005 0
      vertex -43.9949 92.2906 0
      vertex -44.1779 92.9183 0
    endloop
  endfacet
  facet normal 0 0 -1
    outer loop
      vertex -13.4701 217.543 0
      vertex -17.7773 244.847 0
      vertex -13.5 218 0
    endloop
  endfacet
  facet normal 0 0 -1
    outer loop
      vertex -44.2774 93.5644 0
      vertex -44.2169 94.9005 0
      vertex -44.1779 92.9183 0
    endloop
  endfacet
  facet normal 0 0 -1
    outer loop
      vertex -44.2169 94.9005 0
      vertex -44.2774 93.5644 0
      vertex -44.2916 94.218 0
    endloop
  endfacet
  facet normal 0 0 -1
    outer loop
      vertex 11.3394 221.234 0
      vertex 17.7792 244.836 0
      vertex 11.75 221.031 0
    endloop
  endfacet
  facet normal 0 0 -1
    outer loop
      vertex 10.9059 221.381 0
      vertex 17.7792 244.836 0
      vertex 11.3394 221.234 0
    endloop
  endfacet
  facet normal 0 0 -1
    outer loop
      vertex 10.4568 221.47 0
      vertex 17.7792 244.836 0
      vertex 10.9059 221.381 0
    endloop
  endfacet
  facet normal 0 0 -1
    outer loop
      vertex 10 221.5 0
      vertex 17.7792 244.836 0
      vertex 10.4568 221.47 0
    endloop
  endfacet
  facet normal 0 0 -1
    outer loop
      vertex 9.54316 221.47 0
      vertex 17.7792 244.836 0
      vertex 10 221.5 0
    endloop
  endfacet
  facet normal 0 0 -1
    outer loop
      vertex 9.09413 221.381 0
      vertex 17.7792 244.836 0
      vertex 9.54316 221.47 0
    endloop
  endfacet
  facet normal 0 0 -1
    outer loop
      vertex 17.7792 244.836 0
      vertex 12.8275 249 0
      vertex 17.616 245.503 0
    endloop
  endfacet
  facet normal 0 0 -1
    outer loop
      vertex 17.616 245.503 0
      vertex 12.8275 249 0
      vertex 17.3791 246.112 0
    endloop
  endfacet
  facet normal 0 0 -1
    outer loop
      vertex 17.0646 246.685 0
      vertex 12.8275 249 0
      vertex 16.6781 247.213 0
    endloop
  endfacet
  facet normal 0 0 -1
    outer loop
      vertex 16.6781 247.213 0
      vertex 12.8275 249 0
      vertex 16.226 247.685 0
    endloop
  endfacet
  facet normal 0 0 -1
    outer loop
      vertex 16.226 247.685 0
      vertex 12.8275 249 0
      vertex 15.7161 248.094 0
    endloop
  endfacet
  facet normal 0 0 -1
    outer loop
      vertex 15.1573 248.433 0
      vertex 12.8275 249 0
      vertex 14.5589 248.696 0
    endloop
  endfacet
  facet normal 0 0 -1
    outer loop
      vertex 14.5589 248.696 0
      vertex 12.8275 249 0
      vertex 13.9312 248.879 0
    endloop
  endfacet
  facet normal 0 0 -1
    outer loop
      vertex 13.9312 248.879 0
      vertex 12.8275 249 0
      vertex 13.2743 248.98 0
    endloop
  endfacet
  facet normal 0 0 -1
    outer loop
      vertex 15.7161 248.094 0
      vertex 12.8275 249 0
      vertex 15.1573 248.433 0
    endloop
  endfacet
  facet normal 0 0 -1
    outer loop
      vertex 17.3791 246.112 0
      vertex 12.8275 249 0
      vertex 17.0646 246.685 0
    endloop
  endfacet
  facet normal -0 0 -1
    outer loop
      vertex 17.7792 244.836 0
      vertex 9.09413 221.381 0
      vertex 12.8275 249 0
    endloop
  endfacet
  facet normal 0 0 -1
    outer loop
      vertex 8.66061 221.234 0
      vertex 12.8275 249 0
      vertex 9.09413 221.381 0
    endloop
  endfacet
  facet normal 0 0 -1
    outer loop
      vertex 8.25 221.031 0
      vertex 12.8275 249 0
      vertex 8.66061 221.234 0
    endloop
  endfacet
  facet normal 0 0 -1
    outer loop
      vertex -8.25 221.031 0
      vertex 8.25 221.031 0
      vertex 7.86933 220.777 0
    endloop
  endfacet
  facet normal 0 0 -1
    outer loop
      vertex -7.86933 220.777 0
      vertex 7.86933 220.777 0
      vertex 7.52513 220.475 0
    endloop
  endfacet
  facet normal 0 0 -1
    outer loop
      vertex -7.52513 220.475 0
      vertex 7.52513 220.475 0
      vertex 7.22326 220.131 0
    endloop
  endfacet
  facet normal 0 0 -1
    outer loop
      vertex -7.22326 220.131 0
      vertex 7.22326 220.131 0
      vertex 6.96891 219.75 0
    endloop
  endfacet
  facet normal 0 0 -1
    outer loop
      vertex -6.96891 219.75 0
      vertex 6.96891 219.75 0
      vertex 6.76642 219.339 0
    endloop
  endfacet
  facet normal 0 0 -1
    outer loop
      vertex -6.76642 219.339 0
      vertex 6.76642 219.339 0
      vertex 6.61926 218.906 0
    endloop
  endfacet
  facet normal 0 0 -1
    outer loop
      vertex 6.52994 217.543 0
      vertex -6.5 218 0
      vertex 6.5 218 0
    endloop
  endfacet
  facet normal 0 0 -1
    outer loop
      vertex 6.5 218 0
      vertex -6.5 218 0
      vertex 6.52994 218.457 0
    endloop
  endfacet
  facet normal 0 0 -1
    outer loop
      vertex -6.52994 218.457 0
      vertex 6.52994 218.457 0
      vertex -6.5 218 0
    endloop
  endfacet
  facet normal 0 0 -1
    outer loop
      vertex 6.52994 218.457 0
      vertex -6.52994 218.457 0
      vertex 6.61926 218.906 0
    endloop
  endfacet
  facet normal 0 0 -1
    outer loop
      vertex -6.61926 218.906 0
      vertex 6.61926 218.906 0
      vertex -6.52994 218.457 0
    endloop
  endfacet
  facet normal 0 0 -1
    outer loop
      vertex -6.76642 219.339 0
      vertex 6.61926 218.906 0
      vertex -6.61926 218.906 0
    endloop
  endfacet
  facet normal 0 0 -1
    outer loop
      vertex 6.76642 219.339 0
      vertex -6.76642 219.339 0
      vertex -6.96891 219.75 0
    endloop
  endfacet
  facet normal 0 0 -1
    outer loop
      vertex 6.96891 219.75 0
      vertex -6.96891 219.75 0
      vertex -7.22326 220.131 0
    endloop
  endfacet
  facet normal 0 0 -1
    outer loop
      vertex 7.22326 220.131 0
      vertex -7.22326 220.131 0
      vertex -7.52513 220.475 0
    endloop
  endfacet
  facet normal 0 0 -1
    outer loop
      vertex 7.52513 220.475 0
      vertex -7.52513 220.475 0
      vertex -7.86933 220.777 0
    endloop
  endfacet
  facet normal 0 0 -1
    outer loop
      vertex 7.86933 220.777 0
      vertex -7.86933 220.777 0
      vertex -8.25 221.031 0
    endloop
  endfacet
  facet normal 0 0 -1
    outer loop
      vertex 8.25 221.031 0
      vertex -8.25 221.031 0
      vertex 12.8275 249 0
    endloop
  endfacet
  facet normal 0 0 -1
    outer loop
      vertex -12.8167 249 0
      vertex -8.25 221.031 0
      vertex -8.66061 221.234 0
    endloop
  endfacet
  facet normal 0 0 -1
    outer loop
      vertex -12.8167 249 0
      vertex -8.66061 221.234 0
      vertex -9.09413 221.381 0
    endloop
  endfacet
  facet normal 0 0 -1
    outer loop
      vertex -12.8167 249 0
      vertex -9.09413 221.381 0
      vertex -9.54316 221.47 0
    endloop
  endfacet
  facet normal 0 0 -1
    outer loop
      vertex -12.8167 249 0
      vertex -9.54316 221.47 0
      vertex -10 221.5 0
    endloop
  endfacet
  facet normal 0 0 -1
    outer loop
      vertex -12.8167 249 0
      vertex -10 221.5 0
      vertex -10.4568 221.47 0
    endloop
  endfacet
  facet normal 0 0 -1
    outer loop
      vertex -13.5018 248.955 0
      vertex -10.4568 221.47 0
      vertex -10.9059 221.381 0
    endloop
  endfacet
  facet normal 0 0 -1
    outer loop
      vertex -13.5018 248.955 0
      vertex -10.9059 221.381 0
      vertex -11.3394 221.234 0
    endloop
  endfacet
  facet normal 0 0 -1
    outer loop
      vertex -13.5018 248.955 0
      vertex -11.3394 221.234 0
      vertex -11.75 221.031 0
    endloop
  endfacet
  facet normal 0 0 -1
    outer loop
      vertex -13.5018 248.955 0
      vertex -11.75 221.031 0
      vertex -12.1307 220.777 0
    endloop
  endfacet
  facet normal 0 0 -1
    outer loop
      vertex -13.5018 248.955 0
      vertex -12.1307 220.777 0
      vertex -12.4749 220.475 0
    endloop
  endfacet
  facet normal 0 0 -1
    outer loop
      vertex -8.25 221.031 0
      vertex -12.8167 249 0
      vertex 12.8275 249 0
    endloop
  endfacet
  facet normal 0 0 -1
    outer loop
      vertex -13.5018 248.955 0
      vertex -12.4749 220.475 0
      vertex -12.7767 220.131 0
    endloop
  endfacet
  facet normal 0 0 -1
    outer loop
      vertex -13.5018 248.955 0
      vertex -12.7767 220.131 0
      vertex -13.0311 219.75 0
    endloop
  endfacet
  facet normal 0 0 -1
    outer loop
      vertex -13.5018 248.955 0
      vertex -13.0311 219.75 0
      vertex -13.2336 219.339 0
    endloop
  endfacet
  facet normal 0 0 -1
    outer loop
      vertex -13.5018 248.955 0
      vertex -13.2336 219.339 0
      vertex -13.3807 218.906 0
    endloop
  endfacet
  facet normal 0 0 -1
    outer loop
      vertex -13.5018 248.955 0
      vertex -13.3807 218.906 0
      vertex -13.4701 218.457 0
    endloop
  endfacet
  facet normal 0 0 -1
    outer loop
      vertex -13.5018 248.955 0
      vertex -13.4701 218.457 0
      vertex -13.5 218 0
    endloop
  endfacet
  facet normal 0 0 -1
    outer loop
      vertex -10.4568 221.47 0
      vertex -13.5018 248.955 0
      vertex -12.8167 249 0
    endloop
  endfacet
  facet normal -0.442006 0.897012 0
    outer loop
      vertex -14.762 248.617 0
      vertex -15.3485 248.328 12.45
      vertex -14.762 248.617 12.45
    endloop
  endfacet
  facet normal -0.442006 0.897012 0
    outer loop
      vertex -15.3485 248.328 12.45
      vertex -14.762 248.617 0
      vertex -15.3485 248.328 0
    endloop
  endfacet
  facet normal -0.896741 0.442556 0
    outer loop
      vertex -17.4669 245.913 0
      vertex -17.1777 246.499 12.45
      vertex -17.1777 246.499 0
    endloop
  endfacet
  facet normal -0.896741 0.442556 0
    outer loop
      vertex -17.1777 246.499 12.45
      vertex -17.4669 245.913 0
      vertex -17.4669 245.913 12.45
    endloop
  endfacet
  facet normal 0 0 1
    outer loop
      vertex 42.2899 93.9671 12.45
      vertex 44.2957 93.989 12.45
      vertex 44.215 94.9114 12.45
    endloop
  endfacet
  facet normal 0 0 1
    outer loop
      vertex 44.2957 93.989 12.45
      vertex 42.2899 93.9671 12.45
      vertex 44.2536 93.3477 12.45
    endloop
  endfacet
  facet normal -0 0 1
    outer loop
      vertex 42.2665 93.6093 12.45
      vertex 44.2536 93.3477 12.45
      vertex 42.2899 93.9671 12.45
    endloop
  endfacet
  facet normal -0 0 1
    outer loop
      vertex 42.1901 93.2252 12.45
      vertex 44.1261 92.7064 12.45
      vertex 42.2665 93.6093 12.45
    endloop
  endfacet
  facet normal 0 0 1
    outer loop
      vertex 44.1261 92.7064 12.45
      vertex 42.1901 93.2252 12.45
      vertex 43.916 92.0875 12.45
    endloop
  endfacet
  facet normal 0 0 1
    outer loop
      vertex 43.916 92.0875 12.45
      vertex 42.0642 92.8545 12.45
      vertex 43.6268 91.501 12.45
    endloop
  endfacet
  facet normal -0 0 1
    outer loop
      vertex 41.891 92.5032 12.45
      vertex 43.6268 91.501 12.45
      vertex 42.0642 92.8545 12.45
    endloop
  endfacet
  facet normal 0 0 1
    outer loop
      vertex 44.2536 93.3477 12.45
      vertex 42.2665 93.6093 12.45
      vertex 44.1261 92.7064 12.45
    endloop
  endfacet
  facet normal 0 0 1
    outer loop
      vertex 44.215 94.9114 12.45
      vertex 42.2302 94.65 12.45
      vertex 42.2899 93.9671 12.45
    endloop
  endfacet
  facet normal 0 0 1
    outer loop
      vertex 30.2814 173.933 12.45
      vertex 42.2302 94.65 12.45
      vertex 44.215 94.9114 12.45
    endloop
  endfacet
  facet normal 0 0 1
    outer loop
      vertex 42.2302 94.65 12.45
      vertex 30.2814 173.933 12.45
      vertex 28.3117 173.585 12.45
    endloop
  endfacet
  facet normal -0 0 1
    outer loop
      vertex 42.0642 92.8545 12.45
      vertex 43.916 92.0875 12.45
      vertex 42.1901 93.2252 12.45
    endloop
  endfacet
  facet normal 0 0 1
    outer loop
      vertex 43.6268 91.501 12.45
      vertex 41.891 92.5032 12.45
      vertex 43.2636 90.9575 12.45
    endloop
  endfacet
  facet normal -0 0 1
    outer loop
      vertex 41.6734 92.1776 12.45
      vertex 43.2636 90.9575 12.45
      vertex 41.891 92.5032 12.45
    endloop
  endfacet
  facet normal 0 0 1
    outer loop
      vertex 43.2636 90.9575 12.45
      vertex 41.6734 92.1776 12.45
      vertex 42.8326 90.466 12.45
    endloop
  endfacet
  facet normal -0 0 1
    outer loop
      vertex 41.4153 91.8832 12.45
      vertex 42.8326 90.466 12.45
      vertex 41.6734 92.1776 12.45
    endloop
  endfacet
  facet normal 0 0 1
    outer loop
      vertex 42.8326 90.466 12.45
      vertex 41.4153 91.8832 12.45
      vertex 42.341 90.035 12.45
    endloop
  endfacet
  facet normal -0 0 1
    outer loop
      vertex 41.121 91.6251 12.45
      vertex 42.341 90.035 12.45
      vertex 41.4153 91.8832 12.45
    endloop
  endfacet
  facet normal 0 0 1
    outer loop
      vertex 42.341 90.035 12.45
      vertex 41.121 91.6251 12.45
      vertex 41.7975 89.6718 12.45
    endloop
  endfacet
  facet normal -0 0 1
    outer loop
      vertex 40.7953 91.4075 12.45
      vertex 41.7975 89.6718 12.45
      vertex 41.121 91.6251 12.45
    endloop
  endfacet
  facet normal 0 0 1
    outer loop
      vertex 41.7975 89.6718 12.45
      vertex 40.7953 91.4075 12.45
      vertex 41.2111 89.3826 12.45
    endloop
  endfacet
  facet normal -0 0 1
    outer loop
      vertex 40.444 91.2343 12.45
      vertex 41.2111 89.3826 12.45
      vertex 40.7953 91.4075 12.45
    endloop
  endfacet
  facet normal 0 0 1
    outer loop
      vertex 41.2111 89.3826 12.45
      vertex 40.444 91.2343 12.45
      vertex 40.5921 89.1725 12.45
    endloop
  endfacet
  facet normal -0 0 1
    outer loop
      vertex 40.0733 91.1085 12.45
      vertex 40.5921 89.1725 12.45
      vertex 40.444 91.2343 12.45
    endloop
  endfacet
  facet normal 0 0 1
    outer loop
      vertex 40.0733 91.1085 12.45
      vertex 39.9509 89.0449 12.45
      vertex 40.5921 89.1725 12.45
    endloop
  endfacet
  facet normal -0 0 1
    outer loop
      vertex 39.6892 91.032 12.45
      vertex 39.9509 89.0449 12.45
      vertex 40.0733 91.1085 12.45
    endloop
  endfacet
  facet normal 0 0 1
    outer loop
      vertex 39.6892 91.032 12.45
      vertex 39.2657 89 12.45
      vertex 39.9509 89.0449 12.45
    endloop
  endfacet
  facet normal -0 0 1
    outer loop
      vertex 39.2003 91 12.45
      vertex 39.2657 89 12.45
      vertex 39.6892 91.032 12.45
    endloop
  endfacet
  facet normal -0 0 1
    outer loop
      vertex -39.1675 91 12.45
      vertex 39.2657 89 12.45
      vertex 39.2003 91 12.45
    endloop
  endfacet
  facet normal 0 0 1
    outer loop
      vertex -39.1675 91 12.45
      vertex -39.2548 89 12.45
      vertex 39.2657 89 12.45
    endloop
  endfacet
  facet normal 0 0 1
    outer loop
      vertex -39.8503 91.0597 12.45
      vertex -39.2548 89 12.45
      vertex -39.1675 91 12.45
    endloop
  endfacet
  facet normal 0 0 1
    outer loop
      vertex -39.8503 91.0597 12.45
      vertex -40.1771 89.0807 12.45
      vertex -39.2548 89 12.45
    endloop
  endfacet
  facet normal 0 0 1
    outer loop
      vertex -40.8014 89.2335 12.45
      vertex -39.8503 91.0597 12.45
      vertex -40.1988 91.145 12.45
    endloop
  endfacet
  facet normal 0 0 1
    outer loop
      vertex -40.8014 89.2335 12.45
      vertex -40.1988 91.145 12.45
      vertex -40.5637 91.2869 12.45
    endloop
  endfacet
  facet normal 0 0 1
    outer loop
      vertex -39.8503 91.0597 12.45
      vertex -40.8014 89.2335 12.45
      vertex -40.1771 89.0807 12.45
    endloop
  endfacet
  facet normal 0 0 1
    outer loop
      vertex -41.4107 89.4704 12.45
      vertex -40.5637 91.2869 12.45
      vertex -40.9069 91.4752 12.45
    endloop
  endfacet
  facet normal 0 0 1
    outer loop
      vertex -41.9839 89.7849 12.45
      vertex -40.9069 91.4752 12.45
      vertex -41.2227 91.7068 12.45
    endloop
  endfacet
  facet normal 0 0 1
    outer loop
      vertex -40.5637 91.2869 12.45
      vertex -41.4107 89.4704 12.45
      vertex -40.8014 89.2335 12.45
    endloop
  endfacet
  facet normal 0 0 1
    outer loop
      vertex -42.511 90.1714 12.45
      vertex -41.2227 91.7068 12.45
      vertex -41.5056 91.9776 12.45
    endloop
  endfacet
  facet normal 0 0 1
    outer loop
      vertex -42.9833 90.6235 12.45
      vertex -41.5056 91.9776 12.45
      vertex -41.7507 92.283 12.45
    endloop
  endfacet
  facet normal 0 0 1
    outer loop
      vertex -43.3926 91.1334 12.45
      vertex -41.7507 92.283 12.45
      vertex -41.9538 92.6177 12.45
    endloop
  endfacet
  facet normal 0 0 1
    outer loop
      vertex -40.9069 91.4752 12.45
      vertex -41.9839 89.7849 12.45
      vertex -41.4107 89.4704 12.45
    endloop
  endfacet
  facet normal 0 0 1
    outer loop
      vertex -43.7316 91.6922 12.45
      vertex -41.9538 92.6177 12.45
      vertex -42.1116 92.9762 12.45
    endloop
  endfacet
  facet normal 0 0 1
    outer loop
      vertex -43.9949 92.2906 12.45
      vertex -42.1116 92.9762 12.45
      vertex -42.2211 93.352 12.45
    endloop
  endfacet
  facet normal 0 0 1
    outer loop
      vertex -44.1779 92.9183 12.45
      vertex -42.2211 93.352 12.45
      vertex -42.2807 93.7392 12.45
    endloop
  endfacet
  facet normal 0 0 1
    outer loop
      vertex -41.2227 91.7068 12.45
      vertex -42.511 90.1714 12.45
      vertex -41.9839 89.7849 12.45
    endloop
  endfacet
  facet normal 0 0 1
    outer loop
      vertex -44.2774 93.5644 12.45
      vertex -42.2807 93.7392 12.45
      vertex -42.2892 94.1306 12.45
    endloop
  endfacet
  facet normal 0 0 1
    outer loop
      vertex -30.2814 173.933 12.45
      vertex -42.2359 94.6176 12.45
      vertex -28.3117 173.585 12.45
    endloop
  endfacet
  facet normal 0 0 1
    outer loop
      vertex -41.5056 91.9776 12.45
      vertex -42.9833 90.6235 12.45
      vertex -42.511 90.1714 12.45
    endloop
  endfacet
  facet normal 0 0 1
    outer loop
      vertex -44.2169 94.9005 12.45
      vertex -42.2892 94.1306 12.45
      vertex -42.2359 94.6176 12.45
    endloop
  endfacet
  facet normal -0 0 1
    outer loop
      vertex -44.2169 94.9005 12.45
      vertex -42.2359 94.6176 12.45
      vertex -30.2814 173.933 12.45
    endloop
  endfacet
  facet normal 0 0 1
    outer loop
      vertex -42.2892 94.1306 12.45
      vertex -44.2169 94.9005 12.45
      vertex -44.2916 94.218 12.45
    endloop
  endfacet
  facet normal 0 0 1
    outer loop
      vertex -41.7507 92.283 12.45
      vertex -43.3926 91.1334 12.45
      vertex -42.9833 90.6235 12.45
    endloop
  endfacet
  facet normal 0 0 1
    outer loop
      vertex -41.9538 92.6177 12.45
      vertex -43.7316 91.6922 12.45
      vertex -43.3926 91.1334 12.45
    endloop
  endfacet
  facet normal 0 0 1
    outer loop
      vertex -42.1116 92.9762 12.45
      vertex -43.9949 92.2906 12.45
      vertex -43.7316 91.6922 12.45
    endloop
  endfacet
  facet normal 0 0 1
    outer loop
      vertex -42.2211 93.352 12.45
      vertex -44.1779 92.9183 12.45
      vertex -43.9949 92.2906 12.45
    endloop
  endfacet
  facet normal 0 0 1
    outer loop
      vertex -42.2807 93.7392 12.45
      vertex -44.2774 93.5644 12.45
      vertex -44.1779 92.9183 12.45
    endloop
  endfacet
  facet normal 0 0 1
    outer loop
      vertex -42.2892 94.1306 12.45
      vertex -44.2916 94.218 12.45
      vertex -44.2774 93.5644 12.45
    endloop
  endfacet
  facet normal -0 0 1
    outer loop
      vertex 15.821 244.424 12.45
      vertex 27.8503 187.72 12.45
      vertex 17.7792 244.836 12.45
    endloop
  endfacet
  facet normal -0 0 1
    outer loop
      vertex 15.7045 244.9 12.45
      vertex 17.7792 244.836 12.45
      vertex 17.616 245.503 12.45
    endloop
  endfacet
  facet normal 0 0 1
    outer loop
      vertex 15.7045 244.9 12.45
      vertex 17.616 245.503 12.45
      vertex 17.3791 246.112 12.45
    endloop
  endfacet
  facet normal 0 0 1
    outer loop
      vertex 15.5626 245.265 12.45
      vertex 17.3791 246.112 12.45
      vertex 17.0646 246.685 12.45
    endloop
  endfacet
  facet normal 0 0 1
    outer loop
      vertex 15.3743 245.608 12.45
      vertex 17.0646 246.685 12.45
      vertex 16.6781 247.213 12.45
    endloop
  endfacet
  facet normal 0 0 1
    outer loop
      vertex 15.1427 245.924 12.45
      vertex 16.6781 247.213 12.45
      vertex 16.226 247.685 12.45
    endloop
  endfacet
  facet normal 0 0 1
    outer loop
      vertex 27.8503 187.72 12.45
      vertex 15.821 244.424 12.45
      vertex 25.8807 187.373 12.45
    endloop
  endfacet
  facet normal 0 0 1
    outer loop
      vertex 14.8719 246.207 12.45
      vertex 16.226 247.685 12.45
      vertex 15.7161 248.094 12.45
    endloop
  endfacet
  facet normal 0 0 1
    outer loop
      vertex 17.7792 244.836 12.45
      vertex 15.7045 244.9 12.45
      vertex 15.821 244.424 12.45
    endloop
  endfacet
  facet normal 0 0 1
    outer loop
      vertex 17.3791 246.112 12.45
      vertex 15.5626 245.265 12.45
      vertex 15.7045 244.9 12.45
    endloop
  endfacet
  facet normal 0 0 1
    outer loop
      vertex 17.0646 246.685 12.45
      vertex 15.3743 245.608 12.45
      vertex 15.5626 245.265 12.45
    endloop
  endfacet
  facet normal 0 0 1
    outer loop
      vertex 14.5665 246.452 12.45
      vertex 15.7161 248.094 12.45
      vertex 15.1573 248.433 12.45
    endloop
  endfacet
  facet normal 0 0 1
    outer loop
      vertex 16.6781 247.213 12.45
      vertex 15.1427 245.924 12.45
      vertex 15.3743 245.608 12.45
    endloop
  endfacet
  facet normal 0 0 1
    outer loop
      vertex 16.226 247.685 12.45
      vertex 14.8719 246.207 12.45
      vertex 15.1427 245.924 12.45
    endloop
  endfacet
  facet normal 0 0 1
    outer loop
      vertex 15.7161 248.094 12.45
      vertex 14.5665 246.452 12.45
      vertex 14.8719 246.207 12.45
    endloop
  endfacet
  facet normal 0 0 1
    outer loop
      vertex 14.2318 246.655 12.45
      vertex 15.1573 248.433 12.45
      vertex 14.5589 248.696 12.45
    endloop
  endfacet
  facet normal 0 0 1
    outer loop
      vertex 15.1573 248.433 12.45
      vertex 14.2318 246.655 12.45
      vertex 14.5665 246.452 12.45
    endloop
  endfacet
  facet normal 0 0 1
    outer loop
      vertex 13.8733 246.813 12.45
      vertex 14.5589 248.696 12.45
      vertex 13.9312 248.879 12.45
    endloop
  endfacet
  facet normal 0 0 1
    outer loop
      vertex 14.5589 248.696 12.45
      vertex 13.8733 246.813 12.45
      vertex 14.2318 246.655 12.45
    endloop
  endfacet
  facet normal 0 0 1
    outer loop
      vertex 13.9312 248.879 12.45
      vertex 13.4975 246.923 12.45
      vertex 13.8733 246.813 12.45
    endloop
  endfacet
  facet normal 0 0 1
    outer loop
      vertex 13.2743 248.98 12.45
      vertex 13.4975 246.923 12.45
      vertex 13.9312 248.879 12.45
    endloop
  endfacet
  facet normal 0 0 1
    outer loop
      vertex 13.2743 248.98 12.45
      vertex 13.0779 246.987 12.45
      vertex 13.4975 246.923 12.45
    endloop
  endfacet
  facet normal 0 0 1
    outer loop
      vertex 12.8275 249 12.45
      vertex 13.0779 246.987 12.45
      vertex 13.2743 248.98 12.45
    endloop
  endfacet
  facet normal 0 0 1
    outer loop
      vertex 12.8275 249 12.45
      vertex 12.784 247 12.45
      vertex 13.0779 246.987 12.45
    endloop
  endfacet
  facet normal -0 0 1
    outer loop
      vertex 7 249 12.45
      vertex 12.784 247 12.45
      vertex 12.8275 249 12.45
    endloop
  endfacet
  facet normal 0 0 1
    outer loop
      vertex 12.784 247 12.45
      vertex 7 249 12.45
      vertex 7 247 12.45
    endloop
  endfacet
  facet normal 0 0 1
    outer loop
      vertex -7 249 12.45
      vertex -12.7513 247 12.45
      vertex -7 247 12.45
    endloop
  endfacet
  facet normal -0 0 1
    outer loop
      vertex -12.8167 249 12.45
      vertex -12.7513 247 12.45
      vertex -7 249 12.45
    endloop
  endfacet
  facet normal 0 0 1
    outer loop
      vertex -12.8167 249 12.45
      vertex -13.2402 246.968 12.45
      vertex -12.7513 247 12.45
    endloop
  endfacet
  facet normal -0 0 1
    outer loop
      vertex -13.5018 248.955 12.45
      vertex -13.2402 246.968 12.45
      vertex -12.8167 249 12.45
    endloop
  endfacet
  facet normal 0 0 1
    outer loop
      vertex -13.5018 248.955 12.45
      vertex -13.6243 246.892 12.45
      vertex -13.2402 246.968 12.45
    endloop
  endfacet
  facet normal -0 0 1
    outer loop
      vertex -14.1431 248.828 12.45
      vertex -13.6243 246.892 12.45
      vertex -13.5018 248.955 12.45
    endloop
  endfacet
  facet normal 0 0 1
    outer loop
      vertex -13.6243 246.892 12.45
      vertex -14.1431 248.828 12.45
      vertex -13.995 246.766 12.45
    endloop
  endfacet
  facet normal -0 0 1
    outer loop
      vertex -14.762 248.617 12.45
      vertex -13.995 246.766 12.45
      vertex -14.1431 248.828 12.45
    endloop
  endfacet
  facet normal 0 0 1
    outer loop
      vertex -13.995 246.766 12.45
      vertex -14.762 248.617 12.45
      vertex -14.3462 246.592 12.45
    endloop
  endfacet
  facet normal -0 0 1
    outer loop
      vertex -15.3485 248.328 12.45
      vertex -14.3462 246.592 12.45
      vertex -14.762 248.617 12.45
    endloop
  endfacet
  facet normal 0 0 1
    outer loop
      vertex -14.3462 246.592 12.45
      vertex -15.3485 248.328 12.45
      vertex -14.6719 246.375 12.45
    endloop
  endfacet
  facet normal -0 0 1
    outer loop
      vertex -15.892 247.965 12.45
      vertex -14.6719 246.375 12.45
      vertex -15.3485 248.328 12.45
    endloop
  endfacet
  facet normal 0 0 1
    outer loop
      vertex -14.6719 246.375 12.45
      vertex -15.892 247.965 12.45
      vertex -14.9662 246.117 12.45
    endloop
  endfacet
  facet normal -0 0 1
    outer loop
      vertex -16.3835 247.534 12.45
      vertex -14.9662 246.117 12.45
      vertex -15.892 247.965 12.45
    endloop
  endfacet
  facet normal 0 0 1
    outer loop
      vertex -14.9662 246.117 12.45
      vertex -16.3835 247.534 12.45
      vertex -15.2244 245.822 12.45
    endloop
  endfacet
  facet normal -0 0 1
    outer loop
      vertex -16.8145 247.043 12.45
      vertex -15.2244 245.822 12.45
      vertex -16.3835 247.534 12.45
    endloop
  endfacet
  facet normal 0 0 1
    outer loop
      vertex -15.2244 245.822 12.45
      vertex -16.8145 247.043 12.45
      vertex -15.442 245.497 12.45
    endloop
  endfacet
  facet normal -0 0 1
    outer loop
      vertex -17.1777 246.499 12.45
      vertex -15.442 245.497 12.45
      vertex -16.8145 247.043 12.45
    endloop
  endfacet
  facet normal 0 0 1
    outer loop
      vertex -15.442 245.497 12.45
      vertex -17.1777 246.499 12.45
      vertex -15.6152 245.146 12.45
    endloop
  endfacet
  facet normal -0 0 1
    outer loop
      vertex -17.4669 245.913 12.45
      vertex -15.6152 245.146 12.45
      vertex -17.1777 246.499 12.45
    endloop
  endfacet
  facet normal -0 0 1
    outer loop
      vertex -17.6806 245.283 12.45
      vertex -15.6152 245.146 12.45
      vertex -17.4669 245.913 12.45
    endloop
  endfacet
  facet normal 0 0 1
    outer loop
      vertex -15.6152 245.146 12.45
      vertex -17.6806 245.283 12.45
      vertex -15.7516 244.744 12.45
    endloop
  endfacet
  facet normal -0 0 1
    outer loop
      vertex -17.7773 244.847 12.45
      vertex -15.7516 244.744 12.45
      vertex -17.6806 245.283 12.45
    endloop
  endfacet
  facet normal 0 0 1
    outer loop
      vertex -15.7516 244.744 12.45
      vertex -17.7773 244.847 12.45
      vertex -15.8152 244.457 12.45
    endloop
  endfacet
  facet normal 0 0 1
    outer loop
      vertex -27.8503 187.72 12.45
      vertex -15.8152 244.457 12.45
      vertex -17.7773 244.847 12.45
    endloop
  endfacet
  facet normal 0 0 1
    outer loop
      vertex -15.8152 244.457 12.45
      vertex -27.8503 187.72 12.45
      vertex -25.8807 187.373 12.45
    endloop
  endfacet
  facet normal 0 -1 0
    outer loop
      vertex -12.7513 247 12.45
      vertex -7 247 4.45
      vertex -7 247 12.45
    endloop
  endfacet
  facet normal 0 -1 -0
    outer loop
      vertex -7 247 4.45
      vertex -12.7513 247 2
      vertex 7 247 4.45
    endloop
  endfacet
  facet normal 0 -1 0
    outer loop
      vertex -12.7513 247 2
      vertex -7 247 4.45
      vertex -12.7513 247 12.45
    endloop
  endfacet
  facet normal 0 -1 0
    outer loop
      vertex 7 247 4.45
      vertex 12.784 247 12.45
      vertex 7 247 12.45
    endloop
  endfacet
  facet normal 0 -1 0
    outer loop
      vertex 7 247 4.45
      vertex 12.784 247 2
      vertex 12.784 247 12.45
    endloop
  endfacet
  facet normal 0 -1 0
    outer loop
      vertex 12.784 247 2
      vertex 7 247 4.45
      vertex -12.7513 247 2
    endloop
  endfacet
  facet normal -0.831421 0.555643 0
    outer loop
      vertex 41.6734 92.1776 2
      vertex 41.891 92.5032 12.45
      vertex 41.891 92.5032 2
    endloop
  endfacet
  facet normal -0.831421 0.555643 0
    outer loop
      vertex 41.891 92.5032 12.45
      vertex 41.6734 92.1776 2
      vertex 41.6734 92.1776 12.45
    endloop
  endfacet
  facet normal 0 1 -0
    outer loop
      vertex 39.2003 91 2
      vertex -39.1675 91 12.45
      vertex 39.2003 91 12.45
    endloop
  endfacet
  facet normal 0 1 0
    outer loop
      vertex -39.1675 91 12.45
      vertex 39.2003 91 2
      vertex -39.1675 91 2
    endloop
  endfacet
  facet normal -0.403295 -0.91507 0
    outer loop
      vertex 13.8733 246.813 2
      vertex 14.2318 246.655 12.45
      vertex 13.8733 246.813 12.45
    endloop
  endfacet
  facet normal -0.403295 -0.91507 -0
    outer loop
      vertex 14.2318 246.655 12.45
      vertex 13.8733 246.813 2
      vertex 14.2318 246.655 2
    endloop
  endfacet
  facet normal 0.481016 0.876712 -0
    outer loop
      vertex -40.5637 91.2869 2
      vertex -40.9069 91.4752 12.45
      vertex -40.5637 91.2869 12.45
    endloop
  endfacet
  facet normal 0.481016 0.876712 0
    outer loop
      vertex -40.9069 91.4752 12.45
      vertex -40.5637 91.2869 2
      vertex -40.9069 91.4752 2
    endloop
  endfacet
  facet normal 0.976315 -0.216354 0
    outer loop
      vertex -15.8152 244.457 12.45
      vertex -15.7516 244.744 2
      vertex -15.7516 244.744 12.45
    endloop
  endfacet
  facet normal 0.976315 -0.216354 0
    outer loop
      vertex -15.7516 244.744 2
      vertex -15.8152 244.457 12.45
      vertex -15.8152 244.457 2
    endloop
  endfacet
  facet normal -0.932043 -0.362348 0
    outer loop
      vertex 15.7045 244.9 2
      vertex 15.5626 245.265 12.45
      vertex 15.5626 245.265 2
    endloop
  endfacet
  facet normal -0.932043 -0.362348 0
    outer loop
      vertex 15.5626 245.265 12.45
      vertex 15.7045 244.9 2
      vertex 15.7045 244.9 12.45
    endloop
  endfacet
  facet normal -0.442202 0.896915 0
    outer loop
      vertex 40.7953 91.4075 2
      vertex 40.444 91.2343 12.45
      vertex 40.7953 91.4075 12.45
    endloop
  endfacet
  facet normal -0.442202 0.896915 0
    outer loop
      vertex 40.444 91.2343 12.45
      vertex 40.7953 91.4075 2
      vertex 40.444 91.2343 2
    endloop
  endfacet
  facet normal 0.194102 -0.980981 0
    outer loop
      vertex -13.6243 246.892 2
      vertex -13.2402 246.968 12.45
      vertex -13.6243 246.892 12.45
    endloop
  endfacet
  facet normal 0.194102 -0.980981 0
    outer loop
      vertex -13.2402 246.968 12.45
      vertex -13.6243 246.892 2
      vertex -13.2402 246.968 2
    endloop
  endfacet
  facet normal 0.362434 0.932009 -0
    outer loop
      vertex -40.1988 91.145 2
      vertex -40.5637 91.2869 12.45
      vertex -40.1988 91.145 12.45
    endloop
  endfacet
  facet normal 0.362434 0.932009 0
    outer loop
      vertex -40.5637 91.2869 12.45
      vertex -40.1988 91.145 2
      vertex -40.5637 91.2869 2
    endloop
  endfacet
  facet normal -0.19533 0.980737 0
    outer loop
      vertex 40.0733 91.1085 2
      vertex 39.6892 91.032 12.45
      vertex 40.0733 91.1085 12.45
    endloop
  endfacet
  facet normal -0.19533 0.980737 0
    outer loop
      vertex 39.6892 91.032 12.45
      vertex 40.0733 91.1085 2
      vertex 39.6892 91.032 2
    endloop
  endfacet
  facet normal -0.555525 0.8315 0
    outer loop
      vertex 41.121 91.6251 2
      vertex 40.7953 91.4075 12.45
      vertex 41.121 91.6251 12.45
    endloop
  endfacet
  facet normal -0.555525 0.8315 0
    outer loop
      vertex 40.7953 91.4075 12.45
      vertex 41.121 91.6251 2
      vertex 40.7953 91.4075 2
    endloop
  endfacet
  facet normal -0.659354 0.751832 0
    outer loop
      vertex 41.4153 91.8832 2
      vertex 41.121 91.6251 12.45
      vertex 41.4153 91.8832 12.45
    endloop
  endfacet
  facet normal -0.659354 0.751832 0
    outer loop
      vertex 41.121 91.6251 12.45
      vertex 41.4153 91.8832 2
      vertex 41.121 91.6251 2
    endloop
  endfacet
  facet normal -0.984808 -0.173649 0
    outer loop
      vertex 15.821 244.424 2
      vertex 25.8807 187.373 4.45
      vertex 15.821 244.424 12.45
    endloop
  endfacet
  facet normal -0.98481 -0.173635 0.000354578
    outer loop
      vertex 15.821 244.424 2
      vertex 28.3117 173.585 4.45
      vertex 25.8807 187.373 4.45
    endloop
  endfacet
  facet normal -0.984808 -0.173648 -5.15744e-05
    outer loop
      vertex 42.2302 94.65 2
      vertex 28.3117 173.585 4.45
      vertex 15.821 244.424 2
    endloop
  endfacet
  facet normal -0.984807 -0.17365 -0
    outer loop
      vertex 42.2302 94.65 12.45
      vertex 28.3117 173.585 4.45
      vertex 42.2302 94.65 2
    endloop
  endfacet
  facet normal -0.984807 -0.17365 0
    outer loop
      vertex 28.3117 173.585 4.45
      vertex 42.2302 94.65 12.45
      vertex 28.3117 173.585 12.45
    endloop
  endfacet
  facet normal -0.984808 -0.173649 0
    outer loop
      vertex 15.821 244.424 12.45
      vertex 25.8807 187.373 4.45
      vertex 25.8807 187.373 12.45
    endloop
  endfacet
  facet normal -0.150782 -0.988567 0
    outer loop
      vertex 13.0779 246.987 2
      vertex 13.4975 246.923 12.45
      vertex 13.0779 246.987 12.45
    endloop
  endfacet
  facet normal -0.150782 -0.988567 -0
    outer loop
      vertex 13.4975 246.923 12.45
      vertex 13.0779 246.987 2
      vertex 13.4975 246.923 2
    endloop
  endfacet
  facet normal -0.722509 -0.691362 0
    outer loop
      vertex 15.1427 245.924 2
      vertex 14.8719 246.207 12.45
      vertex 14.8719 246.207 2
    endloop
  endfacet
  facet normal -0.722509 -0.691362 0
    outer loop
      vertex 14.8719 246.207 12.45
      vertex 15.1427 245.924 2
      vertex 15.1427 245.924 12.45
    endloop
  endfacet
  facet normal 0.237745 0.971328 -0
    outer loop
      vertex -39.8503 91.0597 2
      vertex -40.1988 91.145 12.45
      vertex -39.8503 91.0597 12.45
    endloop
  endfacet
  facet normal 0.237745 0.971328 0
    outer loop
      vertex -40.1988 91.145 12.45
      vertex -39.8503 91.0597 2
      vertex -40.1988 91.145 2
    endloop
  endfacet
  facet normal -0.0653133 0.997865 0
    outer loop
      vertex 39.6892 91.032 2
      vertex 39.2003 91 12.45
      vertex 39.6892 91.032 12.45
    endloop
  endfacet
  facet normal -0.0653133 0.997865 0
    outer loop
      vertex 39.2003 91 12.45
      vertex 39.6892 91.032 2
      vertex 39.2003 91 2
    endloop
  endfacet
  facet normal 0.984808 -0.17365 0
    outer loop
      vertex -28.3117 173.585 12.45
      vertex -42.2359 94.6176 12.45
      vertex -28.3117 173.585 4.45
    endloop
  endfacet
  facet normal 0.984808 -0.173649 0
    outer loop
      vertex -25.8807 187.373 4.45
      vertex -15.8152 244.457 12.45
      vertex -25.8807 187.373 12.45
    endloop
  endfacet
  facet normal 0.984808 -0.173649 0
    outer loop
      vertex -15.8152 244.457 12.45
      vertex -25.8807 187.373 4.45
      vertex -15.8152 244.457 2
    endloop
  endfacet
  facet normal 0.98481 -0.173635 0.000347214
    outer loop
      vertex -28.3117 173.585 4.45
      vertex -15.8152 244.457 2
      vertex -25.8807 187.373 4.45
    endloop
  endfacet
  facet normal 0.984808 -0.173648 -5.30845e-05
    outer loop
      vertex -28.3117 173.585 4.45
      vertex -42.2359 94.6176 2
      vertex -15.8152 244.457 2
    endloop
  endfacet
  facet normal 0.984808 -0.17365 0
    outer loop
      vertex -42.2359 94.6176 2
      vertex -28.3117 173.585 4.45
      vertex -42.2359 94.6176 12.45
    endloop
  endfacet
  facet normal -0.625753 -0.780021 0
    outer loop
      vertex 14.5665 246.452 2
      vertex 14.8719 246.207 12.45
      vertex 14.5665 246.452 12.45
    endloop
  endfacet
  facet normal -0.625753 -0.780021 -0
    outer loop
      vertex 14.8719 246.207 12.45
      vertex 14.5665 246.452 2
      vertex 14.8719 246.207 2
    endloop
  endfacet
  facet normal 0.830947 -0.556351 0
    outer loop
      vertex -15.442 245.497 12.45
      vertex -15.2244 245.822 2
      vertex -15.2244 245.822 12.45
    endloop
  endfacet
  facet normal 0.830947 -0.556351 0
    outer loop
      vertex -15.2244 245.822 2
      vertex -15.442 245.497 12.45
      vertex -15.442 245.497 2
    endloop
  endfacet
  facet normal -0.518585 -0.855026 0
    outer loop
      vertex 14.2318 246.655 2
      vertex 14.5665 246.452 12.45
      vertex 14.2318 246.655 12.45
    endloop
  endfacet
  facet normal -0.518585 -0.855026 -0
    outer loop
      vertex 14.5665 246.452 12.45
      vertex 14.2318 246.655 2
      vertex 14.5665 246.452 2
    endloop
  endfacet
  facet normal 0.443945 -0.896054 0
    outer loop
      vertex -14.3462 246.592 2
      vertex -13.995 246.766 12.45
      vertex -14.3462 246.592 12.45
    endloop
  endfacet
  facet normal 0.443945 -0.896054 0
    outer loop
      vertex -13.995 246.766 12.45
      vertex -14.3462 246.592 2
      vertex -13.995 246.766 2
    endloop
  endfacet
  facet normal -0.996201 -0.0870891 0
    outer loop
      vertex 42.2899 93.9671 2
      vertex 42.2302 94.65 12.45
      vertex 42.2302 94.65 2
    endloop
  endfacet
  facet normal -0.996201 -0.0870891 0
    outer loop
      vertex 42.2302 94.65 12.45
      vertex 42.2899 93.9671 2
      vertex 42.2899 93.9671 12.45
    endloop
  endfacet
  facet normal -0.94688 0.321587 0
    outer loop
      vertex 42.0642 92.8545 2
      vertex 42.1901 93.2252 12.45
      vertex 42.1901 93.2252 2
    endloop
  endfacet
  facet normal -0.94688 0.321587 0
    outer loop
      vertex 42.1901 93.2252 12.45
      vertex 42.0642 92.8545 2
      vertex 42.0642 92.8545 12.45
    endloop
  endfacet
  facet normal -0.751943 0.659228 0
    outer loop
      vertex 41.4153 91.8832 2
      vertex 41.6734 92.1776 12.45
      vertex 41.6734 92.1776 2
    endloop
  endfacet
  facet normal -0.751943 0.659228 0
    outer loop
      vertex 41.6734 92.1776 12.45
      vertex 41.4153 91.8832 2
      vertex 41.4153 91.8832 12.45
    endloop
  endfacet
  facet normal 0.0871018 0.996199 -0
    outer loop
      vertex -39.1675 91 2
      vertex -39.8503 91.0597 12.45
      vertex -39.1675 91 12.45
    endloop
  endfacet
  facet normal 0.0871018 0.996199 0
    outer loop
      vertex -39.8503 91.0597 12.45
      vertex -39.1675 91 2
      vertex -39.8503 91.0597 2
    endloop
  endfacet
  facet normal 0.98836 0.152134 0
    outer loop
      vertex -42.2211 93.352 12.45
      vertex -42.2807 93.7392 2
      vertex -42.2807 93.7392 12.45
    endloop
  endfacet
  facet normal 0.98836 0.152134 0
    outer loop
      vertex -42.2807 93.7392 2
      vertex -42.2211 93.352 12.45
      vertex -42.2211 93.352 2
    endloop
  endfacet
  facet normal 0.321816 -0.946802 0
    outer loop
      vertex -13.995 246.766 2
      vertex -13.6243 246.892 12.45
      vertex -13.995 246.766 12.45
    endloop
  endfacet
  facet normal 0.321816 -0.946802 0
    outer loop
      vertex -13.6243 246.892 12.45
      vertex -13.995 246.766 2
      vertex -13.6243 246.892 2
    endloop
  endfacet
  facet normal 0.994064 -0.108796 0
    outer loop
      vertex -42.2892 94.1306 12.45
      vertex -42.2359 94.6176 2
      vertex -42.2359 94.6176 12.45
    endloop
  endfacet
  facet normal 0.994064 -0.108796 0
    outer loop
      vertex -42.2359 94.6176 2
      vertex -42.2892 94.1306 12.45
      vertex -42.2892 94.1306 2
    endloop
  endfacet
  facet normal 0.896765 -0.442506 0
    outer loop
      vertex -15.6152 245.146 12.45
      vertex -15.442 245.497 2
      vertex -15.442 245.497 12.45
    endloop
  endfacet
  facet normal 0.896765 -0.442506 0
    outer loop
      vertex -15.442 245.497 2
      vertex -15.6152 245.146 12.45
      vertex -15.6152 245.146 2
    endloop
  endfacet
  facet normal -0.971331 -0.237731 0
    outer loop
      vertex 15.821 244.424 2
      vertex 15.7045 244.9 12.45
      vertex 15.7045 244.9 2
    endloop
  endfacet
  facet normal -0.971331 -0.237731 0
    outer loop
      vertex 15.7045 244.9 12.45
      vertex 15.821 244.424 2
      vertex 15.821 244.424 12.45
    endloop
  endfacet
  facet normal 0.752482 -0.658613 0
    outer loop
      vertex -15.2244 245.822 12.45
      vertex -14.9662 246.117 2
      vertex -14.9662 246.117 12.45
    endloop
  endfacet
  facet normal 0.752482 -0.658613 0
    outer loop
      vertex -14.9662 246.117 2
      vertex -15.2244 245.822 12.45
      vertex -15.2244 245.822 2
    endloop
  endfacet
  facet normal -0.876593 -0.481232 0
    outer loop
      vertex 15.5626 245.265 2
      vertex 15.3743 245.608 12.45
      vertex 15.3743 245.608 2
    endloop
  endfacet
  facet normal -0.876593 -0.481232 0
    outer loop
      vertex 15.3743 245.608 12.45
      vertex 15.5626 245.265 2
      vertex 15.5626 245.265 12.45
    endloop
  endfacet
  facet normal 0.960074 0.279745 0
    outer loop
      vertex -42.1116 92.9762 12.45
      vertex -42.2211 93.352 2
      vertex -42.2211 93.352 12.45
    endloop
  endfacet
  facet normal 0.960074 0.279745 0
    outer loop
      vertex -42.2211 93.352 2
      vertex -42.1116 92.9762 12.45
      vertex -42.1116 92.9762 2
    endloop
  endfacet
  facet normal 0 0 1
    outer loop
      vertex 6.46447 214.464 2
      vertex -6.46447 214.464 2
      vertex 6.95619 214.033 2
    endloop
  endfacet
  facet normal 0 0 1
    outer loop
      vertex 7.5 124.33 2
      vertex -5.04278 120.653 2
      vertex -5 120 2
    endloop
  endfacet
  facet normal 0 0 1
    outer loop
      vertex -6.95619 214.033 2
      vertex 6.95619 214.033 2
      vertex -6.46447 214.464 2
    endloop
  endfacet
  facet normal 0 0 1
    outer loop
      vertex 7.5 124.33 2
      vertex -5.17037 121.294 2
      vertex -5.04278 120.653 2
    endloop
  endfacet
  facet normal 0 0 1
    outer loop
      vertex 6.95619 214.033 2
      vertex -6.95619 214.033 2
      vertex 7.5 213.67 2
    endloop
  endfacet
  facet normal 0 0 1
    outer loop
      vertex 7.5 124.33 2
      vertex -5.3806 121.913 2
      vertex -5.17037 121.294 2
    endloop
  endfacet
  facet normal 0 0 1
    outer loop
      vertex -7.5 213.67 2
      vertex 7.5 213.67 2
      vertex -6.95619 214.033 2
    endloop
  endfacet
  facet normal 0 0 1
    outer loop
      vertex 7.5 124.33 2
      vertex -5.66987 122.5 2
      vertex -5.3806 121.913 2
    endloop
  endfacet
  facet normal 0 0 1
    outer loop
      vertex 7.5 213.67 2
      vertex -7.5 213.67 2
      vertex 8.08658 213.381 2
    endloop
  endfacet
  facet normal 0 0 1
    outer loop
      vertex 7.5 124.33 2
      vertex -6.03323 123.044 2
      vertex -5.66987 122.5 2
    endloop
  endfacet
  facet normal 0 0 1
    outer loop
      vertex -8.08658 213.381 2
      vertex 8.08658 213.381 2
      vertex -7.5 213.67 2
    endloop
  endfacet
  facet normal 0 0 1
    outer loop
      vertex 7.5 124.33 2
      vertex -6.46447 123.536 2
      vertex -6.03323 123.044 2
    endloop
  endfacet
  facet normal 0 0 1
    outer loop
      vertex -8.7059 213.17 2
      vertex 8.08658 213.381 2
      vertex -8.08658 213.381 2
    endloop
  endfacet
  facet normal 0 0 1
    outer loop
      vertex 7.5 124.33 2
      vertex -6.95619 123.967 2
      vertex -6.46447 123.536 2
    endloop
  endfacet
  facet normal 0 0 1
    outer loop
      vertex 8.08658 213.381 2
      vertex -8.7059 213.17 2
      vertex 8.08658 124.619 2
    endloop
  endfacet
  facet normal 0 0 1
    outer loop
      vertex 7.5 124.33 2
      vertex -7.5 124.33 2
      vertex -6.95619 123.967 2
    endloop
  endfacet
  facet normal -0 0 1
    outer loop
      vertex -8.7059 124.83 2
      vertex 8.08658 124.619 2
      vertex -8.7059 213.17 2
    endloop
  endfacet
  facet normal 0 0 1
    outer loop
      vertex 7.5 124.33 2
      vertex -8.08658 124.619 2
      vertex -7.5 124.33 2
    endloop
  endfacet
  facet normal 0 -0 1
    outer loop
      vertex -8.08658 124.619 2
      vertex 8.08658 124.619 2
      vertex -8.7059 124.83 2
    endloop
  endfacet
  facet normal 0 0 1
    outer loop
      vertex 8.08658 124.619 2
      vertex -8.08658 124.619 2
      vertex 7.5 124.33 2
    endloop
  endfacet
  facet normal -0 0 1
    outer loop
      vertex -9.34737 213.043 2
      vertex -8.7059 124.83 2
      vertex -8.7059 213.17 2
    endloop
  endfacet
  facet normal 0 0 1
    outer loop
      vertex -9.34737 213.043 2
      vertex -9.34737 124.957 2
      vertex -8.7059 124.83 2
    endloop
  endfacet
  facet normal -0 0 1
    outer loop
      vertex -10 213 2
      vertex -9.34737 124.957 2
      vertex -9.34737 213.043 2
    endloop
  endfacet
  facet normal 0 0 1
    outer loop
      vertex -10 213 2
      vertex -10 125 2
      vertex -9.34737 124.957 2
    endloop
  endfacet
  facet normal 0 0 1
    outer loop
      vertex -10.6526 213.043 2
      vertex -10 125 2
      vertex -10 213 2
    endloop
  endfacet
  facet normal 0 0 1
    outer loop
      vertex -10.6526 213.043 2
      vertex -10.6526 124.957 2
      vertex -10 125 2
    endloop
  endfacet
  facet normal 0 0 1
    outer loop
      vertex -11.2941 213.17 2
      vertex -10.6526 124.957 2
      vertex -10.6526 213.043 2
    endloop
  endfacet
  facet normal 0 0 1
    outer loop
      vertex -11.2941 213.17 2
      vertex -11.2941 124.83 2
      vertex -10.6526 124.957 2
    endloop
  endfacet
  facet normal 0 0 1
    outer loop
      vertex -11.9134 213.381 2
      vertex -11.2941 124.83 2
      vertex -11.2941 213.17 2
    endloop
  endfacet
  facet normal 0 0 1
    outer loop
      vertex -11.9134 213.381 2
      vertex -11.9134 124.619 2
      vertex -11.2941 124.83 2
    endloop
  endfacet
  facet normal 0 0 1
    outer loop
      vertex -12.5 213.67 2
      vertex -11.9134 124.619 2
      vertex -11.9134 213.381 2
    endloop
  endfacet
  facet normal 0 0 1
    outer loop
      vertex -12.5 213.67 2
      vertex -12.5 124.33 2
      vertex -11.9134 124.619 2
    endloop
  endfacet
  facet normal 0 0 1
    outer loop
      vertex -13.0438 214.033 2
      vertex -12.5 124.33 2
      vertex -12.5 213.67 2
    endloop
  endfacet
  facet normal 0 0 1
    outer loop
      vertex -13.0438 214.033 2
      vertex -13.0438 123.967 2
      vertex -12.5 124.33 2
    endloop
  endfacet
  facet normal 0 0 1
    outer loop
      vertex -13.5355 214.464 2
      vertex -13.0438 123.967 2
      vertex -13.0438 214.033 2
    endloop
  endfacet
  facet normal 0 0 1
    outer loop
      vertex -13.5355 214.464 2
      vertex -13.5355 123.536 2
      vertex -13.0438 123.967 2
    endloop
  endfacet
  facet normal 0 0 1
    outer loop
      vertex -13.9668 214.956 2
      vertex -13.5355 123.536 2
      vertex -13.5355 214.464 2
    endloop
  endfacet
  facet normal 0 0 1
    outer loop
      vertex -13.9668 214.956 2
      vertex -13.9668 123.044 2
      vertex -13.5355 123.536 2
    endloop
  endfacet
  facet normal 0 0 1
    outer loop
      vertex -14.3301 215.5 2
      vertex -13.9668 123.044 2
      vertex -13.9668 214.956 2
    endloop
  endfacet
  facet normal 0 0 1
    outer loop
      vertex -14.3301 215.5 2
      vertex -14.3301 122.5 2
      vertex -13.9668 123.044 2
    endloop
  endfacet
  facet normal 0 0 1
    outer loop
      vertex -42.2359 94.6176 2
      vertex -14.3301 215.5 2
      vertex -14.6194 216.087 2
    endloop
  endfacet
  facet normal 0 0 1
    outer loop
      vertex -14.3301 215.5 2
      vertex -42.2359 94.6176 2
      vertex -14.3301 122.5 2
    endloop
  endfacet
  facet normal 0 0 1
    outer loop
      vertex -42.2359 94.6176 2
      vertex -14.6194 216.087 2
      vertex -14.8296 216.706 2
    endloop
  endfacet
  facet normal 0 0 1
    outer loop
      vertex -14.3301 122.5 2
      vertex -42.2359 94.6176 2
      vertex -14.6194 121.913 2
    endloop
  endfacet
  facet normal 0 0 1
    outer loop
      vertex -42.2359 94.6176 2
      vertex -14.8296 216.706 2
      vertex -14.9572 217.347 2
    endloop
  endfacet
  facet normal 0 0 1
    outer loop
      vertex -14.6194 121.913 2
      vertex -42.2359 94.6176 2
      vertex -14.8296 121.294 2
    endloop
  endfacet
  facet normal 0 0 1
    outer loop
      vertex -42.2359 94.6176 2
      vertex -14.9572 217.347 2
      vertex -15 218 2
    endloop
  endfacet
  facet normal 0 0 1
    outer loop
      vertex -14.8296 121.294 2
      vertex -42.2359 94.6176 2
      vertex -14.9572 120.653 2
    endloop
  endfacet
  facet normal -0 0 1
    outer loop
      vertex 14.8296 216.706 2
      vertex 42.2302 94.65 2
      vertex 14.9572 217.347 2
    endloop
  endfacet
  facet normal 0 0 1
    outer loop
      vertex 42.2302 94.65 2
      vertex 14.9572 120.653 2
      vertex 15 120 2
    endloop
  endfacet
  facet normal -0 0 1
    outer loop
      vertex 14.6194 216.087 2
      vertex 42.2302 94.65 2
      vertex 14.8296 216.706 2
    endloop
  endfacet
  facet normal 0 0 1
    outer loop
      vertex 42.2302 94.65 2
      vertex 14.8296 121.294 2
      vertex 14.9572 120.653 2
    endloop
  endfacet
  facet normal -0 0 1
    outer loop
      vertex 14.3301 215.5 2
      vertex 42.2302 94.65 2
      vertex 14.6194 216.087 2
    endloop
  endfacet
  facet normal 0 0 1
    outer loop
      vertex 42.2302 94.65 2
      vertex 14.6194 121.913 2
      vertex 14.8296 121.294 2
    endloop
  endfacet
  facet normal -0 0 1
    outer loop
      vertex 14.3301 122.5 2
      vertex 42.2302 94.65 2
      vertex 14.3301 215.5 2
    endloop
  endfacet
  facet normal 0 0 1
    outer loop
      vertex 42.2302 94.65 2
      vertex 14.3301 122.5 2
      vertex 14.6194 121.913 2
    endloop
  endfacet
  facet normal -0 0 1
    outer loop
      vertex 13.9668 214.956 2
      vertex 14.3301 122.5 2
      vertex 14.3301 215.5 2
    endloop
  endfacet
  facet normal 0 0 1
    outer loop
      vertex 13.9668 214.956 2
      vertex 13.9668 123.044 2
      vertex 14.3301 122.5 2
    endloop
  endfacet
  facet normal -0 0 1
    outer loop
      vertex 13.5355 214.464 2
      vertex 13.9668 123.044 2
      vertex 13.9668 214.956 2
    endloop
  endfacet
  facet normal 0 0 1
    outer loop
      vertex 13.5355 214.464 2
      vertex 13.5355 123.536 2
      vertex 13.9668 123.044 2
    endloop
  endfacet
  facet normal -0 0 1
    outer loop
      vertex 13.0438 214.033 2
      vertex 13.5355 123.536 2
      vertex 13.5355 214.464 2
    endloop
  endfacet
  facet normal 0 0 1
    outer loop
      vertex 13.0438 214.033 2
      vertex 13.0438 123.967 2
      vertex 13.5355 123.536 2
    endloop
  endfacet
  facet normal -0 0 1
    outer loop
      vertex 12.5 213.67 2
      vertex 13.0438 123.967 2
      vertex 13.0438 214.033 2
    endloop
  endfacet
  facet normal 0 0 1
    outer loop
      vertex 12.5 213.67 2
      vertex 12.5 124.33 2
      vertex 13.0438 123.967 2
    endloop
  endfacet
  facet normal -0 0 1
    outer loop
      vertex 11.9134 213.381 2
      vertex 12.5 124.33 2
      vertex 12.5 213.67 2
    endloop
  endfacet
  facet normal 0 0 1
    outer loop
      vertex 11.9134 213.381 2
      vertex 11.9134 124.619 2
      vertex 12.5 124.33 2
    endloop
  endfacet
  facet normal -0 0 1
    outer loop
      vertex 11.2941 213.17 2
      vertex 11.9134 124.619 2
      vertex 11.9134 213.381 2
    endloop
  endfacet
  facet normal 0 0 1
    outer loop
      vertex 11.2941 213.17 2
      vertex 11.2941 124.83 2
      vertex 11.9134 124.619 2
    endloop
  endfacet
  facet normal -0 0 1
    outer loop
      vertex 10.6526 213.043 2
      vertex 11.2941 124.83 2
      vertex 11.2941 213.17 2
    endloop
  endfacet
  facet normal 0 0 1
    outer loop
      vertex 10.6526 213.043 2
      vertex 10.6526 124.957 2
      vertex 11.2941 124.83 2
    endloop
  endfacet
  facet normal -0 0 1
    outer loop
      vertex 10 213 2
      vertex 10.6526 124.957 2
      vertex 10.6526 213.043 2
    endloop
  endfacet
  facet normal 0 0 1
    outer loop
      vertex 10 213 2
      vertex 10 125 2
      vertex 10.6526 124.957 2
    endloop
  endfacet
  facet normal 0 0 1
    outer loop
      vertex 9.34737 213.043 2
      vertex 10 125 2
      vertex 10 213 2
    endloop
  endfacet
  facet normal 0 0 1
    outer loop
      vertex 9.34737 213.043 2
      vertex 9.34737 124.957 2
      vertex 10 125 2
    endloop
  endfacet
  facet normal 0 0 1
    outer loop
      vertex 8.7059 213.17 2
      vertex 9.34737 124.957 2
      vertex 9.34737 213.043 2
    endloop
  endfacet
  facet normal 0 0 1
    outer loop
      vertex 8.7059 213.17 2
      vertex 8.7059 124.83 2
      vertex 9.34737 124.957 2
    endloop
  endfacet
  facet normal 0 0 1
    outer loop
      vertex 8.08658 213.381 2
      vertex 8.7059 124.83 2
      vertex 8.7059 213.17 2
    endloop
  endfacet
  facet normal 0 0 1
    outer loop
      vertex 8.08658 213.381 2
      vertex 8.08658 124.619 2
      vertex 8.7059 124.83 2
    endloop
  endfacet
  facet normal 0 0 1
    outer loop
      vertex -6.03323 214.956 2
      vertex 6.03323 214.956 2
      vertex -5.66987 215.5 2
    endloop
  endfacet
  facet normal 0 0 1
    outer loop
      vertex 6.03323 214.956 2
      vertex -6.03323 214.956 2
      vertex 6.46447 214.464 2
    endloop
  endfacet
  facet normal 0 0 1
    outer loop
      vertex -5.66987 215.5 2
      vertex 5.66987 215.5 2
      vertex -5.3806 216.087 2
    endloop
  endfacet
  facet normal 0 0 1
    outer loop
      vertex 5.66987 215.5 2
      vertex -5.66987 215.5 2
      vertex 6.03323 214.956 2
    endloop
  endfacet
  facet normal 0 0 1
    outer loop
      vertex 5.3806 216.087 2
      vertex -5.3806 216.087 2
      vertex 5.66987 215.5 2
    endloop
  endfacet
  facet normal 0 0 1
    outer loop
      vertex -6.46447 214.464 2
      vertex 6.46447 214.464 2
      vertex -6.03323 214.956 2
    endloop
  endfacet
  facet normal 0 0 1
    outer loop
      vertex -5.3806 216.087 2
      vertex 5.3806 216.087 2
      vertex -5.17037 216.706 2
    endloop
  endfacet
  facet normal 0 0 1
    outer loop
      vertex 7.5 124.33 2
      vertex -5 120 2
      vertex 6.95619 123.967 2
    endloop
  endfacet
  facet normal 0 0 1
    outer loop
      vertex 5.17037 216.706 2
      vertex -5.17037 216.706 2
      vertex 5.3806 216.087 2
    endloop
  endfacet
  facet normal 0 0 1
    outer loop
      vertex 6.95619 123.967 2
      vertex -5 120 2
      vertex 6.46447 123.536 2
    endloop
  endfacet
  facet normal 0 0 1
    outer loop
      vertex -5.17037 216.706 2
      vertex 5.17037 216.706 2
      vertex -5.04278 217.347 2
    endloop
  endfacet
  facet normal 0 0 1
    outer loop
      vertex 6.46447 123.536 2
      vertex -5 120 2
      vertex 6.03323 123.044 2
    endloop
  endfacet
  facet normal 0 0 1
    outer loop
      vertex 5.04278 217.347 2
      vertex -5.04278 217.347 2
      vertex 5.17037 216.706 2
    endloop
  endfacet
  facet normal 0 0 1
    outer loop
      vertex 6.03323 123.044 2
      vertex -5 120 2
      vertex 5.66987 122.5 2
    endloop
  endfacet
  facet normal 0 0 1
    outer loop
      vertex -5.04278 217.347 2
      vertex 5.04278 217.347 2
      vertex -5 218 2
    endloop
  endfacet
  facet normal 0 0 1
    outer loop
      vertex 5.66987 122.5 2
      vertex -5 120 2
      vertex 5.3806 121.913 2
    endloop
  endfacet
  facet normal -0 0 1
    outer loop
      vertex -5 218 2
      vertex 5.04278 217.347 2
      vertex 5 218 2
    endloop
  endfacet
  facet normal 0 0 1
    outer loop
      vertex 5.3806 121.913 2
      vertex -5 120 2
      vertex 5.17037 121.294 2
    endloop
  endfacet
  facet normal 0 0 1
    outer loop
      vertex 15.821 244.424 2
      vertex 14.9572 218.653 2
      vertex 15 218 2
    endloop
  endfacet
  facet normal 0 0 1
    outer loop
      vertex 12.784 247 2
      vertex 15.1427 245.924 2
      vertex 14.8719 246.207 2
    endloop
  endfacet
  facet normal 0 0 1
    outer loop
      vertex 15.821 244.424 2
      vertex 14.8296 219.294 2
      vertex 14.9572 218.653 2
    endloop
  endfacet
  facet normal 0 0 1
    outer loop
      vertex 15.821 244.424 2
      vertex 14.6194 219.913 2
      vertex 14.8296 219.294 2
    endloop
  endfacet
  facet normal 0 0 1
    outer loop
      vertex 12.784 247 2
      vertex 14.8719 246.207 2
      vertex 14.5665 246.452 2
    endloop
  endfacet
  facet normal 0 0 1
    outer loop
      vertex 15.821 244.424 2
      vertex 14.3301 220.5 2
      vertex 14.6194 219.913 2
    endloop
  endfacet
  facet normal 0 0 1
    outer loop
      vertex 12.784 247 2
      vertex 14.5665 246.452 2
      vertex 14.2318 246.655 2
    endloop
  endfacet
  facet normal 0 0 1
    outer loop
      vertex 15.821 244.424 2
      vertex 13.9668 221.044 2
      vertex 14.3301 220.5 2
    endloop
  endfacet
  facet normal 0 0 1
    outer loop
      vertex 12.784 247 2
      vertex 14.2318 246.655 2
      vertex 13.8733 246.813 2
    endloop
  endfacet
  facet normal 0 0 1
    outer loop
      vertex 15.821 244.424 2
      vertex 13.5355 221.536 2
      vertex 13.9668 221.044 2
    endloop
  endfacet
  facet normal 0 0 1
    outer loop
      vertex 12.784 247 2
      vertex 13.8733 246.813 2
      vertex 13.4975 246.923 2
    endloop
  endfacet
  facet normal 0 0 1
    outer loop
      vertex 12.784 247 2
      vertex 13.4975 246.923 2
      vertex 13.0779 246.987 2
    endloop
  endfacet
  facet normal 0 0 1
    outer loop
      vertex 15.821 244.424 2
      vertex 13.0438 221.967 2
      vertex 13.5355 221.536 2
    endloop
  endfacet
  facet normal 0 0 1
    outer loop
      vertex 8.7059 222.83 2
      vertex 15.821 244.424 2
      vertex 12.784 247 2
    endloop
  endfacet
  facet normal 0 0 1
    outer loop
      vertex 15.821 244.424 2
      vertex 12.5 222.33 2
      vertex 13.0438 221.967 2
    endloop
  endfacet
  facet normal 0 0 1
    outer loop
      vertex 15.821 244.424 2
      vertex 11.9134 222.619 2
      vertex 12.5 222.33 2
    endloop
  endfacet
  facet normal 0 0 1
    outer loop
      vertex 15.821 244.424 2
      vertex 11.2941 222.83 2
      vertex 11.9134 222.619 2
    endloop
  endfacet
  facet normal 0 0 1
    outer loop
      vertex 15.821 244.424 2
      vertex 10.6526 222.957 2
      vertex 11.2941 222.83 2
    endloop
  endfacet
  facet normal 0 0 1
    outer loop
      vertex 15.821 244.424 2
      vertex 10 223 2
      vertex 10.6526 222.957 2
    endloop
  endfacet
  facet normal 0 0 1
    outer loop
      vertex 15.821 244.424 2
      vertex 9.34737 222.957 2
      vertex 10 223 2
    endloop
  endfacet
  facet normal 0 0 1
    outer loop
      vertex 15.821 244.424 2
      vertex 8.7059 222.83 2
      vertex 9.34737 222.957 2
    endloop
  endfacet
  facet normal 0 0 1
    outer loop
      vertex 12.784 247 2
      vertex 8.08658 222.619 2
      vertex 8.7059 222.83 2
    endloop
  endfacet
  facet normal 0 0 1
    outer loop
      vertex 12.784 247 2
      vertex 7.5 222.33 2
      vertex 8.08658 222.619 2
    endloop
  endfacet
  facet normal 0 0 1
    outer loop
      vertex -7.5 222.33 2
      vertex 7.5 222.33 2
      vertex 12.784 247 2
    endloop
  endfacet
  facet normal 0 0 1
    outer loop
      vertex 7.5 222.33 2
      vertex -7.5 222.33 2
      vertex 6.95619 221.967 2
    endloop
  endfacet
  facet normal 0 -0 1
    outer loop
      vertex -6.95619 221.967 2
      vertex 6.95619 221.967 2
      vertex -7.5 222.33 2
    endloop
  endfacet
  facet normal 0 0 1
    outer loop
      vertex 6.95619 221.967 2
      vertex -6.95619 221.967 2
      vertex 6.46447 221.536 2
    endloop
  endfacet
  facet normal 0 -0 1
    outer loop
      vertex -6.46447 221.536 2
      vertex 6.46447 221.536 2
      vertex -6.95619 221.967 2
    endloop
  endfacet
  facet normal 0 -0 1
    outer loop
      vertex -6.03323 221.044 2
      vertex 6.03323 221.044 2
      vertex -6.46447 221.536 2
    endloop
  endfacet
  facet normal 0 0 1
    outer loop
      vertex 5.17037 121.294 2
      vertex -5 120 2
      vertex 5.04278 120.653 2
    endloop
  endfacet
  facet normal 0 0 1
    outer loop
      vertex 5.04278 218.653 2
      vertex -5 218 2
      vertex 5 218 2
    endloop
  endfacet
  facet normal 0 0 1
    outer loop
      vertex -5.04278 218.653 2
      vertex 5.04278 218.653 2
      vertex 5.17037 219.294 2
    endloop
  endfacet
  facet normal 0 0 1
    outer loop
      vertex 6.03323 221.044 2
      vertex -6.03323 221.044 2
      vertex 5.66987 220.5 2
    endloop
  endfacet
  facet normal 0 0 1
    outer loop
      vertex 5.04278 218.653 2
      vertex -5.04278 218.653 2
      vertex -5 218 2
    endloop
  endfacet
  facet normal 0 0 1
    outer loop
      vertex 5.17037 219.294 2
      vertex -5.17037 219.294 2
      vertex -5.04278 218.653 2
    endloop
  endfacet
  facet normal 0 0 1
    outer loop
      vertex 5.17037 219.294 2
      vertex -5.3806 219.913 2
      vertex -5.17037 219.294 2
    endloop
  endfacet
  facet normal 0 0 1
    outer loop
      vertex 5.3806 219.913 2
      vertex -5.3806 219.913 2
      vertex 5.17037 219.294 2
    endloop
  endfacet
  facet normal 0 -0 1
    outer loop
      vertex -5.3806 219.913 2
      vertex 5.3806 219.913 2
      vertex -5.66987 220.5 2
    endloop
  endfacet
  facet normal 0 0 1
    outer loop
      vertex 5.66987 220.5 2
      vertex -5.66987 220.5 2
      vertex 5.3806 219.913 2
    endloop
  endfacet
  facet normal 0 -0 1
    outer loop
      vertex -5.66987 220.5 2
      vertex 5.66987 220.5 2
      vertex -6.03323 221.044 2
    endloop
  endfacet
  facet normal 0 0 1
    outer loop
      vertex 6.46447 221.536 2
      vertex -6.46447 221.536 2
      vertex 6.03323 221.044 2
    endloop
  endfacet
  facet normal -0 0 1
    outer loop
      vertex -12.7513 247 2
      vertex -7.5 222.33 2
      vertex 12.784 247 2
    endloop
  endfacet
  facet normal 0 0 1
    outer loop
      vertex -7.5 222.33 2
      vertex -12.7513 247 2
      vertex -8.08658 222.619 2
    endloop
  endfacet
  facet normal 0 0 1
    outer loop
      vertex -8.08658 222.619 2
      vertex -12.7513 247 2
      vertex -8.7059 222.83 2
    endloop
  endfacet
  facet normal -0 0 1
    outer loop
      vertex -15.8152 244.457 2
      vertex -8.7059 222.83 2
      vertex -12.7513 247 2
    endloop
  endfacet
  facet normal 0 0 1
    outer loop
      vertex -8.7059 222.83 2
      vertex -15.8152 244.457 2
      vertex -9.34737 222.957 2
    endloop
  endfacet
  facet normal 0 0 1
    outer loop
      vertex -9.34737 222.957 2
      vertex -15.8152 244.457 2
      vertex -10 223 2
    endloop
  endfacet
  facet normal 0 0 1
    outer loop
      vertex -10 223 2
      vertex -15.8152 244.457 2
      vertex -10.6526 222.957 2
    endloop
  endfacet
  facet normal 0 0 1
    outer loop
      vertex -10.6526 222.957 2
      vertex -15.8152 244.457 2
      vertex -11.2941 222.83 2
    endloop
  endfacet
  facet normal 0 0 1
    outer loop
      vertex -11.2941 222.83 2
      vertex -15.8152 244.457 2
      vertex -11.9134 222.619 2
    endloop
  endfacet
  facet normal 0 0 1
    outer loop
      vertex -11.9134 222.619 2
      vertex -15.8152 244.457 2
      vertex -12.5 222.33 2
    endloop
  endfacet
  facet normal 0 0 1
    outer loop
      vertex -15.8152 244.457 2
      vertex -12.7513 247 2
      vertex -13.2402 246.968 2
    endloop
  endfacet
  facet normal 0 0 1
    outer loop
      vertex -12.5 222.33 2
      vertex -15.8152 244.457 2
      vertex -13.0438 221.967 2
    endloop
  endfacet
  facet normal 0 0 1
    outer loop
      vertex -15.8152 244.457 2
      vertex -13.2402 246.968 2
      vertex -13.6243 246.892 2
    endloop
  endfacet
  facet normal 0 0 1
    outer loop
      vertex -13.0438 221.967 2
      vertex -15.8152 244.457 2
      vertex -13.5355 221.536 2
    endloop
  endfacet
  facet normal 0 0 1
    outer loop
      vertex -15.8152 244.457 2
      vertex -13.6243 246.892 2
      vertex -13.995 246.766 2
    endloop
  endfacet
  facet normal 0 0 1
    outer loop
      vertex -13.5355 221.536 2
      vertex -15.8152 244.457 2
      vertex -13.9668 221.044 2
    endloop
  endfacet
  facet normal 0 0 1
    outer loop
      vertex -15.8152 244.457 2
      vertex -13.995 246.766 2
      vertex -14.3462 246.592 2
    endloop
  endfacet
  facet normal 0 0 1
    outer loop
      vertex -13.9668 221.044 2
      vertex -15.8152 244.457 2
      vertex -14.3301 220.5 2
    endloop
  endfacet
  facet normal 0 0 1
    outer loop
      vertex -15.8152 244.457 2
      vertex -14.3462 246.592 2
      vertex -14.6719 246.375 2
    endloop
  endfacet
  facet normal 0 0 1
    outer loop
      vertex -14.3301 220.5 2
      vertex -15.8152 244.457 2
      vertex -14.6194 219.913 2
    endloop
  endfacet
  facet normal 0 0 1
    outer loop
      vertex -14.6194 219.913 2
      vertex -15.8152 244.457 2
      vertex -14.8296 219.294 2
    endloop
  endfacet
  facet normal 0 0 1
    outer loop
      vertex -15.8152 244.457 2
      vertex -14.6719 246.375 2
      vertex -14.9662 246.117 2
    endloop
  endfacet
  facet normal 0 0 1
    outer loop
      vertex -14.8296 219.294 2
      vertex -15.8152 244.457 2
      vertex -14.9572 218.653 2
    endloop
  endfacet
  facet normal 0 0 1
    outer loop
      vertex -14.9572 218.653 2
      vertex -15.8152 244.457 2
      vertex -15 218 2
    endloop
  endfacet
  facet normal 0 0 1
    outer loop
      vertex -15.8152 244.457 2
      vertex -14.9662 246.117 2
      vertex -15.2244 245.822 2
    endloop
  endfacet
  facet normal 0 0 1
    outer loop
      vertex 39.6892 91.032 2
      vertex 42.2899 93.9671 2
      vertex 42.2302 94.65 2
    endloop
  endfacet
  facet normal 0 0 1
    outer loop
      vertex 42.2899 93.9671 2
      vertex 42.1901 93.2252 2
      vertex 42.2665 93.6093 2
    endloop
  endfacet
  facet normal 0 0 1
    outer loop
      vertex 42.2899 93.9671 2
      vertex 42.0642 92.8545 2
      vertex 42.1901 93.2252 2
    endloop
  endfacet
  facet normal 0 0 1
    outer loop
      vertex 42.2899 93.9671 2
      vertex 41.891 92.5032 2
      vertex 42.0642 92.8545 2
    endloop
  endfacet
  facet normal 0 0 1
    outer loop
      vertex 42.2899 93.9671 2
      vertex 41.6734 92.1776 2
      vertex 41.891 92.5032 2
    endloop
  endfacet
  facet normal 0 0 1
    outer loop
      vertex 42.2899 93.9671 2
      vertex 41.4153 91.8832 2
      vertex 41.6734 92.1776 2
    endloop
  endfacet
  facet normal 0 0 1
    outer loop
      vertex 42.2899 93.9671 2
      vertex 41.121 91.6251 2
      vertex 41.4153 91.8832 2
    endloop
  endfacet
  facet normal 0 0 1
    outer loop
      vertex 42.2899 93.9671 2
      vertex 40.7953 91.4075 2
      vertex 41.121 91.6251 2
    endloop
  endfacet
  facet normal 0 0 1
    outer loop
      vertex 42.2899 93.9671 2
      vertex 40.444 91.2343 2
      vertex 40.7953 91.4075 2
    endloop
  endfacet
  facet normal 0 0 1
    outer loop
      vertex 42.2899 93.9671 2
      vertex 40.0733 91.1085 2
      vertex 40.444 91.2343 2
    endloop
  endfacet
  facet normal 0 0 1
    outer loop
      vertex 42.2899 93.9671 2
      vertex 39.6892 91.032 2
      vertex 40.0733 91.1085 2
    endloop
  endfacet
  facet normal 0 0 1
    outer loop
      vertex 42.2302 94.65 2
      vertex 39.2003 91 2
      vertex 39.6892 91.032 2
    endloop
  endfacet
  facet normal -0 0 1
    outer loop
      vertex 15 218 2
      vertex 42.2302 94.65 2
      vertex 15.821 244.424 2
    endloop
  endfacet
  facet normal 0 0 1
    outer loop
      vertex 12.784 247 2
      vertex 15.7045 244.9 2
      vertex 15.1427 245.924 2
    endloop
  endfacet
  facet normal 0 0 1
    outer loop
      vertex 15.1427 245.924 2
      vertex 15.7045 244.9 2
      vertex 15.5626 245.265 2
    endloop
  endfacet
  facet normal 0 0 1
    outer loop
      vertex 15.1427 245.924 2
      vertex 15.5626 245.265 2
      vertex 15.3743 245.608 2
    endloop
  endfacet
  facet normal 0 0 1
    outer loop
      vertex 15.7045 244.9 2
      vertex 12.784 247 2
      vertex 15.821 244.424 2
    endloop
  endfacet
  facet normal -0 0 1
    outer loop
      vertex 14.9572 217.347 2
      vertex 42.2302 94.65 2
      vertex 15 218 2
    endloop
  endfacet
  facet normal -0 0 1
    outer loop
      vertex 14.9572 119.347 2
      vertex 42.2302 94.65 2
      vertex 15 120 2
    endloop
  endfacet
  facet normal -0 0 1
    outer loop
      vertex 14.8296 118.706 2
      vertex 42.2302 94.65 2
      vertex 14.9572 119.347 2
    endloop
  endfacet
  facet normal -0 0 1
    outer loop
      vertex 14.6194 118.087 2
      vertex 42.2302 94.65 2
      vertex 14.8296 118.706 2
    endloop
  endfacet
  facet normal -0 0 1
    outer loop
      vertex 14.3301 117.5 2
      vertex 42.2302 94.65 2
      vertex 14.6194 118.087 2
    endloop
  endfacet
  facet normal -0 0 1
    outer loop
      vertex 13.9668 116.956 2
      vertex 42.2302 94.65 2
      vertex 14.3301 117.5 2
    endloop
  endfacet
  facet normal -0 0 1
    outer loop
      vertex 13.5355 116.464 2
      vertex 42.2302 94.65 2
      vertex 13.9668 116.956 2
    endloop
  endfacet
  facet normal 0 0 1
    outer loop
      vertex 42.2302 94.65 2
      vertex 13.5355 116.464 2
      vertex 39.2003 91 2
    endloop
  endfacet
  facet normal -0 0 1
    outer loop
      vertex 13.0438 116.033 2
      vertex 39.2003 91 2
      vertex 13.5355 116.464 2
    endloop
  endfacet
  facet normal -0 0 1
    outer loop
      vertex 12.5 115.67 2
      vertex 39.2003 91 2
      vertex 13.0438 116.033 2
    endloop
  endfacet
  facet normal -0 0 1
    outer loop
      vertex 11.9134 115.381 2
      vertex 39.2003 91 2
      vertex 12.5 115.67 2
    endloop
  endfacet
  facet normal -0 0 1
    outer loop
      vertex 11.2941 115.17 2
      vertex 39.2003 91 2
      vertex 11.9134 115.381 2
    endloop
  endfacet
  facet normal -0 0 1
    outer loop
      vertex 10.6526 115.043 2
      vertex 39.2003 91 2
      vertex 11.2941 115.17 2
    endloop
  endfacet
  facet normal -0 0 1
    outer loop
      vertex 10 115 2
      vertex 39.2003 91 2
      vertex 10.6526 115.043 2
    endloop
  endfacet
  facet normal 0 0 1
    outer loop
      vertex 9.34737 115.043 2
      vertex 39.2003 91 2
      vertex 10 115 2
    endloop
  endfacet
  facet normal 0 0 1
    outer loop
      vertex 8.7059 115.17 2
      vertex 39.2003 91 2
      vertex 9.34737 115.043 2
    endloop
  endfacet
  facet normal 0 0 1
    outer loop
      vertex -8.7059 115.17 2
      vertex 8.7059 115.17 2
      vertex 8.08658 115.381 2
    endloop
  endfacet
  facet normal 0 0 1
    outer loop
      vertex -8.08658 115.381 2
      vertex 8.08658 115.381 2
      vertex 7.5 115.67 2
    endloop
  endfacet
  facet normal 0 0 1
    outer loop
      vertex -7.5 115.67 2
      vertex 7.5 115.67 2
      vertex 6.95619 116.033 2
    endloop
  endfacet
  facet normal 0 0 1
    outer loop
      vertex 5.04278 120.653 2
      vertex -5 120 2
      vertex 5 120 2
    endloop
  endfacet
  facet normal 0 0 1
    outer loop
      vertex 5 120 2
      vertex -5 120 2
      vertex 5.04278 119.347 2
    endloop
  endfacet
  facet normal 0 0 1
    outer loop
      vertex -5.04278 119.347 2
      vertex 5.04278 119.347 2
      vertex -5 120 2
    endloop
  endfacet
  facet normal 0 0 1
    outer loop
      vertex 5.04278 119.347 2
      vertex -5.04278 119.347 2
      vertex 5.17037 118.706 2
    endloop
  endfacet
  facet normal 0 0 1
    outer loop
      vertex -5.17037 118.706 2
      vertex 5.17037 118.706 2
      vertex -5.04278 119.347 2
    endloop
  endfacet
  facet normal 0 0 1
    outer loop
      vertex 5.17037 118.706 2
      vertex -5.17037 118.706 2
      vertex 5.3806 118.087 2
    endloop
  endfacet
  facet normal 0 0 1
    outer loop
      vertex -5.3806 118.087 2
      vertex 5.3806 118.087 2
      vertex -5.17037 118.706 2
    endloop
  endfacet
  facet normal 0 0 1
    outer loop
      vertex 5.3806 118.087 2
      vertex -5.3806 118.087 2
      vertex 5.66987 117.5 2
    endloop
  endfacet
  facet normal 0 0 1
    outer loop
      vertex -5.66987 117.5 2
      vertex 5.66987 117.5 2
      vertex -5.3806 118.087 2
    endloop
  endfacet
  facet normal 0 0 1
    outer loop
      vertex 5.66987 117.5 2
      vertex -5.66987 117.5 2
      vertex 6.03323 116.956 2
    endloop
  endfacet
  facet normal 0 0 1
    outer loop
      vertex -6.03323 116.956 2
      vertex 6.03323 116.956 2
      vertex -5.66987 117.5 2
    endloop
  endfacet
  facet normal 0 0 1
    outer loop
      vertex 6.03323 116.956 2
      vertex -6.03323 116.956 2
      vertex 6.46447 116.464 2
    endloop
  endfacet
  facet normal 0 0 1
    outer loop
      vertex -6.46447 116.464 2
      vertex 6.46447 116.464 2
      vertex -6.03323 116.956 2
    endloop
  endfacet
  facet normal 0 0 1
    outer loop
      vertex 6.46447 116.464 2
      vertex -6.46447 116.464 2
      vertex 6.95619 116.033 2
    endloop
  endfacet
  facet normal 0 0 1
    outer loop
      vertex -6.95619 116.033 2
      vertex 6.95619 116.033 2
      vertex -6.46447 116.464 2
    endloop
  endfacet
  facet normal 0 0 1
    outer loop
      vertex -7.5 115.67 2
      vertex 6.95619 116.033 2
      vertex -6.95619 116.033 2
    endloop
  endfacet
  facet normal 0 0 1
    outer loop
      vertex 7.5 115.67 2
      vertex -7.5 115.67 2
      vertex -8.08658 115.381 2
    endloop
  endfacet
  facet normal 0 0 1
    outer loop
      vertex 8.08658 115.381 2
      vertex -8.08658 115.381 2
      vertex -8.7059 115.17 2
    endloop
  endfacet
  facet normal 0 0 1
    outer loop
      vertex 8.7059 115.17 2
      vertex -8.7059 115.17 2
      vertex 39.2003 91 2
    endloop
  endfacet
  facet normal 0 0 1
    outer loop
      vertex -39.1675 91 2
      vertex -8.7059 115.17 2
      vertex -9.34737 115.043 2
    endloop
  endfacet
  facet normal 0 0 1
    outer loop
      vertex -39.1675 91 2
      vertex -9.34737 115.043 2
      vertex -10 115 2
    endloop
  endfacet
  facet normal 0 0 1
    outer loop
      vertex -39.1675 91 2
      vertex -10 115 2
      vertex -10.6526 115.043 2
    endloop
  endfacet
  facet normal 0 0 1
    outer loop
      vertex -39.1675 91 2
      vertex -10.6526 115.043 2
      vertex -11.2941 115.17 2
    endloop
  endfacet
  facet normal 0 0 1
    outer loop
      vertex -39.1675 91 2
      vertex -11.2941 115.17 2
      vertex -11.9134 115.381 2
    endloop
  endfacet
  facet normal 0 0 1
    outer loop
      vertex -15.8152 244.457 2
      vertex -15.2244 245.822 2
      vertex -15.442 245.497 2
    endloop
  endfacet
  facet normal 0 0 1
    outer loop
      vertex -15.8152 244.457 2
      vertex -15.442 245.497 2
      vertex -15.6152 245.146 2
    endloop
  endfacet
  facet normal 0 0 1
    outer loop
      vertex -15.8152 244.457 2
      vertex -15.6152 245.146 2
      vertex -15.7516 244.744 2
    endloop
  endfacet
  facet normal 0 0 1
    outer loop
      vertex -42.2359 94.6176 2
      vertex -15 218 2
      vertex -15.8152 244.457 2
    endloop
  endfacet
  facet normal 0 0 1
    outer loop
      vertex -8.7059 115.17 2
      vertex -39.1675 91 2
      vertex 39.2003 91 2
    endloop
  endfacet
  facet normal 0 0 1
    outer loop
      vertex -12.5 115.67 2
      vertex -39.1675 91 2
      vertex -11.9134 115.381 2
    endloop
  endfacet
  facet normal 0 0 1
    outer loop
      vertex -13.0438 116.033 2
      vertex -39.1675 91 2
      vertex -12.5 115.67 2
    endloop
  endfacet
  facet normal 0 0 1
    outer loop
      vertex -13.5355 116.464 2
      vertex -39.1675 91 2
      vertex -13.0438 116.033 2
    endloop
  endfacet
  facet normal 0 0 1
    outer loop
      vertex -42.2359 94.6176 2
      vertex -13.5355 116.464 2
      vertex -13.9668 116.956 2
    endloop
  endfacet
  facet normal 0 0 1
    outer loop
      vertex -42.2359 94.6176 2
      vertex -13.9668 116.956 2
      vertex -14.3301 117.5 2
    endloop
  endfacet
  facet normal 0 0 1
    outer loop
      vertex -42.2359 94.6176 2
      vertex -14.3301 117.5 2
      vertex -14.6194 118.087 2
    endloop
  endfacet
  facet normal 0 0 1
    outer loop
      vertex -42.2359 94.6176 2
      vertex -14.6194 118.087 2
      vertex -14.8296 118.706 2
    endloop
  endfacet
  facet normal 0 0 1
    outer loop
      vertex -42.2359 94.6176 2
      vertex -14.8296 118.706 2
      vertex -14.9572 119.347 2
    endloop
  endfacet
  facet normal 0 0 1
    outer loop
      vertex -42.2359 94.6176 2
      vertex -14.9572 119.347 2
      vertex -15 120 2
    endloop
  endfacet
  facet normal 0 0 1
    outer loop
      vertex -14.9572 120.653 2
      vertex -42.2359 94.6176 2
      vertex -15 120 2
    endloop
  endfacet
  facet normal 0 0 1
    outer loop
      vertex -13.5355 116.464 2
      vertex -42.2359 94.6176 2
      vertex -39.1675 91 2
    endloop
  endfacet
  facet normal 0 0 1
    outer loop
      vertex -39.1675 91 2
      vertex -42.2359 94.6176 2
      vertex -39.8503 91.0597 2
    endloop
  endfacet
  facet normal -0 0 1
    outer loop
      vertex -42.2892 94.1306 2
      vertex -39.8503 91.0597 2
      vertex -42.2359 94.6176 2
    endloop
  endfacet
  facet normal 0 0 1
    outer loop
      vertex -39.8503 91.0597 2
      vertex -42.2892 94.1306 2
      vertex -40.1988 91.145 2
    endloop
  endfacet
  facet normal 0 0 1
    outer loop
      vertex -40.1988 91.145 2
      vertex -42.2892 94.1306 2
      vertex -40.5637 91.2869 2
    endloop
  endfacet
  facet normal 0 0 1
    outer loop
      vertex -40.5637 91.2869 2
      vertex -42.2892 94.1306 2
      vertex -40.9069 91.4752 2
    endloop
  endfacet
  facet normal 0 0 1
    outer loop
      vertex -40.9069 91.4752 2
      vertex -42.2892 94.1306 2
      vertex -41.2227 91.7068 2
    endloop
  endfacet
  facet normal 0 0 1
    outer loop
      vertex -41.2227 91.7068 2
      vertex -42.2892 94.1306 2
      vertex -41.5056 91.9776 2
    endloop
  endfacet
  facet normal 0 0 1
    outer loop
      vertex -41.5056 91.9776 2
      vertex -42.2892 94.1306 2
      vertex -41.7507 92.283 2
    endloop
  endfacet
  facet normal 0 0 1
    outer loop
      vertex -41.7507 92.283 2
      vertex -42.2892 94.1306 2
      vertex -41.9538 92.6177 2
    endloop
  endfacet
  facet normal 0 0 1
    outer loop
      vertex -41.9538 92.6177 2
      vertex -42.2892 94.1306 2
      vertex -42.1116 92.9762 2
    endloop
  endfacet
  facet normal 0 0 1
    outer loop
      vertex -42.1116 92.9762 2
      vertex -42.2892 94.1306 2
      vertex -42.2211 93.352 2
    endloop
  endfacet
  facet normal 0 0 1
    outer loop
      vertex -42.2211 93.352 2
      vertex -42.2892 94.1306 2
      vertex -42.2807 93.7392 2
    endloop
  endfacet
  facet normal -0.896915 0.442202 0
    outer loop
      vertex 41.891 92.5032 2
      vertex 42.0642 92.8545 12.45
      vertex 42.0642 92.8545 2
    endloop
  endfacet
  facet normal -0.896915 0.442202 0
    outer loop
      vertex 42.0642 92.8545 12.45
      vertex 41.891 92.5032 2
      vertex 41.891 92.5032 12.45
    endloop
  endfacet
  facet normal -0.321358 0.946958 0
    outer loop
      vertex 40.444 91.2343 2
      vertex 40.0733 91.1085 12.45
      vertex 40.444 91.2343 12.45
    endloop
  endfacet
  facet normal -0.321358 0.946958 0
    outer loop
      vertex 40.0733 91.1085 12.45
      vertex 40.444 91.2343 2
      vertex 40.0733 91.1085 2
    endloop
  endfacet
  facet normal -0.806567 -0.591142 0
    outer loop
      vertex 15.3743 245.608 2
      vertex 15.1427 245.924 12.45
      vertex 15.1427 245.924 2
    endloop
  endfacet
  facet normal -0.806567 -0.591142 0
    outer loop
      vertex 15.1427 245.924 12.45
      vertex 15.3743 245.608 2
      vertex 15.3743 245.608 12.45
    endloop
  endfacet
  facet normal -0.997868 0.0652603 0
    outer loop
      vertex 42.2665 93.6093 2
      vertex 42.2899 93.9671 12.45
      vertex 42.2899 93.9671 2
    endloop
  endfacet
  facet normal -0.997868 0.0652603 0
    outer loop
      vertex 42.2899 93.9671 12.45
      vertex 42.2665 93.6093 2
      vertex 42.2665 93.6093 12.45
    endloop
  endfacet
  facet normal 0.999764 0.0217118 0
    outer loop
      vertex -42.2807 93.7392 12.45
      vertex -42.2892 94.1306 2
      vertex -42.2892 94.1306 12.45
    endloop
  endfacet
  facet normal 0.999764 0.0217118 0
    outer loop
      vertex -42.2892 94.1306 2
      vertex -42.2807 93.7392 12.45
      vertex -42.2807 93.7392 2
    endloop
  endfacet
  facet normal 0.554464 -0.832207 0
    outer loop
      vertex -14.6719 246.375 2
      vertex -14.3462 246.592 12.45
      vertex -14.6719 246.375 12.45
    endloop
  endfacet
  facet normal 0.554464 -0.832207 0
    outer loop
      vertex -14.3462 246.592 12.45
      vertex -14.6719 246.375 2
      vertex -14.3462 246.592 2
    endloop
  endfacet
  facet normal -0.980786 0.195085 0
    outer loop
      vertex 42.1901 93.2252 2
      vertex 42.2665 93.6093 12.45
      vertex 42.2665 93.6093 2
    endloop
  endfacet
  facet normal -0.980786 0.195085 0
    outer loop
      vertex 42.2665 93.6093 12.45
      vertex 42.1901 93.2252 2
      vertex 42.1901 93.2252 12.45
    endloop
  endfacet
  facet normal 0.691489 0.722387 -0
    outer loop
      vertex -41.2227 91.7068 2
      vertex -41.5056 91.9776 12.45
      vertex -41.2227 91.7068 12.45
    endloop
  endfacet
  facet normal 0.691489 0.722387 0
    outer loop
      vertex -41.5056 91.9776 12.45
      vertex -41.2227 91.7068 2
      vertex -41.5056 91.9776 2
    endloop
  endfacet
  facet normal 0.591386 0.806389 -0
    outer loop
      vertex -40.9069 91.4752 2
      vertex -41.2227 91.7068 12.45
      vertex -40.9069 91.4752 12.45
    endloop
  endfacet
  facet normal 0.591386 0.806389 0
    outer loop
      vertex -41.2227 91.7068 12.45
      vertex -40.9069 91.4752 2
      vertex -41.2227 91.7068 2
    endloop
  endfacet
  facet normal 0.946974 -0.321311 0
    outer loop
      vertex -15.7516 244.744 12.45
      vertex -15.6152 245.146 2
      vertex -15.6152 245.146 12.45
    endloop
  endfacet
  facet normal 0.946974 -0.321311 0
    outer loop
      vertex -15.6152 245.146 2
      vertex -15.7516 244.744 12.45
      vertex -15.7516 244.744 2
    endloop
  endfacet
  facet normal 0.0653133 -0.997865 0
    outer loop
      vertex -13.2402 246.968 2
      vertex -12.7513 247 12.45
      vertex -13.2402 246.968 12.45
    endloop
  endfacet
  facet normal 0.0653133 -0.997865 0
    outer loop
      vertex -12.7513 247 12.45
      vertex -13.2402 246.968 2
      vertex -12.7513 247 2
    endloop
  endfacet
  facet normal 0.65921 -0.751959 0
    outer loop
      vertex -14.9662 246.117 2
      vertex -14.6719 246.375 12.45
      vertex -14.9662 246.117 12.45
    endloop
  endfacet
  facet normal 0.65921 -0.751959 0
    outer loop
      vertex -14.6719 246.375 12.45
      vertex -14.9662 246.117 2
      vertex -14.6719 246.375 2
    endloop
  endfacet
  facet normal 0.854913 0.518771 0
    outer loop
      vertex -41.7507 92.283 12.45
      vertex -41.9538 92.6177 2
      vertex -41.9538 92.6177 12.45
    endloop
  endfacet
  facet normal 0.854913 0.518771 0
    outer loop
      vertex -41.9538 92.6177 2
      vertex -41.7507 92.283 12.45
      vertex -41.7507 92.283 2
    endloop
  endfacet
  facet normal -0.280922 -0.959731 0
    outer loop
      vertex 13.4975 246.923 2
      vertex 13.8733 246.813 12.45
      vertex 13.4975 246.923 12.45
    endloop
  endfacet
  facet normal -0.280922 -0.959731 -0
    outer loop
      vertex 13.8733 246.813 12.45
      vertex 13.4975 246.923 2
      vertex 13.8733 246.813 2
    endloop
  endfacet
  facet normal 0.915259 0.402867 0
    outer loop
      vertex -41.9538 92.6177 12.45
      vertex -42.1116 92.9762 2
      vertex -42.1116 92.9762 12.45
    endloop
  endfacet
  facet normal 0.915259 0.402867 0
    outer loop
      vertex -42.1116 92.9762 2
      vertex -41.9538 92.6177 12.45
      vertex -41.9538 92.6177 2
    endloop
  endfacet
  facet normal -0.0441895 -0.999023 0
    outer loop
      vertex 12.784 247 2
      vertex 13.0779 246.987 12.45
      vertex 12.784 247 12.45
    endloop
  endfacet
  facet normal -0.0441895 -0.999023 -0
    outer loop
      vertex 13.0779 246.987 12.45
      vertex 12.784 247 2
      vertex 13.0779 246.987 2
    endloop
  endfacet
  facet normal 0.779896 0.625909 0
    outer loop
      vertex -41.5056 91.9776 12.45
      vertex -41.7507 92.283 2
      vertex -41.7507 92.283 12.45
    endloop
  endfacet
  facet normal 0.779896 0.625909 0
    outer loop
      vertex -41.7507 92.283 2
      vertex -41.5056 91.9776 12.45
      vertex -41.5056 91.9776 2
    endloop
  endfacet
  facet normal 0.896998 -0.442035 0
    outer loop
      vertex -5.66987 117.5 12.45
      vertex -5.3806 118.087 2
      vertex -5.3806 118.087 12.45
    endloop
  endfacet
  facet normal 0.896998 -0.442035 0
    outer loop
      vertex -5.3806 118.087 2
      vertex -5.66987 117.5 12.45
      vertex -5.66987 117.5 2
    endloop
  endfacet
  facet normal 0.98076 0.195219 0
    outer loop
      vertex -5.04278 120.653 12.45
      vertex -5.17037 121.294 2
      vertex -5.17037 121.294 12.45
    endloop
  endfacet
  facet normal 0.98076 0.195219 0
    outer loop
      vertex -5.17037 121.294 2
      vertex -5.04278 120.653 12.45
      vertex -5.04278 120.653 2
    endloop
  endfacet
  facet normal 0.997861 0.0653729 0
    outer loop
      vertex -5 120 12.45
      vertex -5.04278 120.653 2
      vertex -5.04278 120.653 12.45
    endloop
  endfacet
  facet normal 0.997861 0.0653729 0
    outer loop
      vertex -5.04278 120.653 2
      vertex -5 120 12.45
      vertex -5 120 2
    endloop
  endfacet
  facet normal -0.194204 0.980961 0
    outer loop
      vertex -10.6526 124.957 2
      vertex -11.2941 124.83 12.45
      vertex -10.6526 124.957 12.45
    endloop
  endfacet
  facet normal -0.194204 0.980961 0
    outer loop
      vertex -11.2941 124.83 12.45
      vertex -10.6526 124.957 2
      vertex -11.2941 124.83 2
    endloop
  endfacet
  facet normal 0.752016 0.659145 0
    outer loop
      vertex -6.03323 123.044 12.45
      vertex -6.46447 123.536 2
      vertex -6.46447 123.536 12.45
    endloop
  endfacet
  facet normal 0.752016 0.659145 0
    outer loop
      vertex -6.46447 123.536 2
      vertex -6.03323 123.044 12.45
      vertex -6.03323 123.044 2
    endloop
  endfacet
  facet normal -0.194204 -0.980961 0
    outer loop
      vertex -11.2941 115.17 2
      vertex -10.6526 115.043 12.45
      vertex -11.2941 115.17 12.45
    endloop
  endfacet
  facet normal -0.194204 -0.980961 -0
    outer loop
      vertex -10.6526 115.043 12.45
      vertex -11.2941 115.17 2
      vertex -10.6526 115.043 2
    endloop
  endfacet
  facet normal 0.555187 0.831725 -0
    outer loop
      vertex -6.95619 123.967 2
      vertex -7.5 124.33 12.45
      vertex -6.95619 123.967 12.45
    endloop
  endfacet
  facet normal 0.555187 0.831725 0
    outer loop
      vertex -7.5 124.33 12.45
      vertex -6.95619 123.967 2
      vertex -7.5 124.33 2
    endloop
  endfacet
  facet normal 0.194213 -0.980959 0
    outer loop
      vertex -9.34737 115.043 2
      vertex -8.7059 115.17 12.45
      vertex -9.34737 115.043 12.45
    endloop
  endfacet
  facet normal 0.194213 -0.980959 0
    outer loop
      vertex -8.7059 115.17 12.45
      vertex -9.34737 115.043 2
      vertex -8.7059 115.17 2
    endloop
  endfacet
  facet normal 0.65915 -0.752012 0
    outer loop
      vertex -6.95619 116.033 2
      vertex -6.46447 116.464 12.45
      vertex -6.95619 116.033 12.45
    endloop
  endfacet
  facet normal 0.65915 -0.752012 0
    outer loop
      vertex -6.46447 116.464 12.45
      vertex -6.95619 116.033 2
      vertex -6.46447 116.464 2
    endloop
  endfacet
  facet normal -0.659165 -0.751998 0
    outer loop
      vertex -13.5355 116.464 2
      vertex -13.0438 116.033 12.45
      vertex -13.5355 116.464 12.45
    endloop
  endfacet
  facet normal -0.659165 -0.751998 -0
    outer loop
      vertex -13.0438 116.033 12.45
      vertex -13.5355 116.464 2
      vertex -13.0438 116.033 2
    endloop
  endfacet
  facet normal 0.997861 -0.0653729 0
    outer loop
      vertex -5.04278 119.347 12.45
      vertex -5 120 2
      vertex -5 120 12.45
    endloop
  endfacet
  facet normal 0.997861 -0.0653729 0
    outer loop
      vertex -5 120 2
      vertex -5.04278 119.347 12.45
      vertex -5.04278 119.347 2
    endloop
  endfacet
  facet normal -0.831603 0.55537 0
    outer loop
      vertex -14.3301 122.5 2
      vertex -13.9668 123.044 12.45
      vertex -13.9668 123.044 2
    endloop
  endfacet
  facet normal -0.831603 0.55537 0
    outer loop
      vertex -13.9668 123.044 12.45
      vertex -14.3301 122.5 2
      vertex -14.3301 122.5 12.45
    endloop
  endfacet
  facet normal 0.555187 -0.831725 0
    outer loop
      vertex -7.5 115.67 2
      vertex -6.95619 116.033 12.45
      vertex -7.5 115.67 12.45
    endloop
  endfacet
  facet normal 0.555187 -0.831725 0
    outer loop
      vertex -6.95619 116.033 12.45
      vertex -7.5 115.67 2
      vertex -6.95619 116.033 2
    endloop
  endfacet
  facet normal -0.0657477 0.997836 0
    outer loop
      vertex -10 125 2
      vertex -10.6526 124.957 12.45
      vertex -10 125 12.45
    endloop
  endfacet
  facet normal -0.0657477 0.997836 0
    outer loop
      vertex -10.6526 124.957 12.45
      vertex -10 125 2
      vertex -10.6526 124.957 2
    endloop
  endfacet
  facet normal -0.441945 -0.897042 0
    outer loop
      vertex -12.5 115.67 2
      vertex -11.9134 115.381 12.45
      vertex -12.5 115.67 12.45
    endloop
  endfacet
  facet normal -0.441945 -0.897042 -0
    outer loop
      vertex -11.9134 115.381 12.45
      vertex -12.5 115.67 2
      vertex -11.9134 115.381 2
    endloop
  endfacet
  facet normal -0.946894 0.321546 0
    outer loop
      vertex -14.8296 121.294 2
      vertex -14.6194 121.913 12.45
      vertex -14.6194 121.913 2
    endloop
  endfacet
  facet normal -0.946894 0.321546 0
    outer loop
      vertex -14.6194 121.913 12.45
      vertex -14.8296 121.294 2
      vertex -14.8296 121.294 12.45
    endloop
  endfacet
  facet normal 0.322493 0.946572 -0
    outer loop
      vertex -8.08658 124.619 2
      vertex -8.7059 124.83 12.45
      vertex -8.08658 124.619 12.45
    endloop
  endfacet
  facet normal 0.322493 0.946572 0
    outer loop
      vertex -8.7059 124.83 12.45
      vertex -8.08658 124.619 2
      vertex -8.7059 124.83 2
    endloop
  endfacet
  facet normal 0.752016 -0.659145 0
    outer loop
      vertex -6.46447 116.464 12.45
      vertex -6.03323 116.956 2
      vertex -6.03323 116.956 12.45
    endloop
  endfacet
  facet normal 0.752016 -0.659145 0
    outer loop
      vertex -6.03323 116.956 2
      vertex -6.46447 116.464 12.45
      vertex -6.46447 116.464 2
    endloop
  endfacet
  facet normal -0.0657477 -0.997836 0
    outer loop
      vertex -10.6526 115.043 2
      vertex -10 115 12.45
      vertex -10.6526 115.043 12.45
    endloop
  endfacet
  facet normal -0.0657477 -0.997836 -0
    outer loop
      vertex -10 115 12.45
      vertex -10.6526 115.043 2
      vertex -10 115 2
    endloop
  endfacet
  facet normal 0.831561 0.555434 0
    outer loop
      vertex -5.66987 122.5 12.45
      vertex -6.03323 123.044 2
      vertex -6.03323 123.044 12.45
    endloop
  endfacet
  facet normal 0.831561 0.555434 0
    outer loop
      vertex -6.03323 123.044 2
      vertex -5.66987 122.5 12.45
      vertex -5.66987 122.5 2
    endloop
  endfacet
  facet normal 0.441957 0.897036 -0
    outer loop
      vertex -7.5 124.33 2
      vertex -8.08658 124.619 12.45
      vertex -7.5 124.33 12.45
    endloop
  endfacet
  facet normal 0.441957 0.897036 0
    outer loop
      vertex -8.08658 124.619 12.45
      vertex -7.5 124.33 2
      vertex -8.08658 124.619 2
    endloop
  endfacet
  facet normal 0.98076 -0.195219 0
    outer loop
      vertex -5.17037 118.706 12.45
      vertex -5.04278 119.347 2
      vertex -5.04278 119.347 12.45
    endloop
  endfacet
  facet normal 0.98076 -0.195219 0
    outer loop
      vertex -5.04278 119.347 2
      vertex -5.17037 118.706 12.45
      vertex -5.17037 118.706 2
    endloop
  endfacet
  facet normal 0.322493 -0.946572 0
    outer loop
      vertex -8.7059 115.17 2
      vertex -8.08658 115.381 12.45
      vertex -8.7059 115.17 12.45
    endloop
  endfacet
  facet normal 0.322493 -0.946572 0
    outer loop
      vertex -8.08658 115.381 12.45
      vertex -8.7059 115.17 2
      vertex -8.08658 115.381 2
    endloop
  endfacet
  facet normal 0.896998 0.442035 0
    outer loop
      vertex -5.3806 121.913 12.45
      vertex -5.66987 122.5 2
      vertex -5.66987 122.5 12.45
    endloop
  endfacet
  facet normal 0.896998 0.442035 0
    outer loop
      vertex -5.66987 122.5 2
      vertex -5.3806 121.913 12.45
      vertex -5.3806 121.913 2
    endloop
  endfacet
  facet normal -0.555194 0.831721 0
    outer loop
      vertex -12.5 124.33 2
      vertex -13.0438 123.967 12.45
      vertex -12.5 124.33 12.45
    endloop
  endfacet
  facet normal -0.555194 0.831721 0
    outer loop
      vertex -13.0438 123.967 12.45
      vertex -12.5 124.33 2
      vertex -13.0438 123.967 2
    endloop
  endfacet
  facet normal -0.441945 0.897042 0
    outer loop
      vertex -11.9134 124.619 2
      vertex -12.5 124.33 12.45
      vertex -11.9134 124.619 12.45
    endloop
  endfacet
  facet normal -0.441945 0.897042 0
    outer loop
      vertex -12.5 124.33 12.45
      vertex -11.9134 124.619 2
      vertex -12.5 124.33 2
    endloop
  endfacet
  facet normal -0.831603 -0.55537 0
    outer loop
      vertex -13.9668 116.956 2
      vertex -14.3301 117.5 12.45
      vertex -14.3301 117.5 2
    endloop
  endfacet
  facet normal -0.831603 -0.55537 0
    outer loop
      vertex -14.3301 117.5 12.45
      vertex -13.9668 116.956 2
      vertex -13.9668 116.956 12.45
    endloop
  endfacet
  facet normal 0.65915 0.752012 -0
    outer loop
      vertex -6.46447 123.536 2
      vertex -6.95619 123.967 12.45
      vertex -6.46447 123.536 12.45
    endloop
  endfacet
  facet normal 0.65915 0.752012 0
    outer loop
      vertex -6.95619 123.967 12.45
      vertex -6.46447 123.536 2
      vertex -6.95619 123.967 2
    endloop
  endfacet
  facet normal -0.322503 0.946569 0
    outer loop
      vertex -11.2941 124.83 2
      vertex -11.9134 124.619 12.45
      vertex -11.2941 124.83 12.45
    endloop
  endfacet
  facet normal -0.322503 0.946569 0
    outer loop
      vertex -11.9134 124.619 12.45
      vertex -11.2941 124.83 2
      vertex -11.9134 124.619 2
    endloop
  endfacet
  facet normal -0.89698 -0.442072 0
    outer loop
      vertex -14.3301 117.5 2
      vertex -14.6194 118.087 12.45
      vertex -14.6194 118.087 2
    endloop
  endfacet
  facet normal -0.89698 -0.442072 0
    outer loop
      vertex -14.6194 118.087 12.45
      vertex -14.3301 117.5 2
      vertex -14.3301 117.5 12.45
    endloop
  endfacet
  facet normal -0.980757 0.195233 0
    outer loop
      vertex -14.9572 120.653 2
      vertex -14.8296 121.294 12.45
      vertex -14.8296 121.294 2
    endloop
  endfacet
  facet normal -0.980757 0.195233 0
    outer loop
      vertex -14.8296 121.294 12.45
      vertex -14.9572 120.653 2
      vertex -14.9572 120.653 12.45
    endloop
  endfacet
  facet normal 0.94688 -0.321587 0
    outer loop
      vertex -5.3806 118.087 12.45
      vertex -5.17037 118.706 2
      vertex -5.17037 118.706 12.45
    endloop
  endfacet
  facet normal 0.94688 -0.321587 0
    outer loop
      vertex -5.17037 118.706 2
      vertex -5.3806 118.087 12.45
      vertex -5.3806 118.087 2
    endloop
  endfacet
  facet normal 0.441957 -0.897036 0
    outer loop
      vertex -8.08658 115.381 2
      vertex -7.5 115.67 12.45
      vertex -8.08658 115.381 12.45
    endloop
  endfacet
  facet normal 0.441957 -0.897036 0
    outer loop
      vertex -7.5 115.67 12.45
      vertex -8.08658 115.381 2
      vertex -7.5 115.67 2
    endloop
  endfacet
  facet normal -0.946894 -0.321546 0
    outer loop
      vertex -14.6194 118.087 2
      vertex -14.8296 118.706 12.45
      vertex -14.8296 118.706 2
    endloop
  endfacet
  facet normal -0.946894 -0.321546 0
    outer loop
      vertex -14.8296 118.706 12.45
      vertex -14.6194 118.087 2
      vertex -14.6194 118.087 12.45
    endloop
  endfacet
  facet normal -0.75197 -0.659197 0
    outer loop
      vertex -13.5355 116.464 2
      vertex -13.9668 116.956 12.45
      vertex -13.9668 116.956 2
    endloop
  endfacet
  facet normal -0.75197 -0.659197 0
    outer loop
      vertex -13.9668 116.956 12.45
      vertex -13.5355 116.464 2
      vertex -13.5355 116.464 12.45
    endloop
  endfacet
  facet normal 0.831561 -0.555434 0
    outer loop
      vertex -6.03323 116.956 12.45
      vertex -5.66987 117.5 2
      vertex -5.66987 117.5 12.45
    endloop
  endfacet
  facet normal 0.831561 -0.555434 0
    outer loop
      vertex -5.66987 117.5 2
      vertex -6.03323 116.956 12.45
      vertex -6.03323 116.956 2
    endloop
  endfacet
  facet normal -0.89698 0.442072 0
    outer loop
      vertex -14.6194 121.913 2
      vertex -14.3301 122.5 12.45
      vertex -14.3301 122.5 2
    endloop
  endfacet
  facet normal -0.89698 0.442072 0
    outer loop
      vertex -14.3301 122.5 12.45
      vertex -14.6194 121.913 2
      vertex -14.6194 121.913 12.45
    endloop
  endfacet
  facet normal -0.659165 0.751998 0
    outer loop
      vertex -13.0438 123.967 2
      vertex -13.5355 123.536 12.45
      vertex -13.0438 123.967 12.45
    endloop
  endfacet
  facet normal -0.659165 0.751998 0
    outer loop
      vertex -13.5355 123.536 12.45
      vertex -13.0438 123.967 2
      vertex -13.5355 123.536 2
    endloop
  endfacet
  facet normal 0.0657447 0.997836 -0
    outer loop
      vertex -9.34737 124.957 2
      vertex -10 125 12.45
      vertex -9.34737 124.957 12.45
    endloop
  endfacet
  facet normal 0.0657447 0.997836 0
    outer loop
      vertex -10 125 12.45
      vertex -9.34737 124.957 2
      vertex -10 125 2
    endloop
  endfacet
  facet normal 0.94688 0.321587 0
    outer loop
      vertex -5.17037 121.294 12.45
      vertex -5.3806 121.913 2
      vertex -5.3806 121.913 12.45
    endloop
  endfacet
  facet normal 0.94688 0.321587 0
    outer loop
      vertex -5.3806 121.913 2
      vertex -5.17037 121.294 12.45
      vertex -5.17037 121.294 2
    endloop
  endfacet
  facet normal -0.980757 -0.195233 0
    outer loop
      vertex -14.8296 118.706 2
      vertex -14.9572 119.347 12.45
      vertex -14.9572 119.347 2
    endloop
  endfacet
  facet normal -0.980757 -0.195233 0
    outer loop
      vertex -14.9572 119.347 12.45
      vertex -14.8296 118.706 2
      vertex -14.8296 118.706 12.45
    endloop
  endfacet
  facet normal 0.194213 0.980959 -0
    outer loop
      vertex -8.7059 124.83 2
      vertex -9.34737 124.957 12.45
      vertex -8.7059 124.83 12.45
    endloop
  endfacet
  facet normal 0.194213 0.980959 0
    outer loop
      vertex -9.34737 124.957 12.45
      vertex -8.7059 124.83 2
      vertex -9.34737 124.957 2
    endloop
  endfacet
  facet normal -0.997859 0.0654033 0
    outer loop
      vertex -15 120 2
      vertex -14.9572 120.653 12.45
      vertex -14.9572 120.653 2
    endloop
  endfacet
  facet normal -0.997859 0.0654033 0
    outer loop
      vertex -14.9572 120.653 12.45
      vertex -15 120 2
      vertex -15 120 12.45
    endloop
  endfacet
  facet normal -0.555194 -0.831721 0
    outer loop
      vertex -13.0438 116.033 2
      vertex -12.5 115.67 12.45
      vertex -13.0438 116.033 12.45
    endloop
  endfacet
  facet normal -0.555194 -0.831721 -0
    outer loop
      vertex -12.5 115.67 12.45
      vertex -13.0438 116.033 2
      vertex -12.5 115.67 2
    endloop
  endfacet
  facet normal 0.0657447 -0.997836 0
    outer loop
      vertex -10 115 2
      vertex -9.34737 115.043 12.45
      vertex -10 115 12.45
    endloop
  endfacet
  facet normal 0.0657447 -0.997836 0
    outer loop
      vertex -9.34737 115.043 12.45
      vertex -10 115 2
      vertex -9.34737 115.043 2
    endloop
  endfacet
  facet normal -0.997859 -0.0654033 0
    outer loop
      vertex -14.9572 119.347 2
      vertex -15 120 12.45
      vertex -15 120 2
    endloop
  endfacet
  facet normal -0.997859 -0.0654033 0
    outer loop
      vertex -15 120 12.45
      vertex -14.9572 119.347 2
      vertex -14.9572 119.347 12.45
    endloop
  endfacet
  facet normal 0 0 1
    outer loop
      vertex -8.3 120 12.45
      vertex -5 120 12.45
      vertex -5.04278 120.653 12.45
    endloop
  endfacet
  facet normal 0 0 1
    outer loop
      vertex -8.31454 120.222 12.45
      vertex -5.04278 120.653 12.45
      vertex -5.17037 121.294 12.45
    endloop
  endfacet
  facet normal 0 0 1
    outer loop
      vertex -5 120 12.45
      vertex -8.3 120 12.45
      vertex -5.04278 119.347 12.45
    endloop
  endfacet
  facet normal 0 0 1
    outer loop
      vertex -8.35793 120.44 12.45
      vertex -5.17037 121.294 12.45
      vertex -5.3806 121.913 12.45
    endloop
  endfacet
  facet normal -0 0 1
    outer loop
      vertex -8.31454 119.778 12.45
      vertex -5.04278 119.347 12.45
      vertex -8.3 120 12.45
    endloop
  endfacet
  facet normal 0 0 1
    outer loop
      vertex -8.4294 120.651 12.45
      vertex -5.3806 121.913 12.45
      vertex -5.66987 122.5 12.45
    endloop
  endfacet
  facet normal 0 0 1
    outer loop
      vertex -5.04278 119.347 12.45
      vertex -8.31454 119.778 12.45
      vertex -5.17037 118.706 12.45
    endloop
  endfacet
  facet normal 0 0 1
    outer loop
      vertex -8.52776 120.85 12.45
      vertex -5.66987 122.5 12.45
      vertex -6.03323 123.044 12.45
    endloop
  endfacet
  facet normal -0 0 1
    outer loop
      vertex -8.35793 119.56 12.45
      vertex -5.17037 118.706 12.45
      vertex -8.31454 119.778 12.45
    endloop
  endfacet
  facet normal 0 0 1
    outer loop
      vertex -8.6513 121.035 12.45
      vertex -6.03323 123.044 12.45
      vertex -6.46447 123.536 12.45
    endloop
  endfacet
  facet normal 0 0 1
    outer loop
      vertex -5.17037 118.706 12.45
      vertex -8.35793 119.56 12.45
      vertex -5.3806 118.087 12.45
    endloop
  endfacet
  facet normal 0 0 1
    outer loop
      vertex -8.79792 121.202 12.45
      vertex -6.46447 123.536 12.45
      vertex -6.95619 123.967 12.45
    endloop
  endfacet
  facet normal -0 0 1
    outer loop
      vertex -8.4294 119.349 12.45
      vertex -5.3806 118.087 12.45
      vertex -8.35793 119.56 12.45
    endloop
  endfacet
  facet normal 0 0 1
    outer loop
      vertex -8.96511 121.349 12.45
      vertex -6.95619 123.967 12.45
      vertex -7.5 124.33 12.45
    endloop
  endfacet
  facet normal 0 0 1
    outer loop
      vertex -5.3806 118.087 12.45
      vertex -8.4294 119.349 12.45
      vertex -5.66987 117.5 12.45
    endloop
  endfacet
  facet normal 0 0 1
    outer loop
      vertex -9.15 121.472 12.45
      vertex -7.5 124.33 12.45
      vertex -8.08658 124.619 12.45
    endloop
  endfacet
  facet normal -0 0 1
    outer loop
      vertex -8.52776 119.15 12.45
      vertex -5.66987 117.5 12.45
      vertex -8.4294 119.349 12.45
    endloop
  endfacet
  facet normal 0 0 1
    outer loop
      vertex -5.66987 117.5 12.45
      vertex -8.52776 119.15 12.45
      vertex -6.03323 116.956 12.45
    endloop
  endfacet
  facet normal 0 0 1
    outer loop
      vertex -5.04278 120.653 12.45
      vertex -8.31454 120.222 12.45
      vertex -8.3 120 12.45
    endloop
  endfacet
  facet normal 0 0 1
    outer loop
      vertex -5.17037 121.294 12.45
      vertex -8.35793 120.44 12.45
      vertex -8.31454 120.222 12.45
    endloop
  endfacet
  facet normal 0 0 1
    outer loop
      vertex -5.3806 121.913 12.45
      vertex -8.4294 120.651 12.45
      vertex -8.35793 120.44 12.45
    endloop
  endfacet
  facet normal 0 0 1
    outer loop
      vertex -5.66987 122.5 12.45
      vertex -8.52776 120.85 12.45
      vertex -8.4294 120.651 12.45
    endloop
  endfacet
  facet normal 0 0 1
    outer loop
      vertex -6.03323 123.044 12.45
      vertex -8.6513 121.035 12.45
      vertex -8.52776 120.85 12.45
    endloop
  endfacet
  facet normal 0 0 1
    outer loop
      vertex -9.34944 121.571 12.45
      vertex -8.08658 124.619 12.45
      vertex -8.7059 124.83 12.45
    endloop
  endfacet
  facet normal 0 0 1
    outer loop
      vertex -6.46447 123.536 12.45
      vertex -8.79792 121.202 12.45
      vertex -8.6513 121.035 12.45
    endloop
  endfacet
  facet normal 0 0 1
    outer loop
      vertex -6.95619 123.967 12.45
      vertex -8.96511 121.349 12.45
      vertex -8.79792 121.202 12.45
    endloop
  endfacet
  facet normal 0 0 1
    outer loop
      vertex -7.5 124.33 12.45
      vertex -9.15 121.472 12.45
      vertex -8.96511 121.349 12.45
    endloop
  endfacet
  facet normal 0 0 1
    outer loop
      vertex -9.56001 121.642 12.45
      vertex -8.7059 124.83 12.45
      vertex -9.34737 124.957 12.45
    endloop
  endfacet
  facet normal 0 0 1
    outer loop
      vertex -8.08658 124.619 12.45
      vertex -9.34944 121.571 12.45
      vertex -9.15 121.472 12.45
    endloop
  endfacet
  facet normal 0 0 1
    outer loop
      vertex -8.7059 124.83 12.45
      vertex -9.56001 121.642 12.45
      vertex -9.34944 121.571 12.45
    endloop
  endfacet
  facet normal 0 0 1
    outer loop
      vertex -9.34737 124.957 12.45
      vertex -9.7781 121.685 12.45
      vertex -9.56001 121.642 12.45
    endloop
  endfacet
  facet normal 0 0 1
    outer loop
      vertex -10 125 12.45
      vertex -9.7781 121.685 12.45
      vertex -9.34737 124.957 12.45
    endloop
  endfacet
  facet normal 0 0 1
    outer loop
      vertex -10 125 12.45
      vertex -10 121.7 12.45
      vertex -9.7781 121.685 12.45
    endloop
  endfacet
  facet normal 0 0 1
    outer loop
      vertex -10 125 12.45
      vertex -10.2219 121.685 12.45
      vertex -10 121.7 12.45
    endloop
  endfacet
  facet normal -0 0 1
    outer loop
      vertex -10.6526 124.957 12.45
      vertex -10.2219 121.685 12.45
      vertex -10 125 12.45
    endloop
  endfacet
  facet normal 0 0 1
    outer loop
      vertex -10.2219 121.685 12.45
      vertex -10.6526 124.957 12.45
      vertex -10.44 121.642 12.45
    endloop
  endfacet
  facet normal -0 0 1
    outer loop
      vertex -11.2941 124.83 12.45
      vertex -10.44 121.642 12.45
      vertex -10.6526 124.957 12.45
    endloop
  endfacet
  facet normal 0 0 1
    outer loop
      vertex -10.44 121.642 12.45
      vertex -11.2941 124.83 12.45
      vertex -10.6506 121.571 12.45
    endloop
  endfacet
  facet normal -0 0 1
    outer loop
      vertex -11.9134 124.619 12.45
      vertex -10.6506 121.571 12.45
      vertex -11.2941 124.83 12.45
    endloop
  endfacet
  facet normal 0 0 1
    outer loop
      vertex -10.6506 121.571 12.45
      vertex -11.9134 124.619 12.45
      vertex -10.85 121.472 12.45
    endloop
  endfacet
  facet normal -0 0 1
    outer loop
      vertex -12.5 124.33 12.45
      vertex -10.85 121.472 12.45
      vertex -11.9134 124.619 12.45
    endloop
  endfacet
  facet normal 0 0 1
    outer loop
      vertex -10.85 121.472 12.45
      vertex -12.5 124.33 12.45
      vertex -11.0349 121.349 12.45
    endloop
  endfacet
  facet normal -0 0 1
    outer loop
      vertex -13.0438 123.967 12.45
      vertex -11.0349 121.349 12.45
      vertex -12.5 124.33 12.45
    endloop
  endfacet
  facet normal 0 0 1
    outer loop
      vertex -11.0349 121.349 12.45
      vertex -13.0438 123.967 12.45
      vertex -11.2021 121.202 12.45
    endloop
  endfacet
  facet normal -0 0 1
    outer loop
      vertex -13.5355 123.536 12.45
      vertex -11.2021 121.202 12.45
      vertex -13.0438 123.967 12.45
    endloop
  endfacet
  facet normal 0 0 1
    outer loop
      vertex -11.2021 121.202 12.45
      vertex -13.5355 123.536 12.45
      vertex -11.3487 121.035 12.45
    endloop
  endfacet
  facet normal 0 0 1
    outer loop
      vertex -11.3487 121.035 12.45
      vertex -13.9668 123.044 12.45
      vertex -11.4722 120.85 12.45
    endloop
  endfacet
  facet normal -0 0 1
    outer loop
      vertex -13.9668 123.044 12.45
      vertex -11.3487 121.035 12.45
      vertex -13.5355 123.536 12.45
    endloop
  endfacet
  facet normal -0 0 1
    outer loop
      vertex -8.6513 118.965 12.45
      vertex -6.03323 116.956 12.45
      vertex -8.52776 119.15 12.45
    endloop
  endfacet
  facet normal 0 0 1
    outer loop
      vertex -6.03323 116.956 12.45
      vertex -8.6513 118.965 12.45
      vertex -6.46447 116.464 12.45
    endloop
  endfacet
  facet normal -0 0 1
    outer loop
      vertex -8.79792 118.798 12.45
      vertex -6.46447 116.464 12.45
      vertex -8.6513 118.965 12.45
    endloop
  endfacet
  facet normal 0 0 1
    outer loop
      vertex -6.46447 116.464 12.45
      vertex -8.79792 118.798 12.45
      vertex -6.95619 116.033 12.45
    endloop
  endfacet
  facet normal -0 0 1
    outer loop
      vertex -8.96511 118.651 12.45
      vertex -6.95619 116.033 12.45
      vertex -8.79792 118.798 12.45
    endloop
  endfacet
  facet normal 0 0 1
    outer loop
      vertex -6.95619 116.033 12.45
      vertex -8.96511 118.651 12.45
      vertex -7.5 115.67 12.45
    endloop
  endfacet
  facet normal -0 0 1
    outer loop
      vertex -9.15 118.528 12.45
      vertex -7.5 115.67 12.45
      vertex -8.96511 118.651 12.45
    endloop
  endfacet
  facet normal 0 0 1
    outer loop
      vertex -7.5 115.67 12.45
      vertex -9.15 118.528 12.45
      vertex -8.08658 115.381 12.45
    endloop
  endfacet
  facet normal -0 0 1
    outer loop
      vertex -9.34944 118.429 12.45
      vertex -8.08658 115.381 12.45
      vertex -9.15 118.528 12.45
    endloop
  endfacet
  facet normal 0 0 1
    outer loop
      vertex -8.08658 115.381 12.45
      vertex -9.34944 118.429 12.45
      vertex -8.7059 115.17 12.45
    endloop
  endfacet
  facet normal -0 0 1
    outer loop
      vertex -9.56001 118.358 12.45
      vertex -8.7059 115.17 12.45
      vertex -9.34944 118.429 12.45
    endloop
  endfacet
  facet normal 0 0 1
    outer loop
      vertex -8.7059 115.17 12.45
      vertex -9.56001 118.358 12.45
      vertex -9.34737 115.043 12.45
    endloop
  endfacet
  facet normal -0 0 1
    outer loop
      vertex -9.7781 118.315 12.45
      vertex -9.34737 115.043 12.45
      vertex -9.56001 118.358 12.45
    endloop
  endfacet
  facet normal -0 0 1
    outer loop
      vertex -10 118.3 12.45
      vertex -9.34737 115.043 12.45
      vertex -9.7781 118.315 12.45
    endloop
  endfacet
  facet normal 0 0 1
    outer loop
      vertex -10 118.3 12.45
      vertex -10 115 12.45
      vertex -9.34737 115.043 12.45
    endloop
  endfacet
  facet normal 0 0 1
    outer loop
      vertex -10.2219 118.315 12.45
      vertex -10 115 12.45
      vertex -10 118.3 12.45
    endloop
  endfacet
  facet normal 0 0 1
    outer loop
      vertex -10.6526 115.043 12.45
      vertex -10.2219 118.315 12.45
      vertex -10.44 118.358 12.45
    endloop
  endfacet
  facet normal 0 0 1
    outer loop
      vertex -11.2941 115.17 12.45
      vertex -10.44 118.358 12.45
      vertex -10.6506 118.429 12.45
    endloop
  endfacet
  facet normal 0 0 1
    outer loop
      vertex -10.2219 118.315 12.45
      vertex -10.6526 115.043 12.45
      vertex -10 115 12.45
    endloop
  endfacet
  facet normal 0 0 1
    outer loop
      vertex -11.9134 115.381 12.45
      vertex -10.6506 118.429 12.45
      vertex -10.85 118.528 12.45
    endloop
  endfacet
  facet normal 0 0 1
    outer loop
      vertex -12.5 115.67 12.45
      vertex -10.85 118.528 12.45
      vertex -11.0349 118.651 12.45
    endloop
  endfacet
  facet normal 0 0 1
    outer loop
      vertex -13.0438 116.033 12.45
      vertex -11.0349 118.651 12.45
      vertex -11.2021 118.798 12.45
    endloop
  endfacet
  facet normal 0 0 1
    outer loop
      vertex -10.44 118.358 12.45
      vertex -11.2941 115.17 12.45
      vertex -10.6526 115.043 12.45
    endloop
  endfacet
  facet normal 0 0 1
    outer loop
      vertex -13.5355 116.464 12.45
      vertex -11.2021 118.798 12.45
      vertex -11.3487 118.965 12.45
    endloop
  endfacet
  facet normal 0 0 1
    outer loop
      vertex -13.9668 116.956 12.45
      vertex -11.3487 118.965 12.45
      vertex -11.4722 119.15 12.45
    endloop
  endfacet
  facet normal 0 0 1
    outer loop
      vertex -14.3301 117.5 12.45
      vertex -11.4722 119.15 12.45
      vertex -11.5706 119.349 12.45
    endloop
  endfacet
  facet normal 0 0 1
    outer loop
      vertex -14.6194 118.087 12.45
      vertex -11.5706 119.349 12.45
      vertex -11.6421 119.56 12.45
    endloop
  endfacet
  facet normal 0 0 1
    outer loop
      vertex -14.8296 118.706 12.45
      vertex -11.6421 119.56 12.45
      vertex -11.6855 119.778 12.45
    endloop
  endfacet
  facet normal 0 0 1
    outer loop
      vertex -10.6506 118.429 12.45
      vertex -11.9134 115.381 12.45
      vertex -11.2941 115.17 12.45
    endloop
  endfacet
  facet normal 0 0 1
    outer loop
      vertex -14.9572 119.347 12.45
      vertex -11.6855 119.778 12.45
      vertex -11.7 120 12.45
    endloop
  endfacet
  facet normal -0 0 1
    outer loop
      vertex -14.3301 122.5 12.45
      vertex -11.4722 120.85 12.45
      vertex -13.9668 123.044 12.45
    endloop
  endfacet
  facet normal 0 0 1
    outer loop
      vertex -11.4722 120.85 12.45
      vertex -14.3301 122.5 12.45
      vertex -11.5706 120.651 12.45
    endloop
  endfacet
  facet normal 0 0 1
    outer loop
      vertex -10.85 118.528 12.45
      vertex -12.5 115.67 12.45
      vertex -11.9134 115.381 12.45
    endloop
  endfacet
  facet normal -0 0 1
    outer loop
      vertex -14.6194 121.913 12.45
      vertex -11.5706 120.651 12.45
      vertex -14.3301 122.5 12.45
    endloop
  endfacet
  facet normal 0 0 1
    outer loop
      vertex -11.0349 118.651 12.45
      vertex -13.0438 116.033 12.45
      vertex -12.5 115.67 12.45
    endloop
  endfacet
  facet normal 0 0 1
    outer loop
      vertex -11.5706 120.651 12.45
      vertex -14.6194 121.913 12.45
      vertex -11.6421 120.44 12.45
    endloop
  endfacet
  facet normal 0 0 1
    outer loop
      vertex -11.2021 118.798 12.45
      vertex -13.5355 116.464 12.45
      vertex -13.0438 116.033 12.45
    endloop
  endfacet
  facet normal -0 0 1
    outer loop
      vertex -14.8296 121.294 12.45
      vertex -11.6421 120.44 12.45
      vertex -14.6194 121.913 12.45
    endloop
  endfacet
  facet normal 0 0 1
    outer loop
      vertex -11.3487 118.965 12.45
      vertex -13.9668 116.956 12.45
      vertex -13.5355 116.464 12.45
    endloop
  endfacet
  facet normal 0 0 1
    outer loop
      vertex -11.6421 120.44 12.45
      vertex -14.8296 121.294 12.45
      vertex -11.6855 120.222 12.45
    endloop
  endfacet
  facet normal 0 0 1
    outer loop
      vertex -11.4722 119.15 12.45
      vertex -14.3301 117.5 12.45
      vertex -13.9668 116.956 12.45
    endloop
  endfacet
  facet normal -0 0 1
    outer loop
      vertex -14.9572 120.653 12.45
      vertex -11.6855 120.222 12.45
      vertex -14.8296 121.294 12.45
    endloop
  endfacet
  facet normal 0 0 1
    outer loop
      vertex -11.5706 119.349 12.45
      vertex -14.6194 118.087 12.45
      vertex -14.3301 117.5 12.45
    endloop
  endfacet
  facet normal 0 0 1
    outer loop
      vertex -11.6855 120.222 12.45
      vertex -14.9572 120.653 12.45
      vertex -11.7 120 12.45
    endloop
  endfacet
  facet normal 0 0 1
    outer loop
      vertex -11.6421 119.56 12.45
      vertex -14.8296 118.706 12.45
      vertex -14.6194 118.087 12.45
    endloop
  endfacet
  facet normal 0 0 1
    outer loop
      vertex -15 120 12.45
      vertex -11.7 120 12.45
      vertex -14.9572 120.653 12.45
    endloop
  endfacet
  facet normal 0 0 1
    outer loop
      vertex -11.6855 119.778 12.45
      vertex -14.9572 119.347 12.45
      vertex -14.8296 118.706 12.45
    endloop
  endfacet
  facet normal 0 0 1
    outer loop
      vertex -11.7 120 12.45
      vertex -15 120 12.45
      vertex -14.9572 119.347 12.45
    endloop
  endfacet
  facet normal -0.322503 -0.946569 0
    outer loop
      vertex -11.9134 115.381 2
      vertex -11.2941 115.17 12.45
      vertex -11.9134 115.381 12.45
    endloop
  endfacet
  facet normal -0.322503 -0.946569 -0
    outer loop
      vertex -11.2941 115.17 12.45
      vertex -11.9134 115.381 2
      vertex -11.2941 115.17 2
    endloop
  endfacet
  facet normal -0.75197 0.659197 0
    outer loop
      vertex -13.9668 123.044 2
      vertex -13.5355 123.536 12.45
      vertex -13.5355 123.536 2
    endloop
  endfacet
  facet normal -0.75197 0.659197 0
    outer loop
      vertex -13.5355 123.536 12.45
      vertex -13.9668 123.044 2
      vertex -13.9668 123.044 12.45
    endloop
  endfacet
  facet normal 0.194204 -0.980961 0
    outer loop
      vertex 10.6526 115.043 2
      vertex 11.2941 115.17 12.45
      vertex 10.6526 115.043 12.45
    endloop
  endfacet
  facet normal 0.194204 -0.980961 0
    outer loop
      vertex 11.2941 115.17 12.45
      vertex 10.6526 115.043 2
      vertex 11.2941 115.17 2
    endloop
  endfacet
  facet normal 0.980757 0.195233 0
    outer loop
      vertex 14.9572 120.653 12.45
      vertex 14.8296 121.294 2
      vertex 14.8296 121.294 12.45
    endloop
  endfacet
  facet normal 0.980757 0.195233 0
    outer loop
      vertex 14.8296 121.294 2
      vertex 14.9572 120.653 12.45
      vertex 14.9572 120.653 2
    endloop
  endfacet
  facet normal 0.997859 0.0654033 0
    outer loop
      vertex 15 120 12.45
      vertex 14.9572 120.653 2
      vertex 14.9572 120.653 12.45
    endloop
  endfacet
  facet normal 0.997859 0.0654033 0
    outer loop
      vertex 14.9572 120.653 2
      vertex 15 120 12.45
      vertex 15 120 2
    endloop
  endfacet
  facet normal -0.997861 -0.0653729 0
    outer loop
      vertex 5.04278 119.347 2
      vertex 5 120 12.45
      vertex 5 120 2
    endloop
  endfacet
  facet normal -0.997861 -0.0653729 0
    outer loop
      vertex 5 120 12.45
      vertex 5.04278 119.347 2
      vertex 5.04278 119.347 12.45
    endloop
  endfacet
  facet normal -0.322493 -0.946572 0
    outer loop
      vertex 8.08658 115.381 2
      vertex 8.7059 115.17 12.45
      vertex 8.08658 115.381 12.45
    endloop
  endfacet
  facet normal -0.322493 -0.946572 -0
    outer loop
      vertex 8.7059 115.17 12.45
      vertex 8.08658 115.381 2
      vertex 8.7059 115.17 2
    endloop
  endfacet
  facet normal -0.65915 0.752012 0
    outer loop
      vertex 6.95619 123.967 2
      vertex 6.46447 123.536 12.45
      vertex 6.95619 123.967 12.45
    endloop
  endfacet
  facet normal -0.65915 0.752012 0
    outer loop
      vertex 6.46447 123.536 12.45
      vertex 6.95619 123.967 2
      vertex 6.46447 123.536 2
    endloop
  endfacet
  facet normal 0.946894 -0.321546 0
    outer loop
      vertex 14.6194 118.087 12.45
      vertex 14.8296 118.706 2
      vertex 14.8296 118.706 12.45
    endloop
  endfacet
  facet normal 0.946894 -0.321546 0
    outer loop
      vertex 14.8296 118.706 2
      vertex 14.6194 118.087 12.45
      vertex 14.6194 118.087 2
    endloop
  endfacet
  facet normal -0.997861 0.0653729 0
    outer loop
      vertex 5 120 2
      vertex 5.04278 120.653 12.45
      vertex 5.04278 120.653 2
    endloop
  endfacet
  facet normal -0.997861 0.0653729 0
    outer loop
      vertex 5.04278 120.653 12.45
      vertex 5 120 2
      vertex 5 120 12.45
    endloop
  endfacet
  facet normal -0.0657447 -0.997836 0
    outer loop
      vertex 9.34737 115.043 2
      vertex 10 115 12.45
      vertex 9.34737 115.043 12.45
    endloop
  endfacet
  facet normal -0.0657447 -0.997836 -0
    outer loop
      vertex 10 115 12.45
      vertex 9.34737 115.043 2
      vertex 10 115 2
    endloop
  endfacet
  facet normal -0.831561 0.555434 0
    outer loop
      vertex 5.66987 122.5 2
      vertex 6.03323 123.044 12.45
      vertex 6.03323 123.044 2
    endloop
  endfacet
  facet normal -0.831561 0.555434 0
    outer loop
      vertex 6.03323 123.044 12.45
      vertex 5.66987 122.5 2
      vertex 5.66987 122.5 12.45
    endloop
  endfacet
  facet normal 0.980757 -0.195233 0
    outer loop
      vertex 14.8296 118.706 12.45
      vertex 14.9572 119.347 2
      vertex 14.9572 119.347 12.45
    endloop
  endfacet
  facet normal 0.980757 -0.195233 0
    outer loop
      vertex 14.9572 119.347 2
      vertex 14.8296 118.706 12.45
      vertex 14.8296 118.706 2
    endloop
  endfacet
  facet normal -0.555187 -0.831725 0
    outer loop
      vertex 6.95619 116.033 2
      vertex 7.5 115.67 12.45
      vertex 6.95619 116.033 12.45
    endloop
  endfacet
  facet normal -0.555187 -0.831725 -0
    outer loop
      vertex 7.5 115.67 12.45
      vertex 6.95619 116.033 2
      vertex 7.5 115.67 2
    endloop
  endfacet
  facet normal 0.659165 -0.751998 0
    outer loop
      vertex 13.0438 116.033 2
      vertex 13.5355 116.464 12.45
      vertex 13.0438 116.033 12.45
    endloop
  endfacet
  facet normal 0.659165 -0.751998 0
    outer loop
      vertex 13.5355 116.464 12.45
      vertex 13.0438 116.033 2
      vertex 13.5355 116.464 2
    endloop
  endfacet
  facet normal -0.98076 -0.195219 0
    outer loop
      vertex 5.17037 118.706 2
      vertex 5.04278 119.347 12.45
      vertex 5.04278 119.347 2
    endloop
  endfacet
  facet normal -0.98076 -0.195219 0
    outer loop
      vertex 5.04278 119.347 12.45
      vertex 5.17037 118.706 2
      vertex 5.17037 118.706 12.45
    endloop
  endfacet
  facet normal -0.194213 0.980959 0
    outer loop
      vertex 9.34737 124.957 2
      vertex 8.7059 124.83 12.45
      vertex 9.34737 124.957 12.45
    endloop
  endfacet
  facet normal -0.194213 0.980959 0
    outer loop
      vertex 8.7059 124.83 12.45
      vertex 9.34737 124.957 2
      vertex 8.7059 124.83 2
    endloop
  endfacet
  facet normal 0.831603 0.55537 0
    outer loop
      vertex 14.3301 122.5 12.45
      vertex 13.9668 123.044 2
      vertex 13.9668 123.044 12.45
    endloop
  endfacet
  facet normal 0.831603 0.55537 0
    outer loop
      vertex 13.9668 123.044 2
      vertex 14.3301 122.5 12.45
      vertex 14.3301 122.5 2
    endloop
  endfacet
  facet normal -0.752016 -0.659145 0
    outer loop
      vertex 6.46447 116.464 2
      vertex 6.03323 116.956 12.45
      vertex 6.03323 116.956 2
    endloop
  endfacet
  facet normal -0.752016 -0.659145 0
    outer loop
      vertex 6.03323 116.956 12.45
      vertex 6.46447 116.464 2
      vertex 6.46447 116.464 12.45
    endloop
  endfacet
  facet normal -0.555187 0.831725 0
    outer loop
      vertex 7.5 124.33 2
      vertex 6.95619 123.967 12.45
      vertex 7.5 124.33 12.45
    endloop
  endfacet
  facet normal -0.555187 0.831725 0
    outer loop
      vertex 6.95619 123.967 12.45
      vertex 7.5 124.33 2
      vertex 6.95619 123.967 2
    endloop
  endfacet
  facet normal 0.659165 0.751998 -0
    outer loop
      vertex 13.5355 123.536 2
      vertex 13.0438 123.967 12.45
      vertex 13.5355 123.536 12.45
    endloop
  endfacet
  facet normal 0.659165 0.751998 0
    outer loop
      vertex 13.0438 123.967 12.45
      vertex 13.5355 123.536 2
      vertex 13.0438 123.967 2
    endloop
  endfacet
  facet normal 0.441945 0.897042 -0
    outer loop
      vertex 12.5 124.33 2
      vertex 11.9134 124.619 12.45
      vertex 12.5 124.33 12.45
    endloop
  endfacet
  facet normal 0.441945 0.897042 0
    outer loop
      vertex 11.9134 124.619 12.45
      vertex 12.5 124.33 2
      vertex 11.9134 124.619 2
    endloop
  endfacet
  facet normal 0.89698 -0.442072 0
    outer loop
      vertex 14.3301 117.5 12.45
      vertex 14.6194 118.087 2
      vertex 14.6194 118.087 12.45
    endloop
  endfacet
  facet normal 0.89698 -0.442072 0
    outer loop
      vertex 14.6194 118.087 2
      vertex 14.3301 117.5 12.45
      vertex 14.3301 117.5 2
    endloop
  endfacet
  facet normal 0.997859 -0.0654033 0
    outer loop
      vertex 14.9572 119.347 12.45
      vertex 15 120 2
      vertex 15 120 12.45
    endloop
  endfacet
  facet normal 0.997859 -0.0654033 0
    outer loop
      vertex 15 120 2
      vertex 14.9572 119.347 12.45
      vertex 14.9572 119.347 2
    endloop
  endfacet
  facet normal -0.752016 0.659145 0
    outer loop
      vertex 6.03323 123.044 2
      vertex 6.46447 123.536 12.45
      vertex 6.46447 123.536 2
    endloop
  endfacet
  facet normal -0.752016 0.659145 0
    outer loop
      vertex 6.46447 123.536 12.45
      vertex 6.03323 123.044 2
      vertex 6.03323 123.044 12.45
    endloop
  endfacet
  facet normal 0.555194 0.831721 -0
    outer loop
      vertex 13.0438 123.967 2
      vertex 12.5 124.33 12.45
      vertex 13.0438 123.967 12.45
    endloop
  endfacet
  facet normal 0.555194 0.831721 0
    outer loop
      vertex 12.5 124.33 12.45
      vertex 13.0438 123.967 2
      vertex 12.5 124.33 2
    endloop
  endfacet
  facet normal -0.94688 0.321587 0
    outer loop
      vertex 5.17037 121.294 2
      vertex 5.3806 121.913 12.45
      vertex 5.3806 121.913 2
    endloop
  endfacet
  facet normal -0.94688 0.321587 0
    outer loop
      vertex 5.3806 121.913 12.45
      vertex 5.17037 121.294 2
      vertex 5.17037 121.294 12.45
    endloop
  endfacet
  facet normal -0.831561 -0.555434 0
    outer loop
      vertex 6.03323 116.956 2
      vertex 5.66987 117.5 12.45
      vertex 5.66987 117.5 2
    endloop
  endfacet
  facet normal -0.831561 -0.555434 0
    outer loop
      vertex 5.66987 117.5 12.45
      vertex 6.03323 116.956 2
      vertex 6.03323 116.956 12.45
    endloop
  endfacet
  facet normal 0.0657477 0.997836 -0
    outer loop
      vertex 10.6526 124.957 2
      vertex 10 125 12.45
      vertex 10.6526 124.957 12.45
    endloop
  endfacet
  facet normal 0.0657477 0.997836 0
    outer loop
      vertex 10 125 12.45
      vertex 10.6526 124.957 2
      vertex 10 125 2
    endloop
  endfacet
  facet normal 0.322503 -0.946569 0
    outer loop
      vertex 11.2941 115.17 2
      vertex 11.9134 115.381 12.45
      vertex 11.2941 115.17 12.45
    endloop
  endfacet
  facet normal 0.322503 -0.946569 0
    outer loop
      vertex 11.9134 115.381 12.45
      vertex 11.2941 115.17 2
      vertex 11.9134 115.381 2
    endloop
  endfacet
  facet normal -0.896998 -0.442035 0
    outer loop
      vertex 5.66987 117.5 2
      vertex 5.3806 118.087 12.45
      vertex 5.3806 118.087 2
    endloop
  endfacet
  facet normal -0.896998 -0.442035 0
    outer loop
      vertex 5.3806 118.087 12.45
      vertex 5.66987 117.5 2
      vertex 5.66987 117.5 12.45
    endloop
  endfacet
  facet normal 0.555194 -0.831721 0
    outer loop
      vertex 12.5 115.67 2
      vertex 13.0438 116.033 12.45
      vertex 12.5 115.67 12.45
    endloop
  endfacet
  facet normal 0.555194 -0.831721 0
    outer loop
      vertex 13.0438 116.033 12.45
      vertex 12.5 115.67 2
      vertex 13.0438 116.033 2
    endloop
  endfacet
  facet normal -0.441957 0.897036 0
    outer loop
      vertex 8.08658 124.619 2
      vertex 7.5 124.33 12.45
      vertex 8.08658 124.619 12.45
    endloop
  endfacet
  facet normal -0.441957 0.897036 0
    outer loop
      vertex 7.5 124.33 12.45
      vertex 8.08658 124.619 2
      vertex 7.5 124.33 2
    endloop
  endfacet
  facet normal -0.0657447 0.997836 0
    outer loop
      vertex 10 125 2
      vertex 9.34737 124.957 12.45
      vertex 10 125 12.45
    endloop
  endfacet
  facet normal -0.0657447 0.997836 0
    outer loop
      vertex 9.34737 124.957 12.45
      vertex 10 125 2
      vertex 9.34737 124.957 2
    endloop
  endfacet
  facet normal 0.194204 0.980961 -0
    outer loop
      vertex 11.2941 124.83 2
      vertex 10.6526 124.957 12.45
      vertex 11.2941 124.83 12.45
    endloop
  endfacet
  facet normal 0.194204 0.980961 0
    outer loop
      vertex 10.6526 124.957 12.45
      vertex 11.2941 124.83 2
      vertex 10.6526 124.957 2
    endloop
  endfacet
  facet normal -0.65915 -0.752012 0
    outer loop
      vertex 6.46447 116.464 2
      vertex 6.95619 116.033 12.45
      vertex 6.46447 116.464 12.45
    endloop
  endfacet
  facet normal -0.65915 -0.752012 -0
    outer loop
      vertex 6.95619 116.033 12.45
      vertex 6.46447 116.464 2
      vertex 6.95619 116.033 2
    endloop
  endfacet
  facet normal 0.75197 -0.659197 0
    outer loop
      vertex 13.5355 116.464 12.45
      vertex 13.9668 116.956 2
      vertex 13.9668 116.956 12.45
    endloop
  endfacet
  facet normal 0.75197 -0.659197 0
    outer loop
      vertex 13.9668 116.956 2
      vertex 13.5355 116.464 12.45
      vertex 13.5355 116.464 2
    endloop
  endfacet
  facet normal 0.322503 0.946569 -0
    outer loop
      vertex 11.9134 124.619 2
      vertex 11.2941 124.83 12.45
      vertex 11.9134 124.619 12.45
    endloop
  endfacet
  facet normal 0.322503 0.946569 0
    outer loop
      vertex 11.2941 124.83 12.45
      vertex 11.9134 124.619 2
      vertex 11.2941 124.83 2
    endloop
  endfacet
  facet normal -0.94688 -0.321587 0
    outer loop
      vertex 5.3806 118.087 2
      vertex 5.17037 118.706 12.45
      vertex 5.17037 118.706 2
    endloop
  endfacet
  facet normal -0.94688 -0.321587 0
    outer loop
      vertex 5.17037 118.706 12.45
      vertex 5.3806 118.087 2
      vertex 5.3806 118.087 12.45
    endloop
  endfacet
  facet normal 0.831603 -0.55537 0
    outer loop
      vertex 13.9668 116.956 12.45
      vertex 14.3301 117.5 2
      vertex 14.3301 117.5 12.45
    endloop
  endfacet
  facet normal 0.831603 -0.55537 0
    outer loop
      vertex 14.3301 117.5 2
      vertex 13.9668 116.956 12.45
      vertex 13.9668 116.956 2
    endloop
  endfacet
  facet normal -0.98076 0.195219 0
    outer loop
      vertex 5.04278 120.653 2
      vertex 5.17037 121.294 12.45
      vertex 5.17037 121.294 2
    endloop
  endfacet
  facet normal -0.98076 0.195219 0
    outer loop
      vertex 5.17037 121.294 12.45
      vertex 5.04278 120.653 2
      vertex 5.04278 120.653 12.45
    endloop
  endfacet
  facet normal 0.89698 0.442072 0
    outer loop
      vertex 14.6194 121.913 12.45
      vertex 14.3301 122.5 2
      vertex 14.3301 122.5 12.45
    endloop
  endfacet
  facet normal 0.89698 0.442072 0
    outer loop
      vertex 14.3301 122.5 2
      vertex 14.6194 121.913 12.45
      vertex 14.6194 121.913 2
    endloop
  endfacet
  facet normal 0.0657477 -0.997836 0
    outer loop
      vertex 10 115 2
      vertex 10.6526 115.043 12.45
      vertex 10 115 12.45
    endloop
  endfacet
  facet normal 0.0657477 -0.997836 0
    outer loop
      vertex 10.6526 115.043 12.45
      vertex 10 115 2
      vertex 10.6526 115.043 2
    endloop
  endfacet
  facet normal 0.75197 0.659197 0
    outer loop
      vertex 13.9668 123.044 12.45
      vertex 13.5355 123.536 2
      vertex 13.5355 123.536 12.45
    endloop
  endfacet
  facet normal 0.75197 0.659197 0
    outer loop
      vertex 13.5355 123.536 2
      vertex 13.9668 123.044 12.45
      vertex 13.9668 123.044 2
    endloop
  endfacet
  facet normal 0.946894 0.321546 0
    outer loop
      vertex 14.8296 121.294 12.45
      vertex 14.6194 121.913 2
      vertex 14.6194 121.913 12.45
    endloop
  endfacet
  facet normal 0.946894 0.321546 0
    outer loop
      vertex 14.6194 121.913 2
      vertex 14.8296 121.294 12.45
      vertex 14.8296 121.294 2
    endloop
  endfacet
  facet normal -0.896998 0.442035 0
    outer loop
      vertex 5.3806 121.913 2
      vertex 5.66987 122.5 12.45
      vertex 5.66987 122.5 2
    endloop
  endfacet
  facet normal -0.896998 0.442035 0
    outer loop
      vertex 5.66987 122.5 12.45
      vertex 5.3806 121.913 2
      vertex 5.3806 121.913 12.45
    endloop
  endfacet
  facet normal -0.322493 0.946572 0
    outer loop
      vertex 8.7059 124.83 2
      vertex 8.08658 124.619 12.45
      vertex 8.7059 124.83 12.45
    endloop
  endfacet
  facet normal -0.322493 0.946572 0
    outer loop
      vertex 8.08658 124.619 12.45
      vertex 8.7059 124.83 2
      vertex 8.08658 124.619 2
    endloop
  endfacet
  facet normal 0.441945 -0.897042 0
    outer loop
      vertex 11.9134 115.381 2
      vertex 12.5 115.67 12.45
      vertex 11.9134 115.381 12.45
    endloop
  endfacet
  facet normal 0.441945 -0.897042 0
    outer loop
      vertex 12.5 115.67 12.45
      vertex 11.9134 115.381 2
      vertex 12.5 115.67 2
    endloop
  endfacet
  facet normal -0.194213 -0.980959 0
    outer loop
      vertex 8.7059 115.17 2
      vertex 9.34737 115.043 12.45
      vertex 8.7059 115.17 12.45
    endloop
  endfacet
  facet normal -0.194213 -0.980959 -0
    outer loop
      vertex 9.34737 115.043 12.45
      vertex 8.7059 115.17 2
      vertex 9.34737 115.043 2
    endloop
  endfacet
  facet normal -0.441957 -0.897036 0
    outer loop
      vertex 7.5 115.67 2
      vertex 8.08658 115.381 12.45
      vertex 7.5 115.67 12.45
    endloop
  endfacet
  facet normal -0.441957 -0.897036 -0
    outer loop
      vertex 8.08658 115.381 12.45
      vertex 7.5 115.67 2
      vertex 8.08658 115.381 2
    endloop
  endfacet
  facet normal 0 0 1
    outer loop
      vertex 11.7 120 12.45
      vertex 15 120 12.45
      vertex 14.9572 120.653 12.45
    endloop
  endfacet
  facet normal 0 0 1
    outer loop
      vertex 11.6855 120.222 12.45
      vertex 14.9572 120.653 12.45
      vertex 14.8296 121.294 12.45
    endloop
  endfacet
  facet normal 0 0 1
    outer loop
      vertex 15 120 12.45
      vertex 11.7 120 12.45
      vertex 14.9572 119.347 12.45
    endloop
  endfacet
  facet normal 0 0 1
    outer loop
      vertex 11.6421 120.44 12.45
      vertex 14.8296 121.294 12.45
      vertex 14.6194 121.913 12.45
    endloop
  endfacet
  facet normal -0 0 1
    outer loop
      vertex 11.6855 119.778 12.45
      vertex 14.9572 119.347 12.45
      vertex 11.7 120 12.45
    endloop
  endfacet
  facet normal 0 0 1
    outer loop
      vertex 11.5706 120.651 12.45
      vertex 14.6194 121.913 12.45
      vertex 14.3301 122.5 12.45
    endloop
  endfacet
  facet normal 0 0 1
    outer loop
      vertex 14.9572 119.347 12.45
      vertex 11.6855 119.778 12.45
      vertex 14.8296 118.706 12.45
    endloop
  endfacet
  facet normal 0 0 1
    outer loop
      vertex 11.4722 120.85 12.45
      vertex 14.3301 122.5 12.45
      vertex 13.9668 123.044 12.45
    endloop
  endfacet
  facet normal -0 0 1
    outer loop
      vertex 11.6421 119.56 12.45
      vertex 14.8296 118.706 12.45
      vertex 11.6855 119.778 12.45
    endloop
  endfacet
  facet normal 0 0 1
    outer loop
      vertex 11.3487 121.035 12.45
      vertex 13.9668 123.044 12.45
      vertex 13.5355 123.536 12.45
    endloop
  endfacet
  facet normal 0 0 1
    outer loop
      vertex 14.8296 118.706 12.45
      vertex 11.6421 119.56 12.45
      vertex 14.6194 118.087 12.45
    endloop
  endfacet
  facet normal 0 0 1
    outer loop
      vertex 11.2021 121.202 12.45
      vertex 13.5355 123.536 12.45
      vertex 13.0438 123.967 12.45
    endloop
  endfacet
  facet normal -0 0 1
    outer loop
      vertex 11.5706 119.349 12.45
      vertex 14.6194 118.087 12.45
      vertex 11.6421 119.56 12.45
    endloop
  endfacet
  facet normal 0 0 1
    outer loop
      vertex 11.0349 121.349 12.45
      vertex 13.0438 123.967 12.45
      vertex 12.5 124.33 12.45
    endloop
  endfacet
  facet normal 0 0 1
    outer loop
      vertex 14.6194 118.087 12.45
      vertex 11.5706 119.349 12.45
      vertex 14.3301 117.5 12.45
    endloop
  endfacet
  facet normal 0 0 1
    outer loop
      vertex 10.85 121.472 12.45
      vertex 12.5 124.33 12.45
      vertex 11.9134 124.619 12.45
    endloop
  endfacet
  facet normal -0 0 1
    outer loop
      vertex 11.4722 119.15 12.45
      vertex 14.3301 117.5 12.45
      vertex 11.5706 119.349 12.45
    endloop
  endfacet
  facet normal 0 0 1
    outer loop
      vertex 14.3301 117.5 12.45
      vertex 11.4722 119.15 12.45
      vertex 13.9668 116.956 12.45
    endloop
  endfacet
  facet normal 0 0 1
    outer loop
      vertex 14.9572 120.653 12.45
      vertex 11.6855 120.222 12.45
      vertex 11.7 120 12.45
    endloop
  endfacet
  facet normal 0 0 1
    outer loop
      vertex 14.8296 121.294 12.45
      vertex 11.6421 120.44 12.45
      vertex 11.6855 120.222 12.45
    endloop
  endfacet
  facet normal 0 0 1
    outer loop
      vertex 14.6194 121.913 12.45
      vertex 11.5706 120.651 12.45
      vertex 11.6421 120.44 12.45
    endloop
  endfacet
  facet normal 0 0 1
    outer loop
      vertex 14.3301 122.5 12.45
      vertex 11.4722 120.85 12.45
      vertex 11.5706 120.651 12.45
    endloop
  endfacet
  facet normal 0 0 1
    outer loop
      vertex 13.9668 123.044 12.45
      vertex 11.3487 121.035 12.45
      vertex 11.4722 120.85 12.45
    endloop
  endfacet
  facet normal 0 0 1
    outer loop
      vertex 10.6506 121.571 12.45
      vertex 11.9134 124.619 12.45
      vertex 11.2941 124.83 12.45
    endloop
  endfacet
  facet normal 0 0 1
    outer loop
      vertex 13.5355 123.536 12.45
      vertex 11.2021 121.202 12.45
      vertex 11.3487 121.035 12.45
    endloop
  endfacet
  facet normal 0 0 1
    outer loop
      vertex 13.0438 123.967 12.45
      vertex 11.0349 121.349 12.45
      vertex 11.2021 121.202 12.45
    endloop
  endfacet
  facet normal 0 0 1
    outer loop
      vertex 12.5 124.33 12.45
      vertex 10.85 121.472 12.45
      vertex 11.0349 121.349 12.45
    endloop
  endfacet
  facet normal 0 0 1
    outer loop
      vertex 10.44 121.642 12.45
      vertex 11.2941 124.83 12.45
      vertex 10.6526 124.957 12.45
    endloop
  endfacet
  facet normal 0 0 1
    outer loop
      vertex 11.9134 124.619 12.45
      vertex 10.6506 121.571 12.45
      vertex 10.85 121.472 12.45
    endloop
  endfacet
  facet normal 0 0 1
    outer loop
      vertex 11.2941 124.83 12.45
      vertex 10.44 121.642 12.45
      vertex 10.6506 121.571 12.45
    endloop
  endfacet
  facet normal 0 0 1
    outer loop
      vertex 10.6526 124.957 12.45
      vertex 10.2219 121.685 12.45
      vertex 10.44 121.642 12.45
    endloop
  endfacet
  facet normal 0 0 1
    outer loop
      vertex 10 125 12.45
      vertex 10.2219 121.685 12.45
      vertex 10.6526 124.957 12.45
    endloop
  endfacet
  facet normal 0 0 1
    outer loop
      vertex 10 125 12.45
      vertex 10 121.7 12.45
      vertex 10.2219 121.685 12.45
    endloop
  endfacet
  facet normal 0 0 1
    outer loop
      vertex 10 125 12.45
      vertex 9.7781 121.685 12.45
      vertex 10 121.7 12.45
    endloop
  endfacet
  facet normal -0 0 1
    outer loop
      vertex 9.34737 124.957 12.45
      vertex 9.7781 121.685 12.45
      vertex 10 125 12.45
    endloop
  endfacet
  facet normal 0 0 1
    outer loop
      vertex 9.7781 121.685 12.45
      vertex 9.34737 124.957 12.45
      vertex 9.56001 121.642 12.45
    endloop
  endfacet
  facet normal -0 0 1
    outer loop
      vertex 8.7059 124.83 12.45
      vertex 9.56001 121.642 12.45
      vertex 9.34737 124.957 12.45
    endloop
  endfacet
  facet normal 0 0 1
    outer loop
      vertex 9.56001 121.642 12.45
      vertex 8.7059 124.83 12.45
      vertex 9.34944 121.571 12.45
    endloop
  endfacet
  facet normal -0 0 1
    outer loop
      vertex 8.08658 124.619 12.45
      vertex 9.34944 121.571 12.45
      vertex 8.7059 124.83 12.45
    endloop
  endfacet
  facet normal 0 0 1
    outer loop
      vertex 9.34944 121.571 12.45
      vertex 8.08658 124.619 12.45
      vertex 9.15 121.472 12.45
    endloop
  endfacet
  facet normal -0 0 1
    outer loop
      vertex 7.5 124.33 12.45
      vertex 9.15 121.472 12.45
      vertex 8.08658 124.619 12.45
    endloop
  endfacet
  facet normal 0 0 1
    outer loop
      vertex 9.15 121.472 12.45
      vertex 7.5 124.33 12.45
      vertex 8.96511 121.349 12.45
    endloop
  endfacet
  facet normal -0 0 1
    outer loop
      vertex 6.95619 123.967 12.45
      vertex 8.96511 121.349 12.45
      vertex 7.5 124.33 12.45
    endloop
  endfacet
  facet normal 0 0 1
    outer loop
      vertex 8.96511 121.349 12.45
      vertex 6.95619 123.967 12.45
      vertex 8.79792 121.202 12.45
    endloop
  endfacet
  facet normal -0 0 1
    outer loop
      vertex 6.46447 123.536 12.45
      vertex 8.79792 121.202 12.45
      vertex 6.95619 123.967 12.45
    endloop
  endfacet
  facet normal 0 0 1
    outer loop
      vertex 8.79792 121.202 12.45
      vertex 6.46447 123.536 12.45
      vertex 8.6513 121.035 12.45
    endloop
  endfacet
  facet normal 0 0 1
    outer loop
      vertex 8.6513 121.035 12.45
      vertex 6.03323 123.044 12.45
      vertex 8.52776 120.85 12.45
    endloop
  endfacet
  facet normal -0 0 1
    outer loop
      vertex 6.03323 123.044 12.45
      vertex 8.6513 121.035 12.45
      vertex 6.46447 123.536 12.45
    endloop
  endfacet
  facet normal -0 0 1
    outer loop
      vertex 11.3487 118.965 12.45
      vertex 13.9668 116.956 12.45
      vertex 11.4722 119.15 12.45
    endloop
  endfacet
  facet normal 0 0 1
    outer loop
      vertex 13.9668 116.956 12.45
      vertex 11.3487 118.965 12.45
      vertex 13.5355 116.464 12.45
    endloop
  endfacet
  facet normal -0 0 1
    outer loop
      vertex 11.2021 118.798 12.45
      vertex 13.5355 116.464 12.45
      vertex 11.3487 118.965 12.45
    endloop
  endfacet
  facet normal 0 0 1
    outer loop
      vertex 13.5355 116.464 12.45
      vertex 11.2021 118.798 12.45
      vertex 13.0438 116.033 12.45
    endloop
  endfacet
  facet normal -0 0 1
    outer loop
      vertex 11.0349 118.651 12.45
      vertex 13.0438 116.033 12.45
      vertex 11.2021 118.798 12.45
    endloop
  endfacet
  facet normal 0 0 1
    outer loop
      vertex 13.0438 116.033 12.45
      vertex 11.0349 118.651 12.45
      vertex 12.5 115.67 12.45
    endloop
  endfacet
  facet normal -0 0 1
    outer loop
      vertex 10.85 118.528 12.45
      vertex 12.5 115.67 12.45
      vertex 11.0349 118.651 12.45
    endloop
  endfacet
  facet normal 0 0 1
    outer loop
      vertex 12.5 115.67 12.45
      vertex 10.85 118.528 12.45
      vertex 11.9134 115.381 12.45
    endloop
  endfacet
  facet normal -0 0 1
    outer loop
      vertex 10.6506 118.429 12.45
      vertex 11.9134 115.381 12.45
      vertex 10.85 118.528 12.45
    endloop
  endfacet
  facet normal 0 0 1
    outer loop
      vertex 11.9134 115.381 12.45
      vertex 10.6506 118.429 12.45
      vertex 11.2941 115.17 12.45
    endloop
  endfacet
  facet normal -0 0 1
    outer loop
      vertex 10.44 118.358 12.45
      vertex 11.2941 115.17 12.45
      vertex 10.6506 118.429 12.45
    endloop
  endfacet
  facet normal 0 0 1
    outer loop
      vertex 11.2941 115.17 12.45
      vertex 10.44 118.358 12.45
      vertex 10.6526 115.043 12.45
    endloop
  endfacet
  facet normal -0 0 1
    outer loop
      vertex 10.2219 118.315 12.45
      vertex 10.6526 115.043 12.45
      vertex 10.44 118.358 12.45
    endloop
  endfacet
  facet normal -0 0 1
    outer loop
      vertex 10 118.3 12.45
      vertex 10.6526 115.043 12.45
      vertex 10.2219 118.315 12.45
    endloop
  endfacet
  facet normal 0 0 1
    outer loop
      vertex 10 118.3 12.45
      vertex 10 115 12.45
      vertex 10.6526 115.043 12.45
    endloop
  endfacet
  facet normal 0 0 1
    outer loop
      vertex 9.7781 118.315 12.45
      vertex 10 115 12.45
      vertex 10 118.3 12.45
    endloop
  endfacet
  facet normal 0 0 1
    outer loop
      vertex 9.34737 115.043 12.45
      vertex 9.7781 118.315 12.45
      vertex 9.56001 118.358 12.45
    endloop
  endfacet
  facet normal 0 0 1
    outer loop
      vertex 8.7059 115.17 12.45
      vertex 9.56001 118.358 12.45
      vertex 9.34944 118.429 12.45
    endloop
  endfacet
  facet normal 0 0 1
    outer loop
      vertex 9.7781 118.315 12.45
      vertex 9.34737 115.043 12.45
      vertex 10 115 12.45
    endloop
  endfacet
  facet normal 0 0 1
    outer loop
      vertex 8.08658 115.381 12.45
      vertex 9.34944 118.429 12.45
      vertex 9.15 118.528 12.45
    endloop
  endfacet
  facet normal 0 0 1
    outer loop
      vertex 7.5 115.67 12.45
      vertex 9.15 118.528 12.45
      vertex 8.96511 118.651 12.45
    endloop
  endfacet
  facet normal 0 0 1
    outer loop
      vertex 6.95619 116.033 12.45
      vertex 8.96511 118.651 12.45
      vertex 8.79792 118.798 12.45
    endloop
  endfacet
  facet normal 0 0 1
    outer loop
      vertex 9.56001 118.358 12.45
      vertex 8.7059 115.17 12.45
      vertex 9.34737 115.043 12.45
    endloop
  endfacet
  facet normal 0 0 1
    outer loop
      vertex 6.46447 116.464 12.45
      vertex 8.79792 118.798 12.45
      vertex 8.6513 118.965 12.45
    endloop
  endfacet
  facet normal 0 0 1
    outer loop
      vertex 6.03323 116.956 12.45
      vertex 8.6513 118.965 12.45
      vertex 8.52776 119.15 12.45
    endloop
  endfacet
  facet normal 0 0 1
    outer loop
      vertex 5.66987 117.5 12.45
      vertex 8.52776 119.15 12.45
      vertex 8.4294 119.349 12.45
    endloop
  endfacet
  facet normal 0 0 1
    outer loop
      vertex 5.3806 118.087 12.45
      vertex 8.4294 119.349 12.45
      vertex 8.35793 119.56 12.45
    endloop
  endfacet
  facet normal 0 0 1
    outer loop
      vertex 5.17037 118.706 12.45
      vertex 8.35793 119.56 12.45
      vertex 8.31454 119.778 12.45
    endloop
  endfacet
  facet normal 0 0 1
    outer loop
      vertex 9.34944 118.429 12.45
      vertex 8.08658 115.381 12.45
      vertex 8.7059 115.17 12.45
    endloop
  endfacet
  facet normal 0 0 1
    outer loop
      vertex 5.04278 119.347 12.45
      vertex 8.31454 119.778 12.45
      vertex 8.3 120 12.45
    endloop
  endfacet
  facet normal -0 0 1
    outer loop
      vertex 5.66987 122.5 12.45
      vertex 8.52776 120.85 12.45
      vertex 6.03323 123.044 12.45
    endloop
  endfacet
  facet normal 0 0 1
    outer loop
      vertex 8.52776 120.85 12.45
      vertex 5.66987 122.5 12.45
      vertex 8.4294 120.651 12.45
    endloop
  endfacet
  facet normal 0 0 1
    outer loop
      vertex 9.15 118.528 12.45
      vertex 7.5 115.67 12.45
      vertex 8.08658 115.381 12.45
    endloop
  endfacet
  facet normal -0 0 1
    outer loop
      vertex 5.3806 121.913 12.45
      vertex 8.4294 120.651 12.45
      vertex 5.66987 122.5 12.45
    endloop
  endfacet
  facet normal 0 0 1
    outer loop
      vertex 8.96511 118.651 12.45
      vertex 6.95619 116.033 12.45
      vertex 7.5 115.67 12.45
    endloop
  endfacet
  facet normal 0 0 1
    outer loop
      vertex 8.4294 120.651 12.45
      vertex 5.3806 121.913 12.45
      vertex 8.35793 120.44 12.45
    endloop
  endfacet
  facet normal 0 0 1
    outer loop
      vertex 8.79792 118.798 12.45
      vertex 6.46447 116.464 12.45
      vertex 6.95619 116.033 12.45
    endloop
  endfacet
  facet normal -0 0 1
    outer loop
      vertex 5.17037 121.294 12.45
      vertex 8.35793 120.44 12.45
      vertex 5.3806 121.913 12.45
    endloop
  endfacet
  facet normal 0 0 1
    outer loop
      vertex 8.6513 118.965 12.45
      vertex 6.03323 116.956 12.45
      vertex 6.46447 116.464 12.45
    endloop
  endfacet
  facet normal 0 0 1
    outer loop
      vertex 8.35793 120.44 12.45
      vertex 5.17037 121.294 12.45
      vertex 8.31454 120.222 12.45
    endloop
  endfacet
  facet normal 0 0 1
    outer loop
      vertex 8.52776 119.15 12.45
      vertex 5.66987 117.5 12.45
      vertex 6.03323 116.956 12.45
    endloop
  endfacet
  facet normal -0 0 1
    outer loop
      vertex 5.04278 120.653 12.45
      vertex 8.31454 120.222 12.45
      vertex 5.17037 121.294 12.45
    endloop
  endfacet
  facet normal 0 0 1
    outer loop
      vertex 8.4294 119.349 12.45
      vertex 5.3806 118.087 12.45
      vertex 5.66987 117.5 12.45
    endloop
  endfacet
  facet normal 0 0 1
    outer loop
      vertex 8.31454 120.222 12.45
      vertex 5.04278 120.653 12.45
      vertex 8.3 120 12.45
    endloop
  endfacet
  facet normal 0 0 1
    outer loop
      vertex 8.35793 119.56 12.45
      vertex 5.17037 118.706 12.45
      vertex 5.3806 118.087 12.45
    endloop
  endfacet
  facet normal 0 0 1
    outer loop
      vertex 5 120 12.45
      vertex 8.3 120 12.45
      vertex 5.04278 120.653 12.45
    endloop
  endfacet
  facet normal 0 0 1
    outer loop
      vertex 8.31454 119.778 12.45
      vertex 5.04278 119.347 12.45
      vertex 5.17037 118.706 12.45
    endloop
  endfacet
  facet normal 0 0 1
    outer loop
      vertex 8.3 120 12.45
      vertex 5 120 12.45
      vertex 5.04278 119.347 12.45
    endloop
  endfacet
  facet normal -0.322503 -0.946569 0
    outer loop
      vertex -11.9134 213.381 2
      vertex -11.2941 213.17 12.45
      vertex -11.9134 213.381 12.45
    endloop
  endfacet
  facet normal -0.322503 -0.946569 -0
    outer loop
      vertex -11.2941 213.17 12.45
      vertex -11.9134 213.381 2
      vertex -11.2941 213.17 2
    endloop
  endfacet
  facet normal 0.322493 -0.946572 0
    outer loop
      vertex -8.7059 213.17 2
      vertex -8.08658 213.381 12.45
      vertex -8.7059 213.17 12.45
    endloop
  endfacet
  facet normal 0.322493 -0.946572 0
    outer loop
      vertex -8.08658 213.381 12.45
      vertex -8.7059 213.17 2
      vertex -8.08658 213.381 2
    endloop
  endfacet
  facet normal -0.831603 -0.55537 0
    outer loop
      vertex -13.9668 214.956 2
      vertex -14.3301 215.5 12.45
      vertex -14.3301 215.5 2
    endloop
  endfacet
  facet normal -0.831603 -0.55537 0
    outer loop
      vertex -14.3301 215.5 12.45
      vertex -13.9668 214.956 2
      vertex -13.9668 214.956 12.45
    endloop
  endfacet
  facet normal -0.75197 -0.659197 0
    outer loop
      vertex -13.5355 214.464 2
      vertex -13.9668 214.956 12.45
      vertex -13.9668 214.956 2
    endloop
  endfacet
  facet normal -0.75197 -0.659197 0
    outer loop
      vertex -13.9668 214.956 12.45
      vertex -13.5355 214.464 2
      vertex -13.5355 214.464 12.45
    endloop
  endfacet
  facet normal 0.896998 -0.442035 0
    outer loop
      vertex -5.66987 215.5 12.45
      vertex -5.3806 216.087 2
      vertex -5.3806 216.087 12.45
    endloop
  endfacet
  facet normal 0.896998 -0.442035 0
    outer loop
      vertex -5.3806 216.087 2
      vertex -5.66987 215.5 12.45
      vertex -5.66987 215.5 2
    endloop
  endfacet
  facet normal 0 0 1
    outer loop
      vertex -8.3 218 12.45
      vertex -5 218 12.45
      vertex -5.04278 218.653 12.45
    endloop
  endfacet
  facet normal 0 0 1
    outer loop
      vertex -8.31454 218.222 12.45
      vertex -5.04278 218.653 12.45
      vertex -5.17037 219.294 12.45
    endloop
  endfacet
  facet normal 0 0 1
    outer loop
      vertex -5 218 12.45
      vertex -8.3 218 12.45
      vertex -5.04278 217.347 12.45
    endloop
  endfacet
  facet normal 0 0 1
    outer loop
      vertex -8.35793 218.44 12.45
      vertex -5.17037 219.294 12.45
      vertex -5.3806 219.913 12.45
    endloop
  endfacet
  facet normal -0 0 1
    outer loop
      vertex -8.31454 217.778 12.45
      vertex -5.04278 217.347 12.45
      vertex -8.3 218 12.45
    endloop
  endfacet
  facet normal 0 0 1
    outer loop
      vertex -8.4294 218.651 12.45
      vertex -5.3806 219.913 12.45
      vertex -5.66987 220.5 12.45
    endloop
  endfacet
  facet normal 0 0 1
    outer loop
      vertex -5.04278 217.347 12.45
      vertex -8.31454 217.778 12.45
      vertex -5.17037 216.706 12.45
    endloop
  endfacet
  facet normal 0 0 1
    outer loop
      vertex -8.52776 218.85 12.45
      vertex -5.66987 220.5 12.45
      vertex -6.03323 221.044 12.45
    endloop
  endfacet
  facet normal -0 0 1
    outer loop
      vertex -8.35793 217.56 12.45
      vertex -5.17037 216.706 12.45
      vertex -8.31454 217.778 12.45
    endloop
  endfacet
  facet normal 0 0 1
    outer loop
      vertex -8.6513 219.035 12.45
      vertex -6.03323 221.044 12.45
      vertex -6.46447 221.536 12.45
    endloop
  endfacet
  facet normal 0 0 1
    outer loop
      vertex -5.17037 216.706 12.45
      vertex -8.35793 217.56 12.45
      vertex -5.3806 216.087 12.45
    endloop
  endfacet
  facet normal 0 0 1
    outer loop
      vertex -8.79792 219.202 12.45
      vertex -6.46447 221.536 12.45
      vertex -6.95619 221.967 12.45
    endloop
  endfacet
  facet normal -0 0 1
    outer loop
      vertex -8.4294 217.349 12.45
      vertex -5.3806 216.087 12.45
      vertex -8.35793 217.56 12.45
    endloop
  endfacet
  facet normal 0 0 1
    outer loop
      vertex -8.96511 219.349 12.45
      vertex -6.95619 221.967 12.45
      vertex -7.5 222.33 12.45
    endloop
  endfacet
  facet normal 0 0 1
    outer loop
      vertex -5.3806 216.087 12.45
      vertex -8.4294 217.349 12.45
      vertex -5.66987 215.5 12.45
    endloop
  endfacet
  facet normal 0 0 1
    outer loop
      vertex -9.15 219.472 12.45
      vertex -7.5 222.33 12.45
      vertex -8.08658 222.619 12.45
    endloop
  endfacet
  facet normal -0 0 1
    outer loop
      vertex -8.52776 217.15 12.45
      vertex -5.66987 215.5 12.45
      vertex -8.4294 217.349 12.45
    endloop
  endfacet
  facet normal 0 0 1
    outer loop
      vertex -5.66987 215.5 12.45
      vertex -8.52776 217.15 12.45
      vertex -6.03323 214.956 12.45
    endloop
  endfacet
  facet normal 0 0 1
    outer loop
      vertex -5.04278 218.653 12.45
      vertex -8.31454 218.222 12.45
      vertex -8.3 218 12.45
    endloop
  endfacet
  facet normal 0 0 1
    outer loop
      vertex -5.17037 219.294 12.45
      vertex -8.35793 218.44 12.45
      vertex -8.31454 218.222 12.45
    endloop
  endfacet
  facet normal 0 0 1
    outer loop
      vertex -5.3806 219.913 12.45
      vertex -8.4294 218.651 12.45
      vertex -8.35793 218.44 12.45
    endloop
  endfacet
  facet normal 0 0 1
    outer loop
      vertex -5.66987 220.5 12.45
      vertex -8.52776 218.85 12.45
      vertex -8.4294 218.651 12.45
    endloop
  endfacet
  facet normal 0 0 1
    outer loop
      vertex -6.03323 221.044 12.45
      vertex -8.6513 219.035 12.45
      vertex -8.52776 218.85 12.45
    endloop
  endfacet
  facet normal 0 0 1
    outer loop
      vertex -9.34944 219.571 12.45
      vertex -8.08658 222.619 12.45
      vertex -8.7059 222.83 12.45
    endloop
  endfacet
  facet normal 0 0 1
    outer loop
      vertex -6.46447 221.536 12.45
      vertex -8.79792 219.202 12.45
      vertex -8.6513 219.035 12.45
    endloop
  endfacet
  facet normal 0 0 1
    outer loop
      vertex -6.95619 221.967 12.45
      vertex -8.96511 219.349 12.45
      vertex -8.79792 219.202 12.45
    endloop
  endfacet
  facet normal 0 0 1
    outer loop
      vertex -7.5 222.33 12.45
      vertex -9.15 219.472 12.45
      vertex -8.96511 219.349 12.45
    endloop
  endfacet
  facet normal 0 0 1
    outer loop
      vertex -9.56001 219.642 12.45
      vertex -8.7059 222.83 12.45
      vertex -9.34737 222.957 12.45
    endloop
  endfacet
  facet normal 0 0 1
    outer loop
      vertex -8.08658 222.619 12.45
      vertex -9.34944 219.571 12.45
      vertex -9.15 219.472 12.45
    endloop
  endfacet
  facet normal 0 0 1
    outer loop
      vertex -8.7059 222.83 12.45
      vertex -9.56001 219.642 12.45
      vertex -9.34944 219.571 12.45
    endloop
  endfacet
  facet normal 0 0 1
    outer loop
      vertex -9.34737 222.957 12.45
      vertex -9.7781 219.685 12.45
      vertex -9.56001 219.642 12.45
    endloop
  endfacet
  facet normal 0 0 1
    outer loop
      vertex -10 223 12.45
      vertex -9.7781 219.685 12.45
      vertex -9.34737 222.957 12.45
    endloop
  endfacet
  facet normal 0 0 1
    outer loop
      vertex -10 223 12.45
      vertex -10 219.7 12.45
      vertex -9.7781 219.685 12.45
    endloop
  endfacet
  facet normal 0 0 1
    outer loop
      vertex -10 223 12.45
      vertex -10.2219 219.685 12.45
      vertex -10 219.7 12.45
    endloop
  endfacet
  facet normal -0 0 1
    outer loop
      vertex -10.6526 222.957 12.45
      vertex -10.2219 219.685 12.45
      vertex -10 223 12.45
    endloop
  endfacet
  facet normal 0 0 1
    outer loop
      vertex -10.2219 219.685 12.45
      vertex -10.6526 222.957 12.45
      vertex -10.44 219.642 12.45
    endloop
  endfacet
  facet normal -0 0 1
    outer loop
      vertex -11.2941 222.83 12.45
      vertex -10.44 219.642 12.45
      vertex -10.6526 222.957 12.45
    endloop
  endfacet
  facet normal 0 0 1
    outer loop
      vertex -10.44 219.642 12.45
      vertex -11.2941 222.83 12.45
      vertex -10.6506 219.571 12.45
    endloop
  endfacet
  facet normal -0 0 1
    outer loop
      vertex -11.9134 222.619 12.45
      vertex -10.6506 219.571 12.45
      vertex -11.2941 222.83 12.45
    endloop
  endfacet
  facet normal 0 0 1
    outer loop
      vertex -10.6506 219.571 12.45
      vertex -11.9134 222.619 12.45
      vertex -10.85 219.472 12.45
    endloop
  endfacet
  facet normal -0 0 1
    outer loop
      vertex -12.5 222.33 12.45
      vertex -10.85 219.472 12.45
      vertex -11.9134 222.619 12.45
    endloop
  endfacet
  facet normal 0 0 1
    outer loop
      vertex -10.85 219.472 12.45
      vertex -12.5 222.33 12.45
      vertex -11.0349 219.349 12.45
    endloop
  endfacet
  facet normal -0 0 1
    outer loop
      vertex -13.0438 221.967 12.45
      vertex -11.0349 219.349 12.45
      vertex -12.5 222.33 12.45
    endloop
  endfacet
  facet normal 0 0 1
    outer loop
      vertex -11.0349 219.349 12.45
      vertex -13.0438 221.967 12.45
      vertex -11.2021 219.202 12.45
    endloop
  endfacet
  facet normal -0 0 1
    outer loop
      vertex -13.5355 221.536 12.45
      vertex -11.2021 219.202 12.45
      vertex -13.0438 221.967 12.45
    endloop
  endfacet
  facet normal 0 0 1
    outer loop
      vertex -11.2021 219.202 12.45
      vertex -13.5355 221.536 12.45
      vertex -11.3487 219.035 12.45
    endloop
  endfacet
  facet normal 0 0 1
    outer loop
      vertex -11.3487 219.035 12.45
      vertex -13.9668 221.044 12.45
      vertex -11.4722 218.85 12.45
    endloop
  endfacet
  facet normal -0 0 1
    outer loop
      vertex -13.9668 221.044 12.45
      vertex -11.3487 219.035 12.45
      vertex -13.5355 221.536 12.45
    endloop
  endfacet
  facet normal -0 0 1
    outer loop
      vertex -8.6513 216.965 12.45
      vertex -6.03323 214.956 12.45
      vertex -8.52776 217.15 12.45
    endloop
  endfacet
  facet normal 0 0 1
    outer loop
      vertex -6.03323 214.956 12.45
      vertex -8.6513 216.965 12.45
      vertex -6.46447 214.464 12.45
    endloop
  endfacet
  facet normal -0 0 1
    outer loop
      vertex -8.79792 216.798 12.45
      vertex -6.46447 214.464 12.45
      vertex -8.6513 216.965 12.45
    endloop
  endfacet
  facet normal 0 0 1
    outer loop
      vertex -6.46447 214.464 12.45
      vertex -8.79792 216.798 12.45
      vertex -6.95619 214.033 12.45
    endloop
  endfacet
  facet normal -0 0 1
    outer loop
      vertex -8.96511 216.651 12.45
      vertex -6.95619 214.033 12.45
      vertex -8.79792 216.798 12.45
    endloop
  endfacet
  facet normal 0 0 1
    outer loop
      vertex -6.95619 214.033 12.45
      vertex -8.96511 216.651 12.45
      vertex -7.5 213.67 12.45
    endloop
  endfacet
  facet normal -0 0 1
    outer loop
      vertex -9.15 216.528 12.45
      vertex -7.5 213.67 12.45
      vertex -8.96511 216.651 12.45
    endloop
  endfacet
  facet normal 0 0 1
    outer loop
      vertex -7.5 213.67 12.45
      vertex -9.15 216.528 12.45
      vertex -8.08658 213.381 12.45
    endloop
  endfacet
  facet normal -0 0 1
    outer loop
      vertex -9.34944 216.429 12.45
      vertex -8.08658 213.381 12.45
      vertex -9.15 216.528 12.45
    endloop
  endfacet
  facet normal 0 0 1
    outer loop
      vertex -8.08658 213.381 12.45
      vertex -9.34944 216.429 12.45
      vertex -8.7059 213.17 12.45
    endloop
  endfacet
  facet normal -0 0 1
    outer loop
      vertex -9.56001 216.358 12.45
      vertex -8.7059 213.17 12.45
      vertex -9.34944 216.429 12.45
    endloop
  endfacet
  facet normal 0 0 1
    outer loop
      vertex -8.7059 213.17 12.45
      vertex -9.56001 216.358 12.45
      vertex -9.34737 213.043 12.45
    endloop
  endfacet
  facet normal -0 0 1
    outer loop
      vertex -9.7781 216.315 12.45
      vertex -9.34737 213.043 12.45
      vertex -9.56001 216.358 12.45
    endloop
  endfacet
  facet normal -0 0 1
    outer loop
      vertex -10 216.3 12.45
      vertex -9.34737 213.043 12.45
      vertex -9.7781 216.315 12.45
    endloop
  endfacet
  facet normal 0 0 1
    outer loop
      vertex -10 216.3 12.45
      vertex -10 213 12.45
      vertex -9.34737 213.043 12.45
    endloop
  endfacet
  facet normal 0 0 1
    outer loop
      vertex -10.2219 216.315 12.45
      vertex -10 213 12.45
      vertex -10 216.3 12.45
    endloop
  endfacet
  facet normal 0 0 1
    outer loop
      vertex -10.6526 213.043 12.45
      vertex -10.2219 216.315 12.45
      vertex -10.44 216.358 12.45
    endloop
  endfacet
  facet normal 0 0 1
    outer loop
      vertex -11.2941 213.17 12.45
      vertex -10.44 216.358 12.45
      vertex -10.6506 216.429 12.45
    endloop
  endfacet
  facet normal 0 0 1
    outer loop
      vertex -10.2219 216.315 12.45
      vertex -10.6526 213.043 12.45
      vertex -10 213 12.45
    endloop
  endfacet
  facet normal 0 0 1
    outer loop
      vertex -11.9134 213.381 12.45
      vertex -10.6506 216.429 12.45
      vertex -10.85 216.528 12.45
    endloop
  endfacet
  facet normal 0 0 1
    outer loop
      vertex -12.5 213.67 12.45
      vertex -10.85 216.528 12.45
      vertex -11.0349 216.651 12.45
    endloop
  endfacet
  facet normal 0 0 1
    outer loop
      vertex -13.0438 214.033 12.45
      vertex -11.0349 216.651 12.45
      vertex -11.2021 216.798 12.45
    endloop
  endfacet
  facet normal 0 0 1
    outer loop
      vertex -10.44 216.358 12.45
      vertex -11.2941 213.17 12.45
      vertex -10.6526 213.043 12.45
    endloop
  endfacet
  facet normal 0 0 1
    outer loop
      vertex -13.5355 214.464 12.45
      vertex -11.2021 216.798 12.45
      vertex -11.3487 216.965 12.45
    endloop
  endfacet
  facet normal 0 0 1
    outer loop
      vertex -13.9668 214.956 12.45
      vertex -11.3487 216.965 12.45
      vertex -11.4722 217.15 12.45
    endloop
  endfacet
  facet normal 0 0 1
    outer loop
      vertex -14.3301 215.5 12.45
      vertex -11.4722 217.15 12.45
      vertex -11.5706 217.349 12.45
    endloop
  endfacet
  facet normal 0 0 1
    outer loop
      vertex -14.6194 216.087 12.45
      vertex -11.5706 217.349 12.45
      vertex -11.6421 217.56 12.45
    endloop
  endfacet
  facet normal 0 0 1
    outer loop
      vertex -14.8296 216.706 12.45
      vertex -11.6421 217.56 12.45
      vertex -11.6855 217.778 12.45
    endloop
  endfacet
  facet normal 0 0 1
    outer loop
      vertex -10.6506 216.429 12.45
      vertex -11.9134 213.381 12.45
      vertex -11.2941 213.17 12.45
    endloop
  endfacet
  facet normal 0 0 1
    outer loop
      vertex -14.9572 217.347 12.45
      vertex -11.6855 217.778 12.45
      vertex -11.7 218 12.45
    endloop
  endfacet
  facet normal -0 0 1
    outer loop
      vertex -14.3301 220.5 12.45
      vertex -11.4722 218.85 12.45
      vertex -13.9668 221.044 12.45
    endloop
  endfacet
  facet normal 0 0 1
    outer loop
      vertex -11.4722 218.85 12.45
      vertex -14.3301 220.5 12.45
      vertex -11.5706 218.651 12.45
    endloop
  endfacet
  facet normal 0 0 1
    outer loop
      vertex -10.85 216.528 12.45
      vertex -12.5 213.67 12.45
      vertex -11.9134 213.381 12.45
    endloop
  endfacet
  facet normal -0 0 1
    outer loop
      vertex -14.6194 219.913 12.45
      vertex -11.5706 218.651 12.45
      vertex -14.3301 220.5 12.45
    endloop
  endfacet
  facet normal 0 0 1
    outer loop
      vertex -11.0349 216.651 12.45
      vertex -13.0438 214.033 12.45
      vertex -12.5 213.67 12.45
    endloop
  endfacet
  facet normal 0 0 1
    outer loop
      vertex -11.5706 218.651 12.45
      vertex -14.6194 219.913 12.45
      vertex -11.6421 218.44 12.45
    endloop
  endfacet
  facet normal 0 0 1
    outer loop
      vertex -11.2021 216.798 12.45
      vertex -13.5355 214.464 12.45
      vertex -13.0438 214.033 12.45
    endloop
  endfacet
  facet normal -0 0 1
    outer loop
      vertex -14.8296 219.294 12.45
      vertex -11.6421 218.44 12.45
      vertex -14.6194 219.913 12.45
    endloop
  endfacet
  facet normal 0 0 1
    outer loop
      vertex -11.3487 216.965 12.45
      vertex -13.9668 214.956 12.45
      vertex -13.5355 214.464 12.45
    endloop
  endfacet
  facet normal 0 0 1
    outer loop
      vertex -11.6421 218.44 12.45
      vertex -14.8296 219.294 12.45
      vertex -11.6855 218.222 12.45
    endloop
  endfacet
  facet normal 0 0 1
    outer loop
      vertex -11.4722 217.15 12.45
      vertex -14.3301 215.5 12.45
      vertex -13.9668 214.956 12.45
    endloop
  endfacet
  facet normal -0 0 1
    outer loop
      vertex -14.9572 218.653 12.45
      vertex -11.6855 218.222 12.45
      vertex -14.8296 219.294 12.45
    endloop
  endfacet
  facet normal 0 0 1
    outer loop
      vertex -11.5706 217.349 12.45
      vertex -14.6194 216.087 12.45
      vertex -14.3301 215.5 12.45
    endloop
  endfacet
  facet normal 0 0 1
    outer loop
      vertex -11.6855 218.222 12.45
      vertex -14.9572 218.653 12.45
      vertex -11.7 218 12.45
    endloop
  endfacet
  facet normal 0 0 1
    outer loop
      vertex -11.6421 217.56 12.45
      vertex -14.8296 216.706 12.45
      vertex -14.6194 216.087 12.45
    endloop
  endfacet
  facet normal 0 0 1
    outer loop
      vertex -15 218 12.45
      vertex -11.7 218 12.45
      vertex -14.9572 218.653 12.45
    endloop
  endfacet
  facet normal 0 0 1
    outer loop
      vertex -11.6855 217.778 12.45
      vertex -14.9572 217.347 12.45
      vertex -14.8296 216.706 12.45
    endloop
  endfacet
  facet normal 0 0 1
    outer loop
      vertex -11.7 218 12.45
      vertex -15 218 12.45
      vertex -14.9572 217.347 12.45
    endloop
  endfacet
  facet normal -0.194204 0.980961 0
    outer loop
      vertex -10.6526 222.957 2
      vertex -11.2941 222.83 12.45
      vertex -10.6526 222.957 12.45
    endloop
  endfacet
  facet normal -0.194204 0.980961 0
    outer loop
      vertex -11.2941 222.83 12.45
      vertex -10.6526 222.957 2
      vertex -11.2941 222.83 2
    endloop
  endfacet
  facet normal 0.441957 -0.897036 0
    outer loop
      vertex -8.08658 213.381 2
      vertex -7.5 213.67 12.45
      vertex -8.08658 213.381 12.45
    endloop
  endfacet
  facet normal 0.441957 -0.897036 0
    outer loop
      vertex -7.5 213.67 12.45
      vertex -8.08658 213.381 2
      vertex -7.5 213.67 2
    endloop
  endfacet
  facet normal 0.831561 -0.555434 0
    outer loop
      vertex -6.03323 214.956 12.45
      vertex -5.66987 215.5 2
      vertex -5.66987 215.5 12.45
    endloop
  endfacet
  facet normal 0.831561 -0.555434 0
    outer loop
      vertex -5.66987 215.5 2
      vertex -6.03323 214.956 12.45
      vertex -6.03323 214.956 2
    endloop
  endfacet
  facet normal 0.98076 0.195219 0
    outer loop
      vertex -5.04278 218.653 12.45
      vertex -5.17037 219.294 2
      vertex -5.17037 219.294 12.45
    endloop
  endfacet
  facet normal 0.98076 0.195219 0
    outer loop
      vertex -5.17037 219.294 2
      vertex -5.04278 218.653 12.45
      vertex -5.04278 218.653 2
    endloop
  endfacet
  facet normal -0.441945 -0.897042 0
    outer loop
      vertex -12.5 213.67 2
      vertex -11.9134 213.381 12.45
      vertex -12.5 213.67 12.45
    endloop
  endfacet
  facet normal -0.441945 -0.897042 -0
    outer loop
      vertex -11.9134 213.381 12.45
      vertex -12.5 213.67 2
      vertex -11.9134 213.381 2
    endloop
  endfacet
  facet normal -0.194204 -0.980961 0
    outer loop
      vertex -11.2941 213.17 2
      vertex -10.6526 213.043 12.45
      vertex -11.2941 213.17 12.45
    endloop
  endfacet
  facet normal -0.194204 -0.980961 -0
    outer loop
      vertex -10.6526 213.043 12.45
      vertex -11.2941 213.17 2
      vertex -10.6526 213.043 2
    endloop
  endfacet
  facet normal 0.65915 0.752012 -0
    outer loop
      vertex -6.46447 221.536 2
      vertex -6.95619 221.967 12.45
      vertex -6.46447 221.536 12.45
    endloop
  endfacet
  facet normal 0.65915 0.752012 0
    outer loop
      vertex -6.95619 221.967 12.45
      vertex -6.46447 221.536 2
      vertex -6.95619 221.967 2
    endloop
  endfacet
  facet normal 0.94688 0.321587 0
    outer loop
      vertex -5.17037 219.294 12.45
      vertex -5.3806 219.913 2
      vertex -5.3806 219.913 12.45
    endloop
  endfacet
  facet normal 0.94688 0.321587 0
    outer loop
      vertex -5.3806 219.913 2
      vertex -5.17037 219.294 12.45
      vertex -5.17037 219.294 2
    endloop
  endfacet
  facet normal 0.997861 0.0653729 0
    outer loop
      vertex -5 218 12.45
      vertex -5.04278 218.653 2
      vertex -5.04278 218.653 12.45
    endloop
  endfacet
  facet normal 0.997861 0.0653729 0
    outer loop
      vertex -5.04278 218.653 2
      vertex -5 218 12.45
      vertex -5 218 2
    endloop
  endfacet
  facet normal -0.980757 0.195233 0
    outer loop
      vertex -14.9572 218.653 2
      vertex -14.8296 219.294 12.45
      vertex -14.8296 219.294 2
    endloop
  endfacet
  facet normal -0.980757 0.195233 0
    outer loop
      vertex -14.8296 219.294 12.45
      vertex -14.9572 218.653 2
      vertex -14.9572 218.653 12.45
    endloop
  endfacet
  facet normal -0.831603 0.55537 0
    outer loop
      vertex -14.3301 220.5 2
      vertex -13.9668 221.044 12.45
      vertex -13.9668 221.044 2
    endloop
  endfacet
  facet normal -0.831603 0.55537 0
    outer loop
      vertex -13.9668 221.044 12.45
      vertex -14.3301 220.5 2
      vertex -14.3301 220.5 12.45
    endloop
  endfacet
  facet normal 0.752016 0.659145 0
    outer loop
      vertex -6.03323 221.044 12.45
      vertex -6.46447 221.536 2
      vertex -6.46447 221.536 12.45
    endloop
  endfacet
  facet normal 0.752016 0.659145 0
    outer loop
      vertex -6.46447 221.536 2
      vertex -6.03323 221.044 12.45
      vertex -6.03323 221.044 2
    endloop
  endfacet
  facet normal 0.997861 -0.0653729 0
    outer loop
      vertex -5.04278 217.347 12.45
      vertex -5 218 2
      vertex -5 218 12.45
    endloop
  endfacet
  facet normal 0.997861 -0.0653729 0
    outer loop
      vertex -5 218 2
      vertex -5.04278 217.347 12.45
      vertex -5.04278 217.347 2
    endloop
  endfacet
  facet normal -0.75197 0.659197 0
    outer loop
      vertex -13.9668 221.044 2
      vertex -13.5355 221.536 12.45
      vertex -13.5355 221.536 2
    endloop
  endfacet
  facet normal -0.75197 0.659197 0
    outer loop
      vertex -13.5355 221.536 12.45
      vertex -13.9668 221.044 2
      vertex -13.9668 221.044 12.45
    endloop
  endfacet
  facet normal 0.98076 -0.195219 0
    outer loop
      vertex -5.17037 216.706 12.45
      vertex -5.04278 217.347 2
      vertex -5.04278 217.347 12.45
    endloop
  endfacet
  facet normal 0.98076 -0.195219 0
    outer loop
      vertex -5.04278 217.347 2
      vertex -5.17037 216.706 12.45
      vertex -5.17037 216.706 2
    endloop
  endfacet
  facet normal -0.0657477 0.997836 0
    outer loop
      vertex -10 223 2
      vertex -10.6526 222.957 12.45
      vertex -10 223 12.45
    endloop
  endfacet
  facet normal -0.0657477 0.997836 0
    outer loop
      vertex -10.6526 222.957 12.45
      vertex -10 223 2
      vertex -10.6526 222.957 2
    endloop
  endfacet
  facet normal 0.65915 -0.752012 0
    outer loop
      vertex -6.95619 214.033 2
      vertex -6.46447 214.464 12.45
      vertex -6.95619 214.033 12.45
    endloop
  endfacet
  facet normal 0.65915 -0.752012 0
    outer loop
      vertex -6.46447 214.464 12.45
      vertex -6.95619 214.033 2
      vertex -6.46447 214.464 2
    endloop
  endfacet
  facet normal 0.831561 0.555434 0
    outer loop
      vertex -5.66987 220.5 12.45
      vertex -6.03323 221.044 2
      vertex -6.03323 221.044 12.45
    endloop
  endfacet
  facet normal 0.831561 0.555434 0
    outer loop
      vertex -6.03323 221.044 2
      vertex -5.66987 220.5 12.45
      vertex -5.66987 220.5 2
    endloop
  endfacet
  facet normal 0.752016 -0.659145 0
    outer loop
      vertex -6.46447 214.464 12.45
      vertex -6.03323 214.956 2
      vertex -6.03323 214.956 12.45
    endloop
  endfacet
  facet normal 0.752016 -0.659145 0
    outer loop
      vertex -6.03323 214.956 2
      vertex -6.46447 214.464 12.45
      vertex -6.46447 214.464 2
    endloop
  endfacet
  facet normal -0.946894 0.321546 0
    outer loop
      vertex -14.8296 219.294 2
      vertex -14.6194 219.913 12.45
      vertex -14.6194 219.913 2
    endloop
  endfacet
  facet normal -0.946894 0.321546 0
    outer loop
      vertex -14.6194 219.913 12.45
      vertex -14.8296 219.294 2
      vertex -14.8296 219.294 12.45
    endloop
  endfacet
  facet normal 0.555187 -0.831725 0
    outer loop
      vertex -7.5 213.67 2
      vertex -6.95619 214.033 12.45
      vertex -7.5 213.67 12.45
    endloop
  endfacet
  facet normal 0.555187 -0.831725 0
    outer loop
      vertex -6.95619 214.033 12.45
      vertex -7.5 213.67 2
      vertex -6.95619 214.033 2
    endloop
  endfacet
  facet normal 0.555187 0.831725 -0
    outer loop
      vertex -6.95619 221.967 2
      vertex -7.5 222.33 12.45
      vertex -6.95619 221.967 12.45
    endloop
  endfacet
  facet normal 0.555187 0.831725 0
    outer loop
      vertex -7.5 222.33 12.45
      vertex -6.95619 221.967 2
      vertex -7.5 222.33 2
    endloop
  endfacet
  facet normal 0.0657447 0.997836 -0
    outer loop
      vertex -9.34737 222.957 2
      vertex -10 223 12.45
      vertex -9.34737 222.957 12.45
    endloop
  endfacet
  facet normal 0.0657447 0.997836 0
    outer loop
      vertex -10 223 12.45
      vertex -9.34737 222.957 2
      vertex -10 223 2
    endloop
  endfacet
  facet normal -0.441945 0.897042 0
    outer loop
      vertex -11.9134 222.619 2
      vertex -12.5 222.33 12.45
      vertex -11.9134 222.619 12.45
    endloop
  endfacet
  facet normal -0.441945 0.897042 0
    outer loop
      vertex -12.5 222.33 12.45
      vertex -11.9134 222.619 2
      vertex -12.5 222.33 2
    endloop
  endfacet
  facet normal -0.0657477 -0.997836 0
    outer loop
      vertex -10.6526 213.043 2
      vertex -10 213 12.45
      vertex -10.6526 213.043 12.45
    endloop
  endfacet
  facet normal -0.0657477 -0.997836 -0
    outer loop
      vertex -10 213 12.45
      vertex -10.6526 213.043 2
      vertex -10 213 2
    endloop
  endfacet
  facet normal -0.322503 0.946569 0
    outer loop
      vertex -11.2941 222.83 2
      vertex -11.9134 222.619 12.45
      vertex -11.2941 222.83 12.45
    endloop
  endfacet
  facet normal -0.322503 0.946569 0
    outer loop
      vertex -11.9134 222.619 12.45
      vertex -11.2941 222.83 2
      vertex -11.9134 222.619 2
    endloop
  endfacet
  facet normal -0.997859 -0.0654033 0
    outer loop
      vertex -14.9572 217.347 2
      vertex -15 218 12.45
      vertex -15 218 2
    endloop
  endfacet
  facet normal -0.997859 -0.0654033 0
    outer loop
      vertex -15 218 12.45
      vertex -14.9572 217.347 2
      vertex -14.9572 217.347 12.45
    endloop
  endfacet
  facet normal 0.94688 -0.321587 0
    outer loop
      vertex -5.3806 216.087 12.45
      vertex -5.17037 216.706 2
      vertex -5.17037 216.706 12.45
    endloop
  endfacet
  facet normal 0.94688 -0.321587 0
    outer loop
      vertex -5.17037 216.706 2
      vertex -5.3806 216.087 12.45
      vertex -5.3806 216.087 2
    endloop
  endfacet
  facet normal 0.322493 0.946572 -0
    outer loop
      vertex -8.08658 222.619 2
      vertex -8.7059 222.83 12.45
      vertex -8.08658 222.619 12.45
    endloop
  endfacet
  facet normal 0.322493 0.946572 0
    outer loop
      vertex -8.7059 222.83 12.45
      vertex -8.08658 222.619 2
      vertex -8.7059 222.83 2
    endloop
  endfacet
  facet normal 0.194213 -0.980959 0
    outer loop
      vertex -9.34737 213.043 2
      vertex -8.7059 213.17 12.45
      vertex -9.34737 213.043 12.45
    endloop
  endfacet
  facet normal 0.194213 -0.980959 0
    outer loop
      vertex -8.7059 213.17 12.45
      vertex -9.34737 213.043 2
      vertex -8.7059 213.17 2
    endloop
  endfacet
  facet normal -0.946894 -0.321546 0
    outer loop
      vertex -14.6194 216.087 2
      vertex -14.8296 216.706 12.45
      vertex -14.8296 216.706 2
    endloop
  endfacet
  facet normal -0.946894 -0.321546 0
    outer loop
      vertex -14.8296 216.706 12.45
      vertex -14.6194 216.087 2
      vertex -14.6194 216.087 12.45
    endloop
  endfacet
  facet normal -0.659165 0.751998 0
    outer loop
      vertex -13.0438 221.967 2
      vertex -13.5355 221.536 12.45
      vertex -13.0438 221.967 12.45
    endloop
  endfacet
  facet normal -0.659165 0.751998 0
    outer loop
      vertex -13.5355 221.536 12.45
      vertex -13.0438 221.967 2
      vertex -13.5355 221.536 2
    endloop
  endfacet
  facet normal 0.441957 0.897036 -0
    outer loop
      vertex -7.5 222.33 2
      vertex -8.08658 222.619 12.45
      vertex -7.5 222.33 12.45
    endloop
  endfacet
  facet normal 0.441957 0.897036 0
    outer loop
      vertex -8.08658 222.619 12.45
      vertex -7.5 222.33 2
      vertex -8.08658 222.619 2
    endloop
  endfacet
  facet normal 0.896998 0.442035 0
    outer loop
      vertex -5.3806 219.913 12.45
      vertex -5.66987 220.5 2
      vertex -5.66987 220.5 12.45
    endloop
  endfacet
  facet normal 0.896998 0.442035 0
    outer loop
      vertex -5.66987 220.5 2
      vertex -5.3806 219.913 12.45
      vertex -5.3806 219.913 2
    endloop
  endfacet
  facet normal -0.997859 0.0654033 0
    outer loop
      vertex -15 218 2
      vertex -14.9572 218.653 12.45
      vertex -14.9572 218.653 2
    endloop
  endfacet
  facet normal -0.997859 0.0654033 0
    outer loop
      vertex -14.9572 218.653 12.45
      vertex -15 218 2
      vertex -15 218 12.45
    endloop
  endfacet
  facet normal 0.0657447 -0.997836 0
    outer loop
      vertex -10 213 2
      vertex -9.34737 213.043 12.45
      vertex -10 213 12.45
    endloop
  endfacet
  facet normal 0.0657447 -0.997836 0
    outer loop
      vertex -9.34737 213.043 12.45
      vertex -10 213 2
      vertex -9.34737 213.043 2
    endloop
  endfacet
  facet normal -0.89698 0.442072 0
    outer loop
      vertex -14.6194 219.913 2
      vertex -14.3301 220.5 12.45
      vertex -14.3301 220.5 2
    endloop
  endfacet
  facet normal -0.89698 0.442072 0
    outer loop
      vertex -14.3301 220.5 12.45
      vertex -14.6194 219.913 2
      vertex -14.6194 219.913 12.45
    endloop
  endfacet
  facet normal -0.555194 0.831721 0
    outer loop
      vertex -12.5 222.33 2
      vertex -13.0438 221.967 12.45
      vertex -12.5 222.33 12.45
    endloop
  endfacet
  facet normal -0.555194 0.831721 0
    outer loop
      vertex -13.0438 221.967 12.45
      vertex -12.5 222.33 2
      vertex -13.0438 221.967 2
    endloop
  endfacet
  facet normal -0.659165 -0.751998 0
    outer loop
      vertex -13.5355 214.464 2
      vertex -13.0438 214.033 12.45
      vertex -13.5355 214.464 12.45
    endloop
  endfacet
  facet normal -0.659165 -0.751998 -0
    outer loop
      vertex -13.0438 214.033 12.45
      vertex -13.5355 214.464 2
      vertex -13.0438 214.033 2
    endloop
  endfacet
  facet normal 0.194213 0.980959 -0
    outer loop
      vertex -8.7059 222.83 2
      vertex -9.34737 222.957 12.45
      vertex -8.7059 222.83 12.45
    endloop
  endfacet
  facet normal 0.194213 0.980959 0
    outer loop
      vertex -9.34737 222.957 12.45
      vertex -8.7059 222.83 2
      vertex -9.34737 222.957 2
    endloop
  endfacet
  facet normal -0.980757 -0.195233 0
    outer loop
      vertex -14.8296 216.706 2
      vertex -14.9572 217.347 12.45
      vertex -14.9572 217.347 2
    endloop
  endfacet
  facet normal -0.980757 -0.195233 0
    outer loop
      vertex -14.9572 217.347 12.45
      vertex -14.8296 216.706 2
      vertex -14.8296 216.706 12.45
    endloop
  endfacet
  facet normal -0.89698 -0.442072 0
    outer loop
      vertex -14.3301 215.5 2
      vertex -14.6194 216.087 12.45
      vertex -14.6194 216.087 2
    endloop
  endfacet
  facet normal -0.89698 -0.442072 0
    outer loop
      vertex -14.6194 216.087 12.45
      vertex -14.3301 215.5 2
      vertex -14.3301 215.5 12.45
    endloop
  endfacet
  facet normal -0.555194 -0.831721 0
    outer loop
      vertex -13.0438 214.033 2
      vertex -12.5 213.67 12.45
      vertex -13.0438 214.033 12.45
    endloop
  endfacet
  facet normal -0.555194 -0.831721 -0
    outer loop
      vertex -12.5 213.67 12.45
      vertex -13.0438 214.033 2
      vertex -12.5 213.67 2
    endloop
  endfacet
  facet normal 0.194204 -0.980961 0
    outer loop
      vertex 10.6526 213.043 2
      vertex 11.2941 213.17 12.45
      vertex 10.6526 213.043 12.45
    endloop
  endfacet
  facet normal 0.194204 -0.980961 0
    outer loop
      vertex 11.2941 213.17 12.45
      vertex 10.6526 213.043 2
      vertex 11.2941 213.17 2
    endloop
  endfacet
  facet normal 0.980757 0.195233 0
    outer loop
      vertex 14.9572 218.653 12.45
      vertex 14.8296 219.294 2
      vertex 14.8296 219.294 12.45
    endloop
  endfacet
  facet normal 0.980757 0.195233 0
    outer loop
      vertex 14.8296 219.294 2
      vertex 14.9572 218.653 12.45
      vertex 14.9572 218.653 2
    endloop
  endfacet
  facet normal 0.997859 0.0654033 0
    outer loop
      vertex 15 218 12.45
      vertex 14.9572 218.653 2
      vertex 14.9572 218.653 12.45
    endloop
  endfacet
  facet normal 0.997859 0.0654033 0
    outer loop
      vertex 14.9572 218.653 2
      vertex 15 218 12.45
      vertex 15 218 2
    endloop
  endfacet
  facet normal -0.997861 -0.0653729 0
    outer loop
      vertex 5.04278 217.347 2
      vertex 5 218 12.45
      vertex 5 218 2
    endloop
  endfacet
  facet normal -0.997861 -0.0653729 0
    outer loop
      vertex 5 218 12.45
      vertex 5.04278 217.347 2
      vertex 5.04278 217.347 12.45
    endloop
  endfacet
  facet normal -0.322493 -0.946572 0
    outer loop
      vertex 8.08658 213.381 2
      vertex 8.7059 213.17 12.45
      vertex 8.08658 213.381 12.45
    endloop
  endfacet
  facet normal -0.322493 -0.946572 -0
    outer loop
      vertex 8.7059 213.17 12.45
      vertex 8.08658 213.381 2
      vertex 8.7059 213.17 2
    endloop
  endfacet
  facet normal -0.441957 -0.897036 0
    outer loop
      vertex 7.5 213.67 2
      vertex 8.08658 213.381 12.45
      vertex 7.5 213.67 12.45
    endloop
  endfacet
  facet normal -0.441957 -0.897036 -0
    outer loop
      vertex 8.08658 213.381 12.45
      vertex 7.5 213.67 2
      vertex 8.08658 213.381 2
    endloop
  endfacet
  facet normal -0.831561 -0.555434 0
    outer loop
      vertex 6.03323 214.956 2
      vertex 5.66987 215.5 12.45
      vertex 5.66987 215.5 2
    endloop
  endfacet
  facet normal -0.831561 -0.555434 0
    outer loop
      vertex 5.66987 215.5 12.45
      vertex 6.03323 214.956 2
      vertex 6.03323 214.956 12.45
    endloop
  endfacet
  facet normal -0.65915 0.752012 0
    outer loop
      vertex 6.95619 221.967 2
      vertex 6.46447 221.536 12.45
      vertex 6.95619 221.967 12.45
    endloop
  endfacet
  facet normal -0.65915 0.752012 0
    outer loop
      vertex 6.46447 221.536 12.45
      vertex 6.95619 221.967 2
      vertex 6.46447 221.536 2
    endloop
  endfacet
  facet normal -0.194213 -0.980959 0
    outer loop
      vertex 8.7059 213.17 2
      vertex 9.34737 213.043 12.45
      vertex 8.7059 213.17 12.45
    endloop
  endfacet
  facet normal -0.194213 -0.980959 -0
    outer loop
      vertex 9.34737 213.043 12.45
      vertex 8.7059 213.17 2
      vertex 9.34737 213.043 2
    endloop
  endfacet
  facet normal 0.946894 -0.321546 0
    outer loop
      vertex 14.6194 216.087 12.45
      vertex 14.8296 216.706 2
      vertex 14.8296 216.706 12.45
    endloop
  endfacet
  facet normal 0.946894 -0.321546 0
    outer loop
      vertex 14.8296 216.706 2
      vertex 14.6194 216.087 12.45
      vertex 14.6194 216.087 2
    endloop
  endfacet
  facet normal -0.997861 0.0653729 0
    outer loop
      vertex 5 218 2
      vertex 5.04278 218.653 12.45
      vertex 5.04278 218.653 2
    endloop
  endfacet
  facet normal -0.997861 0.0653729 0
    outer loop
      vertex 5.04278 218.653 12.45
      vertex 5 218 2
      vertex 5 218 12.45
    endloop
  endfacet
  facet normal -0.0657447 -0.997836 0
    outer loop
      vertex 9.34737 213.043 2
      vertex 10 213 12.45
      vertex 9.34737 213.043 12.45
    endloop
  endfacet
  facet normal -0.0657447 -0.997836 -0
    outer loop
      vertex 10 213 12.45
      vertex 9.34737 213.043 2
      vertex 10 213 2
    endloop
  endfacet
  facet normal -0.831561 0.555434 0
    outer loop
      vertex 5.66987 220.5 2
      vertex 6.03323 221.044 12.45
      vertex 6.03323 221.044 2
    endloop
  endfacet
  facet normal -0.831561 0.555434 0
    outer loop
      vertex 6.03323 221.044 12.45
      vertex 5.66987 220.5 2
      vertex 5.66987 220.5 12.45
    endloop
  endfacet
  facet normal 0.980757 -0.195233 0
    outer loop
      vertex 14.8296 216.706 12.45
      vertex 14.9572 217.347 2
      vertex 14.9572 217.347 12.45
    endloop
  endfacet
  facet normal 0.980757 -0.195233 0
    outer loop
      vertex 14.9572 217.347 2
      vertex 14.8296 216.706 12.45
      vertex 14.8296 216.706 2
    endloop
  endfacet
  facet normal 0.659165 -0.751998 0
    outer loop
      vertex 13.0438 214.033 2
      vertex 13.5355 214.464 12.45
      vertex 13.0438 214.033 12.45
    endloop
  endfacet
  facet normal 0.659165 -0.751998 0
    outer loop
      vertex 13.5355 214.464 12.45
      vertex 13.0438 214.033 2
      vertex 13.5355 214.464 2
    endloop
  endfacet
  facet normal -0.98076 -0.195219 0
    outer loop
      vertex 5.17037 216.706 2
      vertex 5.04278 217.347 12.45
      vertex 5.04278 217.347 2
    endloop
  endfacet
  facet normal -0.98076 -0.195219 0
    outer loop
      vertex 5.04278 217.347 12.45
      vertex 5.17037 216.706 2
      vertex 5.17037 216.706 12.45
    endloop
  endfacet
  facet normal 0.831603 0.55537 0
    outer loop
      vertex 14.3301 220.5 12.45
      vertex 13.9668 221.044 2
      vertex 13.9668 221.044 12.45
    endloop
  endfacet
  facet normal 0.831603 0.55537 0
    outer loop
      vertex 13.9668 221.044 2
      vertex 14.3301 220.5 12.45
      vertex 14.3301 220.5 2
    endloop
  endfacet
  facet normal -0.555187 0.831725 0
    outer loop
      vertex 7.5 222.33 2
      vertex 6.95619 221.967 12.45
      vertex 7.5 222.33 12.45
    endloop
  endfacet
  facet normal -0.555187 0.831725 0
    outer loop
      vertex 6.95619 221.967 12.45
      vertex 7.5 222.33 2
      vertex 6.95619 221.967 2
    endloop
  endfacet
  facet normal 0.659165 0.751998 -0
    outer loop
      vertex 13.5355 221.536 2
      vertex 13.0438 221.967 12.45
      vertex 13.5355 221.536 12.45
    endloop
  endfacet
  facet normal 0.659165 0.751998 0
    outer loop
      vertex 13.0438 221.967 12.45
      vertex 13.5355 221.536 2
      vertex 13.0438 221.967 2
    endloop
  endfacet
  facet normal 0.441945 0.897042 -0
    outer loop
      vertex 12.5 222.33 2
      vertex 11.9134 222.619 12.45
      vertex 12.5 222.33 12.45
    endloop
  endfacet
  facet normal 0.441945 0.897042 0
    outer loop
      vertex 11.9134 222.619 12.45
      vertex 12.5 222.33 2
      vertex 11.9134 222.619 2
    endloop
  endfacet
  facet normal 0.89698 -0.442072 0
    outer loop
      vertex 14.3301 215.5 12.45
      vertex 14.6194 216.087 2
      vertex 14.6194 216.087 12.45
    endloop
  endfacet
  facet normal 0.89698 -0.442072 0
    outer loop
      vertex 14.6194 216.087 2
      vertex 14.3301 215.5 12.45
      vertex 14.3301 215.5 2
    endloop
  endfacet
  facet normal -0.752016 -0.659145 0
    outer loop
      vertex 6.46447 214.464 2
      vertex 6.03323 214.956 12.45
      vertex 6.03323 214.956 2
    endloop
  endfacet
  facet normal -0.752016 -0.659145 0
    outer loop
      vertex 6.03323 214.956 12.45
      vertex 6.46447 214.464 2
      vertex 6.46447 214.464 12.45
    endloop
  endfacet
  facet normal 0.997859 -0.0654033 0
    outer loop
      vertex 14.9572 217.347 12.45
      vertex 15 218 2
      vertex 15 218 12.45
    endloop
  endfacet
  facet normal 0.997859 -0.0654033 0
    outer loop
      vertex 15 218 2
      vertex 14.9572 217.347 12.45
      vertex 14.9572 217.347 2
    endloop
  endfacet
  facet normal -0.752016 0.659145 0
    outer loop
      vertex 6.03323 221.044 2
      vertex 6.46447 221.536 12.45
      vertex 6.46447 221.536 2
    endloop
  endfacet
  facet normal -0.752016 0.659145 0
    outer loop
      vertex 6.46447 221.536 12.45
      vertex 6.03323 221.044 2
      vertex 6.03323 221.044 12.45
    endloop
  endfacet
  facet normal 0.555194 0.831721 -0
    outer loop
      vertex 13.0438 221.967 2
      vertex 12.5 222.33 12.45
      vertex 13.0438 221.967 12.45
    endloop
  endfacet
  facet normal 0.555194 0.831721 0
    outer loop
      vertex 12.5 222.33 12.45
      vertex 13.0438 221.967 2
      vertex 12.5 222.33 2
    endloop
  endfacet
  facet normal -0.94688 0.321587 0
    outer loop
      vertex 5.17037 219.294 2
      vertex 5.3806 219.913 12.45
      vertex 5.3806 219.913 2
    endloop
  endfacet
  facet normal -0.94688 0.321587 0
    outer loop
      vertex 5.3806 219.913 12.45
      vertex 5.17037 219.294 2
      vertex 5.17037 219.294 12.45
    endloop
  endfacet
  facet normal 0.0657477 0.997836 -0
    outer loop
      vertex 10.6526 222.957 2
      vertex 10 223 12.45
      vertex 10.6526 222.957 12.45
    endloop
  endfacet
  facet normal 0.0657477 0.997836 0
    outer loop
      vertex 10 223 12.45
      vertex 10.6526 222.957 2
      vertex 10 223 2
    endloop
  endfacet
  facet normal 0.322503 -0.946569 0
    outer loop
      vertex 11.2941 213.17 2
      vertex 11.9134 213.381 12.45
      vertex 11.2941 213.17 12.45
    endloop
  endfacet
  facet normal 0.322503 -0.946569 0
    outer loop
      vertex 11.9134 213.381 12.45
      vertex 11.2941 213.17 2
      vertex 11.9134 213.381 2
    endloop
  endfacet
  facet normal -0.896998 -0.442035 0
    outer loop
      vertex 5.66987 215.5 2
      vertex 5.3806 216.087 12.45
      vertex 5.3806 216.087 2
    endloop
  endfacet
  facet normal -0.896998 -0.442035 0
    outer loop
      vertex 5.3806 216.087 12.45
      vertex 5.66987 215.5 2
      vertex 5.66987 215.5 12.45
    endloop
  endfacet
  facet normal 0.555194 -0.831721 0
    outer loop
      vertex 12.5 213.67 2
      vertex 13.0438 214.033 12.45
      vertex 12.5 213.67 12.45
    endloop
  endfacet
  facet normal 0.555194 -0.831721 0
    outer loop
      vertex 13.0438 214.033 12.45
      vertex 12.5 213.67 2
      vertex 13.0438 214.033 2
    endloop
  endfacet
  facet normal 0 0 1
    outer loop
      vertex 11.7 218 12.45
      vertex 15 218 12.45
      vertex 14.9572 218.653 12.45
    endloop
  endfacet
  facet normal 0 0 1
    outer loop
      vertex 11.6855 218.222 12.45
      vertex 14.9572 218.653 12.45
      vertex 14.8296 219.294 12.45
    endloop
  endfacet
  facet normal 0 0 1
    outer loop
      vertex 15 218 12.45
      vertex 11.7 218 12.45
      vertex 14.9572 217.347 12.45
    endloop
  endfacet
  facet normal 0 0 1
    outer loop
      vertex 11.6421 218.44 12.45
      vertex 14.8296 219.294 12.45
      vertex 14.6194 219.913 12.45
    endloop
  endfacet
  facet normal -0 0 1
    outer loop
      vertex 11.6855 217.778 12.45
      vertex 14.9572 217.347 12.45
      vertex 11.7 218 12.45
    endloop
  endfacet
  facet normal 0 0 1
    outer loop
      vertex 11.5706 218.651 12.45
      vertex 14.6194 219.913 12.45
      vertex 14.3301 220.5 12.45
    endloop
  endfacet
  facet normal 0 0 1
    outer loop
      vertex 14.9572 217.347 12.45
      vertex 11.6855 217.778 12.45
      vertex 14.8296 216.706 12.45
    endloop
  endfacet
  facet normal 0 0 1
    outer loop
      vertex 11.4722 218.85 12.45
      vertex 14.3301 220.5 12.45
      vertex 13.9668 221.044 12.45
    endloop
  endfacet
  facet normal -0 0 1
    outer loop
      vertex 11.6421 217.56 12.45
      vertex 14.8296 216.706 12.45
      vertex 11.6855 217.778 12.45
    endloop
  endfacet
  facet normal 0 0 1
    outer loop
      vertex 11.3487 219.035 12.45
      vertex 13.9668 221.044 12.45
      vertex 13.5355 221.536 12.45
    endloop
  endfacet
  facet normal 0 0 1
    outer loop
      vertex 14.8296 216.706 12.45
      vertex 11.6421 217.56 12.45
      vertex 14.6194 216.087 12.45
    endloop
  endfacet
  facet normal 0 0 1
    outer loop
      vertex 11.2021 219.202 12.45
      vertex 13.5355 221.536 12.45
      vertex 13.0438 221.967 12.45
    endloop
  endfacet
  facet normal -0 0 1
    outer loop
      vertex 11.5706 217.349 12.45
      vertex 14.6194 216.087 12.45
      vertex 11.6421 217.56 12.45
    endloop
  endfacet
  facet normal 0 0 1
    outer loop
      vertex 11.0349 219.349 12.45
      vertex 13.0438 221.967 12.45
      vertex 12.5 222.33 12.45
    endloop
  endfacet
  facet normal 0 0 1
    outer loop
      vertex 14.6194 216.087 12.45
      vertex 11.5706 217.349 12.45
      vertex 14.3301 215.5 12.45
    endloop
  endfacet
  facet normal 0 0 1
    outer loop
      vertex 10.85 219.472 12.45
      vertex 12.5 222.33 12.45
      vertex 11.9134 222.619 12.45
    endloop
  endfacet
  facet normal -0 0 1
    outer loop
      vertex 11.4722 217.15 12.45
      vertex 14.3301 215.5 12.45
      vertex 11.5706 217.349 12.45
    endloop
  endfacet
  facet normal 0 0 1
    outer loop
      vertex 14.3301 215.5 12.45
      vertex 11.4722 217.15 12.45
      vertex 13.9668 214.956 12.45
    endloop
  endfacet
  facet normal 0 0 1
    outer loop
      vertex 14.9572 218.653 12.45
      vertex 11.6855 218.222 12.45
      vertex 11.7 218 12.45
    endloop
  endfacet
  facet normal 0 0 1
    outer loop
      vertex 14.8296 219.294 12.45
      vertex 11.6421 218.44 12.45
      vertex 11.6855 218.222 12.45
    endloop
  endfacet
  facet normal 0 0 1
    outer loop
      vertex 14.6194 219.913 12.45
      vertex 11.5706 218.651 12.45
      vertex 11.6421 218.44 12.45
    endloop
  endfacet
  facet normal 0 0 1
    outer loop
      vertex 14.3301 220.5 12.45
      vertex 11.4722 218.85 12.45
      vertex 11.5706 218.651 12.45
    endloop
  endfacet
  facet normal 0 0 1
    outer loop
      vertex 13.9668 221.044 12.45
      vertex 11.3487 219.035 12.45
      vertex 11.4722 218.85 12.45
    endloop
  endfacet
  facet normal 0 0 1
    outer loop
      vertex 10.6506 219.571 12.45
      vertex 11.9134 222.619 12.45
      vertex 11.2941 222.83 12.45
    endloop
  endfacet
  facet normal 0 0 1
    outer loop
      vertex 13.5355 221.536 12.45
      vertex 11.2021 219.202 12.45
      vertex 11.3487 219.035 12.45
    endloop
  endfacet
  facet normal 0 0 1
    outer loop
      vertex 13.0438 221.967 12.45
      vertex 11.0349 219.349 12.45
      vertex 11.2021 219.202 12.45
    endloop
  endfacet
  facet normal 0 0 1
    outer loop
      vertex 12.5 222.33 12.45
      vertex 10.85 219.472 12.45
      vertex 11.0349 219.349 12.45
    endloop
  endfacet
  facet normal 0 0 1
    outer loop
      vertex 10.44 219.642 12.45
      vertex 11.2941 222.83 12.45
      vertex 10.6526 222.957 12.45
    endloop
  endfacet
  facet normal 0 0 1
    outer loop
      vertex 11.9134 222.619 12.45
      vertex 10.6506 219.571 12.45
      vertex 10.85 219.472 12.45
    endloop
  endfacet
  facet normal 0 0 1
    outer loop
      vertex 11.2941 222.83 12.45
      vertex 10.44 219.642 12.45
      vertex 10.6506 219.571 12.45
    endloop
  endfacet
  facet normal 0 0 1
    outer loop
      vertex 10.6526 222.957 12.45
      vertex 10.2219 219.685 12.45
      vertex 10.44 219.642 12.45
    endloop
  endfacet
  facet normal 0 0 1
    outer loop
      vertex 10 223 12.45
      vertex 10.2219 219.685 12.45
      vertex 10.6526 222.957 12.45
    endloop
  endfacet
  facet normal 0 0 1
    outer loop
      vertex 10 223 12.45
      vertex 10 219.7 12.45
      vertex 10.2219 219.685 12.45
    endloop
  endfacet
  facet normal 0 0 1
    outer loop
      vertex 10 223 12.45
      vertex 9.7781 219.685 12.45
      vertex 10 219.7 12.45
    endloop
  endfacet
  facet normal -0 0 1
    outer loop
      vertex 9.34737 222.957 12.45
      vertex 9.7781 219.685 12.45
      vertex 10 223 12.45
    endloop
  endfacet
  facet normal 0 0 1
    outer loop
      vertex 9.7781 219.685 12.45
      vertex 9.34737 222.957 12.45
      vertex 9.56001 219.642 12.45
    endloop
  endfacet
  facet normal -0 0 1
    outer loop
      vertex 8.7059 222.83 12.45
      vertex 9.56001 219.642 12.45
      vertex 9.34737 222.957 12.45
    endloop
  endfacet
  facet normal 0 0 1
    outer loop
      vertex 9.56001 219.642 12.45
      vertex 8.7059 222.83 12.45
      vertex 9.34944 219.571 12.45
    endloop
  endfacet
  facet normal -0 0 1
    outer loop
      vertex 8.08658 222.619 12.45
      vertex 9.34944 219.571 12.45
      vertex 8.7059 222.83 12.45
    endloop
  endfacet
  facet normal 0 0 1
    outer loop
      vertex 9.34944 219.571 12.45
      vertex 8.08658 222.619 12.45
      vertex 9.15 219.472 12.45
    endloop
  endfacet
  facet normal -0 0 1
    outer loop
      vertex 7.5 222.33 12.45
      vertex 9.15 219.472 12.45
      vertex 8.08658 222.619 12.45
    endloop
  endfacet
  facet normal 0 0 1
    outer loop
      vertex 9.15 219.472 12.45
      vertex 7.5 222.33 12.45
      vertex 8.96511 219.349 12.45
    endloop
  endfacet
  facet normal -0 0 1
    outer loop
      vertex 6.95619 221.967 12.45
      vertex 8.96511 219.349 12.45
      vertex 7.5 222.33 12.45
    endloop
  endfacet
  facet normal 0 0 1
    outer loop
      vertex 8.96511 219.349 12.45
      vertex 6.95619 221.967 12.45
      vertex 8.79792 219.202 12.45
    endloop
  endfacet
  facet normal -0 0 1
    outer loop
      vertex 6.46447 221.536 12.45
      vertex 8.79792 219.202 12.45
      vertex 6.95619 221.967 12.45
    endloop
  endfacet
  facet normal 0 0 1
    outer loop
      vertex 8.79792 219.202 12.45
      vertex 6.46447 221.536 12.45
      vertex 8.6513 219.035 12.45
    endloop
  endfacet
  facet normal 0 0 1
    outer loop
      vertex 8.6513 219.035 12.45
      vertex 6.03323 221.044 12.45
      vertex 8.52776 218.85 12.45
    endloop
  endfacet
  facet normal -0 0 1
    outer loop
      vertex 6.03323 221.044 12.45
      vertex 8.6513 219.035 12.45
      vertex 6.46447 221.536 12.45
    endloop
  endfacet
  facet normal -0 0 1
    outer loop
      vertex 11.3487 216.965 12.45
      vertex 13.9668 214.956 12.45
      vertex 11.4722 217.15 12.45
    endloop
  endfacet
  facet normal 0 0 1
    outer loop
      vertex 13.9668 214.956 12.45
      vertex 11.3487 216.965 12.45
      vertex 13.5355 214.464 12.45
    endloop
  endfacet
  facet normal -0 0 1
    outer loop
      vertex 11.2021 216.798 12.45
      vertex 13.5355 214.464 12.45
      vertex 11.3487 216.965 12.45
    endloop
  endfacet
  facet normal 0 0 1
    outer loop
      vertex 13.5355 214.464 12.45
      vertex 11.2021 216.798 12.45
      vertex 13.0438 214.033 12.45
    endloop
  endfacet
  facet normal -0 0 1
    outer loop
      vertex 11.0349 216.651 12.45
      vertex 13.0438 214.033 12.45
      vertex 11.2021 216.798 12.45
    endloop
  endfacet
  facet normal 0 0 1
    outer loop
      vertex 13.0438 214.033 12.45
      vertex 11.0349 216.651 12.45
      vertex 12.5 213.67 12.45
    endloop
  endfacet
  facet normal -0 0 1
    outer loop
      vertex 10.85 216.528 12.45
      vertex 12.5 213.67 12.45
      vertex 11.0349 216.651 12.45
    endloop
  endfacet
  facet normal 0 0 1
    outer loop
      vertex 12.5 213.67 12.45
      vertex 10.85 216.528 12.45
      vertex 11.9134 213.381 12.45
    endloop
  endfacet
  facet normal -0 0 1
    outer loop
      vertex 10.6506 216.429 12.45
      vertex 11.9134 213.381 12.45
      vertex 10.85 216.528 12.45
    endloop
  endfacet
  facet normal 0 0 1
    outer loop
      vertex 11.9134 213.381 12.45
      vertex 10.6506 216.429 12.45
      vertex 11.2941 213.17 12.45
    endloop
  endfacet
  facet normal -0 0 1
    outer loop
      vertex 10.44 216.358 12.45
      vertex 11.2941 213.17 12.45
      vertex 10.6506 216.429 12.45
    endloop
  endfacet
  facet normal 0 0 1
    outer loop
      vertex 11.2941 213.17 12.45
      vertex 10.44 216.358 12.45
      vertex 10.6526 213.043 12.45
    endloop
  endfacet
  facet normal -0 0 1
    outer loop
      vertex 10.2219 216.315 12.45
      vertex 10.6526 213.043 12.45
      vertex 10.44 216.358 12.45
    endloop
  endfacet
  facet normal -0 0 1
    outer loop
      vertex 10 216.3 12.45
      vertex 10.6526 213.043 12.45
      vertex 10.2219 216.315 12.45
    endloop
  endfacet
  facet normal 0 0 1
    outer loop
      vertex 10 216.3 12.45
      vertex 10 213 12.45
      vertex 10.6526 213.043 12.45
    endloop
  endfacet
  facet normal 0 0 1
    outer loop
      vertex 9.7781 216.315 12.45
      vertex 10 213 12.45
      vertex 10 216.3 12.45
    endloop
  endfacet
  facet normal 0 0 1
    outer loop
      vertex 9.34737 213.043 12.45
      vertex 9.7781 216.315 12.45
      vertex 9.56001 216.358 12.45
    endloop
  endfacet
  facet normal 0 0 1
    outer loop
      vertex 8.7059 213.17 12.45
      vertex 9.56001 216.358 12.45
      vertex 9.34944 216.429 12.45
    endloop
  endfacet
  facet normal 0 0 1
    outer loop
      vertex 9.7781 216.315 12.45
      vertex 9.34737 213.043 12.45
      vertex 10 213 12.45
    endloop
  endfacet
  facet normal 0 0 1
    outer loop
      vertex 8.08658 213.381 12.45
      vertex 9.34944 216.429 12.45
      vertex 9.15 216.528 12.45
    endloop
  endfacet
  facet normal 0 0 1
    outer loop
      vertex 7.5 213.67 12.45
      vertex 9.15 216.528 12.45
      vertex 8.96511 216.651 12.45
    endloop
  endfacet
  facet normal 0 0 1
    outer loop
      vertex 6.95619 214.033 12.45
      vertex 8.96511 216.651 12.45
      vertex 8.79792 216.798 12.45
    endloop
  endfacet
  facet normal 0 0 1
    outer loop
      vertex 9.56001 216.358 12.45
      vertex 8.7059 213.17 12.45
      vertex 9.34737 213.043 12.45
    endloop
  endfacet
  facet normal 0 0 1
    outer loop
      vertex 6.46447 214.464 12.45
      vertex 8.79792 216.798 12.45
      vertex 8.6513 216.965 12.45
    endloop
  endfacet
  facet normal 0 0 1
    outer loop
      vertex 6.03323 214.956 12.45
      vertex 8.6513 216.965 12.45
      vertex 8.52776 217.15 12.45
    endloop
  endfacet
  facet normal 0 0 1
    outer loop
      vertex 5.66987 215.5 12.45
      vertex 8.52776 217.15 12.45
      vertex 8.4294 217.349 12.45
    endloop
  endfacet
  facet normal 0 0 1
    outer loop
      vertex 5.3806 216.087 12.45
      vertex 8.4294 217.349 12.45
      vertex 8.35793 217.56 12.45
    endloop
  endfacet
  facet normal 0 0 1
    outer loop
      vertex 5.17037 216.706 12.45
      vertex 8.35793 217.56 12.45
      vertex 8.31454 217.778 12.45
    endloop
  endfacet
  facet normal 0 0 1
    outer loop
      vertex 9.34944 216.429 12.45
      vertex 8.08658 213.381 12.45
      vertex 8.7059 213.17 12.45
    endloop
  endfacet
  facet normal 0 0 1
    outer loop
      vertex 5.04278 217.347 12.45
      vertex 8.31454 217.778 12.45
      vertex 8.3 218 12.45
    endloop
  endfacet
  facet normal -0 0 1
    outer loop
      vertex 5.66987 220.5 12.45
      vertex 8.52776 218.85 12.45
      vertex 6.03323 221.044 12.45
    endloop
  endfacet
  facet normal 0 0 1
    outer loop
      vertex 8.52776 218.85 12.45
      vertex 5.66987 220.5 12.45
      vertex 8.4294 218.651 12.45
    endloop
  endfacet
  facet normal 0 0 1
    outer loop
      vertex 9.15 216.528 12.45
      vertex 7.5 213.67 12.45
      vertex 8.08658 213.381 12.45
    endloop
  endfacet
  facet normal -0 0 1
    outer loop
      vertex 5.3806 219.913 12.45
      vertex 8.4294 218.651 12.45
      vertex 5.66987 220.5 12.45
    endloop
  endfacet
  facet normal 0 0 1
    outer loop
      vertex 8.96511 216.651 12.45
      vertex 6.95619 214.033 12.45
      vertex 7.5 213.67 12.45
    endloop
  endfacet
  facet normal 0 0 1
    outer loop
      vertex 8.4294 218.651 12.45
      vertex 5.3806 219.913 12.45
      vertex 8.35793 218.44 12.45
    endloop
  endfacet
  facet normal 0 0 1
    outer loop
      vertex 8.79792 216.798 12.45
      vertex 6.46447 214.464 12.45
      vertex 6.95619 214.033 12.45
    endloop
  endfacet
  facet normal -0 0 1
    outer loop
      vertex 5.17037 219.294 12.45
      vertex 8.35793 218.44 12.45
      vertex 5.3806 219.913 12.45
    endloop
  endfacet
  facet normal 0 0 1
    outer loop
      vertex 8.6513 216.965 12.45
      vertex 6.03323 214.956 12.45
      vertex 6.46447 214.464 12.45
    endloop
  endfacet
  facet normal 0 0 1
    outer loop
      vertex 8.35793 218.44 12.45
      vertex 5.17037 219.294 12.45
      vertex 8.31454 218.222 12.45
    endloop
  endfacet
  facet normal 0 0 1
    outer loop
      vertex 8.52776 217.15 12.45
      vertex 5.66987 215.5 12.45
      vertex 6.03323 214.956 12.45
    endloop
  endfacet
  facet normal -0 0 1
    outer loop
      vertex 5.04278 218.653 12.45
      vertex 8.31454 218.222 12.45
      vertex 5.17037 219.294 12.45
    endloop
  endfacet
  facet normal 0 0 1
    outer loop
      vertex 8.4294 217.349 12.45
      vertex 5.3806 216.087 12.45
      vertex 5.66987 215.5 12.45
    endloop
  endfacet
  facet normal 0 0 1
    outer loop
      vertex 8.31454 218.222 12.45
      vertex 5.04278 218.653 12.45
      vertex 8.3 218 12.45
    endloop
  endfacet
  facet normal 0 0 1
    outer loop
      vertex 8.35793 217.56 12.45
      vertex 5.17037 216.706 12.45
      vertex 5.3806 216.087 12.45
    endloop
  endfacet
  facet normal 0 0 1
    outer loop
      vertex 5 218 12.45
      vertex 8.3 218 12.45
      vertex 5.04278 218.653 12.45
    endloop
  endfacet
  facet normal 0 0 1
    outer loop
      vertex 8.31454 217.778 12.45
      vertex 5.04278 217.347 12.45
      vertex 5.17037 216.706 12.45
    endloop
  endfacet
  facet normal 0 0 1
    outer loop
      vertex 8.3 218 12.45
      vertex 5 218 12.45
      vertex 5.04278 217.347 12.45
    endloop
  endfacet
  facet normal -0.194213 0.980959 0
    outer loop
      vertex 9.34737 222.957 2
      vertex 8.7059 222.83 12.45
      vertex 9.34737 222.957 12.45
    endloop
  endfacet
  facet normal -0.194213 0.980959 0
    outer loop
      vertex 8.7059 222.83 12.45
      vertex 9.34737 222.957 2
      vertex 8.7059 222.83 2
    endloop
  endfacet
  facet normal -0.441957 0.897036 0
    outer loop
      vertex 8.08658 222.619 2
      vertex 7.5 222.33 12.45
      vertex 8.08658 222.619 12.45
    endloop
  endfacet
  facet normal -0.441957 0.897036 0
    outer loop
      vertex 7.5 222.33 12.45
      vertex 8.08658 222.619 2
      vertex 7.5 222.33 2
    endloop
  endfacet
  facet normal -0.0657447 0.997836 0
    outer loop
      vertex 10 223 2
      vertex 9.34737 222.957 12.45
      vertex 10 223 12.45
    endloop
  endfacet
  facet normal -0.0657447 0.997836 0
    outer loop
      vertex 9.34737 222.957 12.45
      vertex 10 223 2
      vertex 9.34737 222.957 2
    endloop
  endfacet
  facet normal 0.194204 0.980961 -0
    outer loop
      vertex 11.2941 222.83 2
      vertex 10.6526 222.957 12.45
      vertex 11.2941 222.83 12.45
    endloop
  endfacet
  facet normal 0.194204 0.980961 0
    outer loop
      vertex 10.6526 222.957 12.45
      vertex 11.2941 222.83 2
      vertex 10.6526 222.957 2
    endloop
  endfacet
  facet normal -0.65915 -0.752012 0
    outer loop
      vertex 6.46447 214.464 2
      vertex 6.95619 214.033 12.45
      vertex 6.46447 214.464 12.45
    endloop
  endfacet
  facet normal -0.65915 -0.752012 -0
    outer loop
      vertex 6.95619 214.033 12.45
      vertex 6.46447 214.464 2
      vertex 6.95619 214.033 2
    endloop
  endfacet
  facet normal 0.75197 -0.659197 0
    outer loop
      vertex 13.5355 214.464 12.45
      vertex 13.9668 214.956 2
      vertex 13.9668 214.956 12.45
    endloop
  endfacet
  facet normal 0.75197 -0.659197 0
    outer loop
      vertex 13.9668 214.956 2
      vertex 13.5355 214.464 12.45
      vertex 13.5355 214.464 2
    endloop
  endfacet
  facet normal 0.322503 0.946569 -0
    outer loop
      vertex 11.9134 222.619 2
      vertex 11.2941 222.83 12.45
      vertex 11.9134 222.619 12.45
    endloop
  endfacet
  facet normal 0.322503 0.946569 0
    outer loop
      vertex 11.2941 222.83 12.45
      vertex 11.9134 222.619 2
      vertex 11.2941 222.83 2
    endloop
  endfacet
  facet normal -0.94688 -0.321587 0
    outer loop
      vertex 5.3806 216.087 2
      vertex 5.17037 216.706 12.45
      vertex 5.17037 216.706 2
    endloop
  endfacet
  facet normal -0.94688 -0.321587 0
    outer loop
      vertex 5.17037 216.706 12.45
      vertex 5.3806 216.087 2
      vertex 5.3806 216.087 12.45
    endloop
  endfacet
  facet normal 0.831603 -0.55537 0
    outer loop
      vertex 13.9668 214.956 12.45
      vertex 14.3301 215.5 2
      vertex 14.3301 215.5 12.45
    endloop
  endfacet
  facet normal 0.831603 -0.55537 0
    outer loop
      vertex 14.3301 215.5 2
      vertex 13.9668 214.956 12.45
      vertex 13.9668 214.956 2
    endloop
  endfacet
  facet normal -0.98076 0.195219 0
    outer loop
      vertex 5.04278 218.653 2
      vertex 5.17037 219.294 12.45
      vertex 5.17037 219.294 2
    endloop
  endfacet
  facet normal -0.98076 0.195219 0
    outer loop
      vertex 5.17037 219.294 12.45
      vertex 5.04278 218.653 2
      vertex 5.04278 218.653 12.45
    endloop
  endfacet
  facet normal 0.89698 0.442072 0
    outer loop
      vertex 14.6194 219.913 12.45
      vertex 14.3301 220.5 2
      vertex 14.3301 220.5 12.45
    endloop
  endfacet
  facet normal 0.89698 0.442072 0
    outer loop
      vertex 14.3301 220.5 2
      vertex 14.6194 219.913 12.45
      vertex 14.6194 219.913 2
    endloop
  endfacet
  facet normal 0.0657477 -0.997836 0
    outer loop
      vertex 10 213 2
      vertex 10.6526 213.043 12.45
      vertex 10 213 12.45
    endloop
  endfacet
  facet normal 0.0657477 -0.997836 0
    outer loop
      vertex 10.6526 213.043 12.45
      vertex 10 213 2
      vertex 10.6526 213.043 2
    endloop
  endfacet
  facet normal 0.75197 0.659197 0
    outer loop
      vertex 13.9668 221.044 12.45
      vertex 13.5355 221.536 2
      vertex 13.5355 221.536 12.45
    endloop
  endfacet
  facet normal 0.75197 0.659197 0
    outer loop
      vertex 13.5355 221.536 2
      vertex 13.9668 221.044 12.45
      vertex 13.9668 221.044 2
    endloop
  endfacet
  facet normal 0.946894 0.321546 0
    outer loop
      vertex 14.8296 219.294 12.45
      vertex 14.6194 219.913 2
      vertex 14.6194 219.913 12.45
    endloop
  endfacet
  facet normal 0.946894 0.321546 0
    outer loop
      vertex 14.6194 219.913 2
      vertex 14.8296 219.294 12.45
      vertex 14.8296 219.294 2
    endloop
  endfacet
  facet normal -0.896998 0.442035 0
    outer loop
      vertex 5.3806 219.913 2
      vertex 5.66987 220.5 12.45
      vertex 5.66987 220.5 2
    endloop
  endfacet
  facet normal -0.896998 0.442035 0
    outer loop
      vertex 5.66987 220.5 12.45
      vertex 5.3806 219.913 2
      vertex 5.3806 219.913 12.45
    endloop
  endfacet
  facet normal -0.322493 0.946572 0
    outer loop
      vertex 8.7059 222.83 2
      vertex 8.08658 222.619 12.45
      vertex 8.7059 222.83 12.45
    endloop
  endfacet
  facet normal -0.322493 0.946572 0
    outer loop
      vertex 8.08658 222.619 12.45
      vertex 8.7059 222.83 2
      vertex 8.08658 222.619 2
    endloop
  endfacet
  facet normal 0.441945 -0.897042 0
    outer loop
      vertex 11.9134 213.381 2
      vertex 12.5 213.67 12.45
      vertex 11.9134 213.381 12.45
    endloop
  endfacet
  facet normal 0.441945 -0.897042 0
    outer loop
      vertex 12.5 213.67 12.45
      vertex 11.9134 213.381 2
      vertex 12.5 213.67 2
    endloop
  endfacet
  facet normal -0.555187 -0.831725 0
    outer loop
      vertex 6.95619 214.033 2
      vertex 7.5 213.67 12.45
      vertex 6.95619 214.033 12.45
    endloop
  endfacet
  facet normal -0.555187 -0.831725 -0
    outer loop
      vertex 7.5 213.67 12.45
      vertex 6.95619 214.033 2
      vertex 7.5 213.67 2
    endloop
  endfacet
  facet normal -0.553889 -0.83259 0
    outer loop
      vertex -9.15 121.472 9.45
      vertex -8.96511 121.349 12.45
      vertex -9.15 121.472 12.45
    endloop
  endfacet
  facet normal -0.553889 -0.83259 -0
    outer loop
      vertex -8.96511 121.349 12.45
      vertex -9.15 121.472 9.45
      vertex -8.96511 121.349 9.45
    endloop
  endfacet
  facet normal 0.553869 -0.832604 0
    outer loop
      vertex -11.0349 121.349 9.45
      vertex -10.85 121.472 12.45
      vertex -11.0349 121.349 12.45
    endloop
  endfacet
  facet normal 0.553869 -0.832604 0
    outer loop
      vertex -10.85 121.472 12.45
      vertex -11.0349 121.349 9.45
      vertex -10.85 121.472 9.45
    endloop
  endfacet
  facet normal 0.0674441 0.997723 -0
    outer loop
      vertex -10 118.3 9.45
      vertex -10.2219 118.315 12.45
      vertex -10 118.3 12.45
    endloop
  endfacet
  facet normal 0.0674441 0.997723 0
    outer loop
      vertex -10.2219 118.315 12.45
      vertex -10 118.3 9.45
      vertex -10.2219 118.315 9.45
    endloop
  endfacet
  facet normal -0.193442 0.981112 0
    outer loop
      vertex -9.56001 118.358 9.45
      vertex -9.7781 118.315 12.45
      vertex -9.56001 118.358 12.45
    endloop
  endfacet
  facet normal -0.193442 0.981112 0
    outer loop
      vertex -9.7781 118.315 12.45
      vertex -9.56001 118.358 9.45
      vertex -9.7781 118.315 9.45
    endloop
  endfacet
  facet normal 0.980753 0.195251 0
    outer loop
      vertex -11.6421 119.56 12.45
      vertex -11.6855 119.778 9.45
      vertex -11.6855 119.778 12.45
    endloop
  endfacet
  facet normal 0.980753 0.195251 0
    outer loop
      vertex -11.6855 119.778 9.45
      vertex -11.6421 119.56 12.45
      vertex -11.6421 119.56 9.45
    endloop
  endfacet
  facet normal 0.193434 -0.981113 0
    outer loop
      vertex -10.44 121.642 9.45
      vertex -10.2219 121.685 12.45
      vertex -10.44 121.642 12.45
    endloop
  endfacet
  facet normal 0.193434 -0.981113 0
    outer loop
      vertex -10.2219 121.685 12.45
      vertex -10.44 121.642 9.45
      vertex -10.2219 121.685 9.45
    endloop
  endfacet
  facet normal -0.997862 -0.0653555 0
    outer loop
      vertex -8.3 120 9.45
      vertex -8.31454 120.222 12.45
      vertex -8.31454 120.222 9.45
    endloop
  endfacet
  facet normal -0.997862 -0.0653555 0
    outer loop
      vertex -8.31454 120.222 12.45
      vertex -8.3 120 9.45
      vertex -8.3 120 12.45
    endloop
  endfacet
  facet normal 0.997874 -0.0651764 0
    outer loop
      vertex -11.7 120 12.45
      vertex -11.6855 120.222 9.45
      vertex -11.6855 120.222 12.45
    endloop
  endfacet
  facet normal 0.997874 -0.0651764 0
    outer loop
      vertex -11.6855 120.222 9.45
      vertex -11.7 120 12.45
      vertex -11.7 120 9.45
    endloop
  endfacet
  facet normal -0.947141 -0.320816 0
    outer loop
      vertex -8.35793 120.44 9.45
      vertex -8.4294 120.651 12.45
      vertex -8.4294 120.651 9.45
    endloop
  endfacet
  facet normal -0.947141 -0.320816 0
    outer loop
      vertex -8.4294 120.651 12.45
      vertex -8.35793 120.44 9.45
      vertex -8.35793 120.44 12.45
    endloop
  endfacet
  facet normal 0.319466 -0.947598 0
    outer loop
      vertex -10.6506 121.571 9.45
      vertex -10.44 121.642 12.45
      vertex -10.6506 121.571 12.45
    endloop
  endfacet
  facet normal 0.319466 -0.947598 0
    outer loop
      vertex -10.44 121.642 12.45
      vertex -10.6506 121.571 9.45
      vertex -10.44 121.642 9.45
    endloop
  endfacet
  facet normal -0.980762 -0.195208 0
    outer loop
      vertex -8.31454 120.222 9.45
      vertex -8.35793 120.44 12.45
      vertex -8.35793 120.44 9.45
    endloop
  endfacet
  facet normal -0.980762 -0.195208 0
    outer loop
      vertex -8.35793 120.44 12.45
      vertex -8.31454 120.222 9.45
      vertex -8.31454 120.222 12.45
    endloop
  endfacet
  facet normal 0.660284 0.751016 -0
    outer loop
      vertex -11.0349 118.651 9.45
      vertex -11.2021 118.798 12.45
      vertex -11.0349 118.651 12.45
    endloop
  endfacet
  facet normal 0.660284 0.751016 0
    outer loop
      vertex -11.2021 118.798 12.45
      vertex -11.0349 118.651 9.45
      vertex -11.2021 118.798 9.45
    endloop
  endfacet
  facet normal 0.980753 -0.195251 0
    outer loop
      vertex -11.6855 120.222 12.45
      vertex -11.6421 120.44 9.45
      vertex -11.6421 120.44 12.45
    endloop
  endfacet
  facet normal 0.980753 -0.195251 0
    outer loop
      vertex -11.6421 120.44 9.45
      vertex -11.6855 120.222 12.45
      vertex -11.6855 120.222 9.45
    endloop
  endfacet
  facet normal 0.831704 -0.555219 0
    outer loop
      vertex -11.4722 120.85 12.45
      vertex -11.3487 121.035 9.45
      vertex -11.3487 121.035 12.45
    endloop
  endfacet
  facet normal 0.831704 -0.555219 0
    outer loop
      vertex -11.3487 121.035 9.45
      vertex -11.4722 120.85 12.45
      vertex -11.4722 120.85 9.45
    endloop
  endfacet
  facet normal 0.831704 0.555219 0
    outer loop
      vertex -11.3487 118.965 12.45
      vertex -11.4722 119.15 9.45
      vertex -11.4722 119.15 12.45
    endloop
  endfacet
  facet normal 0.831704 0.555219 0
    outer loop
      vertex -11.4722 119.15 9.45
      vertex -11.3487 118.965 12.45
      vertex -11.3487 118.965 9.45
    endloop
  endfacet
  facet normal -0.193442 -0.981112 0
    outer loop
      vertex -9.7781 121.685 9.45
      vertex -9.56001 121.642 12.45
      vertex -9.7781 121.685 12.45
    endloop
  endfacet
  facet normal -0.193442 -0.981112 -0
    outer loop
      vertex -9.56001 121.642 12.45
      vertex -9.7781 121.685 9.45
      vertex -9.56001 121.642 9.45
    endloop
  endfacet
  facet normal -0.831621 0.555343 0
    outer loop
      vertex -8.6513 118.965 9.45
      vertex -8.52776 119.15 12.45
      vertex -8.52776 119.15 9.45
    endloop
  endfacet
  facet normal -0.831621 0.555343 0
    outer loop
      vertex -8.52776 119.15 12.45
      vertex -8.6513 118.965 9.45
      vertex -8.6513 118.965 12.45
    endloop
  endfacet
  facet normal 0.997874 0.0651764 0
    outer loop
      vertex -11.6855 119.778 12.45
      vertex -11.7 120 9.45
      vertex -11.7 120 12.45
    endloop
  endfacet
  facet normal 0.997874 0.0651764 0
    outer loop
      vertex -11.7 120 9.45
      vertex -11.6855 119.778 12.45
      vertex -11.6855 119.778 9.45
    endloop
  endfacet
  facet normal -0.751472 -0.659765 0
    outer loop
      vertex -8.6513 121.035 9.45
      vertex -8.79792 121.202 12.45
      vertex -8.79792 121.202 9.45
    endloop
  endfacet
  facet normal -0.751472 -0.659765 0
    outer loop
      vertex -8.79792 121.202 12.45
      vertex -8.6513 121.035 9.45
      vertex -8.6513 121.035 12.45
    endloop
  endfacet
  facet normal -0.0674441 -0.997723 0
    outer loop
      vertex -10 121.7 9.45
      vertex -9.7781 121.685 12.45
      vertex -10 121.7 12.45
    endloop
  endfacet
  facet normal -0.0674441 -0.997723 -0
    outer loop
      vertex -9.7781 121.685 12.45
      vertex -10 121.7 9.45
      vertex -9.7781 121.685 9.45
    endloop
  endfacet
  facet normal 0.947101 -0.320937 0
    outer loop
      vertex -11.6421 120.44 12.45
      vertex -11.5706 120.651 9.45
      vertex -11.5706 120.651 12.45
    endloop
  endfacet
  facet normal 0.947101 -0.320937 0
    outer loop
      vertex -11.5706 120.651 9.45
      vertex -11.6421 120.44 12.45
      vertex -11.6421 120.44 9.45
    endloop
  endfacet
  facet normal 0.193434 0.981113 -0
    outer loop
      vertex -10.2219 118.315 9.45
      vertex -10.44 118.358 12.45
      vertex -10.2219 118.315 12.45
    endloop
  endfacet
  facet normal 0.193434 0.981113 0
    outer loop
      vertex -10.44 118.358 12.45
      vertex -10.2219 118.315 9.45
      vertex -10.44 118.358 9.45
    endloop
  endfacet
  facet normal -0.444625 0.895717 0
    outer loop
      vertex -9.15 118.528 9.45
      vertex -9.34944 118.429 12.45
      vertex -9.15 118.528 12.45
    endloop
  endfacet
  facet normal -0.444625 0.895717 0
    outer loop
      vertex -9.34944 118.429 12.45
      vertex -9.15 118.528 9.45
      vertex -9.34944 118.429 9.45
    endloop
  endfacet
  facet normal -0.947141 0.320816 0
    outer loop
      vertex -8.4294 119.349 9.45
      vertex -8.35793 119.56 12.45
      vertex -8.35793 119.56 9.45
    endloop
  endfacet
  facet normal -0.947141 0.320816 0
    outer loop
      vertex -8.35793 119.56 12.45
      vertex -8.4294 119.349 9.45
      vertex -8.4294 119.349 12.45
    endloop
  endfacet
  facet normal -0.831621 -0.555343 0
    outer loop
      vertex -8.52776 120.85 9.45
      vertex -8.6513 121.035 12.45
      vertex -8.6513 121.035 9.45
    endloop
  endfacet
  facet normal -0.831621 -0.555343 0
    outer loop
      vertex -8.6513 121.035 12.45
      vertex -8.52776 120.85 9.45
      vertex -8.52776 120.85 12.45
    endloop
  endfacet
  facet normal 0.8964 0.443245 0
    outer loop
      vertex -11.4722 119.15 12.45
      vertex -11.5706 119.349 9.45
      vertex -11.5706 119.349 12.45
    endloop
  endfacet
  facet normal 0.8964 0.443245 0
    outer loop
      vertex -11.5706 119.349 9.45
      vertex -11.4722 119.15 12.45
      vertex -11.4722 119.15 9.45
    endloop
  endfacet
  facet normal -0.0674441 0.997723 0
    outer loop
      vertex -9.7781 118.315 9.45
      vertex -10 118.3 12.45
      vertex -9.7781 118.315 12.45
    endloop
  endfacet
  facet normal -0.0674441 0.997723 0
    outer loop
      vertex -10 118.3 12.45
      vertex -9.7781 118.315 9.45
      vertex -10 118.3 9.45
    endloop
  endfacet
  facet normal 0.444696 -0.895681 0
    outer loop
      vertex -10.85 121.472 9.45
      vertex -10.6506 121.571 12.45
      vertex -10.85 121.472 12.45
    endloop
  endfacet
  facet normal 0.444696 -0.895681 0
    outer loop
      vertex -10.6506 121.571 12.45
      vertex -10.85 121.472 9.45
      vertex -10.6506 121.571 9.45
    endloop
  endfacet
  facet normal -0.553889 0.83259 0
    outer loop
      vertex -8.96511 118.651 9.45
      vertex -9.15 118.528 12.45
      vertex -8.96511 118.651 12.45
    endloop
  endfacet
  facet normal -0.553889 0.83259 0
    outer loop
      vertex -9.15 118.528 12.45
      vertex -8.96511 118.651 9.45
      vertex -9.15 118.528 9.45
    endloop
  endfacet
  facet normal -0.660306 -0.750997 0
    outer loop
      vertex -8.96511 121.349 9.45
      vertex -8.79792 121.202 12.45
      vertex -8.96511 121.349 12.45
    endloop
  endfacet
  facet normal -0.660306 -0.750997 -0
    outer loop
      vertex -8.79792 121.202 12.45
      vertex -8.96511 121.349 9.45
      vertex -8.79792 121.202 9.45
    endloop
  endfacet
  facet normal 0.947101 0.320937 0
    outer loop
      vertex -11.5706 119.349 12.45
      vertex -11.6421 119.56 9.45
      vertex -11.6421 119.56 12.45
    endloop
  endfacet
  facet normal 0.947101 0.320937 0
    outer loop
      vertex -11.6421 119.56 9.45
      vertex -11.5706 119.349 12.45
      vertex -11.5706 119.349 9.45
    endloop
  endfacet
  facet normal -0.319506 -0.947584 0
    outer loop
      vertex -9.56001 121.642 9.45
      vertex -9.34944 121.571 12.45
      vertex -9.56001 121.642 12.45
    endloop
  endfacet
  facet normal -0.319506 -0.947584 -0
    outer loop
      vertex -9.34944 121.571 12.45
      vertex -9.56001 121.642 9.45
      vertex -9.34944 121.571 9.45
    endloop
  endfacet
  facet normal -0.319506 0.947584 0
    outer loop
      vertex -9.34944 118.429 9.45
      vertex -9.56001 118.358 12.45
      vertex -9.34944 118.429 12.45
    endloop
  endfacet
  facet normal -0.319506 0.947584 0
    outer loop
      vertex -9.56001 118.358 12.45
      vertex -9.34944 118.429 9.45
      vertex -9.56001 118.358 9.45
    endloop
  endfacet
  facet normal -0.997862 0.0653555 0
    outer loop
      vertex -8.31454 119.778 9.45
      vertex -8.3 120 12.45
      vertex -8.3 120 9.45
    endloop
  endfacet
  facet normal -0.997862 0.0653555 0
    outer loop
      vertex -8.3 120 12.45
      vertex -8.31454 119.778 9.45
      vertex -8.31454 119.778 12.45
    endloop
  endfacet
  facet normal -0.980762 0.195208 0
    outer loop
      vertex -8.35793 119.56 9.45
      vertex -8.31454 119.778 12.45
      vertex -8.31454 119.778 9.45
    endloop
  endfacet
  facet normal -0.980762 0.195208 0
    outer loop
      vertex -8.31454 119.778 12.45
      vertex -8.35793 119.56 9.45
      vertex -8.35793 119.56 12.45
    endloop
  endfacet
  facet normal -0.896472 0.4431 0
    outer loop
      vertex -8.52776 119.15 9.45
      vertex -8.4294 119.349 12.45
      vertex -8.4294 119.349 9.45
    endloop
  endfacet
  facet normal -0.896472 0.4431 0
    outer loop
      vertex -8.4294 119.349 12.45
      vertex -8.52776 119.15 9.45
      vertex -8.52776 119.15 12.45
    endloop
  endfacet
  facet normal 0.444696 0.895681 -0
    outer loop
      vertex -10.6506 118.429 9.45
      vertex -10.85 118.528 12.45
      vertex -10.6506 118.429 12.45
    endloop
  endfacet
  facet normal 0.444696 0.895681 0
    outer loop
      vertex -10.85 118.528 12.45
      vertex -10.6506 118.429 9.45
      vertex -10.85 118.528 9.45
    endloop
  endfacet
  facet normal 0.8964 -0.443245 0
    outer loop
      vertex -11.5706 120.651 12.45
      vertex -11.4722 120.85 9.45
      vertex -11.4722 120.85 12.45
    endloop
  endfacet
  facet normal 0.8964 -0.443245 0
    outer loop
      vertex -11.4722 120.85 9.45
      vertex -11.5706 120.651 12.45
      vertex -11.5706 120.651 9.45
    endloop
  endfacet
  facet normal 0.0674441 -0.997723 0
    outer loop
      vertex -10.2219 121.685 9.45
      vertex -10 121.7 12.45
      vertex -10.2219 121.685 12.45
    endloop
  endfacet
  facet normal 0.0674441 -0.997723 0
    outer loop
      vertex -10 121.7 12.45
      vertex -10.2219 121.685 9.45
      vertex -10 121.7 9.45
    endloop
  endfacet
  facet normal -0.444625 -0.895717 0
    outer loop
      vertex -9.34944 121.571 9.45
      vertex -9.15 121.472 12.45
      vertex -9.34944 121.571 12.45
    endloop
  endfacet
  facet normal -0.444625 -0.895717 -0
    outer loop
      vertex -9.15 121.472 12.45
      vertex -9.34944 121.571 9.45
      vertex -9.15 121.472 9.45
    endloop
  endfacet
  facet normal -0.896472 -0.4431 0
    outer loop
      vertex -8.4294 120.651 9.45
      vertex -8.52776 120.85 12.45
      vertex -8.52776 120.85 9.45
    endloop
  endfacet
  facet normal -0.896472 -0.4431 0
    outer loop
      vertex -8.52776 120.85 12.45
      vertex -8.4294 120.651 9.45
      vertex -8.4294 120.651 12.45
    endloop
  endfacet
  facet normal 0.751516 0.659714 0
    outer loop
      vertex -11.2021 118.798 12.45
      vertex -11.3487 118.965 9.45
      vertex -11.3487 118.965 12.45
    endloop
  endfacet
  facet normal 0.751516 0.659714 0
    outer loop
      vertex -11.3487 118.965 9.45
      vertex -11.2021 118.798 12.45
      vertex -11.2021 118.798 9.45
    endloop
  endfacet
  facet normal 0.751516 -0.659714 0
    outer loop
      vertex -11.3487 121.035 12.45
      vertex -11.2021 121.202 9.45
      vertex -11.2021 121.202 12.45
    endloop
  endfacet
  facet normal 0.751516 -0.659714 0
    outer loop
      vertex -11.2021 121.202 9.45
      vertex -11.3487 121.035 12.45
      vertex -11.3487 121.035 9.45
    endloop
  endfacet
  facet normal 0.553869 0.832604 -0
    outer loop
      vertex -10.85 118.528 9.45
      vertex -11.0349 118.651 12.45
      vertex -10.85 118.528 12.45
    endloop
  endfacet
  facet normal 0.553869 0.832604 0
    outer loop
      vertex -11.0349 118.651 12.45
      vertex -10.85 118.528 9.45
      vertex -11.0349 118.651 9.45
    endloop
  endfacet
  facet normal -0.751472 0.659765 0
    outer loop
      vertex -8.79792 118.798 9.45
      vertex -8.6513 118.965 12.45
      vertex -8.6513 118.965 9.45
    endloop
  endfacet
  facet normal -0.751472 0.659765 0
    outer loop
      vertex -8.6513 118.965 12.45
      vertex -8.79792 118.798 9.45
      vertex -8.79792 118.798 12.45
    endloop
  endfacet
  facet normal 0.660284 -0.751016 0
    outer loop
      vertex -11.2021 121.202 9.45
      vertex -11.0349 121.349 12.45
      vertex -11.2021 121.202 12.45
    endloop
  endfacet
  facet normal 0.660284 -0.751016 0
    outer loop
      vertex -11.0349 121.349 12.45
      vertex -11.2021 121.202 9.45
      vertex -11.0349 121.349 9.45
    endloop
  endfacet
  facet normal 0.319466 0.947598 -0
    outer loop
      vertex -10.44 118.358 9.45
      vertex -10.6506 118.429 12.45
      vertex -10.44 118.358 12.45
    endloop
  endfacet
  facet normal 0.319466 0.947598 0
    outer loop
      vertex -10.6506 118.429 12.45
      vertex -10.44 118.358 9.45
      vertex -10.6506 118.429 9.45
    endloop
  endfacet
  facet normal -0.660306 0.750997 0
    outer loop
      vertex -8.79792 118.798 9.45
      vertex -8.96511 118.651 12.45
      vertex -8.79792 118.798 12.45
    endloop
  endfacet
  facet normal -0.660306 0.750997 0
    outer loop
      vertex -8.96511 118.651 12.45
      vertex -8.79792 118.798 9.45
      vertex -8.96511 118.651 9.45
    endloop
  endfacet
  facet normal 0.980748 0.195276 0
    outer loop
      vertex -13.3807 119.094 9.45
      vertex -13.4701 119.543 0
      vertex -13.4701 119.543 9.45
    endloop
  endfacet
  facet normal 0.980748 0.195276 0
    outer loop
      vertex -13.4701 119.543 0
      vertex -13.3807 119.094 9.45
      vertex -13.3807 119.094 0
    endloop
  endfacet
  facet normal -0.980782 -0.195108 0
    outer loop
      vertex -6.52994 120.457 0
      vertex -6.61926 120.906 9.45
      vertex -6.61926 120.906 0
    endloop
  endfacet
  facet normal -0.980782 -0.195108 0
    outer loop
      vertex -6.61926 120.906 9.45
      vertex -6.52994 120.457 0
      vertex -6.52994 120.457 9.45
    endloop
  endfacet
  facet normal -0.997861 -0.0653741 0
    outer loop
      vertex -6.5 120 0
      vertex -6.52994 120.457 9.45
      vertex -6.52994 120.457 0
    endloop
  endfacet
  facet normal -0.997861 -0.0653741 0
    outer loop
      vertex -6.52994 120.457 9.45
      vertex -6.5 120 0
      vertex -6.5 120 9.45
    endloop
  endfacet
  facet normal 0.321139 0.947032 -0
    outer loop
      vertex -10.9059 116.619 0
      vertex -11.3394 116.766 9.45
      vertex -10.9059 116.619 9.45
    endloop
  endfacet
  facet normal 0.321139 0.947032 0
    outer loop
      vertex -11.3394 116.766 9.45
      vertex -10.9059 116.619 0
      vertex -11.3394 116.766 0
    endloop
  endfacet
  facet normal 0.946853 -0.321668 0
    outer loop
      vertex -13.3807 120.906 9.45
      vertex -13.2336 121.339 0
      vertex -13.2336 121.339 9.45
    endloop
  endfacet
  facet normal 0.946853 -0.321668 0
    outer loop
      vertex -13.2336 121.339 0
      vertex -13.3807 120.906 9.45
      vertex -13.3807 120.906 0
    endloop
  endfacet
  facet normal -0.751634 -0.659581 0
    outer loop
      vertex -7.22326 122.131 0
      vertex -7.52513 122.475 9.45
      vertex -7.52513 122.475 0
    endloop
  endfacet
  facet normal -0.751634 -0.659581 0
    outer loop
      vertex -7.52513 122.475 9.45
      vertex -7.22326 122.131 0
      vertex -7.22326 122.131 9.45
    endloop
  endfacet
  facet normal -0.555033 0.831828 0
    outer loop
      vertex -7.86933 117.223 0
      vertex -8.25 116.969 9.45
      vertex -7.86933 117.223 9.45
    endloop
  endfacet
  facet normal -0.555033 0.831828 0
    outer loop
      vertex -8.25 116.969 9.45
      vertex -7.86933 117.223 0
      vertex -8.25 116.969 0
    endloop
  endfacet
  facet normal -0.659524 -0.751683 0
    outer loop
      vertex -7.86933 122.777 0
      vertex -7.52513 122.475 9.45
      vertex -7.86933 122.777 9.45
    endloop
  endfacet
  facet normal -0.659524 -0.751683 -0
    outer loop
      vertex -7.52513 122.475 9.45
      vertex -7.86933 122.777 0
      vertex -7.52513 122.475 0
    endloop
  endfacet
  facet normal -0.194423 0.980918 0
    outer loop
      vertex -9.09413 116.619 0
      vertex -9.54316 116.53 9.45
      vertex -9.09413 116.619 9.45
    endloop
  endfacet
  facet normal -0.194423 0.980918 0
    outer loop
      vertex -9.54316 116.53 9.45
      vertex -9.09413 116.619 0
      vertex -9.54316 116.53 0
    endloop
  endfacet
  facet normal 0.0655331 -0.99785 0
    outer loop
      vertex -10.4568 123.47 0
      vertex -10 123.5 9.45
      vertex -10.4568 123.47 9.45
    endloop
  endfacet
  facet normal 0.0655331 -0.99785 0
    outer loop
      vertex -10 123.5 9.45
      vertex -10.4568 123.47 0
      vertex -10 123.5 0
    endloop
  endfacet
  facet normal -0.659524 0.751683 0
    outer loop
      vertex -7.52513 117.525 0
      vertex -7.86933 117.223 9.45
      vertex -7.52513 117.525 9.45
    endloop
  endfacet
  facet normal -0.659524 0.751683 0
    outer loop
      vertex -7.86933 117.223 9.45
      vertex -7.52513 117.525 0
      vertex -7.86933 117.223 0
    endloop
  endfacet
  facet normal -0.997861 0.0653741 0
    outer loop
      vertex -6.52994 119.543 0
      vertex -6.5 120 9.45
      vertex -6.5 120 0
    endloop
  endfacet
  facet normal -0.997861 0.0653741 0
    outer loop
      vertex -6.5 120 9.45
      vertex -6.52994 119.543 0
      vertex -6.52994 119.543 9.45
    endloop
  endfacet
  facet normal 0.997867 -0.0652871 0
    outer loop
      vertex -13.5 120 9.45
      vertex -13.4701 120.457 0
      vertex -13.4701 120.457 9.45
    endloop
  endfacet
  facet normal 0.997867 -0.0652871 0
    outer loop
      vertex -13.4701 120.457 0
      vertex -13.5 120 9.45
      vertex -13.5 120 0
    endloop
  endfacet
  facet normal 0.659524 0.751683 -0
    outer loop
      vertex -12.1307 117.223 0
      vertex -12.4749 117.525 9.45
      vertex -12.1307 117.223 9.45
    endloop
  endfacet
  facet normal 0.659524 0.751683 0
    outer loop
      vertex -12.4749 117.525 9.45
      vertex -12.1307 117.223 0
      vertex -12.4749 117.525 0
    endloop
  endfacet
  facet normal -0.443183 -0.896431 0
    outer loop
      vertex -8.66061 123.234 0
      vertex -8.25 123.031 9.45
      vertex -8.66061 123.234 9.45
    endloop
  endfacet
  facet normal -0.443183 -0.896431 -0
    outer loop
      vertex -8.25 123.031 9.45
      vertex -8.66061 123.234 0
      vertex -8.25 123.031 0
    endloop
  endfacet
  facet normal -0.946813 -0.321785 0
    outer loop
      vertex -6.61926 120.906 0
      vertex -6.76642 121.339 9.45
      vertex -6.76642 121.339 0
    endloop
  endfacet
  facet normal -0.946813 -0.321785 0
    outer loop
      vertex -6.76642 121.339 9.45
      vertex -6.61926 120.906 0
      vertex -6.61926 120.906 9.45
    endloop
  endfacet
  facet normal -0.443183 0.896431 0
    outer loop
      vertex -8.25 116.969 0
      vertex -8.66061 116.766 9.45
      vertex -8.25 116.969 9.45
    endloop
  endfacet
  facet normal -0.443183 0.896431 0
    outer loop
      vertex -8.66061 116.766 9.45
      vertex -8.25 116.969 0
      vertex -8.66061 116.766 0
    endloop
  endfacet
  facet normal 0.897031 0.441968 0
    outer loop
      vertex -13.0311 118.25 9.45
      vertex -13.2336 118.661 0
      vertex -13.2336 118.661 9.45
    endloop
  endfacet
  facet normal 0.897031 0.441968 0
    outer loop
      vertex -13.2336 118.661 0
      vertex -13.0311 118.25 9.45
      vertex -13.0311 118.25 0
    endloop
  endfacet
  facet normal 0.443192 -0.896427 0
    outer loop
      vertex -11.75 123.031 0
      vertex -11.3394 123.234 9.45
      vertex -11.75 123.031 9.45
    endloop
  endfacet
  facet normal 0.443192 -0.896427 0
    outer loop
      vertex -11.3394 123.234 9.45
      vertex -11.75 123.031 0
      vertex -11.3394 123.234 0
    endloop
  endfacet
  facet normal -0.751634 0.659581 0
    outer loop
      vertex -7.52513 117.525 0
      vertex -7.22326 117.869 9.45
      vertex -7.22326 117.869 0
    endloop
  endfacet
  facet normal -0.751634 0.659581 0
    outer loop
      vertex -7.22326 117.869 9.45
      vertex -7.52513 117.525 0
      vertex -7.52513 117.525 9.45
    endloop
  endfacet
  facet normal -0.555033 -0.831828 0
    outer loop
      vertex -8.25 123.031 0
      vertex -7.86933 122.777 9.45
      vertex -8.25 123.031 9.45
    endloop
  endfacet
  facet normal -0.555033 -0.831828 -0
    outer loop
      vertex -7.86933 122.777 9.45
      vertex -8.25 123.031 0
      vertex -7.86933 122.777 0
    endloop
  endfacet
  facet normal -0.831697 -0.555229 0
    outer loop
      vertex -6.96891 121.75 0
      vertex -7.22326 122.131 9.45
      vertex -7.22326 122.131 0
    endloop
  endfacet
  facet normal -0.831697 -0.555229 0
    outer loop
      vertex -7.22326 122.131 9.45
      vertex -6.96891 121.75 0
      vertex -6.96891 121.75 9.45
    endloop
  endfacet
  facet normal 0.194394 -0.980924 0
    outer loop
      vertex -10.9059 123.381 0
      vertex -10.4568 123.47 9.45
      vertex -10.9059 123.381 9.45
    endloop
  endfacet
  facet normal 0.194394 -0.980924 0
    outer loop
      vertex -10.4568 123.47 9.45
      vertex -10.9059 123.381 0
      vertex -10.4568 123.47 0
    endloop
  endfacet
  facet normal -0.980782 0.195108 0
    outer loop
      vertex -6.61926 119.094 0
      vertex -6.52994 119.543 9.45
      vertex -6.52994 119.543 0
    endloop
  endfacet
  facet normal -0.980782 0.195108 0
    outer loop
      vertex -6.52994 119.543 9.45
      vertex -6.61926 119.094 0
      vertex -6.61926 119.094 9.45
    endloop
  endfacet
  facet normal -0.321126 0.947037 0
    outer loop
      vertex -8.66061 116.766 0
      vertex -9.09413 116.619 9.45
      vertex -8.66061 116.766 9.45
    endloop
  endfacet
  facet normal -0.321126 0.947037 0
    outer loop
      vertex -9.09413 116.619 9.45
      vertex -8.66061 116.766 0
      vertex -9.09413 116.619 0
    endloop
  endfacet
  facet normal 0.555003 0.831849 -0
    outer loop
      vertex -11.75 116.969 0
      vertex -12.1307 117.223 9.45
      vertex -11.75 116.969 9.45
    endloop
  endfacet
  facet normal 0.555003 0.831849 0
    outer loop
      vertex -12.1307 117.223 9.45
      vertex -11.75 116.969 0
      vertex -12.1307 117.223 0
    endloop
  endfacet
  facet normal -0.89704 -0.44195 0
    outer loop
      vertex -6.76642 121.339 0
      vertex -6.96891 121.75 9.45
      vertex -6.96891 121.75 0
    endloop
  endfacet
  facet normal -0.89704 -0.44195 0
    outer loop
      vertex -6.96891 121.75 9.45
      vertex -6.76642 121.339 0
      vertex -6.76642 121.339 9.45
    endloop
  endfacet
  facet normal 0.555003 -0.831849 0
    outer loop
      vertex -12.1307 122.777 0
      vertex -11.75 123.031 9.45
      vertex -12.1307 122.777 9.45
    endloop
  endfacet
  facet normal 0.555003 -0.831849 0
    outer loop
      vertex -11.75 123.031 9.45
      vertex -12.1307 122.777 0
      vertex -11.75 123.031 0
    endloop
  endfacet
  facet normal 0.0655331 0.99785 -0
    outer loop
      vertex -10 116.5 0
      vertex -10.4568 116.53 9.45
      vertex -10 116.5 9.45
    endloop
  endfacet
  facet normal 0.0655331 0.99785 0
    outer loop
      vertex -10.4568 116.53 9.45
      vertex -10 116.5 0
      vertex -10.4568 116.53 0
    endloop
  endfacet
  facet normal 0.831647 0.555305 0
    outer loop
      vertex -12.7767 117.869 9.45
      vertex -13.0311 118.25 0
      vertex -13.0311 118.25 9.45
    endloop
  endfacet
  facet normal 0.831647 0.555305 0
    outer loop
      vertex -13.0311 118.25 0
      vertex -12.7767 117.869 9.45
      vertex -12.7767 117.869 0
    endloop
  endfacet
  facet normal 0.321139 -0.947032 0
    outer loop
      vertex -11.3394 123.234 0
      vertex -10.9059 123.381 9.45
      vertex -11.3394 123.234 9.45
    endloop
  endfacet
  facet normal 0.321139 -0.947032 0
    outer loop
      vertex -10.9059 123.381 9.45
      vertex -11.3394 123.234 0
      vertex -10.9059 123.381 0
    endloop
  endfacet
  facet normal -0.321126 -0.947037 0
    outer loop
      vertex -9.09413 123.381 0
      vertex -8.66061 123.234 9.45
      vertex -9.09413 123.381 9.45
    endloop
  endfacet
  facet normal -0.321126 -0.947037 -0
    outer loop
      vertex -8.66061 123.234 9.45
      vertex -9.09413 123.381 0
      vertex -8.66061 123.234 0
    endloop
  endfacet
  facet normal -0.0655274 -0.997851 0
    outer loop
      vertex -10 123.5 0
      vertex -9.54316 123.47 9.45
      vertex -10 123.5 9.45
    endloop
  endfacet
  facet normal -0.0655274 -0.997851 -0
    outer loop
      vertex -9.54316 123.47 9.45
      vertex -10 123.5 0
      vertex -9.54316 123.47 0
    endloop
  endfacet
  facet normal -0.194423 -0.980918 0
    outer loop
      vertex -9.54316 123.47 0
      vertex -9.09413 123.381 9.45
      vertex -9.54316 123.47 9.45
    endloop
  endfacet
  facet normal -0.194423 -0.980918 -0
    outer loop
      vertex -9.09413 123.381 9.45
      vertex -9.54316 123.47 0
      vertex -9.09413 123.381 0
    endloop
  endfacet
  facet normal -0.831697 0.555229 0
    outer loop
      vertex -7.22326 117.869 0
      vertex -6.96891 118.25 9.45
      vertex -6.96891 118.25 0
    endloop
  endfacet
  facet normal -0.831697 0.555229 0
    outer loop
      vertex -6.96891 118.25 9.45
      vertex -7.22326 117.869 0
      vertex -7.22326 117.869 9.45
    endloop
  endfacet
  facet normal 0.997867 0.0652871 0
    outer loop
      vertex -13.4701 119.543 9.45
      vertex -13.5 120 0
      vertex -13.5 120 9.45
    endloop
  endfacet
  facet normal 0.997867 0.0652871 0
    outer loop
      vertex -13.5 120 0
      vertex -13.4701 119.543 9.45
      vertex -13.4701 119.543 0
    endloop
  endfacet
  facet normal 0.946853 0.321668 0
    outer loop
      vertex -13.2336 118.661 9.45
      vertex -13.3807 119.094 0
      vertex -13.3807 119.094 9.45
    endloop
  endfacet
  facet normal 0.946853 0.321668 0
    outer loop
      vertex -13.3807 119.094 0
      vertex -13.2336 118.661 9.45
      vertex -13.2336 118.661 0
    endloop
  endfacet
  facet normal 0.443192 0.896427 -0
    outer loop
      vertex -11.3394 116.766 0
      vertex -11.75 116.969 9.45
      vertex -11.3394 116.766 9.45
    endloop
  endfacet
  facet normal 0.443192 0.896427 0
    outer loop
      vertex -11.75 116.969 9.45
      vertex -11.3394 116.766 0
      vertex -11.75 116.969 0
    endloop
  endfacet
  facet normal -0.946813 0.321785 0
    outer loop
      vertex -6.76642 118.661 0
      vertex -6.61926 119.094 9.45
      vertex -6.61926 119.094 0
    endloop
  endfacet
  facet normal -0.946813 0.321785 0
    outer loop
      vertex -6.61926 119.094 9.45
      vertex -6.76642 118.661 0
      vertex -6.76642 118.661 9.45
    endloop
  endfacet
  facet normal 0.897031 -0.441968 0
    outer loop
      vertex -13.2336 121.339 9.45
      vertex -13.0311 121.75 0
      vertex -13.0311 121.75 9.45
    endloop
  endfacet
  facet normal 0.897031 -0.441968 0
    outer loop
      vertex -13.0311 121.75 0
      vertex -13.2336 121.339 9.45
      vertex -13.2336 121.339 0
    endloop
  endfacet
  facet normal 0.831647 -0.555305 0
    outer loop
      vertex -13.0311 121.75 9.45
      vertex -12.7767 122.131 0
      vertex -12.7767 122.131 9.45
    endloop
  endfacet
  facet normal 0.831647 -0.555305 0
    outer loop
      vertex -12.7767 122.131 0
      vertex -13.0311 121.75 9.45
      vertex -13.0311 121.75 0
    endloop
  endfacet
  facet normal 0.659524 -0.751683 0
    outer loop
      vertex -12.4749 122.475 0
      vertex -12.1307 122.777 9.45
      vertex -12.4749 122.475 9.45
    endloop
  endfacet
  facet normal 0.659524 -0.751683 0
    outer loop
      vertex -12.1307 122.777 9.45
      vertex -12.4749 122.475 0
      vertex -12.1307 122.777 0
    endloop
  endfacet
  facet normal 0.980748 -0.195276 0
    outer loop
      vertex -13.4701 120.457 9.45
      vertex -13.3807 120.906 0
      vertex -13.3807 120.906 9.45
    endloop
  endfacet
  facet normal 0.980748 -0.195276 0
    outer loop
      vertex -13.3807 120.906 0
      vertex -13.4701 120.457 9.45
      vertex -13.4701 120.457 0
    endloop
  endfacet
  facet normal 0.75171 0.659494 0
    outer loop
      vertex -12.4749 117.525 9.45
      vertex -12.7767 117.869 0
      vertex -12.7767 117.869 9.45
    endloop
  endfacet
  facet normal 0.75171 0.659494 0
    outer loop
      vertex -12.7767 117.869 0
      vertex -12.4749 117.525 9.45
      vertex -12.4749 117.525 0
    endloop
  endfacet
  facet normal 0.194394 0.980924 -0
    outer loop
      vertex -10.4568 116.53 0
      vertex -10.9059 116.619 9.45
      vertex -10.4568 116.53 9.45
    endloop
  endfacet
  facet normal 0.194394 0.980924 0
    outer loop
      vertex -10.9059 116.619 9.45
      vertex -10.4568 116.53 0
      vertex -10.9059 116.619 0
    endloop
  endfacet
  facet normal -0.0655274 0.997851 0
    outer loop
      vertex -9.54316 116.53 0
      vertex -10 116.5 9.45
      vertex -9.54316 116.53 9.45
    endloop
  endfacet
  facet normal -0.0655274 0.997851 0
    outer loop
      vertex -10 116.5 9.45
      vertex -9.54316 116.53 0
      vertex -10 116.5 0
    endloop
  endfacet
  facet normal 0 0 -1
    outer loop
      vertex -8.3 120 9.45
      vertex -6.5 120 9.45
      vertex -6.52994 119.543 9.45
    endloop
  endfacet
  facet normal 0 0 -1
    outer loop
      vertex -8.31454 119.778 9.45
      vertex -6.52994 119.543 9.45
      vertex -6.61926 119.094 9.45
    endloop
  endfacet
  facet normal 0 0 -1
    outer loop
      vertex -6.5 120 9.45
      vertex -8.3 120 9.45
      vertex -6.52994 120.457 9.45
    endloop
  endfacet
  facet normal 0 0 -1
    outer loop
      vertex -8.35793 119.56 9.45
      vertex -6.61926 119.094 9.45
      vertex -6.76642 118.661 9.45
    endloop
  endfacet
  facet normal 0 0 -1
    outer loop
      vertex -8.31454 120.222 9.45
      vertex -6.52994 120.457 9.45
      vertex -8.3 120 9.45
    endloop
  endfacet
  facet normal 0 0 -1
    outer loop
      vertex -8.4294 119.349 9.45
      vertex -6.76642 118.661 9.45
      vertex -6.96891 118.25 9.45
    endloop
  endfacet
  facet normal -0 0 -1
    outer loop
      vertex -6.52994 120.457 9.45
      vertex -8.31454 120.222 9.45
      vertex -6.61926 120.906 9.45
    endloop
  endfacet
  facet normal 0 0 -1
    outer loop
      vertex -8.52776 119.15 9.45
      vertex -6.96891 118.25 9.45
      vertex -7.22326 117.869 9.45
    endloop
  endfacet
  facet normal 0 0 -1
    outer loop
      vertex -8.35793 120.44 9.45
      vertex -6.61926 120.906 9.45
      vertex -8.31454 120.222 9.45
    endloop
  endfacet
  facet normal 0 0 -1
    outer loop
      vertex -8.6513 118.965 9.45
      vertex -7.22326 117.869 9.45
      vertex -7.52513 117.525 9.45
    endloop
  endfacet
  facet normal -0 0 -1
    outer loop
      vertex -6.61926 120.906 9.45
      vertex -8.35793 120.44 9.45
      vertex -6.76642 121.339 9.45
    endloop
  endfacet
  facet normal 0 0 -1
    outer loop
      vertex -8.79792 118.798 9.45
      vertex -7.52513 117.525 9.45
      vertex -7.86933 117.223 9.45
    endloop
  endfacet
  facet normal 0 0 -1
    outer loop
      vertex -8.4294 120.651 9.45
      vertex -6.76642 121.339 9.45
      vertex -8.35793 120.44 9.45
    endloop
  endfacet
  facet normal 0 0 -1
    outer loop
      vertex -8.96511 118.651 9.45
      vertex -7.86933 117.223 9.45
      vertex -8.25 116.969 9.45
    endloop
  endfacet
  facet normal -0 0 -1
    outer loop
      vertex -6.76642 121.339 9.45
      vertex -8.4294 120.651 9.45
      vertex -6.96891 121.75 9.45
    endloop
  endfacet
  facet normal 0 0 -1
    outer loop
      vertex -8.52776 120.85 9.45
      vertex -6.96891 121.75 9.45
      vertex -8.4294 120.651 9.45
    endloop
  endfacet
  facet normal 0 0 -1
    outer loop
      vertex -6.52994 119.543 9.45
      vertex -8.31454 119.778 9.45
      vertex -8.3 120 9.45
    endloop
  endfacet
  facet normal 0 0 -1
    outer loop
      vertex -6.61926 119.094 9.45
      vertex -8.35793 119.56 9.45
      vertex -8.31454 119.778 9.45
    endloop
  endfacet
  facet normal 0 0 -1
    outer loop
      vertex -6.76642 118.661 9.45
      vertex -8.4294 119.349 9.45
      vertex -8.35793 119.56 9.45
    endloop
  endfacet
  facet normal 0 0 -1
    outer loop
      vertex -6.96891 118.25 9.45
      vertex -8.52776 119.15 9.45
      vertex -8.4294 119.349 9.45
    endloop
  endfacet
  facet normal 0 0 -1
    outer loop
      vertex -7.22326 117.869 9.45
      vertex -8.6513 118.965 9.45
      vertex -8.52776 119.15 9.45
    endloop
  endfacet
  facet normal 0 0 -1
    outer loop
      vertex -9.15 118.528 9.45
      vertex -8.25 116.969 9.45
      vertex -8.66061 116.766 9.45
    endloop
  endfacet
  facet normal 0 0 -1
    outer loop
      vertex -7.52513 117.525 9.45
      vertex -8.79792 118.798 9.45
      vertex -8.6513 118.965 9.45
    endloop
  endfacet
  facet normal 0 0 -1
    outer loop
      vertex -7.86933 117.223 9.45
      vertex -8.96511 118.651 9.45
      vertex -8.79792 118.798 9.45
    endloop
  endfacet
  facet normal 0 0 -1
    outer loop
      vertex -9.34944 118.429 9.45
      vertex -8.66061 116.766 9.45
      vertex -9.09413 116.619 9.45
    endloop
  endfacet
  facet normal 0 0 -1
    outer loop
      vertex -8.25 116.969 9.45
      vertex -9.15 118.528 9.45
      vertex -8.96511 118.651 9.45
    endloop
  endfacet
  facet normal 0 0 -1
    outer loop
      vertex -8.66061 116.766 9.45
      vertex -9.34944 118.429 9.45
      vertex -9.15 118.528 9.45
    endloop
  endfacet
  facet normal 0 0 -1
    outer loop
      vertex -9.56001 118.358 9.45
      vertex -9.09413 116.619 9.45
      vertex -9.54316 116.53 9.45
    endloop
  endfacet
  facet normal 0 0 -1
    outer loop
      vertex -9.09413 116.619 9.45
      vertex -9.56001 118.358 9.45
      vertex -9.34944 118.429 9.45
    endloop
  endfacet
  facet normal 0 0 -1
    outer loop
      vertex -9.54316 116.53 9.45
      vertex -9.7781 118.315 9.45
      vertex -9.56001 118.358 9.45
    endloop
  endfacet
  facet normal 0 0 -1
    outer loop
      vertex -10 116.5 9.45
      vertex -9.7781 118.315 9.45
      vertex -9.54316 116.53 9.45
    endloop
  endfacet
  facet normal 0 0 -1
    outer loop
      vertex -10 116.5 9.45
      vertex -10 118.3 9.45
      vertex -9.7781 118.315 9.45
    endloop
  endfacet
  facet normal 0 0 -1
    outer loop
      vertex -10 116.5 9.45
      vertex -10.2219 118.315 9.45
      vertex -10 118.3 9.45
    endloop
  endfacet
  facet normal 0 0 -1
    outer loop
      vertex -10.4568 116.53 9.45
      vertex -10.2219 118.315 9.45
      vertex -10 116.5 9.45
    endloop
  endfacet
  facet normal -0 0 -1
    outer loop
      vertex -10.2219 118.315 9.45
      vertex -10.4568 116.53 9.45
      vertex -10.44 118.358 9.45
    endloop
  endfacet
  facet normal 0 0 -1
    outer loop
      vertex -10.9059 116.619 9.45
      vertex -10.44 118.358 9.45
      vertex -10.4568 116.53 9.45
    endloop
  endfacet
  facet normal -0 0 -1
    outer loop
      vertex -10.44 118.358 9.45
      vertex -10.9059 116.619 9.45
      vertex -10.6506 118.429 9.45
    endloop
  endfacet
  facet normal 0 0 -1
    outer loop
      vertex -11.3394 116.766 9.45
      vertex -10.6506 118.429 9.45
      vertex -10.9059 116.619 9.45
    endloop
  endfacet
  facet normal -0 0 -1
    outer loop
      vertex -10.6506 118.429 9.45
      vertex -11.3394 116.766 9.45
      vertex -10.85 118.528 9.45
    endloop
  endfacet
  facet normal 0 0 -1
    outer loop
      vertex -11.75 116.969 9.45
      vertex -10.85 118.528 9.45
      vertex -11.3394 116.766 9.45
    endloop
  endfacet
  facet normal -0 0 -1
    outer loop
      vertex -10.85 118.528 9.45
      vertex -11.75 116.969 9.45
      vertex -11.0349 118.651 9.45
    endloop
  endfacet
  facet normal 0 0 -1
    outer loop
      vertex -12.1307 117.223 9.45
      vertex -11.0349 118.651 9.45
      vertex -11.75 116.969 9.45
    endloop
  endfacet
  facet normal -0 0 -1
    outer loop
      vertex -11.0349 118.651 9.45
      vertex -12.1307 117.223 9.45
      vertex -11.2021 118.798 9.45
    endloop
  endfacet
  facet normal 0 0 -1
    outer loop
      vertex -12.4749 117.525 9.45
      vertex -11.2021 118.798 9.45
      vertex -12.1307 117.223 9.45
    endloop
  endfacet
  facet normal -0 0 -1
    outer loop
      vertex -11.2021 118.798 9.45
      vertex -12.4749 117.525 9.45
      vertex -11.3487 118.965 9.45
    endloop
  endfacet
  facet normal 0 0 -1
    outer loop
      vertex -12.7767 117.869 9.45
      vertex -11.3487 118.965 9.45
      vertex -12.4749 117.525 9.45
    endloop
  endfacet
  facet normal 0 0 -1
    outer loop
      vertex -13.0311 118.25 9.45
      vertex -11.4722 119.15 9.45
      vertex -12.7767 117.869 9.45
    endloop
  endfacet
  facet normal -0 0 -1
    outer loop
      vertex -11.3487 118.965 9.45
      vertex -12.7767 117.869 9.45
      vertex -11.4722 119.15 9.45
    endloop
  endfacet
  facet normal -0 0 -1
    outer loop
      vertex -6.96891 121.75 9.45
      vertex -8.52776 120.85 9.45
      vertex -7.22326 122.131 9.45
    endloop
  endfacet
  facet normal 0 0 -1
    outer loop
      vertex -8.6513 121.035 9.45
      vertex -7.22326 122.131 9.45
      vertex -8.52776 120.85 9.45
    endloop
  endfacet
  facet normal -0 0 -1
    outer loop
      vertex -7.22326 122.131 9.45
      vertex -8.6513 121.035 9.45
      vertex -7.52513 122.475 9.45
    endloop
  endfacet
  facet normal 0 0 -1
    outer loop
      vertex -8.79792 121.202 9.45
      vertex -7.52513 122.475 9.45
      vertex -8.6513 121.035 9.45
    endloop
  endfacet
  facet normal -0 0 -1
    outer loop
      vertex -7.52513 122.475 9.45
      vertex -8.79792 121.202 9.45
      vertex -7.86933 122.777 9.45
    endloop
  endfacet
  facet normal 0 0 -1
    outer loop
      vertex -8.96511 121.349 9.45
      vertex -7.86933 122.777 9.45
      vertex -8.79792 121.202 9.45
    endloop
  endfacet
  facet normal -0 0 -1
    outer loop
      vertex -7.86933 122.777 9.45
      vertex -8.96511 121.349 9.45
      vertex -8.25 123.031 9.45
    endloop
  endfacet
  facet normal 0 0 -1
    outer loop
      vertex -9.15 121.472 9.45
      vertex -8.25 123.031 9.45
      vertex -8.96511 121.349 9.45
    endloop
  endfacet
  facet normal -0 0 -1
    outer loop
      vertex -8.25 123.031 9.45
      vertex -9.15 121.472 9.45
      vertex -8.66061 123.234 9.45
    endloop
  endfacet
  facet normal 0 0 -1
    outer loop
      vertex -9.34944 121.571 9.45
      vertex -8.66061 123.234 9.45
      vertex -9.15 121.472 9.45
    endloop
  endfacet
  facet normal -0 0 -1
    outer loop
      vertex -8.66061 123.234 9.45
      vertex -9.34944 121.571 9.45
      vertex -9.09413 123.381 9.45
    endloop
  endfacet
  facet normal 0 0 -1
    outer loop
      vertex -9.56001 121.642 9.45
      vertex -9.09413 123.381 9.45
      vertex -9.34944 121.571 9.45
    endloop
  endfacet
  facet normal -0 0 -1
    outer loop
      vertex -9.09413 123.381 9.45
      vertex -9.56001 121.642 9.45
      vertex -9.54316 123.47 9.45
    endloop
  endfacet
  facet normal 0 0 -1
    outer loop
      vertex -9.7781 121.685 9.45
      vertex -9.54316 123.47 9.45
      vertex -9.56001 121.642 9.45
    endloop
  endfacet
  facet normal 0 0 -1
    outer loop
      vertex -10 121.7 9.45
      vertex -9.54316 123.47 9.45
      vertex -9.7781 121.685 9.45
    endloop
  endfacet
  facet normal 0 0 -1
    outer loop
      vertex -10 121.7 9.45
      vertex -10 123.5 9.45
      vertex -9.54316 123.47 9.45
    endloop
  endfacet
  facet normal 0 0 -1
    outer loop
      vertex -10.2219 121.685 9.45
      vertex -10 123.5 9.45
      vertex -10 121.7 9.45
    endloop
  endfacet
  facet normal 0 0 -1
    outer loop
      vertex -10.4568 123.47 9.45
      vertex -10.2219 121.685 9.45
      vertex -10.44 121.642 9.45
    endloop
  endfacet
  facet normal 0 0 -1
    outer loop
      vertex -10.2219 121.685 9.45
      vertex -10.4568 123.47 9.45
      vertex -10 123.5 9.45
    endloop
  endfacet
  facet normal 0 0 -1
    outer loop
      vertex -10.9059 123.381 9.45
      vertex -10.44 121.642 9.45
      vertex -10.6506 121.571 9.45
    endloop
  endfacet
  facet normal 0 0 -1
    outer loop
      vertex -11.3394 123.234 9.45
      vertex -10.6506 121.571 9.45
      vertex -10.85 121.472 9.45
    endloop
  endfacet
  facet normal 0 0 -1
    outer loop
      vertex -10.44 121.642 9.45
      vertex -10.9059 123.381 9.45
      vertex -10.4568 123.47 9.45
    endloop
  endfacet
  facet normal 0 0 -1
    outer loop
      vertex -11.75 123.031 9.45
      vertex -10.85 121.472 9.45
      vertex -11.0349 121.349 9.45
    endloop
  endfacet
  facet normal 0 0 -1
    outer loop
      vertex -12.1307 122.777 9.45
      vertex -11.0349 121.349 9.45
      vertex -11.2021 121.202 9.45
    endloop
  endfacet
  facet normal 0 0 -1
    outer loop
      vertex -10.6506 121.571 9.45
      vertex -11.3394 123.234 9.45
      vertex -10.9059 123.381 9.45
    endloop
  endfacet
  facet normal 0 0 -1
    outer loop
      vertex -12.4749 122.475 9.45
      vertex -11.2021 121.202 9.45
      vertex -11.3487 121.035 9.45
    endloop
  endfacet
  facet normal 0 0 -1
    outer loop
      vertex -12.7767 122.131 9.45
      vertex -11.3487 121.035 9.45
      vertex -11.4722 120.85 9.45
    endloop
  endfacet
  facet normal 0 0 -1
    outer loop
      vertex -13.0311 121.75 9.45
      vertex -11.4722 120.85 9.45
      vertex -11.5706 120.651 9.45
    endloop
  endfacet
  facet normal 0 0 -1
    outer loop
      vertex -13.2336 121.339 9.45
      vertex -11.5706 120.651 9.45
      vertex -11.6421 120.44 9.45
    endloop
  endfacet
  facet normal 0 0 -1
    outer loop
      vertex -13.3807 120.906 9.45
      vertex -11.6421 120.44 9.45
      vertex -11.6855 120.222 9.45
    endloop
  endfacet
  facet normal 0 0 -1
    outer loop
      vertex -10.85 121.472 9.45
      vertex -11.75 123.031 9.45
      vertex -11.3394 123.234 9.45
    endloop
  endfacet
  facet normal 0 0 -1
    outer loop
      vertex -13.4701 120.457 9.45
      vertex -11.6855 120.222 9.45
      vertex -11.7 120 9.45
    endloop
  endfacet
  facet normal -0 0 -1
    outer loop
      vertex -11.4722 119.15 9.45
      vertex -13.0311 118.25 9.45
      vertex -11.5706 119.349 9.45
    endloop
  endfacet
  facet normal 0 0 -1
    outer loop
      vertex -13.2336 118.661 9.45
      vertex -11.5706 119.349 9.45
      vertex -13.0311 118.25 9.45
    endloop
  endfacet
  facet normal 0 0 -1
    outer loop
      vertex -11.0349 121.349 9.45
      vertex -12.1307 122.777 9.45
      vertex -11.75 123.031 9.45
    endloop
  endfacet
  facet normal -0 0 -1
    outer loop
      vertex -11.5706 119.349 9.45
      vertex -13.2336 118.661 9.45
      vertex -11.6421 119.56 9.45
    endloop
  endfacet
  facet normal 0 0 -1
    outer loop
      vertex -11.2021 121.202 9.45
      vertex -12.4749 122.475 9.45
      vertex -12.1307 122.777 9.45
    endloop
  endfacet
  facet normal 0 0 -1
    outer loop
      vertex -13.3807 119.094 9.45
      vertex -11.6421 119.56 9.45
      vertex -13.2336 118.661 9.45
    endloop
  endfacet
  facet normal 0 0 -1
    outer loop
      vertex -11.3487 121.035 9.45
      vertex -12.7767 122.131 9.45
      vertex -12.4749 122.475 9.45
    endloop
  endfacet
  facet normal -0 0 -1
    outer loop
      vertex -11.6421 119.56 9.45
      vertex -13.3807 119.094 9.45
      vertex -11.6855 119.778 9.45
    endloop
  endfacet
  facet normal 0 0 -1
    outer loop
      vertex -11.4722 120.85 9.45
      vertex -13.0311 121.75 9.45
      vertex -12.7767 122.131 9.45
    endloop
  endfacet
  facet normal 0 0 -1
    outer loop
      vertex -13.4701 119.543 9.45
      vertex -11.6855 119.778 9.45
      vertex -13.3807 119.094 9.45
    endloop
  endfacet
  facet normal 0 0 -1
    outer loop
      vertex -11.5706 120.651 9.45
      vertex -13.2336 121.339 9.45
      vertex -13.0311 121.75 9.45
    endloop
  endfacet
  facet normal -0 0 -1
    outer loop
      vertex -11.6855 119.778 9.45
      vertex -13.4701 119.543 9.45
      vertex -11.7 120 9.45
    endloop
  endfacet
  facet normal 0 0 -1
    outer loop
      vertex -11.6421 120.44 9.45
      vertex -13.3807 120.906 9.45
      vertex -13.2336 121.339 9.45
    endloop
  endfacet
  facet normal 0 0 -1
    outer loop
      vertex -13.5 120 9.45
      vertex -11.7 120 9.45
      vertex -13.4701 119.543 9.45
    endloop
  endfacet
  facet normal 0 0 -1
    outer loop
      vertex -11.6855 120.222 9.45
      vertex -13.4701 120.457 9.45
      vertex -13.3807 120.906 9.45
    endloop
  endfacet
  facet normal 0 0 -1
    outer loop
      vertex -11.7 120 9.45
      vertex -13.5 120 9.45
      vertex -13.4701 120.457 9.45
    endloop
  endfacet
  facet normal -0.89704 0.44195 0
    outer loop
      vertex -6.96891 118.25 0
      vertex -6.76642 118.661 9.45
      vertex -6.76642 118.661 0
    endloop
  endfacet
  facet normal -0.89704 0.44195 0
    outer loop
      vertex -6.76642 118.661 9.45
      vertex -6.96891 118.25 0
      vertex -6.96891 118.25 9.45
    endloop
  endfacet
  facet normal 0.75171 -0.659494 0
    outer loop
      vertex -12.7767 122.131 9.45
      vertex -12.4749 122.475 0
      vertex -12.4749 122.475 9.45
    endloop
  endfacet
  facet normal 0.75171 -0.659494 0
    outer loop
      vertex -12.4749 122.475 0
      vertex -12.7767 122.131 9.45
      vertex -12.7767 122.131 0
    endloop
  endfacet
  facet normal -0.980753 -0.195251 0
    outer loop
      vertex 11.6855 120.222 9.45
      vertex 11.6421 120.44 12.45
      vertex 11.6421 120.44 9.45
    endloop
  endfacet
  facet normal -0.980753 -0.195251 0
    outer loop
      vertex 11.6421 120.44 12.45
      vertex 11.6855 120.222 9.45
      vertex 11.6855 120.222 12.45
    endloop
  endfacet
  facet normal -0.997874 -0.0651764 0
    outer loop
      vertex 11.7 120 9.45
      vertex 11.6855 120.222 12.45
      vertex 11.6855 120.222 9.45
    endloop
  endfacet
  facet normal -0.997874 -0.0651764 0
    outer loop
      vertex 11.6855 120.222 12.45
      vertex 11.7 120 9.45
      vertex 11.7 120 12.45
    endloop
  endfacet
  facet normal 0.444625 -0.895717 0
    outer loop
      vertex 9.15 121.472 9.45
      vertex 9.34944 121.571 12.45
      vertex 9.15 121.472 12.45
    endloop
  endfacet
  facet normal 0.444625 -0.895717 0
    outer loop
      vertex 9.34944 121.571 12.45
      vertex 9.15 121.472 9.45
      vertex 9.34944 121.571 9.45
    endloop
  endfacet
  facet normal -0.553869 -0.832604 0
    outer loop
      vertex 10.85 121.472 9.45
      vertex 11.0349 121.349 12.45
      vertex 10.85 121.472 12.45
    endloop
  endfacet
  facet normal -0.553869 -0.832604 -0
    outer loop
      vertex 11.0349 121.349 12.45
      vertex 10.85 121.472 9.45
      vertex 11.0349 121.349 9.45
    endloop
  endfacet
  facet normal 0.660306 -0.750997 0
    outer loop
      vertex 8.79792 121.202 9.45
      vertex 8.96511 121.349 12.45
      vertex 8.79792 121.202 12.45
    endloop
  endfacet
  facet normal 0.660306 -0.750997 0
    outer loop
      vertex 8.96511 121.349 12.45
      vertex 8.79792 121.202 9.45
      vertex 8.96511 121.349 9.45
    endloop
  endfacet
  facet normal -0.319466 0.947598 0
    outer loop
      vertex 10.6506 118.429 9.45
      vertex 10.44 118.358 12.45
      vertex 10.6506 118.429 12.45
    endloop
  endfacet
  facet normal -0.319466 0.947598 0
    outer loop
      vertex 10.44 118.358 12.45
      vertex 10.6506 118.429 9.45
      vertex 10.44 118.358 9.45
    endloop
  endfacet
  facet normal -0.947101 0.320937 0
    outer loop
      vertex 11.5706 119.349 9.45
      vertex 11.6421 119.56 12.45
      vertex 11.6421 119.56 9.45
    endloop
  endfacet
  facet normal -0.947101 0.320937 0
    outer loop
      vertex 11.6421 119.56 12.45
      vertex 11.5706 119.349 9.45
      vertex 11.5706 119.349 12.45
    endloop
  endfacet
  facet normal -0.319466 -0.947598 0
    outer loop
      vertex 10.44 121.642 9.45
      vertex 10.6506 121.571 12.45
      vertex 10.44 121.642 12.45
    endloop
  endfacet
  facet normal -0.319466 -0.947598 -0
    outer loop
      vertex 10.6506 121.571 12.45
      vertex 10.44 121.642 9.45
      vertex 10.6506 121.571 9.45
    endloop
  endfacet
  facet normal 0.553889 -0.83259 0
    outer loop
      vertex 8.96511 121.349 9.45
      vertex 9.15 121.472 12.45
      vertex 8.96511 121.349 12.45
    endloop
  endfacet
  facet normal 0.553889 -0.83259 0
    outer loop
      vertex 9.15 121.472 12.45
      vertex 8.96511 121.349 9.45
      vertex 9.15 121.472 9.45
    endloop
  endfacet
  facet normal -0.8964 0.443245 0
    outer loop
      vertex 11.4722 119.15 9.45
      vertex 11.5706 119.349 12.45
      vertex 11.5706 119.349 9.45
    endloop
  endfacet
  facet normal -0.8964 0.443245 0
    outer loop
      vertex 11.5706 119.349 12.45
      vertex 11.4722 119.15 9.45
      vertex 11.4722 119.15 12.45
    endloop
  endfacet
  facet normal -0.660284 -0.751016 0
    outer loop
      vertex 11.0349 121.349 9.45
      vertex 11.2021 121.202 12.45
      vertex 11.0349 121.349 12.45
    endloop
  endfacet
  facet normal -0.660284 -0.751016 -0
    outer loop
      vertex 11.2021 121.202 12.45
      vertex 11.0349 121.349 9.45
      vertex 11.2021 121.202 9.45
    endloop
  endfacet
  facet normal -0.553869 0.832604 0
    outer loop
      vertex 11.0349 118.651 9.45
      vertex 10.85 118.528 12.45
      vertex 11.0349 118.651 12.45
    endloop
  endfacet
  facet normal -0.553869 0.832604 0
    outer loop
      vertex 10.85 118.528 12.45
      vertex 11.0349 118.651 9.45
      vertex 10.85 118.528 9.45
    endloop
  endfacet
  facet normal -0.444696 -0.895681 0
    outer loop
      vertex 10.6506 121.571 9.45
      vertex 10.85 121.472 12.45
      vertex 10.6506 121.571 12.45
    endloop
  endfacet
  facet normal -0.444696 -0.895681 -0
    outer loop
      vertex 10.85 121.472 12.45
      vertex 10.6506 121.571 9.45
      vertex 10.85 121.472 9.45
    endloop
  endfacet
  facet normal 0.997862 -0.0653555 0
    outer loop
      vertex 8.3 120 12.45
      vertex 8.31454 120.222 9.45
      vertex 8.31454 120.222 12.45
    endloop
  endfacet
  facet normal 0.997862 -0.0653555 0
    outer loop
      vertex 8.31454 120.222 9.45
      vertex 8.3 120 12.45
      vertex 8.3 120 9.45
    endloop
  endfacet
  facet normal 0.660306 0.750997 -0
    outer loop
      vertex 8.96511 118.651 9.45
      vertex 8.79792 118.798 12.45
      vertex 8.96511 118.651 12.45
    endloop
  endfacet
  facet normal 0.660306 0.750997 0
    outer loop
      vertex 8.79792 118.798 12.45
      vertex 8.96511 118.651 9.45
      vertex 8.79792 118.798 9.45
    endloop
  endfacet
  facet normal 0.751472 0.659765 0
    outer loop
      vertex 8.79792 118.798 12.45
      vertex 8.6513 118.965 9.45
      vertex 8.6513 118.965 12.45
    endloop
  endfacet
  facet normal 0.751472 0.659765 0
    outer loop
      vertex 8.6513 118.965 9.45
      vertex 8.79792 118.798 12.45
      vertex 8.79792 118.798 9.45
    endloop
  endfacet
  facet normal 0.831621 0.555343 0
    outer loop
      vertex 8.6513 118.965 12.45
      vertex 8.52776 119.15 9.45
      vertex 8.52776 119.15 12.45
    endloop
  endfacet
  facet normal 0.831621 0.555343 0
    outer loop
      vertex 8.52776 119.15 9.45
      vertex 8.6513 118.965 12.45
      vertex 8.6513 118.965 9.45
    endloop
  endfacet
  facet normal -0.831704 -0.555219 0
    outer loop
      vertex 11.4722 120.85 9.45
      vertex 11.3487 121.035 12.45
      vertex 11.3487 121.035 9.45
    endloop
  endfacet
  facet normal -0.831704 -0.555219 0
    outer loop
      vertex 11.3487 121.035 12.45
      vertex 11.4722 120.85 9.45
      vertex 11.4722 120.85 12.45
    endloop
  endfacet
  facet normal -0.193434 0.981113 0
    outer loop
      vertex 10.44 118.358 9.45
      vertex 10.2219 118.315 12.45
      vertex 10.44 118.358 12.45
    endloop
  endfacet
  facet normal -0.193434 0.981113 0
    outer loop
      vertex 10.2219 118.315 12.45
      vertex 10.44 118.358 9.45
      vertex 10.2219 118.315 9.45
    endloop
  endfacet
  facet normal -0.980753 0.195251 0
    outer loop
      vertex 11.6421 119.56 9.45
      vertex 11.6855 119.778 12.45
      vertex 11.6855 119.778 9.45
    endloop
  endfacet
  facet normal -0.980753 0.195251 0
    outer loop
      vertex 11.6855 119.778 12.45
      vertex 11.6421 119.56 9.45
      vertex 11.6421 119.56 12.45
    endloop
  endfacet
  facet normal 0.947141 0.320816 0
    outer loop
      vertex 8.4294 119.349 12.45
      vertex 8.35793 119.56 9.45
      vertex 8.35793 119.56 12.45
    endloop
  endfacet
  facet normal 0.947141 0.320816 0
    outer loop
      vertex 8.35793 119.56 9.45
      vertex 8.4294 119.349 12.45
      vertex 8.4294 119.349 9.45
    endloop
  endfacet
  facet normal -0.444696 0.895681 0
    outer loop
      vertex 10.85 118.528 9.45
      vertex 10.6506 118.429 12.45
      vertex 10.85 118.528 12.45
    endloop
  endfacet
  facet normal -0.444696 0.895681 0
    outer loop
      vertex 10.6506 118.429 12.45
      vertex 10.85 118.528 9.45
      vertex 10.6506 118.429 9.45
    endloop
  endfacet
  facet normal -0.0674441 -0.997723 0
    outer loop
      vertex 10 121.7 9.45
      vertex 10.2219 121.685 12.45
      vertex 10 121.7 12.45
    endloop
  endfacet
  facet normal -0.0674441 -0.997723 -0
    outer loop
      vertex 10.2219 121.685 12.45
      vertex 10 121.7 9.45
      vertex 10.2219 121.685 9.45
    endloop
  endfacet
  facet normal 0.319506 -0.947584 0
    outer loop
      vertex 9.34944 121.571 9.45
      vertex 9.56001 121.642 12.45
      vertex 9.34944 121.571 12.45
    endloop
  endfacet
  facet normal 0.319506 -0.947584 0
    outer loop
      vertex 9.56001 121.642 12.45
      vertex 9.34944 121.571 9.45
      vertex 9.56001 121.642 9.45
    endloop
  endfacet
  facet normal 0.193442 -0.981112 0
    outer loop
      vertex 9.56001 121.642 9.45
      vertex 9.7781 121.685 12.45
      vertex 9.56001 121.642 12.45
    endloop
  endfacet
  facet normal 0.193442 -0.981112 0
    outer loop
      vertex 9.7781 121.685 12.45
      vertex 9.56001 121.642 9.45
      vertex 9.7781 121.685 9.45
    endloop
  endfacet
  facet normal -0.8964 -0.443245 0
    outer loop
      vertex 11.5706 120.651 9.45
      vertex 11.4722 120.85 12.45
      vertex 11.4722 120.85 9.45
    endloop
  endfacet
  facet normal -0.8964 -0.443245 0
    outer loop
      vertex 11.4722 120.85 12.45
      vertex 11.5706 120.651 9.45
      vertex 11.5706 120.651 12.45
    endloop
  endfacet
  facet normal -0.997874 0.0651764 0
    outer loop
      vertex 11.6855 119.778 9.45
      vertex 11.7 120 12.45
      vertex 11.7 120 9.45
    endloop
  endfacet
  facet normal -0.997874 0.0651764 0
    outer loop
      vertex 11.7 120 12.45
      vertex 11.6855 119.778 9.45
      vertex 11.6855 119.778 12.45
    endloop
  endfacet
  facet normal -0.0674441 0.997723 0
    outer loop
      vertex 10.2219 118.315 9.45
      vertex 10 118.3 12.45
      vertex 10.2219 118.315 12.45
    endloop
  endfacet
  facet normal -0.0674441 0.997723 0
    outer loop
      vertex 10 118.3 12.45
      vertex 10.2219 118.315 9.45
      vertex 10 118.3 9.45
    endloop
  endfacet
  facet normal -0.751516 -0.659714 0
    outer loop
      vertex 11.3487 121.035 9.45
      vertex 11.2021 121.202 12.45
      vertex 11.2021 121.202 9.45
    endloop
  endfacet
  facet normal -0.751516 -0.659714 0
    outer loop
      vertex 11.2021 121.202 12.45
      vertex 11.3487 121.035 9.45
      vertex 11.3487 121.035 12.45
    endloop
  endfacet
  facet normal 0.997862 0.0653555 0
    outer loop
      vertex 8.31454 119.778 12.45
      vertex 8.3 120 9.45
      vertex 8.3 120 12.45
    endloop
  endfacet
  facet normal 0.997862 0.0653555 0
    outer loop
      vertex 8.3 120 9.45
      vertex 8.31454 119.778 12.45
      vertex 8.31454 119.778 9.45
    endloop
  endfacet
  facet normal -0.751516 0.659714 0
    outer loop
      vertex 11.2021 118.798 9.45
      vertex 11.3487 118.965 12.45
      vertex 11.3487 118.965 9.45
    endloop
  endfacet
  facet normal -0.751516 0.659714 0
    outer loop
      vertex 11.3487 118.965 12.45
      vertex 11.2021 118.798 9.45
      vertex 11.2021 118.798 12.45
    endloop
  endfacet
  facet normal 0.751472 -0.659765 0
    outer loop
      vertex 8.6513 121.035 12.45
      vertex 8.79792 121.202 9.45
      vertex 8.79792 121.202 12.45
    endloop
  endfacet
  facet normal 0.751472 -0.659765 0
    outer loop
      vertex 8.79792 121.202 9.45
      vertex 8.6513 121.035 12.45
      vertex 8.6513 121.035 9.45
    endloop
  endfacet
  facet normal 0.831621 -0.555343 0
    outer loop
      vertex 8.52776 120.85 12.45
      vertex 8.6513 121.035 9.45
      vertex 8.6513 121.035 12.45
    endloop
  endfacet
  facet normal 0.831621 -0.555343 0
    outer loop
      vertex 8.6513 121.035 9.45
      vertex 8.52776 120.85 12.45
      vertex 8.52776 120.85 9.45
    endloop
  endfacet
  facet normal 0.0674441 -0.997723 0
    outer loop
      vertex 9.7781 121.685 9.45
      vertex 10 121.7 12.45
      vertex 9.7781 121.685 12.45
    endloop
  endfacet
  facet normal 0.0674441 -0.997723 0
    outer loop
      vertex 10 121.7 12.45
      vertex 9.7781 121.685 9.45
      vertex 10 121.7 9.45
    endloop
  endfacet
  facet normal 0.980762 0.195208 0
    outer loop
      vertex 8.35793 119.56 12.45
      vertex 8.31454 119.778 9.45
      vertex 8.31454 119.778 12.45
    endloop
  endfacet
  facet normal 0.980762 0.195208 0
    outer loop
      vertex 8.31454 119.778 9.45
      vertex 8.35793 119.56 12.45
      vertex 8.35793 119.56 9.45
    endloop
  endfacet
  facet normal 0.319506 0.947584 -0
    outer loop
      vertex 9.56001 118.358 9.45
      vertex 9.34944 118.429 12.45
      vertex 9.56001 118.358 12.45
    endloop
  endfacet
  facet normal 0.319506 0.947584 0
    outer loop
      vertex 9.34944 118.429 12.45
      vertex 9.56001 118.358 9.45
      vertex 9.34944 118.429 9.45
    endloop
  endfacet
  facet normal -0.947101 -0.320937 0
    outer loop
      vertex 11.6421 120.44 9.45
      vertex 11.5706 120.651 12.45
      vertex 11.5706 120.651 9.45
    endloop
  endfacet
  facet normal -0.947101 -0.320937 0
    outer loop
      vertex 11.5706 120.651 12.45
      vertex 11.6421 120.44 9.45
      vertex 11.6421 120.44 12.45
    endloop
  endfacet
  facet normal 0.444625 0.895717 -0
    outer loop
      vertex 9.34944 118.429 9.45
      vertex 9.15 118.528 12.45
      vertex 9.34944 118.429 12.45
    endloop
  endfacet
  facet normal 0.444625 0.895717 0
    outer loop
      vertex 9.15 118.528 12.45
      vertex 9.34944 118.429 9.45
      vertex 9.15 118.528 9.45
    endloop
  endfacet
  facet normal -0.831704 0.555219 0
    outer loop
      vertex 11.3487 118.965 9.45
      vertex 11.4722 119.15 12.45
      vertex 11.4722 119.15 9.45
    endloop
  endfacet
  facet normal -0.831704 0.555219 0
    outer loop
      vertex 11.4722 119.15 12.45
      vertex 11.3487 118.965 9.45
      vertex 11.3487 118.965 12.45
    endloop
  endfacet
  facet normal 0.553889 0.83259 -0
    outer loop
      vertex 9.15 118.528 9.45
      vertex 8.96511 118.651 12.45
      vertex 9.15 118.528 12.45
    endloop
  endfacet
  facet normal 0.553889 0.83259 0
    outer loop
      vertex 8.96511 118.651 12.45
      vertex 9.15 118.528 9.45
      vertex 8.96511 118.651 9.45
    endloop
  endfacet
  facet normal 0.193442 0.981112 -0
    outer loop
      vertex 9.7781 118.315 9.45
      vertex 9.56001 118.358 12.45
      vertex 9.7781 118.315 12.45
    endloop
  endfacet
  facet normal 0.193442 0.981112 0
    outer loop
      vertex 9.56001 118.358 12.45
      vertex 9.7781 118.315 9.45
      vertex 9.56001 118.358 9.45
    endloop
  endfacet
  facet normal 0.896472 -0.4431 0
    outer loop
      vertex 8.4294 120.651 12.45
      vertex 8.52776 120.85 9.45
      vertex 8.52776 120.85 12.45
    endloop
  endfacet
  facet normal 0.896472 -0.4431 0
    outer loop
      vertex 8.52776 120.85 9.45
      vertex 8.4294 120.651 12.45
      vertex 8.4294 120.651 9.45
    endloop
  endfacet
  facet normal 0.0674441 0.997723 -0
    outer loop
      vertex 10 118.3 9.45
      vertex 9.7781 118.315 12.45
      vertex 10 118.3 12.45
    endloop
  endfacet
  facet normal 0.0674441 0.997723 0
    outer loop
      vertex 9.7781 118.315 12.45
      vertex 10 118.3 9.45
      vertex 9.7781 118.315 9.45
    endloop
  endfacet
  facet normal 0.896472 0.4431 0
    outer loop
      vertex 8.52776 119.15 12.45
      vertex 8.4294 119.349 9.45
      vertex 8.4294 119.349 12.45
    endloop
  endfacet
  facet normal 0.896472 0.4431 0
    outer loop
      vertex 8.4294 119.349 9.45
      vertex 8.52776 119.15 12.45
      vertex 8.52776 119.15 9.45
    endloop
  endfacet
  facet normal 0.980762 -0.195208 0
    outer loop
      vertex 8.31454 120.222 12.45
      vertex 8.35793 120.44 9.45
      vertex 8.35793 120.44 12.45
    endloop
  endfacet
  facet normal 0.980762 -0.195208 0
    outer loop
      vertex 8.35793 120.44 9.45
      vertex 8.31454 120.222 12.45
      vertex 8.31454 120.222 9.45
    endloop
  endfacet
  facet normal 0.947141 -0.320816 0
    outer loop
      vertex 8.35793 120.44 12.45
      vertex 8.4294 120.651 9.45
      vertex 8.4294 120.651 12.45
    endloop
  endfacet
  facet normal 0.947141 -0.320816 0
    outer loop
      vertex 8.4294 120.651 9.45
      vertex 8.35793 120.44 12.45
      vertex 8.35793 120.44 9.45
    endloop
  endfacet
  facet normal -0.193434 -0.981113 0
    outer loop
      vertex 10.2219 121.685 9.45
      vertex 10.44 121.642 12.45
      vertex 10.2219 121.685 12.45
    endloop
  endfacet
  facet normal -0.193434 -0.981113 -0
    outer loop
      vertex 10.44 121.642 12.45
      vertex 10.2219 121.685 9.45
      vertex 10.44 121.642 9.45
    endloop
  endfacet
  facet normal -0.660284 0.751016 0
    outer loop
      vertex 11.2021 118.798 9.45
      vertex 11.0349 118.651 12.45
      vertex 11.2021 118.798 12.45
    endloop
  endfacet
  facet normal -0.660284 0.751016 0
    outer loop
      vertex 11.0349 118.651 12.45
      vertex 11.2021 118.798 9.45
      vertex 11.0349 118.651 9.45
    endloop
  endfacet
  facet normal 0.0655274 0.997851 -0
    outer loop
      vertex 10 116.5 0
      vertex 9.54316 116.53 9.45
      vertex 10 116.5 9.45
    endloop
  endfacet
  facet normal 0.0655274 0.997851 0
    outer loop
      vertex 9.54316 116.53 9.45
      vertex 10 116.5 0
      vertex 9.54316 116.53 0
    endloop
  endfacet
  facet normal 0.555033 -0.831828 0
    outer loop
      vertex 7.86933 122.777 0
      vertex 8.25 123.031 9.45
      vertex 7.86933 122.777 9.45
    endloop
  endfacet
  facet normal 0.555033 -0.831828 0
    outer loop
      vertex 8.25 123.031 9.45
      vertex 7.86933 122.777 0
      vertex 8.25 123.031 0
    endloop
  endfacet
  facet normal -0.946853 0.321668 0
    outer loop
      vertex 13.2336 118.661 0
      vertex 13.3807 119.094 9.45
      vertex 13.3807 119.094 0
    endloop
  endfacet
  facet normal -0.946853 0.321668 0
    outer loop
      vertex 13.3807 119.094 9.45
      vertex 13.2336 118.661 0
      vertex 13.2336 118.661 9.45
    endloop
  endfacet
  facet normal -0.980748 -0.195276 0
    outer loop
      vertex 13.4701 120.457 0
      vertex 13.3807 120.906 9.45
      vertex 13.3807 120.906 0
    endloop
  endfacet
  facet normal -0.980748 -0.195276 0
    outer loop
      vertex 13.3807 120.906 9.45
      vertex 13.4701 120.457 0
      vertex 13.4701 120.457 9.45
    endloop
  endfacet
  facet normal 0.751634 0.659581 0
    outer loop
      vertex 7.52513 117.525 9.45
      vertex 7.22326 117.869 0
      vertex 7.22326 117.869 9.45
    endloop
  endfacet
  facet normal 0.751634 0.659581 0
    outer loop
      vertex 7.22326 117.869 0
      vertex 7.52513 117.525 9.45
      vertex 7.52513 117.525 0
    endloop
  endfacet
  facet normal 0.831697 0.555229 0
    outer loop
      vertex 7.22326 117.869 9.45
      vertex 6.96891 118.25 0
      vertex 6.96891 118.25 9.45
    endloop
  endfacet
  facet normal 0.831697 0.555229 0
    outer loop
      vertex 6.96891 118.25 0
      vertex 7.22326 117.869 9.45
      vertex 7.22326 117.869 0
    endloop
  endfacet
  facet normal 0.751634 -0.659581 0
    outer loop
      vertex 7.22326 122.131 9.45
      vertex 7.52513 122.475 0
      vertex 7.52513 122.475 9.45
    endloop
  endfacet
  facet normal 0.751634 -0.659581 0
    outer loop
      vertex 7.52513 122.475 0
      vertex 7.22326 122.131 9.45
      vertex 7.22326 122.131 0
    endloop
  endfacet
  facet normal 0.194423 0.980918 -0
    outer loop
      vertex 9.54316 116.53 0
      vertex 9.09413 116.619 9.45
      vertex 9.54316 116.53 9.45
    endloop
  endfacet
  facet normal 0.194423 0.980918 0
    outer loop
      vertex 9.09413 116.619 9.45
      vertex 9.54316 116.53 0
      vertex 9.09413 116.619 0
    endloop
  endfacet
  facet normal 0.194423 -0.980918 0
    outer loop
      vertex 9.09413 123.381 0
      vertex 9.54316 123.47 9.45
      vertex 9.09413 123.381 9.45
    endloop
  endfacet
  facet normal 0.194423 -0.980918 0
    outer loop
      vertex 9.54316 123.47 9.45
      vertex 9.09413 123.381 0
      vertex 9.54316 123.47 0
    endloop
  endfacet
  facet normal -0.194394 0.980924 0
    outer loop
      vertex 10.9059 116.619 0
      vertex 10.4568 116.53 9.45
      vertex 10.9059 116.619 9.45
    endloop
  endfacet
  facet normal -0.194394 0.980924 0
    outer loop
      vertex 10.4568 116.53 9.45
      vertex 10.9059 116.619 0
      vertex 10.4568 116.53 0
    endloop
  endfacet
  facet normal -0.321139 -0.947032 0
    outer loop
      vertex 10.9059 123.381 0
      vertex 11.3394 123.234 9.45
      vertex 10.9059 123.381 9.45
    endloop
  endfacet
  facet normal -0.321139 -0.947032 -0
    outer loop
      vertex 11.3394 123.234 9.45
      vertex 10.9059 123.381 0
      vertex 11.3394 123.234 0
    endloop
  endfacet
  facet normal 0.89704 0.44195 0
    outer loop
      vertex 6.96891 118.25 9.45
      vertex 6.76642 118.661 0
      vertex 6.76642 118.661 9.45
    endloop
  endfacet
  facet normal 0.89704 0.44195 0
    outer loop
      vertex 6.76642 118.661 0
      vertex 6.96891 118.25 9.45
      vertex 6.96891 118.25 0
    endloop
  endfacet
  facet normal 0.997861 -0.0653741 0
    outer loop
      vertex 6.5 120 9.45
      vertex 6.52994 120.457 0
      vertex 6.52994 120.457 9.45
    endloop
  endfacet
  facet normal 0.997861 -0.0653741 0
    outer loop
      vertex 6.52994 120.457 0
      vertex 6.5 120 9.45
      vertex 6.5 120 0
    endloop
  endfacet
  facet normal -0.997867 -0.0652871 0
    outer loop
      vertex 13.5 120 0
      vertex 13.4701 120.457 9.45
      vertex 13.4701 120.457 0
    endloop
  endfacet
  facet normal -0.997867 -0.0652871 0
    outer loop
      vertex 13.4701 120.457 9.45
      vertex 13.5 120 0
      vertex 13.5 120 9.45
    endloop
  endfacet
  facet normal -0.659524 -0.751683 0
    outer loop
      vertex 12.1307 122.777 0
      vertex 12.4749 122.475 9.45
      vertex 12.1307 122.777 9.45
    endloop
  endfacet
  facet normal -0.659524 -0.751683 -0
    outer loop
      vertex 12.4749 122.475 9.45
      vertex 12.1307 122.777 0
      vertex 12.4749 122.475 0
    endloop
  endfacet
  facet normal -0.321139 0.947032 0
    outer loop
      vertex 11.3394 116.766 0
      vertex 10.9059 116.619 9.45
      vertex 11.3394 116.766 9.45
    endloop
  endfacet
  facet normal -0.321139 0.947032 0
    outer loop
      vertex 10.9059 116.619 9.45
      vertex 11.3394 116.766 0
      vertex 10.9059 116.619 0
    endloop
  endfacet
  facet normal -0.997867 0.0652871 0
    outer loop
      vertex 13.4701 119.543 0
      vertex 13.5 120 9.45
      vertex 13.5 120 0
    endloop
  endfacet
  facet normal -0.997867 0.0652871 0
    outer loop
      vertex 13.5 120 9.45
      vertex 13.4701 119.543 0
      vertex 13.4701 119.543 9.45
    endloop
  endfacet
  facet normal -0.555003 0.831849 0
    outer loop
      vertex 12.1307 117.223 0
      vertex 11.75 116.969 9.45
      vertex 12.1307 117.223 9.45
    endloop
  endfacet
  facet normal -0.555003 0.831849 0
    outer loop
      vertex 11.75 116.969 9.45
      vertex 12.1307 117.223 0
      vertex 11.75 116.969 0
    endloop
  endfacet
  facet normal -0.0655331 -0.99785 0
    outer loop
      vertex 10 123.5 0
      vertex 10.4568 123.47 9.45
      vertex 10 123.5 9.45
    endloop
  endfacet
  facet normal -0.0655331 -0.99785 -0
    outer loop
      vertex 10.4568 123.47 9.45
      vertex 10 123.5 0
      vertex 10.4568 123.47 0
    endloop
  endfacet
  facet normal 0.980782 -0.195108 0
    outer loop
      vertex 6.52994 120.457 9.45
      vertex 6.61926 120.906 0
      vertex 6.61926 120.906 9.45
    endloop
  endfacet
  facet normal 0.980782 -0.195108 0
    outer loop
      vertex 6.61926 120.906 0
      vertex 6.52994 120.457 9.45
      vertex 6.52994 120.457 0
    endloop
  endfacet
  facet normal 0.443183 -0.896431 0
    outer loop
      vertex 8.25 123.031 0
      vertex 8.66061 123.234 9.45
      vertex 8.25 123.031 9.45
    endloop
  endfacet
  facet normal 0.443183 -0.896431 0
    outer loop
      vertex 8.66061 123.234 9.45
      vertex 8.25 123.031 0
      vertex 8.66061 123.234 0
    endloop
  endfacet
  facet normal -0.946853 -0.321668 0
    outer loop
      vertex 13.3807 120.906 0
      vertex 13.2336 121.339 9.45
      vertex 13.2336 121.339 0
    endloop
  endfacet
  facet normal -0.946853 -0.321668 0
    outer loop
      vertex 13.2336 121.339 9.45
      vertex 13.3807 120.906 0
      vertex 13.3807 120.906 9.45
    endloop
  endfacet
  facet normal 0.831697 -0.555229 0
    outer loop
      vertex 6.96891 121.75 9.45
      vertex 7.22326 122.131 0
      vertex 7.22326 122.131 9.45
    endloop
  endfacet
  facet normal 0.831697 -0.555229 0
    outer loop
      vertex 7.22326 122.131 0
      vertex 6.96891 121.75 9.45
      vertex 6.96891 121.75 0
    endloop
  endfacet
  facet normal 0.980782 0.195108 0
    outer loop
      vertex 6.61926 119.094 9.45
      vertex 6.52994 119.543 0
      vertex 6.52994 119.543 9.45
    endloop
  endfacet
  facet normal 0.980782 0.195108 0
    outer loop
      vertex 6.52994 119.543 0
      vertex 6.61926 119.094 9.45
      vertex 6.61926 119.094 0
    endloop
  endfacet
  facet normal 0 0 -1
    outer loop
      vertex 11.7 120 9.45
      vertex 13.5 120 9.45
      vertex 13.4701 119.543 9.45
    endloop
  endfacet
  facet normal 0 0 -1
    outer loop
      vertex 11.6855 119.778 9.45
      vertex 13.4701 119.543 9.45
      vertex 13.3807 119.094 9.45
    endloop
  endfacet
  facet normal 0 0 -1
    outer loop
      vertex 13.5 120 9.45
      vertex 11.7 120 9.45
      vertex 13.4701 120.457 9.45
    endloop
  endfacet
  facet normal 0 0 -1
    outer loop
      vertex 11.6421 119.56 9.45
      vertex 13.3807 119.094 9.45
      vertex 13.2336 118.661 9.45
    endloop
  endfacet
  facet normal 0 0 -1
    outer loop
      vertex 11.6855 120.222 9.45
      vertex 13.4701 120.457 9.45
      vertex 11.7 120 9.45
    endloop
  endfacet
  facet normal 0 0 -1
    outer loop
      vertex 11.5706 119.349 9.45
      vertex 13.2336 118.661 9.45
      vertex 13.0311 118.25 9.45
    endloop
  endfacet
  facet normal -0 0 -1
    outer loop
      vertex 13.4701 120.457 9.45
      vertex 11.6855 120.222 9.45
      vertex 13.3807 120.906 9.45
    endloop
  endfacet
  facet normal 0 0 -1
    outer loop
      vertex 11.4722 119.15 9.45
      vertex 13.0311 118.25 9.45
      vertex 12.7767 117.869 9.45
    endloop
  endfacet
  facet normal 0 0 -1
    outer loop
      vertex 11.6421 120.44 9.45
      vertex 13.3807 120.906 9.45
      vertex 11.6855 120.222 9.45
    endloop
  endfacet
  facet normal 0 0 -1
    outer loop
      vertex 11.3487 118.965 9.45
      vertex 12.7767 117.869 9.45
      vertex 12.4749 117.525 9.45
    endloop
  endfacet
  facet normal -0 0 -1
    outer loop
      vertex 13.3807 120.906 9.45
      vertex 11.6421 120.44 9.45
      vertex 13.2336 121.339 9.45
    endloop
  endfacet
  facet normal 0 0 -1
    outer loop
      vertex 11.2021 118.798 9.45
      vertex 12.4749 117.525 9.45
      vertex 12.1307 117.223 9.45
    endloop
  endfacet
  facet normal 0 0 -1
    outer loop
      vertex 11.5706 120.651 9.45
      vertex 13.2336 121.339 9.45
      vertex 11.6421 120.44 9.45
    endloop
  endfacet
  facet normal 0 0 -1
    outer loop
      vertex 11.0349 118.651 9.45
      vertex 12.1307 117.223 9.45
      vertex 11.75 116.969 9.45
    endloop
  endfacet
  facet normal -0 0 -1
    outer loop
      vertex 13.2336 121.339 9.45
      vertex 11.5706 120.651 9.45
      vertex 13.0311 121.75 9.45
    endloop
  endfacet
  facet normal 0 0 -1
    outer loop
      vertex 11.4722 120.85 9.45
      vertex 13.0311 121.75 9.45
      vertex 11.5706 120.651 9.45
    endloop
  endfacet
  facet normal 0 0 -1
    outer loop
      vertex 13.4701 119.543 9.45
      vertex 11.6855 119.778 9.45
      vertex 11.7 120 9.45
    endloop
  endfacet
  facet normal 0 0 -1
    outer loop
      vertex 13.3807 119.094 9.45
      vertex 11.6421 119.56 9.45
      vertex 11.6855 119.778 9.45
    endloop
  endfacet
  facet normal 0 0 -1
    outer loop
      vertex 13.2336 118.661 9.45
      vertex 11.5706 119.349 9.45
      vertex 11.6421 119.56 9.45
    endloop
  endfacet
  facet normal 0 0 -1
    outer loop
      vertex 13.0311 118.25 9.45
      vertex 11.4722 119.15 9.45
      vertex 11.5706 119.349 9.45
    endloop
  endfacet
  facet normal 0 0 -1
    outer loop
      vertex 12.7767 117.869 9.45
      vertex 11.3487 118.965 9.45
      vertex 11.4722 119.15 9.45
    endloop
  endfacet
  facet normal 0 0 -1
    outer loop
      vertex 10.85 118.528 9.45
      vertex 11.75 116.969 9.45
      vertex 11.3394 116.766 9.45
    endloop
  endfacet
  facet normal 0 0 -1
    outer loop
      vertex 12.4749 117.525 9.45
      vertex 11.2021 118.798 9.45
      vertex 11.3487 118.965 9.45
    endloop
  endfacet
  facet normal 0 0 -1
    outer loop
      vertex 12.1307 117.223 9.45
      vertex 11.0349 118.651 9.45
      vertex 11.2021 118.798 9.45
    endloop
  endfacet
  facet normal 0 0 -1
    outer loop
      vertex 10.6506 118.429 9.45
      vertex 11.3394 116.766 9.45
      vertex 10.9059 116.619 9.45
    endloop
  endfacet
  facet normal 0 0 -1
    outer loop
      vertex 11.75 116.969 9.45
      vertex 10.85 118.528 9.45
      vertex 11.0349 118.651 9.45
    endloop
  endfacet
  facet normal 0 0 -1
    outer loop
      vertex 11.3394 116.766 9.45
      vertex 10.6506 118.429 9.45
      vertex 10.85 118.528 9.45
    endloop
  endfacet
  facet normal 0 0 -1
    outer loop
      vertex 10.44 118.358 9.45
      vertex 10.9059 116.619 9.45
      vertex 10.4568 116.53 9.45
    endloop
  endfacet
  facet normal 0 0 -1
    outer loop
      vertex 10.9059 116.619 9.45
      vertex 10.44 118.358 9.45
      vertex 10.6506 118.429 9.45
    endloop
  endfacet
  facet normal 0 0 -1
    outer loop
      vertex 10.4568 116.53 9.45
      vertex 10.2219 118.315 9.45
      vertex 10.44 118.358 9.45
    endloop
  endfacet
  facet normal 0 0 -1
    outer loop
      vertex 10 116.5 9.45
      vertex 10.2219 118.315 9.45
      vertex 10.4568 116.53 9.45
    endloop
  endfacet
  facet normal 0 0 -1
    outer loop
      vertex 10 116.5 9.45
      vertex 10 118.3 9.45
      vertex 10.2219 118.315 9.45
    endloop
  endfacet
  facet normal 0 0 -1
    outer loop
      vertex 10 116.5 9.45
      vertex 9.7781 118.315 9.45
      vertex 10 118.3 9.45
    endloop
  endfacet
  facet normal 0 0 -1
    outer loop
      vertex 9.54316 116.53 9.45
      vertex 9.7781 118.315 9.45
      vertex 10 116.5 9.45
    endloop
  endfacet
  facet normal -0 0 -1
    outer loop
      vertex 9.7781 118.315 9.45
      vertex 9.54316 116.53 9.45
      vertex 9.56001 118.358 9.45
    endloop
  endfacet
  facet normal 0 0 -1
    outer loop
      vertex 9.09413 116.619 9.45
      vertex 9.56001 118.358 9.45
      vertex 9.54316 116.53 9.45
    endloop
  endfacet
  facet normal -0 0 -1
    outer loop
      vertex 9.56001 118.358 9.45
      vertex 9.09413 116.619 9.45
      vertex 9.34944 118.429 9.45
    endloop
  endfacet
  facet normal 0 0 -1
    outer loop
      vertex 8.66061 116.766 9.45
      vertex 9.34944 118.429 9.45
      vertex 9.09413 116.619 9.45
    endloop
  endfacet
  facet normal -0 0 -1
    outer loop
      vertex 9.34944 118.429 9.45
      vertex 8.66061 116.766 9.45
      vertex 9.15 118.528 9.45
    endloop
  endfacet
  facet normal 0 0 -1
    outer loop
      vertex 8.25 116.969 9.45
      vertex 9.15 118.528 9.45
      vertex 8.66061 116.766 9.45
    endloop
  endfacet
  facet normal -0 0 -1
    outer loop
      vertex 9.15 118.528 9.45
      vertex 8.25 116.969 9.45
      vertex 8.96511 118.651 9.45
    endloop
  endfacet
  facet normal 0 0 -1
    outer loop
      vertex 7.86933 117.223 9.45
      vertex 8.96511 118.651 9.45
      vertex 8.25 116.969 9.45
    endloop
  endfacet
  facet normal -0 0 -1
    outer loop
      vertex 8.96511 118.651 9.45
      vertex 7.86933 117.223 9.45
      vertex 8.79792 118.798 9.45
    endloop
  endfacet
  facet normal 0 0 -1
    outer loop
      vertex 7.52513 117.525 9.45
      vertex 8.79792 118.798 9.45
      vertex 7.86933 117.223 9.45
    endloop
  endfacet
  facet normal -0 0 -1
    outer loop
      vertex 8.79792 118.798 9.45
      vertex 7.52513 117.525 9.45
      vertex 8.6513 118.965 9.45
    endloop
  endfacet
  facet normal 0 0 -1
    outer loop
      vertex 7.22326 117.869 9.45
      vertex 8.6513 118.965 9.45
      vertex 7.52513 117.525 9.45
    endloop
  endfacet
  facet normal 0 0 -1
    outer loop
      vertex 6.96891 118.25 9.45
      vertex 8.52776 119.15 9.45
      vertex 7.22326 117.869 9.45
    endloop
  endfacet
  facet normal -0 0 -1
    outer loop
      vertex 8.6513 118.965 9.45
      vertex 7.22326 117.869 9.45
      vertex 8.52776 119.15 9.45
    endloop
  endfacet
  facet normal -0 0 -1
    outer loop
      vertex 13.0311 121.75 9.45
      vertex 11.4722 120.85 9.45
      vertex 12.7767 122.131 9.45
    endloop
  endfacet
  facet normal 0 0 -1
    outer loop
      vertex 11.3487 121.035 9.45
      vertex 12.7767 122.131 9.45
      vertex 11.4722 120.85 9.45
    endloop
  endfacet
  facet normal -0 0 -1
    outer loop
      vertex 12.7767 122.131 9.45
      vertex 11.3487 121.035 9.45
      vertex 12.4749 122.475 9.45
    endloop
  endfacet
  facet normal 0 0 -1
    outer loop
      vertex 11.2021 121.202 9.45
      vertex 12.4749 122.475 9.45
      vertex 11.3487 121.035 9.45
    endloop
  endfacet
  facet normal -0 0 -1
    outer loop
      vertex 12.4749 122.475 9.45
      vertex 11.2021 121.202 9.45
      vertex 12.1307 122.777 9.45
    endloop
  endfacet
  facet normal 0 0 -1
    outer loop
      vertex 11.0349 121.349 9.45
      vertex 12.1307 122.777 9.45
      vertex 11.2021 121.202 9.45
    endloop
  endfacet
  facet normal -0 0 -1
    outer loop
      vertex 12.1307 122.777 9.45
      vertex 11.0349 121.349 9.45
      vertex 11.75 123.031 9.45
    endloop
  endfacet
  facet normal 0 0 -1
    outer loop
      vertex 10.85 121.472 9.45
      vertex 11.75 123.031 9.45
      vertex 11.0349 121.349 9.45
    endloop
  endfacet
  facet normal -0 0 -1
    outer loop
      vertex 11.75 123.031 9.45
      vertex 10.85 121.472 9.45
      vertex 11.3394 123.234 9.45
    endloop
  endfacet
  facet normal 0 0 -1
    outer loop
      vertex 10.6506 121.571 9.45
      vertex 11.3394 123.234 9.45
      vertex 10.85 121.472 9.45
    endloop
  endfacet
  facet normal -0 0 -1
    outer loop
      vertex 11.3394 123.234 9.45
      vertex 10.6506 121.571 9.45
      vertex 10.9059 123.381 9.45
    endloop
  endfacet
  facet normal 0 0 -1
    outer loop
      vertex 10.44 121.642 9.45
      vertex 10.9059 123.381 9.45
      vertex 10.6506 121.571 9.45
    endloop
  endfacet
  facet normal -0 0 -1
    outer loop
      vertex 10.9059 123.381 9.45
      vertex 10.44 121.642 9.45
      vertex 10.4568 123.47 9.45
    endloop
  endfacet
  facet normal 0 0 -1
    outer loop
      vertex 10.2219 121.685 9.45
      vertex 10.4568 123.47 9.45
      vertex 10.44 121.642 9.45
    endloop
  endfacet
  facet normal 0 0 -1
    outer loop
      vertex 10 121.7 9.45
      vertex 10.4568 123.47 9.45
      vertex 10.2219 121.685 9.45
    endloop
  endfacet
  facet normal 0 0 -1
    outer loop
      vertex 10 121.7 9.45
      vertex 10 123.5 9.45
      vertex 10.4568 123.47 9.45
    endloop
  endfacet
  facet normal 0 0 -1
    outer loop
      vertex 9.7781 121.685 9.45
      vertex 10 123.5 9.45
      vertex 10 121.7 9.45
    endloop
  endfacet
  facet normal 0 0 -1
    outer loop
      vertex 9.54316 123.47 9.45
      vertex 9.7781 121.685 9.45
      vertex 9.56001 121.642 9.45
    endloop
  endfacet
  facet normal 0 0 -1
    outer loop
      vertex 9.7781 121.685 9.45
      vertex 9.54316 123.47 9.45
      vertex 10 123.5 9.45
    endloop
  endfacet
  facet normal 0 0 -1
    outer loop
      vertex 9.09413 123.381 9.45
      vertex 9.56001 121.642 9.45
      vertex 9.34944 121.571 9.45
    endloop
  endfacet
  facet normal 0 0 -1
    outer loop
      vertex 8.66061 123.234 9.45
      vertex 9.34944 121.571 9.45
      vertex 9.15 121.472 9.45
    endloop
  endfacet
  facet normal 0 0 -1
    outer loop
      vertex 9.56001 121.642 9.45
      vertex 9.09413 123.381 9.45
      vertex 9.54316 123.47 9.45
    endloop
  endfacet
  facet normal 0 0 -1
    outer loop
      vertex 8.25 123.031 9.45
      vertex 9.15 121.472 9.45
      vertex 8.96511 121.349 9.45
    endloop
  endfacet
  facet normal 0 0 -1
    outer loop
      vertex 7.86933 122.777 9.45
      vertex 8.96511 121.349 9.45
      vertex 8.79792 121.202 9.45
    endloop
  endfacet
  facet normal 0 0 -1
    outer loop
      vertex 9.34944 121.571 9.45
      vertex 8.66061 123.234 9.45
      vertex 9.09413 123.381 9.45
    endloop
  endfacet
  facet normal 0 0 -1
    outer loop
      vertex 7.52513 122.475 9.45
      vertex 8.79792 121.202 9.45
      vertex 8.6513 121.035 9.45
    endloop
  endfacet
  facet normal 0 0 -1
    outer loop
      vertex 7.22326 122.131 9.45
      vertex 8.6513 121.035 9.45
      vertex 8.52776 120.85 9.45
    endloop
  endfacet
  facet normal 0 0 -1
    outer loop
      vertex 6.96891 121.75 9.45
      vertex 8.52776 120.85 9.45
      vertex 8.4294 120.651 9.45
    endloop
  endfacet
  facet normal 0 0 -1
    outer loop
      vertex 6.76642 121.339 9.45
      vertex 8.4294 120.651 9.45
      vertex 8.35793 120.44 9.45
    endloop
  endfacet
  facet normal 0 0 -1
    outer loop
      vertex 6.61926 120.906 9.45
      vertex 8.35793 120.44 9.45
      vertex 8.31454 120.222 9.45
    endloop
  endfacet
  facet normal 0 0 -1
    outer loop
      vertex 9.15 121.472 9.45
      vertex 8.25 123.031 9.45
      vertex 8.66061 123.234 9.45
    endloop
  endfacet
  facet normal 0 0 -1
    outer loop
      vertex 6.52994 120.457 9.45
      vertex 8.31454 120.222 9.45
      vertex 8.3 120 9.45
    endloop
  endfacet
  facet normal -0 0 -1
    outer loop
      vertex 8.52776 119.15 9.45
      vertex 6.96891 118.25 9.45
      vertex 8.4294 119.349 9.45
    endloop
  endfacet
  facet normal 0 0 -1
    outer loop
      vertex 6.76642 118.661 9.45
      vertex 8.4294 119.349 9.45
      vertex 6.96891 118.25 9.45
    endloop
  endfacet
  facet normal 0 0 -1
    outer loop
      vertex 8.96511 121.349 9.45
      vertex 7.86933 122.777 9.45
      vertex 8.25 123.031 9.45
    endloop
  endfacet
  facet normal -0 0 -1
    outer loop
      vertex 8.4294 119.349 9.45
      vertex 6.76642 118.661 9.45
      vertex 8.35793 119.56 9.45
    endloop
  endfacet
  facet normal 0 0 -1
    outer loop
      vertex 8.79792 121.202 9.45
      vertex 7.52513 122.475 9.45
      vertex 7.86933 122.777 9.45
    endloop
  endfacet
  facet normal 0 0 -1
    outer loop
      vertex 6.61926 119.094 9.45
      vertex 8.35793 119.56 9.45
      vertex 6.76642 118.661 9.45
    endloop
  endfacet
  facet normal 0 0 -1
    outer loop
      vertex 8.6513 121.035 9.45
      vertex 7.22326 122.131 9.45
      vertex 7.52513 122.475 9.45
    endloop
  endfacet
  facet normal -0 0 -1
    outer loop
      vertex 8.35793 119.56 9.45
      vertex 6.61926 119.094 9.45
      vertex 8.31454 119.778 9.45
    endloop
  endfacet
  facet normal 0 0 -1
    outer loop
      vertex 8.52776 120.85 9.45
      vertex 6.96891 121.75 9.45
      vertex 7.22326 122.131 9.45
    endloop
  endfacet
  facet normal 0 0 -1
    outer loop
      vertex 6.52994 119.543 9.45
      vertex 8.31454 119.778 9.45
      vertex 6.61926 119.094 9.45
    endloop
  endfacet
  facet normal 0 0 -1
    outer loop
      vertex 8.4294 120.651 9.45
      vertex 6.76642 121.339 9.45
      vertex 6.96891 121.75 9.45
    endloop
  endfacet
  facet normal -0 0 -1
    outer loop
      vertex 8.31454 119.778 9.45
      vertex 6.52994 119.543 9.45
      vertex 8.3 120 9.45
    endloop
  endfacet
  facet normal 0 0 -1
    outer loop
      vertex 8.35793 120.44 9.45
      vertex 6.61926 120.906 9.45
      vertex 6.76642 121.339 9.45
    endloop
  endfacet
  facet normal 0 0 -1
    outer loop
      vertex 6.5 120 9.45
      vertex 8.3 120 9.45
      vertex 6.52994 119.543 9.45
    endloop
  endfacet
  facet normal 0 0 -1
    outer loop
      vertex 8.31454 120.222 9.45
      vertex 6.52994 120.457 9.45
      vertex 6.61926 120.906 9.45
    endloop
  endfacet
  facet normal 0 0 -1
    outer loop
      vertex 8.3 120 9.45
      vertex 6.5 120 9.45
      vertex 6.52994 120.457 9.45
    endloop
  endfacet
  facet normal 0.659524 0.751683 -0
    outer loop
      vertex 7.86933 117.223 0
      vertex 7.52513 117.525 9.45
      vertex 7.86933 117.223 9.45
    endloop
  endfacet
  facet normal 0.659524 0.751683 0
    outer loop
      vertex 7.52513 117.525 9.45
      vertex 7.86933 117.223 0
      vertex 7.52513 117.525 0
    endloop
  endfacet
  facet normal 0.946813 -0.321785 0
    outer loop
      vertex 6.61926 120.906 9.45
      vertex 6.76642 121.339 0
      vertex 6.76642 121.339 9.45
    endloop
  endfacet
  facet normal 0.946813 -0.321785 0
    outer loop
      vertex 6.76642 121.339 0
      vertex 6.61926 120.906 9.45
      vertex 6.61926 120.906 0
    endloop
  endfacet
  facet normal 0.997861 0.0653741 0
    outer loop
      vertex 6.52994 119.543 9.45
      vertex 6.5 120 0
      vertex 6.5 120 9.45
    endloop
  endfacet
  facet normal 0.997861 0.0653741 0
    outer loop
      vertex 6.5 120 0
      vertex 6.52994 119.543 9.45
      vertex 6.52994 119.543 0
    endloop
  endfacet
  facet normal -0.980748 0.195276 0
    outer loop
      vertex 13.3807 119.094 0
      vertex 13.4701 119.543 9.45
      vertex 13.4701 119.543 0
    endloop
  endfacet
  facet normal -0.980748 0.195276 0
    outer loop
      vertex 13.4701 119.543 9.45
      vertex 13.3807 119.094 0
      vertex 13.3807 119.094 9.45
    endloop
  endfacet
  facet normal -0.443192 -0.896427 0
    outer loop
      vertex 11.3394 123.234 0
      vertex 11.75 123.031 9.45
      vertex 11.3394 123.234 9.45
    endloop
  endfacet
  facet normal -0.443192 -0.896427 -0
    outer loop
      vertex 11.75 123.031 9.45
      vertex 11.3394 123.234 0
      vertex 11.75 123.031 0
    endloop
  endfacet
  facet normal 0.89704 -0.44195 0
    outer loop
      vertex 6.76642 121.339 9.45
      vertex 6.96891 121.75 0
      vertex 6.96891 121.75 9.45
    endloop
  endfacet
  facet normal 0.89704 -0.44195 0
    outer loop
      vertex 6.96891 121.75 0
      vertex 6.76642 121.339 9.45
      vertex 6.76642 121.339 0
    endloop
  endfacet
  facet normal -0.555003 -0.831849 0
    outer loop
      vertex 11.75 123.031 0
      vertex 12.1307 122.777 9.45
      vertex 11.75 123.031 9.45
    endloop
  endfacet
  facet normal -0.555003 -0.831849 -0
    outer loop
      vertex 12.1307 122.777 9.45
      vertex 11.75 123.031 0
      vertex 12.1307 122.777 0
    endloop
  endfacet
  facet normal 0.321126 -0.947037 0
    outer loop
      vertex 8.66061 123.234 0
      vertex 9.09413 123.381 9.45
      vertex 8.66061 123.234 9.45
    endloop
  endfacet
  facet normal 0.321126 -0.947037 0
    outer loop
      vertex 9.09413 123.381 9.45
      vertex 8.66061 123.234 0
      vertex 9.09413 123.381 0
    endloop
  endfacet
  facet normal 0.659524 -0.751683 0
    outer loop
      vertex 7.52513 122.475 0
      vertex 7.86933 122.777 9.45
      vertex 7.52513 122.475 9.45
    endloop
  endfacet
  facet normal 0.659524 -0.751683 0
    outer loop
      vertex 7.86933 122.777 9.45
      vertex 7.52513 122.475 0
      vertex 7.86933 122.777 0
    endloop
  endfacet
  facet normal -0.831647 0.555305 0
    outer loop
      vertex 12.7767 117.869 0
      vertex 13.0311 118.25 9.45
      vertex 13.0311 118.25 0
    endloop
  endfacet
  facet normal -0.831647 0.555305 0
    outer loop
      vertex 13.0311 118.25 9.45
      vertex 12.7767 117.869 0
      vertex 12.7767 117.869 9.45
    endloop
  endfacet
  facet normal -0.0655331 0.99785 0
    outer loop
      vertex 10.4568 116.53 0
      vertex 10 116.5 9.45
      vertex 10.4568 116.53 9.45
    endloop
  endfacet
  facet normal -0.0655331 0.99785 0
    outer loop
      vertex 10 116.5 9.45
      vertex 10.4568 116.53 0
      vertex 10 116.5 0
    endloop
  endfacet
  facet normal 0.0655274 -0.997851 0
    outer loop
      vertex 9.54316 123.47 0
      vertex 10 123.5 9.45
      vertex 9.54316 123.47 9.45
    endloop
  endfacet
  facet normal 0.0655274 -0.997851 0
    outer loop
      vertex 10 123.5 9.45
      vertex 9.54316 123.47 0
      vertex 10 123.5 0
    endloop
  endfacet
  facet normal -0.831647 -0.555305 0
    outer loop
      vertex 13.0311 121.75 0
      vertex 12.7767 122.131 9.45
      vertex 12.7767 122.131 0
    endloop
  endfacet
  facet normal -0.831647 -0.555305 0
    outer loop
      vertex 12.7767 122.131 9.45
      vertex 13.0311 121.75 0
      vertex 13.0311 121.75 9.45
    endloop
  endfacet
  facet normal -0.75171 0.659494 0
    outer loop
      vertex 12.4749 117.525 0
      vertex 12.7767 117.869 9.45
      vertex 12.7767 117.869 0
    endloop
  endfacet
  facet normal -0.75171 0.659494 0
    outer loop
      vertex 12.7767 117.869 9.45
      vertex 12.4749 117.525 0
      vertex 12.4749 117.525 9.45
    endloop
  endfacet
  facet normal -0.897031 -0.441968 0
    outer loop
      vertex 13.2336 121.339 0
      vertex 13.0311 121.75 9.45
      vertex 13.0311 121.75 0
    endloop
  endfacet
  facet normal -0.897031 -0.441968 0
    outer loop
      vertex 13.0311 121.75 9.45
      vertex 13.2336 121.339 0
      vertex 13.2336 121.339 9.45
    endloop
  endfacet
  facet normal -0.75171 -0.659494 0
    outer loop
      vertex 12.7767 122.131 0
      vertex 12.4749 122.475 9.45
      vertex 12.4749 122.475 0
    endloop
  endfacet
  facet normal -0.75171 -0.659494 0
    outer loop
      vertex 12.4749 122.475 9.45
      vertex 12.7767 122.131 0
      vertex 12.7767 122.131 9.45
    endloop
  endfacet
  facet normal 0.946813 0.321785 0
    outer loop
      vertex 6.76642 118.661 9.45
      vertex 6.61926 119.094 0
      vertex 6.61926 119.094 9.45
    endloop
  endfacet
  facet normal 0.946813 0.321785 0
    outer loop
      vertex 6.61926 119.094 0
      vertex 6.76642 118.661 9.45
      vertex 6.76642 118.661 0
    endloop
  endfacet
  facet normal -0.194394 -0.980924 0
    outer loop
      vertex 10.4568 123.47 0
      vertex 10.9059 123.381 9.45
      vertex 10.4568 123.47 9.45
    endloop
  endfacet
  facet normal -0.194394 -0.980924 -0
    outer loop
      vertex 10.9059 123.381 9.45
      vertex 10.4568 123.47 0
      vertex 10.9059 123.381 0
    endloop
  endfacet
  facet normal -0.897031 0.441968 0
    outer loop
      vertex 13.0311 118.25 0
      vertex 13.2336 118.661 9.45
      vertex 13.2336 118.661 0
    endloop
  endfacet
  facet normal -0.897031 0.441968 0
    outer loop
      vertex 13.2336 118.661 9.45
      vertex 13.0311 118.25 0
      vertex 13.0311 118.25 9.45
    endloop
  endfacet
  facet normal -0.443192 0.896427 0
    outer loop
      vertex 11.75 116.969 0
      vertex 11.3394 116.766 9.45
      vertex 11.75 116.969 9.45
    endloop
  endfacet
  facet normal -0.443192 0.896427 0
    outer loop
      vertex 11.3394 116.766 9.45
      vertex 11.75 116.969 0
      vertex 11.3394 116.766 0
    endloop
  endfacet
  facet normal 0.555033 0.831828 -0
    outer loop
      vertex 8.25 116.969 0
      vertex 7.86933 117.223 9.45
      vertex 8.25 116.969 9.45
    endloop
  endfacet
  facet normal 0.555033 0.831828 0
    outer loop
      vertex 7.86933 117.223 9.45
      vertex 8.25 116.969 0
      vertex 7.86933 117.223 0
    endloop
  endfacet
  facet normal -0.659524 0.751683 0
    outer loop
      vertex 12.4749 117.525 0
      vertex 12.1307 117.223 9.45
      vertex 12.4749 117.525 9.45
    endloop
  endfacet
  facet normal -0.659524 0.751683 0
    outer loop
      vertex 12.1307 117.223 9.45
      vertex 12.4749 117.525 0
      vertex 12.1307 117.223 0
    endloop
  endfacet
  facet normal 0.443183 0.896431 -0
    outer loop
      vertex 8.66061 116.766 0
      vertex 8.25 116.969 9.45
      vertex 8.66061 116.766 9.45
    endloop
  endfacet
  facet normal 0.443183 0.896431 0
    outer loop
      vertex 8.25 116.969 9.45
      vertex 8.66061 116.766 0
      vertex 8.25 116.969 0
    endloop
  endfacet
  facet normal 0.321126 0.947037 -0
    outer loop
      vertex 9.09413 116.619 0
      vertex 8.66061 116.766 9.45
      vertex 9.09413 116.619 9.45
    endloop
  endfacet
  facet normal 0.321126 0.947037 0
    outer loop
      vertex 8.66061 116.766 9.45
      vertex 9.09413 116.619 0
      vertex 8.66061 116.766 0
    endloop
  endfacet
  facet normal -0.980762 -0.195208 0
    outer loop
      vertex -8.31454 218.222 9.45
      vertex -8.35793 218.44 12.45
      vertex -8.35793 218.44 9.45
    endloop
  endfacet
  facet normal -0.980762 -0.195208 0
    outer loop
      vertex -8.35793 218.44 12.45
      vertex -8.31454 218.222 9.45
      vertex -8.31454 218.222 12.45
    endloop
  endfacet
  facet normal -0.997862 -0.0653555 0
    outer loop
      vertex -8.3 218 9.45
      vertex -8.31454 218.222 12.45
      vertex -8.31454 218.222 9.45
    endloop
  endfacet
  facet normal -0.997862 -0.0653555 0
    outer loop
      vertex -8.31454 218.222 12.45
      vertex -8.3 218 9.45
      vertex -8.3 218 12.45
    endloop
  endfacet
  facet normal 0.444696 -0.895681 0
    outer loop
      vertex -10.85 219.472 9.45
      vertex -10.6506 219.571 12.45
      vertex -10.85 219.472 12.45
    endloop
  endfacet
  facet normal 0.444696 -0.895681 0
    outer loop
      vertex -10.6506 219.571 12.45
      vertex -10.85 219.472 9.45
      vertex -10.6506 219.571 9.45
    endloop
  endfacet
  facet normal -0.553889 -0.83259 0
    outer loop
      vertex -9.15 219.472 9.45
      vertex -8.96511 219.349 12.45
      vertex -9.15 219.472 12.45
    endloop
  endfacet
  facet normal -0.553889 -0.83259 -0
    outer loop
      vertex -8.96511 219.349 12.45
      vertex -9.15 219.472 9.45
      vertex -8.96511 219.349 9.45
    endloop
  endfacet
  facet normal 0.660284 -0.751016 0
    outer loop
      vertex -11.2021 219.202 9.45
      vertex -11.0349 219.349 12.45
      vertex -11.2021 219.202 12.45
    endloop
  endfacet
  facet normal 0.660284 -0.751016 0
    outer loop
      vertex -11.0349 219.349 12.45
      vertex -11.2021 219.202 9.45
      vertex -11.0349 219.349 9.45
    endloop
  endfacet
  facet normal -0.319506 0.947584 0
    outer loop
      vertex -9.34944 216.429 9.45
      vertex -9.56001 216.358 12.45
      vertex -9.34944 216.429 12.45
    endloop
  endfacet
  facet normal -0.319506 0.947584 0
    outer loop
      vertex -9.56001 216.358 12.45
      vertex -9.34944 216.429 9.45
      vertex -9.56001 216.358 9.45
    endloop
  endfacet
  facet normal -0.831621 0.555343 0
    outer loop
      vertex -8.6513 216.965 9.45
      vertex -8.52776 217.15 12.45
      vertex -8.52776 217.15 9.45
    endloop
  endfacet
  facet normal -0.831621 0.555343 0
    outer loop
      vertex -8.52776 217.15 12.45
      vertex -8.6513 216.965 9.45
      vertex -8.6513 216.965 12.45
    endloop
  endfacet
  facet normal -0.947141 0.320816 0
    outer loop
      vertex -8.4294 217.349 9.45
      vertex -8.35793 217.56 12.45
      vertex -8.35793 217.56 9.45
    endloop
  endfacet
  facet normal -0.947141 0.320816 0
    outer loop
      vertex -8.35793 217.56 12.45
      vertex -8.4294 217.349 9.45
      vertex -8.4294 217.349 12.45
    endloop
  endfacet
  facet normal -0.319506 -0.947584 0
    outer loop
      vertex -9.56001 219.642 9.45
      vertex -9.34944 219.571 12.45
      vertex -9.56001 219.642 12.45
    endloop
  endfacet
  facet normal -0.319506 -0.947584 -0
    outer loop
      vertex -9.34944 219.571 12.45
      vertex -9.56001 219.642 9.45
      vertex -9.34944 219.571 9.45
    endloop
  endfacet
  facet normal -0.193442 -0.981112 0
    outer loop
      vertex -9.7781 219.685 9.45
      vertex -9.56001 219.642 12.45
      vertex -9.7781 219.685 12.45
    endloop
  endfacet
  facet normal -0.193442 -0.981112 -0
    outer loop
      vertex -9.56001 219.642 12.45
      vertex -9.7781 219.685 9.45
      vertex -9.56001 219.642 9.45
    endloop
  endfacet
  facet normal 0.553869 -0.832604 0
    outer loop
      vertex -11.0349 219.349 9.45
      vertex -10.85 219.472 12.45
      vertex -11.0349 219.349 12.45
    endloop
  endfacet
  facet normal 0.553869 -0.832604 0
    outer loop
      vertex -10.85 219.472 12.45
      vertex -11.0349 219.349 9.45
      vertex -10.85 219.472 9.45
    endloop
  endfacet
  facet normal -0.896472 0.4431 0
    outer loop
      vertex -8.52776 217.15 9.45
      vertex -8.4294 217.349 12.45
      vertex -8.4294 217.349 9.45
    endloop
  endfacet
  facet normal -0.896472 0.4431 0
    outer loop
      vertex -8.4294 217.349 12.45
      vertex -8.52776 217.15 9.45
      vertex -8.52776 217.15 12.45
    endloop
  endfacet
  facet normal -0.660306 -0.750997 0
    outer loop
      vertex -8.96511 219.349 9.45
      vertex -8.79792 219.202 12.45
      vertex -8.96511 219.349 12.45
    endloop
  endfacet
  facet normal -0.660306 -0.750997 -0
    outer loop
      vertex -8.79792 219.202 12.45
      vertex -8.96511 219.349 9.45
      vertex -8.79792 219.202 9.45
    endloop
  endfacet
  facet normal -0.553889 0.83259 0
    outer loop
      vertex -8.96511 216.651 9.45
      vertex -9.15 216.528 12.45
      vertex -8.96511 216.651 12.45
    endloop
  endfacet
  facet normal -0.553889 0.83259 0
    outer loop
      vertex -9.15 216.528 12.45
      vertex -8.96511 216.651 9.45
      vertex -9.15 216.528 9.45
    endloop
  endfacet
  facet normal -0.444625 -0.895717 0
    outer loop
      vertex -9.34944 219.571 9.45
      vertex -9.15 219.472 12.45
      vertex -9.34944 219.571 12.45
    endloop
  endfacet
  facet normal -0.444625 -0.895717 -0
    outer loop
      vertex -9.15 219.472 12.45
      vertex -9.34944 219.571 9.45
      vertex -9.15 219.472 9.45
    endloop
  endfacet
  facet normal 0.660284 0.751016 -0
    outer loop
      vertex -11.0349 216.651 9.45
      vertex -11.2021 216.798 12.45
      vertex -11.0349 216.651 12.45
    endloop
  endfacet
  facet normal 0.660284 0.751016 0
    outer loop
      vertex -11.2021 216.798 12.45
      vertex -11.0349 216.651 9.45
      vertex -11.2021 216.798 9.45
    endloop
  endfacet
  facet normal 0.751516 0.659714 0
    outer loop
      vertex -11.2021 216.798 12.45
      vertex -11.3487 216.965 9.45
      vertex -11.3487 216.965 12.45
    endloop
  endfacet
  facet normal 0.751516 0.659714 0
    outer loop
      vertex -11.3487 216.965 9.45
      vertex -11.2021 216.798 12.45
      vertex -11.2021 216.798 9.45
    endloop
  endfacet
  facet normal 0.831704 0.555219 0
    outer loop
      vertex -11.3487 216.965 12.45
      vertex -11.4722 217.15 9.45
      vertex -11.4722 217.15 12.45
    endloop
  endfacet
  facet normal 0.831704 0.555219 0
    outer loop
      vertex -11.4722 217.15 9.45
      vertex -11.3487 216.965 12.45
      vertex -11.3487 216.965 9.45
    endloop
  endfacet
  facet normal -0.831621 -0.555343 0
    outer loop
      vertex -8.52776 218.85 9.45
      vertex -8.6513 219.035 12.45
      vertex -8.6513 219.035 9.45
    endloop
  endfacet
  facet normal -0.831621 -0.555343 0
    outer loop
      vertex -8.6513 219.035 12.45
      vertex -8.52776 218.85 9.45
      vertex -8.52776 218.85 12.45
    endloop
  endfacet
  facet normal -0.193442 0.981112 0
    outer loop
      vertex -9.56001 216.358 9.45
      vertex -9.7781 216.315 12.45
      vertex -9.56001 216.358 12.45
    endloop
  endfacet
  facet normal -0.193442 0.981112 0
    outer loop
      vertex -9.7781 216.315 12.45
      vertex -9.56001 216.358 9.45
      vertex -9.7781 216.315 9.45
    endloop
  endfacet
  facet normal -0.980762 0.195208 0
    outer loop
      vertex -8.35793 217.56 9.45
      vertex -8.31454 217.778 12.45
      vertex -8.31454 217.778 9.45
    endloop
  endfacet
  facet normal -0.980762 0.195208 0
    outer loop
      vertex -8.31454 217.778 12.45
      vertex -8.35793 217.56 9.45
      vertex -8.35793 217.56 12.45
    endloop
  endfacet
  facet normal 0.947101 0.320937 0
    outer loop
      vertex -11.5706 217.349 12.45
      vertex -11.6421 217.56 9.45
      vertex -11.6421 217.56 12.45
    endloop
  endfacet
  facet normal 0.947101 0.320937 0
    outer loop
      vertex -11.6421 217.56 9.45
      vertex -11.5706 217.349 12.45
      vertex -11.5706 217.349 9.45
    endloop
  endfacet
  facet normal -0.444625 0.895717 0
    outer loop
      vertex -9.15 216.528 9.45
      vertex -9.34944 216.429 12.45
      vertex -9.15 216.528 12.45
    endloop
  endfacet
  facet normal -0.444625 0.895717 0
    outer loop
      vertex -9.34944 216.429 12.45
      vertex -9.15 216.528 9.45
      vertex -9.34944 216.429 9.45
    endloop
  endfacet
  facet normal -0.0674441 -0.997723 0
    outer loop
      vertex -10 219.7 9.45
      vertex -9.7781 219.685 12.45
      vertex -10 219.7 12.45
    endloop
  endfacet
  facet normal -0.0674441 -0.997723 -0
    outer loop
      vertex -9.7781 219.685 12.45
      vertex -10 219.7 9.45
      vertex -9.7781 219.685 9.45
    endloop
  endfacet
  facet normal 0.319466 -0.947598 0
    outer loop
      vertex -10.6506 219.571 9.45
      vertex -10.44 219.642 12.45
      vertex -10.6506 219.571 12.45
    endloop
  endfacet
  facet normal 0.319466 -0.947598 0
    outer loop
      vertex -10.44 219.642 12.45
      vertex -10.6506 219.571 9.45
      vertex -10.44 219.642 9.45
    endloop
  endfacet
  facet normal 0.193434 -0.981113 0
    outer loop
      vertex -10.44 219.642 9.45
      vertex -10.2219 219.685 12.45
      vertex -10.44 219.642 12.45
    endloop
  endfacet
  facet normal 0.193434 -0.981113 0
    outer loop
      vertex -10.2219 219.685 12.45
      vertex -10.44 219.642 9.45
      vertex -10.2219 219.685 9.45
    endloop
  endfacet
  facet normal -0.896472 -0.4431 0
    outer loop
      vertex -8.4294 218.651 9.45
      vertex -8.52776 218.85 12.45
      vertex -8.52776 218.85 9.45
    endloop
  endfacet
  facet normal -0.896472 -0.4431 0
    outer loop
      vertex -8.52776 218.85 12.45
      vertex -8.4294 218.651 9.45
      vertex -8.4294 218.651 12.45
    endloop
  endfacet
  facet normal -0.997862 0.0653555 0
    outer loop
      vertex -8.31454 217.778 9.45
      vertex -8.3 218 12.45
      vertex -8.3 218 9.45
    endloop
  endfacet
  facet normal -0.997862 0.0653555 0
    outer loop
      vertex -8.3 218 12.45
      vertex -8.31454 217.778 9.45
      vertex -8.31454 217.778 12.45
    endloop
  endfacet
  facet normal -0.0674441 0.997723 0
    outer loop
      vertex -9.7781 216.315 9.45
      vertex -10 216.3 12.45
      vertex -9.7781 216.315 12.45
    endloop
  endfacet
  facet normal -0.0674441 0.997723 0
    outer loop
      vertex -10 216.3 12.45
      vertex -9.7781 216.315 9.45
      vertex -10 216.3 9.45
    endloop
  endfacet
  facet normal -0.751472 -0.659765 0
    outer loop
      vertex -8.6513 219.035 9.45
      vertex -8.79792 219.202 12.45
      vertex -8.79792 219.202 9.45
    endloop
  endfacet
  facet normal -0.751472 -0.659765 0
    outer loop
      vertex -8.79792 219.202 12.45
      vertex -8.6513 219.035 9.45
      vertex -8.6513 219.035 12.45
    endloop
  endfacet
  facet normal 0.997874 0.0651764 0
    outer loop
      vertex -11.6855 217.778 12.45
      vertex -11.7 218 9.45
      vertex -11.7 218 12.45
    endloop
  endfacet
  facet normal 0.997874 0.0651764 0
    outer loop
      vertex -11.7 218 9.45
      vertex -11.6855 217.778 12.45
      vertex -11.6855 217.778 9.45
    endloop
  endfacet
  facet normal -0.751472 0.659765 0
    outer loop
      vertex -8.79792 216.798 9.45
      vertex -8.6513 216.965 12.45
      vertex -8.6513 216.965 9.45
    endloop
  endfacet
  facet normal -0.751472 0.659765 0
    outer loop
      vertex -8.6513 216.965 12.45
      vertex -8.79792 216.798 9.45
      vertex -8.79792 216.798 12.45
    endloop
  endfacet
  facet normal 0.751516 -0.659714 0
    outer loop
      vertex -11.3487 219.035 12.45
      vertex -11.2021 219.202 9.45
      vertex -11.2021 219.202 12.45
    endloop
  endfacet
  facet normal 0.751516 -0.659714 0
    outer loop
      vertex -11.2021 219.202 9.45
      vertex -11.3487 219.035 12.45
      vertex -11.3487 219.035 9.45
    endloop
  endfacet
  facet normal 0.831704 -0.555219 0
    outer loop
      vertex -11.4722 218.85 12.45
      vertex -11.3487 219.035 9.45
      vertex -11.3487 219.035 12.45
    endloop
  endfacet
  facet normal 0.831704 -0.555219 0
    outer loop
      vertex -11.3487 219.035 9.45
      vertex -11.4722 218.85 12.45
      vertex -11.4722 218.85 9.45
    endloop
  endfacet
  facet normal 0.0674441 -0.997723 0
    outer loop
      vertex -10.2219 219.685 9.45
      vertex -10 219.7 12.45
      vertex -10.2219 219.685 12.45
    endloop
  endfacet
  facet normal 0.0674441 -0.997723 0
    outer loop
      vertex -10 219.7 12.45
      vertex -10.2219 219.685 9.45
      vertex -10 219.7 9.45
    endloop
  endfacet
  facet normal 0.980753 0.195251 0
    outer loop
      vertex -11.6421 217.56 12.45
      vertex -11.6855 217.778 9.45
      vertex -11.6855 217.778 12.45
    endloop
  endfacet
  facet normal 0.980753 0.195251 0
    outer loop
      vertex -11.6855 217.778 9.45
      vertex -11.6421 217.56 12.45
      vertex -11.6421 217.56 9.45
    endloop
  endfacet
  facet normal 0.319466 0.947598 -0
    outer loop
      vertex -10.44 216.358 9.45
      vertex -10.6506 216.429 12.45
      vertex -10.44 216.358 12.45
    endloop
  endfacet
  facet normal 0.319466 0.947598 0
    outer loop
      vertex -10.6506 216.429 12.45
      vertex -10.44 216.358 9.45
      vertex -10.6506 216.429 9.45
    endloop
  endfacet
  facet normal -0.947141 -0.320816 0
    outer loop
      vertex -8.35793 218.44 9.45
      vertex -8.4294 218.651 12.45
      vertex -8.4294 218.651 9.45
    endloop
  endfacet
  facet normal -0.947141 -0.320816 0
    outer loop
      vertex -8.4294 218.651 12.45
      vertex -8.35793 218.44 9.45
      vertex -8.35793 218.44 12.45
    endloop
  endfacet
  facet normal 0.444696 0.895681 -0
    outer loop
      vertex -10.6506 216.429 9.45
      vertex -10.85 216.528 12.45
      vertex -10.6506 216.429 12.45
    endloop
  endfacet
  facet normal 0.444696 0.895681 0
    outer loop
      vertex -10.85 216.528 12.45
      vertex -10.6506 216.429 9.45
      vertex -10.85 216.528 9.45
    endloop
  endfacet
  facet normal 0.553869 0.832604 -0
    outer loop
      vertex -10.85 216.528 9.45
      vertex -11.0349 216.651 12.45
      vertex -10.85 216.528 12.45
    endloop
  endfacet
  facet normal 0.553869 0.832604 0
    outer loop
      vertex -11.0349 216.651 12.45
      vertex -10.85 216.528 9.45
      vertex -11.0349 216.651 9.45
    endloop
  endfacet
  facet normal 0.193434 0.981113 -0
    outer loop
      vertex -10.2219 216.315 9.45
      vertex -10.44 216.358 12.45
      vertex -10.2219 216.315 12.45
    endloop
  endfacet
  facet normal 0.193434 0.981113 0
    outer loop
      vertex -10.44 216.358 12.45
      vertex -10.2219 216.315 9.45
      vertex -10.44 216.358 9.45
    endloop
  endfacet
  facet normal 0.8964 -0.443245 0
    outer loop
      vertex -11.5706 218.651 12.45
      vertex -11.4722 218.85 9.45
      vertex -11.4722 218.85 12.45
    endloop
  endfacet
  facet normal 0.8964 -0.443245 0
    outer loop
      vertex -11.4722 218.85 9.45
      vertex -11.5706 218.651 12.45
      vertex -11.5706 218.651 9.45
    endloop
  endfacet
  facet normal 0.0674441 0.997723 -0
    outer loop
      vertex -10 216.3 9.45
      vertex -10.2219 216.315 12.45
      vertex -10 216.3 12.45
    endloop
  endfacet
  facet normal 0.0674441 0.997723 0
    outer loop
      vertex -10.2219 216.315 12.45
      vertex -10 216.3 9.45
      vertex -10.2219 216.315 9.45
    endloop
  endfacet
  facet normal 0.8964 0.443245 0
    outer loop
      vertex -11.4722 217.15 12.45
      vertex -11.5706 217.349 9.45
      vertex -11.5706 217.349 12.45
    endloop
  endfacet
  facet normal 0.8964 0.443245 0
    outer loop
      vertex -11.5706 217.349 9.45
      vertex -11.4722 217.15 12.45
      vertex -11.4722 217.15 9.45
    endloop
  endfacet
  facet normal 0.997874 -0.0651764 0
    outer loop
      vertex -11.7 218 12.45
      vertex -11.6855 218.222 9.45
      vertex -11.6855 218.222 12.45
    endloop
  endfacet
  facet normal 0.997874 -0.0651764 0
    outer loop
      vertex -11.6855 218.222 9.45
      vertex -11.7 218 12.45
      vertex -11.7 218 9.45
    endloop
  endfacet
  facet normal 0.980753 -0.195251 0
    outer loop
      vertex -11.6855 218.222 12.45
      vertex -11.6421 218.44 9.45
      vertex -11.6421 218.44 12.45
    endloop
  endfacet
  facet normal 0.980753 -0.195251 0
    outer loop
      vertex -11.6421 218.44 9.45
      vertex -11.6855 218.222 12.45
      vertex -11.6855 218.222 9.45
    endloop
  endfacet
  facet normal 0.947101 -0.320937 0
    outer loop
      vertex -11.6421 218.44 12.45
      vertex -11.5706 218.651 9.45
      vertex -11.5706 218.651 12.45
    endloop
  endfacet
  facet normal 0.947101 -0.320937 0
    outer loop
      vertex -11.5706 218.651 9.45
      vertex -11.6421 218.44 12.45
      vertex -11.6421 218.44 9.45
    endloop
  endfacet
  facet normal -0.660306 0.750997 0
    outer loop
      vertex -8.79792 216.798 9.45
      vertex -8.96511 216.651 12.45
      vertex -8.79792 216.798 12.45
    endloop
  endfacet
  facet normal -0.660306 0.750997 0
    outer loop
      vertex -8.96511 216.651 12.45
      vertex -8.79792 216.798 9.45
      vertex -8.96511 216.651 9.45
    endloop
  endfacet
  facet normal 0 0 -1
    outer loop
      vertex -8.3 218 9.45
      vertex -6.5 218 9.45
      vertex -6.52994 217.543 9.45
    endloop
  endfacet
  facet normal 0 0 -1
    outer loop
      vertex -8.31454 217.778 9.45
      vertex -6.52994 217.543 9.45
      vertex -6.61926 217.094 9.45
    endloop
  endfacet
  facet normal 0 0 -1
    outer loop
      vertex -6.5 218 9.45
      vertex -8.3 218 9.45
      vertex -6.52994 218.457 9.45
    endloop
  endfacet
  facet normal 0 0 -1
    outer loop
      vertex -8.35793 217.56 9.45
      vertex -6.61926 217.094 9.45
      vertex -6.76642 216.661 9.45
    endloop
  endfacet
  facet normal 0 0 -1
    outer loop
      vertex -8.31454 218.222 9.45
      vertex -6.52994 218.457 9.45
      vertex -8.3 218 9.45
    endloop
  endfacet
  facet normal 0 0 -1
    outer loop
      vertex -8.4294 217.349 9.45
      vertex -6.76642 216.661 9.45
      vertex -6.96891 216.25 9.45
    endloop
  endfacet
  facet normal -0 0 -1
    outer loop
      vertex -6.52994 218.457 9.45
      vertex -8.31454 218.222 9.45
      vertex -6.61926 218.906 9.45
    endloop
  endfacet
  facet normal 0 0 -1
    outer loop
      vertex -8.52776 217.15 9.45
      vertex -6.96891 216.25 9.45
      vertex -7.22326 215.869 9.45
    endloop
  endfacet
  facet normal 0 0 -1
    outer loop
      vertex -8.35793 218.44 9.45
      vertex -6.61926 218.906 9.45
      vertex -8.31454 218.222 9.45
    endloop
  endfacet
  facet normal 0 0 -1
    outer loop
      vertex -8.6513 216.965 9.45
      vertex -7.22326 215.869 9.45
      vertex -7.52513 215.525 9.45
    endloop
  endfacet
  facet normal -0 0 -1
    outer loop
      vertex -6.61926 218.906 9.45
      vertex -8.35793 218.44 9.45
      vertex -6.76642 219.339 9.45
    endloop
  endfacet
  facet normal 0 0 -1
    outer loop
      vertex -8.79792 216.798 9.45
      vertex -7.52513 215.525 9.45
      vertex -7.86933 215.223 9.45
    endloop
  endfacet
  facet normal 0 0 -1
    outer loop
      vertex -8.4294 218.651 9.45
      vertex -6.76642 219.339 9.45
      vertex -8.35793 218.44 9.45
    endloop
  endfacet
  facet normal 0 0 -1
    outer loop
      vertex -8.96511 216.651 9.45
      vertex -7.86933 215.223 9.45
      vertex -8.25 214.969 9.45
    endloop
  endfacet
  facet normal -0 0 -1
    outer loop
      vertex -6.76642 219.339 9.45
      vertex -8.4294 218.651 9.45
      vertex -6.96891 219.75 9.45
    endloop
  endfacet
  facet normal 0 0 -1
    outer loop
      vertex -8.52776 218.85 9.45
      vertex -6.96891 219.75 9.45
      vertex -8.4294 218.651 9.45
    endloop
  endfacet
  facet normal 0 0 -1
    outer loop
      vertex -6.52994 217.543 9.45
      vertex -8.31454 217.778 9.45
      vertex -8.3 218 9.45
    endloop
  endfacet
  facet normal 0 0 -1
    outer loop
      vertex -6.61926 217.094 9.45
      vertex -8.35793 217.56 9.45
      vertex -8.31454 217.778 9.45
    endloop
  endfacet
  facet normal 0 0 -1
    outer loop
      vertex -6.76642 216.661 9.45
      vertex -8.4294 217.349 9.45
      vertex -8.35793 217.56 9.45
    endloop
  endfacet
  facet normal 0 0 -1
    outer loop
      vertex -6.96891 216.25 9.45
      vertex -8.52776 217.15 9.45
      vertex -8.4294 217.349 9.45
    endloop
  endfacet
  facet normal 0 0 -1
    outer loop
      vertex -7.22326 215.869 9.45
      vertex -8.6513 216.965 9.45
      vertex -8.52776 217.15 9.45
    endloop
  endfacet
  facet normal 0 0 -1
    outer loop
      vertex -9.15 216.528 9.45
      vertex -8.25 214.969 9.45
      vertex -8.66061 214.766 9.45
    endloop
  endfacet
  facet normal 0 0 -1
    outer loop
      vertex -7.52513 215.525 9.45
      vertex -8.79792 216.798 9.45
      vertex -8.6513 216.965 9.45
    endloop
  endfacet
  facet normal 0 0 -1
    outer loop
      vertex -7.86933 215.223 9.45
      vertex -8.96511 216.651 9.45
      vertex -8.79792 216.798 9.45
    endloop
  endfacet
  facet normal 0 0 -1
    outer loop
      vertex -9.34944 216.429 9.45
      vertex -8.66061 214.766 9.45
      vertex -9.09413 214.619 9.45
    endloop
  endfacet
  facet normal 0 0 -1
    outer loop
      vertex -8.25 214.969 9.45
      vertex -9.15 216.528 9.45
      vertex -8.96511 216.651 9.45
    endloop
  endfacet
  facet normal 0 0 -1
    outer loop
      vertex -8.66061 214.766 9.45
      vertex -9.34944 216.429 9.45
      vertex -9.15 216.528 9.45
    endloop
  endfacet
  facet normal 0 0 -1
    outer loop
      vertex -9.56001 216.358 9.45
      vertex -9.09413 214.619 9.45
      vertex -9.54316 214.53 9.45
    endloop
  endfacet
  facet normal 0 0 -1
    outer loop
      vertex -9.09413 214.619 9.45
      vertex -9.56001 216.358 9.45
      vertex -9.34944 216.429 9.45
    endloop
  endfacet
  facet normal 0 0 -1
    outer loop
      vertex -9.54316 214.53 9.45
      vertex -9.7781 216.315 9.45
      vertex -9.56001 216.358 9.45
    endloop
  endfacet
  facet normal 0 0 -1
    outer loop
      vertex -10 214.5 9.45
      vertex -9.7781 216.315 9.45
      vertex -9.54316 214.53 9.45
    endloop
  endfacet
  facet normal 0 0 -1
    outer loop
      vertex -10 214.5 9.45
      vertex -10 216.3 9.45
      vertex -9.7781 216.315 9.45
    endloop
  endfacet
  facet normal 0 0 -1
    outer loop
      vertex -10 214.5 9.45
      vertex -10.2219 216.315 9.45
      vertex -10 216.3 9.45
    endloop
  endfacet
  facet normal 0 0 -1
    outer loop
      vertex -10.4568 214.53 9.45
      vertex -10.2219 216.315 9.45
      vertex -10 214.5 9.45
    endloop
  endfacet
  facet normal -0 0 -1
    outer loop
      vertex -10.2219 216.315 9.45
      vertex -10.4568 214.53 9.45
      vertex -10.44 216.358 9.45
    endloop
  endfacet
  facet normal 0 0 -1
    outer loop
      vertex -10.9059 214.619 9.45
      vertex -10.44 216.358 9.45
      vertex -10.4568 214.53 9.45
    endloop
  endfacet
  facet normal -0 0 -1
    outer loop
      vertex -10.44 216.358 9.45
      vertex -10.9059 214.619 9.45
      vertex -10.6506 216.429 9.45
    endloop
  endfacet
  facet normal 0 0 -1
    outer loop
      vertex -11.3394 214.766 9.45
      vertex -10.6506 216.429 9.45
      vertex -10.9059 214.619 9.45
    endloop
  endfacet
  facet normal -0 0 -1
    outer loop
      vertex -10.6506 216.429 9.45
      vertex -11.3394 214.766 9.45
      vertex -10.85 216.528 9.45
    endloop
  endfacet
  facet normal 0 0 -1
    outer loop
      vertex -11.75 214.969 9.45
      vertex -10.85 216.528 9.45
      vertex -11.3394 214.766 9.45
    endloop
  endfacet
  facet normal -0 0 -1
    outer loop
      vertex -10.85 216.528 9.45
      vertex -11.75 214.969 9.45
      vertex -11.0349 216.651 9.45
    endloop
  endfacet
  facet normal 0 0 -1
    outer loop
      vertex -12.1307 215.223 9.45
      vertex -11.0349 216.651 9.45
      vertex -11.75 214.969 9.45
    endloop
  endfacet
  facet normal -0 0 -1
    outer loop
      vertex -11.0349 216.651 9.45
      vertex -12.1307 215.223 9.45
      vertex -11.2021 216.798 9.45
    endloop
  endfacet
  facet normal 0 0 -1
    outer loop
      vertex -12.4749 215.525 9.45
      vertex -11.2021 216.798 9.45
      vertex -12.1307 215.223 9.45
    endloop
  endfacet
  facet normal -0 0 -1
    outer loop
      vertex -11.2021 216.798 9.45
      vertex -12.4749 215.525 9.45
      vertex -11.3487 216.965 9.45
    endloop
  endfacet
  facet normal 0 0 -1
    outer loop
      vertex -12.7767 215.869 9.45
      vertex -11.3487 216.965 9.45
      vertex -12.4749 215.525 9.45
    endloop
  endfacet
  facet normal 0 0 -1
    outer loop
      vertex -13.0311 216.25 9.45
      vertex -11.4722 217.15 9.45
      vertex -12.7767 215.869 9.45
    endloop
  endfacet
  facet normal -0 0 -1
    outer loop
      vertex -11.3487 216.965 9.45
      vertex -12.7767 215.869 9.45
      vertex -11.4722 217.15 9.45
    endloop
  endfacet
  facet normal -0 0 -1
    outer loop
      vertex -6.96891 219.75 9.45
      vertex -8.52776 218.85 9.45
      vertex -7.22326 220.131 9.45
    endloop
  endfacet
  facet normal 0 0 -1
    outer loop
      vertex -8.6513 219.035 9.45
      vertex -7.22326 220.131 9.45
      vertex -8.52776 218.85 9.45
    endloop
  endfacet
  facet normal -0 0 -1
    outer loop
      vertex -7.22326 220.131 9.45
      vertex -8.6513 219.035 9.45
      vertex -7.52513 220.475 9.45
    endloop
  endfacet
  facet normal 0 0 -1
    outer loop
      vertex -8.79792 219.202 9.45
      vertex -7.52513 220.475 9.45
      vertex -8.6513 219.035 9.45
    endloop
  endfacet
  facet normal -0 0 -1
    outer loop
      vertex -7.52513 220.475 9.45
      vertex -8.79792 219.202 9.45
      vertex -7.86933 220.777 9.45
    endloop
  endfacet
  facet normal 0 0 -1
    outer loop
      vertex -8.96511 219.349 9.45
      vertex -7.86933 220.777 9.45
      vertex -8.79792 219.202 9.45
    endloop
  endfacet
  facet normal -0 0 -1
    outer loop
      vertex -7.86933 220.777 9.45
      vertex -8.96511 219.349 9.45
      vertex -8.25 221.031 9.45
    endloop
  endfacet
  facet normal 0 0 -1
    outer loop
      vertex -9.15 219.472 9.45
      vertex -8.25 221.031 9.45
      vertex -8.96511 219.349 9.45
    endloop
  endfacet
  facet normal -0 0 -1
    outer loop
      vertex -8.25 221.031 9.45
      vertex -9.15 219.472 9.45
      vertex -8.66061 221.234 9.45
    endloop
  endfacet
  facet normal 0 0 -1
    outer loop
      vertex -9.34944 219.571 9.45
      vertex -8.66061 221.234 9.45
      vertex -9.15 219.472 9.45
    endloop
  endfacet
  facet normal -0 0 -1
    outer loop
      vertex -8.66061 221.234 9.45
      vertex -9.34944 219.571 9.45
      vertex -9.09413 221.381 9.45
    endloop
  endfacet
  facet normal 0 0 -1
    outer loop
      vertex -9.56001 219.642 9.45
      vertex -9.09413 221.381 9.45
      vertex -9.34944 219.571 9.45
    endloop
  endfacet
  facet normal -0 0 -1
    outer loop
      vertex -9.09413 221.381 9.45
      vertex -9.56001 219.642 9.45
      vertex -9.54316 221.47 9.45
    endloop
  endfacet
  facet normal 0 0 -1
    outer loop
      vertex -9.7781 219.685 9.45
      vertex -9.54316 221.47 9.45
      vertex -9.56001 219.642 9.45
    endloop
  endfacet
  facet normal 0 0 -1
    outer loop
      vertex -10 219.7 9.45
      vertex -9.54316 221.47 9.45
      vertex -9.7781 219.685 9.45
    endloop
  endfacet
  facet normal 0 0 -1
    outer loop
      vertex -10 219.7 9.45
      vertex -10 221.5 9.45
      vertex -9.54316 221.47 9.45
    endloop
  endfacet
  facet normal 0 0 -1
    outer loop
      vertex -10.2219 219.685 9.45
      vertex -10 221.5 9.45
      vertex -10 219.7 9.45
    endloop
  endfacet
  facet normal 0 0 -1
    outer loop
      vertex -10.4568 221.47 9.45
      vertex -10.2219 219.685 9.45
      vertex -10.44 219.642 9.45
    endloop
  endfacet
  facet normal 0 0 -1
    outer loop
      vertex -10.2219 219.685 9.45
      vertex -10.4568 221.47 9.45
      vertex -10 221.5 9.45
    endloop
  endfacet
  facet normal 0 0 -1
    outer loop
      vertex -10.9059 221.381 9.45
      vertex -10.44 219.642 9.45
      vertex -10.6506 219.571 9.45
    endloop
  endfacet
  facet normal 0 0 -1
    outer loop
      vertex -11.3394 221.234 9.45
      vertex -10.6506 219.571 9.45
      vertex -10.85 219.472 9.45
    endloop
  endfacet
  facet normal 0 0 -1
    outer loop
      vertex -10.44 219.642 9.45
      vertex -10.9059 221.381 9.45
      vertex -10.4568 221.47 9.45
    endloop
  endfacet
  facet normal 0 0 -1
    outer loop
      vertex -11.75 221.031 9.45
      vertex -10.85 219.472 9.45
      vertex -11.0349 219.349 9.45
    endloop
  endfacet
  facet normal 0 0 -1
    outer loop
      vertex -12.1307 220.777 9.45
      vertex -11.0349 219.349 9.45
      vertex -11.2021 219.202 9.45
    endloop
  endfacet
  facet normal 0 0 -1
    outer loop
      vertex -10.6506 219.571 9.45
      vertex -11.3394 221.234 9.45
      vertex -10.9059 221.381 9.45
    endloop
  endfacet
  facet normal 0 0 -1
    outer loop
      vertex -12.4749 220.475 9.45
      vertex -11.2021 219.202 9.45
      vertex -11.3487 219.035 9.45
    endloop
  endfacet
  facet normal 0 0 -1
    outer loop
      vertex -12.7767 220.131 9.45
      vertex -11.3487 219.035 9.45
      vertex -11.4722 218.85 9.45
    endloop
  endfacet
  facet normal 0 0 -1
    outer loop
      vertex -13.0311 219.75 9.45
      vertex -11.4722 218.85 9.45
      vertex -11.5706 218.651 9.45
    endloop
  endfacet
  facet normal 0 0 -1
    outer loop
      vertex -13.2336 219.339 9.45
      vertex -11.5706 218.651 9.45
      vertex -11.6421 218.44 9.45
    endloop
  endfacet
  facet normal 0 0 -1
    outer loop
      vertex -13.3807 218.906 9.45
      vertex -11.6421 218.44 9.45
      vertex -11.6855 218.222 9.45
    endloop
  endfacet
  facet normal 0 0 -1
    outer loop
      vertex -10.85 219.472 9.45
      vertex -11.75 221.031 9.45
      vertex -11.3394 221.234 9.45
    endloop
  endfacet
  facet normal 0 0 -1
    outer loop
      vertex -13.4701 218.457 9.45
      vertex -11.6855 218.222 9.45
      vertex -11.7 218 9.45
    endloop
  endfacet
  facet normal -0 0 -1
    outer loop
      vertex -11.4722 217.15 9.45
      vertex -13.0311 216.25 9.45
      vertex -11.5706 217.349 9.45
    endloop
  endfacet
  facet normal 0 0 -1
    outer loop
      vertex -13.2336 216.661 9.45
      vertex -11.5706 217.349 9.45
      vertex -13.0311 216.25 9.45
    endloop
  endfacet
  facet normal 0 0 -1
    outer loop
      vertex -11.0349 219.349 9.45
      vertex -12.1307 220.777 9.45
      vertex -11.75 221.031 9.45
    endloop
  endfacet
  facet normal -0 0 -1
    outer loop
      vertex -11.5706 217.349 9.45
      vertex -13.2336 216.661 9.45
      vertex -11.6421 217.56 9.45
    endloop
  endfacet
  facet normal 0 0 -1
    outer loop
      vertex -11.2021 219.202 9.45
      vertex -12.4749 220.475 9.45
      vertex -12.1307 220.777 9.45
    endloop
  endfacet
  facet normal 0 0 -1
    outer loop
      vertex -13.3807 217.094 9.45
      vertex -11.6421 217.56 9.45
      vertex -13.2336 216.661 9.45
    endloop
  endfacet
  facet normal 0 0 -1
    outer loop
      vertex -11.3487 219.035 9.45
      vertex -12.7767 220.131 9.45
      vertex -12.4749 220.475 9.45
    endloop
  endfacet
  facet normal -0 0 -1
    outer loop
      vertex -11.6421 217.56 9.45
      vertex -13.3807 217.094 9.45
      vertex -11.6855 217.778 9.45
    endloop
  endfacet
  facet normal 0 0 -1
    outer loop
      vertex -11.4722 218.85 9.45
      vertex -13.0311 219.75 9.45
      vertex -12.7767 220.131 9.45
    endloop
  endfacet
  facet normal 0 0 -1
    outer loop
      vertex -13.4701 217.543 9.45
      vertex -11.6855 217.778 9.45
      vertex -13.3807 217.094 9.45
    endloop
  endfacet
  facet normal 0 0 -1
    outer loop
      vertex -11.5706 218.651 9.45
      vertex -13.2336 219.339 9.45
      vertex -13.0311 219.75 9.45
    endloop
  endfacet
  facet normal -0 0 -1
    outer loop
      vertex -11.6855 217.778 9.45
      vertex -13.4701 217.543 9.45
      vertex -11.7 218 9.45
    endloop
  endfacet
  facet normal 0 0 -1
    outer loop
      vertex -11.6421 218.44 9.45
      vertex -13.3807 218.906 9.45
      vertex -13.2336 219.339 9.45
    endloop
  endfacet
  facet normal 0 0 -1
    outer loop
      vertex -13.5 218 9.45
      vertex -11.7 218 9.45
      vertex -13.4701 217.543 9.45
    endloop
  endfacet
  facet normal 0 0 -1
    outer loop
      vertex -11.6855 218.222 9.45
      vertex -13.4701 218.457 9.45
      vertex -13.3807 218.906 9.45
    endloop
  endfacet
  facet normal 0 0 -1
    outer loop
      vertex -11.7 218 9.45
      vertex -13.5 218 9.45
      vertex -13.4701 218.457 9.45
    endloop
  endfacet
  facet normal -0.0655274 -0.997851 0
    outer loop
      vertex -10 221.5 0
      vertex -9.54316 221.47 9.45
      vertex -10 221.5 9.45
    endloop
  endfacet
  facet normal -0.0655274 -0.997851 -0
    outer loop
      vertex -9.54316 221.47 9.45
      vertex -10 221.5 0
      vertex -9.54316 221.47 0
    endloop
  endfacet
  facet normal -0.194423 0.980918 0
    outer loop
      vertex -9.09413 214.619 0
      vertex -9.54316 214.53 9.45
      vertex -9.09413 214.619 9.45
    endloop
  endfacet
  facet normal -0.194423 0.980918 0
    outer loop
      vertex -9.54316 214.53 9.45
      vertex -9.09413 214.619 0
      vertex -9.54316 214.53 0
    endloop
  endfacet
  facet normal -0.443183 -0.896431 0
    outer loop
      vertex -8.66061 221.234 0
      vertex -8.25 221.031 9.45
      vertex -8.66061 221.234 9.45
    endloop
  endfacet
  facet normal -0.443183 -0.896431 -0
    outer loop
      vertex -8.25 221.031 9.45
      vertex -8.66061 221.234 0
      vertex -8.25 221.031 0
    endloop
  endfacet
  facet normal -0.831697 -0.555229 0
    outer loop
      vertex -6.96891 219.75 0
      vertex -7.22326 220.131 9.45
      vertex -7.22326 220.131 0
    endloop
  endfacet
  facet normal -0.831697 -0.555229 0
    outer loop
      vertex -7.22326 220.131 9.45
      vertex -6.96891 219.75 0
      vertex -6.96891 219.75 9.45
    endloop
  endfacet
  facet normal 0.443192 0.896427 -0
    outer loop
      vertex -11.3394 214.766 0
      vertex -11.75 214.969 9.45
      vertex -11.3394 214.766 9.45
    endloop
  endfacet
  facet normal 0.443192 0.896427 0
    outer loop
      vertex -11.75 214.969 9.45
      vertex -11.3394 214.766 0
      vertex -11.75 214.969 0
    endloop
  endfacet
  facet normal -0.980782 0.195108 0
    outer loop
      vertex -6.61926 217.094 0
      vertex -6.52994 217.543 9.45
      vertex -6.52994 217.543 0
    endloop
  endfacet
  facet normal -0.980782 0.195108 0
    outer loop
      vertex -6.52994 217.543 9.45
      vertex -6.61926 217.094 0
      vertex -6.61926 217.094 9.45
    endloop
  endfacet
  facet normal -0.751634 -0.659581 0
    outer loop
      vertex -7.22326 220.131 0
      vertex -7.52513 220.475 9.45
      vertex -7.52513 220.475 0
    endloop
  endfacet
  facet normal -0.751634 -0.659581 0
    outer loop
      vertex -7.52513 220.475 9.45
      vertex -7.22326 220.131 0
      vertex -7.22326 220.131 9.45
    endloop
  endfacet
  facet normal 0.659524 0.751683 -0
    outer loop
      vertex -12.1307 215.223 0
      vertex -12.4749 215.525 9.45
      vertex -12.1307 215.223 9.45
    endloop
  endfacet
  facet normal 0.659524 0.751683 0
    outer loop
      vertex -12.4749 215.525 9.45
      vertex -12.1307 215.223 0
      vertex -12.4749 215.525 0
    endloop
  endfacet
  facet normal -0.946813 0.321785 0
    outer loop
      vertex -6.76642 216.661 0
      vertex -6.61926 217.094 9.45
      vertex -6.61926 217.094 0
    endloop
  endfacet
  facet normal -0.946813 0.321785 0
    outer loop
      vertex -6.61926 217.094 9.45
      vertex -6.76642 216.661 0
      vertex -6.76642 216.661 9.45
    endloop
  endfacet
  facet normal -0.443183 0.896431 0
    outer loop
      vertex -8.25 214.969 0
      vertex -8.66061 214.766 9.45
      vertex -8.25 214.969 9.45
    endloop
  endfacet
  facet normal -0.443183 0.896431 0
    outer loop
      vertex -8.66061 214.766 9.45
      vertex -8.25 214.969 0
      vertex -8.66061 214.766 0
    endloop
  endfacet
  facet normal -0.980782 -0.195108 0
    outer loop
      vertex -6.52994 218.457 0
      vertex -6.61926 218.906 9.45
      vertex -6.61926 218.906 0
    endloop
  endfacet
  facet normal -0.980782 -0.195108 0
    outer loop
      vertex -6.61926 218.906 9.45
      vertex -6.52994 218.457 0
      vertex -6.52994 218.457 9.45
    endloop
  endfacet
  facet normal -0.321126 -0.947037 0
    outer loop
      vertex -9.09413 221.381 0
      vertex -8.66061 221.234 9.45
      vertex -9.09413 221.381 9.45
    endloop
  endfacet
  facet normal -0.321126 -0.947037 -0
    outer loop
      vertex -8.66061 221.234 9.45
      vertex -9.09413 221.381 0
      vertex -8.66061 221.234 0
    endloop
  endfacet
  facet normal -0.0655274 0.997851 0
    outer loop
      vertex -9.54316 214.53 0
      vertex -10 214.5 9.45
      vertex -9.54316 214.53 9.45
    endloop
  endfacet
  facet normal -0.0655274 0.997851 0
    outer loop
      vertex -10 214.5 9.45
      vertex -9.54316 214.53 0
      vertex -10 214.5 0
    endloop
  endfacet
  facet normal 0.0655331 -0.99785 0
    outer loop
      vertex -10.4568 221.47 0
      vertex -10 221.5 9.45
      vertex -10.4568 221.47 9.45
    endloop
  endfacet
  facet normal 0.0655331 -0.99785 0
    outer loop
      vertex -10 221.5 9.45
      vertex -10.4568 221.47 0
      vertex -10 221.5 0
    endloop
  endfacet
  facet normal 0.997867 0.0652871 0
    outer loop
      vertex -13.4701 217.543 9.45
      vertex -13.5 218 0
      vertex -13.5 218 9.45
    endloop
  endfacet
  facet normal 0.997867 0.0652871 0
    outer loop
      vertex -13.5 218 0
      vertex -13.4701 217.543 9.45
      vertex -13.4701 217.543 0
    endloop
  endfacet
  facet normal -0.555033 -0.831828 0
    outer loop
      vertex -8.25 221.031 0
      vertex -7.86933 220.777 9.45
      vertex -8.25 221.031 9.45
    endloop
  endfacet
  facet normal -0.555033 -0.831828 -0
    outer loop
      vertex -7.86933 220.777 9.45
      vertex -8.25 221.031 0
      vertex -7.86933 220.777 0
    endloop
  endfacet
  facet normal -0.659524 0.751683 0
    outer loop
      vertex -7.52513 215.525 0
      vertex -7.86933 215.223 9.45
      vertex -7.52513 215.525 9.45
    endloop
  endfacet
  facet normal -0.659524 0.751683 0
    outer loop
      vertex -7.86933 215.223 9.45
      vertex -7.52513 215.525 0
      vertex -7.86933 215.223 0
    endloop
  endfacet
  facet normal 0.946853 0.321668 0
    outer loop
      vertex -13.2336 216.661 9.45
      vertex -13.3807 217.094 0
      vertex -13.3807 217.094 9.45
    endloop
  endfacet
  facet normal 0.946853 0.321668 0
    outer loop
      vertex -13.3807 217.094 0
      vertex -13.2336 216.661 9.45
      vertex -13.2336 216.661 0
    endloop
  endfacet
  facet normal -0.997861 -0.0653741 0
    outer loop
      vertex -6.5 218 0
      vertex -6.52994 218.457 9.45
      vertex -6.52994 218.457 0
    endloop
  endfacet
  facet normal -0.997861 -0.0653741 0
    outer loop
      vertex -6.52994 218.457 9.45
      vertex -6.5 218 0
      vertex -6.5 218 9.45
    endloop
  endfacet
  facet normal 0.897031 0.441968 0
    outer loop
      vertex -13.0311 216.25 9.45
      vertex -13.2336 216.661 0
      vertex -13.2336 216.661 9.45
    endloop
  endfacet
  facet normal 0.897031 0.441968 0
    outer loop
      vertex -13.2336 216.661 0
      vertex -13.0311 216.25 9.45
      vertex -13.0311 216.25 0
    endloop
  endfacet
  facet normal -0.997861 0.0653741 0
    outer loop
      vertex -6.52994 217.543 0
      vertex -6.5 218 9.45
      vertex -6.5 218 0
    endloop
  endfacet
  facet normal -0.997861 0.0653741 0
    outer loop
      vertex -6.5 218 9.45
      vertex -6.52994 217.543 0
      vertex -6.52994 217.543 9.45
    endloop
  endfacet
  facet normal 0.194394 0.980924 -0
    outer loop
      vertex -10.4568 214.53 0
      vertex -10.9059 214.619 9.45
      vertex -10.4568 214.53 9.45
    endloop
  endfacet
  facet normal 0.194394 0.980924 0
    outer loop
      vertex -10.9059 214.619 9.45
      vertex -10.4568 214.53 0
      vertex -10.9059 214.619 0
    endloop
  endfacet
  facet normal 0.75171 0.659494 0
    outer loop
      vertex -12.4749 215.525 9.45
      vertex -12.7767 215.869 0
      vertex -12.7767 215.869 9.45
    endloop
  endfacet
  facet normal 0.75171 0.659494 0
    outer loop
      vertex -12.7767 215.869 0
      vertex -12.4749 215.525 9.45
      vertex -12.4749 215.525 0
    endloop
  endfacet
  facet normal 0.443192 -0.896427 0
    outer loop
      vertex -11.75 221.031 0
      vertex -11.3394 221.234 9.45
      vertex -11.75 221.031 9.45
    endloop
  endfacet
  facet normal 0.443192 -0.896427 0
    outer loop
      vertex -11.3394 221.234 9.45
      vertex -11.75 221.031 0
      vertex -11.3394 221.234 0
    endloop
  endfacet
  facet normal -0.321126 0.947037 0
    outer loop
      vertex -8.66061 214.766 0
      vertex -9.09413 214.619 9.45
      vertex -8.66061 214.766 9.45
    endloop
  endfacet
  facet normal -0.321126 0.947037 0
    outer loop
      vertex -9.09413 214.619 9.45
      vertex -8.66061 214.766 0
      vertex -9.09413 214.619 0
    endloop
  endfacet
  facet normal -0.194423 -0.980918 0
    outer loop
      vertex -9.54316 221.47 0
      vertex -9.09413 221.381 9.45
      vertex -9.54316 221.47 9.45
    endloop
  endfacet
  facet normal -0.194423 -0.980918 -0
    outer loop
      vertex -9.09413 221.381 9.45
      vertex -9.54316 221.47 0
      vertex -9.09413 221.381 0
    endloop
  endfacet
  facet normal -0.831697 0.555229 0
    outer loop
      vertex -7.22326 215.869 0
      vertex -6.96891 216.25 9.45
      vertex -6.96891 216.25 0
    endloop
  endfacet
  facet normal -0.831697 0.555229 0
    outer loop
      vertex -6.96891 216.25 9.45
      vertex -7.22326 215.869 0
      vertex -7.22326 215.869 9.45
    endloop
  endfacet
  facet normal -0.89704 0.44195 0
    outer loop
      vertex -6.96891 216.25 0
      vertex -6.76642 216.661 9.45
      vertex -6.76642 216.661 0
    endloop
  endfacet
  facet normal -0.89704 0.44195 0
    outer loop
      vertex -6.76642 216.661 9.45
      vertex -6.96891 216.25 0
      vertex -6.96891 216.25 9.45
    endloop
  endfacet
  facet normal 0.897031 -0.441968 0
    outer loop
      vertex -13.2336 219.339 9.45
      vertex -13.0311 219.75 0
      vertex -13.0311 219.75 9.45
    endloop
  endfacet
  facet normal 0.897031 -0.441968 0
    outer loop
      vertex -13.0311 219.75 0
      vertex -13.2336 219.339 9.45
      vertex -13.2336 219.339 0
    endloop
  endfacet
  facet normal 0.321139 -0.947032 0
    outer loop
      vertex -11.3394 221.234 0
      vertex -10.9059 221.381 9.45
      vertex -11.3394 221.234 9.45
    endloop
  endfacet
  facet normal 0.321139 -0.947032 0
    outer loop
      vertex -10.9059 221.381 9.45
      vertex -11.3394 221.234 0
      vertex -10.9059 221.381 0
    endloop
  endfacet
  facet normal -0.946813 -0.321785 0
    outer loop
      vertex -6.61926 218.906 0
      vertex -6.76642 219.339 9.45
      vertex -6.76642 219.339 0
    endloop
  endfacet
  facet normal -0.946813 -0.321785 0
    outer loop
      vertex -6.76642 219.339 9.45
      vertex -6.61926 218.906 0
      vertex -6.61926 218.906 9.45
    endloop
  endfacet
  facet normal 0.555003 -0.831849 0
    outer loop
      vertex -12.1307 220.777 0
      vertex -11.75 221.031 9.45
      vertex -12.1307 220.777 9.45
    endloop
  endfacet
  facet normal 0.555003 -0.831849 0
    outer loop
      vertex -11.75 221.031 9.45
      vertex -12.1307 220.777 0
      vertex -11.75 221.031 0
    endloop
  endfacet
  facet normal -0.89704 -0.44195 0
    outer loop
      vertex -6.76642 219.339 0
      vertex -6.96891 219.75 9.45
      vertex -6.96891 219.75 0
    endloop
  endfacet
  facet normal -0.89704 -0.44195 0
    outer loop
      vertex -6.96891 219.75 9.45
      vertex -6.76642 219.339 0
      vertex -6.76642 219.339 9.45
    endloop
  endfacet
  facet normal -0.751634 0.659581 0
    outer loop
      vertex -7.52513 215.525 0
      vertex -7.22326 215.869 9.45
      vertex -7.22326 215.869 0
    endloop
  endfacet
  facet normal -0.751634 0.659581 0
    outer loop
      vertex -7.22326 215.869 9.45
      vertex -7.52513 215.525 0
      vertex -7.52513 215.525 9.45
    endloop
  endfacet
  facet normal 0.75171 -0.659494 0
    outer loop
      vertex -12.7767 220.131 9.45
      vertex -12.4749 220.475 0
      vertex -12.4749 220.475 9.45
    endloop
  endfacet
  facet normal 0.75171 -0.659494 0
    outer loop
      vertex -12.4749 220.475 0
      vertex -12.7767 220.131 9.45
      vertex -12.7767 220.131 0
    endloop
  endfacet
  facet normal -0.659524 -0.751683 0
    outer loop
      vertex -7.86933 220.777 0
      vertex -7.52513 220.475 9.45
      vertex -7.86933 220.777 9.45
    endloop
  endfacet
  facet normal -0.659524 -0.751683 -0
    outer loop
      vertex -7.52513 220.475 9.45
      vertex -7.86933 220.777 0
      vertex -7.52513 220.475 0
    endloop
  endfacet
  facet normal 0.0655331 0.99785 -0
    outer loop
      vertex -10 214.5 0
      vertex -10.4568 214.53 9.45
      vertex -10 214.5 9.45
    endloop
  endfacet
  facet normal 0.0655331 0.99785 0
    outer loop
      vertex -10.4568 214.53 9.45
      vertex -10 214.5 0
      vertex -10.4568 214.53 0
    endloop
  endfacet
  facet normal 0.194394 -0.980924 0
    outer loop
      vertex -10.9059 221.381 0
      vertex -10.4568 221.47 9.45
      vertex -10.9059 221.381 9.45
    endloop
  endfacet
  facet normal 0.194394 -0.980924 0
    outer loop
      vertex -10.4568 221.47 9.45
      vertex -10.9059 221.381 0
      vertex -10.4568 221.47 0
    endloop
  endfacet
  facet normal 0.980748 0.195276 0
    outer loop
      vertex -13.3807 217.094 9.45
      vertex -13.4701 217.543 0
      vertex -13.4701 217.543 9.45
    endloop
  endfacet
  facet normal 0.980748 0.195276 0
    outer loop
      vertex -13.4701 217.543 0
      vertex -13.3807 217.094 9.45
      vertex -13.3807 217.094 0
    endloop
  endfacet
  facet normal 0.946853 -0.321668 0
    outer loop
      vertex -13.3807 218.906 9.45
      vertex -13.2336 219.339 0
      vertex -13.2336 219.339 9.45
    endloop
  endfacet
  facet normal 0.946853 -0.321668 0
    outer loop
      vertex -13.2336 219.339 0
      vertex -13.3807 218.906 9.45
      vertex -13.3807 218.906 0
    endloop
  endfacet
  facet normal 0.659524 -0.751683 0
    outer loop
      vertex -12.4749 220.475 0
      vertex -12.1307 220.777 9.45
      vertex -12.4749 220.475 9.45
    endloop
  endfacet
  facet normal 0.659524 -0.751683 0
    outer loop
      vertex -12.1307 220.777 9.45
      vertex -12.4749 220.475 0
      vertex -12.1307 220.777 0
    endloop
  endfacet
  facet normal 0.555003 0.831849 -0
    outer loop
      vertex -11.75 214.969 0
      vertex -12.1307 215.223 9.45
      vertex -11.75 214.969 9.45
    endloop
  endfacet
  facet normal 0.555003 0.831849 0
    outer loop
      vertex -12.1307 215.223 9.45
      vertex -11.75 214.969 0
      vertex -12.1307 215.223 0
    endloop
  endfacet
  facet normal -0.555033 0.831828 0
    outer loop
      vertex -7.86933 215.223 0
      vertex -8.25 214.969 9.45
      vertex -7.86933 215.223 9.45
    endloop
  endfacet
  facet normal -0.555033 0.831828 0
    outer loop
      vertex -8.25 214.969 9.45
      vertex -7.86933 215.223 0
      vertex -8.25 214.969 0
    endloop
  endfacet
  facet normal 0.831647 0.555305 0
    outer loop
      vertex -12.7767 215.869 9.45
      vertex -13.0311 216.25 0
      vertex -13.0311 216.25 9.45
    endloop
  endfacet
  facet normal 0.831647 0.555305 0
    outer loop
      vertex -13.0311 216.25 0
      vertex -12.7767 215.869 9.45
      vertex -12.7767 215.869 0
    endloop
  endfacet
  facet normal 0.997867 -0.0652871 0
    outer loop
      vertex -13.5 218 9.45
      vertex -13.4701 218.457 0
      vertex -13.4701 218.457 9.45
    endloop
  endfacet
  facet normal 0.997867 -0.0652871 0
    outer loop
      vertex -13.4701 218.457 0
      vertex -13.5 218 9.45
      vertex -13.5 218 0
    endloop
  endfacet
  facet normal 0.980748 -0.195276 0
    outer loop
      vertex -13.4701 218.457 9.45
      vertex -13.3807 218.906 0
      vertex -13.3807 218.906 9.45
    endloop
  endfacet
  facet normal 0.980748 -0.195276 0
    outer loop
      vertex -13.3807 218.906 0
      vertex -13.4701 218.457 9.45
      vertex -13.4701 218.457 0
    endloop
  endfacet
  facet normal 0.831647 -0.555305 0
    outer loop
      vertex -13.0311 219.75 9.45
      vertex -12.7767 220.131 0
      vertex -12.7767 220.131 9.45
    endloop
  endfacet
  facet normal 0.831647 -0.555305 0
    outer loop
      vertex -12.7767 220.131 0
      vertex -13.0311 219.75 9.45
      vertex -13.0311 219.75 0
    endloop
  endfacet
  facet normal 0.321139 0.947032 -0
    outer loop
      vertex -10.9059 214.619 0
      vertex -11.3394 214.766 9.45
      vertex -10.9059 214.619 9.45
    endloop
  endfacet
  facet normal 0.321139 0.947032 0
    outer loop
      vertex -11.3394 214.766 9.45
      vertex -10.9059 214.619 0
      vertex -11.3394 214.766 0
    endloop
  endfacet
  facet normal -0.553869 -0.832604 0
    outer loop
      vertex 10.85 219.472 9.45
      vertex 11.0349 219.349 12.45
      vertex 10.85 219.472 12.45
    endloop
  endfacet
  facet normal -0.553869 -0.832604 -0
    outer loop
      vertex 11.0349 219.349 12.45
      vertex 10.85 219.472 9.45
      vertex 11.0349 219.349 9.45
    endloop
  endfacet
  facet normal 0.0674441 0.997723 -0
    outer loop
      vertex 10 216.3 9.45
      vertex 9.7781 216.315 12.45
      vertex 10 216.3 12.45
    endloop
  endfacet
  facet normal 0.0674441 0.997723 0
    outer loop
      vertex 9.7781 216.315 12.45
      vertex 10 216.3 9.45
      vertex 9.7781 216.315 9.45
    endloop
  endfacet
  facet normal -0.193434 0.981113 0
    outer loop
      vertex 10.44 216.358 9.45
      vertex 10.2219 216.315 12.45
      vertex 10.44 216.358 12.45
    endloop
  endfacet
  facet normal -0.193434 0.981113 0
    outer loop
      vertex 10.2219 216.315 12.45
      vertex 10.44 216.358 9.45
      vertex 10.2219 216.315 9.45
    endloop
  endfacet
  facet normal 0.980762 0.195208 0
    outer loop
      vertex 8.35793 217.56 12.45
      vertex 8.31454 217.778 9.45
      vertex 8.31454 217.778 12.45
    endloop
  endfacet
  facet normal 0.980762 0.195208 0
    outer loop
      vertex 8.31454 217.778 9.45
      vertex 8.35793 217.56 12.45
      vertex 8.35793 217.56 9.45
    endloop
  endfacet
  facet normal 0.193442 -0.981112 0
    outer loop
      vertex 9.56001 219.642 9.45
      vertex 9.7781 219.685 12.45
      vertex 9.56001 219.642 12.45
    endloop
  endfacet
  facet normal 0.193442 -0.981112 0
    outer loop
      vertex 9.7781 219.685 12.45
      vertex 9.56001 219.642 9.45
      vertex 9.7781 219.685 9.45
    endloop
  endfacet
  facet normal -0.997874 -0.0651764 0
    outer loop
      vertex 11.7 218 9.45
      vertex 11.6855 218.222 12.45
      vertex 11.6855 218.222 9.45
    endloop
  endfacet
  facet normal -0.997874 -0.0651764 0
    outer loop
      vertex 11.6855 218.222 12.45
      vertex 11.7 218 9.45
      vertex 11.7 218 12.45
    endloop
  endfacet
  facet normal 0.997862 -0.0653555 0
    outer loop
      vertex 8.3 218 12.45
      vertex 8.31454 218.222 9.45
      vertex 8.31454 218.222 12.45
    endloop
  endfacet
  facet normal 0.997862 -0.0653555 0
    outer loop
      vertex 8.31454 218.222 9.45
      vertex 8.3 218 12.45
      vertex 8.3 218 9.45
    endloop
  endfacet
  facet normal -0.947101 -0.320937 0
    outer loop
      vertex 11.6421 218.44 9.45
      vertex 11.5706 218.651 12.45
      vertex 11.5706 218.651 9.45
    endloop
  endfacet
  facet normal -0.947101 -0.320937 0
    outer loop
      vertex 11.5706 218.651 12.45
      vertex 11.6421 218.44 9.45
      vertex 11.6421 218.44 12.45
    endloop
  endfacet
  facet normal 0.319506 -0.947584 0
    outer loop
      vertex 9.34944 219.571 9.45
      vertex 9.56001 219.642 12.45
      vertex 9.34944 219.571 12.45
    endloop
  endfacet
  facet normal 0.319506 -0.947584 0
    outer loop
      vertex 9.56001 219.642 12.45
      vertex 9.34944 219.571 9.45
      vertex 9.56001 219.642 9.45
    endloop
  endfacet
  facet normal -0.980753 -0.195251 0
    outer loop
      vertex 11.6855 218.222 9.45
      vertex 11.6421 218.44 12.45
      vertex 11.6421 218.44 9.45
    endloop
  endfacet
  facet normal -0.980753 -0.195251 0
    outer loop
      vertex 11.6421 218.44 12.45
      vertex 11.6855 218.222 9.45
      vertex 11.6855 218.222 12.45
    endloop
  endfacet
  facet normal 0.660306 0.750997 -0
    outer loop
      vertex 8.96511 216.651 9.45
      vertex 8.79792 216.798 12.45
      vertex 8.96511 216.651 12.45
    endloop
  endfacet
  facet normal 0.660306 0.750997 0
    outer loop
      vertex 8.79792 216.798 12.45
      vertex 8.96511 216.651 9.45
      vertex 8.79792 216.798 9.45
    endloop
  endfacet
  facet normal 0.980762 -0.195208 0
    outer loop
      vertex 8.31454 218.222 12.45
      vertex 8.35793 218.44 9.45
      vertex 8.35793 218.44 12.45
    endloop
  endfacet
  facet normal 0.980762 -0.195208 0
    outer loop
      vertex 8.35793 218.44 9.45
      vertex 8.31454 218.222 12.45
      vertex 8.31454 218.222 9.45
    endloop
  endfacet
  facet normal 0.831621 -0.555343 0
    outer loop
      vertex 8.52776 218.85 12.45
      vertex 8.6513 219.035 9.45
      vertex 8.6513 219.035 12.45
    endloop
  endfacet
  facet normal 0.831621 -0.555343 0
    outer loop
      vertex 8.6513 219.035 9.45
      vertex 8.52776 218.85 12.45
      vertex 8.52776 218.85 9.45
    endloop
  endfacet
  facet normal 0.831621 0.555343 0
    outer loop
      vertex 8.6513 216.965 12.45
      vertex 8.52776 217.15 9.45
      vertex 8.52776 217.15 12.45
    endloop
  endfacet
  facet normal 0.831621 0.555343 0
    outer loop
      vertex 8.52776 217.15 9.45
      vertex 8.6513 216.965 12.45
      vertex 8.6513 216.965 9.45
    endloop
  endfacet
  facet normal -0.193434 -0.981113 0
    outer loop
      vertex 10.2219 219.685 9.45
      vertex 10.44 219.642 12.45
      vertex 10.2219 219.685 12.45
    endloop
  endfacet
  facet normal -0.193434 -0.981113 -0
    outer loop
      vertex 10.44 219.642 12.45
      vertex 10.2219 219.685 9.45
      vertex 10.44 219.642 9.45
    endloop
  endfacet
  facet normal -0.831704 0.555219 0
    outer loop
      vertex 11.3487 216.965 9.45
      vertex 11.4722 217.15 12.45
      vertex 11.4722 217.15 9.45
    endloop
  endfacet
  facet normal -0.831704 0.555219 0
    outer loop
      vertex 11.4722 217.15 12.45
      vertex 11.3487 216.965 9.45
      vertex 11.3487 216.965 12.45
    endloop
  endfacet
  facet normal 0.997862 0.0653555 0
    outer loop
      vertex 8.31454 217.778 12.45
      vertex 8.3 218 9.45
      vertex 8.3 218 12.45
    endloop
  endfacet
  facet normal 0.997862 0.0653555 0
    outer loop
      vertex 8.3 218 9.45
      vertex 8.31454 217.778 12.45
      vertex 8.31454 217.778 9.45
    endloop
  endfacet
  facet normal -0.751516 -0.659714 0
    outer loop
      vertex 11.3487 219.035 9.45
      vertex 11.2021 219.202 12.45
      vertex 11.2021 219.202 9.45
    endloop
  endfacet
  facet normal -0.751516 -0.659714 0
    outer loop
      vertex 11.2021 219.202 12.45
      vertex 11.3487 219.035 9.45
      vertex 11.3487 219.035 12.45
    endloop
  endfacet
  facet normal -0.0674441 -0.997723 0
    outer loop
      vertex 10 219.7 9.45
      vertex 10.2219 219.685 12.45
      vertex 10 219.7 12.45
    endloop
  endfacet
  facet normal -0.0674441 -0.997723 -0
    outer loop
      vertex 10.2219 219.685 12.45
      vertex 10 219.7 9.45
      vertex 10.2219 219.685 9.45
    endloop
  endfacet
  facet normal 0.947141 -0.320816 0
    outer loop
      vertex 8.35793 218.44 12.45
      vertex 8.4294 218.651 9.45
      vertex 8.4294 218.651 12.45
    endloop
  endfacet
  facet normal 0.947141 -0.320816 0
    outer loop
      vertex 8.4294 218.651 9.45
      vertex 8.35793 218.44 12.45
      vertex 8.35793 218.44 9.45
    endloop
  endfacet
  facet normal 0.193442 0.981112 -0
    outer loop
      vertex 9.7781 216.315 9.45
      vertex 9.56001 216.358 12.45
      vertex 9.7781 216.315 12.45
    endloop
  endfacet
  facet normal 0.193442 0.981112 0
    outer loop
      vertex 9.56001 216.358 12.45
      vertex 9.7781 216.315 9.45
      vertex 9.56001 216.358 9.45
    endloop
  endfacet
  facet normal -0.444696 0.895681 0
    outer loop
      vertex 10.85 216.528 9.45
      vertex 10.6506 216.429 12.45
      vertex 10.85 216.528 12.45
    endloop
  endfacet
  facet normal -0.444696 0.895681 0
    outer loop
      vertex 10.6506 216.429 12.45
      vertex 10.85 216.528 9.45
      vertex 10.6506 216.429 9.45
    endloop
  endfacet
  facet normal -0.947101 0.320937 0
    outer loop
      vertex 11.5706 217.349 9.45
      vertex 11.6421 217.56 12.45
      vertex 11.6421 217.56 9.45
    endloop
  endfacet
  facet normal -0.947101 0.320937 0
    outer loop
      vertex 11.6421 217.56 12.45
      vertex 11.5706 217.349 9.45
      vertex 11.5706 217.349 12.45
    endloop
  endfacet
  facet normal -0.831704 -0.555219 0
    outer loop
      vertex 11.4722 218.85 9.45
      vertex 11.3487 219.035 12.45
      vertex 11.3487 219.035 9.45
    endloop
  endfacet
  facet normal -0.831704 -0.555219 0
    outer loop
      vertex 11.3487 219.035 12.45
      vertex 11.4722 218.85 9.45
      vertex 11.4722 218.85 12.45
    endloop
  endfacet
  facet normal 0.896472 0.4431 0
    outer loop
      vertex 8.52776 217.15 12.45
      vertex 8.4294 217.349 9.45
      vertex 8.4294 217.349 12.45
    endloop
  endfacet
  facet normal 0.896472 0.4431 0
    outer loop
      vertex 8.4294 217.349 9.45
      vertex 8.52776 217.15 12.45
      vertex 8.52776 217.15 9.45
    endloop
  endfacet
  facet normal -0.0674441 0.997723 0
    outer loop
      vertex 10.2219 216.315 9.45
      vertex 10 216.3 12.45
      vertex 10.2219 216.315 12.45
    endloop
  endfacet
  facet normal -0.0674441 0.997723 0
    outer loop
      vertex 10 216.3 12.45
      vertex 10.2219 216.315 9.45
      vertex 10 216.3 9.45
    endloop
  endfacet
  facet normal 0.444625 -0.895717 0
    outer loop
      vertex 9.15 219.472 9.45
      vertex 9.34944 219.571 12.45
      vertex 9.15 219.472 12.45
    endloop
  endfacet
  facet normal 0.444625 -0.895717 0
    outer loop
      vertex 9.34944 219.571 12.45
      vertex 9.15 219.472 9.45
      vertex 9.34944 219.571 9.45
    endloop
  endfacet
  facet normal -0.553869 0.832604 0
    outer loop
      vertex 11.0349 216.651 9.45
      vertex 10.85 216.528 12.45
      vertex 11.0349 216.651 12.45
    endloop
  endfacet
  facet normal -0.553869 0.832604 0
    outer loop
      vertex 10.85 216.528 12.45
      vertex 11.0349 216.651 9.45
      vertex 10.85 216.528 9.45
    endloop
  endfacet
  facet normal -0.660284 -0.751016 0
    outer loop
      vertex 11.0349 219.349 9.45
      vertex 11.2021 219.202 12.45
      vertex 11.0349 219.349 12.45
    endloop
  endfacet
  facet normal -0.660284 -0.751016 -0
    outer loop
      vertex 11.2021 219.202 12.45
      vertex 11.0349 219.349 9.45
      vertex 11.2021 219.202 9.45
    endloop
  endfacet
  facet normal 0.947141 0.320816 0
    outer loop
      vertex 8.4294 217.349 12.45
      vertex 8.35793 217.56 9.45
      vertex 8.35793 217.56 12.45
    endloop
  endfacet
  facet normal 0.947141 0.320816 0
    outer loop
      vertex 8.35793 217.56 9.45
      vertex 8.4294 217.349 12.45
      vertex 8.4294 217.349 9.45
    endloop
  endfacet
  facet normal -0.319466 -0.947598 0
    outer loop
      vertex 10.44 219.642 9.45
      vertex 10.6506 219.571 12.45
      vertex 10.44 219.642 12.45
    endloop
  endfacet
  facet normal -0.319466 -0.947598 -0
    outer loop
      vertex 10.6506 219.571 12.45
      vertex 10.44 219.642 9.45
      vertex 10.6506 219.571 9.45
    endloop
  endfacet
  facet normal -0.997874 0.0651764 0
    outer loop
      vertex 11.6855 217.778 9.45
      vertex 11.7 218 12.45
      vertex 11.7 218 9.45
    endloop
  endfacet
  facet normal -0.997874 0.0651764 0
    outer loop
      vertex 11.7 218 12.45
      vertex 11.6855 217.778 9.45
      vertex 11.6855 217.778 12.45
    endloop
  endfacet
  facet normal 0.553889 -0.83259 0
    outer loop
      vertex 8.96511 219.349 9.45
      vertex 9.15 219.472 12.45
      vertex 8.96511 219.349 12.45
    endloop
  endfacet
  facet normal 0.553889 -0.83259 0
    outer loop
      vertex 9.15 219.472 12.45
      vertex 8.96511 219.349 9.45
      vertex 9.15 219.472 9.45
    endloop
  endfacet
  facet normal -0.319466 0.947598 0
    outer loop
      vertex 10.6506 216.429 9.45
      vertex 10.44 216.358 12.45
      vertex 10.6506 216.429 12.45
    endloop
  endfacet
  facet normal -0.319466 0.947598 0
    outer loop
      vertex 10.44 216.358 12.45
      vertex 10.6506 216.429 9.45
      vertex 10.44 216.358 9.45
    endloop
  endfacet
  facet normal -0.980753 0.195251 0
    outer loop
      vertex 11.6421 217.56 9.45
      vertex 11.6855 217.778 12.45
      vertex 11.6855 217.778 9.45
    endloop
  endfacet
  facet normal -0.980753 0.195251 0
    outer loop
      vertex 11.6855 217.778 12.45
      vertex 11.6421 217.56 9.45
      vertex 11.6421 217.56 12.45
    endloop
  endfacet
  facet normal -0.8964 0.443245 0
    outer loop
      vertex 11.4722 217.15 9.45
      vertex 11.5706 217.349 12.45
      vertex 11.5706 217.349 9.45
    endloop
  endfacet
  facet normal -0.8964 0.443245 0
    outer loop
      vertex 11.5706 217.349 12.45
      vertex 11.4722 217.15 9.45
      vertex 11.4722 217.15 12.45
    endloop
  endfacet
  facet normal 0.444625 0.895717 -0
    outer loop
      vertex 9.34944 216.429 9.45
      vertex 9.15 216.528 12.45
      vertex 9.34944 216.429 12.45
    endloop
  endfacet
  facet normal 0.444625 0.895717 0
    outer loop
      vertex 9.15 216.528 12.45
      vertex 9.34944 216.429 9.45
      vertex 9.15 216.528 9.45
    endloop
  endfacet
  facet normal 0.896472 -0.4431 0
    outer loop
      vertex 8.4294 218.651 12.45
      vertex 8.52776 218.85 9.45
      vertex 8.52776 218.85 12.45
    endloop
  endfacet
  facet normal 0.896472 -0.4431 0
    outer loop
      vertex 8.52776 218.85 9.45
      vertex 8.4294 218.651 12.45
      vertex 8.4294 218.651 9.45
    endloop
  endfacet
  facet normal 0.0674441 -0.997723 0
    outer loop
      vertex 9.7781 219.685 9.45
      vertex 10 219.7 12.45
      vertex 9.7781 219.685 12.45
    endloop
  endfacet
  facet normal 0.0674441 -0.997723 0
    outer loop
      vertex 10 219.7 12.45
      vertex 9.7781 219.685 9.45
      vertex 10 219.7 9.45
    endloop
  endfacet
  facet normal -0.444696 -0.895681 0
    outer loop
      vertex 10.6506 219.571 9.45
      vertex 10.85 219.472 12.45
      vertex 10.6506 219.571 12.45
    endloop
  endfacet
  facet normal -0.444696 -0.895681 -0
    outer loop
      vertex 10.85 219.472 12.45
      vertex 10.6506 219.571 9.45
      vertex 10.85 219.472 9.45
    endloop
  endfacet
  facet normal -0.8964 -0.443245 0
    outer loop
      vertex 11.5706 218.651 9.45
      vertex 11.4722 218.85 12.45
      vertex 11.4722 218.85 9.45
    endloop
  endfacet
  facet normal -0.8964 -0.443245 0
    outer loop
      vertex 11.4722 218.85 12.45
      vertex 11.5706 218.651 9.45
      vertex 11.5706 218.651 12.45
    endloop
  endfacet
  facet normal 0.751472 0.659765 0
    outer loop
      vertex 8.79792 216.798 12.45
      vertex 8.6513 216.965 9.45
      vertex 8.6513 216.965 12.45
    endloop
  endfacet
  facet normal 0.751472 0.659765 0
    outer loop
      vertex 8.6513 216.965 9.45
      vertex 8.79792 216.798 12.45
      vertex 8.79792 216.798 9.45
    endloop
  endfacet
  facet normal 0.751472 -0.659765 0
    outer loop
      vertex 8.6513 219.035 12.45
      vertex 8.79792 219.202 9.45
      vertex 8.79792 219.202 12.45
    endloop
  endfacet
  facet normal 0.751472 -0.659765 0
    outer loop
      vertex 8.79792 219.202 9.45
      vertex 8.6513 219.035 12.45
      vertex 8.6513 219.035 9.45
    endloop
  endfacet
  facet normal 0.553889 0.83259 -0
    outer loop
      vertex 9.15 216.528 9.45
      vertex 8.96511 216.651 12.45
      vertex 9.15 216.528 12.45
    endloop
  endfacet
  facet normal 0.553889 0.83259 0
    outer loop
      vertex 8.96511 216.651 12.45
      vertex 9.15 216.528 9.45
      vertex 8.96511 216.651 9.45
    endloop
  endfacet
  facet normal -0.751516 0.659714 0
    outer loop
      vertex 11.2021 216.798 9.45
      vertex 11.3487 216.965 12.45
      vertex 11.3487 216.965 9.45
    endloop
  endfacet
  facet normal -0.751516 0.659714 0
    outer loop
      vertex 11.3487 216.965 12.45
      vertex 11.2021 216.798 9.45
      vertex 11.2021 216.798 12.45
    endloop
  endfacet
  facet normal 0.660306 -0.750997 0
    outer loop
      vertex 8.79792 219.202 9.45
      vertex 8.96511 219.349 12.45
      vertex 8.79792 219.202 12.45
    endloop
  endfacet
  facet normal 0.660306 -0.750997 0
    outer loop
      vertex 8.96511 219.349 12.45
      vertex 8.79792 219.202 9.45
      vertex 8.96511 219.349 9.45
    endloop
  endfacet
  facet normal 0.319506 0.947584 -0
    outer loop
      vertex 9.56001 216.358 9.45
      vertex 9.34944 216.429 12.45
      vertex 9.56001 216.358 12.45
    endloop
  endfacet
  facet normal 0.319506 0.947584 0
    outer loop
      vertex 9.34944 216.429 12.45
      vertex 9.56001 216.358 9.45
      vertex 9.34944 216.429 9.45
    endloop
  endfacet
  facet normal -0.660284 0.751016 0
    outer loop
      vertex 11.2021 216.798 9.45
      vertex 11.0349 216.651 12.45
      vertex 11.2021 216.798 12.45
    endloop
  endfacet
  facet normal -0.660284 0.751016 0
    outer loop
      vertex 11.0349 216.651 12.45
      vertex 11.2021 216.798 9.45
      vertex 11.0349 216.651 9.45
    endloop
  endfacet
  facet normal 0.946813 0.321785 0
    outer loop
      vertex 6.76642 216.661 9.45
      vertex 6.61926 217.094 0
      vertex 6.61926 217.094 9.45
    endloop
  endfacet
  facet normal 0.946813 0.321785 0
    outer loop
      vertex 6.61926 217.094 0
      vertex 6.76642 216.661 9.45
      vertex 6.76642 216.661 0
    endloop
  endfacet
  facet normal -0.194394 0.980924 0
    outer loop
      vertex 10.9059 214.619 0
      vertex 10.4568 214.53 9.45
      vertex 10.9059 214.619 9.45
    endloop
  endfacet
  facet normal -0.194394 0.980924 0
    outer loop
      vertex 10.4568 214.53 9.45
      vertex 10.9059 214.619 0
      vertex 10.4568 214.53 0
    endloop
  endfacet
  facet normal -0.980748 -0.195276 0
    outer loop
      vertex 13.4701 218.457 0
      vertex 13.3807 218.906 9.45
      vertex 13.3807 218.906 0
    endloop
  endfacet
  facet normal -0.980748 -0.195276 0
    outer loop
      vertex 13.3807 218.906 9.45
      vertex 13.4701 218.457 0
      vertex 13.4701 218.457 9.45
    endloop
  endfacet
  facet normal -0.997867 -0.0652871 0
    outer loop
      vertex 13.5 218 0
      vertex 13.4701 218.457 9.45
      vertex 13.4701 218.457 0
    endloop
  endfacet
  facet normal -0.997867 -0.0652871 0
    outer loop
      vertex 13.4701 218.457 9.45
      vertex 13.5 218 0
      vertex 13.5 218 9.45
    endloop
  endfacet
  facet normal 0.443183 -0.896431 0
    outer loop
      vertex 8.25 221.031 0
      vertex 8.66061 221.234 9.45
      vertex 8.25 221.031 9.45
    endloop
  endfacet
  facet normal 0.443183 -0.896431 0
    outer loop
      vertex 8.66061 221.234 9.45
      vertex 8.25 221.031 0
      vertex 8.66061 221.234 0
    endloop
  endfacet
  facet normal -0.897031 0.441968 0
    outer loop
      vertex 13.0311 216.25 0
      vertex 13.2336 216.661 9.45
      vertex 13.2336 216.661 0
    endloop
  endfacet
  facet normal -0.897031 0.441968 0
    outer loop
      vertex 13.2336 216.661 9.45
      vertex 13.0311 216.25 0
      vertex 13.0311 216.25 9.45
    endloop
  endfacet
  facet normal -0.997867 0.0652871 0
    outer loop
      vertex 13.4701 217.543 0
      vertex 13.5 218 9.45
      vertex 13.5 218 0
    endloop
  endfacet
  facet normal -0.997867 0.0652871 0
    outer loop
      vertex 13.5 218 9.45
      vertex 13.4701 217.543 0
      vertex 13.4701 217.543 9.45
    endloop
  endfacet
  facet normal -0.659524 -0.751683 0
    outer loop
      vertex 12.1307 220.777 0
      vertex 12.4749 220.475 9.45
      vertex 12.1307 220.777 9.45
    endloop
  endfacet
  facet normal -0.659524 -0.751683 -0
    outer loop
      vertex 12.4749 220.475 9.45
      vertex 12.1307 220.777 0
      vertex 12.4749 220.475 0
    endloop
  endfacet
  facet normal 0.659524 -0.751683 0
    outer loop
      vertex 7.52513 220.475 0
      vertex 7.86933 220.777 9.45
      vertex 7.52513 220.475 9.45
    endloop
  endfacet
  facet normal 0.659524 -0.751683 0
    outer loop
      vertex 7.86933 220.777 9.45
      vertex 7.52513 220.475 0
      vertex 7.86933 220.777 0
    endloop
  endfacet
  facet normal -0.0655331 -0.99785 0
    outer loop
      vertex 10 221.5 0
      vertex 10.4568 221.47 9.45
      vertex 10 221.5 9.45
    endloop
  endfacet
  facet normal -0.0655331 -0.99785 -0
    outer loop
      vertex 10.4568 221.47 9.45
      vertex 10 221.5 0
      vertex 10.4568 221.47 0
    endloop
  endfacet
  facet normal 0.194423 0.980918 -0
    outer loop
      vertex 9.54316 214.53 0
      vertex 9.09413 214.619 9.45
      vertex 9.54316 214.53 9.45
    endloop
  endfacet
  facet normal 0.194423 0.980918 0
    outer loop
      vertex 9.09413 214.619 9.45
      vertex 9.54316 214.53 0
      vertex 9.09413 214.619 0
    endloop
  endfacet
  facet normal 0.997861 -0.0653741 0
    outer loop
      vertex 6.5 218 9.45
      vertex 6.52994 218.457 0
      vertex 6.52994 218.457 9.45
    endloop
  endfacet
  facet normal 0.997861 -0.0653741 0
    outer loop
      vertex 6.52994 218.457 0
      vertex 6.5 218 9.45
      vertex 6.5 218 0
    endloop
  endfacet
  facet normal 0.751634 0.659581 0
    outer loop
      vertex 7.52513 215.525 9.45
      vertex 7.22326 215.869 0
      vertex 7.22326 215.869 9.45
    endloop
  endfacet
  facet normal 0.751634 0.659581 0
    outer loop
      vertex 7.22326 215.869 0
      vertex 7.52513 215.525 9.45
      vertex 7.52513 215.525 0
    endloop
  endfacet
  facet normal 0.980782 0.195108 0
    outer loop
      vertex 6.61926 217.094 9.45
      vertex 6.52994 217.543 0
      vertex 6.52994 217.543 9.45
    endloop
  endfacet
  facet normal 0.980782 0.195108 0
    outer loop
      vertex 6.52994 217.543 0
      vertex 6.61926 217.094 9.45
      vertex 6.61926 217.094 0
    endloop
  endfacet
  facet normal -0.831647 0.555305 0
    outer loop
      vertex 12.7767 215.869 0
      vertex 13.0311 216.25 9.45
      vertex 13.0311 216.25 0
    endloop
  endfacet
  facet normal -0.831647 0.555305 0
    outer loop
      vertex 13.0311 216.25 9.45
      vertex 12.7767 215.869 0
      vertex 12.7767 215.869 9.45
    endloop
  endfacet
  facet normal 0.89704 -0.44195 0
    outer loop
      vertex 6.76642 219.339 9.45
      vertex 6.96891 219.75 0
      vertex 6.96891 219.75 9.45
    endloop
  endfacet
  facet normal 0.89704 -0.44195 0
    outer loop
      vertex 6.96891 219.75 0
      vertex 6.76642 219.339 9.45
      vertex 6.76642 219.339 0
    endloop
  endfacet
  facet normal 0.831697 0.555229 0
    outer loop
      vertex 7.22326 215.869 9.45
      vertex 6.96891 216.25 0
      vertex 6.96891 216.25 9.45
    endloop
  endfacet
  facet normal 0.831697 0.555229 0
    outer loop
      vertex 6.96891 216.25 0
      vertex 7.22326 215.869 9.45
      vertex 7.22326 215.869 0
    endloop
  endfacet
  facet normal 0.831697 -0.555229 0
    outer loop
      vertex 6.96891 219.75 9.45
      vertex 7.22326 220.131 0
      vertex 7.22326 220.131 9.45
    endloop
  endfacet
  facet normal 0.831697 -0.555229 0
    outer loop
      vertex 7.22326 220.131 0
      vertex 6.96891 219.75 9.45
      vertex 6.96891 219.75 0
    endloop
  endfacet
  facet normal 0.0655274 -0.997851 0
    outer loop
      vertex 9.54316 221.47 0
      vertex 10 221.5 9.45
      vertex 9.54316 221.47 9.45
    endloop
  endfacet
  facet normal 0.0655274 -0.997851 0
    outer loop
      vertex 10 221.5 9.45
      vertex 9.54316 221.47 0
      vertex 10 221.5 0
    endloop
  endfacet
  facet normal 0.321126 0.947037 -0
    outer loop
      vertex 9.09413 214.619 0
      vertex 8.66061 214.766 9.45
      vertex 9.09413 214.619 9.45
    endloop
  endfacet
  facet normal 0.321126 0.947037 0
    outer loop
      vertex 8.66061 214.766 9.45
      vertex 9.09413 214.619 0
      vertex 8.66061 214.766 0
    endloop
  endfacet
  facet normal -0.443192 -0.896427 0
    outer loop
      vertex 11.3394 221.234 0
      vertex 11.75 221.031 9.45
      vertex 11.3394 221.234 9.45
    endloop
  endfacet
  facet normal -0.443192 -0.896427 -0
    outer loop
      vertex 11.75 221.031 9.45
      vertex 11.3394 221.234 0
      vertex 11.75 221.031 0
    endloop
  endfacet
  facet normal -0.0655331 0.99785 0
    outer loop
      vertex 10.4568 214.53 0
      vertex 10 214.5 9.45
      vertex 10.4568 214.53 9.45
    endloop
  endfacet
  facet normal -0.0655331 0.99785 0
    outer loop
      vertex 10 214.5 9.45
      vertex 10.4568 214.53 0
      vertex 10 214.5 0
    endloop
  endfacet
  facet normal -0.555003 0.831849 0
    outer loop
      vertex 12.1307 215.223 0
      vertex 11.75 214.969 9.45
      vertex 12.1307 215.223 9.45
    endloop
  endfacet
  facet normal -0.555003 0.831849 0
    outer loop
      vertex 11.75 214.969 9.45
      vertex 12.1307 215.223 0
      vertex 11.75 214.969 0
    endloop
  endfacet
  facet normal -0.980748 0.195276 0
    outer loop
      vertex 13.3807 217.094 0
      vertex 13.4701 217.543 9.45
      vertex 13.4701 217.543 0
    endloop
  endfacet
  facet normal -0.980748 0.195276 0
    outer loop
      vertex 13.4701 217.543 9.45
      vertex 13.3807 217.094 0
      vertex 13.3807 217.094 9.45
    endloop
  endfacet
  facet normal 0.751634 -0.659581 0
    outer loop
      vertex 7.22326 220.131 9.45
      vertex 7.52513 220.475 0
      vertex 7.52513 220.475 9.45
    endloop
  endfacet
  facet normal 0.751634 -0.659581 0
    outer loop
      vertex 7.52513 220.475 0
      vertex 7.22326 220.131 9.45
      vertex 7.22326 220.131 0
    endloop
  endfacet
  facet normal 0.980782 -0.195108 0
    outer loop
      vertex 6.52994 218.457 9.45
      vertex 6.61926 218.906 0
      vertex 6.61926 218.906 9.45
    endloop
  endfacet
  facet normal 0.980782 -0.195108 0
    outer loop
      vertex 6.61926 218.906 0
      vertex 6.52994 218.457 9.45
      vertex 6.52994 218.457 0
    endloop
  endfacet
  facet normal -0.831647 -0.555305 0
    outer loop
      vertex 13.0311 219.75 0
      vertex 12.7767 220.131 9.45
      vertex 12.7767 220.131 0
    endloop
  endfacet
  facet normal -0.831647 -0.555305 0
    outer loop
      vertex 12.7767 220.131 9.45
      vertex 13.0311 219.75 0
      vertex 13.0311 219.75 9.45
    endloop
  endfacet
  facet normal -0.555003 -0.831849 0
    outer loop
      vertex 11.75 221.031 0
      vertex 12.1307 220.777 9.45
      vertex 11.75 221.031 9.45
    endloop
  endfacet
  facet normal -0.555003 -0.831849 -0
    outer loop
      vertex 12.1307 220.777 9.45
      vertex 11.75 221.031 0
      vertex 12.1307 220.777 0
    endloop
  endfacet
  facet normal 0.997861 0.0653741 0
    outer loop
      vertex 6.52994 217.543 9.45
      vertex 6.5 218 0
      vertex 6.5 218 9.45
    endloop
  endfacet
  facet normal 0.997861 0.0653741 0
    outer loop
      vertex 6.5 218 0
      vertex 6.52994 217.543 9.45
      vertex 6.52994 217.543 0
    endloop
  endfacet
  facet normal -0.321139 -0.947032 0
    outer loop
      vertex 10.9059 221.381 0
      vertex 11.3394 221.234 9.45
      vertex 10.9059 221.381 9.45
    endloop
  endfacet
  facet normal -0.321139 -0.947032 -0
    outer loop
      vertex 11.3394 221.234 9.45
      vertex 10.9059 221.381 0
      vertex 11.3394 221.234 0
    endloop
  endfacet
  facet normal -0.659524 0.751683 0
    outer loop
      vertex 12.4749 215.525 0
      vertex 12.1307 215.223 9.45
      vertex 12.4749 215.525 9.45
    endloop
  endfacet
  facet normal -0.659524 0.751683 0
    outer loop
      vertex 12.1307 215.223 9.45
      vertex 12.4749 215.525 0
      vertex 12.1307 215.223 0
    endloop
  endfacet
  facet normal 0.194423 -0.980918 0
    outer loop
      vertex 9.09413 221.381 0
      vertex 9.54316 221.47 9.45
      vertex 9.09413 221.381 9.45
    endloop
  endfacet
  facet normal 0.194423 -0.980918 0
    outer loop
      vertex 9.54316 221.47 9.45
      vertex 9.09413 221.381 0
      vertex 9.54316 221.47 0
    endloop
  endfacet
  facet normal -0.897031 -0.441968 0
    outer loop
      vertex 13.2336 219.339 0
      vertex 13.0311 219.75 9.45
      vertex 13.0311 219.75 0
    endloop
  endfacet
  facet normal -0.897031 -0.441968 0
    outer loop
      vertex 13.0311 219.75 9.45
      vertex 13.2336 219.339 0
      vertex 13.2336 219.339 9.45
    endloop
  endfacet
  facet normal 0.555033 0.831828 -0
    outer loop
      vertex 8.25 214.969 0
      vertex 7.86933 215.223 9.45
      vertex 8.25 214.969 9.45
    endloop
  endfacet
  facet normal 0.555033 0.831828 0
    outer loop
      vertex 7.86933 215.223 9.45
      vertex 8.25 214.969 0
      vertex 7.86933 215.223 0
    endloop
  endfacet
  facet normal 0.659524 0.751683 -0
    outer loop
      vertex 7.86933 215.223 0
      vertex 7.52513 215.525 9.45
      vertex 7.86933 215.223 9.45
    endloop
  endfacet
  facet normal 0.659524 0.751683 0
    outer loop
      vertex 7.52513 215.525 9.45
      vertex 7.86933 215.223 0
      vertex 7.52513 215.525 0
    endloop
  endfacet
  facet normal -0.75171 0.659494 0
    outer loop
      vertex 12.4749 215.525 0
      vertex 12.7767 215.869 9.45
      vertex 12.7767 215.869 0
    endloop
  endfacet
  facet normal -0.75171 0.659494 0
    outer loop
      vertex 12.7767 215.869 9.45
      vertex 12.4749 215.525 0
      vertex 12.4749 215.525 9.45
    endloop
  endfacet
  facet normal 0.89704 0.44195 0
    outer loop
      vertex 6.96891 216.25 9.45
      vertex 6.76642 216.661 0
      vertex 6.76642 216.661 9.45
    endloop
  endfacet
  facet normal 0.89704 0.44195 0
    outer loop
      vertex 6.76642 216.661 0
      vertex 6.96891 216.25 9.45
      vertex 6.96891 216.25 0
    endloop
  endfacet
  facet normal 0.0655274 0.997851 -0
    outer loop
      vertex 10 214.5 0
      vertex 9.54316 214.53 9.45
      vertex 10 214.5 9.45
    endloop
  endfacet
  facet normal 0.0655274 0.997851 0
    outer loop
      vertex 9.54316 214.53 9.45
      vertex 10 214.5 0
      vertex 9.54316 214.53 0
    endloop
  endfacet
  facet normal -0.75171 -0.659494 0
    outer loop
      vertex 12.7767 220.131 0
      vertex 12.4749 220.475 9.45
      vertex 12.4749 220.475 0
    endloop
  endfacet
  facet normal -0.75171 -0.659494 0
    outer loop
      vertex 12.4749 220.475 9.45
      vertex 12.7767 220.131 0
      vertex 12.7767 220.131 9.45
    endloop
  endfacet
  facet normal 0.555033 -0.831828 0
    outer loop
      vertex 7.86933 220.777 0
      vertex 8.25 221.031 9.45
      vertex 7.86933 220.777 9.45
    endloop
  endfacet
  facet normal 0.555033 -0.831828 0
    outer loop
      vertex 8.25 221.031 9.45
      vertex 7.86933 220.777 0
      vertex 8.25 221.031 0
    endloop
  endfacet
  facet normal -0.946853 -0.321668 0
    outer loop
      vertex 13.3807 218.906 0
      vertex 13.2336 219.339 9.45
      vertex 13.2336 219.339 0
    endloop
  endfacet
  facet normal -0.946853 -0.321668 0
    outer loop
      vertex 13.2336 219.339 9.45
      vertex 13.3807 218.906 0
      vertex 13.3807 218.906 9.45
    endloop
  endfacet
  facet normal -0.321139 0.947032 0
    outer loop
      vertex 11.3394 214.766 0
      vertex 10.9059 214.619 9.45
      vertex 11.3394 214.766 9.45
    endloop
  endfacet
  facet normal -0.321139 0.947032 0
    outer loop
      vertex 10.9059 214.619 9.45
      vertex 11.3394 214.766 0
      vertex 10.9059 214.619 0
    endloop
  endfacet
  facet normal -0.443192 0.896427 0
    outer loop
      vertex 11.75 214.969 0
      vertex 11.3394 214.766 9.45
      vertex 11.75 214.969 9.45
    endloop
  endfacet
  facet normal -0.443192 0.896427 0
    outer loop
      vertex 11.3394 214.766 9.45
      vertex 11.75 214.969 0
      vertex 11.3394 214.766 0
    endloop
  endfacet
  facet normal 0.321126 -0.947037 0
    outer loop
      vertex 8.66061 221.234 0
      vertex 9.09413 221.381 9.45
      vertex 8.66061 221.234 9.45
    endloop
  endfacet
  facet normal 0.321126 -0.947037 0
    outer loop
      vertex 9.09413 221.381 9.45
      vertex 8.66061 221.234 0
      vertex 9.09413 221.381 0
    endloop
  endfacet
  facet normal -0.946853 0.321668 0
    outer loop
      vertex 13.2336 216.661 0
      vertex 13.3807 217.094 9.45
      vertex 13.3807 217.094 0
    endloop
  endfacet
  facet normal -0.946853 0.321668 0
    outer loop
      vertex 13.3807 217.094 9.45
      vertex 13.2336 216.661 0
      vertex 13.2336 216.661 9.45
    endloop
  endfacet
  facet normal 0 0 -1
    outer loop
      vertex 11.7 218 9.45
      vertex 13.5 218 9.45
      vertex 13.4701 217.543 9.45
    endloop
  endfacet
  facet normal 0 0 -1
    outer loop
      vertex 11.6855 217.778 9.45
      vertex 13.4701 217.543 9.45
      vertex 13.3807 217.094 9.45
    endloop
  endfacet
  facet normal 0 0 -1
    outer loop
      vertex 13.5 218 9.45
      vertex 11.7 218 9.45
      vertex 13.4701 218.457 9.45
    endloop
  endfacet
  facet normal 0 0 -1
    outer loop
      vertex 11.6421 217.56 9.45
      vertex 13.3807 217.094 9.45
      vertex 13.2336 216.661 9.45
    endloop
  endfacet
  facet normal 0 0 -1
    outer loop
      vertex 11.6855 218.222 9.45
      vertex 13.4701 218.457 9.45
      vertex 11.7 218 9.45
    endloop
  endfacet
  facet normal 0 0 -1
    outer loop
      vertex 11.5706 217.349 9.45
      vertex 13.2336 216.661 9.45
      vertex 13.0311 216.25 9.45
    endloop
  endfacet
  facet normal -0 0 -1
    outer loop
      vertex 13.4701 218.457 9.45
      vertex 11.6855 218.222 9.45
      vertex 13.3807 218.906 9.45
    endloop
  endfacet
  facet normal 0 0 -1
    outer loop
      vertex 11.4722 217.15 9.45
      vertex 13.0311 216.25 9.45
      vertex 12.7767 215.869 9.45
    endloop
  endfacet
  facet normal 0 0 -1
    outer loop
      vertex 11.6421 218.44 9.45
      vertex 13.3807 218.906 9.45
      vertex 11.6855 218.222 9.45
    endloop
  endfacet
  facet normal 0 0 -1
    outer loop
      vertex 11.3487 216.965 9.45
      vertex 12.7767 215.869 9.45
      vertex 12.4749 215.525 9.45
    endloop
  endfacet
  facet normal -0 0 -1
    outer loop
      vertex 13.3807 218.906 9.45
      vertex 11.6421 218.44 9.45
      vertex 13.2336 219.339 9.45
    endloop
  endfacet
  facet normal 0 0 -1
    outer loop
      vertex 11.2021 216.798 9.45
      vertex 12.4749 215.525 9.45
      vertex 12.1307 215.223 9.45
    endloop
  endfacet
  facet normal 0 0 -1
    outer loop
      vertex 11.5706 218.651 9.45
      vertex 13.2336 219.339 9.45
      vertex 11.6421 218.44 9.45
    endloop
  endfacet
  facet normal 0 0 -1
    outer loop
      vertex 11.0349 216.651 9.45
      vertex 12.1307 215.223 9.45
      vertex 11.75 214.969 9.45
    endloop
  endfacet
  facet normal -0 0 -1
    outer loop
      vertex 13.2336 219.339 9.45
      vertex 11.5706 218.651 9.45
      vertex 13.0311 219.75 9.45
    endloop
  endfacet
  facet normal 0 0 -1
    outer loop
      vertex 11.4722 218.85 9.45
      vertex 13.0311 219.75 9.45
      vertex 11.5706 218.651 9.45
    endloop
  endfacet
  facet normal 0 0 -1
    outer loop
      vertex 13.4701 217.543 9.45
      vertex 11.6855 217.778 9.45
      vertex 11.7 218 9.45
    endloop
  endfacet
  facet normal 0 0 -1
    outer loop
      vertex 13.3807 217.094 9.45
      vertex 11.6421 217.56 9.45
      vertex 11.6855 217.778 9.45
    endloop
  endfacet
  facet normal 0 0 -1
    outer loop
      vertex 13.2336 216.661 9.45
      vertex 11.5706 217.349 9.45
      vertex 11.6421 217.56 9.45
    endloop
  endfacet
  facet normal 0 0 -1
    outer loop
      vertex 13.0311 216.25 9.45
      vertex 11.4722 217.15 9.45
      vertex 11.5706 217.349 9.45
    endloop
  endfacet
  facet normal 0 0 -1
    outer loop
      vertex 12.7767 215.869 9.45
      vertex 11.3487 216.965 9.45
      vertex 11.4722 217.15 9.45
    endloop
  endfacet
  facet normal 0 0 -1
    outer loop
      vertex 10.85 216.528 9.45
      vertex 11.75 214.969 9.45
      vertex 11.3394 214.766 9.45
    endloop
  endfacet
  facet normal 0 0 -1
    outer loop
      vertex 12.4749 215.525 9.45
      vertex 11.2021 216.798 9.45
      vertex 11.3487 216.965 9.45
    endloop
  endfacet
  facet normal 0 0 -1
    outer loop
      vertex 12.1307 215.223 9.45
      vertex 11.0349 216.651 9.45
      vertex 11.2021 216.798 9.45
    endloop
  endfacet
  facet normal 0 0 -1
    outer loop
      vertex 10.6506 216.429 9.45
      vertex 11.3394 214.766 9.45
      vertex 10.9059 214.619 9.45
    endloop
  endfacet
  facet normal 0 0 -1
    outer loop
      vertex 11.75 214.969 9.45
      vertex 10.85 216.528 9.45
      vertex 11.0349 216.651 9.45
    endloop
  endfacet
  facet normal 0 0 -1
    outer loop
      vertex 11.3394 214.766 9.45
      vertex 10.6506 216.429 9.45
      vertex 10.85 216.528 9.45
    endloop
  endfacet
  facet normal 0 0 -1
    outer loop
      vertex 10.44 216.358 9.45
      vertex 10.9059 214.619 9.45
      vertex 10.4568 214.53 9.45
    endloop
  endfacet
  facet normal 0 0 -1
    outer loop
      vertex 10.9059 214.619 9.45
      vertex 10.44 216.358 9.45
      vertex 10.6506 216.429 9.45
    endloop
  endfacet
  facet normal 0 0 -1
    outer loop
      vertex 10.4568 214.53 9.45
      vertex 10.2219 216.315 9.45
      vertex 10.44 216.358 9.45
    endloop
  endfacet
  facet normal 0 0 -1
    outer loop
      vertex 10 214.5 9.45
      vertex 10.2219 216.315 9.45
      vertex 10.4568 214.53 9.45
    endloop
  endfacet
  facet normal 0 0 -1
    outer loop
      vertex 10 214.5 9.45
      vertex 10 216.3 9.45
      vertex 10.2219 216.315 9.45
    endloop
  endfacet
  facet normal 0 0 -1
    outer loop
      vertex 10 214.5 9.45
      vertex 9.7781 216.315 9.45
      vertex 10 216.3 9.45
    endloop
  endfacet
  facet normal 0 0 -1
    outer loop
      vertex 9.54316 214.53 9.45
      vertex 9.7781 216.315 9.45
      vertex 10 214.5 9.45
    endloop
  endfacet
  facet normal -0 0 -1
    outer loop
      vertex 9.7781 216.315 9.45
      vertex 9.54316 214.53 9.45
      vertex 9.56001 216.358 9.45
    endloop
  endfacet
  facet normal 0 0 -1
    outer loop
      vertex 9.09413 214.619 9.45
      vertex 9.56001 216.358 9.45
      vertex 9.54316 214.53 9.45
    endloop
  endfacet
  facet normal -0 0 -1
    outer loop
      vertex 9.56001 216.358 9.45
      vertex 9.09413 214.619 9.45
      vertex 9.34944 216.429 9.45
    endloop
  endfacet
  facet normal 0 0 -1
    outer loop
      vertex 8.66061 214.766 9.45
      vertex 9.34944 216.429 9.45
      vertex 9.09413 214.619 9.45
    endloop
  endfacet
  facet normal -0 0 -1
    outer loop
      vertex 9.34944 216.429 9.45
      vertex 8.66061 214.766 9.45
      vertex 9.15 216.528 9.45
    endloop
  endfacet
  facet normal 0 0 -1
    outer loop
      vertex 8.25 214.969 9.45
      vertex 9.15 216.528 9.45
      vertex 8.66061 214.766 9.45
    endloop
  endfacet
  facet normal -0 0 -1
    outer loop
      vertex 9.15 216.528 9.45
      vertex 8.25 214.969 9.45
      vertex 8.96511 216.651 9.45
    endloop
  endfacet
  facet normal 0 0 -1
    outer loop
      vertex 7.86933 215.223 9.45
      vertex 8.96511 216.651 9.45
      vertex 8.25 214.969 9.45
    endloop
  endfacet
  facet normal -0 0 -1
    outer loop
      vertex 8.96511 216.651 9.45
      vertex 7.86933 215.223 9.45
      vertex 8.79792 216.798 9.45
    endloop
  endfacet
  facet normal 0 0 -1
    outer loop
      vertex 7.52513 215.525 9.45
      vertex 8.79792 216.798 9.45
      vertex 7.86933 215.223 9.45
    endloop
  endfacet
  facet normal -0 0 -1
    outer loop
      vertex 8.79792 216.798 9.45
      vertex 7.52513 215.525 9.45
      vertex 8.6513 216.965 9.45
    endloop
  endfacet
  facet normal 0 0 -1
    outer loop
      vertex 7.22326 215.869 9.45
      vertex 8.6513 216.965 9.45
      vertex 7.52513 215.525 9.45
    endloop
  endfacet
  facet normal 0 0 -1
    outer loop
      vertex 6.96891 216.25 9.45
      vertex 8.52776 217.15 9.45
      vertex 7.22326 215.869 9.45
    endloop
  endfacet
  facet normal -0 0 -1
    outer loop
      vertex 8.6513 216.965 9.45
      vertex 7.22326 215.869 9.45
      vertex 8.52776 217.15 9.45
    endloop
  endfacet
  facet normal -0 0 -1
    outer loop
      vertex 13.0311 219.75 9.45
      vertex 11.4722 218.85 9.45
      vertex 12.7767 220.131 9.45
    endloop
  endfacet
  facet normal 0 0 -1
    outer loop
      vertex 11.3487 219.035 9.45
      vertex 12.7767 220.131 9.45
      vertex 11.4722 218.85 9.45
    endloop
  endfacet
  facet normal -0 0 -1
    outer loop
      vertex 12.7767 220.131 9.45
      vertex 11.3487 219.035 9.45
      vertex 12.4749 220.475 9.45
    endloop
  endfacet
  facet normal 0 0 -1
    outer loop
      vertex 11.2021 219.202 9.45
      vertex 12.4749 220.475 9.45
      vertex 11.3487 219.035 9.45
    endloop
  endfacet
  facet normal -0 0 -1
    outer loop
      vertex 12.4749 220.475 9.45
      vertex 11.2021 219.202 9.45
      vertex 12.1307 220.777 9.45
    endloop
  endfacet
  facet normal 0 0 -1
    outer loop
      vertex 11.0349 219.349 9.45
      vertex 12.1307 220.777 9.45
      vertex 11.2021 219.202 9.45
    endloop
  endfacet
  facet normal -0 0 -1
    outer loop
      vertex 12.1307 220.777 9.45
      vertex 11.0349 219.349 9.45
      vertex 11.75 221.031 9.45
    endloop
  endfacet
  facet normal 0 0 -1
    outer loop
      vertex 10.85 219.472 9.45
      vertex 11.75 221.031 9.45
      vertex 11.0349 219.349 9.45
    endloop
  endfacet
  facet normal -0 0 -1
    outer loop
      vertex 11.75 221.031 9.45
      vertex 10.85 219.472 9.45
      vertex 11.3394 221.234 9.45
    endloop
  endfacet
  facet normal 0 0 -1
    outer loop
      vertex 10.6506 219.571 9.45
      vertex 11.3394 221.234 9.45
      vertex 10.85 219.472 9.45
    endloop
  endfacet
  facet normal -0 0 -1
    outer loop
      vertex 11.3394 221.234 9.45
      vertex 10.6506 219.571 9.45
      vertex 10.9059 221.381 9.45
    endloop
  endfacet
  facet normal 0 0 -1
    outer loop
      vertex 10.44 219.642 9.45
      vertex 10.9059 221.381 9.45
      vertex 10.6506 219.571 9.45
    endloop
  endfacet
  facet normal -0 0 -1
    outer loop
      vertex 10.9059 221.381 9.45
      vertex 10.44 219.642 9.45
      vertex 10.4568 221.47 9.45
    endloop
  endfacet
  facet normal 0 0 -1
    outer loop
      vertex 10.2219 219.685 9.45
      vertex 10.4568 221.47 9.45
      vertex 10.44 219.642 9.45
    endloop
  endfacet
  facet normal 0 0 -1
    outer loop
      vertex 10 219.7 9.45
      vertex 10.4568 221.47 9.45
      vertex 10.2219 219.685 9.45
    endloop
  endfacet
  facet normal 0 0 -1
    outer loop
      vertex 10 219.7 9.45
      vertex 10 221.5 9.45
      vertex 10.4568 221.47 9.45
    endloop
  endfacet
  facet normal 0 0 -1
    outer loop
      vertex 9.7781 219.685 9.45
      vertex 10 221.5 9.45
      vertex 10 219.7 9.45
    endloop
  endfacet
  facet normal 0 0 -1
    outer loop
      vertex 9.54316 221.47 9.45
      vertex 9.7781 219.685 9.45
      vertex 9.56001 219.642 9.45
    endloop
  endfacet
  facet normal 0 0 -1
    outer loop
      vertex 9.7781 219.685 9.45
      vertex 9.54316 221.47 9.45
      vertex 10 221.5 9.45
    endloop
  endfacet
  facet normal 0 0 -1
    outer loop
      vertex 9.09413 221.381 9.45
      vertex 9.56001 219.642 9.45
      vertex 9.34944 219.571 9.45
    endloop
  endfacet
  facet normal 0 0 -1
    outer loop
      vertex 8.66061 221.234 9.45
      vertex 9.34944 219.571 9.45
      vertex 9.15 219.472 9.45
    endloop
  endfacet
  facet normal 0 0 -1
    outer loop
      vertex 9.56001 219.642 9.45
      vertex 9.09413 221.381 9.45
      vertex 9.54316 221.47 9.45
    endloop
  endfacet
  facet normal 0 0 -1
    outer loop
      vertex 8.25 221.031 9.45
      vertex 9.15 219.472 9.45
      vertex 8.96511 219.349 9.45
    endloop
  endfacet
  facet normal 0 0 -1
    outer loop
      vertex 7.86933 220.777 9.45
      vertex 8.96511 219.349 9.45
      vertex 8.79792 219.202 9.45
    endloop
  endfacet
  facet normal 0 0 -1
    outer loop
      vertex 9.34944 219.571 9.45
      vertex 8.66061 221.234 9.45
      vertex 9.09413 221.381 9.45
    endloop
  endfacet
  facet normal 0 0 -1
    outer loop
      vertex 7.52513 220.475 9.45
      vertex 8.79792 219.202 9.45
      vertex 8.6513 219.035 9.45
    endloop
  endfacet
  facet normal 0 0 -1
    outer loop
      vertex 7.22326 220.131 9.45
      vertex 8.6513 219.035 9.45
      vertex 8.52776 218.85 9.45
    endloop
  endfacet
  facet normal 0 0 -1
    outer loop
      vertex 6.96891 219.75 9.45
      vertex 8.52776 218.85 9.45
      vertex 8.4294 218.651 9.45
    endloop
  endfacet
  facet normal 0 0 -1
    outer loop
      vertex 6.76642 219.339 9.45
      vertex 8.4294 218.651 9.45
      vertex 8.35793 218.44 9.45
    endloop
  endfacet
  facet normal 0 0 -1
    outer loop
      vertex 6.61926 218.906 9.45
      vertex 8.35793 218.44 9.45
      vertex 8.31454 218.222 9.45
    endloop
  endfacet
  facet normal 0 0 -1
    outer loop
      vertex 9.15 219.472 9.45
      vertex 8.25 221.031 9.45
      vertex 8.66061 221.234 9.45
    endloop
  endfacet
  facet normal 0 0 -1
    outer loop
      vertex 6.52994 218.457 9.45
      vertex 8.31454 218.222 9.45
      vertex 8.3 218 9.45
    endloop
  endfacet
  facet normal -0 0 -1
    outer loop
      vertex 8.52776 217.15 9.45
      vertex 6.96891 216.25 9.45
      vertex 8.4294 217.349 9.45
    endloop
  endfacet
  facet normal 0 0 -1
    outer loop
      vertex 6.76642 216.661 9.45
      vertex 8.4294 217.349 9.45
      vertex 6.96891 216.25 9.45
    endloop
  endfacet
  facet normal 0 0 -1
    outer loop
      vertex 8.96511 219.349 9.45
      vertex 7.86933 220.777 9.45
      vertex 8.25 221.031 9.45
    endloop
  endfacet
  facet normal -0 0 -1
    outer loop
      vertex 8.4294 217.349 9.45
      vertex 6.76642 216.661 9.45
      vertex 8.35793 217.56 9.45
    endloop
  endfacet
  facet normal 0 0 -1
    outer loop
      vertex 8.79792 219.202 9.45
      vertex 7.52513 220.475 9.45
      vertex 7.86933 220.777 9.45
    endloop
  endfacet
  facet normal 0 0 -1
    outer loop
      vertex 6.61926 217.094 9.45
      vertex 8.35793 217.56 9.45
      vertex 6.76642 216.661 9.45
    endloop
  endfacet
  facet normal 0 0 -1
    outer loop
      vertex 8.6513 219.035 9.45
      vertex 7.22326 220.131 9.45
      vertex 7.52513 220.475 9.45
    endloop
  endfacet
  facet normal -0 0 -1
    outer loop
      vertex 8.35793 217.56 9.45
      vertex 6.61926 217.094 9.45
      vertex 8.31454 217.778 9.45
    endloop
  endfacet
  facet normal 0 0 -1
    outer loop
      vertex 8.52776 218.85 9.45
      vertex 6.96891 219.75 9.45
      vertex 7.22326 220.131 9.45
    endloop
  endfacet
  facet normal 0 0 -1
    outer loop
      vertex 6.52994 217.543 9.45
      vertex 8.31454 217.778 9.45
      vertex 6.61926 217.094 9.45
    endloop
  endfacet
  facet normal 0 0 -1
    outer loop
      vertex 8.4294 218.651 9.45
      vertex 6.76642 219.339 9.45
      vertex 6.96891 219.75 9.45
    endloop
  endfacet
  facet normal -0 0 -1
    outer loop
      vertex 8.31454 217.778 9.45
      vertex 6.52994 217.543 9.45
      vertex 8.3 218 9.45
    endloop
  endfacet
  facet normal 0 0 -1
    outer loop
      vertex 8.35793 218.44 9.45
      vertex 6.61926 218.906 9.45
      vertex 6.76642 219.339 9.45
    endloop
  endfacet
  facet normal 0 0 -1
    outer loop
      vertex 6.5 218 9.45
      vertex 8.3 218 9.45
      vertex 6.52994 217.543 9.45
    endloop
  endfacet
  facet normal 0 0 -1
    outer loop
      vertex 8.31454 218.222 9.45
      vertex 6.52994 218.457 9.45
      vertex 6.61926 218.906 9.45
    endloop
  endfacet
  facet normal 0 0 -1
    outer loop
      vertex 8.3 218 9.45
      vertex 6.5 218 9.45
      vertex 6.52994 218.457 9.45
    endloop
  endfacet
  facet normal -0.194394 -0.980924 0
    outer loop
      vertex 10.4568 221.47 0
      vertex 10.9059 221.381 9.45
      vertex 10.4568 221.47 9.45
    endloop
  endfacet
  facet normal -0.194394 -0.980924 -0
    outer loop
      vertex 10.9059 221.381 9.45
      vertex 10.4568 221.47 0
      vertex 10.9059 221.381 0
    endloop
  endfacet
  facet normal 0.443183 0.896431 -0
    outer loop
      vertex 8.66061 214.766 0
      vertex 8.25 214.969 9.45
      vertex 8.66061 214.766 9.45
    endloop
  endfacet
  facet normal 0.443183 0.896431 0
    outer loop
      vertex 8.25 214.969 9.45
      vertex 8.66061 214.766 0
      vertex 8.25 214.969 0
    endloop
  endfacet
  facet normal 0.946813 -0.321785 0
    outer loop
      vertex 6.61926 218.906 9.45
      vertex 6.76642 219.339 0
      vertex 6.76642 219.339 9.45
    endloop
  endfacet
  facet normal 0.946813 -0.321785 0
    outer loop
      vertex 6.76642 219.339 0
      vertex 6.61926 218.906 9.45
      vertex 6.61926 218.906 0
    endloop
  endfacet
  facet normal 0 0 1
    outer loop
      vertex -27.8503 187.72 4.45
      vertex -28.3117 173.585 4.45
      vertex -25.8807 187.373 4.45
    endloop
  endfacet
  facet normal 0 -0 1
    outer loop
      vertex -28.3117 173.585 4.45
      vertex -27.8503 187.72 4.45
      vertex -30.2814 173.933 4.45
    endloop
  endfacet
  facet normal -0.173506 -0.984833 0
    outer loop
      vertex -27.8503 187.72 4.45
      vertex -25.8807 187.373 12.45
      vertex -27.8503 187.72 12.45
    endloop
  endfacet
  facet normal -0.173506 -0.984833 -0
    outer loop
      vertex -25.8807 187.373 12.45
      vertex -27.8503 187.72 4.45
      vertex -25.8807 187.373 4.45
    endloop
  endfacet
  facet normal 0.173982 0.984749 -0
    outer loop
      vertex -28.3117 173.585 4.45
      vertex -30.2814 173.933 12.45
      vertex -28.3117 173.585 12.45
    endloop
  endfacet
  facet normal 0.173982 0.984749 0
    outer loop
      vertex -30.2814 173.933 12.45
      vertex -28.3117 173.585 4.45
      vertex -30.2814 173.933 4.45
    endloop
  endfacet
  facet normal 0 0 1
    outer loop
      vertex 27.8503 187.72 4.45
      vertex 28.3117 173.585 4.45
      vertex 30.2814 173.933 4.45
    endloop
  endfacet
  facet normal 0 0 1
    outer loop
      vertex 28.3117 173.585 4.45
      vertex 27.8503 187.72 4.45
      vertex 25.8807 187.373 4.45
    endloop
  endfacet
  facet normal -0.173982 0.984749 0
    outer loop
      vertex 30.2814 173.933 4.45
      vertex 28.3117 173.585 12.45
      vertex 30.2814 173.933 12.45
    endloop
  endfacet
  facet normal -0.173982 0.984749 0
    outer loop
      vertex 28.3117 173.585 12.45
      vertex 30.2814 173.933 4.45
      vertex 28.3117 173.585 4.45
    endloop
  endfacet
  facet normal 0.173506 -0.984833 0
    outer loop
      vertex 25.8807 187.373 4.45
      vertex 27.8503 187.72 12.45
      vertex 25.8807 187.373 12.45
    endloop
  endfacet
  facet normal 0.173506 -0.984833 0
    outer loop
      vertex 27.8503 187.72 12.45
      vertex 25.8807 187.373 4.45
      vertex 27.8503 187.72 4.45
    endloop
  endfacet
  facet normal -1 0 0
    outer loop
      vertex 7 247 4.45
      vertex 7 249 12.45
      vertex 7 249 4.45
    endloop
  endfacet
  facet normal -1 -0 0
    outer loop
      vertex 7 249 12.45
      vertex 7 247 4.45
      vertex 7 247 12.45
    endloop
  endfacet
  facet normal -0 0 1
    outer loop
      vertex -7 249 4.45
      vertex 7 247 4.45
      vertex 7 249 4.45
    endloop
  endfacet
  facet normal 0 0 1
    outer loop
      vertex 7 247 4.45
      vertex -7 249 4.45
      vertex -7 247 4.45
    endloop
  endfacet
  facet normal 1 -0 0
    outer loop
      vertex -7 247 12.45
      vertex -7 249 4.45
      vertex -7 249 12.45
    endloop
  endfacet
  facet normal 1 0 0
    outer loop
      vertex -7 249 4.45
      vertex -7 247 12.45
      vertex -7 247 4.45
    endloop
  endfacet
endsolid OpenSCAD_Model
