solid OpenSCAD_Model
  facet normal 0 0 1
    outer loop
      vertex 2.5 116.5 7
      vertex 5.5 116.5 7
      vertex 5.48715 116.696 7
    endloop
  endfacet
  facet normal 0 0 1
    outer loop
      vertex 161.574 -1.11417 7
      vertex 161.845 -1.26455 7
      vertex 161.75 -1.20096 7
    endloop
  endfacet
  facet normal 0 0 1
    outer loop
      vertex 161.388 -1.0511 7
      vertex 161.845 -1.26455 7
      vertex 161.574 -1.11417 7
    endloop
  endfacet
  facet normal 0 0 1
    outer loop
      vertex 161.196 -1.01283 7
      vertex 161.845 -1.26455 7
      vertex 161.388 -1.0511 7
    endloop
  endfacet
  facet normal 0 0 1
    outer loop
      vertex 161 -1 7
      vertex 161.845 -1.26455 7
      vertex 161.196 -1.01283 7
    endloop
  endfacet
  facet normal 0 0 1
    outer loop
      vertex 161 -1 7
      vertex 159.822 -4 7
      vertex 161.845 -1.26455 7
    endloop
  endfacet
  facet normal -0 0 1
    outer loop
      vertex 5.5 -1 7
      vertex 159.822 -4 7
      vertex 161 -1 7
    endloop
  endfacet
  facet normal 0 0 1
    outer loop
      vertex 2.5 116.5 7
      vertex 5.48715 116.696 7
      vertex 5.44888 116.888 7
    endloop
  endfacet
  facet normal 0 0 1
    outer loop
      vertex 2.5 116.5 7
      vertex 5.44888 116.888 7
      vertex 5.38582 117.074 7
    endloop
  endfacet
  facet normal 0 0 1
    outer loop
      vertex 2.5 116.5 7
      vertex 5.38582 117.074 7
      vertex 5.29903 117.25 7
    endloop
  endfacet
  facet normal 0 0 1
    outer loop
      vertex 2.5 116.5 7
      vertex 5.29903 117.25 7
      vertex 5.19002 117.413 7
    endloop
  endfacet
  facet normal 0 0 1
    outer loop
      vertex 2.5 116.5 7
      vertex 5.19002 117.413 7
      vertex 5.06065 117.561 7
    endloop
  endfacet
  facet normal 0 0 1
    outer loop
      vertex 2.5 116.5 7
      vertex 5.06065 117.561 7
      vertex 4.91313 117.69 7
    endloop
  endfacet
  facet normal 0 0 1
    outer loop
      vertex 2.5 116.5 7
      vertex 4.91313 117.69 7
      vertex 4.75 117.799 7
    endloop
  endfacet
  facet normal 0 0 1
    outer loop
      vertex 2.5 116.5 7
      vertex 4.75 117.799 7
      vertex 4.57402 117.886 7
    endloop
  endfacet
  facet normal 0 0 1
    outer loop
      vertex 2.5 116.5 7
      vertex 4.57402 117.886 7
      vertex 4.38821 117.949 7
    endloop
  endfacet
  facet normal 0 0 1
    outer loop
      vertex 2.5 116.5 7
      vertex 4.38821 117.949 7
      vertex 4.19579 117.987 7
    endloop
  endfacet
  facet normal 0 0 1
    outer loop
      vertex 2.5 116.5 7
      vertex 4.19579 117.987 7
      vertex 4 118 7
    endloop
  endfacet
  facet normal 0 0 1
    outer loop
      vertex 5.5 -1 7
      vertex 4 -4 7
      vertex 159.822 -4 7
    endloop
  endfacet
  facet normal 0 0 1
    outer loop
      vertex 5.5 116.5 7
      vertex 2.5 116.5 7
      vertex 5.5 -1 7
    endloop
  endfacet
  facet normal 0 0 1
    outer loop
      vertex 2.5 116.5 7
      vertex 4 118 7
      vertex 3.8042 117.987 7
    endloop
  endfacet
  facet normal 0 0 1
    outer loop
      vertex 2.5 -2.5 7
      vertex 5.5 -1 7
      vertex 2.5 116.5 7
    endloop
  endfacet
  facet normal 0 0 1
    outer loop
      vertex 2.5 116.5 7
      vertex 3.8042 117.987 7
      vertex 3.61177 117.949 7
    endloop
  endfacet
  facet normal 0 0 1
    outer loop
      vertex 5.5 -1 7
      vertex 2.5 -2.5 7
      vertex 4 -4 7
    endloop
  endfacet
  facet normal 0 0 1
    outer loop
      vertex 2.5 116.5 7
      vertex 3.61177 117.949 7
      vertex 3.42596 117.886 7
    endloop
  endfacet
  facet normal 0 0 1
    outer loop
      vertex 4 -4 7
      vertex 2.5 -2.5 7
      vertex 3.8042 -3.98715 7
    endloop
  endfacet
  facet normal 0 0 1
    outer loop
      vertex 2.5 116.5 7
      vertex 3.42596 117.886 7
      vertex 3.25 117.799 7
    endloop
  endfacet
  facet normal 0 0 1
    outer loop
      vertex 3.8042 -3.98715 7
      vertex 2.5 -2.5 7
      vertex 3.61177 -3.94888 7
    endloop
  endfacet
  facet normal 0 0 1
    outer loop
      vertex 2.5 116.5 7
      vertex 3.25 117.799 7
      vertex 3.08685 117.69 7
    endloop
  endfacet
  facet normal 0 0 1
    outer loop
      vertex 3.61177 -3.94888 7
      vertex 2.5 -2.5 7
      vertex 3.42596 -3.88582 7
    endloop
  endfacet
  facet normal 0 0 1
    outer loop
      vertex 2.5 116.5 7
      vertex 3.08685 117.69 7
      vertex 2.93933 117.561 7
    endloop
  endfacet
  facet normal 0 0 1
    outer loop
      vertex 3.42596 -3.88582 7
      vertex 2.5 -2.5 7
      vertex 3.25 -3.79903 7
    endloop
  endfacet
  facet normal 0 0 1
    outer loop
      vertex 2.5 116.5 7
      vertex 2.93933 117.561 7
      vertex 2.80997 117.413 7
    endloop
  endfacet
  facet normal 0 0 1
    outer loop
      vertex 3.25 -3.79903 7
      vertex 2.5 -2.5 7
      vertex 3.08685 -3.69002 7
    endloop
  endfacet
  facet normal 0 0 1
    outer loop
      vertex 2.5 116.5 7
      vertex 2.80997 117.413 7
      vertex 2.70096 117.25 7
    endloop
  endfacet
  facet normal 0 0 1
    outer loop
      vertex 3.08685 -3.69002 7
      vertex 2.5 -2.5 7
      vertex 2.93933 -3.56065 7
    endloop
  endfacet
  facet normal 0 0 1
    outer loop
      vertex 2.5 116.5 7
      vertex 2.70096 117.25 7
      vertex 2.61417 117.074 7
    endloop
  endfacet
  facet normal 0 0 1
    outer loop
      vertex 2.93933 -3.56065 7
      vertex 2.5 -2.5 7
      vertex 2.80997 -3.41313 7
    endloop
  endfacet
  facet normal 0 0 1
    outer loop
      vertex 2.5 116.5 7
      vertex 2.61417 117.074 7
      vertex 2.5511 116.888 7
    endloop
  endfacet
  facet normal 0 0 1
    outer loop
      vertex 2.80997 -3.41313 7
      vertex 2.5 -2.5 7
      vertex 2.70096 -3.25 7
    endloop
  endfacet
  facet normal 0 0 1
    outer loop
      vertex 2.5 116.5 7
      vertex 2.5511 116.888 7
      vertex 2.51283 116.696 7
    endloop
  endfacet
  facet normal 0 0 1
    outer loop
      vertex 2.70096 -3.25 7
      vertex 2.5 -2.5 7
      vertex 2.61417 -3.07402 7
    endloop
  endfacet
  facet normal 0 0 1
    outer loop
      vertex 2.61417 -3.07402 7
      vertex 2.5 -2.5 7
      vertex 2.5511 -2.88821 7
    endloop
  endfacet
  facet normal 0 0 1
    outer loop
      vertex 2.5511 -2.88821 7
      vertex 2.5 -2.5 7
      vertex 2.51283 -2.69579 7
    endloop
  endfacet
  facet normal 0.556254 0.831013 -0
    outer loop
      vertex 161.845 -1.26455 2
      vertex 161.75 -1.20096 7
      vertex 161.845 -1.26455 7
    endloop
  endfacet
  facet normal 0.556254 0.831013 0
    outer loop
      vertex 161.75 -1.20096 7
      vertex 161.845 -1.26455 2
      vertex 161.75 -1.20096 2
    endloop
  endfacet
  facet normal 0.442274 0.89688 -0
    outer loop
      vertex 161.75 -1.20096 2
      vertex 161.574 -1.11417 7
      vertex 161.75 -1.20096 7
    endloop
  endfacet
  facet normal 0.442274 0.89688 0
    outer loop
      vertex 161.574 -1.11417 7
      vertex 161.75 -1.20096 2
      vertex 161.574 -1.11417 2
    endloop
  endfacet
  facet normal 0.321127 0.947036 -0
    outer loop
      vertex 161.574 -1.11417 2
      vertex 161.388 -1.0511 7
      vertex 161.574 -1.11417 7
    endloop
  endfacet
  facet normal 0.321127 0.947036 0
    outer loop
      vertex 161.388 -1.0511 7
      vertex 161.574 -1.11417 2
      vertex 161.388 -1.0511 2
    endloop
  endfacet
  facet normal 0.195478 0.980708 -0
    outer loop
      vertex 161.388 -1.0511 2
      vertex 161.196 -1.01283 7
      vertex 161.388 -1.0511 7
    endloop
  endfacet
  facet normal 0.195478 0.980708 0
    outer loop
      vertex 161.196 -1.01283 7
      vertex 161.388 -1.0511 2
      vertex 161.196 -1.01283 2
    endloop
  endfacet
  facet normal 0.0653194 0.997864 -0
    outer loop
      vertex 161.196 -1.01283 2
      vertex 161 -1 7
      vertex 161.196 -1.01283 7
    endloop
  endfacet
  facet normal 0.0653194 0.997864 0
    outer loop
      vertex 161 -1 7
      vertex 161.196 -1.01283 2
      vertex 161 -1 2
    endloop
  endfacet
  facet normal 0 1 -0
    outer loop
      vertex 161 -1 2
      vertex 5.5 -1 7
      vertex 161 -1 7
    endloop
  endfacet
  facet normal 0 1 0
    outer loop
      vertex 5.5 -1 7
      vertex 161 -1 2
      vertex 5.5 -1 2
    endloop
  endfacet
  facet normal 1 -0 0
    outer loop
      vertex 5.5 -1 7
      vertex 5.5 116.5 2
      vertex 5.5 116.5 7
    endloop
  endfacet
  facet normal 1 0 0
    outer loop
      vertex 5.5 116.5 2
      vertex 5.5 -1 7
      vertex 5.5 -1 2
    endloop
  endfacet
  facet normal 0.997858 0.0654208 0
    outer loop
      vertex 5.5 116.5 7
      vertex 5.48715 116.696 2
      vertex 5.48715 116.696 7
    endloop
  endfacet
  facet normal 0.997858 0.0654208 0
    outer loop
      vertex 5.48715 116.696 2
      vertex 5.5 116.5 7
      vertex 5.5 116.5 2
    endloop
  endfacet
  facet normal 0.980708 0.195478 0
    outer loop
      vertex 5.48715 116.696 7
      vertex 5.44888 116.888 2
      vertex 5.44888 116.888 7
    endloop
  endfacet
  facet normal 0.980708 0.195478 0
    outer loop
      vertex 5.44888 116.888 2
      vertex 5.48715 116.696 7
      vertex 5.48715 116.696 2
    endloop
  endfacet
  facet normal 0.947052 0.321081 0
    outer loop
      vertex 5.44888 116.888 7
      vertex 5.38582 117.074 2
      vertex 5.38582 117.074 7
    endloop
  endfacet
  facet normal 0.947052 0.321081 0
    outer loop
      vertex 5.38582 117.074 2
      vertex 5.44888 116.888 7
      vertex 5.44888 116.888 2
    endloop
  endfacet
  facet normal 0.89688 0.442274 0
    outer loop
      vertex 5.38582 117.074 7
      vertex 5.29903 117.25 2
      vertex 5.29903 117.25 7
    endloop
  endfacet
  facet normal 0.89688 0.442274 0
    outer loop
      vertex 5.29903 117.25 2
      vertex 5.38582 117.074 7
      vertex 5.38582 117.074 2
    endloop
  endfacet
  facet normal 0.831241 0.555912 0
    outer loop
      vertex 5.29903 117.25 7
      vertex 5.19002 117.413 2
      vertex 5.19002 117.413 7
    endloop
  endfacet
  facet normal 0.831241 0.555912 0
    outer loop
      vertex 5.19002 117.413 2
      vertex 5.29903 117.25 7
      vertex 5.29903 117.25 2
    endloop
  endfacet
  facet normal 0.752904 0.65813 0
    outer loop
      vertex 5.19002 117.413 7
      vertex 5.06065 117.561 2
      vertex 5.06065 117.561 7
    endloop
  endfacet
  facet normal 0.752904 0.65813 0
    outer loop
      vertex 5.06065 117.561 2
      vertex 5.19002 117.413 7
      vertex 5.19002 117.413 2
    endloop
  endfacet
  facet normal 0.658273 0.752779 -0
    outer loop
      vertex 5.06065 117.561 2
      vertex 4.91313 117.69 7
      vertex 5.06065 117.561 7
    endloop
  endfacet
  facet normal 0.658273 0.752779 0
    outer loop
      vertex 4.91313 117.69 7
      vertex 5.06065 117.561 2
      vertex 4.91313 117.69 2
    endloop
  endfacet
  facet normal 0.55557 0.83147 -0
    outer loop
      vertex 4.91313 117.69 2
      vertex 4.75 117.799 7
      vertex 4.91313 117.69 7
    endloop
  endfacet
  facet normal 0.55557 0.83147 0
    outer loop
      vertex 4.75 117.799 7
      vertex 4.91313 117.69 2
      vertex 4.75 117.799 2
    endloop
  endfacet
  facet normal 0.443175 0.896435 -0
    outer loop
      vertex 4.75 117.799 2
      vertex 4.57402 117.886 7
      vertex 4.75 117.799 7
    endloop
  endfacet
  facet normal 0.443175 0.896435 0
    outer loop
      vertex 4.57402 117.886 7
      vertex 4.75 117.799 2
      vertex 4.57402 117.886 2
    endloop
  endfacet
  facet normal 0.321101 0.947045 -0
    outer loop
      vertex 4.57402 117.886 2
      vertex 4.38821 117.949 7
      vertex 4.57402 117.886 7
    endloop
  endfacet
  facet normal 0.321101 0.947045 0
    outer loop
      vertex 4.38821 117.949 7
      vertex 4.57402 117.886 2
      vertex 4.38821 117.949 2
    endloop
  endfacet
  facet normal 0.193743 0.981052 -0
    outer loop
      vertex 4.38821 117.949 2
      vertex 4.19579 117.987 7
      vertex 4.38821 117.949 7
    endloop
  endfacet
  facet normal 0.193743 0.981052 0
    outer loop
      vertex 4.19579 117.987 7
      vertex 4.38821 117.949 2
      vertex 4.19579 117.987 2
    endloop
  endfacet
  facet normal 0.0662518 0.997803 -0
    outer loop
      vertex 4.19579 117.987 2
      vertex 4 118 7
      vertex 4.19579 117.987 7
    endloop
  endfacet
  facet normal 0.0662518 0.997803 0
    outer loop
      vertex 4 118 7
      vertex 4.19579 117.987 2
      vertex 4 118 2
    endloop
  endfacet
  facet normal -0.0662484 0.997803 0
    outer loop
      vertex 4 118 2
      vertex 3.8042 117.987 7
      vertex 4 118 7
    endloop
  endfacet
  facet normal -0.0662484 0.997803 0
    outer loop
      vertex 3.8042 117.987 7
      vertex 4 118 2
      vertex 3.8042 117.987 2
    endloop
  endfacet
  facet normal -0.193733 0.981054 0
    outer loop
      vertex 3.8042 117.987 2
      vertex 3.61177 117.949 7
      vertex 3.8042 117.987 7
    endloop
  endfacet
  facet normal -0.193733 0.981054 0
    outer loop
      vertex 3.61177 117.949 7
      vertex 3.8042 117.987 2
      vertex 3.61177 117.949 2
    endloop
  endfacet
  facet normal -0.321101 0.947045 0
    outer loop
      vertex 3.61177 117.949 2
      vertex 3.42596 117.886 7
      vertex 3.61177 117.949 7
    endloop
  endfacet
  facet normal -0.321101 0.947045 0
    outer loop
      vertex 3.42596 117.886 7
      vertex 3.61177 117.949 2
      vertex 3.42596 117.886 2
    endloop
  endfacet
  facet normal -0.443215 0.896415 0
    outer loop
      vertex 3.42596 117.886 2
      vertex 3.25 117.799 7
      vertex 3.42596 117.886 7
    endloop
  endfacet
  facet normal -0.443215 0.896415 0
    outer loop
      vertex 3.25 117.799 7
      vertex 3.42596 117.886 2
      vertex 3.25 117.799 2
    endloop
  endfacet
  facet normal -0.555523 0.831501 0
    outer loop
      vertex 3.25 117.799 2
      vertex 3.08685 117.69 7
      vertex 3.25 117.799 7
    endloop
  endfacet
  facet normal -0.555523 0.831501 0
    outer loop
      vertex 3.08685 117.69 7
      vertex 3.25 117.799 2
      vertex 3.08685 117.69 2
    endloop
  endfacet
  facet normal -0.658273 0.752779 0
    outer loop
      vertex 3.08685 117.69 2
      vertex 2.93933 117.561 7
      vertex 3.08685 117.69 7
    endloop
  endfacet
  facet normal -0.658273 0.752779 0
    outer loop
      vertex 2.93933 117.561 7
      vertex 3.08685 117.69 2
      vertex 2.93933 117.561 2
    endloop
  endfacet
  facet normal -0.75293 0.658101 0
    outer loop
      vertex 2.80997 117.413 2
      vertex 2.93933 117.561 7
      vertex 2.93933 117.561 2
    endloop
  endfacet
  facet normal -0.75293 0.658101 0
    outer loop
      vertex 2.93933 117.561 7
      vertex 2.80997 117.413 2
      vertex 2.80997 117.413 7
    endloop
  endfacet
  facet normal -0.831241 0.555912 0
    outer loop
      vertex 2.70096 117.25 2
      vertex 2.80997 117.413 7
      vertex 2.80997 117.413 2
    endloop
  endfacet
  facet normal -0.831241 0.555912 0
    outer loop
      vertex 2.80997 117.413 7
      vertex 2.70096 117.25 2
      vertex 2.70096 117.25 7
    endloop
  endfacet
  facet normal -0.89688 0.442274 0
    outer loop
      vertex 2.61417 117.074 2
      vertex 2.70096 117.25 7
      vertex 2.70096 117.25 2
    endloop
  endfacet
  facet normal -0.89688 0.442274 0
    outer loop
      vertex 2.70096 117.25 7
      vertex 2.61417 117.074 2
      vertex 2.61417 117.074 7
    endloop
  endfacet
  facet normal -0.947036 0.321127 0
    outer loop
      vertex 2.5511 116.888 2
      vertex 2.61417 117.074 7
      vertex 2.61417 117.074 2
    endloop
  endfacet
  facet normal -0.947036 0.321127 0
    outer loop
      vertex 2.61417 117.074 7
      vertex 2.5511 116.888 2
      vertex 2.5511 116.888 7
    endloop
  endfacet
  facet normal -0.980708 0.195478 0
    outer loop
      vertex 2.51283 116.696 2
      vertex 2.5511 116.888 7
      vertex 2.5511 116.888 2
    endloop
  endfacet
  facet normal -0.980708 0.195478 0
    outer loop
      vertex 2.5511 116.888 7
      vertex 2.51283 116.696 2
      vertex 2.51283 116.696 7
    endloop
  endfacet
  facet normal -0.997864 0.0653194 0
    outer loop
      vertex 2.5 116.5 2
      vertex 2.51283 116.696 7
      vertex 2.51283 116.696 2
    endloop
  endfacet
  facet normal -0.997864 0.0653194 0
    outer loop
      vertex 2.51283 116.696 7
      vertex 2.5 116.5 2
      vertex 2.5 116.5 7
    endloop
  endfacet
  facet normal -1 0 0
    outer loop
      vertex 2.5 -2.5 2
      vertex 2.5 116.5 7
      vertex 2.5 116.5 2
    endloop
  endfacet
  facet normal -1 -0 0
    outer loop
      vertex 2.5 116.5 7
      vertex 2.5 -2.5 2
      vertex 2.5 -2.5 7
    endloop
  endfacet
  facet normal -0.99786 -0.0653892 0
    outer loop
      vertex 2.51283 -2.69579 2
      vertex 2.5 -2.5 7
      vertex 2.5 -2.5 2
    endloop
  endfacet
  facet normal -0.99786 -0.0653892 0
    outer loop
      vertex 2.5 -2.5 7
      vertex 2.51283 -2.69579 2
      vertex 2.51283 -2.69579 7
    endloop
  endfacet
  facet normal -0.98079 -0.195067 0
    outer loop
      vertex 2.5511 -2.88821 2
      vertex 2.51283 -2.69579 7
      vertex 2.51283 -2.69579 2
    endloop
  endfacet
  facet normal -0.98079 -0.195067 0
    outer loop
      vertex 2.51283 -2.69579 7
      vertex 2.5511 -2.88821 2
      vertex 2.5511 -2.88821 7
    endloop
  endfacet
  facet normal -0.946936 -0.321421 0
    outer loop
      vertex 2.61417 -3.07402 2
      vertex 2.5511 -2.88821 7
      vertex 2.5511 -2.88821 2
    endloop
  endfacet
  facet normal -0.946936 -0.321421 0
    outer loop
      vertex 2.5511 -2.88821 7
      vertex 2.61417 -3.07402 2
      vertex 2.61417 -3.07402 7
    endloop
  endfacet
  facet normal -0.89686 -0.442314 0
    outer loop
      vertex 2.70096 -3.25 2
      vertex 2.61417 -3.07402 7
      vertex 2.61417 -3.07402 2
    endloop
  endfacet
  facet normal -0.89686 -0.442314 0
    outer loop
      vertex 2.61417 -3.07402 7
      vertex 2.70096 -3.25 2
      vertex 2.70096 -3.25 7
    endloop
  endfacet
  facet normal -0.831446 -0.555606 0
    outer loop
      vertex 2.80997 -3.41313 2
      vertex 2.70096 -3.25 7
      vertex 2.70096 -3.25 2
    endloop
  endfacet
  facet normal -0.831446 -0.555606 0
    outer loop
      vertex 2.70096 -3.25 7
      vertex 2.80997 -3.41313 2
      vertex 2.80997 -3.41313 7
    endloop
  endfacet
  facet normal -0.751869 -0.659312 0
    outer loop
      vertex 2.93933 -3.56065 2
      vertex 2.80997 -3.41313 7
      vertex 2.80997 -3.41313 2
    endloop
  endfacet
  facet normal -0.751869 -0.659312 0
    outer loop
      vertex 2.80997 -3.41313 7
      vertex 2.93933 -3.56065 2
      vertex 2.93933 -3.56065 7
    endloop
  endfacet
  facet normal -0.659341 -0.751844 0
    outer loop
      vertex 2.93933 -3.56065 2
      vertex 3.08685 -3.69002 7
      vertex 2.93933 -3.56065 7
    endloop
  endfacet
  facet normal -0.659341 -0.751844 -0
    outer loop
      vertex 3.08685 -3.69002 7
      vertex 2.93933 -3.56065 2
      vertex 3.08685 -3.69002 2
    endloop
  endfacet
  facet normal -0.555558 -0.831477 0
    outer loop
      vertex 3.08685 -3.69002 2
      vertex 3.25 -3.79903 7
      vertex 3.08685 -3.69002 7
    endloop
  endfacet
  facet normal -0.555558 -0.831477 -0
    outer loop
      vertex 3.25 -3.79903 7
      vertex 3.08685 -3.69002 2
      vertex 3.25 -3.79903 2
    endloop
  endfacet
  facet normal -0.442355 -0.89684 0
    outer loop
      vertex 3.25 -3.79903 2
      vertex 3.42596 -3.88582 7
      vertex 3.25 -3.79903 7
    endloop
  endfacet
  facet normal -0.442355 -0.89684 -0
    outer loop
      vertex 3.42596 -3.88582 7
      vertex 3.25 -3.79903 2
      vertex 3.42596 -3.88582 2
    endloop
  endfacet
  facet normal -0.321376 -0.946952 0
    outer loop
      vertex 3.42596 -3.88582 2
      vertex 3.61177 -3.94888 7
      vertex 3.42596 -3.88582 7
    endloop
  endfacet
  facet normal -0.321376 -0.946952 -0
    outer loop
      vertex 3.61177 -3.94888 7
      vertex 3.42596 -3.88582 2
      vertex 3.61177 -3.94888 2
    endloop
  endfacet
  facet normal -0.195057 -0.980792 0
    outer loop
      vertex 3.61177 -3.94888 2
      vertex 3.8042 -3.98715 7
      vertex 3.61177 -3.94888 7
    endloop
  endfacet
  facet normal -0.195057 -0.980792 -0
    outer loop
      vertex 3.8042 -3.98715 7
      vertex 3.61177 -3.94888 2
      vertex 3.8042 -3.98715 2
    endloop
  endfacet
  facet normal -0.0654873 -0.997853 0
    outer loop
      vertex 3.8042 -3.98715 2
      vertex 4 -4 7
      vertex 3.8042 -3.98715 7
    endloop
  endfacet
  facet normal -0.0654873 -0.997853 -0
    outer loop
      vertex 4 -4 7
      vertex 3.8042 -3.98715 2
      vertex 4 -4 2
    endloop
  endfacet
  facet normal 0 -1 0
    outer loop
      vertex 4 -4 2
      vertex 159.822 -4 7
      vertex 4 -4 7
    endloop
  endfacet
  facet normal 0 -1 -0
    outer loop
      vertex 159.822 -4 7
      vertex 4 -4 2
      vertex 159.822 -4 2
    endloop
  endfacet
  facet normal 0.804015 -0.594609 0
    outer loop
      vertex 159.822 -4 7
      vertex 161.845 -1.26455 2
      vertex 161.845 -1.26455 7
    endloop
  endfacet
  facet normal 0.804015 -0.594609 0
    outer loop
      vertex 161.845 -1.26455 2
      vertex 159.822 -4 7
      vertex 159.822 -4 2
    endloop
  endfacet
  facet normal 0.946625 0.322337 0
    outer loop
      vertex 168.04 121.083 2
      vertex 167.787 121.826 0
      vertex 167.787 121.826 2
    endloop
  endfacet
  facet normal 0.946625 0.322337 0
    outer loop
      vertex 167.787 121.826 0
      vertex 168.04 121.083 2
      vertex 168.04 121.083 0
    endloop
  endfacet
  facet normal -0.997859 -0.0654055 0
    outer loop
      vertex 2.67277 -69.3495 0
      vertex 2.51877 -67 2
      vertex 2.51877 -67 0
    endloop
  endfacet
  facet normal -0.997859 -0.0654055 0
    outer loop
      vertex 2.51877 -67 2
      vertex 2.67277 -69.3495 0
      vertex 2.67277 -69.3495 2
    endloop
  endfacet
  facet normal -1 0 0
    outer loop
      vertex 0 6 0
      vertex 0 119.53 2
      vertex 0 119.53 0
    endloop
  endfacet
  facet normal -1 -0 0
    outer loop
      vertex 0 119.53 2
      vertex 0 6 0
      vertex 0 6 2
    endloop
  endfacet
  facet normal -0.555566 -0.831472 0
    outer loop
      vertex 9.56107 -81.2804 0
      vertex 11.5188 -82.5885 2
      vertex 9.56107 -81.2804 2
    endloop
  endfacet
  facet normal -0.555566 -0.831472 -0
    outer loop
      vertex 11.5188 -82.5885 2
      vertex 9.56107 -81.2804 0
      vertex 11.5188 -82.5885 0
    endloop
  endfacet
  facet normal -0.999405 -0.0344832 0
    outer loop
      vertex 2.51877 -67 0
      vertex 0 6 2
      vertex 0 6 0
    endloop
  endfacet
  facet normal -0.999405 -0.0344832 0
    outer loop
      vertex 0 6 2
      vertex 2.51877 -67 0
      vertex 2.51877 -67 2
    endloop
  endfacet
  facet normal -0.896899 0.442235 0
    outer loop
      vertex 0.456726 121.826 0
      vertex 0.803848 122.53 2
      vertex 0.803848 122.53 0
    endloop
  endfacet
  facet normal -0.896899 0.442235 0
    outer loop
      vertex 0.803848 122.53 2
      vertex 0.456726 121.826 0
      vertex 0.456726 121.826 2
    endloop
  endfacet
  facet normal -0.321472 -0.946919 0
    outer loop
      vertex 13.6305 -83.6298 0
      vertex 15.86 -84.3867 2
      vertex 13.6305 -83.6298 2
    endloop
  endfacet
  facet normal -0.321472 -0.946919 -0
    outer loop
      vertex 15.86 -84.3867 2
      vertex 13.6305 -83.6298 0
      vertex 15.86 -84.3867 0
    endloop
  endfacet
  facet normal -0.997858 0.0654159 0
    outer loop
      vertex 0 119.53 0
      vertex 0.0513306 120.313 2
      vertex 0.0513306 120.313 0
    endloop
  endfacet
  facet normal -0.997858 0.0654159 0
    outer loop
      vertex 0.0513306 120.313 2
      vertex 0 119.53 0
      vertex 0 119.53 2
    endloop
  endfacet
  facet normal -0.831639 0.555316 0
    outer loop
      vertex 0.803848 122.53 0
      vertex 1.23988 123.183 2
      vertex 1.23988 123.183 0
    endloop
  endfacet
  facet normal -0.831639 0.555316 0
    outer loop
      vertex 1.23988 123.183 2
      vertex 0.803848 122.53 0
      vertex 0.803848 122.53 2
    endloop
  endfacet
  facet normal 0.803994 -0.594637 0
    outer loop
      vertex 107.61 -77.9577 2
      vertex 167.004 2.34743 0
      vertex 167.004 2.34743 2
    endloop
  endfacet
  facet normal 0.803994 -0.594637 0
    outer loop
      vertex 167.004 2.34743 0
      vertex 107.61 -77.9577 2
      vertex 107.61 -77.9577 0
    endloop
  endfacet
  facet normal 0.997886 -0.0649832 0
    outer loop
      vertex 168.193 5.21684 2
      vertex 168.244 6 0
      vertex 168.244 6 2
    endloop
  endfacet
  facet normal 0.997886 -0.0649832 0
    outer loop
      vertex 168.244 6 0
      vertex 168.193 5.21684 2
      vertex 168.193 5.21684 0
    endloop
  endfacet
  facet normal -0.65936 -0.751827 0
    outer loop
      vertex 7.79085 -79.7279 0
      vertex 9.56107 -81.2804 2
      vertex 7.79085 -79.7279 2
    endloop
  endfacet
  facet normal -0.65936 -0.751827 -0
    outer loop
      vertex 9.56107 -81.2804 2
      vertex 7.79085 -79.7279 0
      vertex 9.56107 -81.2804 0
    endloop
  endfacet
  facet normal 0.997886 0.0649964 0
    outer loop
      vertex 168.244 119.53 2
      vertex 168.193 120.313 0
      vertex 168.193 120.313 2
    endloop
  endfacet
  facet normal 0.997886 0.0649964 0
    outer loop
      vertex 168.193 120.313 0
      vertex 168.244 119.53 2
      vertex 168.244 119.53 0
    endloop
  endfacet
  facet normal 0.195071 -0.980789 0
    outer loop
      vertex 95.6793 -84.846 0
      vertex 97.9886 -84.3867 2
      vertex 95.6793 -84.846 2
    endloop
  endfacet
  facet normal 0.195071 -0.980789 0
    outer loop
      vertex 97.9886 -84.3867 2
      vertex 95.6793 -84.846 0
      vertex 97.9886 -84.3867 0
    endloop
  endfacet
  facet normal 0 1 -0
    outer loop
      vertex 162.244 125.53 0
      vertex 6 125.53 2
      vertex 162.244 125.53 2
    endloop
  endfacet
  facet normal 0 1 0
    outer loop
      vertex 6 125.53 2
      vertex 162.244 125.53 0
      vertex 6 125.53 0
    endloop
  endfacet
  facet normal 1 -0 0
    outer loop
      vertex 168.244 6 2
      vertex 168.244 119.53 0
      vertex 168.244 119.53 2
    endloop
  endfacet
  facet normal 1 0 0
    outer loop
      vertex 168.244 119.53 0
      vertex 168.244 6 2
      vertex 168.244 6 0
    endloop
  endfacet
  facet normal 0 -1 0
    outer loop
      vertex 20.5188 -85 0
      vertex 93.3298 -85 2
      vertex 20.5188 -85 2
    endloop
  endfacet
  facet normal 0 -1 -0
    outer loop
      vertex 93.3298 -85 2
      vertex 20.5188 -85 0
      vertex 93.3298 -85 0
    endloop
  endfacet
  facet normal 0.194891 0.980825 -0
    outer loop
      vertex 163.797 125.326 0
      vertex 163.027 125.479 2
      vertex 163.797 125.326 2
    endloop
  endfacet
  facet normal 0.194891 0.980825 0
    outer loop
      vertex 163.027 125.479 2
      vertex 163.797 125.326 0
      vertex 163.027 125.479 0
    endloop
  endfacet
  facet normal 0.946649 -0.322267 0
    outer loop
      vertex 167.787 3.7039 2
      vertex 168.04 4.44708 0
      vertex 168.04 4.44708 2
    endloop
  endfacet
  facet normal 0.946649 -0.322267 0
    outer loop
      vertex 168.04 4.44708 0
      vertex 167.787 3.7039 2
      vertex 167.787 3.7039 0
    endloop
  endfacet
  facet normal 0.831489 -0.555541 0
    outer loop
      vertex 167.004 2.34743 2
      vertex 167.44 3 0
      vertex 167.44 3 2
    endloop
  endfacet
  facet normal 0.831489 -0.555541 0
    outer loop
      vertex 167.44 3 0
      vertex 167.004 2.34743 2
      vertex 167.004 2.34743 0
    endloop
  endfacet
  facet normal -0.980784 -0.195099 0
    outer loop
      vertex 3.13212 -71.6587 0
      vertex 2.67277 -69.3495 2
      vertex 2.67277 -69.3495 0
    endloop
  endfacet
  facet normal -0.980784 -0.195099 0
    outer loop
      vertex 2.67277 -69.3495 2
      vertex 3.13212 -71.6587 0
      vertex 3.13212 -71.6587 2
    endloop
  endfacet
  facet normal -0.195071 -0.980789 0
    outer loop
      vertex 15.86 -84.3867 0
      vertex 18.1693 -84.846 2
      vertex 15.86 -84.3867 2
    endloop
  endfacet
  facet normal -0.195071 -0.980789 -0
    outer loop
      vertex 18.1693 -84.846 2
      vertex 15.86 -84.3867 0
      vertex 18.1693 -84.846 0
    endloop
  endfacet
  facet normal 0.980813 -0.19495 0
    outer loop
      vertex 168.04 4.44708 2
      vertex 168.193 5.21684 0
      vertex 168.193 5.21684 2
    endloop
  endfacet
  facet normal 0.980813 -0.19495 0
    outer loop
      vertex 168.193 5.21684 0
      vertex 168.04 4.44708 2
      vertex 168.04 4.44708 0
    endloop
  endfacet
  facet normal 0.0654055 -0.997859 0
    outer loop
      vertex 93.3298 -85 0
      vertex 95.6793 -84.846 2
      vertex 93.3298 -85 2
    endloop
  endfacet
  facet normal 0.0654055 -0.997859 0
    outer loop
      vertex 95.6793 -84.846 2
      vertex 93.3298 -85 0
      vertex 95.6793 -84.846 0
    endloop
  endfacet
  facet normal 0.980825 0.194891 0
    outer loop
      vertex 168.193 120.313 2
      vertex 168.04 121.083 0
      vertex 168.04 121.083 2
    endloop
  endfacet
  facet normal 0.980825 0.194891 0
    outer loop
      vertex 168.04 121.083 0
      vertex 168.193 120.313 2
      vertex 168.193 120.313 0
    endloop
  endfacet
  facet normal 0.555513 -0.831508 0
    outer loop
      vertex 102.33 -82.5885 0
      vertex 104.288 -81.2804 2
      vertex 102.33 -82.5885 2
    endloop
  endfacet
  facet normal 0.555513 -0.831508 0
    outer loop
      vertex 104.288 -81.2804 2
      vertex 102.33 -82.5885 0
      vertex 104.288 -81.2804 0
    endloop
  endfacet
  facet normal 0.442212 -0.89691 0
    outer loop
      vertex 100.218 -83.6298 0
      vertex 102.33 -82.5885 2
      vertex 100.218 -83.6298 2
    endloop
  endfacet
  facet normal 0.442212 -0.89691 0
    outer loop
      vertex 102.33 -82.5885 2
      vertex 100.218 -83.6298 0
      vertex 102.33 -82.5885 0
    endloop
  endfacet
  facet normal -0.442263 -0.896885 0
    outer loop
      vertex 11.5188 -82.5885 0
      vertex 13.6305 -83.6298 2
      vertex 11.5188 -82.5885 2
    endloop
  endfacet
  facet normal -0.442263 -0.896885 -0
    outer loop
      vertex 13.6305 -83.6298 2
      vertex 11.5188 -82.5885 0
      vertex 13.6305 -83.6298 0
    endloop
  endfacet
  facet normal 0.896961 0.44211 0
    outer loop
      vertex 167.787 121.826 2
      vertex 167.44 122.53 0
      vertex 167.44 122.53 2
    endloop
  endfacet
  facet normal 0.896961 0.44211 0
    outer loop
      vertex 167.44 122.53 0
      vertex 167.787 121.826 2
      vertex 167.787 121.826 0
    endloop
  endfacet
  facet normal -0.0654055 -0.997859 0
    outer loop
      vertex 18.1693 -84.846 0
      vertex 20.5188 -85 2
      vertex 18.1693 -84.846 2
    endloop
  endfacet
  facet normal -0.0654055 -0.997859 -0
    outer loop
      vertex 20.5188 -85 2
      vertex 18.1693 -84.846 0
      vertex 20.5188 -85 0
    endloop
  endfacet
  facet normal -0.322267 0.946649 0
    outer loop
      vertex 4.44708 125.326 0
      vertex 3.7039 125.073 2
      vertex 4.44708 125.326 2
    endloop
  endfacet
  facet normal -0.322267 0.946649 0
    outer loop
      vertex 3.7039 125.073 2
      vertex 4.44708 125.326 0
      vertex 3.7039 125.073 0
    endloop
  endfacet
  facet normal -0.946907 0.321506 0
    outer loop
      vertex 0.204453 121.083 0
      vertex 0.456726 121.826 2
      vertex 0.456726 121.826 0
    endloop
  endfacet
  facet normal -0.946907 0.321506 0
    outer loop
      vertex 0.456726 121.826 2
      vertex 0.204453 121.083 0
      vertex 0.204453 121.083 2
    endloop
  endfacet
  facet normal -0.751836 -0.65935 0
    outer loop
      vertex 7.79085 -79.7279 0
      vertex 6.23841 -77.9577 2
      vertex 6.23841 -77.9577 0
    endloop
  endfacet
  facet normal -0.751836 -0.65935 0
    outer loop
      vertex 6.23841 -77.9577 2
      vertex 7.79085 -79.7279 0
      vertex 7.79085 -79.7279 2
    endloop
  endfacet
  facet normal 0.831658 0.555288 0
    outer loop
      vertex 167.44 122.53 2
      vertex 167.004 123.183 0
      vertex 167.004 123.183 2
    endloop
  endfacet
  facet normal 0.831658 0.555288 0
    outer loop
      vertex 167.004 123.183 0
      vertex 167.44 122.53 2
      vertex 167.44 122.53 0
    endloop
  endfacet
  facet normal -0.658995 0.752147 0
    outer loop
      vertex 2.34743 124.29 0
      vertex 1.75735 123.773 2
      vertex 2.34743 124.29 2
    endloop
  endfacet
  facet normal -0.658995 0.752147 0
    outer loop
      vertex 1.75735 123.773 2
      vertex 2.34743 124.29 0
      vertex 1.75735 123.773 0
    endloop
  endfacet
  facet normal -0.946934 -0.321429 0
    outer loop
      vertex 3.88894 -73.8883 0
      vertex 3.13212 -71.6587 2
      vertex 3.13212 -71.6587 0
    endloop
  endfacet
  facet normal -0.946934 -0.321429 0
    outer loop
      vertex 3.13212 -71.6587 2
      vertex 3.88894 -73.8883 0
      vertex 3.88894 -73.8883 2
    endloop
  endfacet
  facet normal -0.751806 0.659385 0
    outer loop
      vertex 1.23988 123.183 0
      vertex 1.75735 123.773 2
      vertex 1.75735 123.773 0
    endloop
  endfacet
  facet normal -0.751806 0.659385 0
    outer loop
      vertex 1.75735 123.773 2
      vertex 1.23988 123.183 0
      vertex 1.23988 123.183 2
    endloop
  endfacet
  facet normal 0.322337 0.946625 -0
    outer loop
      vertex 164.54 125.073 0
      vertex 163.797 125.326 2
      vertex 164.54 125.073 2
    endloop
  endfacet
  facet normal 0.322337 0.946625 0
    outer loop
      vertex 163.797 125.326 2
      vertex 164.54 125.073 0
      vertex 163.797 125.326 0
    endloop
  endfacet
  facet normal -0.83147 -0.555569 0
    outer loop
      vertex 6.23841 -77.9577 0
      vertex 4.93032 -76 2
      vertex 4.93032 -76 0
    endloop
  endfacet
  facet normal -0.83147 -0.555569 0
    outer loop
      vertex 4.93032 -76 2
      vertex 6.23841 -77.9577 0
      vertex 6.23841 -77.9577 2
    endloop
  endfacet
  facet normal -0.0649832 0.997886 0
    outer loop
      vertex 6 125.53 0
      vertex 5.21684 125.479 2
      vertex 6 125.53 2
    endloop
  endfacet
  facet normal -0.0649832 0.997886 0
    outer loop
      vertex 5.21684 125.479 2
      vertex 6 125.53 0
      vertex 5.21684 125.479 0
    endloop
  endfacet
  facet normal 0.659046 0.752103 -0
    outer loop
      vertex 166.487 123.773 0
      vertex 165.897 124.29 2
      vertex 166.487 123.773 2
    endloop
  endfacet
  facet normal 0.659046 0.752103 0
    outer loop
      vertex 165.897 124.29 2
      vertex 166.487 123.773 0
      vertex 165.897 124.29 0
    endloop
  endfacet
  facet normal 0.751929 -0.659244 0
    outer loop
      vertex 106.058 -79.7279 2
      vertex 107.61 -77.9577 0
      vertex 107.61 -77.9577 2
    endloop
  endfacet
  facet normal 0.751929 -0.659244 0
    outer loop
      vertex 107.61 -77.9577 0
      vertex 106.058 -79.7279 2
      vertex 106.058 -79.7279 0
    endloop
  endfacet
  facet normal 0.659406 -0.751787 0
    outer loop
      vertex 104.288 -81.2804 0
      vertex 106.058 -79.7279 2
      vertex 104.288 -81.2804 2
    endloop
  endfacet
  facet normal 0.659406 -0.751787 0
    outer loop
      vertex 106.058 -79.7279 2
      vertex 104.288 -81.2804 0
      vertex 106.058 -79.7279 0
    endloop
  endfacet
  facet normal 0.896936 -0.44216 0
    outer loop
      vertex 167.44 3 2
      vertex 167.787 3.7039 0
      vertex 167.787 3.7039 2
    endloop
  endfacet
  facet normal 0.896936 -0.44216 0
    outer loop
      vertex 167.787 3.7039 0
      vertex 167.44 3 2
      vertex 167.44 3 0
    endloop
  endfacet
  facet normal 0.555288 0.831658 -0
    outer loop
      vertex 165.897 124.29 0
      vertex 165.244 124.726 2
      vertex 165.897 124.29 2
    endloop
  endfacet
  facet normal 0.555288 0.831658 0
    outer loop
      vertex 165.244 124.726 2
      vertex 165.897 124.29 0
      vertex 165.244 124.726 0
    endloop
  endfacet
  facet normal 0.752103 0.659046 0
    outer loop
      vertex 167.004 123.183 2
      vertex 166.487 123.773 0
      vertex 166.487 123.773 2
    endloop
  endfacet
  facet normal 0.752103 0.659046 0
    outer loop
      vertex 166.487 123.773 0
      vertex 167.004 123.183 2
      vertex 167.004 123.183 0
    endloop
  endfacet
  facet normal 0.321485 -0.946915 0
    outer loop
      vertex 97.9886 -84.3867 0
      vertex 100.218 -83.6298 2
      vertex 97.9886 -84.3867 2
    endloop
  endfacet
  facet normal 0.321485 -0.946915 0
    outer loop
      vertex 100.218 -83.6298 2
      vertex 97.9886 -84.3867 0
      vertex 100.218 -83.6298 0
    endloop
  endfacet
  facet normal 0 0 1
    outer loop
      vertex 17.5 119 2
      vertex 5.48715 116.696 2
      vertex 5.5 116.5 2
    endloop
  endfacet
  facet normal 0 0 1
    outer loop
      vertex 5.5 119 2
      vertex 5.44888 116.888 2
      vertex 5.48715 116.696 2
    endloop
  endfacet
  facet normal 0 0 1
    outer loop
      vertex 5.5 119 2
      vertex 5.38582 117.074 2
      vertex 5.44888 116.888 2
    endloop
  endfacet
  facet normal 0 0 1
    outer loop
      vertex 4.91313 117.69 2
      vertex 5.5 119 2
      vertex 5.30421 119.013 2
    endloop
  endfacet
  facet normal 0 0 1
    outer loop
      vertex 5.5 119 2
      vertex 5.29903 117.25 2
      vertex 5.38582 117.074 2
    endloop
  endfacet
  facet normal 0 0 1
    outer loop
      vertex 5.5 119 2
      vertex 5.19002 117.413 2
      vertex 5.29903 117.25 2
    endloop
  endfacet
  facet normal 0 0 1
    outer loop
      vertex 4.75 117.799 2
      vertex 5.30421 119.013 2
      vertex 5.11177 119.051 2
    endloop
  endfacet
  facet normal 0 0 1
    outer loop
      vertex 5.5 119 2
      vertex 5.06065 117.561 2
      vertex 5.19002 117.413 2
    endloop
  endfacet
  facet normal 0 0 1
    outer loop
      vertex 4.57402 117.886 2
      vertex 5.11177 119.051 2
      vertex 4.92597 119.114 2
    endloop
  endfacet
  facet normal 0 0 1
    outer loop
      vertex 5.5 119 2
      vertex 4.91313 117.69 2
      vertex 5.06065 117.561 2
    endloop
  endfacet
  facet normal 0 0 1
    outer loop
      vertex 4.38821 117.949 2
      vertex 4.92597 119.114 2
      vertex 4.75 119.201 2
    endloop
  endfacet
  facet normal 0 0 1
    outer loop
      vertex 5.30421 119.013 2
      vertex 4.75 117.799 2
      vertex 4.91313 117.69 2
    endloop
  endfacet
  facet normal 0 0 1
    outer loop
      vertex 4.19579 117.987 2
      vertex 4.75 119.201 2
      vertex 4.58686 119.31 2
    endloop
  endfacet
  facet normal 0 0 1
    outer loop
      vertex 5.11177 119.051 2
      vertex 4.57402 117.886 2
      vertex 4.75 117.799 2
    endloop
  endfacet
  facet normal 0 0 1
    outer loop
      vertex 4 118 2
      vertex 4.58686 119.31 2
      vertex 4.43934 119.439 2
    endloop
  endfacet
  facet normal 0 0 1
    outer loop
      vertex 4.92597 119.114 2
      vertex 4.38821 117.949 2
      vertex 4.57402 117.886 2
    endloop
  endfacet
  facet normal 0 0 1
    outer loop
      vertex 3.8042 117.987 2
      vertex 4.43934 119.439 2
      vertex 4.30997 119.587 2
    endloop
  endfacet
  facet normal 0 0 1
    outer loop
      vertex 3.61177 117.949 2
      vertex 4.30997 119.587 2
      vertex 4.20096 119.75 2
    endloop
  endfacet
  facet normal 0 0 1
    outer loop
      vertex 4.75 119.201 2
      vertex 4.19579 117.987 2
      vertex 4.38821 117.949 2
    endloop
  endfacet
  facet normal 0 0 1
    outer loop
      vertex 3.42596 117.886 2
      vertex 4.20096 119.75 2
      vertex 4.11418 119.926 2
    endloop
  endfacet
  facet normal 0 0 1
    outer loop
      vertex 3.25 117.799 2
      vertex 4.11418 119.926 2
      vertex 4.05111 120.112 2
    endloop
  endfacet
  facet normal 0 0 1
    outer loop
      vertex 0 119.53 2
      vertex 4.05111 120.112 2
      vertex 4.01283 120.304 2
    endloop
  endfacet
  facet normal 0 0 1
    outer loop
      vertex 4.58686 119.31 2
      vertex 4 118 2
      vertex 4.19579 117.987 2
    endloop
  endfacet
  facet normal -0 0 1
    outer loop
      vertex 0.0513306 120.313 2
      vertex 4.01283 120.304 2
      vertex 4 120.5 2
    endloop
  endfacet
  facet normal -0 0 1
    outer loop
      vertex 25.6666 88.4305 2
      vertex 61.548 58.9095 2
      vertex 25.7701 88.5485 2
    endloop
  endfacet
  facet normal 0 0 1
    outer loop
      vertex 61.3103 58.3356 2
      vertex 26.0078 32.2846 2
      vertex 26.0181 32.128 2
    endloop
  endfacet
  facet normal 0 0 1
    outer loop
      vertex 61.548 58.9095 2
      vertex 25.6666 88.4305 2
      vertex 61.4608 58.779 2
    endloop
  endfacet
  facet normal 0 0 1
    outer loop
      vertex 61.3103 58.3356 2
      vertex 25.9772 32.4386 2
      vertex 26.0078 32.2846 2
    endloop
  endfacet
  facet normal -0 0 1
    outer loop
      vertex 25.5486 88.327 2
      vertex 61.4608 58.779 2
      vertex 25.6666 88.4305 2
    endloop
  endfacet
  facet normal 0 0 1
    outer loop
      vertex 61.3103 58.3356 2
      vertex 25.9267 32.5872 2
      vertex 25.9772 32.4386 2
    endloop
  endfacet
  facet normal 0 0 1
    outer loop
      vertex 61.4608 58.779 2
      vertex 25.5486 88.327 2
      vertex 61.3914 58.6382 2
    endloop
  endfacet
  facet normal 0 0 1
    outer loop
      vertex 61.3103 58.3356 2
      vertex 25.8573 32.728 2
      vertex 25.9267 32.5872 2
    endloop
  endfacet
  facet normal -0 0 1
    outer loop
      vertex 25.4181 88.2398 2
      vertex 61.3914 58.6382 2
      vertex 25.5486 88.327 2
    endloop
  endfacet
  facet normal 0 0 1
    outer loop
      vertex 61.3103 58.3356 2
      vertex 25.7701 32.8585 2
      vertex 25.8573 32.728 2
    endloop
  endfacet
  facet normal 0 0 1
    outer loop
      vertex 61.3914 58.6382 2
      vertex 25.4181 88.2398 2
      vertex 61.3409 58.4896 2
    endloop
  endfacet
  facet normal 0 0 1
    outer loop
      vertex 61.3103 58.3356 2
      vertex 25.6666 32.9765 2
      vertex 25.7701 32.8585 2
    endloop
  endfacet
  facet normal -0 0 1
    outer loop
      vertex 25.2773 88.1703 2
      vertex 61.3409 58.4896 2
      vertex 25.4181 88.2398 2
    endloop
  endfacet
  facet normal 0 0 1
    outer loop
      vertex 61.3103 58.3356 2
      vertex 25.5486 33.08 2
      vertex 25.6666 32.9765 2
    endloop
  endfacet
  facet normal 0 0 1
    outer loop
      vertex 61.3409 58.4896 2
      vertex 25.2773 88.1703 2
      vertex 61.3103 58.3356 2
    endloop
  endfacet
  facet normal 0 0 1
    outer loop
      vertex 61.3103 58.3356 2
      vertex 25.4181 33.1672 2
      vertex 25.5486 33.08 2
    endloop
  endfacet
  facet normal -0 0 1
    outer loop
      vertex 25.1286 88.1199 2
      vertex 61.3103 58.3356 2
      vertex 25.2773 88.1703 2
    endloop
  endfacet
  facet normal 0 0 1
    outer loop
      vertex 61.3103 58.3356 2
      vertex 25.2773 33.2367 2
      vertex 25.4181 33.1672 2
    endloop
  endfacet
  facet normal 0 0 1
    outer loop
      vertex 25.1286 33.2871 2
      vertex 61.3103 58.3356 2
      vertex 25.1286 88.1199 2
    endloop
  endfacet
  facet normal 0 0 1
    outer loop
      vertex 61.3103 58.3356 2
      vertex 25.1286 33.2871 2
      vertex 25.2773 33.2367 2
    endloop
  endfacet
  facet normal -0 0 1
    outer loop
      vertex 24.9747 88.0893 2
      vertex 25.1286 33.2871 2
      vertex 25.1286 88.1199 2
    endloop
  endfacet
  facet normal 0 0 1
    outer loop
      vertex 24.9747 88.0893 2
      vertex 24.9747 33.3177 2
      vertex 25.1286 33.2871 2
    endloop
  endfacet
  facet normal -0 0 1
    outer loop
      vertex 24.8181 88.079 2
      vertex 24.9747 33.3177 2
      vertex 24.9747 88.0893 2
    endloop
  endfacet
  facet normal 0 0 1
    outer loop
      vertex 24.8181 88.079 2
      vertex 24.8181 33.328 2
      vertex 24.9747 33.3177 2
    endloop
  endfacet
  facet normal 0 0 1
    outer loop
      vertex 24.6614 88.0893 2
      vertex 24.8181 33.328 2
      vertex 24.8181 88.079 2
    endloop
  endfacet
  facet normal 0 0 1
    outer loop
      vertex 24.6614 88.0893 2
      vertex 24.6614 33.3177 2
      vertex 24.8181 33.328 2
    endloop
  endfacet
  facet normal 0 0 1
    outer loop
      vertex 24.5075 88.1199 2
      vertex 24.6614 33.3177 2
      vertex 24.6614 88.0893 2
    endloop
  endfacet
  facet normal 0 0 1
    outer loop
      vertex 24.5075 88.1199 2
      vertex 24.5075 33.2871 2
      vertex 24.6614 33.3177 2
    endloop
  endfacet
  facet normal 0 0 1
    outer loop
      vertex 24.3588 88.1703 2
      vertex 24.5075 33.2871 2
      vertex 24.5075 88.1199 2
    endloop
  endfacet
  facet normal 0 0 1
    outer loop
      vertex 24.3588 88.1703 2
      vertex 24.3588 33.2367 2
      vertex 24.5075 33.2871 2
    endloop
  endfacet
  facet normal 0 0 1
    outer loop
      vertex 24.2181 88.2398 2
      vertex 24.3588 33.2367 2
      vertex 24.3588 88.1703 2
    endloop
  endfacet
  facet normal 0 0 1
    outer loop
      vertex 24.2181 88.2398 2
      vertex 24.2181 33.1672 2
      vertex 24.3588 33.2367 2
    endloop
  endfacet
  facet normal 0 0 1
    outer loop
      vertex 24.0875 88.327 2
      vertex 24.2181 33.1672 2
      vertex 24.2181 88.2398 2
    endloop
  endfacet
  facet normal 0 0 1
    outer loop
      vertex 24.0875 88.327 2
      vertex 24.0875 33.08 2
      vertex 24.2181 33.1672 2
    endloop
  endfacet
  facet normal 0 0 1
    outer loop
      vertex 23.9695 88.4305 2
      vertex 24.0875 33.08 2
      vertex 24.0875 88.327 2
    endloop
  endfacet
  facet normal 0 0 1
    outer loop
      vertex 23.9695 88.4305 2
      vertex 23.9695 32.9765 2
      vertex 24.0875 33.08 2
    endloop
  endfacet
  facet normal 0 0 1
    outer loop
      vertex 23.866 88.5485 2
      vertex 23.9695 32.9765 2
      vertex 23.9695 88.4305 2
    endloop
  endfacet
  facet normal 0 0 1
    outer loop
      vertex 23.866 88.5485 2
      vertex 23.866 32.8585 2
      vertex 23.9695 32.9765 2
    endloop
  endfacet
  facet normal 0 0 1
    outer loop
      vertex 23.7788 88.679 2
      vertex 23.866 32.8585 2
      vertex 23.866 88.5485 2
    endloop
  endfacet
  facet normal 0 0 1
    outer loop
      vertex 23.7788 88.679 2
      vertex 23.7788 32.728 2
      vertex 23.866 32.8585 2
    endloop
  endfacet
  facet normal 0 0 1
    outer loop
      vertex 23.7094 88.8198 2
      vertex 23.7788 32.728 2
      vertex 23.7788 88.679 2
    endloop
  endfacet
  facet normal 0 0 1
    outer loop
      vertex 23.7094 88.8198 2
      vertex 23.7094 32.5872 2
      vertex 23.7788 32.728 2
    endloop
  endfacet
  facet normal 0 0 1
    outer loop
      vertex 5.5 116.5 2
      vertex 23.7094 88.8198 2
      vertex 23.6589 88.9684 2
    endloop
  endfacet
  facet normal 0 0 1
    outer loop
      vertex 23.7094 88.8198 2
      vertex 5.5 116.5 2
      vertex 23.7094 32.5872 2
    endloop
  endfacet
  facet normal 0 0 1
    outer loop
      vertex 5.5 116.5 2
      vertex 23.6589 88.9684 2
      vertex 23.6283 89.1224 2
    endloop
  endfacet
  facet normal 0 0 1
    outer loop
      vertex 23.7094 32.5872 2
      vertex 5.5 116.5 2
      vertex 23.6589 32.4386 2
    endloop
  endfacet
  facet normal 0 0 1
    outer loop
      vertex 5.5 116.5 2
      vertex 23.6283 89.1224 2
      vertex 23.6181 89.279 2
    endloop
  endfacet
  facet normal 0 0 1
    outer loop
      vertex 5.5 -1 2
      vertex 23.6589 32.4386 2
      vertex 5.5 116.5 2
    endloop
  endfacet
  facet normal 0 0 1
    outer loop
      vertex 100.247 58.0356 2
      vertex 63.6898 58.3356 2
      vertex 63.7001 58.179 2
    endloop
  endfacet
  facet normal 0 0 1
    outer loop
      vertex 63.9371 99.9408 2
      vertex 63.6592 58.4896 2
      vertex 63.6898 58.3356 2
    endloop
  endfacet
  facet normal 0 0 1
    outer loop
      vertex 62.9593 59.2877 2
      vertex 63.7963 99.8713 2
      vertex 63.6476 99.8209 2
    endloop
  endfacet
  facet normal 0 0 1
    outer loop
      vertex 63.9371 99.9408 2
      vertex 63.6087 58.6382 2
      vertex 63.6592 58.4896 2
    endloop
  endfacet
  facet normal 0 0 1
    outer loop
      vertex 63.9371 99.9408 2
      vertex 63.5393 58.779 2
      vertex 63.6087 58.6382 2
    endloop
  endfacet
  facet normal 0 0 1
    outer loop
      vertex 62.8106 59.3381 2
      vertex 63.6476 99.8209 2
      vertex 63.4937 99.7903 2
    endloop
  endfacet
  facet normal 0 0 1
    outer loop
      vertex 63.9371 99.9408 2
      vertex 63.4521 58.9095 2
      vertex 63.5393 58.779 2
    endloop
  endfacet
  facet normal 0 0 1
    outer loop
      vertex 63.9371 99.9408 2
      vertex 63.3486 59.0275 2
      vertex 63.4521 58.9095 2
    endloop
  endfacet
  facet normal 0 0 1
    outer loop
      vertex 62.6567 59.3687 2
      vertex 63.4937 99.7903 2
      vertex 63.3371 99.78 2
    endloop
  endfacet
  facet normal 0 0 1
    outer loop
      vertex 63.9371 99.9408 2
      vertex 63.2306 59.131 2
      vertex 63.3486 59.0275 2
    endloop
  endfacet
  facet normal 0 0 1
    outer loop
      vertex 62.5001 59.379 2
      vertex 63.3371 99.78 2
      vertex 63.1804 99.7903 2
    endloop
  endfacet
  facet normal 0 0 1
    outer loop
      vertex 63.9371 99.9408 2
      vertex 63.1001 59.2182 2
      vertex 63.2306 59.131 2
    endloop
  endfacet
  facet normal 0 0 1
    outer loop
      vertex 62.3434 59.3687 2
      vertex 63.1804 99.7903 2
      vertex 63.0265 99.8209 2
    endloop
  endfacet
  facet normal 0 0 1
    outer loop
      vertex 63.7963 99.8713 2
      vertex 62.9593 59.2877 2
      vertex 63.1001 59.2182 2
    endloop
  endfacet
  facet normal 0 0 1
    outer loop
      vertex 62.1895 59.3381 2
      vertex 63.0265 99.8209 2
      vertex 62.8778 99.8713 2
    endloop
  endfacet
  facet normal 0 0 1
    outer loop
      vertex 63.6476 99.8209 2
      vertex 62.8106 59.3381 2
      vertex 62.9593 59.2877 2
    endloop
  endfacet
  facet normal 0 0 1
    outer loop
      vertex 62.0408 59.2877 2
      vertex 62.8778 99.8713 2
      vertex 62.7371 99.9408 2
    endloop
  endfacet
  facet normal 0 0 1
    outer loop
      vertex 63.4937 99.7903 2
      vertex 62.6567 59.3687 2
      vertex 62.8106 59.3381 2
    endloop
  endfacet
  facet normal 0 0 1
    outer loop
      vertex 61.9001 59.2182 2
      vertex 62.7371 99.9408 2
      vertex 62.6065 100.028 2
    endloop
  endfacet
  facet normal 0 0 1
    outer loop
      vertex 63.3371 99.78 2
      vertex 62.5001 59.379 2
      vertex 62.6567 59.3687 2
    endloop
  endfacet
  facet normal 0 0 1
    outer loop
      vertex 62.385 100.249 2
      vertex 26.0078 89.1224 2
      vertex 62.4885 100.131 2
    endloop
  endfacet
  facet normal 0 0 1
    outer loop
      vertex 26.0078 89.1224 2
      vertex 62.385 100.249 2
      vertex 26.0181 89.279 2
    endloop
  endfacet
  facet normal 0 0 1
    outer loop
      vertex 63.1804 99.7903 2
      vertex 62.3434 59.3687 2
      vertex 62.5001 59.379 2
    endloop
  endfacet
  facet normal 0 0 1
    outer loop
      vertex 26.0181 89.279 2
      vertex 62.385 100.249 2
      vertex 62.2978 100.38 2
    endloop
  endfacet
  facet normal 0 0 1
    outer loop
      vertex 26.0078 89.4356 2
      vertex 62.2978 100.38 2
      vertex 62.2284 100.521 2
    endloop
  endfacet
  facet normal 0 0 1
    outer loop
      vertex 63.0265 99.8209 2
      vertex 62.1895 59.3381 2
      vertex 62.3434 59.3687 2
    endloop
  endfacet
  facet normal 0 0 1
    outer loop
      vertex 25.9772 89.5896 2
      vertex 62.2284 100.521 2
      vertex 62.1779 100.669 2
    endloop
  endfacet
  facet normal 0 0 1
    outer loop
      vertex 25.9267 89.7382 2
      vertex 62.1779 100.669 2
      vertex 62.1473 100.823 2
    endloop
  endfacet
  facet normal 0 0 1
    outer loop
      vertex 25.8573 89.879 2
      vertex 62.1473 100.823 2
      vertex 62.1371 100.98 2
    endloop
  endfacet
  facet normal 0 0 1
    outer loop
      vertex 62.8778 99.8713 2
      vertex 62.0408 59.2877 2
      vertex 62.1895 59.3381 2
    endloop
  endfacet
  facet normal 0 0 1
    outer loop
      vertex 73.2459 27.9306 2
      vertex 68.139 31.288 2
      vertex 72.8099 27.278 2
    endloop
  endfacet
  facet normal 0 0 1
    outer loop
      vertex 72.0061 24.278 2
      vertex 68.5371 16.4607 2
      vertex 68.5491 16.278 2
    endloop
  endfacet
  facet normal -0 0 1
    outer loop
      vertex 68.0013 31.1673 2
      vertex 72.8099 27.278 2
      vertex 68.139 31.288 2
    endloop
  endfacet
  facet normal 0 0 1
    outer loop
      vertex 72.0061 24.278 2
      vertex 68.5014 16.6403 2
      vertex 68.5371 16.4607 2
    endloop
  endfacet
  facet normal -0 0 1
    outer loop
      vertex 67.8491 31.0656 2
      vertex 72.8099 27.278 2
      vertex 68.0013 31.1673 2
    endloop
  endfacet
  facet normal 0 0 1
    outer loop
      vertex 72.0061 24.278 2
      vertex 68.4425 16.8138 2
      vertex 68.5014 16.6403 2
    endloop
  endfacet
  facet normal 0 0 1
    outer loop
      vertex 72.8099 27.278 2
      vertex 67.8491 31.0656 2
      vertex 72.4628 26.5741 2
    endloop
  endfacet
  facet normal 0 0 1
    outer loop
      vertex 72.0061 24.278 2
      vertex 68.3615 16.978 2
      vertex 68.4425 16.8138 2
    endloop
  endfacet
  facet normal -0 0 1
    outer loop
      vertex 67.6848 30.9846 2
      vertex 72.4628 26.5741 2
      vertex 67.8491 31.0656 2
    endloop
  endfacet
  facet normal 0 0 1
    outer loop
      vertex 72.0061 24.278 2
      vertex 68.2598 17.1303 2
      vertex 68.3615 16.978 2
    endloop
  endfacet
  facet normal 0 0 1
    outer loop
      vertex 72.4628 26.5741 2
      vertex 67.6848 30.9846 2
      vertex 72.2105 25.8309 2
    endloop
  endfacet
  facet normal 0 0 1
    outer loop
      vertex 72.0061 24.278 2
      vertex 68.139 17.2679 2
      vertex 68.2598 17.1303 2
    endloop
  endfacet
  facet normal -0 0 1
    outer loop
      vertex 67.5114 30.9257 2
      vertex 72.2105 25.8309 2
      vertex 67.6848 30.9846 2
    endloop
  endfacet
  facet normal 0 0 1
    outer loop
      vertex 72.0061 24.278 2
      vertex 68.0013 17.3887 2
      vertex 68.139 17.2679 2
    endloop
  endfacet
  facet normal -0 0 1
    outer loop
      vertex 67.3318 30.89 2
      vertex 72.2105 25.8309 2
      vertex 67.5114 30.9257 2
    endloop
  endfacet
  facet normal 0 0 1
    outer loop
      vertex 72.0061 24.278 2
      vertex 67.8491 17.4904 2
      vertex 68.0013 17.3887 2
    endloop
  endfacet
  facet normal 0 0 1
    outer loop
      vertex 72.2105 25.8309 2
      vertex 67.3318 30.89 2
      vertex 72.0574 25.0612 2
    endloop
  endfacet
  facet normal 0 0 1
    outer loop
      vertex 72.0061 24.278 2
      vertex 67.6848 17.5714 2
      vertex 67.8491 17.4904 2
    endloop
  endfacet
  facet normal -0 0 1
    outer loop
      vertex 67.1491 30.878 2
      vertex 72.0574 25.0612 2
      vertex 67.3318 30.89 2
    endloop
  endfacet
  facet normal 0 0 1
    outer loop
      vertex 72.0061 24.278 2
      vertex 67.5114 17.6303 2
      vertex 67.6848 17.5714 2
    endloop
  endfacet
  facet normal 0 0 1
    outer loop
      vertex 66.9663 30.89 2
      vertex 72.0574 25.0612 2
      vertex 67.1491 30.878 2
    endloop
  endfacet
  facet normal 0 0 1
    outer loop
      vertex 72.0061 24.278 2
      vertex 67.3318 17.666 2
      vertex 67.5114 17.6303 2
    endloop
  endfacet
  facet normal 0 0 1
    outer loop
      vertex 72.0574 25.0612 2
      vertex 66.9663 30.89 2
      vertex 72.0061 24.278 2
    endloop
  endfacet
  facet normal 0 0 1
    outer loop
      vertex 72.0061 24.278 2
      vertex 67.1491 17.678 2
      vertex 67.3318 17.666 2
    endloop
  endfacet
  facet normal 0 0 1
    outer loop
      vertex 66.7867 30.9257 2
      vertex 72.0061 24.278 2
      vertex 66.9663 30.89 2
    endloop
  endfacet
  facet normal 0 0 1
    outer loop
      vertex 72.0061 24.278 2
      vertex 66.9663 17.666 2
      vertex 67.1491 17.678 2
    endloop
  endfacet
  facet normal 0 0 1
    outer loop
      vertex 66.7867 17.6303 2
      vertex 72.0061 24.278 2
      vertex 66.7867 30.9257 2
    endloop
  endfacet
  facet normal 0 0 1
    outer loop
      vertex 72.0061 24.278 2
      vertex 66.7867 17.6303 2
      vertex 66.9663 17.666 2
    endloop
  endfacet
  facet normal 0 0 1
    outer loop
      vertex 66.6133 30.9846 2
      vertex 66.7867 17.6303 2
      vertex 66.7867 30.9257 2
    endloop
  endfacet
  facet normal 0 0 1
    outer loop
      vertex 66.6133 30.9846 2
      vertex 66.6133 17.5714 2
      vertex 66.7867 17.6303 2
    endloop
  endfacet
  facet normal 0 0 1
    outer loop
      vertex 66.4491 31.0656 2
      vertex 66.6133 17.5714 2
      vertex 66.6133 30.9846 2
    endloop
  endfacet
  facet normal 0 0 1
    outer loop
      vertex 66.4491 31.0656 2
      vertex 66.4491 17.4904 2
      vertex 66.6133 17.5714 2
    endloop
  endfacet
  facet normal 0 0 1
    outer loop
      vertex 66.2968 31.1673 2
      vertex 66.4491 17.4904 2
      vertex 66.4491 31.0656 2
    endloop
  endfacet
  facet normal 0 0 1
    outer loop
      vertex 66.2968 31.1673 2
      vertex 66.2968 17.3887 2
      vertex 66.4491 17.4904 2
    endloop
  endfacet
  facet normal 0 0 1
    outer loop
      vertex 66.1591 31.288 2
      vertex 66.2968 17.3887 2
      vertex 66.2968 31.1673 2
    endloop
  endfacet
  facet normal 0 0 1
    outer loop
      vertex 66.1591 31.288 2
      vertex 66.1591 17.2679 2
      vertex 66.2968 17.3887 2
    endloop
  endfacet
  facet normal 0 0 1
    outer loop
      vertex 66.0384 31.4257 2
      vertex 66.1591 17.2679 2
      vertex 66.1591 31.288 2
    endloop
  endfacet
  facet normal 0 0 1
    outer loop
      vertex 66.0384 31.4257 2
      vertex 66.0384 17.1303 2
      vertex 66.1591 17.2679 2
    endloop
  endfacet
  facet normal 0 0 1
    outer loop
      vertex 65.9366 31.578 2
      vertex 66.0384 17.1303 2
      vertex 66.0384 31.4257 2
    endloop
  endfacet
  facet normal 0 0 1
    outer loop
      vertex 65.9366 31.578 2
      vertex 65.9366 16.978 2
      vertex 66.0384 17.1303 2
    endloop
  endfacet
  facet normal 0 0 1
    outer loop
      vertex 65.8556 31.7422 2
      vertex 65.9366 16.978 2
      vertex 65.9366 31.578 2
    endloop
  endfacet
  facet normal 0 0 1
    outer loop
      vertex 65.8556 31.7422 2
      vertex 65.8556 16.8138 2
      vertex 65.9366 16.978 2
    endloop
  endfacet
  facet normal 0 0 1
    outer loop
      vertex 25.9267 31.6688 2
      vertex 65.8556 31.7422 2
      vertex 65.7968 31.9157 2
    endloop
  endfacet
  facet normal 0 0 1
    outer loop
      vertex 65.8556 31.7422 2
      vertex 25.9267 31.6688 2
      vertex 65.8556 16.8138 2
    endloop
  endfacet
  facet normal 0 0 1
    outer loop
      vertex 25.9772 31.8174 2
      vertex 65.7968 31.9157 2
      vertex 65.761 32.0953 2
    endloop
  endfacet
  facet normal 0 0 1
    outer loop
      vertex 65.8556 16.8138 2
      vertex 25.9267 31.6688 2
      vertex 65.7968 16.6403 2
    endloop
  endfacet
  facet normal 0 0 1
    outer loop
      vertex 26.0078 31.9714 2
      vertex 65.761 32.0953 2
      vertex 65.7491 32.278 2
    endloop
  endfacet
  facet normal -0 0 1
    outer loop
      vertex 25.8573 31.528 2
      vertex 65.7968 16.6403 2
      vertex 25.9267 31.6688 2
    endloop
  endfacet
  facet normal 0 0 1
    outer loop
      vertex 143.27 71.5 2
      vertex 101.553 97.7485 2
      vertex 142.981 70.9134 2
    endloop
  endfacet
  facet normal -0 0 1
    outer loop
      vertex 101.45 97.6305 2
      vertex 142.981 70.9134 2
      vertex 101.553 97.7485 2
    endloop
  endfacet
  facet normal 0 0 1
    outer loop
      vertex 142.981 70.9134 2
      vertex 101.45 97.6305 2
      vertex 142.77 70.2941 2
    endloop
  endfacet
  facet normal 0 0 1
    outer loop
      vertex 142.77 70.2941 2
      vertex 101.45 97.6305 2
      vertex 102.168 58.831 2
    endloop
  endfacet
  facet normal -0 0 1
    outer loop
      vertex 101.332 97.527 2
      vertex 102.168 58.831 2
      vertex 101.45 97.6305 2
    endloop
  endfacet
  facet normal 0 0 1
    outer loop
      vertex 102.168 58.831 2
      vertex 101.332 97.527 2
      vertex 102.037 58.9182 2
    endloop
  endfacet
  facet normal -0 0 1
    outer loop
      vertex 101.201 97.4398 2
      vertex 102.037 58.9182 2
      vertex 101.332 97.527 2
    endloop
  endfacet
  facet normal 0 0 1
    outer loop
      vertex 102.037 58.9182 2
      vertex 101.201 97.4398 2
      vertex 101.896 58.9877 2
    endloop
  endfacet
  facet normal -0 0 1
    outer loop
      vertex 101.06 97.3703 2
      vertex 101.896 58.9877 2
      vertex 101.201 97.4398 2
    endloop
  endfacet
  facet normal 0 0 1
    outer loop
      vertex 101.896 58.9877 2
      vertex 101.06 97.3703 2
      vertex 101.748 59.0381 2
    endloop
  endfacet
  facet normal -0 0 1
    outer loop
      vertex 100.912 97.3199 2
      vertex 101.748 59.0381 2
      vertex 101.06 97.3703 2
    endloop
  endfacet
  facet normal 0 0 1
    outer loop
      vertex 101.748 59.0381 2
      vertex 100.912 97.3199 2
      vertex 101.594 59.0687 2
    endloop
  endfacet
  facet normal -0 0 1
    outer loop
      vertex 100.758 97.2893 2
      vertex 101.594 59.0687 2
      vertex 100.912 97.3199 2
    endloop
  endfacet
  facet normal 0 0 1
    outer loop
      vertex 101.594 59.0687 2
      vertex 100.758 97.2893 2
      vertex 101.437 59.079 2
    endloop
  endfacet
  facet normal -0 0 1
    outer loop
      vertex 100.601 97.279 2
      vertex 101.437 59.079 2
      vertex 100.758 97.2893 2
    endloop
  endfacet
  facet normal 0 0 1
    outer loop
      vertex 101.437 59.079 2
      vertex 100.601 97.279 2
      vertex 101.28 59.0687 2
    endloop
  endfacet
  facet normal 0 0 1
    outer loop
      vertex 100.444 97.2893 2
      vertex 101.28 59.0687 2
      vertex 100.601 97.279 2
    endloop
  endfacet
  facet normal 0 0 1
    outer loop
      vertex 101.28 59.0687 2
      vertex 100.444 97.2893 2
      vertex 101.126 59.0381 2
    endloop
  endfacet
  facet normal 0 0 1
    outer loop
      vertex 100.29 97.3199 2
      vertex 101.126 59.0381 2
      vertex 100.444 97.2893 2
    endloop
  endfacet
  facet normal 0 0 1
    outer loop
      vertex 101.126 59.0381 2
      vertex 100.29 97.3199 2
      vertex 100.978 58.9877 2
    endloop
  endfacet
  facet normal 0 0 1
    outer loop
      vertex 100.142 97.3703 2
      vertex 100.978 58.9877 2
      vertex 100.29 97.3199 2
    endloop
  endfacet
  facet normal 0 0 1
    outer loop
      vertex 100.978 58.9877 2
      vertex 100.142 97.3703 2
      vertex 100.837 58.9182 2
    endloop
  endfacet
  facet normal 0 0 1
    outer loop
      vertex 100.001 97.4398 2
      vertex 100.837 58.9182 2
      vertex 100.142 97.3703 2
    endloop
  endfacet
  facet normal 0 0 1
    outer loop
      vertex 100.837 58.9182 2
      vertex 100.001 97.4398 2
      vertex 100.707 58.831 2
    endloop
  endfacet
  facet normal 0 0 1
    outer loop
      vertex 99.8705 97.527 2
      vertex 100.707 58.831 2
      vertex 100.001 97.4398 2
    endloop
  endfacet
  facet normal 0 0 1
    outer loop
      vertex 100.707 58.831 2
      vertex 99.8705 97.527 2
      vertex 100.589 58.7275 2
    endloop
  endfacet
  facet normal 0 0 1
    outer loop
      vertex 99.7525 97.6305 2
      vertex 100.589 58.7275 2
      vertex 99.8705 97.527 2
    endloop
  endfacet
  facet normal 0 0 1
    outer loop
      vertex 63.6898 58.3356 2
      vertex 100.589 58.7275 2
      vertex 99.7525 97.6305 2
    endloop
  endfacet
  facet normal 0 0 1
    outer loop
      vertex 63.6898 58.3356 2
      vertex 100.485 58.6095 2
      vertex 100.589 58.7275 2
    endloop
  endfacet
  facet normal 0 0 1
    outer loop
      vertex 63.6898 58.3356 2
      vertex 100.398 58.479 2
      vertex 100.485 58.6095 2
    endloop
  endfacet
  facet normal 0 0 1
    outer loop
      vertex 161.977 54.7955 2
      vertex 136.02 30.7746 2
      vertex 136.03 30.618 2
    endloop
  endfacet
  facet normal 0 0 1
    outer loop
      vertex 142.6 69 2
      vertex 135.989 30.9286 2
      vertex 136.02 30.7746 2
    endloop
  endfacet
  facet normal 0 0 1
    outer loop
      vertex 142.6 69 2
      vertex 135.939 31.0772 2
      vertex 135.989 30.9286 2
    endloop
  endfacet
  facet normal 0 0 1
    outer loop
      vertex 142.6 69 2
      vertex 135.869 31.218 2
      vertex 135.939 31.0772 2
    endloop
  endfacet
  facet normal 0 0 1
    outer loop
      vertex 142.6 69 2
      vertex 135.782 31.3485 2
      vertex 135.869 31.218 2
    endloop
  endfacet
  facet normal 0 0 1
    outer loop
      vertex 142.6 69 2
      vertex 135.679 31.4665 2
      vertex 135.782 31.3485 2
    endloop
  endfacet
  facet normal 0 0 1
    outer loop
      vertex 142.6 69 2
      vertex 135.561 31.57 2
      vertex 135.679 31.4665 2
    endloop
  endfacet
  facet normal 0 0 1
    outer loop
      vertex 142.6 69 2
      vertex 135.43 31.6572 2
      vertex 135.561 31.57 2
    endloop
  endfacet
  facet normal 0 0 1
    outer loop
      vertex 142.6 69 2
      vertex 135.289 31.7267 2
      vertex 135.43 31.6572 2
    endloop
  endfacet
  facet normal 0 0 1
    outer loop
      vertex 142.6 69 2
      vertex 135.141 31.7771 2
      vertex 135.289 31.7267 2
    endloop
  endfacet
  facet normal 0 0 1
    outer loop
      vertex 142.6 69 2
      vertex 134.987 31.8077 2
      vertex 135.141 31.7771 2
    endloop
  endfacet
  facet normal 0 -0 1
    outer loop
      vertex 102.637 57.879 2
      vertex 142.6 69 2
      vertex 102.627 58.0356 2
    endloop
  endfacet
  facet normal 0 0 1
    outer loop
      vertex 142.6 69 2
      vertex 134.83 31.818 2
      vertex 134.987 31.8077 2
    endloop
  endfacet
  facet normal 0 0 1
    outer loop
      vertex 142.6 69 2
      vertex 134.673 31.8077 2
      vertex 134.83 31.818 2
    endloop
  endfacet
  facet normal 0 0 1
    outer loop
      vertex 102.627 57.7224 2
      vertex 142.6 69 2
      vertex 102.637 57.879 2
    endloop
  endfacet
  facet normal 0 0 1
    outer loop
      vertex 142.6 69 2
      vertex 134.519 31.7771 2
      vertex 134.673 31.8077 2
    endloop
  endfacet
  facet normal 0 -0 1
    outer loop
      vertex 134.371 31.7267 2
      vertex 142.6 69 2
      vertex 102.627 57.7224 2
    endloop
  endfacet
  facet normal 0 0 1
    outer loop
      vertex 142.6 69 2
      vertex 134.371 31.7267 2
      vertex 134.519 31.7771 2
    endloop
  endfacet
  facet normal -0 0 1
    outer loop
      vertex 102.596 57.5684 2
      vertex 134.371 31.7267 2
      vertex 102.627 57.7224 2
    endloop
  endfacet
  facet normal 0 0 1
    outer loop
      vertex 134.371 31.7267 2
      vertex 102.596 57.5684 2
      vertex 134.23 31.6572 2
    endloop
  endfacet
  facet normal -0 0 1
    outer loop
      vertex 102.546 57.4198 2
      vertex 134.23 31.6572 2
      vertex 102.596 57.5684 2
    endloop
  endfacet
  facet normal 0 0 1
    outer loop
      vertex 134.23 31.6572 2
      vertex 102.546 57.4198 2
      vertex 134.1 31.57 2
    endloop
  endfacet
  facet normal -0 0 1
    outer loop
      vertex 102.476 57.279 2
      vertex 134.1 31.57 2
      vertex 102.546 57.4198 2
    endloop
  endfacet
  facet normal 0 0 1
    outer loop
      vertex 134.1 31.57 2
      vertex 102.476 57.279 2
      vertex 133.982 31.4665 2
    endloop
  endfacet
  facet normal -0 0 1
    outer loop
      vertex 102.389 57.1485 2
      vertex 133.982 31.4665 2
      vertex 102.476 57.279 2
    endloop
  endfacet
  facet normal 0 0 1
    outer loop
      vertex 133.63 30.618 2
      vertex 128.106 17.9716 2
      vertex 128.116 17.815 2
    endloop
  endfacet
  facet normal 0 0 1
    outer loop
      vertex 133.63 30.618 2
      vertex 128.075 18.1256 2
      vertex 128.106 17.9716 2
    endloop
  endfacet
  facet normal 0 0 1
    outer loop
      vertex 133.63 30.618 2
      vertex 128.025 18.2742 2
      vertex 128.075 18.1256 2
    endloop
  endfacet
  facet normal 0 0 1
    outer loop
      vertex 133.63 30.618 2
      vertex 127.955 18.415 2
      vertex 128.025 18.2742 2
    endloop
  endfacet
  facet normal 0 0 1
    outer loop
      vertex 133.63 30.618 2
      vertex 127.868 18.5455 2
      vertex 127.955 18.415 2
    endloop
  endfacet
  facet normal 0 0 1
    outer loop
      vertex 133.63 30.618 2
      vertex 127.765 18.6635 2
      vertex 127.868 18.5455 2
    endloop
  endfacet
  facet normal 0 0 1
    outer loop
      vertex 133.63 30.618 2
      vertex 127.647 18.767 2
      vertex 127.765 18.6635 2
    endloop
  endfacet
  facet normal 0 0 1
    outer loop
      vertex 133.63 30.618 2
      vertex 127.516 18.8542 2
      vertex 127.647 18.767 2
    endloop
  endfacet
  facet normal 0 0 1
    outer loop
      vertex 133.982 31.4665 2
      vertex 102.389 57.1485 2
      vertex 133.878 31.3485 2
    endloop
  endfacet
  facet normal -0 0 1
    outer loop
      vertex 102.286 57.0305 2
      vertex 133.878 31.3485 2
      vertex 102.389 57.1485 2
    endloop
  endfacet
  facet normal 0 0 1
    outer loop
      vertex 133.63 30.618 2
      vertex 127.375 18.9237 2
      vertex 127.516 18.8542 2
    endloop
  endfacet
  facet normal 0 0 1
    outer loop
      vertex 133.878 31.3485 2
      vertex 102.286 57.0305 2
      vertex 133.791 31.218 2
    endloop
  endfacet
  facet normal 0 0 1
    outer loop
      vertex 133.63 30.618 2
      vertex 127.227 18.9741 2
      vertex 127.375 18.9237 2
    endloop
  endfacet
  facet normal -0 0 1
    outer loop
      vertex 102.168 56.927 2
      vertex 133.791 31.218 2
      vertex 102.286 57.0305 2
    endloop
  endfacet
  facet normal 0 0 1
    outer loop
      vertex 133.63 30.618 2
      vertex 127.073 19.0047 2
      vertex 127.227 18.9741 2
    endloop
  endfacet
  facet normal 0 0 1
    outer loop
      vertex 133.791 31.218 2
      vertex 102.168 56.927 2
      vertex 133.721 31.0772 2
    endloop
  endfacet
  facet normal 0 0 1
    outer loop
      vertex 133.63 30.618 2
      vertex 126.916 19.015 2
      vertex 127.073 19.0047 2
    endloop
  endfacet
  facet normal -0 0 1
    outer loop
      vertex 102.037 56.8398 2
      vertex 133.721 31.0772 2
      vertex 102.168 56.927 2
    endloop
  endfacet
  facet normal 0 0 1
    outer loop
      vertex 133.63 30.618 2
      vertex 126.759 19.0047 2
      vertex 126.916 19.015 2
    endloop
  endfacet
  facet normal 0 0 1
    outer loop
      vertex 133.721 31.0772 2
      vertex 102.037 56.8398 2
      vertex 133.671 30.9286 2
    endloop
  endfacet
  facet normal 0 0 1
    outer loop
      vertex 133.63 30.618 2
      vertex 126.605 18.9741 2
      vertex 126.759 19.0047 2
    endloop
  endfacet
  facet normal -0 0 1
    outer loop
      vertex 101.896 56.7703 2
      vertex 133.671 30.9286 2
      vertex 102.037 56.8398 2
    endloop
  endfacet
  facet normal 0 0 1
    outer loop
      vertex 133.63 30.618 2
      vertex 126.457 18.9237 2
      vertex 126.605 18.9741 2
    endloop
  endfacet
  facet normal 0 -0 1
    outer loop
      vertex 126.186 18.767 2
      vertex 133.671 30.9286 2
      vertex 101.896 56.7703 2
    endloop
  endfacet
  facet normal 0 -0 1
    outer loop
      vertex 102.286 58.7275 2
      vertex 142.77 70.2941 2
      vertex 102.168 58.831 2
    endloop
  endfacet
  facet normal 0 0 1
    outer loop
      vertex 161.196 -1.01283 2
      vertex 161.977 4.0242 2
      vertex 161.759 4.06758 2
    endloop
  endfacet
  facet normal 0 0 1
    outer loop
      vertex 161.977 4.0242 2
      vertex 161.75 -1.20096 2
      vertex 161.845 -1.26455 2
    endloop
  endfacet
  facet normal 0 0 1
    outer loop
      vertex 161.977 4.0242 2
      vertex 161.574 -1.11417 2
      vertex 161.75 -1.20096 2
    endloop
  endfacet
  facet normal 0 0 1
    outer loop
      vertex 161 -1 2
      vertex 161.759 4.06758 2
      vertex 161.548 4.13906 2
    endloop
  endfacet
  facet normal 0 0 1
    outer loop
      vertex 161.977 4.0242 2
      vertex 161.388 -1.0511 2
      vertex 161.574 -1.11417 2
    endloop
  endfacet
  facet normal 0 0 1
    outer loop
      vertex 161 -1 2
      vertex 161.548 4.13906 2
      vertex 161.349 4.23742 2
    endloop
  endfacet
  facet normal 0 0 1
    outer loop
      vertex 161.977 4.0242 2
      vertex 161.196 -1.01283 2
      vertex 161.388 -1.0511 2
    endloop
  endfacet
  facet normal 0 0 1
    outer loop
      vertex 161 -1 2
      vertex 161.349 4.23742 2
      vertex 161.164 4.36096 2
    endloop
  endfacet
  facet normal 0 0 1
    outer loop
      vertex 161.759 4.06758 2
      vertex 161 -1 2
      vertex 161.196 -1.01283 2
    endloop
  endfacet
  facet normal 0 0 1
    outer loop
      vertex 160.997 4.50758 2
      vertex 161 -1 2
      vertex 161.164 4.36096 2
    endloop
  endfacet
  facet normal 0 0 1
    outer loop
      vertex 160.85 4.67476 2
      vertex 161 -1 2
      vertex 160.997 4.50758 2
    endloop
  endfacet
  facet normal 0 0 1
    outer loop
      vertex 160.727 4.85966 2
      vertex 161 -1 2
      vertex 160.85 4.67476 2
    endloop
  endfacet
  facet normal 0 0 1
    outer loop
      vertex 160.628 5.0591 2
      vertex 161 -1 2
      vertex 160.727 4.85966 2
    endloop
  endfacet
  facet normal 0 0 1
    outer loop
      vertex 160.557 5.26967 2
      vertex 161 -1 2
      vertex 160.628 5.0591 2
    endloop
  endfacet
  facet normal 0 0 1
    outer loop
      vertex 127.647 16.863 2
      vertex 160.557 5.26967 2
      vertex 160.514 5.48776 2
    endloop
  endfacet
  facet normal 0 0 1
    outer loop
      vertex 161.977 7.39512 2
      vertex 136.02 30.4614 2
      vertex 161.759 7.35173 2
    endloop
  endfacet
  facet normal -0 0 1
    outer loop
      vertex 135.989 30.3074 2
      vertex 161.759 7.35173 2
      vertex 136.02 30.4614 2
    endloop
  endfacet
  facet normal 0 0 1
    outer loop
      vertex 161.759 7.35173 2
      vertex 135.989 30.3074 2
      vertex 161.548 7.28025 2
    endloop
  endfacet
  facet normal -0 0 1
    outer loop
      vertex 135.939 30.1588 2
      vertex 161.548 7.28025 2
      vertex 135.989 30.3074 2
    endloop
  endfacet
  facet normal 0 0 1
    outer loop
      vertex 161.548 7.28025 2
      vertex 135.939 30.1588 2
      vertex 161.349 7.1819 2
    endloop
  endfacet
  facet normal -0 0 1
    outer loop
      vertex 135.869 30.018 2
      vertex 161.349 7.1819 2
      vertex 135.939 30.1588 2
    endloop
  endfacet
  facet normal 0 0 1
    outer loop
      vertex 161.349 7.1819 2
      vertex 135.869 30.018 2
      vertex 161.164 7.05836 2
    endloop
  endfacet
  facet normal -0 0 1
    outer loop
      vertex 135.782 29.8875 2
      vertex 161.164 7.05836 2
      vertex 135.869 30.018 2
    endloop
  endfacet
  facet normal 0 0 1
    outer loop
      vertex 161.164 7.05836 2
      vertex 135.782 29.8875 2
      vertex 160.997 6.91174 2
    endloop
  endfacet
  facet normal -0 0 1
    outer loop
      vertex 135.679 29.7695 2
      vertex 160.997 6.91174 2
      vertex 135.782 29.8875 2
    endloop
  endfacet
  facet normal 0 0 1
    outer loop
      vertex 160.997 6.91174 2
      vertex 135.679 29.7695 2
      vertex 160.85 6.74455 2
    endloop
  endfacet
  facet normal 0 0 1
    outer loop
      vertex 136.02 30.7746 2
      vertex 150.1 56.6699 2
      vertex 149.513 56.3806 2
    endloop
  endfacet
  facet normal 0 0 1
    outer loop
      vertex 136.02 30.7746 2
      vertex 149.513 56.3806 2
      vertex 148.894 56.1704 2
    endloop
  endfacet
  facet normal 0 0 1
    outer loop
      vertex 136.02 30.7746 2
      vertex 148.894 56.1704 2
      vertex 148.253 56.0428 2
    endloop
  endfacet
  facet normal 0 0 1
    outer loop
      vertex 136.02 30.7746 2
      vertex 148.253 56.0428 2
      vertex 147.6 56 2
    endloop
  endfacet
  facet normal 0 0 1
    outer loop
      vertex 136.02 30.7746 2
      vertex 147.6 56 2
      vertex 146.947 56.0428 2
    endloop
  endfacet
  facet normal 0 0 1
    outer loop
      vertex 136.02 30.7746 2
      vertex 146.947 56.0428 2
      vertex 146.306 56.1704 2
    endloop
  endfacet
  facet normal 0 0 1
    outer loop
      vertex 136.02 30.7746 2
      vertex 146.306 56.1704 2
      vertex 145.687 56.3806 2
    endloop
  endfacet
  facet normal 0 0 1
    outer loop
      vertex 136.02 30.7746 2
      vertex 145.687 56.3806 2
      vertex 145.1 56.6699 2
    endloop
  endfacet
  facet normal 0 0 1
    outer loop
      vertex 136.02 30.7746 2
      vertex 145.1 56.6699 2
      vertex 144.556 57.0332 2
    endloop
  endfacet
  facet normal 0 0 1
    outer loop
      vertex 136.02 30.7746 2
      vertex 144.556 57.0332 2
      vertex 144.064 57.4645 2
    endloop
  endfacet
  facet normal 0 0 1
    outer loop
      vertex 136.02 30.7746 2
      vertex 144.064 57.4645 2
      vertex 143.633 57.9562 2
    endloop
  endfacet
  facet normal 0 0 1
    outer loop
      vertex 136.02 30.7746 2
      vertex 143.633 57.9562 2
      vertex 143.27 58.5 2
    endloop
  endfacet
  facet normal 0 0 1
    outer loop
      vertex 136.02 30.7746 2
      vertex 143.27 58.5 2
      vertex 142.981 59.0866 2
    endloop
  endfacet
  facet normal 0 0 1
    outer loop
      vertex 136.02 30.7746 2
      vertex 142.981 59.0866 2
      vertex 142.77 59.7059 2
    endloop
  endfacet
  facet normal 0 0 1
    outer loop
      vertex 146.306 73.8296 2
      vertex 137.196 119.013 2
      vertex 145.687 73.6194 2
    endloop
  endfacet
  facet normal -0 0 1
    outer loop
      vertex 137 119 2
      vertex 145.687 73.6194 2
      vertex 137.196 119.013 2
    endloop
  endfacet
  facet normal 0 0 1
    outer loop
      vertex 145.687 73.6194 2
      vertex 137 119 2
      vertex 145.1 73.3301 2
    endloop
  endfacet
  facet normal -0 0 1
    outer loop
      vertex 125 119 2
      vertex 145.1 73.3301 2
      vertex 137 119 2
    endloop
  endfacet
  facet normal 0 0 1
    outer loop
      vertex 145.1 73.3301 2
      vertex 125 119 2
      vertex 144.556 72.9668 2
    endloop
  endfacet
  facet normal 0 0 1
    outer loop
      vertex 101.791 98.3224 2
      vertex 125 119 2
      vertex 101.801 98.479 2
    endloop
  endfacet
  facet normal 0 0 1
    outer loop
      vertex 125 119 2
      vertex 101.791 98.3224 2
      vertex 144.556 72.9668 2
    endloop
  endfacet
  facet normal -0 0 1
    outer loop
      vertex 101.76 98.1684 2
      vertex 144.556 72.9668 2
      vertex 101.791 98.3224 2
    endloop
  endfacet
  facet normal 0 0 1
    outer loop
      vertex 144.556 72.9668 2
      vertex 101.76 98.1684 2
      vertex 144.064 72.5355 2
    endloop
  endfacet
  facet normal -0 0 1
    outer loop
      vertex 101.71 98.0198 2
      vertex 144.064 72.5355 2
      vertex 101.76 98.1684 2
    endloop
  endfacet
  facet normal 0 0 1
    outer loop
      vertex 144.064 72.5355 2
      vertex 101.71 98.0198 2
      vertex 143.633 72.0438 2
    endloop
  endfacet
  facet normal -0 0 1
    outer loop
      vertex 101.64 97.879 2
      vertex 143.633 72.0438 2
      vertex 101.71 98.0198 2
    endloop
  endfacet
  facet normal 0 0 1
    outer loop
      vertex 136.02 30.7746 2
      vertex 142.6 61 2
      vertex 142.6 69 2
    endloop
  endfacet
  facet normal 0 0 1
    outer loop
      vertex 136.02 30.7746 2
      vertex 142.643 60.3474 2
      vertex 142.6 61 2
    endloop
  endfacet
  facet normal 0 0 1
    outer loop
      vertex 136.02 30.7746 2
      vertex 142.77 59.7059 2
      vertex 142.643 60.3474 2
    endloop
  endfacet
  facet normal -0 0 1
    outer loop
      vertex 135.561 29.666 2
      vertex 160.85 6.74455 2
      vertex 135.679 29.7695 2
    endloop
  endfacet
  facet normal 0 0 1
    outer loop
      vertex 160.85 6.74455 2
      vertex 135.561 29.666 2
      vertex 160.727 6.55966 2
    endloop
  endfacet
  facet normal -0 0 1
    outer loop
      vertex 128.106 17.6584 2
      vertex 160.727 6.55966 2
      vertex 135.561 29.666 2
    endloop
  endfacet
  facet normal 0 0 1
    outer loop
      vertex 160.727 6.55966 2
      vertex 128.106 17.6584 2
      vertex 160.628 6.36022 2
    endloop
  endfacet
  facet normal -0 0 1
    outer loop
      vertex 128.075 17.5044 2
      vertex 160.628 6.36022 2
      vertex 128.106 17.6584 2
    endloop
  endfacet
  facet normal 0 0 1
    outer loop
      vertex 160.628 6.36022 2
      vertex 128.075 17.5044 2
      vertex 160.557 6.14965 2
    endloop
  endfacet
  facet normal -0 0 1
    outer loop
      vertex 128.025 17.3558 2
      vertex 160.557 6.14965 2
      vertex 128.075 17.5044 2
    endloop
  endfacet
  facet normal -0 0 1
    outer loop
      vertex 127.955 17.215 2
      vertex 160.557 6.14965 2
      vertex 128.025 17.3558 2
    endloop
  endfacet
  facet normal 0 0 1
    outer loop
      vertex 128.106 17.6584 2
      vertex 135.561 29.666 2
      vertex 135.43 29.5788 2
    endloop
  endfacet
  facet normal 0 0 1
    outer loop
      vertex 128.116 17.815 2
      vertex 135.43 29.5788 2
      vertex 135.289 29.5093 2
    endloop
  endfacet
  facet normal 0 0 1
    outer loop
      vertex 128.116 17.815 2
      vertex 135.289 29.5093 2
      vertex 135.141 29.4589 2
    endloop
  endfacet
  facet normal 0 0 1
    outer loop
      vertex 128.116 17.815 2
      vertex 135.141 29.4589 2
      vertex 134.987 29.4283 2
    endloop
  endfacet
  facet normal 0 0 1
    outer loop
      vertex 128.116 17.815 2
      vertex 134.987 29.4283 2
      vertex 134.83 29.418 2
    endloop
  endfacet
  facet normal 0 0 1
    outer loop
      vertex 128.116 17.815 2
      vertex 134.83 29.418 2
      vertex 134.673 29.4283 2
    endloop
  endfacet
  facet normal 0 0 1
    outer loop
      vertex 128.116 17.815 2
      vertex 134.673 29.4283 2
      vertex 134.519 29.4589 2
    endloop
  endfacet
  facet normal 0 0 1
    outer loop
      vertex 128.116 17.815 2
      vertex 134.519 29.4589 2
      vertex 134.371 29.5093 2
    endloop
  endfacet
  facet normal 0 0 1
    outer loop
      vertex 128.116 17.815 2
      vertex 134.371 29.5093 2
      vertex 134.23 29.5788 2
    endloop
  endfacet
  facet normal 0 0 1
    outer loop
      vertex 128.116 17.815 2
      vertex 134.23 29.5788 2
      vertex 134.1 29.666 2
    endloop
  endfacet
  facet normal 0 0 1
    outer loop
      vertex 128.116 17.815 2
      vertex 134.1 29.666 2
      vertex 133.982 29.7695 2
    endloop
  endfacet
  facet normal 0 0 1
    outer loop
      vertex 128.116 17.815 2
      vertex 133.64 30.4614 2
      vertex 133.63 30.618 2
    endloop
  endfacet
  facet normal 0 0 1
    outer loop
      vertex 128.116 17.815 2
      vertex 133.671 30.3074 2
      vertex 133.64 30.4614 2
    endloop
  endfacet
  facet normal 0 0 1
    outer loop
      vertex 128.116 17.815 2
      vertex 133.721 30.1588 2
      vertex 133.671 30.3074 2
    endloop
  endfacet
  facet normal 0 0 1
    outer loop
      vertex 128.116 17.815 2
      vertex 133.791 30.018 2
      vertex 133.721 30.1588 2
    endloop
  endfacet
  facet normal 0 0 1
    outer loop
      vertex 128.116 17.815 2
      vertex 133.878 29.8875 2
      vertex 133.791 30.018 2
    endloop
  endfacet
  facet normal 0 0 1
    outer loop
      vertex 128.116 17.815 2
      vertex 133.982 29.7695 2
      vertex 133.878 29.8875 2
    endloop
  endfacet
  facet normal 0 0 1
    outer loop
      vertex 135.43 29.5788 2
      vertex 128.116 17.815 2
      vertex 128.106 17.6584 2
    endloop
  endfacet
  facet normal 0 0 1
    outer loop
      vertex 160.557 6.14965 2
      vertex 127.955 17.215 2
      vertex 160.514 5.93155 2
    endloop
  endfacet
  facet normal -0 0 1
    outer loop
      vertex 127.868 17.0845 2
      vertex 160.514 5.93155 2
      vertex 127.955 17.215 2
    endloop
  endfacet
  facet normal 0 0 1
    outer loop
      vertex 160.514 5.93155 2
      vertex 127.868 17.0845 2
      vertex 160.499 5.70966 2
    endloop
  endfacet
  facet normal -0 0 1
    outer loop
      vertex 127.765 16.9665 2
      vertex 160.499 5.70966 2
      vertex 127.868 17.0845 2
    endloop
  endfacet
  facet normal 0 0 1
    outer loop
      vertex 160.499 5.70966 2
      vertex 127.765 16.9665 2
      vertex 160.514 5.48776 2
    endloop
  endfacet
  facet normal -0 0 1
    outer loop
      vertex 127.647 16.863 2
      vertex 160.514 5.48776 2
      vertex 127.765 16.9665 2
    endloop
  endfacet
  facet normal 0 0 1
    outer loop
      vertex 160.557 5.26967 2
      vertex 127.647 16.863 2
      vertex 161 -1 2
    endloop
  endfacet
  facet normal -0 0 1
    outer loop
      vertex 127.516 16.7758 2
      vertex 161 -1 2
      vertex 127.647 16.863 2
    endloop
  endfacet
  facet normal -0 0 1
    outer loop
      vertex 127.375 16.7063 2
      vertex 161 -1 2
      vertex 127.516 16.7758 2
    endloop
  endfacet
  facet normal -0 0 1
    outer loop
      vertex 127.227 16.6559 2
      vertex 161 -1 2
      vertex 127.375 16.7063 2
    endloop
  endfacet
  facet normal -0 0 1
    outer loop
      vertex 127.073 16.6253 2
      vertex 161 -1 2
      vertex 127.227 16.6559 2
    endloop
  endfacet
  facet normal -0 0 1
    outer loop
      vertex 126.916 16.615 2
      vertex 161 -1 2
      vertex 127.073 16.6253 2
    endloop
  endfacet
  facet normal 0 0 1
    outer loop
      vertex 126.759 16.6253 2
      vertex 161 -1 2
      vertex 126.916 16.615 2
    endloop
  endfacet
  facet normal 0 0 1
    outer loop
      vertex 126.605 16.6559 2
      vertex 161 -1 2
      vertex 126.759 16.6253 2
    endloop
  endfacet
  facet normal 0 0 1
    outer loop
      vertex 79.559 18.4824 2
      vertex 126.605 16.6559 2
      vertex 126.457 16.7063 2
    endloop
  endfacet
  facet normal 0 0 1
    outer loop
      vertex 80.3022 18.7347 2
      vertex 126.457 16.7063 2
      vertex 126.316 16.7758 2
    endloop
  endfacet
  facet normal 0 0 1
    outer loop
      vertex 101.801 98.479 2
      vertex 125 119 2
      vertex 124.804 119.013 2
    endloop
  endfacet
  facet normal 0 0 1
    outer loop
      vertex 101.791 98.6356 2
      vertex 124.804 119.013 2
      vertex 124.612 119.051 2
    endloop
  endfacet
  facet normal 0 0 1
    outer loop
      vertex 101.76 98.7896 2
      vertex 124.612 119.051 2
      vertex 124.426 119.114 2
    endloop
  endfacet
  facet normal 0 0 1
    outer loop
      vertex 101.71 98.9382 2
      vertex 124.426 119.114 2
      vertex 124.25 119.201 2
    endloop
  endfacet
  facet normal 0 0 1
    outer loop
      vertex 101.64 99.079 2
      vertex 124.25 119.201 2
      vertex 124.087 119.31 2
    endloop
  endfacet
  facet normal 0 0 1
    outer loop
      vertex 101.553 99.2095 2
      vertex 124.087 119.31 2
      vertex 123.939 119.439 2
    endloop
  endfacet
  facet normal 0 0 1
    outer loop
      vertex 101.45 99.3275 2
      vertex 123.939 119.439 2
      vertex 123.81 119.587 2
    endloop
  endfacet
  facet normal 0 0 1
    outer loop
      vertex 101.332 99.431 2
      vertex 123.81 119.587 2
      vertex 123.701 119.75 2
    endloop
  endfacet
  facet normal 0 0 1
    outer loop
      vertex 101.201 99.5182 2
      vertex 123.701 119.75 2
      vertex 123.614 119.926 2
    endloop
  endfacet
  facet normal 0 0 1
    outer loop
      vertex 101.06 99.5877 2
      vertex 123.614 119.926 2
      vertex 123.551 120.112 2
    endloop
  endfacet
  facet normal 0 0 1
    outer loop
      vertex 100.912 99.6381 2
      vertex 123.551 120.112 2
      vertex 123.513 120.304 2
    endloop
  endfacet
  facet normal 0 0 1
    outer loop
      vertex 100.758 99.6687 2
      vertex 123.513 120.304 2
      vertex 123.5 120.5 2
    endloop
  endfacet
  facet normal 0 0 1
    outer loop
      vertex 133.63 30.618 2
      vertex 126.316 18.8542 2
      vertex 126.457 18.9237 2
    endloop
  endfacet
  facet normal 0 0 1
    outer loop
      vertex 133.64 30.7746 2
      vertex 126.316 18.8542 2
      vertex 133.63 30.618 2
    endloop
  endfacet
  facet normal 0 -0 1
    outer loop
      vertex 126.316 18.8542 2
      vertex 133.64 30.7746 2
      vertex 126.186 18.767 2
    endloop
  endfacet
  facet normal 0 0 1
    outer loop
      vertex 126.186 18.767 2
      vertex 101.896 56.7703 2
      vertex 126.068 18.6635 2
    endloop
  endfacet
  facet normal -0 0 1
    outer loop
      vertex 101.748 56.7199 2
      vertex 126.068 18.6635 2
      vertex 101.896 56.7703 2
    endloop
  endfacet
  facet normal 0 0 1
    outer loop
      vertex 126.068 18.6635 2
      vertex 101.748 56.7199 2
      vertex 125.964 18.5455 2
    endloop
  endfacet
  facet normal -0 0 1
    outer loop
      vertex 83.9547 25.0612 2
      vertex 125.964 18.5455 2
      vertex 101.748 56.7199 2
    endloop
  endfacet
  facet normal 0 0 1
    outer loop
      vertex 125.964 18.5455 2
      vertex 83.9547 25.0612 2
      vertex 125.877 18.415 2
    endloop
  endfacet
  facet normal 0 0 1
    outer loop
      vertex 125.877 18.415 2
      vertex 83.9547 25.0612 2
      vertex 125.807 18.2742 2
    endloop
  endfacet
  facet normal -0 -0 1
    outer loop
      vertex 84.0061 24.278 2
      vertex 125.807 18.2742 2
      vertex 83.9547 25.0612 2
    endloop
  endfacet
  facet normal 0 0 1
    outer loop
      vertex 125.807 18.2742 2
      vertex 84.0061 24.278 2
      vertex 125.757 18.1256 2
    endloop
  endfacet
  facet normal -0 0 1
    outer loop
      vertex 83.9547 23.4948 2
      vertex 125.757 18.1256 2
      vertex 84.0061 24.278 2
    endloop
  endfacet
  facet normal 0 0 1
    outer loop
      vertex 125.757 18.1256 2
      vertex 83.9547 23.4948 2
      vertex 125.726 17.9716 2
    endloop
  endfacet
  facet normal 0 0 1
    outer loop
      vertex 125.726 17.9716 2
      vertex 83.9547 23.4948 2
      vertex 125.716 17.815 2
    endloop
  endfacet
  facet normal -0 0 1
    outer loop
      vertex 83.8016 22.7251 2
      vertex 125.716 17.815 2
      vertex 83.9547 23.4948 2
    endloop
  endfacet
  facet normal 0 0 1
    outer loop
      vertex 83.9547 25.0612 2
      vertex 101.748 56.7199 2
      vertex 101.594 56.6893 2
    endloop
  endfacet
  facet normal 0 0 1
    outer loop
      vertex 83.9547 25.0612 2
      vertex 101.594 56.6893 2
      vertex 101.437 56.679 2
    endloop
  endfacet
  facet normal 0 0 1
    outer loop
      vertex 83.9547 25.0612 2
      vertex 101.437 56.679 2
      vertex 101.28 56.6893 2
    endloop
  endfacet
  facet normal 0 0 1
    outer loop
      vertex 83.9547 25.0612 2
      vertex 101.28 56.6893 2
      vertex 101.126 56.7199 2
    endloop
  endfacet
  facet normal 0 0 1
    outer loop
      vertex 83.9547 25.0612 2
      vertex 101.126 56.7199 2
      vertex 100.978 56.7703 2
    endloop
  endfacet
  facet normal 0 0 1
    outer loop
      vertex 83.9547 25.0612 2
      vertex 100.978 56.7703 2
      vertex 100.837 56.8398 2
    endloop
  endfacet
  facet normal 0 0 1
    outer loop
      vertex 83.9547 25.0612 2
      vertex 100.837 56.8398 2
      vertex 100.707 56.927 2
    endloop
  endfacet
  facet normal 0 0 1
    outer loop
      vertex 83.9547 25.0612 2
      vertex 100.707 56.927 2
      vertex 100.589 57.0305 2
    endloop
  endfacet
  facet normal 0 0 1
    outer loop
      vertex 83.9547 25.0612 2
      vertex 100.589 57.0305 2
      vertex 100.485 57.1485 2
    endloop
  endfacet
  facet normal 0 0 1
    outer loop
      vertex 83.9547 25.0612 2
      vertex 100.485 57.1485 2
      vertex 100.398 57.279 2
    endloop
  endfacet
  facet normal 0 0 1
    outer loop
      vertex 63.6898 58.3356 2
      vertex 100.328 58.3382 2
      vertex 100.398 58.479 2
    endloop
  endfacet
  facet normal -0 0 1
    outer loop
      vertex 63.6898 58.3356 2
      vertex 100.278 58.1896 2
      vertex 100.328 58.3382 2
    endloop
  endfacet
  facet normal 0 0 1
    outer loop
      vertex 63.6898 58.3356 2
      vertex 100.247 58.0356 2
      vertex 100.278 58.1896 2
    endloop
  endfacet
  facet normal 0 0 1
    outer loop
      vertex 64.0676 100.028 2
      vertex 99.7525 97.6305 2
      vertex 99.649 97.7485 2
    endloop
  endfacet
  facet normal 0 0 1
    outer loop
      vertex 64.1856 100.131 2
      vertex 99.649 97.7485 2
      vertex 99.5618 97.879 2
    endloop
  endfacet
  facet normal 0 0 1
    outer loop
      vertex 64.2891 100.249 2
      vertex 99.5618 97.879 2
      vertex 99.4924 98.0198 2
    endloop
  endfacet
  facet normal 0 0 1
    outer loop
      vertex 64.3763 100.38 2
      vertex 99.4924 98.0198 2
      vertex 99.4419 98.1684 2
    endloop
  endfacet
  facet normal 0 0 1
    outer loop
      vertex 64.4457 100.521 2
      vertex 99.4419 98.1684 2
      vertex 99.4113 98.3224 2
    endloop
  endfacet
  facet normal 0 0 1
    outer loop
      vertex 64.5268 100.823 2
      vertex 99.4113 98.3224 2
      vertex 99.4011 98.479 2
    endloop
  endfacet
  facet normal 0 0 1
    outer loop
      vertex 100.247 58.0356 2
      vertex 63.7001 58.179 2
      vertex 100.237 57.879 2
    endloop
  endfacet
  facet normal 0 0 1
    outer loop
      vertex 83.9547 25.0612 2
      vertex 100.247 57.7224 2
      vertex 100.237 57.879 2
    endloop
  endfacet
  facet normal 0 0 1
    outer loop
      vertex 83.9547 25.0612 2
      vertex 100.278 57.5684 2
      vertex 100.247 57.7224 2
    endloop
  endfacet
  facet normal 0 0 1
    outer loop
      vertex 83.9547 25.0612 2
      vertex 100.328 57.4198 2
      vertex 100.278 57.5684 2
    endloop
  endfacet
  facet normal 0 0 1
    outer loop
      vertex 83.9547 25.0612 2
      vertex 100.398 57.279 2
      vertex 100.328 57.4198 2
    endloop
  endfacet
  facet normal 0 0 1
    outer loop
      vertex 125.716 17.815 2
      vertex 83.8016 22.7251 2
      vertex 125.726 17.6584 2
    endloop
  endfacet
  facet normal 0 0 1
    outer loop
      vertex 125.726 17.6584 2
      vertex 83.5493 21.9819 2
      vertex 125.757 17.5044 2
    endloop
  endfacet
  facet normal -0 0 1
    outer loop
      vertex 83.2022 21.278 2
      vertex 125.757 17.5044 2
      vertex 83.5493 21.9819 2
    endloop
  endfacet
  facet normal 0 0 1
    outer loop
      vertex 125.757 17.5044 2
      vertex 83.2022 21.278 2
      vertex 125.807 17.3558 2
    endloop
  endfacet
  facet normal -0 0 1
    outer loop
      vertex 82.7662 20.6254 2
      vertex 125.807 17.3558 2
      vertex 83.2022 21.278 2
    endloop
  endfacet
  facet normal 0 0 1
    outer loop
      vertex 125.807 17.3558 2
      vertex 82.7662 20.6254 2
      vertex 125.877 17.215 2
    endloop
  endfacet
  facet normal -0 0 1
    outer loop
      vertex 82.2487 20.0354 2
      vertex 125.877 17.215 2
      vertex 82.7662 20.6254 2
    endloop
  endfacet
  facet normal 0 0 1
    outer loop
      vertex 125.877 17.215 2
      vertex 82.2487 20.0354 2
      vertex 125.964 17.0845 2
    endloop
  endfacet
  facet normal 0 0 1
    outer loop
      vertex 125.964 17.0845 2
      vertex 82.2487 20.0354 2
      vertex 126.068 16.9665 2
    endloop
  endfacet
  facet normal -0 0 1
    outer loop
      vertex 81.6586 19.5179 2
      vertex 126.068 16.9665 2
      vertex 82.2487 20.0354 2
    endloop
  endfacet
  facet normal 0 0 1
    outer loop
      vertex 126.068 16.9665 2
      vertex 81.6586 19.5179 2
      vertex 126.186 16.863 2
    endloop
  endfacet
  facet normal -0 0 1
    outer loop
      vertex 81.0061 19.0818 2
      vertex 126.186 16.863 2
      vertex 81.6586 19.5179 2
    endloop
  endfacet
  facet normal 0 0 1
    outer loop
      vertex 126.186 16.863 2
      vertex 81.0061 19.0818 2
      vertex 126.316 16.7758 2
    endloop
  endfacet
  facet normal -0 0 1
    outer loop
      vertex 80.3022 18.7347 2
      vertex 126.316 16.7758 2
      vertex 81.0061 19.0818 2
    endloop
  endfacet
  facet normal 0 0 1
    outer loop
      vertex 126.457 16.7063 2
      vertex 80.3022 18.7347 2
      vertex 79.559 18.4824 2
    endloop
  endfacet
  facet normal 0 0 1
    outer loop
      vertex 126.605 16.6559 2
      vertex 79.559 18.4824 2
      vertex 67.6848 14.9846 2
    endloop
  endfacet
  facet normal 0 0 1
    outer loop
      vertex 67.6848 14.9846 2
      vertex 79.559 18.4824 2
      vertex 78.7892 18.3293 2
    endloop
  endfacet
  facet normal 0 0 1
    outer loop
      vertex 67.8491 15.0656 2
      vertex 78.7892 18.3293 2
      vertex 78.0061 18.278 2
    endloop
  endfacet
  facet normal 0 0 1
    outer loop
      vertex 68.0013 15.1673 2
      vertex 78.0061 18.278 2
      vertex 77.2229 18.3293 2
    endloop
  endfacet
  facet normal 0 0 1
    outer loop
      vertex 68.2598 15.4257 2
      vertex 77.2229 18.3293 2
      vertex 76.4531 18.4824 2
    endloop
  endfacet
  facet normal -0 0 1
    outer loop
      vertex 68.139 31.288 2
      vertex 73.2459 27.9306 2
      vertex 68.2598 31.4257 2
    endloop
  endfacet
  facet normal 0 0 1
    outer loop
      vertex 72.0061 24.278 2
      vertex 68.5491 16.278 2
      vertex 72.0574 23.4948 2
    endloop
  endfacet
  facet normal 0 0 1
    outer loop
      vertex 72.0574 23.4948 2
      vertex 68.5491 16.278 2
      vertex 72.2105 22.7251 2
    endloop
  endfacet
  facet normal 0 0 1
    outer loop
      vertex 72.2105 22.7251 2
      vertex 68.5491 16.278 2
      vertex 72.4628 21.9819 2
    endloop
  endfacet
  facet normal 0 0 1
    outer loop
      vertex 68.5491 16.278 2
      vertex 72.8099 21.278 2
      vertex 72.4628 21.9819 2
    endloop
  endfacet
  facet normal 0 0 1
    outer loop
      vertex 68.5491 16.278 2
      vertex 73.2459 20.6254 2
      vertex 72.8099 21.278 2
    endloop
  endfacet
  facet normal 0 0 1
    outer loop
      vertex 68.5491 16.278 2
      vertex 73.7634 20.0354 2
      vertex 73.2459 20.6254 2
    endloop
  endfacet
  facet normal 0 0 1
    outer loop
      vertex 68.5491 16.278 2
      vertex 74.3535 19.5179 2
      vertex 73.7634 20.0354 2
    endloop
  endfacet
  facet normal 0 0 1
    outer loop
      vertex 68.5491 16.278 2
      vertex 75.0061 19.0818 2
      vertex 74.3535 19.5179 2
    endloop
  endfacet
  facet normal 0 0 1
    outer loop
      vertex 68.5371 16.0953 2
      vertex 75.0061 19.0818 2
      vertex 68.5491 16.278 2
    endloop
  endfacet
  facet normal 0 0 1
    outer loop
      vertex 68.5014 15.9157 2
      vertex 75.0061 19.0818 2
      vertex 68.5371 16.0953 2
    endloop
  endfacet
  facet normal 0 0 1
    outer loop
      vertex 75.0061 19.0818 2
      vertex 68.5014 15.9157 2
      vertex 75.71 18.7347 2
    endloop
  endfacet
  facet normal 0 0 1
    outer loop
      vertex 68.4425 15.7422 2
      vertex 75.71 18.7347 2
      vertex 68.5014 15.9157 2
    endloop
  endfacet
  facet normal 0 0 1
    outer loop
      vertex 68.3615 15.578 2
      vertex 75.71 18.7347 2
      vertex 68.4425 15.7422 2
    endloop
  endfacet
  facet normal 0 0 1
    outer loop
      vertex 75.71 18.7347 2
      vertex 68.3615 15.578 2
      vertex 76.4531 18.4824 2
    endloop
  endfacet
  facet normal 0 0 1
    outer loop
      vertex 68.2598 15.4257 2
      vertex 76.4531 18.4824 2
      vertex 68.3615 15.578 2
    endloop
  endfacet
  facet normal 0 0 1
    outer loop
      vertex 77.2229 18.3293 2
      vertex 68.2598 15.4257 2
      vertex 68.139 15.288 2
    endloop
  endfacet
  facet normal 0 0 1
    outer loop
      vertex 77.2229 18.3293 2
      vertex 68.139 15.288 2
      vertex 68.0013 15.1673 2
    endloop
  endfacet
  facet normal 0 0 1
    outer loop
      vertex 78.0061 18.278 2
      vertex 68.0013 15.1673 2
      vertex 67.8491 15.0656 2
    endloop
  endfacet
  facet normal 0 0 1
    outer loop
      vertex 78.7892 18.3293 2
      vertex 67.8491 15.0656 2
      vertex 67.6848 14.9846 2
    endloop
  endfacet
  facet normal 0 0 1
    outer loop
      vertex 126.605 16.6559 2
      vertex 67.6848 14.9846 2
      vertex 161 -1 2
    endloop
  endfacet
  facet normal -0 0 1
    outer loop
      vertex 67.5114 14.9257 2
      vertex 161 -1 2
      vertex 67.6848 14.9846 2
    endloop
  endfacet
  facet normal -0 0 1
    outer loop
      vertex 67.3318 14.89 2
      vertex 161 -1 2
      vertex 67.5114 14.9257 2
    endloop
  endfacet
  facet normal 0 0 1
    outer loop
      vertex 5.5 -1 2
      vertex 67.3318 14.89 2
      vertex 67.1491 14.878 2
    endloop
  endfacet
  facet normal 0 0 1
    outer loop
      vertex 5.5 -1 2
      vertex 67.1491 14.878 2
      vertex 66.9663 14.89 2
    endloop
  endfacet
  facet normal -0 0 1
    outer loop
      vertex 62.6567 56.9893 2
      vertex 66.9663 33.666 2
      vertex 62.8106 57.0199 2
    endloop
  endfacet
  facet normal -0 0 1
    outer loop
      vertex 64.4457 100.521 2
      vertex 99.4113 98.3224 2
      vertex 64.4962 100.669 2
    endloop
  endfacet
  facet normal 0 0 1
    outer loop
      vertex 99.4419 98.1684 2
      vertex 64.4457 100.521 2
      vertex 64.3763 100.38 2
    endloop
  endfacet
  facet normal 0 0 1
    outer loop
      vertex 99.4924 98.0198 2
      vertex 64.3763 100.38 2
      vertex 64.2891 100.249 2
    endloop
  endfacet
  facet normal 0 0 1
    outer loop
      vertex 99.5618 97.879 2
      vertex 64.2891 100.249 2
      vertex 64.1856 100.131 2
    endloop
  endfacet
  facet normal 0 0 1
    outer loop
      vertex 99.649 97.7485 2
      vertex 64.1856 100.131 2
      vertex 64.0676 100.028 2
    endloop
  endfacet
  facet normal 0 0 1
    outer loop
      vertex 63.6898 58.3356 2
      vertex 99.7525 97.6305 2
      vertex 64.0676 100.028 2
    endloop
  endfacet
  facet normal 0 0 1
    outer loop
      vertex 63.6898 58.3356 2
      vertex 64.0676 100.028 2
      vertex 63.9371 99.9408 2
    endloop
  endfacet
  facet normal 0 0 1
    outer loop
      vertex 63.1001 59.2182 2
      vertex 63.9371 99.9408 2
      vertex 63.7963 99.8713 2
    endloop
  endfacet
  facet normal 0 0 1
    outer loop
      vertex 66.9663 33.666 2
      vertex 62.6567 56.9893 2
      vertex 66.7867 33.6303 2
    endloop
  endfacet
  facet normal -0 0 1
    outer loop
      vertex 62.5001 56.979 2
      vertex 66.7867 33.6303 2
      vertex 62.6567 56.9893 2
    endloop
  endfacet
  facet normal 0 0 1
    outer loop
      vertex 66.7867 33.6303 2
      vertex 62.5001 56.979 2
      vertex 66.6133 33.5714 2
    endloop
  endfacet
  facet normal 0 0 1
    outer loop
      vertex 62.3434 56.9893 2
      vertex 66.6133 33.5714 2
      vertex 62.5001 56.979 2
    endloop
  endfacet
  facet normal 0 0 1
    outer loop
      vertex 66.6133 33.5714 2
      vertex 62.3434 56.9893 2
      vertex 66.4491 33.4904 2
    endloop
  endfacet
  facet normal 0 0 1
    outer loop
      vertex 62.1895 57.0199 2
      vertex 66.4491 33.4904 2
      vertex 62.3434 56.9893 2
    endloop
  endfacet
  facet normal 0 0 1
    outer loop
      vertex 66.4491 33.4904 2
      vertex 62.1895 57.0199 2
      vertex 66.2968 33.3887 2
    endloop
  endfacet
  facet normal 0 0 1
    outer loop
      vertex 62.0408 57.0703 2
      vertex 66.2968 33.3887 2
      vertex 62.1895 57.0199 2
    endloop
  endfacet
  facet normal 0 0 1
    outer loop
      vertex 66.2968 33.3887 2
      vertex 62.0408 57.0703 2
      vertex 66.1591 33.2679 2
    endloop
  endfacet
  facet normal 0 0 1
    outer loop
      vertex 61.9001 57.1398 2
      vertex 66.1591 33.2679 2
      vertex 62.0408 57.0703 2
    endloop
  endfacet
  facet normal 0 0 1
    outer loop
      vertex 66.1591 33.2679 2
      vertex 61.9001 57.1398 2
      vertex 66.0384 33.1303 2
    endloop
  endfacet
  facet normal 0 0 1
    outer loop
      vertex 61.7695 57.227 2
      vertex 66.0384 33.1303 2
      vertex 61.9001 57.1398 2
    endloop
  endfacet
  facet normal 0 0 1
    outer loop
      vertex 66.0384 33.1303 2
      vertex 61.7695 57.227 2
      vertex 65.9366 32.978 2
    endloop
  endfacet
  facet normal 0 0 1
    outer loop
      vertex 61.6515 57.3305 2
      vertex 65.9366 32.978 2
      vertex 61.7695 57.227 2
    endloop
  endfacet
  facet normal 0 0 1
    outer loop
      vertex 65.9366 32.978 2
      vertex 61.6515 57.3305 2
      vertex 65.8556 32.8138 2
    endloop
  endfacet
  facet normal 0 0 1
    outer loop
      vertex 26.0181 32.128 2
      vertex 65.8556 32.8138 2
      vertex 61.6515 57.3305 2
    endloop
  endfacet
  facet normal 0 0 1
    outer loop
      vertex 65.8556 32.8138 2
      vertex 26.0181 32.128 2
      vertex 65.7968 32.6403 2
    endloop
  endfacet
  facet normal 0 0 1
    outer loop
      vertex 26.0078 31.9714 2
      vertex 65.7491 32.278 2
      vertex 26.0181 32.128 2
    endloop
  endfacet
  facet normal 0 0 1
    outer loop
      vertex 65.7968 32.6403 2
      vertex 26.0181 32.128 2
      vertex 65.761 32.4607 2
    endloop
  endfacet
  facet normal 0 0 1
    outer loop
      vertex 65.761 32.4607 2
      vertex 26.0181 32.128 2
      vertex 65.7491 32.278 2
    endloop
  endfacet
  facet normal 0 0 1
    outer loop
      vertex 26.0181 32.128 2
      vertex 61.6515 57.3305 2
      vertex 61.548 57.4485 2
    endloop
  endfacet
  facet normal 0 0 1
    outer loop
      vertex 26.0181 32.128 2
      vertex 61.548 57.4485 2
      vertex 61.4608 57.579 2
    endloop
  endfacet
  facet normal 0 0 1
    outer loop
      vertex 26.0181 32.128 2
      vertex 61.4608 57.579 2
      vertex 61.3914 57.7198 2
    endloop
  endfacet
  facet normal 0 0 1
    outer loop
      vertex 26.0181 32.128 2
      vertex 61.3914 57.7198 2
      vertex 61.3409 57.8684 2
    endloop
  endfacet
  facet normal 0 0 1
    outer loop
      vertex 26.0181 32.128 2
      vertex 61.3409 57.8684 2
      vertex 61.3103 58.0224 2
    endloop
  endfacet
  facet normal 0 0 1
    outer loop
      vertex 61.3103 58.3356 2
      vertex 26.0181 32.128 2
      vertex 61.3001 58.179 2
    endloop
  endfacet
  facet normal 0 0 1
    outer loop
      vertex 61.3001 58.179 2
      vertex 26.0181 32.128 2
      vertex 61.3103 58.0224 2
    endloop
  endfacet
  facet normal 0 0 1
    outer loop
      vertex 65.761 32.0953 2
      vertex 26.0078 31.9714 2
      vertex 25.9772 31.8174 2
    endloop
  endfacet
  facet normal 0 0 1
    outer loop
      vertex 65.7968 31.9157 2
      vertex 25.9772 31.8174 2
      vertex 25.9267 31.6688 2
    endloop
  endfacet
  facet normal 0 0 1
    outer loop
      vertex 65.7968 16.6403 2
      vertex 25.8573 31.528 2
      vertex 65.761 16.4607 2
    endloop
  endfacet
  facet normal -0 0 1
    outer loop
      vertex 25.7701 31.3975 2
      vertex 65.761 16.4607 2
      vertex 25.8573 31.528 2
    endloop
  endfacet
  facet normal 0 0 1
    outer loop
      vertex 65.761 16.4607 2
      vertex 25.7701 31.3975 2
      vertex 65.7491 16.278 2
    endloop
  endfacet
  facet normal -0 0 1
    outer loop
      vertex 25.6666 31.2795 2
      vertex 65.7491 16.278 2
      vertex 25.7701 31.3975 2
    endloop
  endfacet
  facet normal 0 0 1
    outer loop
      vertex 65.7491 16.278 2
      vertex 25.6666 31.2795 2
      vertex 65.761 16.0953 2
    endloop
  endfacet
  facet normal -0 0 1
    outer loop
      vertex 25.5486 31.176 2
      vertex 65.761 16.0953 2
      vertex 25.6666 31.2795 2
    endloop
  endfacet
  facet normal 0 0 1
    outer loop
      vertex 65.761 16.0953 2
      vertex 25.5486 31.176 2
      vertex 65.7968 15.9157 2
    endloop
  endfacet
  facet normal -0 0 1
    outer loop
      vertex 25.4181 31.0888 2
      vertex 65.7968 15.9157 2
      vertex 25.5486 31.176 2
    endloop
  endfacet
  facet normal 0 0 1
    outer loop
      vertex 65.7968 15.9157 2
      vertex 25.4181 31.0888 2
      vertex 65.8556 15.7422 2
    endloop
  endfacet
  facet normal -0 0 1
    outer loop
      vertex 25.2773 31.0193 2
      vertex 65.8556 15.7422 2
      vertex 25.4181 31.0888 2
    endloop
  endfacet
  facet normal 0 0 1
    outer loop
      vertex 65.8556 15.7422 2
      vertex 25.2773 31.0193 2
      vertex 65.9366 15.578 2
    endloop
  endfacet
  facet normal 0 0 1
    outer loop
      vertex 5.5 -1 2
      vertex 65.9366 15.578 2
      vertex 25.2773 31.0193 2
    endloop
  endfacet
  facet normal 0 0 1
    outer loop
      vertex 65.9366 15.578 2
      vertex 5.5 -1 2
      vertex 66.0384 15.4257 2
    endloop
  endfacet
  facet normal 0 0 1
    outer loop
      vertex 66.0384 15.4257 2
      vertex 5.5 -1 2
      vertex 66.1591 15.288 2
    endloop
  endfacet
  facet normal 0 0 1
    outer loop
      vertex 66.1591 15.288 2
      vertex 5.5 -1 2
      vertex 66.2968 15.1673 2
    endloop
  endfacet
  facet normal 0 0 1
    outer loop
      vertex 66.2968 15.1673 2
      vertex 5.5 -1 2
      vertex 66.4491 15.0656 2
    endloop
  endfacet
  facet normal 0 0 1
    outer loop
      vertex 5.5 -1 2
      vertex 25.2773 31.0193 2
      vertex 25.1286 30.9689 2
    endloop
  endfacet
  facet normal 0 0 1
    outer loop
      vertex 5.5 -1 2
      vertex 25.1286 30.9689 2
      vertex 24.9747 30.9383 2
    endloop
  endfacet
  facet normal 0 0 1
    outer loop
      vertex 5.5 -1 2
      vertex 24.9747 30.9383 2
      vertex 24.8181 30.928 2
    endloop
  endfacet
  facet normal 0 0 1
    outer loop
      vertex 5.5 -1 2
      vertex 24.8181 30.928 2
      vertex 24.6614 30.9383 2
    endloop
  endfacet
  facet normal 0 0 1
    outer loop
      vertex 5.5 -1 2
      vertex 24.6614 30.9383 2
      vertex 24.5075 30.9689 2
    endloop
  endfacet
  facet normal 0 0 1
    outer loop
      vertex 5.5 -1 2
      vertex 24.5075 30.9689 2
      vertex 24.3588 31.0193 2
    endloop
  endfacet
  facet normal 0 0 1
    outer loop
      vertex 24.5075 90.4381 2
      vertex 17.6958 119.013 2
      vertex 24.3588 90.3877 2
    endloop
  endfacet
  facet normal -0 0 1
    outer loop
      vertex 17.5 119 2
      vertex 24.3588 90.3877 2
      vertex 17.6958 119.013 2
    endloop
  endfacet
  facet normal 0 0 1
    outer loop
      vertex 24.3588 90.3877 2
      vertex 17.5 119 2
      vertex 24.2181 90.3182 2
    endloop
  endfacet
  facet normal 0 0 1
    outer loop
      vertex 24.2181 90.3182 2
      vertex 17.5 119 2
      vertex 24.0875 90.231 2
    endloop
  endfacet
  facet normal -0 0 1
    outer loop
      vertex 5.5 116.5 2
      vertex 24.0875 90.231 2
      vertex 17.5 119 2
    endloop
  endfacet
  facet normal 0 0 1
    outer loop
      vertex 24.0875 90.231 2
      vertex 5.5 116.5 2
      vertex 23.9695 90.1275 2
    endloop
  endfacet
  facet normal 0 0 1
    outer loop
      vertex 23.9695 90.1275 2
      vertex 5.5 116.5 2
      vertex 23.866 90.0095 2
    endloop
  endfacet
  facet normal 0 0 1
    outer loop
      vertex 23.866 90.0095 2
      vertex 5.5 116.5 2
      vertex 23.7788 89.879 2
    endloop
  endfacet
  facet normal 0 0 1
    outer loop
      vertex 23.7788 89.879 2
      vertex 5.5 116.5 2
      vertex 23.7094 89.7382 2
    endloop
  endfacet
  facet normal 0 0 1
    outer loop
      vertex 23.7094 89.7382 2
      vertex 5.5 116.5 2
      vertex 23.6589 89.5896 2
    endloop
  endfacet
  facet normal 0 0 1
    outer loop
      vertex 23.6589 89.5896 2
      vertex 5.5 116.5 2
      vertex 23.6283 89.4356 2
    endloop
  endfacet
  facet normal 0 0 1
    outer loop
      vertex 23.6283 89.4356 2
      vertex 5.5 116.5 2
      vertex 23.6181 89.279 2
    endloop
  endfacet
  facet normal 0 0 1
    outer loop
      vertex 23.6589 32.4386 2
      vertex 5.5 -1 2
      vertex 23.6283 32.2846 2
    endloop
  endfacet
  facet normal 0 0 1
    outer loop
      vertex 5.48715 116.696 2
      vertex 17.5 119 2
      vertex 5.5 119 2
    endloop
  endfacet
  facet normal 0 0 1
    outer loop
      vertex 23.6283 32.2846 2
      vertex 5.5 -1 2
      vertex 23.6181 32.128 2
    endloop
  endfacet
  facet normal 0 0 1
    outer loop
      vertex 23.6181 32.128 2
      vertex 5.5 -1 2
      vertex 23.6283 31.9714 2
    endloop
  endfacet
  facet normal 0 0 1
    outer loop
      vertex 67.3318 14.89 2
      vertex 5.5 -1 2
      vertex 161 -1 2
    endloop
  endfacet
  facet normal 0 0 1
    outer loop
      vertex 66.7867 14.9257 2
      vertex 5.5 -1 2
      vertex 66.9663 14.89 2
    endloop
  endfacet
  facet normal 0 0 1
    outer loop
      vertex 66.6133 14.9846 2
      vertex 5.5 -1 2
      vertex 66.7867 14.9257 2
    endloop
  endfacet
  facet normal 0 0 1
    outer loop
      vertex 66.4491 15.0656 2
      vertex 5.5 -1 2
      vertex 66.6133 14.9846 2
    endloop
  endfacet
  facet normal 0 0 1
    outer loop
      vertex 24.2181 31.0888 2
      vertex 5.5 -1 2
      vertex 24.3588 31.0193 2
    endloop
  endfacet
  facet normal 0 0 1
    outer loop
      vertex 24.0875 31.176 2
      vertex 5.5 -1 2
      vertex 24.2181 31.0888 2
    endloop
  endfacet
  facet normal 0 0 1
    outer loop
      vertex 23.9695 31.2795 2
      vertex 5.5 -1 2
      vertex 24.0875 31.176 2
    endloop
  endfacet
  facet normal 0 0 1
    outer loop
      vertex 23.866 31.3975 2
      vertex 5.5 -1 2
      vertex 23.9695 31.2795 2
    endloop
  endfacet
  facet normal 0 0 1
    outer loop
      vertex 23.7788 31.528 2
      vertex 5.5 -1 2
      vertex 23.866 31.3975 2
    endloop
  endfacet
  facet normal 0 0 1
    outer loop
      vertex 23.7094 31.6688 2
      vertex 5.5 -1 2
      vertex 23.7788 31.528 2
    endloop
  endfacet
  facet normal 0 0 1
    outer loop
      vertex 23.6589 31.8174 2
      vertex 5.5 -1 2
      vertex 23.7094 31.6688 2
    endloop
  endfacet
  facet normal 0 0 1
    outer loop
      vertex 23.6283 31.9714 2
      vertex 5.5 -1 2
      vertex 23.6589 31.8174 2
    endloop
  endfacet
  facet normal -0 0 1
    outer loop
      vertex 163.841 56.041 2
      vertex 168.244 6 2
      vertex 163.884 56.2591 2
    endloop
  endfacet
  facet normal 0 0 1
    outer loop
      vertex 168.244 6 2
      vertex 163.884 5.93155 2
      vertex 163.899 5.70966 2
    endloop
  endfacet
  facet normal -0 0 1
    outer loop
      vertex 163.77 55.8304 2
      vertex 168.244 6 2
      vertex 163.841 56.041 2
    endloop
  endfacet
  facet normal 0 0 1
    outer loop
      vertex 168.244 6 2
      vertex 163.841 6.14965 2
      vertex 163.884 5.93155 2
    endloop
  endfacet
  facet normal -0 0 1
    outer loop
      vertex 163.671 55.631 2
      vertex 168.244 6 2
      vertex 163.77 55.8304 2
    endloop
  endfacet
  facet normal 0 0 1
    outer loop
      vertex 168.244 6 2
      vertex 163.77 6.36022 2
      vertex 163.841 6.14965 2
    endloop
  endfacet
  facet normal -0 0 1
    outer loop
      vertex 163.548 55.4461 2
      vertex 168.244 6 2
      vertex 163.671 55.631 2
    endloop
  endfacet
  facet normal 0 0 1
    outer loop
      vertex 168.244 6 2
      vertex 163.671 6.55966 2
      vertex 163.77 6.36022 2
    endloop
  endfacet
  facet normal -0 0 1
    outer loop
      vertex 163.401 55.2789 2
      vertex 168.244 6 2
      vertex 163.548 55.4461 2
    endloop
  endfacet
  facet normal 0 0 1
    outer loop
      vertex 168.244 6 2
      vertex 163.548 6.74455 2
      vertex 163.671 6.55966 2
    endloop
  endfacet
  facet normal -0 0 1
    outer loop
      vertex 163.234 55.1323 2
      vertex 168.244 6 2
      vertex 163.401 55.2789 2
    endloop
  endfacet
  facet normal 0 0 1
    outer loop
      vertex 168.244 6 2
      vertex 163.401 6.91174 2
      vertex 163.548 6.74455 2
    endloop
  endfacet
  facet normal -0 0 1
    outer loop
      vertex 163.049 55.0087 2
      vertex 168.244 6 2
      vertex 163.234 55.1323 2
    endloop
  endfacet
  facet normal 0 0 1
    outer loop
      vertex 168.244 6 2
      vertex 163.234 7.05836 2
      vertex 163.401 6.91174 2
    endloop
  endfacet
  facet normal -0 0 1
    outer loop
      vertex 162.85 54.9104 2
      vertex 168.244 6 2
      vertex 163.049 55.0087 2
    endloop
  endfacet
  facet normal 0 0 1
    outer loop
      vertex 168.244 6 2
      vertex 163.049 7.1819 2
      vertex 163.234 7.05836 2
    endloop
  endfacet
  facet normal -0 0 1
    outer loop
      vertex 162.85 7.28025 2
      vertex 168.244 6 2
      vertex 162.85 54.9104 2
    endloop
  endfacet
  facet normal 0 0 1
    outer loop
      vertex 168.244 6 2
      vertex 162.85 7.28025 2
      vertex 163.049 7.1819 2
    endloop
  endfacet
  facet normal -0 0 1
    outer loop
      vertex 162.639 54.8389 2
      vertex 162.85 7.28025 2
      vertex 162.85 54.9104 2
    endloop
  endfacet
  facet normal 0 0 1
    outer loop
      vertex 162.639 54.8389 2
      vertex 162.639 7.35173 2
      vertex 162.85 7.28025 2
    endloop
  endfacet
  facet normal -0 0 1
    outer loop
      vertex 162.421 54.7955 2
      vertex 162.639 7.35173 2
      vertex 162.639 54.8389 2
    endloop
  endfacet
  facet normal 0 0 1
    outer loop
      vertex 162.421 54.7955 2
      vertex 162.421 7.39512 2
      vertex 162.639 7.35173 2
    endloop
  endfacet
  facet normal -0 0 1
    outer loop
      vertex 162.199 54.781 2
      vertex 162.421 7.39512 2
      vertex 162.421 54.7955 2
    endloop
  endfacet
  facet normal 0 0 1
    outer loop
      vertex 162.199 54.781 2
      vertex 162.199 7.40966 2
      vertex 162.421 7.39512 2
    endloop
  endfacet
  facet normal 0 0 1
    outer loop
      vertex 161.977 54.7955 2
      vertex 162.199 7.40966 2
      vertex 162.199 54.781 2
    endloop
  endfacet
  facet normal 0 0 1
    outer loop
      vertex 161.977 54.7955 2
      vertex 161.977 7.39512 2
      vertex 162.199 7.40966 2
    endloop
  endfacet
  facet normal 0 0 1
    outer loop
      vertex 136.02 30.7746 2
      vertex 161.977 54.7955 2
      vertex 161.759 54.8389 2
    endloop
  endfacet
  facet normal 0 0 1
    outer loop
      vertex 161.977 54.7955 2
      vertex 136.03 30.618 2
      vertex 161.977 7.39512 2
    endloop
  endfacet
  facet normal 0 0 1
    outer loop
      vertex 136.02 30.7746 2
      vertex 161.759 54.8389 2
      vertex 161.548 54.9104 2
    endloop
  endfacet
  facet normal -0 0 1
    outer loop
      vertex 136.02 30.4614 2
      vertex 161.977 7.39512 2
      vertex 136.03 30.618 2
    endloop
  endfacet
  facet normal 0 0 1
    outer loop
      vertex 160.997 55.2789 2
      vertex 150.1 56.6699 2
      vertex 161.164 55.1323 2
    endloop
  endfacet
  facet normal 0 0 1
    outer loop
      vertex 161.164 55.1323 2
      vertex 150.1 56.6699 2
      vertex 161.349 55.0087 2
    endloop
  endfacet
  facet normal 0 0 1
    outer loop
      vertex 160.727 55.631 2
      vertex 150.644 57.0332 2
      vertex 160.85 55.4461 2
    endloop
  endfacet
  facet normal -0 0 1
    outer loop
      vertex 150.1 56.6699 2
      vertex 160.85 55.4461 2
      vertex 150.644 57.0332 2
    endloop
  endfacet
  facet normal 0 0 1
    outer loop
      vertex 160.557 56.041 2
      vertex 151.567 57.9562 2
      vertex 160.628 55.8304 2
    endloop
  endfacet
  facet normal -0 0 1
    outer loop
      vertex 151.136 57.4645 2
      vertex 160.628 55.8304 2
      vertex 151.567 57.9562 2
    endloop
  endfacet
  facet normal -0 0 1
    outer loop
      vertex 151.567 57.9562 2
      vertex 160.514 56.2591 2
      vertex 151.93 58.5 2
    endloop
  endfacet
  facet normal 0 0 1
    outer loop
      vertex 160.514 56.2591 2
      vertex 151.567 57.9562 2
      vertex 160.557 56.041 2
    endloop
  endfacet
  facet normal 0 0 1
    outer loop
      vertex 160.499 56.481 2
      vertex 151.93 58.5 2
      vertex 160.514 56.2591 2
    endloop
  endfacet
  facet normal 0 0 1
    outer loop
      vertex 160.628 55.8304 2
      vertex 151.136 57.4645 2
      vertex 160.727 55.631 2
    endloop
  endfacet
  facet normal -0 0 1
    outer loop
      vertex 151.93 58.5 2
      vertex 160.499 56.481 2
      vertex 152.219 59.0866 2
    endloop
  endfacet
  facet normal -0 0 1
    outer loop
      vertex 150.644 57.0332 2
      vertex 160.727 55.631 2
      vertex 151.136 57.4645 2
    endloop
  endfacet
  facet normal 0 0 1
    outer loop
      vertex 160.557 56.921 2
      vertex 152.219 59.0866 2
      vertex 160.514 56.7029 2
    endloop
  endfacet
  facet normal 0 0 1
    outer loop
      vertex 160.514 56.7029 2
      vertex 152.219 59.0866 2
      vertex 160.499 56.481 2
    endloop
  endfacet
  facet normal -0 0 1
    outer loop
      vertex 152.219 59.0866 2
      vertex 160.557 56.921 2
      vertex 152.43 59.7059 2
    endloop
  endfacet
  facet normal 0 0 1
    outer loop
      vertex 160.85 55.4461 2
      vertex 150.1 56.6699 2
      vertex 160.997 55.2789 2
    endloop
  endfacet
  facet normal 0 0 1
    outer loop
      vertex 160.628 57.1316 2
      vertex 152.43 59.7059 2
      vertex 160.557 56.921 2
    endloop
  endfacet
  facet normal 0 0 1
    outer loop
      vertex 161.349 55.0087 2
      vertex 150.1 56.6699 2
      vertex 161.548 54.9104 2
    endloop
  endfacet
  facet normal 0 0 1
    outer loop
      vertex 163.841 106.812 2
      vertex 168.244 119.53 2
      vertex 163.884 107.03 2
    endloop
  endfacet
  facet normal 0 0 1
    outer loop
      vertex 168.244 119.53 2
      vertex 163.884 56.7029 2
      vertex 163.899 56.481 2
    endloop
  endfacet
  facet normal 0 0 1
    outer loop
      vertex 163.841 56.921 2
      vertex 168.244 119.53 2
      vertex 163.841 106.812 2
    endloop
  endfacet
  facet normal 0 0 1
    outer loop
      vertex 168.244 119.53 2
      vertex 163.841 56.921 2
      vertex 163.884 56.7029 2
    endloop
  endfacet
  facet normal -0 0 1
    outer loop
      vertex 163.77 106.602 2
      vertex 163.841 56.921 2
      vertex 163.841 106.812 2
    endloop
  endfacet
  facet normal 0 0 1
    outer loop
      vertex 163.77 106.602 2
      vertex 163.77 57.1316 2
      vertex 163.841 56.921 2
    endloop
  endfacet
  facet normal -0 0 1
    outer loop
      vertex 163.671 106.402 2
      vertex 163.77 57.1316 2
      vertex 163.77 106.602 2
    endloop
  endfacet
  facet normal 0 0 1
    outer loop
      vertex 163.671 106.402 2
      vertex 163.671 57.331 2
      vertex 163.77 57.1316 2
    endloop
  endfacet
  facet normal -0 0 1
    outer loop
      vertex 163.548 106.217 2
      vertex 163.671 57.331 2
      vertex 163.671 106.402 2
    endloop
  endfacet
  facet normal 0 0 1
    outer loop
      vertex 163.548 106.217 2
      vertex 163.548 57.5159 2
      vertex 163.671 57.331 2
    endloop
  endfacet
  facet normal -0 0 1
    outer loop
      vertex 163.401 106.05 2
      vertex 163.548 57.5159 2
      vertex 163.548 106.217 2
    endloop
  endfacet
  facet normal 0 0 1
    outer loop
      vertex 163.401 106.05 2
      vertex 163.401 57.6831 2
      vertex 163.548 57.5159 2
    endloop
  endfacet
  facet normal -0 0 1
    outer loop
      vertex 163.234 105.904 2
      vertex 163.401 57.6831 2
      vertex 163.401 106.05 2
    endloop
  endfacet
  facet normal 0 0 1
    outer loop
      vertex 163.234 105.904 2
      vertex 163.234 57.8297 2
      vertex 163.401 57.6831 2
    endloop
  endfacet
  facet normal -0 0 1
    outer loop
      vertex 163.049 105.78 2
      vertex 163.234 57.8297 2
      vertex 163.234 105.904 2
    endloop
  endfacet
  facet normal 0 0 1
    outer loop
      vertex 163.049 105.78 2
      vertex 163.049 57.9532 2
      vertex 163.234 57.8297 2
    endloop
  endfacet
  facet normal 0 0 1
    outer loop
      vertex 151.93 71.5 2
      vertex 163.049 105.78 2
      vertex 162.85 105.682 2
    endloop
  endfacet
  facet normal 0 0 1
    outer loop
      vertex 163.049 105.78 2
      vertex 152.219 70.9134 2
      vertex 163.049 57.9532 2
    endloop
  endfacet
  facet normal 0 0 1
    outer loop
      vertex 151.567 72.0438 2
      vertex 162.85 105.682 2
      vertex 162.639 105.61 2
    endloop
  endfacet
  facet normal -0 -0 1
    outer loop
      vertex 152.43 70.2941 2
      vertex 163.049 57.9532 2
      vertex 152.219 70.9134 2
    endloop
  endfacet
  facet normal 0 0 1
    outer loop
      vertex 151.567 72.0438 2
      vertex 162.639 105.61 2
      vertex 162.421 105.567 2
    endloop
  endfacet
  facet normal 0 0 1
    outer loop
      vertex 163.049 57.9532 2
      vertex 152.43 70.2941 2
      vertex 162.85 58.0516 2
    endloop
  endfacet
  facet normal 0 0 1
    outer loop
      vertex 151.136 72.5355 2
      vertex 162.421 105.567 2
      vertex 162.199 105.552 2
    endloop
  endfacet
  facet normal -0 -0 1
    outer loop
      vertex 152.557 69.6526 2
      vertex 162.85 58.0516 2
      vertex 152.43 70.2941 2
    endloop
  endfacet
  facet normal 0 0 1
    outer loop
      vertex 150.644 72.9668 2
      vertex 162.199 105.552 2
      vertex 161.977 105.567 2
    endloop
  endfacet
  facet normal 0 0 1
    outer loop
      vertex 162.85 58.0516 2
      vertex 152.557 69.6526 2
      vertex 162.639 58.1231 2
    endloop
  endfacet
  facet normal 0 0 1
    outer loop
      vertex 150.1 73.3301 2
      vertex 161.977 105.567 2
      vertex 161.759 105.61 2
    endloop
  endfacet
  facet normal 0 0 1
    outer loop
      vertex 162.639 58.1231 2
      vertex 152.557 69.6526 2
      vertex 162.421 58.1664 2
    endloop
  endfacet
  facet normal 0 0 1
    outer loop
      vertex 149.513 73.6194 2
      vertex 161.759 105.61 2
      vertex 161.548 105.682 2
    endloop
  endfacet
  facet normal -0 -0 1
    outer loop
      vertex 152.6 69 2
      vertex 162.421 58.1664 2
      vertex 152.557 69.6526 2
    endloop
  endfacet
  facet normal 0 0 1
    outer loop
      vertex 148.894 73.8296 2
      vertex 161.548 105.682 2
      vertex 161.349 105.78 2
    endloop
  endfacet
  facet normal 0 0 1
    outer loop
      vertex 162.421 58.1664 2
      vertex 152.6 69 2
      vertex 162.199 58.181 2
    endloop
  endfacet
  facet normal 0 0 1
    outer loop
      vertex 148.253 73.9572 2
      vertex 161.349 105.78 2
      vertex 161.164 105.904 2
    endloop
  endfacet
  facet normal 0 0 1
    outer loop
      vertex 162.199 58.181 2
      vertex 152.6 69 2
      vertex 161.977 58.1664 2
    endloop
  endfacet
  facet normal 0 0 1
    outer loop
      vertex 148.253 73.9572 2
      vertex 161.164 105.904 2
      vertex 160.997 106.05 2
    endloop
  endfacet
  facet normal 0 0 1
    outer loop
      vertex 161.977 58.1664 2
      vertex 152.6 69 2
      vertex 161.759 58.1231 2
    endloop
  endfacet
  facet normal 0 0 1
    outer loop
      vertex 147.6 74 2
      vertex 160.997 106.05 2
      vertex 160.85 106.217 2
    endloop
  endfacet
  facet normal 0 0 1
    outer loop
      vertex 161.759 58.1231 2
      vertex 152.6 69 2
      vertex 161.548 58.0516 2
    endloop
  endfacet
  facet normal 0 0 1
    outer loop
      vertex 146.947 73.9572 2
      vertex 160.85 106.217 2
      vertex 160.727 106.402 2
    endloop
  endfacet
  facet normal -0 0 1
    outer loop
      vertex 152.6 61 2
      vertex 161.548 58.0516 2
      vertex 152.6 69 2
    endloop
  endfacet
  facet normal 0 0 1
    outer loop
      vertex 146.306 73.8296 2
      vertex 160.727 106.402 2
      vertex 160.628 106.602 2
    endloop
  endfacet
  facet normal 0 0 1
    outer loop
      vertex 161.349 57.9532 2
      vertex 152.6 61 2
      vertex 161.164 57.8297 2
    endloop
  endfacet
  facet normal 0 0 1
    outer loop
      vertex 160.628 107.903 2
      vertex 138.19 119.587 2
      vertex 160.557 107.692 2
    endloop
  endfacet
  facet normal 0 0 1
    outer loop
      vertex 161.164 57.8297 2
      vertex 152.6 61 2
      vertex 160.997 57.6831 2
    endloop
  endfacet
  facet normal -0 0 1
    outer loop
      vertex 138.19 119.587 2
      vertex 160.628 107.903 2
      vertex 138.299 119.75 2
    endloop
  endfacet
  facet normal 0 0 1
    outer loop
      vertex 160.997 57.6831 2
      vertex 152.6 61 2
      vertex 160.85 57.5159 2
    endloop
  endfacet
  facet normal 0 0 1
    outer loop
      vertex 160.727 108.102 2
      vertex 138.299 119.75 2
      vertex 160.628 107.903 2
    endloop
  endfacet
  facet normal -0 0 1
    outer loop
      vertex 152.557 60.3474 2
      vertex 160.85 57.5159 2
      vertex 152.6 61 2
    endloop
  endfacet
  facet normal 0 0 1
    outer loop
      vertex 168.244 119.53 2
      vertex 163.884 107.474 2
      vertex 163.899 107.252 2
    endloop
  endfacet
  facet normal 0 0 1
    outer loop
      vertex 168.244 119.53 2
      vertex 163.841 107.692 2
      vertex 163.884 107.474 2
    endloop
  endfacet
  facet normal 0 0 1
    outer loop
      vertex 162.244 125.53 2
      vertex 164.54 125.073 2
      vertex 163.797 125.326 2
    endloop
  endfacet
  facet normal 0 0 1
    outer loop
      vertex 168.244 119.53 2
      vertex 163.77 107.903 2
      vertex 163.841 107.692 2
    endloop
  endfacet
  facet normal 0 0 1
    outer loop
      vertex 168.244 119.53 2
      vertex 163.671 108.102 2
      vertex 163.77 107.903 2
    endloop
  endfacet
  facet normal 0 0 1
    outer loop
      vertex 168.244 119.53 2
      vertex 163.548 108.287 2
      vertex 163.671 108.102 2
    endloop
  endfacet
  facet normal 0 0 1
    outer loop
      vertex 168.244 119.53 2
      vertex 163.401 108.454 2
      vertex 163.548 108.287 2
    endloop
  endfacet
  facet normal 0 0 1
    outer loop
      vertex 168.244 119.53 2
      vertex 163.234 108.601 2
      vertex 163.401 108.454 2
    endloop
  endfacet
  facet normal 0 0 1
    outer loop
      vertex 168.244 119.53 2
      vertex 163.049 108.725 2
      vertex 163.234 108.601 2
    endloop
  endfacet
  facet normal 0 0 1
    outer loop
      vertex 162.244 125.53 2
      vertex 163.797 125.326 2
      vertex 163.027 125.479 2
    endloop
  endfacet
  facet normal 0 0 1
    outer loop
      vertex 168.244 119.53 2
      vertex 162.85 108.823 2
      vertex 163.049 108.725 2
    endloop
  endfacet
  facet normal 0 0 1
    outer loop
      vertex 168.244 119.53 2
      vertex 162.639 108.894 2
      vertex 162.85 108.823 2
    endloop
  endfacet
  facet normal 0 0 1
    outer loop
      vertex 168.244 119.53 2
      vertex 162.421 108.938 2
      vertex 162.639 108.894 2
    endloop
  endfacet
  facet normal 0 0 1
    outer loop
      vertex 161.759 108.894 2
      vertex 168.244 119.53 2
      vertex 162.244 125.53 2
    endloop
  endfacet
  facet normal 0 0 1
    outer loop
      vertex 168.244 119.53 2
      vertex 162.199 108.952 2
      vertex 162.421 108.938 2
    endloop
  endfacet
  facet normal 0 0 1
    outer loop
      vertex 168.244 119.53 2
      vertex 161.977 108.938 2
      vertex 162.199 108.952 2
    endloop
  endfacet
  facet normal 0 0 1
    outer loop
      vertex 168.244 119.53 2
      vertex 161.759 108.894 2
      vertex 161.977 108.938 2
    endloop
  endfacet
  facet normal 0 0 1
    outer loop
      vertex 162.244 125.53 2
      vertex 161.548 108.823 2
      vertex 161.759 108.894 2
    endloop
  endfacet
  facet normal 0 0 1
    outer loop
      vertex 162.244 125.53 2
      vertex 161.349 108.725 2
      vertex 161.548 108.823 2
    endloop
  endfacet
  facet normal 0 0 1
    outer loop
      vertex 162.244 125.53 2
      vertex 161.164 108.601 2
      vertex 161.349 108.725 2
    endloop
  endfacet
  facet normal 0 0 1
    outer loop
      vertex 162.244 125.53 2
      vertex 160.997 108.454 2
      vertex 161.164 108.601 2
    endloop
  endfacet
  facet normal 0 0 1
    outer loop
      vertex 138.487 120.304 2
      vertex 162.244 125.53 2
      vertex 138.5 120.5 2
    endloop
  endfacet
  facet normal 0 0 1
    outer loop
      vertex 162.244 125.53 2
      vertex 138.487 120.304 2
      vertex 160.997 108.454 2
    endloop
  endfacet
  facet normal -0 0 1
    outer loop
      vertex 138.449 120.112 2
      vertex 160.997 108.454 2
      vertex 138.487 120.304 2
    endloop
  endfacet
  facet normal 0 0 1
    outer loop
      vertex 160.997 108.454 2
      vertex 138.449 120.112 2
      vertex 160.85 108.287 2
    endloop
  endfacet
  facet normal -0 0 1
    outer loop
      vertex 138.386 119.926 2
      vertex 160.85 108.287 2
      vertex 138.449 120.112 2
    endloop
  endfacet
  facet normal 0 0 1
    outer loop
      vertex 160.85 57.5159 2
      vertex 152.557 60.3474 2
      vertex 160.727 57.331 2
    endloop
  endfacet
  facet normal 0 0 1
    outer loop
      vertex 136.02 30.7746 2
      vertex 161.548 54.9104 2
      vertex 150.1 56.6699 2
    endloop
  endfacet
  facet normal -0 0 1
    outer loop
      vertex 138.299 119.75 2
      vertex 160.727 108.102 2
      vertex 138.386 119.926 2
    endloop
  endfacet
  facet normal 0 0 1
    outer loop
      vertex 160.85 108.287 2
      vertex 138.386 119.926 2
      vertex 160.727 108.102 2
    endloop
  endfacet
  facet normal -0 0 1
    outer loop
      vertex 152.43 59.7059 2
      vertex 160.628 57.1316 2
      vertex 152.557 60.3474 2
    endloop
  endfacet
  facet normal 0 0 1
    outer loop
      vertex 160.727 57.331 2
      vertex 152.557 60.3474 2
      vertex 160.628 57.1316 2
    endloop
  endfacet
  facet normal 0 0 1
    outer loop
      vertex 161.548 58.0516 2
      vertex 152.6 61 2
      vertex 161.349 57.9532 2
    endloop
  endfacet
  facet normal 0 0 1
    outer loop
      vertex 163.049 105.78 2
      vertex 151.93 71.5 2
      vertex 152.219 70.9134 2
    endloop
  endfacet
  facet normal 0 0 1
    outer loop
      vertex 162.85 105.682 2
      vertex 151.567 72.0438 2
      vertex 151.93 71.5 2
    endloop
  endfacet
  facet normal 0 0 1
    outer loop
      vertex 162.421 105.567 2
      vertex 151.136 72.5355 2
      vertex 151.567 72.0438 2
    endloop
  endfacet
  facet normal 0 0 1
    outer loop
      vertex 162.199 105.552 2
      vertex 150.644 72.9668 2
      vertex 151.136 72.5355 2
    endloop
  endfacet
  facet normal 0 0 1
    outer loop
      vertex 161.977 105.567 2
      vertex 150.1 73.3301 2
      vertex 150.644 72.9668 2
    endloop
  endfacet
  facet normal 0 0 1
    outer loop
      vertex 161.759 105.61 2
      vertex 149.513 73.6194 2
      vertex 150.1 73.3301 2
    endloop
  endfacet
  facet normal 0 0 1
    outer loop
      vertex 161.548 105.682 2
      vertex 148.894 73.8296 2
      vertex 149.513 73.6194 2
    endloop
  endfacet
  facet normal -0 0 1
    outer loop
      vertex 138.061 119.439 2
      vertex 160.557 107.692 2
      vertex 138.19 119.587 2
    endloop
  endfacet
  facet normal 0 0 1
    outer loop
      vertex 161.349 105.78 2
      vertex 148.253 73.9572 2
      vertex 148.894 73.8296 2
    endloop
  endfacet
  facet normal 0 0 1
    outer loop
      vertex 160.997 106.05 2
      vertex 147.6 74 2
      vertex 148.253 73.9572 2
    endloop
  endfacet
  facet normal 0 0 1
    outer loop
      vertex 160.85 106.217 2
      vertex 146.947 73.9572 2
      vertex 147.6 74 2
    endloop
  endfacet
  facet normal 0 0 1
    outer loop
      vertex 160.727 106.402 2
      vertex 146.306 73.8296 2
      vertex 146.947 73.9572 2
    endloop
  endfacet
  facet normal 0 0 1
    outer loop
      vertex 160.557 107.692 2
      vertex 138.061 119.439 2
      vertex 160.514 107.474 2
    endloop
  endfacet
  facet normal -0 0 1
    outer loop
      vertex 137.913 119.31 2
      vertex 160.514 107.474 2
      vertex 138.061 119.439 2
    endloop
  endfacet
  facet normal 0 0 1
    outer loop
      vertex 160.514 107.474 2
      vertex 137.913 119.31 2
      vertex 160.499 107.252 2
    endloop
  endfacet
  facet normal -0 0 1
    outer loop
      vertex 137.75 119.201 2
      vertex 160.499 107.252 2
      vertex 137.913 119.31 2
    endloop
  endfacet
  facet normal 0 0 1
    outer loop
      vertex 160.499 107.252 2
      vertex 137.75 119.201 2
      vertex 160.514 107.03 2
    endloop
  endfacet
  facet normal -0 0 1
    outer loop
      vertex 137.574 119.114 2
      vertex 160.514 107.03 2
      vertex 137.75 119.201 2
    endloop
  endfacet
  facet normal 0 0 1
    outer loop
      vertex 160.628 106.602 2
      vertex 137.196 119.013 2
      vertex 146.306 73.8296 2
    endloop
  endfacet
  facet normal -0 0 1
    outer loop
      vertex 137.196 119.013 2
      vertex 160.628 106.602 2
      vertex 137.388 119.051 2
    endloop
  endfacet
  facet normal 0 0 1
    outer loop
      vertex 160.557 106.812 2
      vertex 137.388 119.051 2
      vertex 160.628 106.602 2
    endloop
  endfacet
  facet normal -0 0 1
    outer loop
      vertex 137.388 119.051 2
      vertex 160.557 106.812 2
      vertex 137.574 119.114 2
    endloop
  endfacet
  facet normal 0 0 1
    outer loop
      vertex 160.514 107.03 2
      vertex 137.574 119.114 2
      vertex 160.557 106.812 2
    endloop
  endfacet
  facet normal 0 0 1
    outer loop
      vertex 162.244 125.53 2
      vertex 138.487 120.696 2
      vertex 138.5 120.5 2
    endloop
  endfacet
  facet normal 0 0 1
    outer loop
      vertex 162.244 125.53 2
      vertex 138.449 120.888 2
      vertex 138.487 120.696 2
    endloop
  endfacet
  facet normal 0 0 1
    outer loop
      vertex 162.244 125.53 2
      vertex 138.386 121.074 2
      vertex 138.449 120.888 2
    endloop
  endfacet
  facet normal 0 0 1
    outer loop
      vertex 162.244 125.53 2
      vertex 138.299 121.25 2
      vertex 138.386 121.074 2
    endloop
  endfacet
  facet normal 0 0 1
    outer loop
      vertex 162.244 125.53 2
      vertex 138.19 121.413 2
      vertex 138.299 121.25 2
    endloop
  endfacet
  facet normal 0 0 1
    outer loop
      vertex 162.244 125.53 2
      vertex 138.061 121.561 2
      vertex 138.19 121.413 2
    endloop
  endfacet
  facet normal 0 0 1
    outer loop
      vertex 162.244 125.53 2
      vertex 137.913 121.69 2
      vertex 138.061 121.561 2
    endloop
  endfacet
  facet normal 0 0 1
    outer loop
      vertex 162.244 125.53 2
      vertex 137.75 121.799 2
      vertex 137.913 121.69 2
    endloop
  endfacet
  facet normal 0 0 1
    outer loop
      vertex 162.244 125.53 2
      vertex 137.574 121.886 2
      vertex 137.75 121.799 2
    endloop
  endfacet
  facet normal 0 0 1
    outer loop
      vertex 162.244 125.53 2
      vertex 137.388 121.949 2
      vertex 137.574 121.886 2
    endloop
  endfacet
  facet normal 0 0 1
    outer loop
      vertex 162.244 125.53 2
      vertex 137.196 121.987 2
      vertex 137.388 121.949 2
    endloop
  endfacet
  facet normal 0 0 1
    outer loop
      vertex 162.244 125.53 2
      vertex 137 122 2
      vertex 137.196 121.987 2
    endloop
  endfacet
  facet normal 0 0 1
    outer loop
      vertex 162.244 125.53 2
      vertex 125 122 2
      vertex 137 122 2
    endloop
  endfacet
  facet normal 0 0 1
    outer loop
      vertex 162.244 125.53 2
      vertex 124.804 121.987 2
      vertex 125 122 2
    endloop
  endfacet
  facet normal 0 0 1
    outer loop
      vertex 100.601 99.679 2
      vertex 123.5 120.5 2
      vertex 123.513 120.696 2
    endloop
  endfacet
  facet normal 0 0 1
    outer loop
      vertex 100.444 99.6687 2
      vertex 123.513 120.696 2
      vertex 123.551 120.888 2
    endloop
  endfacet
  facet normal 0 0 1
    outer loop
      vertex 133.671 30.9286 2
      vertex 126.186 18.767 2
      vertex 133.64 30.7746 2
    endloop
  endfacet
  facet normal 0 0 1
    outer loop
      vertex 142.6 69 2
      vertex 102.596 58.1896 2
      vertex 102.627 58.0356 2
    endloop
  endfacet
  facet normal 0 0 1
    outer loop
      vertex 142.6 69 2
      vertex 102.546 58.3382 2
      vertex 102.596 58.1896 2
    endloop
  endfacet
  facet normal 0 0 1
    outer loop
      vertex 142.6 69 2
      vertex 102.476 58.479 2
      vertex 102.546 58.3382 2
    endloop
  endfacet
  facet normal 0 0 1
    outer loop
      vertex 142.77 70.2941 2
      vertex 102.286 58.7275 2
      vertex 142.643 69.6526 2
    endloop
  endfacet
  facet normal 0 0 1
    outer loop
      vertex 100.29 99.6381 2
      vertex 123.551 120.888 2
      vertex 123.614 121.074 2
    endloop
  endfacet
  facet normal 0 0 1
    outer loop
      vertex 142.6 69 2
      vertex 102.389 58.6095 2
      vertex 102.476 58.479 2
    endloop
  endfacet
  facet normal 0 0 1
    outer loop
      vertex 142.643 69.6526 2
      vertex 102.389 58.6095 2
      vertex 142.6 69 2
    endloop
  endfacet
  facet normal 0 -0 1
    outer loop
      vertex 102.389 58.6095 2
      vertex 142.643 69.6526 2
      vertex 102.286 58.7275 2
    endloop
  endfacet
  facet normal 0 0 1
    outer loop
      vertex 143.633 72.0438 2
      vertex 101.64 97.879 2
      vertex 143.27 71.5 2
    endloop
  endfacet
  facet normal -0 0 1
    outer loop
      vertex 101.553 97.7485 2
      vertex 143.27 71.5 2
      vertex 101.64 97.879 2
    endloop
  endfacet
  facet normal 0 0 1
    outer loop
      vertex 100.142 99.5877 2
      vertex 123.614 121.074 2
      vertex 123.701 121.25 2
    endloop
  endfacet
  facet normal 0 0 1
    outer loop
      vertex 63.7963 102.089 2
      vertex 123.701 121.25 2
      vertex 123.81 121.413 2
    endloop
  endfacet
  facet normal 0 0 1
    outer loop
      vertex 63.6476 102.139 2
      vertex 123.81 121.413 2
      vertex 123.939 121.561 2
    endloop
  endfacet
  facet normal 0 0 1
    outer loop
      vertex 124.804 119.013 2
      vertex 101.791 98.6356 2
      vertex 101.801 98.479 2
    endloop
  endfacet
  facet normal 0 0 1
    outer loop
      vertex 124.612 119.051 2
      vertex 101.76 98.7896 2
      vertex 101.791 98.6356 2
    endloop
  endfacet
  facet normal 0 0 1
    outer loop
      vertex 124.426 119.114 2
      vertex 101.71 98.9382 2
      vertex 101.76 98.7896 2
    endloop
  endfacet
  facet normal 0 0 1
    outer loop
      vertex 124.25 119.201 2
      vertex 101.64 99.079 2
      vertex 101.71 98.9382 2
    endloop
  endfacet
  facet normal 0 0 1
    outer loop
      vertex 124.087 119.31 2
      vertex 101.553 99.2095 2
      vertex 101.64 99.079 2
    endloop
  endfacet
  facet normal 0 0 1
    outer loop
      vertex 123.939 119.439 2
      vertex 101.45 99.3275 2
      vertex 101.553 99.2095 2
    endloop
  endfacet
  facet normal 0 0 1
    outer loop
      vertex 123.81 119.587 2
      vertex 101.332 99.431 2
      vertex 101.45 99.3275 2
    endloop
  endfacet
  facet normal 0 0 1
    outer loop
      vertex 123.701 119.75 2
      vertex 101.201 99.5182 2
      vertex 101.332 99.431 2
    endloop
  endfacet
  facet normal 0 0 1
    outer loop
      vertex 123.614 119.926 2
      vertex 101.06 99.5877 2
      vertex 101.201 99.5182 2
    endloop
  endfacet
  facet normal 0 0 1
    outer loop
      vertex 123.551 120.112 2
      vertex 100.912 99.6381 2
      vertex 101.06 99.5877 2
    endloop
  endfacet
  facet normal 0 0 1
    outer loop
      vertex 123.513 120.304 2
      vertex 100.758 99.6687 2
      vertex 100.912 99.6381 2
    endloop
  endfacet
  facet normal 0 0 1
    outer loop
      vertex 123.5 120.5 2
      vertex 100.601 99.679 2
      vertex 100.758 99.6687 2
    endloop
  endfacet
  facet normal 0 0 1
    outer loop
      vertex 123.513 120.696 2
      vertex 100.444 99.6687 2
      vertex 100.601 99.679 2
    endloop
  endfacet
  facet normal 0 0 1
    outer loop
      vertex 123.551 120.888 2
      vertex 100.29 99.6381 2
      vertex 100.444 99.6687 2
    endloop
  endfacet
  facet normal 0 0 1
    outer loop
      vertex 123.614 121.074 2
      vertex 100.142 99.5877 2
      vertex 100.29 99.6381 2
    endloop
  endfacet
  facet normal 0 0 1
    outer loop
      vertex 123.701 121.25 2
      vertex 63.9371 102.019 2
      vertex 100.142 99.5877 2
    endloop
  endfacet
  facet normal 0 0 1
    outer loop
      vertex 100.142 99.5877 2
      vertex 63.9371 102.019 2
      vertex 100.001 99.5182 2
    endloop
  endfacet
  facet normal -0 -0 1
    outer loop
      vertex 64.0676 101.932 2
      vertex 100.001 99.5182 2
      vertex 63.9371 102.019 2
    endloop
  endfacet
  facet normal 0 0 1
    outer loop
      vertex 64.5371 100.98 2
      vertex 99.4011 98.479 2
      vertex 99.4113 98.6356 2
    endloop
  endfacet
  facet normal 0 0 1
    outer loop
      vertex 64.5371 100.98 2
      vertex 99.4113 98.6356 2
      vertex 99.4419 98.7896 2
    endloop
  endfacet
  facet normal -0 0 1
    outer loop
      vertex 83.5493 21.9819 2
      vertex 125.726 17.6584 2
      vertex 83.8016 22.7251 2
    endloop
  endfacet
  facet normal 0 0 1
    outer loop
      vertex 100.237 57.879 2
      vertex 83.8016 25.8309 2
      vertex 83.9547 25.0612 2
    endloop
  endfacet
  facet normal 0 0 1
    outer loop
      vertex 100.237 57.879 2
      vertex 83.5493 26.5741 2
      vertex 83.8016 25.8309 2
    endloop
  endfacet
  facet normal 0 0 1
    outer loop
      vertex 100.237 57.879 2
      vertex 83.2022 27.278 2
      vertex 83.5493 26.5741 2
    endloop
  endfacet
  facet normal 0 0 1
    outer loop
      vertex 100.237 57.879 2
      vertex 82.7662 27.9306 2
      vertex 83.2022 27.278 2
    endloop
  endfacet
  facet normal 0 0 1
    outer loop
      vertex 100.237 57.879 2
      vertex 82.2487 28.5206 2
      vertex 82.7662 27.9306 2
    endloop
  endfacet
  facet normal 0 0 1
    outer loop
      vertex 100.237 57.879 2
      vertex 81.6586 29.0381 2
      vertex 82.2487 28.5206 2
    endloop
  endfacet
  facet normal 0 0 1
    outer loop
      vertex 100.237 57.879 2
      vertex 81.0061 29.4742 2
      vertex 81.6586 29.0381 2
    endloop
  endfacet
  facet normal -0 0 1
    outer loop
      vertex 63.6898 58.0224 2
      vertex 100.237 57.879 2
      vertex 63.7001 58.179 2
    endloop
  endfacet
  facet normal 0 0 1
    outer loop
      vertex 100.237 57.879 2
      vertex 80.3022 29.8213 2
      vertex 81.0061 29.4742 2
    endloop
  endfacet
  facet normal 0 0 1
    outer loop
      vertex 63.6592 57.8684 2
      vertex 100.237 57.879 2
      vertex 63.6898 58.0224 2
    endloop
  endfacet
  facet normal 0 0 1
    outer loop
      vertex 100.237 57.879 2
      vertex 79.559 30.0736 2
      vertex 80.3022 29.8213 2
    endloop
  endfacet
  facet normal 0 0 1
    outer loop
      vertex 63.6087 57.7198 2
      vertex 100.237 57.879 2
      vertex 63.6592 57.8684 2
    endloop
  endfacet
  facet normal 0 -0 1
    outer loop
      vertex 78.7892 30.2267 2
      vertex 100.237 57.879 2
      vertex 63.6087 57.7198 2
    endloop
  endfacet
  facet normal 0 0 1
    outer loop
      vertex 78.0061 30.278 2
      vertex 68.0013 33.3887 2
      vertex 77.2229 30.2267 2
    endloop
  endfacet
  facet normal 0 0 1
    outer loop
      vertex 64.5268 101.137 2
      vertex 99.4419 98.7896 2
      vertex 99.4924 98.9382 2
    endloop
  endfacet
  facet normal -0 -0 1
    outer loop
      vertex 68.139 33.2679 2
      vertex 77.2229 30.2267 2
      vertex 68.0013 33.3887 2
    endloop
  endfacet
  facet normal 0 0 1
    outer loop
      vertex 77.2229 30.2267 2
      vertex 68.2598 33.1303 2
      vertex 76.4531 30.0736 2
    endloop
  endfacet
  facet normal -0 -0 1
    outer loop
      vertex 68.3615 32.978 2
      vertex 76.4531 30.0736 2
      vertex 68.2598 33.1303 2
    endloop
  endfacet
  facet normal -0 -0 1
    outer loop
      vertex 68.4425 32.8138 2
      vertex 75.71 29.8213 2
      vertex 68.3615 32.978 2
    endloop
  endfacet
  facet normal 0 0 1
    outer loop
      vertex 75.71 29.8213 2
      vertex 68.5014 32.6403 2
      vertex 75.0061 29.4742 2
    endloop
  endfacet
  facet normal -0 -0 1
    outer loop
      vertex 68.5491 32.278 2
      vertex 75.0061 29.4742 2
      vertex 68.5371 32.4607 2
    endloop
  endfacet
  facet normal -0 0 1
    outer loop
      vertex 68.2598 31.4257 2
      vertex 73.2459 27.9306 2
      vertex 68.3615 31.578 2
    endloop
  endfacet
  facet normal -0 0 1
    outer loop
      vertex 68.3615 31.578 2
      vertex 73.2459 27.9306 2
      vertex 68.4425 31.7422 2
    endloop
  endfacet
  facet normal 0 0 1
    outer loop
      vertex 73.7634 28.5206 2
      vertex 68.4425 31.7422 2
      vertex 73.2459 27.9306 2
    endloop
  endfacet
  facet normal 0 0 1
    outer loop
      vertex 75.0061 29.4742 2
      vertex 68.5491 32.278 2
      vertex 74.3535 29.0381 2
    endloop
  endfacet
  facet normal -0 0 1
    outer loop
      vertex 68.4425 31.7422 2
      vertex 73.7634 28.5206 2
      vertex 68.5014 31.9157 2
    endloop
  endfacet
  facet normal -0 0 1
    outer loop
      vertex 68.5014 31.9157 2
      vertex 73.7634 28.5206 2
      vertex 68.5371 32.0953 2
    endloop
  endfacet
  facet normal 0 0 1
    outer loop
      vertex 74.3535 29.0381 2
      vertex 68.5371 32.0953 2
      vertex 73.7634 28.5206 2
    endloop
  endfacet
  facet normal -0 0 1
    outer loop
      vertex 68.5371 32.0953 2
      vertex 74.3535 29.0381 2
      vertex 68.5491 32.278 2
    endloop
  endfacet
  facet normal -0 -0 1
    outer loop
      vertex 68.5371 32.4607 2
      vertex 75.0061 29.4742 2
      vertex 68.5014 32.6403 2
    endloop
  endfacet
  facet normal -0 -0 1
    outer loop
      vertex 68.5014 32.6403 2
      vertex 75.71 29.8213 2
      vertex 68.4425 32.8138 2
    endloop
  endfacet
  facet normal 0 0 1
    outer loop
      vertex 76.4531 30.0736 2
      vertex 68.3615 32.978 2
      vertex 75.71 29.8213 2
    endloop
  endfacet
  facet normal -0 -0 1
    outer loop
      vertex 68.2598 33.1303 2
      vertex 77.2229 30.2267 2
      vertex 68.139 33.2679 2
    endloop
  endfacet
  facet normal 0 0 1
    outer loop
      vertex 100.237 57.879 2
      vertex 78.7892 30.2267 2
      vertex 79.559 30.0736 2
    endloop
  endfacet
  facet normal -0 0 1
    outer loop
      vertex 64.5268 100.823 2
      vertex 99.4011 98.479 2
      vertex 64.5371 100.98 2
    endloop
  endfacet
  facet normal -0 0 1
    outer loop
      vertex 64.4962 100.669 2
      vertex 99.4113 98.3224 2
      vertex 64.5268 100.823 2
    endloop
  endfacet
  facet normal -0 0 1
    outer loop
      vertex 63.5393 57.579 2
      vertex 78.7892 30.2267 2
      vertex 63.6087 57.7198 2
    endloop
  endfacet
  facet normal 0 0 1
    outer loop
      vertex 64.4962 101.291 2
      vertex 99.4924 98.9382 2
      vertex 99.5618 99.079 2
    endloop
  endfacet
  facet normal 0 0 1
    outer loop
      vertex 78.7892 30.2267 2
      vertex 63.5393 57.579 2
      vertex 78.0061 30.278 2
    endloop
  endfacet
  facet normal 0 0 1
    outer loop
      vertex 78.0061 30.278 2
      vertex 63.5393 57.579 2
      vertex 68.0013 33.3887 2
    endloop
  endfacet
  facet normal -0 0 1
    outer loop
      vertex 63.4521 57.4485 2
      vertex 68.0013 33.3887 2
      vertex 63.5393 57.579 2
    endloop
  endfacet
  facet normal 0 0 1
    outer loop
      vertex 68.0013 33.3887 2
      vertex 63.4521 57.4485 2
      vertex 67.8491 33.4904 2
    endloop
  endfacet
  facet normal -0 0 1
    outer loop
      vertex 63.3486 57.3305 2
      vertex 67.8491 33.4904 2
      vertex 63.4521 57.4485 2
    endloop
  endfacet
  facet normal 0 0 1
    outer loop
      vertex 67.8491 33.4904 2
      vertex 63.3486 57.3305 2
      vertex 67.6848 33.5714 2
    endloop
  endfacet
  facet normal -0 0 1
    outer loop
      vertex 63.2306 57.227 2
      vertex 67.6848 33.5714 2
      vertex 63.3486 57.3305 2
    endloop
  endfacet
  facet normal 0 0 1
    outer loop
      vertex 67.6848 33.5714 2
      vertex 63.2306 57.227 2
      vertex 67.5114 33.6303 2
    endloop
  endfacet
  facet normal 0 0 1
    outer loop
      vertex 67.1491 33.678 2
      vertex 62.8106 57.0199 2
      vertex 66.9663 33.666 2
    endloop
  endfacet
  facet normal -0 0 1
    outer loop
      vertex 62.8106 57.0199 2
      vertex 67.1491 33.678 2
      vertex 62.9593 57.0703 2
    endloop
  endfacet
  facet normal 0 0 1
    outer loop
      vertex 67.3318 33.666 2
      vertex 62.9593 57.0703 2
      vertex 67.1491 33.678 2
    endloop
  endfacet
  facet normal -0 0 1
    outer loop
      vertex 62.9593 57.0703 2
      vertex 67.3318 33.666 2
      vertex 63.1001 57.1398 2
    endloop
  endfacet
  facet normal 0 0 1
    outer loop
      vertex 67.5114 33.6303 2
      vertex 63.1001 57.1398 2
      vertex 67.3318 33.666 2
    endloop
  endfacet
  facet normal -0 0 1
    outer loop
      vertex 63.1001 57.1398 2
      vertex 67.5114 33.6303 2
      vertex 63.2306 57.227 2
    endloop
  endfacet
  facet normal 0 0 1
    outer loop
      vertex 64.4457 101.439 2
      vertex 99.5618 99.079 2
      vertex 99.649 99.2095 2
    endloop
  endfacet
  facet normal 0 0 1
    outer loop
      vertex 64.3763 101.58 2
      vertex 99.649 99.2095 2
      vertex 99.7525 99.3275 2
    endloop
  endfacet
  facet normal 0 0 1
    outer loop
      vertex 100.001 99.5182 2
      vertex 64.0676 101.932 2
      vertex 99.8705 99.431 2
    endloop
  endfacet
  facet normal 0 0 1
    outer loop
      vertex 63.4937 102.17 2
      vertex 123.939 121.561 2
      vertex 124.087 121.69 2
    endloop
  endfacet
  facet normal 0 0 1
    outer loop
      vertex 18.4131 121.69 2
      vertex 124.087 121.69 2
      vertex 124.25 121.799 2
    endloop
  endfacet
  facet normal 0 0 1
    outer loop
      vertex 18.25 121.799 2
      vertex 124.25 121.799 2
      vertex 124.426 121.886 2
    endloop
  endfacet
  facet normal 0 0 1
    outer loop
      vertex 99.4419 98.7896 2
      vertex 64.5268 101.137 2
      vertex 64.5371 100.98 2
    endloop
  endfacet
  facet normal 0 0 1
    outer loop
      vertex 99.4924 98.9382 2
      vertex 64.4962 101.291 2
      vertex 64.5268 101.137 2
    endloop
  endfacet
  facet normal 0 0 1
    outer loop
      vertex 99.5618 99.079 2
      vertex 64.4457 101.439 2
      vertex 64.4962 101.291 2
    endloop
  endfacet
  facet normal 0 0 1
    outer loop
      vertex 99.649 99.2095 2
      vertex 64.3763 101.58 2
      vertex 64.4457 101.439 2
    endloop
  endfacet
  facet normal 0 0 1
    outer loop
      vertex 18.074 121.886 2
      vertex 124.426 121.886 2
      vertex 124.612 121.949 2
    endloop
  endfacet
  facet normal 0 0 1
    outer loop
      vertex 99.7525 99.3275 2
      vertex 64.2891 101.711 2
      vertex 64.3763 101.58 2
    endloop
  endfacet
  facet normal 0 0 1
    outer loop
      vertex 99.7525 99.3275 2
      vertex 64.1856 101.829 2
      vertex 64.2891 101.711 2
    endloop
  endfacet
  facet normal 0 0 1
    outer loop
      vertex 99.8705 99.431 2
      vertex 64.1856 101.829 2
      vertex 99.7525 99.3275 2
    endloop
  endfacet
  facet normal -0 -0 1
    outer loop
      vertex 64.1856 101.829 2
      vertex 99.8705 99.431 2
      vertex 64.0676 101.932 2
    endloop
  endfacet
  facet normal 0 0 1
    outer loop
      vertex 123.701 121.25 2
      vertex 63.7963 102.089 2
      vertex 63.9371 102.019 2
    endloop
  endfacet
  facet normal 0 0 1
    outer loop
      vertex 123.81 121.413 2
      vertex 63.6476 102.139 2
      vertex 63.7963 102.089 2
    endloop
  endfacet
  facet normal 0 0 1
    outer loop
      vertex 123.939 121.561 2
      vertex 63.4937 102.17 2
      vertex 63.6476 102.139 2
    endloop
  endfacet
  facet normal 0 0 1
    outer loop
      vertex 124.087 121.69 2
      vertex 18.5607 121.561 2
      vertex 63.4937 102.17 2
    endloop
  endfacet
  facet normal 0 0 1
    outer loop
      vertex 63.4937 102.17 2
      vertex 18.5607 121.561 2
      vertex 63.3371 102.18 2
    endloop
  endfacet
  facet normal -0 -0 1
    outer loop
      vertex 18.69 121.413 2
      vertex 63.3371 102.18 2
      vertex 18.5607 121.561 2
    endloop
  endfacet
  facet normal 0 0 1
    outer loop
      vertex 62.7371 99.9408 2
      vertex 61.9001 59.2182 2
      vertex 62.0408 59.2877 2
    endloop
  endfacet
  facet normal 0 0 1
    outer loop
      vertex 25.9772 88.9684 2
      vertex 62.4885 100.131 2
      vertex 26.0078 89.1224 2
    endloop
  endfacet
  facet normal 0 0 1
    outer loop
      vertex 62.4885 100.131 2
      vertex 25.9772 88.9684 2
      vertex 62.6065 100.028 2
    endloop
  endfacet
  facet normal 0 0 1
    outer loop
      vertex 25.9267 88.8198 2
      vertex 62.6065 100.028 2
      vertex 25.9772 88.9684 2
    endloop
  endfacet
  facet normal 0 0 1
    outer loop
      vertex 62.6065 100.028 2
      vertex 25.9267 88.8198 2
      vertex 61.9001 59.2182 2
    endloop
  endfacet
  facet normal 0 0 1
    outer loop
      vertex 61.9001 59.2182 2
      vertex 25.9267 88.8198 2
      vertex 61.7695 59.131 2
    endloop
  endfacet
  facet normal -0 0 1
    outer loop
      vertex 25.8573 88.679 2
      vertex 61.7695 59.131 2
      vertex 25.9267 88.8198 2
    endloop
  endfacet
  facet normal 0 0 1
    outer loop
      vertex 61.7695 59.131 2
      vertex 25.8573 88.679 2
      vertex 61.6515 59.0275 2
    endloop
  endfacet
  facet normal -0 0 1
    outer loop
      vertex 25.7701 88.5485 2
      vertex 61.6515 59.0275 2
      vertex 25.8573 88.679 2
    endloop
  endfacet
  facet normal 0 0 1
    outer loop
      vertex 61.6515 59.0275 2
      vertex 25.7701 88.5485 2
      vertex 61.548 58.9095 2
    endloop
  endfacet
  facet normal 0 0 1
    outer loop
      vertex 25.7701 90.0095 2
      vertex 62.1371 100.98 2
      vertex 62.1473 101.137 2
    endloop
  endfacet
  facet normal 0 0 1
    outer loop
      vertex 25.6666 90.1275 2
      vertex 62.1473 101.137 2
      vertex 62.1779 101.291 2
    endloop
  endfacet
  facet normal 0 0 1
    outer loop
      vertex 25.5486 90.231 2
      vertex 62.1779 101.291 2
      vertex 62.2284 101.439 2
    endloop
  endfacet
  facet normal -0 0 1
    outer loop
      vertex 18.9489 120.112 2
      vertex 62.385 101.711 2
      vertex 18.9872 120.304 2
    endloop
  endfacet
  facet normal 0 0 1
    outer loop
      vertex 62.4885 101.829 2
      vertex 18.9872 120.304 2
      vertex 62.385 101.711 2
    endloop
  endfacet
  facet normal -0 0 1
    outer loop
      vertex 18.9872 120.304 2
      vertex 62.4885 101.829 2
      vertex 19 120.5 2
    endloop
  endfacet
  facet normal 0 0 1
    outer loop
      vertex 19 120.5 2
      vertex 62.4885 101.829 2
      vertex 62.6065 101.932 2
    endloop
  endfacet
  facet normal 0 0 1
    outer loop
      vertex 18.9872 120.696 2
      vertex 62.6065 101.932 2
      vertex 62.7371 102.019 2
    endloop
  endfacet
  facet normal 0 0 1
    outer loop
      vertex 18.9489 120.888 2
      vertex 62.7371 102.019 2
      vertex 62.8778 102.089 2
    endloop
  endfacet
  facet normal 0 0 1
    outer loop
      vertex 62.2978 100.38 2
      vertex 26.0078 89.4356 2
      vertex 26.0181 89.279 2
    endloop
  endfacet
  facet normal 0 0 1
    outer loop
      vertex 62.2284 100.521 2
      vertex 25.9772 89.5896 2
      vertex 26.0078 89.4356 2
    endloop
  endfacet
  facet normal 0 0 1
    outer loop
      vertex 18.8858 121.074 2
      vertex 62.8778 102.089 2
      vertex 63.0265 102.139 2
    endloop
  endfacet
  facet normal 0 0 1
    outer loop
      vertex 62.1779 100.669 2
      vertex 25.9267 89.7382 2
      vertex 25.9772 89.5896 2
    endloop
  endfacet
  facet normal 0 0 1
    outer loop
      vertex 62.1473 100.823 2
      vertex 25.8573 89.879 2
      vertex 25.9267 89.7382 2
    endloop
  endfacet
  facet normal 0 0 1
    outer loop
      vertex 62.1371 100.98 2
      vertex 25.7701 90.0095 2
      vertex 25.8573 89.879 2
    endloop
  endfacet
  facet normal 0 0 1
    outer loop
      vertex 62.1473 101.137 2
      vertex 25.6666 90.1275 2
      vertex 25.7701 90.0095 2
    endloop
  endfacet
  facet normal 0 0 1
    outer loop
      vertex 63.3371 102.18 2
      vertex 18.69 121.413 2
      vertex 63.1804 102.17 2
    endloop
  endfacet
  facet normal 0 0 1
    outer loop
      vertex 62.385 101.711 2
      vertex 18.9489 120.112 2
      vertex 62.2978 101.58 2
    endloop
  endfacet
  facet normal 0 0 1
    outer loop
      vertex 62.1779 101.291 2
      vertex 25.5486 90.231 2
      vertex 25.6666 90.1275 2
    endloop
  endfacet
  facet normal -0 0 1
    outer loop
      vertex 18.8858 119.926 2
      vertex 62.2978 101.58 2
      vertex 18.9489 120.112 2
    endloop
  endfacet
  facet normal 0 0 1
    outer loop
      vertex 62.2978 101.58 2
      vertex 18.8858 119.926 2
      vertex 62.2284 101.439 2
    endloop
  endfacet
  facet normal -0 0 1
    outer loop
      vertex 18.799 119.75 2
      vertex 62.2284 101.439 2
      vertex 18.8858 119.926 2
    endloop
  endfacet
  facet normal 0 0 1
    outer loop
      vertex 62.2284 101.439 2
      vertex 18.799 119.75 2
      vertex 25.5486 90.231 2
    endloop
  endfacet
  facet normal 0 0 1
    outer loop
      vertex 25.5486 90.231 2
      vertex 18.799 119.75 2
      vertex 25.4181 90.3182 2
    endloop
  endfacet
  facet normal -0 0 1
    outer loop
      vertex 18.69 119.587 2
      vertex 25.4181 90.3182 2
      vertex 18.799 119.75 2
    endloop
  endfacet
  facet normal -0 0 1
    outer loop
      vertex 17.6958 119.013 2
      vertex 24.5075 90.4381 2
      vertex 17.8882 119.051 2
    endloop
  endfacet
  facet normal 0 0 1
    outer loop
      vertex 24.6614 90.4687 2
      vertex 17.8882 119.051 2
      vertex 24.5075 90.4381 2
    endloop
  endfacet
  facet normal -0 0 1
    outer loop
      vertex 17.8882 119.051 2
      vertex 24.6614 90.4687 2
      vertex 18.074 119.114 2
    endloop
  endfacet
  facet normal 0 0 1
    outer loop
      vertex 24.8181 90.479 2
      vertex 18.074 119.114 2
      vertex 24.6614 90.4687 2
    endloop
  endfacet
  facet normal -0 0 1
    outer loop
      vertex 18.074 119.114 2
      vertex 24.8181 90.479 2
      vertex 18.25 119.201 2
    endloop
  endfacet
  facet normal 0 0 1
    outer loop
      vertex 24.9747 90.4687 2
      vertex 18.25 119.201 2
      vertex 24.8181 90.479 2
    endloop
  endfacet
  facet normal -0 0 1
    outer loop
      vertex 18.25 119.201 2
      vertex 24.9747 90.4687 2
      vertex 18.4131 119.31 2
    endloop
  endfacet
  facet normal 0 0 1
    outer loop
      vertex 25.1286 90.4381 2
      vertex 18.4131 119.31 2
      vertex 24.9747 90.4687 2
    endloop
  endfacet
  facet normal -0 0 1
    outer loop
      vertex 18.4131 119.31 2
      vertex 25.1286 90.4381 2
      vertex 18.5607 119.439 2
    endloop
  endfacet
  facet normal 0 0 1
    outer loop
      vertex 25.2773 90.3877 2
      vertex 18.5607 119.439 2
      vertex 25.1286 90.4381 2
    endloop
  endfacet
  facet normal -0 0 1
    outer loop
      vertex 18.5607 119.439 2
      vertex 25.2773 90.3877 2
      vertex 18.69 119.587 2
    endloop
  endfacet
  facet normal 0 0 1
    outer loop
      vertex 25.4181 90.3182 2
      vertex 18.69 119.587 2
      vertex 25.2773 90.3877 2
    endloop
  endfacet
  facet normal 0 0 1
    outer loop
      vertex 6 125.53 2
      vertex 124.612 121.949 2
      vertex 124.804 121.987 2
    endloop
  endfacet
  facet normal -0 0 1
    outer loop
      vertex 6 125.53 2
      vertex 124.804 121.987 2
      vertex 162.244 125.53 2
    endloop
  endfacet
  facet normal 0 0 1
    outer loop
      vertex 62.6065 101.932 2
      vertex 18.9872 120.696 2
      vertex 19 120.5 2
    endloop
  endfacet
  facet normal 0 0 1
    outer loop
      vertex 62.7371 102.019 2
      vertex 18.9489 120.888 2
      vertex 18.9872 120.696 2
    endloop
  endfacet
  facet normal 0 0 1
    outer loop
      vertex 62.8778 102.089 2
      vertex 18.8858 121.074 2
      vertex 18.9489 120.888 2
    endloop
  endfacet
  facet normal 0 0 1
    outer loop
      vertex 63.0265 102.139 2
      vertex 18.799 121.25 2
      vertex 18.8858 121.074 2
    endloop
  endfacet
  facet normal 0 0 1
    outer loop
      vertex 63.1804 102.17 2
      vertex 18.799 121.25 2
      vertex 63.0265 102.139 2
    endloop
  endfacet
  facet normal -0 -0 1
    outer loop
      vertex 18.799 121.25 2
      vertex 63.1804 102.17 2
      vertex 18.69 121.413 2
    endloop
  endfacet
  facet normal 0 0 1
    outer loop
      vertex 124.087 121.69 2
      vertex 18.4131 121.69 2
      vertex 18.5607 121.561 2
    endloop
  endfacet
  facet normal 0 0 1
    outer loop
      vertex 124.25 121.799 2
      vertex 18.25 121.799 2
      vertex 18.4131 121.69 2
    endloop
  endfacet
  facet normal 0 0 1
    outer loop
      vertex 124.426 121.886 2
      vertex 18.074 121.886 2
      vertex 18.25 121.799 2
    endloop
  endfacet
  facet normal 0 0 1
    outer loop
      vertex 124.612 121.949 2
      vertex 17.8882 121.949 2
      vertex 18.074 121.886 2
    endloop
  endfacet
  facet normal 0 0 1
    outer loop
      vertex 124.612 121.949 2
      vertex 6 125.53 2
      vertex 17.8882 121.949 2
    endloop
  endfacet
  facet normal 0 0 1
    outer loop
      vertex 17.8882 121.949 2
      vertex 6 125.53 2
      vertex 17.6958 121.987 2
    endloop
  endfacet
  facet normal 0 0 1
    outer loop
      vertex 17.6958 121.987 2
      vertex 6 125.53 2
      vertex 17.5 122 2
    endloop
  endfacet
  facet normal 0 0 1
    outer loop
      vertex 6 125.53 2
      vertex 5.5 122 2
      vertex 17.5 122 2
    endloop
  endfacet
  facet normal -0 0 1
    outer loop
      vertex 5.21684 125.479 2
      vertex 5.5 122 2
      vertex 6 125.53 2
    endloop
  endfacet
  facet normal 0 0 1
    outer loop
      vertex 5.5 122 2
      vertex 5.21684 125.479 2
      vertex 5.30421 121.987 2
    endloop
  endfacet
  facet normal -0 0 1
    outer loop
      vertex 4.44708 125.326 2
      vertex 5.30421 121.987 2
      vertex 5.21684 125.479 2
    endloop
  endfacet
  facet normal 0 0 1
    outer loop
      vertex 5.30421 121.987 2
      vertex 4.44708 125.326 2
      vertex 5.11177 121.949 2
    endloop
  endfacet
  facet normal -0 0 1
    outer loop
      vertex 3.7039 125.073 2
      vertex 5.11177 121.949 2
      vertex 4.44708 125.326 2
    endloop
  endfacet
  facet normal 0 0 1
    outer loop
      vertex 5.11177 121.949 2
      vertex 3.7039 125.073 2
      vertex 4.92597 121.886 2
    endloop
  endfacet
  facet normal -0 0 1
    outer loop
      vertex 3 124.726 2
      vertex 4.92597 121.886 2
      vertex 3.7039 125.073 2
    endloop
  endfacet
  facet normal 0 0 1
    outer loop
      vertex 4.92597 121.886 2
      vertex 3 124.726 2
      vertex 4.75 121.799 2
    endloop
  endfacet
  facet normal 0 0 1
    outer loop
      vertex 4.75 121.799 2
      vertex 3 124.726 2
      vertex 4.58686 121.69 2
    endloop
  endfacet
  facet normal -0 0 1
    outer loop
      vertex 2.34743 124.29 2
      vertex 4.58686 121.69 2
      vertex 3 124.726 2
    endloop
  endfacet
  facet normal 0 0 1
    outer loop
      vertex 4.58686 121.69 2
      vertex 2.34743 124.29 2
      vertex 4.43934 121.561 2
    endloop
  endfacet
  facet normal -0 0 1
    outer loop
      vertex 1.75735 123.773 2
      vertex 4.43934 121.561 2
      vertex 2.34743 124.29 2
    endloop
  endfacet
  facet normal 0 0 1
    outer loop
      vertex 4.43934 121.561 2
      vertex 1.75735 123.773 2
      vertex 4.30997 121.413 2
    endloop
  endfacet
  facet normal 0 0 1
    outer loop
      vertex 4.43934 119.439 2
      vertex 3.8042 117.987 2
      vertex 4 118 2
    endloop
  endfacet
  facet normal 0 0 1
    outer loop
      vertex 0.204453 121.083 2
      vertex 4 120.5 2
      vertex 4.01283 120.696 2
    endloop
  endfacet
  facet normal -0 0 1
    outer loop
      vertex 1.23988 123.183 2
      vertex 4.30997 121.413 2
      vertex 1.75735 123.773 2
    endloop
  endfacet
  facet normal 0 0 1
    outer loop
      vertex 4.30997 121.413 2
      vertex 1.23988 123.183 2
      vertex 4.20096 121.25 2
    endloop
  endfacet
  facet normal 0 0 1
    outer loop
      vertex 4.20096 121.25 2
      vertex 1.23988 123.183 2
      vertex 4.11418 121.074 2
    endloop
  endfacet
  facet normal -0 0 1
    outer loop
      vertex 0.803848 122.53 2
      vertex 4.11418 121.074 2
      vertex 1.23988 123.183 2
    endloop
  endfacet
  facet normal 0 0 1
    outer loop
      vertex 4.11418 121.074 2
      vertex 0.803848 122.53 2
      vertex 4.05111 120.888 2
    endloop
  endfacet
  facet normal -0 0 1
    outer loop
      vertex 0.456726 121.826 2
      vertex 4.05111 120.888 2
      vertex 0.803848 122.53 2
    endloop
  endfacet
  facet normal 0 0 1
    outer loop
      vertex 4.05111 120.888 2
      vertex 0.456726 121.826 2
      vertex 4.01283 120.696 2
    endloop
  endfacet
  facet normal -0 0 1
    outer loop
      vertex 0.204453 121.083 2
      vertex 4.01283 120.696 2
      vertex 0.456726 121.826 2
    endloop
  endfacet
  facet normal 0 0 1
    outer loop
      vertex 4.30997 119.587 2
      vertex 3.61177 117.949 2
      vertex 3.8042 117.987 2
    endloop
  endfacet
  facet normal 0 0 1
    outer loop
      vertex 4 120.5 2
      vertex 0.204453 121.083 2
      vertex 0.0513306 120.313 2
    endloop
  endfacet
  facet normal 0 0 1
    outer loop
      vertex 4.20096 119.75 2
      vertex 3.42596 117.886 2
      vertex 3.61177 117.949 2
    endloop
  endfacet
  facet normal 0 0 1
    outer loop
      vertex 4.01283 120.304 2
      vertex 0.0513306 120.313 2
      vertex 0 119.53 2
    endloop
  endfacet
  facet normal 0 0 1
    outer loop
      vertex 4.11418 119.926 2
      vertex 3.25 117.799 2
      vertex 3.42596 117.886 2
    endloop
  endfacet
  facet normal 0 0 1
    outer loop
      vertex 4.05111 120.112 2
      vertex 0 119.53 2
      vertex 3.25 117.799 2
    endloop
  endfacet
  facet normal 0 0 1
    outer loop
      vertex 3.08685 117.69 2
      vertex 0 119.53 2
      vertex 2.93933 117.561 2
    endloop
  endfacet
  facet normal 0 0 1
    outer loop
      vertex 3.25 117.799 2
      vertex 0 119.53 2
      vertex 3.08685 117.69 2
    endloop
  endfacet
  facet normal 0 0 1
    outer loop
      vertex 164.54 125.073 2
      vertex 168.244 119.53 2
      vertex 168.193 120.313 2
    endloop
  endfacet
  facet normal 0 0 1
    outer loop
      vertex 168.244 119.53 2
      vertex 163.899 56.481 2
      vertex 168.244 6 2
    endloop
  endfacet
  facet normal 0 0 1
    outer loop
      vertex 164.54 125.073 2
      vertex 168.193 120.313 2
      vertex 168.04 121.083 2
    endloop
  endfacet
  facet normal -0 0 1
    outer loop
      vertex 163.884 56.2591 2
      vertex 168.244 6 2
      vertex 163.899 56.481 2
    endloop
  endfacet
  facet normal 0 0 1
    outer loop
      vertex 164.54 125.073 2
      vertex 168.04 121.083 2
      vertex 167.787 121.826 2
    endloop
  endfacet
  facet normal 0 0 1
    outer loop
      vertex 168.244 6 2
      vertex 163.899 5.70966 2
      vertex 168.193 5.21684 2
    endloop
  endfacet
  facet normal 0 0 1
    outer loop
      vertex 164.54 125.073 2
      vertex 167.787 121.826 2
      vertex 167.44 122.53 2
    endloop
  endfacet
  facet normal -0 0 1
    outer loop
      vertex 163.884 5.48776 2
      vertex 168.193 5.21684 2
      vertex 163.899 5.70966 2
    endloop
  endfacet
  facet normal 0 0 1
    outer loop
      vertex 164.54 125.073 2
      vertex 167.44 122.53 2
      vertex 167.004 123.183 2
    endloop
  endfacet
  facet normal 0 0 1
    outer loop
      vertex 168.193 5.21684 2
      vertex 163.884 5.48776 2
      vertex 168.04 4.44708 2
    endloop
  endfacet
  facet normal 0 0 1
    outer loop
      vertex 164.54 125.073 2
      vertex 167.004 123.183 2
      vertex 166.487 123.773 2
    endloop
  endfacet
  facet normal 0 0 1
    outer loop
      vertex 164.54 125.073 2
      vertex 166.487 123.773 2
      vertex 165.897 124.29 2
    endloop
  endfacet
  facet normal 0 0 1
    outer loop
      vertex 164.54 125.073 2
      vertex 165.897 124.29 2
      vertex 165.244 124.726 2
    endloop
  endfacet
  facet normal 0 0 1
    outer loop
      vertex 162.244 125.53 2
      vertex 168.244 119.53 2
      vertex 164.54 125.073 2
    endloop
  endfacet
  facet normal 0 0 1
    outer loop
      vertex 163.884 107.03 2
      vertex 168.244 119.53 2
      vertex 163.899 107.252 2
    endloop
  endfacet
  facet normal -0 0 1
    outer loop
      vertex 163.841 5.26967 2
      vertex 168.04 4.44708 2
      vertex 163.884 5.48776 2
    endloop
  endfacet
  facet normal 0 0 1
    outer loop
      vertex 168.04 4.44708 2
      vertex 163.841 5.26967 2
      vertex 167.787 3.7039 2
    endloop
  endfacet
  facet normal -0 0 1
    outer loop
      vertex 163.77 5.0591 2
      vertex 167.787 3.7039 2
      vertex 163.841 5.26967 2
    endloop
  endfacet
  facet normal 0 0 1
    outer loop
      vertex 167.787 3.7039 2
      vertex 163.77 5.0591 2
      vertex 167.44 3 2
    endloop
  endfacet
  facet normal -0 0 1
    outer loop
      vertex 163.671 4.85966 2
      vertex 167.44 3 2
      vertex 163.77 5.0591 2
    endloop
  endfacet
  facet normal 0 0 1
    outer loop
      vertex 167.44 3 2
      vertex 163.671 4.85966 2
      vertex 167.004 2.34743 2
    endloop
  endfacet
  facet normal -0 0 1
    outer loop
      vertex 163.548 4.67476 2
      vertex 167.004 2.34743 2
      vertex 163.671 4.85966 2
    endloop
  endfacet
  facet normal -0 0 1
    outer loop
      vertex 163.401 4.50758 2
      vertex 167.004 2.34743 2
      vertex 163.548 4.67476 2
    endloop
  endfacet
  facet normal -0 0 1
    outer loop
      vertex 163.234 4.36096 2
      vertex 167.004 2.34743 2
      vertex 163.401 4.50758 2
    endloop
  endfacet
  facet normal -0 0 1
    outer loop
      vertex 163.049 4.23742 2
      vertex 167.004 2.34743 2
      vertex 163.234 4.36096 2
    endloop
  endfacet
  facet normal -0 0 1
    outer loop
      vertex 162.85 4.13906 2
      vertex 167.004 2.34743 2
      vertex 163.049 4.23742 2
    endloop
  endfacet
  facet normal 0 0 1
    outer loop
      vertex 161.845 -1.26455 2
      vertex 162.85 4.13906 2
      vertex 162.639 4.06758 2
    endloop
  endfacet
  facet normal 0 0 1
    outer loop
      vertex 161.845 -1.26455 2
      vertex 162.639 4.06758 2
      vertex 162.421 4.0242 2
    endloop
  endfacet
  facet normal 0 0 1
    outer loop
      vertex 161.845 -1.26455 2
      vertex 162.421 4.0242 2
      vertex 162.199 4.00966 2
    endloop
  endfacet
  facet normal 0 0 1
    outer loop
      vertex 161.845 -1.26455 2
      vertex 162.199 4.00966 2
      vertex 161.977 4.0242 2
    endloop
  endfacet
  facet normal 0 0 1
    outer loop
      vertex 162.85 4.13906 2
      vertex 161.845 -1.26455 2
      vertex 167.004 2.34743 2
    endloop
  endfacet
  facet normal 0 0 1
    outer loop
      vertex 159.822 -4 2
      vertex 167.004 2.34743 2
      vertex 161.845 -1.26455 2
    endloop
  endfacet
  facet normal -0 0 1
    outer loop
      vertex 159.822 -4 2
      vertex 107.61 -77.9577 2
      vertex 167.004 2.34743 2
    endloop
  endfacet
  facet normal -0 0 1
    outer loop
      vertex 4 -4 2
      vertex 107.61 -77.9577 2
      vertex 159.822 -4 2
    endloop
  endfacet
  facet normal 0 -0 1
    outer loop
      vertex 93.3298 -85 2
      vertex 107.61 -77.9577 2
      vertex 4 -4 2
    endloop
  endfacet
  facet normal 0 0 1
    outer loop
      vertex 107.61 -77.9577 2
      vertex 93.3298 -85 2
      vertex 106.058 -79.7279 2
    endloop
  endfacet
  facet normal 0 0 1
    outer loop
      vertex 106.058 -79.7279 2
      vertex 93.3298 -85 2
      vertex 104.288 -81.2804 2
    endloop
  endfacet
  facet normal 0 0 1
    outer loop
      vertex 102.33 -82.5885 2
      vertex 93.3298 -85 2
      vertex 100.218 -83.6298 2
    endloop
  endfacet
  facet normal 0 0 1
    outer loop
      vertex 100.218 -83.6298 2
      vertex 93.3298 -85 2
      vertex 97.9886 -84.3867 2
    endloop
  endfacet
  facet normal 0 0 1
    outer loop
      vertex 97.9886 -84.3867 2
      vertex 93.3298 -85 2
      vertex 95.6793 -84.846 2
    endloop
  endfacet
  facet normal 0 0 1
    outer loop
      vertex 104.288 -81.2804 2
      vertex 93.3298 -85 2
      vertex 102.33 -82.5885 2
    endloop
  endfacet
  facet normal 0 0 1
    outer loop
      vertex 93.3298 -85 2
      vertex 4 -4 2
      vertex 20.5188 -85 2
    endloop
  endfacet
  facet normal -0 0 1
    outer loop
      vertex 2.51877 -67 2
      vertex 20.5188 -85 2
      vertex 4 -4 2
    endloop
  endfacet
  facet normal 0 0 1
    outer loop
      vertex 20.5188 -85 2
      vertex 2.51877 -67 2
      vertex 18.1693 -84.846 2
    endloop
  endfacet
  facet normal 0 0 1
    outer loop
      vertex 18.1693 -84.846 2
      vertex 2.51877 -67 2
      vertex 15.86 -84.3867 2
    endloop
  endfacet
  facet normal 0 0 1
    outer loop
      vertex 15.86 -84.3867 2
      vertex 2.51877 -67 2
      vertex 13.6305 -83.6298 2
    endloop
  endfacet
  facet normal 0 0 1
    outer loop
      vertex 11.5188 -82.5885 2
      vertex 2.51877 -67 2
      vertex 9.56107 -81.2804 2
    endloop
  endfacet
  facet normal 0 0 1
    outer loop
      vertex 9.56107 -81.2804 2
      vertex 2.51877 -67 2
      vertex 7.79085 -79.7279 2
    endloop
  endfacet
  facet normal 0 0 1
    outer loop
      vertex 7.79085 -79.7279 2
      vertex 2.51877 -67 2
      vertex 6.23841 -77.9577 2
    endloop
  endfacet
  facet normal 0 0 1
    outer loop
      vertex 13.6305 -83.6298 2
      vertex 2.51877 -67 2
      vertex 11.5188 -82.5885 2
    endloop
  endfacet
  facet normal 0 0 1
    outer loop
      vertex 6.23841 -77.9577 2
      vertex 2.51877 -67 2
      vertex 4.93032 -76 2
    endloop
  endfacet
  facet normal 0 0 1
    outer loop
      vertex 2.51877 -67 2
      vertex 4 -4 2
      vertex 3.8042 -3.98715 2
    endloop
  endfacet
  facet normal 0 0 1
    outer loop
      vertex 2.51877 -67 2
      vertex 3.8042 -3.98715 2
      vertex 3.61177 -3.94888 2
    endloop
  endfacet
  facet normal 0 0 1
    outer loop
      vertex 2.51877 -67 2
      vertex 3.61177 -3.94888 2
      vertex 3.42596 -3.88582 2
    endloop
  endfacet
  facet normal 0 0 1
    outer loop
      vertex 2.51877 -67 2
      vertex 3.42596 -3.88582 2
      vertex 3.25 -3.79903 2
    endloop
  endfacet
  facet normal 0 0 1
    outer loop
      vertex 4.93032 -76 2
      vertex 2.51877 -67 2
      vertex 3.88894 -73.8883 2
    endloop
  endfacet
  facet normal 0 0 1
    outer loop
      vertex 2.51877 -67 2
      vertex 3.25 -3.79903 2
      vertex 3.08685 -3.69002 2
    endloop
  endfacet
  facet normal 0 0 1
    outer loop
      vertex 2.51877 -67 2
      vertex 3.08685 -3.69002 2
      vertex 2.93933 -3.56065 2
    endloop
  endfacet
  facet normal 0 0 1
    outer loop
      vertex 2.51877 -67 2
      vertex 2.93933 -3.56065 2
      vertex 2.80997 -3.41313 2
    endloop
  endfacet
  facet normal 0 0 1
    outer loop
      vertex 2.51877 -67 2
      vertex 2.80997 -3.41313 2
      vertex 2.70096 -3.25 2
    endloop
  endfacet
  facet normal 0 0 1
    outer loop
      vertex 3.88894 -73.8883 2
      vertex 2.51877 -67 2
      vertex 3.13212 -71.6587 2
    endloop
  endfacet
  facet normal 0 0 1
    outer loop
      vertex 2.51877 -67 2
      vertex 2.70096 -3.25 2
      vertex 2.61417 -3.07402 2
    endloop
  endfacet
  facet normal 0 0 1
    outer loop
      vertex 2.51877 -67 2
      vertex 2.61417 -3.07402 2
      vertex 2.5511 -2.88821 2
    endloop
  endfacet
  facet normal 0 0 1
    outer loop
      vertex 3.13212 -71.6587 2
      vertex 2.51877 -67 2
      vertex 2.67277 -69.3495 2
    endloop
  endfacet
  facet normal 0 0 1
    outer loop
      vertex 0 6 2
      vertex 2.5511 -2.88821 2
      vertex 2.51283 -2.69579 2
    endloop
  endfacet
  facet normal 0 0 1
    outer loop
      vertex 0 6 2
      vertex 2.51283 -2.69579 2
      vertex 2.5 -2.5 2
    endloop
  endfacet
  facet normal 0 0 1
    outer loop
      vertex 2.5 116.5 2
      vertex 0 6 2
      vertex 2.5 -2.5 2
    endloop
  endfacet
  facet normal 0 0 1
    outer loop
      vertex 2.93933 117.561 2
      vertex 0 119.53 2
      vertex 2.80997 117.413 2
    endloop
  endfacet
  facet normal 0 0 1
    outer loop
      vertex 2.80997 117.413 2
      vertex 0 119.53 2
      vertex 2.70096 117.25 2
    endloop
  endfacet
  facet normal 0 0 1
    outer loop
      vertex 2.70096 117.25 2
      vertex 0 119.53 2
      vertex 2.61417 117.074 2
    endloop
  endfacet
  facet normal 0 0 1
    outer loop
      vertex 2.61417 117.074 2
      vertex 0 119.53 2
      vertex 2.5511 116.888 2
    endloop
  endfacet
  facet normal 0 0 1
    outer loop
      vertex 2.5511 116.888 2
      vertex 0 119.53 2
      vertex 2.51283 116.696 2
    endloop
  endfacet
  facet normal 0 0 1
    outer loop
      vertex 2.51283 116.696 2
      vertex 0 119.53 2
      vertex 2.5 116.5 2
    endloop
  endfacet
  facet normal 0 0 1
    outer loop
      vertex 2.5 116.5 2
      vertex 0 119.53 2
      vertex 0 6 2
    endloop
  endfacet
  facet normal 0 0 1
    outer loop
      vertex 2.5511 -2.88821 2
      vertex 0 6 2
      vertex 2.51877 -67 2
    endloop
  endfacet
  facet normal -0.896872 -0.44229 0
    outer loop
      vertex 4.93032 -76 0
      vertex 3.88894 -73.8883 2
      vertex 3.88894 -73.8883 0
    endloop
  endfacet
  facet normal -0.896872 -0.44229 0
    outer loop
      vertex 3.88894 -73.8883 2
      vertex 4.93032 -76 0
      vertex 4.93032 -76 2
    endloop
  endfacet
  facet normal -0.980795 0.195041 0
    outer loop
      vertex 0.0513306 120.313 0
      vertex 0.204453 121.083 2
      vertex 0.204453 121.083 0
    endloop
  endfacet
  facet normal -0.980795 0.195041 0
    outer loop
      vertex 0.204453 121.083 2
      vertex 0.0513306 120.313 0
      vertex 0.0513306 120.313 2
    endloop
  endfacet
  facet normal -0.555541 0.831489 0
    outer loop
      vertex 3 124.726 0
      vertex 2.34743 124.29 2
      vertex 3 124.726 2
    endloop
  endfacet
  facet normal -0.555541 0.831489 0
    outer loop
      vertex 2.34743 124.29 2
      vertex 3 124.726 0
      vertex 2.34743 124.29 0
    endloop
  endfacet
  facet normal -0.19495 0.980813 0
    outer loop
      vertex 5.21684 125.479 0
      vertex 4.44708 125.326 2
      vertex 5.21684 125.479 2
    endloop
  endfacet
  facet normal -0.19495 0.980813 0
    outer loop
      vertex 4.44708 125.326 2
      vertex 5.21684 125.479 0
      vertex 4.44708 125.326 0
    endloop
  endfacet
  facet normal 0.0649964 0.997886 -0
    outer loop
      vertex 163.027 125.479 0
      vertex 162.244 125.53 2
      vertex 163.027 125.479 2
    endloop
  endfacet
  facet normal 0.0649964 0.997886 0
    outer loop
      vertex 162.244 125.53 2
      vertex 163.027 125.479 0
      vertex 162.244 125.53 0
    endloop
  endfacet
  facet normal 0 0 -1
    outer loop
      vertex 62.4885 101.829 0
      vertex 18.9872 120.304 0
      vertex 19 120.5 0
    endloop
  endfacet
  facet normal 0 0 -1
    outer loop
      vertex 23.6181 32.128 0
      vertex 18.9489 120.112 0
      vertex 18.9872 120.304 0
    endloop
  endfacet
  facet normal 0 0 -1
    outer loop
      vertex 23.6181 32.128 0
      vertex 18.8858 119.926 0
      vertex 18.9489 120.112 0
    endloop
  endfacet
  facet normal 0 0 -1
    outer loop
      vertex 0 119.53 0
      vertex 23.6181 32.128 0
      vertex 0 6 0
    endloop
  endfacet
  facet normal 0 0 -1
    outer loop
      vertex 23.6181 32.128 0
      vertex 18.799 119.75 0
      vertex 18.8858 119.926 0
    endloop
  endfacet
  facet normal 0 0 -1
    outer loop
      vertex 23.6181 32.128 0
      vertex 18.69 119.587 0
      vertex 18.799 119.75 0
    endloop
  endfacet
  facet normal 0 0 -1
    outer loop
      vertex 23.6181 32.128 0
      vertex 18.5607 119.439 0
      vertex 18.69 119.587 0
    endloop
  endfacet
  facet normal 0 0 -1
    outer loop
      vertex 23.6181 32.128 0
      vertex 18.4131 119.31 0
      vertex 18.5607 119.439 0
    endloop
  endfacet
  facet normal 0 0 -1
    outer loop
      vertex 2.51877 -67 0
      vertex 20.5188 -85 0
      vertex 18.1693 -84.846 0
    endloop
  endfacet
  facet normal 0 0 -1
    outer loop
      vertex 23.6181 32.128 0
      vertex 18.25 119.201 0
      vertex 18.4131 119.31 0
    endloop
  endfacet
  facet normal 0 0 -1
    outer loop
      vertex 23.6181 32.128 0
      vertex 18.074 119.114 0
      vertex 18.25 119.201 0
    endloop
  endfacet
  facet normal 0 0 -1
    outer loop
      vertex 23.6181 32.128 0
      vertex 17.8882 119.051 0
      vertex 18.074 119.114 0
    endloop
  endfacet
  facet normal 0 0 -1
    outer loop
      vertex 23.6181 32.128 0
      vertex 17.6958 119.013 0
      vertex 17.8882 119.051 0
    endloop
  endfacet
  facet normal 0 0 -1
    outer loop
      vertex 2.51877 -67 0
      vertex 18.1693 -84.846 0
      vertex 15.86 -84.3867 0
    endloop
  endfacet
  facet normal 0 0 -1
    outer loop
      vertex 2.51877 -67 0
      vertex 15.86 -84.3867 0
      vertex 13.6305 -83.6298 0
    endloop
  endfacet
  facet normal 0 0 -1
    outer loop
      vertex 2.51877 -67 0
      vertex 13.6305 -83.6298 0
      vertex 11.5188 -82.5885 0
    endloop
  endfacet
  facet normal 0 0 -1
    outer loop
      vertex 2.51877 -67 0
      vertex 11.5188 -82.5885 0
      vertex 9.56107 -81.2804 0
    endloop
  endfacet
  facet normal 0 0 -1
    outer loop
      vertex 2.51877 -67 0
      vertex 9.56107 -81.2804 0
      vertex 7.79085 -79.7279 0
    endloop
  endfacet
  facet normal 0 0 -1
    outer loop
      vertex 2.51877 -67 0
      vertex 7.79085 -79.7279 0
      vertex 6.23841 -77.9577 0
    endloop
  endfacet
  facet normal 0 0 -1
    outer loop
      vertex 23.6181 32.128 0
      vertex 17.5 119 0
      vertex 17.6958 119.013 0
    endloop
  endfacet
  facet normal 0 0 -1
    outer loop
      vertex 23.6181 32.128 0
      vertex 5.5 119 0
      vertex 17.5 119 0
    endloop
  endfacet
  facet normal 0 0 -1
    outer loop
      vertex 23.6181 32.128 0
      vertex 5.30421 119.013 0
      vertex 5.5 119 0
    endloop
  endfacet
  facet normal 0 0 -1
    outer loop
      vertex 2.51877 -67 0
      vertex 6.23841 -77.9577 0
      vertex 4.93032 -76 0
    endloop
  endfacet
  facet normal 0 0 -1
    outer loop
      vertex 23.6181 32.128 0
      vertex 0 119.53 0
      vertex 5.30421 119.013 0
    endloop
  endfacet
  facet normal 0 0 -1
    outer loop
      vertex 5.30421 119.013 0
      vertex 0 119.53 0
      vertex 5.11177 119.051 0
    endloop
  endfacet
  facet normal 0 0 -1
    outer loop
      vertex 5.11177 119.051 0
      vertex 0 119.53 0
      vertex 4.92597 119.114 0
    endloop
  endfacet
  facet normal 0 0 -1
    outer loop
      vertex 4.92597 119.114 0
      vertex 0 119.53 0
      vertex 4.75 119.201 0
    endloop
  endfacet
  facet normal 0 0 -1
    outer loop
      vertex 4.75 119.201 0
      vertex 0 119.53 0
      vertex 4.58686 119.31 0
    endloop
  endfacet
  facet normal 0 0 -1
    outer loop
      vertex 4.58686 119.31 0
      vertex 0 119.53 0
      vertex 4.43934 119.439 0
    endloop
  endfacet
  facet normal 0 0 -1
    outer loop
      vertex 4.43934 119.439 0
      vertex 0 119.53 0
      vertex 4.30997 119.587 0
    endloop
  endfacet
  facet normal -0 0 -1
    outer loop
      vertex 4.30997 119.587 0
      vertex 0 119.53 0
      vertex 4.20096 119.75 0
    endloop
  endfacet
  facet normal -0 0 -1
    outer loop
      vertex 4.20096 119.75 0
      vertex 0 119.53 0
      vertex 4.11418 119.926 0
    endloop
  endfacet
  facet normal -0 0 -1
    outer loop
      vertex 4.11418 119.926 0
      vertex 0 119.53 0
      vertex 4.05111 120.112 0
    endloop
  endfacet
  facet normal 0 0 -1
    outer loop
      vertex 2.51877 -67 0
      vertex 4.93032 -76 0
      vertex 3.88894 -73.8883 0
    endloop
  endfacet
  facet normal -0 0 -1
    outer loop
      vertex 61.4608 57.579 0
      vertex 25.6666 32.9765 0
      vertex 61.3914 57.7198 0
    endloop
  endfacet
  facet normal 0 0 -1
    outer loop
      vertex 61.3103 58.3356 0
      vertex 26.0078 89.1224 0
      vertex 26.0181 89.279 0
    endloop
  endfacet
  facet normal 0 0 -1
    outer loop
      vertex 25.5486 33.08 0
      vertex 61.3914 57.7198 0
      vertex 25.6666 32.9765 0
    endloop
  endfacet
  facet normal 0 0 -1
    outer loop
      vertex 61.3103 58.3356 0
      vertex 25.9772 88.9684 0
      vertex 26.0078 89.1224 0
    endloop
  endfacet
  facet normal -0 0 -1
    outer loop
      vertex 61.3914 57.7198 0
      vertex 25.5486 33.08 0
      vertex 61.3409 57.8684 0
    endloop
  endfacet
  facet normal 0 0 -1
    outer loop
      vertex 61.3103 58.3356 0
      vertex 25.9267 88.8198 0
      vertex 25.9772 88.9684 0
    endloop
  endfacet
  facet normal 0 0 -1
    outer loop
      vertex 25.4181 33.1672 0
      vertex 61.3409 57.8684 0
      vertex 25.5486 33.08 0
    endloop
  endfacet
  facet normal 0 0 -1
    outer loop
      vertex 61.3103 58.3356 0
      vertex 25.8573 88.679 0
      vertex 25.9267 88.8198 0
    endloop
  endfacet
  facet normal -0 0 -1
    outer loop
      vertex 61.3409 57.8684 0
      vertex 25.4181 33.1672 0
      vertex 61.3103 58.0224 0
    endloop
  endfacet
  facet normal 0 0 -1
    outer loop
      vertex 61.3103 58.3356 0
      vertex 25.7701 88.5485 0
      vertex 25.8573 88.679 0
    endloop
  endfacet
  facet normal 0 0 -1
    outer loop
      vertex 25.2773 33.2367 0
      vertex 61.3103 58.0224 0
      vertex 25.4181 33.1672 0
    endloop
  endfacet
  facet normal 0 0 -1
    outer loop
      vertex 61.3103 58.3356 0
      vertex 25.6666 88.4305 0
      vertex 25.7701 88.5485 0
    endloop
  endfacet
  facet normal -0 0 -1
    outer loop
      vertex 61.3103 58.0224 0
      vertex 25.2773 33.2367 0
      vertex 61.3001 58.179 0
    endloop
  endfacet
  facet normal 0 0 -1
    outer loop
      vertex 61.3103 58.3356 0
      vertex 25.5486 88.327 0
      vertex 25.6666 88.4305 0
    endloop
  endfacet
  facet normal 0 0 -1
    outer loop
      vertex 25.1286 33.2871 0
      vertex 61.3001 58.179 0
      vertex 25.2773 33.2367 0
    endloop
  endfacet
  facet normal 0 0 -1
    outer loop
      vertex 61.3103 58.3356 0
      vertex 25.4181 88.2398 0
      vertex 25.5486 88.327 0
    endloop
  endfacet
  facet normal -0 0 -1
    outer loop
      vertex 61.3001 58.179 0
      vertex 25.1286 33.2871 0
      vertex 61.3103 58.3356 0
    endloop
  endfacet
  facet normal 0 0 -1
    outer loop
      vertex 61.3103 58.3356 0
      vertex 25.2773 88.1703 0
      vertex 25.4181 88.2398 0
    endloop
  endfacet
  facet normal 0 0 -1
    outer loop
      vertex 25.1286 88.1199 0
      vertex 61.3103 58.3356 0
      vertex 25.1286 33.2871 0
    endloop
  endfacet
  facet normal 0 0 -1
    outer loop
      vertex 61.3103 58.3356 0
      vertex 25.1286 88.1199 0
      vertex 25.2773 88.1703 0
    endloop
  endfacet
  facet normal 0 0 -1
    outer loop
      vertex 24.9747 33.3177 0
      vertex 25.1286 88.1199 0
      vertex 25.1286 33.2871 0
    endloop
  endfacet
  facet normal 0 0 -1
    outer loop
      vertex 24.9747 33.3177 0
      vertex 24.9747 88.0893 0
      vertex 25.1286 88.1199 0
    endloop
  endfacet
  facet normal 0 0 -1
    outer loop
      vertex 24.8181 33.328 0
      vertex 24.9747 88.0893 0
      vertex 24.9747 33.3177 0
    endloop
  endfacet
  facet normal 0 0 -1
    outer loop
      vertex 24.8181 33.328 0
      vertex 24.8181 88.079 0
      vertex 24.9747 88.0893 0
    endloop
  endfacet
  facet normal 0 0 -1
    outer loop
      vertex 24.6614 33.3177 0
      vertex 24.8181 88.079 0
      vertex 24.8181 33.328 0
    endloop
  endfacet
  facet normal 0 0 -1
    outer loop
      vertex 24.6614 33.3177 0
      vertex 24.6614 88.0893 0
      vertex 24.8181 88.079 0
    endloop
  endfacet
  facet normal 0 0 -1
    outer loop
      vertex 24.5075 33.2871 0
      vertex 24.6614 88.0893 0
      vertex 24.6614 33.3177 0
    endloop
  endfacet
  facet normal 0 0 -1
    outer loop
      vertex 24.5075 33.2871 0
      vertex 24.5075 88.1199 0
      vertex 24.6614 88.0893 0
    endloop
  endfacet
  facet normal 0 0 -1
    outer loop
      vertex 24.3588 33.2367 0
      vertex 24.5075 88.1199 0
      vertex 24.5075 33.2871 0
    endloop
  endfacet
  facet normal 0 0 -1
    outer loop
      vertex 24.3588 33.2367 0
      vertex 24.3588 88.1703 0
      vertex 24.5075 88.1199 0
    endloop
  endfacet
  facet normal 0 0 -1
    outer loop
      vertex 24.2181 33.1672 0
      vertex 24.3588 88.1703 0
      vertex 24.3588 33.2367 0
    endloop
  endfacet
  facet normal 0 0 -1
    outer loop
      vertex 24.2181 33.1672 0
      vertex 24.2181 88.2398 0
      vertex 24.3588 88.1703 0
    endloop
  endfacet
  facet normal 0 0 -1
    outer loop
      vertex 24.0875 33.08 0
      vertex 24.2181 88.2398 0
      vertex 24.2181 33.1672 0
    endloop
  endfacet
  facet normal 0 0 -1
    outer loop
      vertex 24.0875 33.08 0
      vertex 24.0875 88.327 0
      vertex 24.2181 88.2398 0
    endloop
  endfacet
  facet normal 0 0 -1
    outer loop
      vertex 23.9695 32.9765 0
      vertex 24.0875 88.327 0
      vertex 24.0875 33.08 0
    endloop
  endfacet
  facet normal 0 0 -1
    outer loop
      vertex 23.9695 32.9765 0
      vertex 23.9695 88.4305 0
      vertex 24.0875 88.327 0
    endloop
  endfacet
  facet normal 0 0 -1
    outer loop
      vertex 23.866 32.8585 0
      vertex 23.9695 88.4305 0
      vertex 23.9695 32.9765 0
    endloop
  endfacet
  facet normal 0 0 -1
    outer loop
      vertex 23.866 32.8585 0
      vertex 23.866 88.5485 0
      vertex 23.9695 88.4305 0
    endloop
  endfacet
  facet normal 0 0 -1
    outer loop
      vertex 23.7788 32.728 0
      vertex 23.866 88.5485 0
      vertex 23.866 32.8585 0
    endloop
  endfacet
  facet normal 0 0 -1
    outer loop
      vertex 23.7788 32.728 0
      vertex 23.7788 88.679 0
      vertex 23.866 88.5485 0
    endloop
  endfacet
  facet normal 0 0 -1
    outer loop
      vertex 23.7094 32.5872 0
      vertex 23.7788 88.679 0
      vertex 23.7788 32.728 0
    endloop
  endfacet
  facet normal 0 0 -1
    outer loop
      vertex 23.7094 32.5872 0
      vertex 23.7094 88.8198 0
      vertex 23.7788 88.679 0
    endloop
  endfacet
  facet normal 0 0 -1
    outer loop
      vertex 23.6589 32.4386 0
      vertex 23.7094 88.8198 0
      vertex 23.7094 32.5872 0
    endloop
  endfacet
  facet normal 0 0 -1
    outer loop
      vertex 23.6589 32.4386 0
      vertex 23.6589 88.9684 0
      vertex 23.7094 88.8198 0
    endloop
  endfacet
  facet normal 0 0 -1
    outer loop
      vertex 23.6283 32.2846 0
      vertex 23.6589 88.9684 0
      vertex 23.6589 32.4386 0
    endloop
  endfacet
  facet normal 0 0 -1
    outer loop
      vertex 23.6283 32.2846 0
      vertex 23.6283 89.1224 0
      vertex 23.6589 88.9684 0
    endloop
  endfacet
  facet normal 0 0 -1
    outer loop
      vertex 18.9872 120.304 0
      vertex 23.6283 32.2846 0
      vertex 23.6181 32.128 0
    endloop
  endfacet
  facet normal 0 0 -1
    outer loop
      vertex 18.9872 120.304 0
      vertex 23.6283 89.1224 0
      vertex 23.6283 32.2846 0
    endloop
  endfacet
  facet normal -0 0 -1
    outer loop
      vertex 73.2459 20.6254 0
      vertex 68.139 17.2679 0
      vertex 72.8099 21.278 0
    endloop
  endfacet
  facet normal 0 0 -1
    outer loop
      vertex 72.0061 24.278 0
      vertex 68.5371 32.0953 0
      vertex 68.5491 32.278 0
    endloop
  endfacet
  facet normal 0 0 -1
    outer loop
      vertex 68.0013 17.3887 0
      vertex 72.8099 21.278 0
      vertex 68.139 17.2679 0
    endloop
  endfacet
  facet normal 0 0 -1
    outer loop
      vertex 72.0061 24.278 0
      vertex 68.5014 31.9157 0
      vertex 68.5371 32.0953 0
    endloop
  endfacet
  facet normal 0 0 -1
    outer loop
      vertex 67.8491 17.4904 0
      vertex 72.8099 21.278 0
      vertex 68.0013 17.3887 0
    endloop
  endfacet
  facet normal 0 0 -1
    outer loop
      vertex 72.0061 24.278 0
      vertex 68.4425 31.7422 0
      vertex 68.5014 31.9157 0
    endloop
  endfacet
  facet normal -0 0 -1
    outer loop
      vertex 72.8099 21.278 0
      vertex 67.8491 17.4904 0
      vertex 72.4628 21.9819 0
    endloop
  endfacet
  facet normal 0 0 -1
    outer loop
      vertex 72.0061 24.278 0
      vertex 68.3615 31.578 0
      vertex 68.4425 31.7422 0
    endloop
  endfacet
  facet normal 0 0 -1
    outer loop
      vertex 67.6848 17.5714 0
      vertex 72.4628 21.9819 0
      vertex 67.8491 17.4904 0
    endloop
  endfacet
  facet normal 0 0 -1
    outer loop
      vertex 72.0061 24.278 0
      vertex 68.2598 31.4257 0
      vertex 68.3615 31.578 0
    endloop
  endfacet
  facet normal -0 0 -1
    outer loop
      vertex 72.4628 21.9819 0
      vertex 67.6848 17.5714 0
      vertex 72.2105 22.7251 0
    endloop
  endfacet
  facet normal 0 0 -1
    outer loop
      vertex 72.0061 24.278 0
      vertex 68.139 31.288 0
      vertex 68.2598 31.4257 0
    endloop
  endfacet
  facet normal 0 0 -1
    outer loop
      vertex 67.5114 17.6303 0
      vertex 72.2105 22.7251 0
      vertex 67.6848 17.5714 0
    endloop
  endfacet
  facet normal 0 0 -1
    outer loop
      vertex 72.0061 24.278 0
      vertex 68.0013 31.1673 0
      vertex 68.139 31.288 0
    endloop
  endfacet
  facet normal 0 0 -1
    outer loop
      vertex 67.3318 17.666 0
      vertex 72.2105 22.7251 0
      vertex 67.5114 17.6303 0
    endloop
  endfacet
  facet normal 0 0 -1
    outer loop
      vertex 72.0061 24.278 0
      vertex 67.8491 31.0656 0
      vertex 68.0013 31.1673 0
    endloop
  endfacet
  facet normal -0 0 -1
    outer loop
      vertex 72.2105 22.7251 0
      vertex 67.3318 17.666 0
      vertex 72.0574 23.4948 0
    endloop
  endfacet
  facet normal 0 0 -1
    outer loop
      vertex 72.0061 24.278 0
      vertex 67.6848 30.9846 0
      vertex 67.8491 31.0656 0
    endloop
  endfacet
  facet normal 0 0 -1
    outer loop
      vertex 67.1491 17.678 0
      vertex 72.0574 23.4948 0
      vertex 67.3318 17.666 0
    endloop
  endfacet
  facet normal 0 0 -1
    outer loop
      vertex 72.0061 24.278 0
      vertex 67.5114 30.9257 0
      vertex 67.6848 30.9846 0
    endloop
  endfacet
  facet normal 0 0 -1
    outer loop
      vertex 66.9663 17.666 0
      vertex 72.0574 23.4948 0
      vertex 67.1491 17.678 0
    endloop
  endfacet
  facet normal 0 0 -1
    outer loop
      vertex 72.0061 24.278 0
      vertex 67.3318 30.89 0
      vertex 67.5114 30.9257 0
    endloop
  endfacet
  facet normal -0 0 -1
    outer loop
      vertex 72.0574 23.4948 0
      vertex 66.9663 17.666 0
      vertex 72.0061 24.278 0
    endloop
  endfacet
  facet normal 0 0 -1
    outer loop
      vertex 72.0061 24.278 0
      vertex 67.1491 30.878 0
      vertex 67.3318 30.89 0
    endloop
  endfacet
  facet normal 0 0 -1
    outer loop
      vertex 66.7867 17.6303 0
      vertex 72.0061 24.278 0
      vertex 66.9663 17.666 0
    endloop
  endfacet
  facet normal 0 0 -1
    outer loop
      vertex 72.0061 24.278 0
      vertex 66.9663 30.89 0
      vertex 67.1491 30.878 0
    endloop
  endfacet
  facet normal 0 0 -1
    outer loop
      vertex 66.7867 30.9257 0
      vertex 72.0061 24.278 0
      vertex 66.7867 17.6303 0
    endloop
  endfacet
  facet normal 0 0 -1
    outer loop
      vertex 72.0061 24.278 0
      vertex 66.7867 30.9257 0
      vertex 66.9663 30.89 0
    endloop
  endfacet
  facet normal 0 0 -1
    outer loop
      vertex 66.6133 17.5714 0
      vertex 66.7867 30.9257 0
      vertex 66.7867 17.6303 0
    endloop
  endfacet
  facet normal 0 0 -1
    outer loop
      vertex 66.6133 17.5714 0
      vertex 66.6133 30.9846 0
      vertex 66.7867 30.9257 0
    endloop
  endfacet
  facet normal 0 0 -1
    outer loop
      vertex 66.4491 17.4904 0
      vertex 66.6133 30.9846 0
      vertex 66.6133 17.5714 0
    endloop
  endfacet
  facet normal 0 0 -1
    outer loop
      vertex 66.4491 17.4904 0
      vertex 66.4491 31.0656 0
      vertex 66.6133 30.9846 0
    endloop
  endfacet
  facet normal 0 0 -1
    outer loop
      vertex 66.2968 17.3887 0
      vertex 66.4491 31.0656 0
      vertex 66.4491 17.4904 0
    endloop
  endfacet
  facet normal 0 0 -1
    outer loop
      vertex 66.2968 17.3887 0
      vertex 66.2968 31.1673 0
      vertex 66.4491 31.0656 0
    endloop
  endfacet
  facet normal 0 0 -1
    outer loop
      vertex 66.1591 17.2679 0
      vertex 66.2968 31.1673 0
      vertex 66.2968 17.3887 0
    endloop
  endfacet
  facet normal 0 0 -1
    outer loop
      vertex 66.1591 17.2679 0
      vertex 66.1591 31.288 0
      vertex 66.2968 31.1673 0
    endloop
  endfacet
  facet normal 0 0 -1
    outer loop
      vertex 66.0384 17.1303 0
      vertex 66.1591 31.288 0
      vertex 66.1591 17.2679 0
    endloop
  endfacet
  facet normal 0 0 -1
    outer loop
      vertex 66.0384 17.1303 0
      vertex 66.0384 31.4257 0
      vertex 66.1591 31.288 0
    endloop
  endfacet
  facet normal 0 0 -1
    outer loop
      vertex 65.9366 16.978 0
      vertex 66.0384 31.4257 0
      vertex 66.0384 17.1303 0
    endloop
  endfacet
  facet normal 0 0 -1
    outer loop
      vertex 65.9366 16.978 0
      vertex 65.9366 31.578 0
      vertex 66.0384 31.4257 0
    endloop
  endfacet
  facet normal 0 0 -1
    outer loop
      vertex 65.8556 16.8138 0
      vertex 65.9366 31.578 0
      vertex 65.9366 16.978 0
    endloop
  endfacet
  facet normal 0 0 -1
    outer loop
      vertex 65.8556 16.8138 0
      vertex 65.8556 31.7422 0
      vertex 65.9366 31.578 0
    endloop
  endfacet
  facet normal 0 0 -1
    outer loop
      vertex 25.9267 31.6688 0
      vertex 65.8556 16.8138 0
      vertex 65.7968 16.6403 0
    endloop
  endfacet
  facet normal 0 0 -1
    outer loop
      vertex 65.8556 16.8138 0
      vertex 25.9267 31.6688 0
      vertex 65.8556 31.7422 0
    endloop
  endfacet
  facet normal 0 0 -1
    outer loop
      vertex 25.8573 31.528 0
      vertex 65.7968 16.6403 0
      vertex 65.761 16.4607 0
    endloop
  endfacet
  facet normal -0 0 -1
    outer loop
      vertex 65.8556 31.7422 0
      vertex 25.9267 31.6688 0
      vertex 65.7968 31.9157 0
    endloop
  endfacet
  facet normal 0 0 -1
    outer loop
      vertex 25.7701 31.3975 0
      vertex 65.761 16.4607 0
      vertex 65.7491 16.278 0
    endloop
  endfacet
  facet normal 0 -0 -1
    outer loop
      vertex 25.9772 31.8174 0
      vertex 65.7968 31.9157 0
      vertex 25.9267 31.6688 0
    endloop
  endfacet
  facet normal 0 0 -1
    outer loop
      vertex 125.757 17.5044 0
      vertex 83.9547 23.4948 0
      vertex 84.0061 24.278 0
    endloop
  endfacet
  facet normal 0 0 -1
    outer loop
      vertex 100.218 -83.6298 0
      vertex 83.8016 22.7251 0
      vertex 83.9547 23.4948 0
    endloop
  endfacet
  facet normal 0 0 -1
    outer loop
      vertex 100.218 -83.6298 0
      vertex 83.5493 21.9819 0
      vertex 83.8016 22.7251 0
    endloop
  endfacet
  facet normal 0 0 -1
    outer loop
      vertex 100.218 -83.6298 0
      vertex 83.2022 21.278 0
      vertex 83.5493 21.9819 0
    endloop
  endfacet
  facet normal 0 0 -1
    outer loop
      vertex 100.218 -83.6298 0
      vertex 82.7662 20.6254 0
      vertex 83.2022 21.278 0
    endloop
  endfacet
  facet normal 0 0 -1
    outer loop
      vertex 100.218 -83.6298 0
      vertex 82.2487 20.0354 0
      vertex 82.7662 20.6254 0
    endloop
  endfacet
  facet normal 0 0 -1
    outer loop
      vertex 100.218 -83.6298 0
      vertex 81.6586 19.5179 0
      vertex 82.2487 20.0354 0
    endloop
  endfacet
  facet normal 0 0 -1
    outer loop
      vertex 100.218 -83.6298 0
      vertex 81.0061 19.0818 0
      vertex 81.6586 19.5179 0
    endloop
  endfacet
  facet normal 0 0 -1
    outer loop
      vertex 100.218 -83.6298 0
      vertex 80.3022 18.7347 0
      vertex 81.0061 19.0818 0
    endloop
  endfacet
  facet normal 0 0 -1
    outer loop
      vertex 100.218 -83.6298 0
      vertex 79.559 18.4824 0
      vertex 80.3022 18.7347 0
    endloop
  endfacet
  facet normal 0 0 -1
    outer loop
      vertex 100.218 -83.6298 0
      vertex 78.7892 18.3293 0
      vertex 79.559 18.4824 0
    endloop
  endfacet
  facet normal 0 0 -1
    outer loop
      vertex 100.218 -83.6298 0
      vertex 67.6848 14.9846 0
      vertex 78.7892 18.3293 0
    endloop
  endfacet
  facet normal 0 -0 -1
    outer loop
      vertex 67.8491 15.0656 0
      vertex 78.7892 18.3293 0
      vertex 67.6848 14.9846 0
    endloop
  endfacet
  facet normal 0 0 -1
    outer loop
      vertex 78.7892 18.3293 0
      vertex 67.8491 15.0656 0
      vertex 78.0061 18.278 0
    endloop
  endfacet
  facet normal -0 0 -1
    outer loop
      vertex 78.0061 18.278 0
      vertex 68.0013 15.1673 0
      vertex 77.2229 18.3293 0
    endloop
  endfacet
  facet normal 0 -0 -1
    outer loop
      vertex 68.139 15.288 0
      vertex 77.2229 18.3293 0
      vertex 68.0013 15.1673 0
    endloop
  endfacet
  facet normal -0 0 -1
    outer loop
      vertex 77.2229 18.3293 0
      vertex 68.2598 15.4257 0
      vertex 76.4531 18.4824 0
    endloop
  endfacet
  facet normal 0 -0 -1
    outer loop
      vertex 68.3615 15.578 0
      vertex 76.4531 18.4824 0
      vertex 68.2598 15.4257 0
    endloop
  endfacet
  facet normal 0 -0 -1
    outer loop
      vertex 68.4425 15.7422 0
      vertex 75.71 18.7347 0
      vertex 68.3615 15.578 0
    endloop
  endfacet
  facet normal -0 0 -1
    outer loop
      vertex 75.71 18.7347 0
      vertex 68.5014 15.9157 0
      vertex 75.0061 19.0818 0
    endloop
  endfacet
  facet normal 0 -0 -1
    outer loop
      vertex 68.5371 16.0953 0
      vertex 75.0061 19.0818 0
      vertex 68.5014 15.9157 0
    endloop
  endfacet
  facet normal -0 0 -1
    outer loop
      vertex 75.0061 19.0818 0
      vertex 68.5491 16.278 0
      vertex 74.3535 19.5179 0
    endloop
  endfacet
  facet normal -0 0 -1
    outer loop
      vertex 74.3535 19.5179 0
      vertex 68.5371 16.4607 0
      vertex 73.7634 20.0354 0
    endloop
  endfacet
  facet normal 0 0 -1
    outer loop
      vertex 68.2598 17.1303 0
      vertex 73.2459 20.6254 0
      vertex 68.3615 16.978 0
    endloop
  endfacet
  facet normal 0 0 -1
    outer loop
      vertex 68.5014 16.6403 0
      vertex 73.7634 20.0354 0
      vertex 68.5371 16.4607 0
    endloop
  endfacet
  facet normal 0 0 -1
    outer loop
      vertex 68.3615 16.978 0
      vertex 73.2459 20.6254 0
      vertex 68.4425 16.8138 0
    endloop
  endfacet
  facet normal -0 0 -1
    outer loop
      vertex 73.7634 20.0354 0
      vertex 68.4425 16.8138 0
      vertex 73.2459 20.6254 0
    endloop
  endfacet
  facet normal 0 0 -1
    outer loop
      vertex 68.4425 16.8138 0
      vertex 73.7634 20.0354 0
      vertex 68.5014 16.6403 0
    endloop
  endfacet
  facet normal 0 0 -1
    outer loop
      vertex 68.5371 16.4607 0
      vertex 74.3535 19.5179 0
      vertex 68.5491 16.278 0
    endloop
  endfacet
  facet normal 0 -0 -1
    outer loop
      vertex 68.5491 16.278 0
      vertex 75.0061 19.0818 0
      vertex 68.5371 16.0953 0
    endloop
  endfacet
  facet normal 0 -0 -1
    outer loop
      vertex 68.5014 15.9157 0
      vertex 75.71 18.7347 0
      vertex 68.4425 15.7422 0
    endloop
  endfacet
  facet normal -0 0 -1
    outer loop
      vertex 76.4531 18.4824 0
      vertex 68.3615 15.578 0
      vertex 75.71 18.7347 0
    endloop
  endfacet
  facet normal 0 -0 -1
    outer loop
      vertex 68.2598 15.4257 0
      vertex 77.2229 18.3293 0
      vertex 68.139 15.288 0
    endloop
  endfacet
  facet normal 0 -0 -1
    outer loop
      vertex 68.0013 15.1673 0
      vertex 78.0061 18.278 0
      vertex 67.8491 15.0656 0
    endloop
  endfacet
  facet normal 0 0 -1
    outer loop
      vertex 93.3298 -85 0
      vertex 67.5114 14.9257 0
      vertex 67.6848 14.9846 0
    endloop
  endfacet
  facet normal 0 0 -1
    outer loop
      vertex 93.3298 -85 0
      vertex 67.3318 14.89 0
      vertex 67.5114 14.9257 0
    endloop
  endfacet
  facet normal 0 0 -1
    outer loop
      vertex 93.3298 -85 0
      vertex 67.1491 14.878 0
      vertex 67.3318 14.89 0
    endloop
  endfacet
  facet normal 0 0 -1
    outer loop
      vertex 93.3298 -85 0
      vertex 66.9663 14.89 0
      vertex 67.1491 14.878 0
    endloop
  endfacet
  facet normal 0 0 -1
    outer loop
      vertex 20.5188 -85 0
      vertex 66.9663 14.89 0
      vertex 93.3298 -85 0
    endloop
  endfacet
  facet normal -0 0 -1
    outer loop
      vertex 66.9663 14.89 0
      vertex 20.5188 -85 0
      vertex 66.7867 14.9257 0
    endloop
  endfacet
  facet normal -0 0 -1
    outer loop
      vertex 66.7867 14.9257 0
      vertex 20.5188 -85 0
      vertex 66.6133 14.9846 0
    endloop
  endfacet
  facet normal -0 0 -1
    outer loop
      vertex 66.6133 14.9846 0
      vertex 20.5188 -85 0
      vertex 66.4491 15.0656 0
    endloop
  endfacet
  facet normal 0 0 -1
    outer loop
      vertex 0 6 0
      vertex 66.4491 15.0656 0
      vertex 20.5188 -85 0
    endloop
  endfacet
  facet normal -0 0 -1
    outer loop
      vertex 66.4491 15.0656 0
      vertex 0 6 0
      vertex 66.2968 15.1673 0
    endloop
  endfacet
  facet normal -0 0 -1
    outer loop
      vertex 66.2968 15.1673 0
      vertex 0 6 0
      vertex 66.1591 15.288 0
    endloop
  endfacet
  facet normal 0 0 -1
    outer loop
      vertex 25.1286 30.9689 0
      vertex 0 6 0
      vertex 24.9747 30.9383 0
    endloop
  endfacet
  facet normal 0 0 -1
    outer loop
      vertex 0 6 0
      vertex 66.0384 15.4257 0
      vertex 66.1591 15.288 0
    endloop
  endfacet
  facet normal -0 0 -1
    outer loop
      vertex 65.7968 31.9157 0
      vertex 25.9772 31.8174 0
      vertex 65.761 32.0953 0
    endloop
  endfacet
  facet normal 0 -0 -1
    outer loop
      vertex 64.5268 100.823 0
      vertex 65.7491 32.278 0
      vertex 63.7001 58.179 0
    endloop
  endfacet
  facet normal 0 0 -1
    outer loop
      vertex 65.7491 32.278 0
      vertex 64.5268 100.823 0
      vertex 64.5371 100.98 0
    endloop
  endfacet
  facet normal 0 0 -1
    outer loop
      vertex 63.6898 58.3356 0
      vertex 64.5268 100.823 0
      vertex 63.7001 58.179 0
    endloop
  endfacet
  facet normal 0 0 -1
    outer loop
      vertex 64.5268 100.823 0
      vertex 63.6898 58.3356 0
      vertex 64.4962 100.669 0
    endloop
  endfacet
  facet normal 0 0 -1
    outer loop
      vertex 63.6592 58.4896 0
      vertex 64.4962 100.669 0
      vertex 63.6898 58.3356 0
    endloop
  endfacet
  facet normal 0 0 -1
    outer loop
      vertex 64.4962 100.669 0
      vertex 63.6592 58.4896 0
      vertex 64.4457 100.521 0
    endloop
  endfacet
  facet normal 0 0 -1
    outer loop
      vertex 63.6087 58.6382 0
      vertex 64.4457 100.521 0
      vertex 63.6592 58.4896 0
    endloop
  endfacet
  facet normal 0 0 -1
    outer loop
      vertex 64.4457 100.521 0
      vertex 63.6087 58.6382 0
      vertex 64.3763 100.38 0
    endloop
  endfacet
  facet normal 0 0 -1
    outer loop
      vertex 63.5393 58.779 0
      vertex 64.3763 100.38 0
      vertex 63.6087 58.6382 0
    endloop
  endfacet
  facet normal 0 0 -1
    outer loop
      vertex 64.3763 100.38 0
      vertex 63.5393 58.779 0
      vertex 64.2891 100.249 0
    endloop
  endfacet
  facet normal 0 0 -1
    outer loop
      vertex 65.7491 32.278 0
      vertex 63.6898 58.0224 0
      vertex 63.7001 58.179 0
    endloop
  endfacet
  facet normal 0 0 -1
    outer loop
      vertex 65.7491 32.278 0
      vertex 63.6592 57.8684 0
      vertex 63.6898 58.0224 0
    endloop
  endfacet
  facet normal 0 0 -1
    outer loop
      vertex 65.7491 32.278 0
      vertex 63.6087 57.7198 0
      vertex 63.6592 57.8684 0
    endloop
  endfacet
  facet normal 0 0 -1
    outer loop
      vertex 65.7491 32.278 0
      vertex 63.5393 57.579 0
      vertex 63.6087 57.7198 0
    endloop
  endfacet
  facet normal 0 0 -1
    outer loop
      vertex 65.7491 32.278 0
      vertex 63.4521 57.4485 0
      vertex 63.5393 57.579 0
    endloop
  endfacet
  facet normal 0 0 -1
    outer loop
      vertex 65.7491 32.278 0
      vertex 63.3486 57.3305 0
      vertex 63.4521 57.4485 0
    endloop
  endfacet
  facet normal 0 0 -1
    outer loop
      vertex 65.7491 32.278 0
      vertex 63.2306 57.227 0
      vertex 63.3486 57.3305 0
    endloop
  endfacet
  facet normal 0 0 -1
    outer loop
      vertex 65.7491 32.278 0
      vertex 63.1001 57.1398 0
      vertex 63.2306 57.227 0
    endloop
  endfacet
  facet normal 0 0 -1
    outer loop
      vertex 65.7491 32.278 0
      vertex 62.9593 57.0703 0
      vertex 63.1001 57.1398 0
    endloop
  endfacet
  facet normal 0 0 -1
    outer loop
      vertex 25.6666 31.2795 0
      vertex 65.7491 16.278 0
      vertex 65.761 16.0953 0
    endloop
  endfacet
  facet normal 0 0 -1
    outer loop
      vertex 65.7491 32.278 0
      vertex 62.8106 57.0199 0
      vertex 62.9593 57.0703 0
    endloop
  endfacet
  facet normal 0 0 -1
    outer loop
      vertex 65.7491 32.278 0
      vertex 62.6567 56.9893 0
      vertex 62.8106 57.0199 0
    endloop
  endfacet
  facet normal 0 0 -1
    outer loop
      vertex 65.7491 32.278 0
      vertex 62.5001 56.979 0
      vertex 62.6567 56.9893 0
    endloop
  endfacet
  facet normal 0 0 -1
    outer loop
      vertex 65.7491 32.278 0
      vertex 62.3434 56.9893 0
      vertex 62.5001 56.979 0
    endloop
  endfacet
  facet normal 0 0 -1
    outer loop
      vertex 65.7491 32.278 0
      vertex 62.1895 57.0199 0
      vertex 62.3434 56.9893 0
    endloop
  endfacet
  facet normal 0 0 -1
    outer loop
      vertex 65.7491 32.278 0
      vertex 62.0408 57.0703 0
      vertex 62.1895 57.0199 0
    endloop
  endfacet
  facet normal 0 0 -1
    outer loop
      vertex 65.7491 32.278 0
      vertex 61.9001 57.1398 0
      vertex 62.0408 57.0703 0
    endloop
  endfacet
  facet normal 0 0 -1
    outer loop
      vertex 26.0078 32.2846 0
      vertex 65.7491 32.278 0
      vertex 26.0181 32.128 0
    endloop
  endfacet
  facet normal 0 0 -1
    outer loop
      vertex 65.7491 32.278 0
      vertex 61.7695 57.227 0
      vertex 61.9001 57.1398 0
    endloop
  endfacet
  facet normal 0 0 -1
    outer loop
      vertex 65.7491 32.278 0
      vertex 61.6515 57.3305 0
      vertex 61.7695 57.227 0
    endloop
  endfacet
  facet normal 0 0 -1
    outer loop
      vertex 25.9772 32.4386 0
      vertex 65.7491 32.278 0
      vertex 26.0078 32.2846 0
    endloop
  endfacet
  facet normal 0 0 -1
    outer loop
      vertex 25.9267 32.5872 0
      vertex 65.7491 32.278 0
      vertex 25.9772 32.4386 0
    endloop
  endfacet
  facet normal 0 0 -1
    outer loop
      vertex 65.7491 32.278 0
      vertex 25.9267 32.5872 0
      vertex 61.6515 57.3305 0
    endloop
  endfacet
  facet normal 0 0 -1
    outer loop
      vertex 25.8573 32.728 0
      vertex 61.6515 57.3305 0
      vertex 25.9267 32.5872 0
    endloop
  endfacet
  facet normal 0 0 -1
    outer loop
      vertex 25.7701 32.8585 0
      vertex 61.548 57.4485 0
      vertex 25.8573 32.728 0
    endloop
  endfacet
  facet normal -0 0 -1
    outer loop
      vertex 61.6515 57.3305 0
      vertex 25.8573 32.728 0
      vertex 61.548 57.4485 0
    endloop
  endfacet
  facet normal 0 0 -1
    outer loop
      vertex 25.5486 31.176 0
      vertex 65.761 16.0953 0
      vertex 65.7968 15.9157 0
    endloop
  endfacet
  facet normal -0 0 -1
    outer loop
      vertex 65.9366 15.578 0
      vertex 0 6 0
      vertex 25.1286 30.9689 0
    endloop
  endfacet
  facet normal 0 0 -1
    outer loop
      vertex 65.7491 32.278 0
      vertex 26.0078 31.9714 0
      vertex 26.0181 32.128 0
    endloop
  endfacet
  facet normal -0 0 -1
    outer loop
      vertex 65.761 32.0953 0
      vertex 26.0078 31.9714 0
      vertex 65.7491 32.278 0
    endloop
  endfacet
  facet normal 0 -0 -1
    outer loop
      vertex 26.0078 31.9714 0
      vertex 65.761 32.0953 0
      vertex 25.9772 31.8174 0
    endloop
  endfacet
  facet normal 0 0 -1
    outer loop
      vertex 65.7968 16.6403 0
      vertex 25.8573 31.528 0
      vertex 25.9267 31.6688 0
    endloop
  endfacet
  facet normal 0 0 -1
    outer loop
      vertex 65.761 16.4607 0
      vertex 25.7701 31.3975 0
      vertex 25.8573 31.528 0
    endloop
  endfacet
  facet normal 0 0 -1
    outer loop
      vertex 65.7491 16.278 0
      vertex 25.6666 31.2795 0
      vertex 25.7701 31.3975 0
    endloop
  endfacet
  facet normal 0 0 -1
    outer loop
      vertex 65.761 16.0953 0
      vertex 25.5486 31.176 0
      vertex 25.6666 31.2795 0
    endloop
  endfacet
  facet normal 0 0 -1
    outer loop
      vertex 65.7968 15.9157 0
      vertex 25.4181 31.0888 0
      vertex 25.5486 31.176 0
    endloop
  endfacet
  facet normal 0 0 -1
    outer loop
      vertex 0 6 0
      vertex 65.9366 15.578 0
      vertex 66.0384 15.4257 0
    endloop
  endfacet
  facet normal 0 0 -1
    outer loop
      vertex 65.8556 15.7422 0
      vertex 25.4181 31.0888 0
      vertex 65.7968 15.9157 0
    endloop
  endfacet
  facet normal 0 -0 -1
    outer loop
      vertex 25.4181 31.0888 0
      vertex 65.8556 15.7422 0
      vertex 25.2773 31.0193 0
    endloop
  endfacet
  facet normal 0 0 -1
    outer loop
      vertex 65.9366 15.578 0
      vertex 25.2773 31.0193 0
      vertex 65.8556 15.7422 0
    endloop
  endfacet
  facet normal 0 -0 -1
    outer loop
      vertex 25.2773 31.0193 0
      vertex 65.9366 15.578 0
      vertex 25.1286 30.9689 0
    endloop
  endfacet
  facet normal 0 0 -1
    outer loop
      vertex 24.9747 30.9383 0
      vertex 0 6 0
      vertex 24.8181 30.928 0
    endloop
  endfacet
  facet normal -0 0 -1
    outer loop
      vertex 24.8181 30.928 0
      vertex 0 6 0
      vertex 24.6614 30.9383 0
    endloop
  endfacet
  facet normal -0 0 -1
    outer loop
      vertex 24.6614 30.9383 0
      vertex 0 6 0
      vertex 24.5075 30.9689 0
    endloop
  endfacet
  facet normal -0 0 -1
    outer loop
      vertex 24.5075 30.9689 0
      vertex 0 6 0
      vertex 24.3588 31.0193 0
    endloop
  endfacet
  facet normal -0 0 -1
    outer loop
      vertex 24.3588 31.0193 0
      vertex 0 6 0
      vertex 24.2181 31.0888 0
    endloop
  endfacet
  facet normal -0 0 -1
    outer loop
      vertex 24.2181 31.0888 0
      vertex 0 6 0
      vertex 24.0875 31.176 0
    endloop
  endfacet
  facet normal -0 0 -1
    outer loop
      vertex 24.0875 31.176 0
      vertex 0 6 0
      vertex 23.9695 31.2795 0
    endloop
  endfacet
  facet normal -0 0 -1
    outer loop
      vertex 23.6283 31.9714 0
      vertex 0 6 0
      vertex 23.6181 32.128 0
    endloop
  endfacet
  facet normal -0 0 -1
    outer loop
      vertex 23.6589 31.8174 0
      vertex 0 6 0
      vertex 23.6283 31.9714 0
    endloop
  endfacet
  facet normal -0 0 -1
    outer loop
      vertex 23.7094 31.6688 0
      vertex 0 6 0
      vertex 23.6589 31.8174 0
    endloop
  endfacet
  facet normal -0 0 -1
    outer loop
      vertex 23.7788 31.528 0
      vertex 0 6 0
      vertex 23.7094 31.6688 0
    endloop
  endfacet
  facet normal -0 0 -1
    outer loop
      vertex 23.866 31.3975 0
      vertex 0 6 0
      vertex 23.7788 31.528 0
    endloop
  endfacet
  facet normal -0 0 -1
    outer loop
      vertex 23.9695 31.2795 0
      vertex 0 6 0
      vertex 23.866 31.3975 0
    endloop
  endfacet
  facet normal 0 0 -1
    outer loop
      vertex 63.4521 58.9095 0
      vertex 64.2891 100.249 0
      vertex 63.5393 58.779 0
    endloop
  endfacet
  facet normal 0 0 -1
    outer loop
      vertex 64.2891 100.249 0
      vertex 63.4521 58.9095 0
      vertex 64.1856 100.131 0
    endloop
  endfacet
  facet normal 0 0 -1
    outer loop
      vertex 63.3486 59.0275 0
      vertex 64.1856 100.131 0
      vertex 63.4521 58.9095 0
    endloop
  endfacet
  facet normal 0 0 -1
    outer loop
      vertex 64.1856 100.131 0
      vertex 63.3486 59.0275 0
      vertex 64.0676 100.028 0
    endloop
  endfacet
  facet normal 0 0 -1
    outer loop
      vertex 63.2306 59.131 0
      vertex 64.0676 100.028 0
      vertex 63.3486 59.0275 0
    endloop
  endfacet
  facet normal 0 0 -1
    outer loop
      vertex 64.0676 100.028 0
      vertex 63.2306 59.131 0
      vertex 63.9371 99.9408 0
    endloop
  endfacet
  facet normal 0 0 -1
    outer loop
      vertex 63.1001 59.2182 0
      vertex 63.9371 99.9408 0
      vertex 63.2306 59.131 0
    endloop
  endfacet
  facet normal 0 0 -1
    outer loop
      vertex 63.9371 99.9408 0
      vertex 63.1001 59.2182 0
      vertex 63.7963 99.8713 0
    endloop
  endfacet
  facet normal 0 0 -1
    outer loop
      vertex 62.9593 59.2877 0
      vertex 63.7963 99.8713 0
      vertex 63.1001 59.2182 0
    endloop
  endfacet
  facet normal 0 0 -1
    outer loop
      vertex 63.7963 99.8713 0
      vertex 62.9593 59.2877 0
      vertex 63.6476 99.8209 0
    endloop
  endfacet
  facet normal 0 0 -1
    outer loop
      vertex 62.8106 59.3381 0
      vertex 63.6476 99.8209 0
      vertex 62.9593 59.2877 0
    endloop
  endfacet
  facet normal 0 0 -1
    outer loop
      vertex 63.6476 99.8209 0
      vertex 62.8106 59.3381 0
      vertex 63.4937 99.7903 0
    endloop
  endfacet
  facet normal 0 0 -1
    outer loop
      vertex 62.6567 59.3687 0
      vertex 63.4937 99.7903 0
      vertex 62.8106 59.3381 0
    endloop
  endfacet
  facet normal 0 0 -1
    outer loop
      vertex 63.4937 99.7903 0
      vertex 62.6567 59.3687 0
      vertex 63.3371 99.78 0
    endloop
  endfacet
  facet normal 0 0 -1
    outer loop
      vertex 62.5001 59.379 0
      vertex 63.3371 99.78 0
      vertex 62.6567 59.3687 0
    endloop
  endfacet
  facet normal -0 0 -1
    outer loop
      vertex 63.3371 99.78 0
      vertex 62.5001 59.379 0
      vertex 63.1804 99.7903 0
    endloop
  endfacet
  facet normal 0 0 -1
    outer loop
      vertex 62.3434 59.3687 0
      vertex 63.1804 99.7903 0
      vertex 62.5001 59.379 0
    endloop
  endfacet
  facet normal -0 0 -1
    outer loop
      vertex 63.1804 99.7903 0
      vertex 62.3434 59.3687 0
      vertex 63.0265 99.8209 0
    endloop
  endfacet
  facet normal 0 0 -1
    outer loop
      vertex 62.1895 59.3381 0
      vertex 63.0265 99.8209 0
      vertex 62.3434 59.3687 0
    endloop
  endfacet
  facet normal -0 0 -1
    outer loop
      vertex 63.0265 99.8209 0
      vertex 62.1895 59.3381 0
      vertex 62.8778 99.8713 0
    endloop
  endfacet
  facet normal 0 0 -1
    outer loop
      vertex 62.0408 59.2877 0
      vertex 62.8778 99.8713 0
      vertex 62.1895 59.3381 0
    endloop
  endfacet
  facet normal -0 0 -1
    outer loop
      vertex 62.8778 99.8713 0
      vertex 62.0408 59.2877 0
      vertex 62.7371 99.9408 0
    endloop
  endfacet
  facet normal 0 0 -1
    outer loop
      vertex 61.9001 59.2182 0
      vertex 62.7371 99.9408 0
      vertex 62.0408 59.2877 0
    endloop
  endfacet
  facet normal -0 0 -1
    outer loop
      vertex 62.7371 99.9408 0
      vertex 61.9001 59.2182 0
      vertex 62.6065 100.028 0
    endloop
  endfacet
  facet normal 0 0 -1
    outer loop
      vertex 26.0181 89.279 0
      vertex 62.6065 100.028 0
      vertex 61.9001 59.2182 0
    endloop
  endfacet
  facet normal -0 0 -1
    outer loop
      vertex 62.6065 100.028 0
      vertex 26.0181 89.279 0
      vertex 62.4885 100.131 0
    endloop
  endfacet
  facet normal -0 0 -1
    outer loop
      vertex 62.4885 100.131 0
      vertex 26.0181 89.279 0
      vertex 62.385 100.249 0
    endloop
  endfacet
  facet normal -0 0 -1
    outer loop
      vertex 62.385 100.249 0
      vertex 26.0181 89.279 0
      vertex 62.2978 100.38 0
    endloop
  endfacet
  facet normal 0 0 -1
    outer loop
      vertex 26.0078 89.4356 0
      vertex 62.2978 100.38 0
      vertex 26.0181 89.279 0
    endloop
  endfacet
  facet normal -0 0 -1
    outer loop
      vertex 62.2978 100.38 0
      vertex 26.0078 89.4356 0
      vertex 62.2284 100.521 0
    endloop
  endfacet
  facet normal 0 0 -1
    outer loop
      vertex 124.804 119.013 0
      vertex 101.791 98.3224 0
      vertex 101.801 98.479 0
    endloop
  endfacet
  facet normal 0 0 -1
    outer loop
      vertex 102.037 58.9182 0
      vertex 101.76 98.1684 0
      vertex 101.791 98.3224 0
    endloop
  endfacet
  facet normal 0 0 -1
    outer loop
      vertex 101.06 97.3703 0
      vertex 101.896 58.9877 0
      vertex 101.748 59.0381 0
    endloop
  endfacet
  facet normal 0 0 -1
    outer loop
      vertex 102.037 58.9182 0
      vertex 101.71 98.0198 0
      vertex 101.76 98.1684 0
    endloop
  endfacet
  facet normal 0 0 -1
    outer loop
      vertex 102.037 58.9182 0
      vertex 101.64 97.879 0
      vertex 101.71 98.0198 0
    endloop
  endfacet
  facet normal 0 0 -1
    outer loop
      vertex 100.912 97.3199 0
      vertex 101.748 59.0381 0
      vertex 101.594 59.0687 0
    endloop
  endfacet
  facet normal 0 0 -1
    outer loop
      vertex 102.037 58.9182 0
      vertex 101.553 97.7485 0
      vertex 101.64 97.879 0
    endloop
  endfacet
  facet normal 0 0 -1
    outer loop
      vertex 102.037 58.9182 0
      vertex 101.45 97.6305 0
      vertex 101.553 97.7485 0
    endloop
  endfacet
  facet normal 0 0 -1
    outer loop
      vertex 100.758 97.2893 0
      vertex 101.594 59.0687 0
      vertex 101.437 59.079 0
    endloop
  endfacet
  facet normal 0 0 -1
    outer loop
      vertex 102.037 58.9182 0
      vertex 101.332 97.527 0
      vertex 101.45 97.6305 0
    endloop
  endfacet
  facet normal 0 0 -1
    outer loop
      vertex 100.601 97.279 0
      vertex 101.437 59.079 0
      vertex 101.28 59.0687 0
    endloop
  endfacet
  facet normal 0 0 -1
    outer loop
      vertex 102.037 58.9182 0
      vertex 101.201 97.4398 0
      vertex 101.332 97.527 0
    endloop
  endfacet
  facet normal 0 0 -1
    outer loop
      vertex 100.444 97.2893 0
      vertex 101.28 59.0687 0
      vertex 101.126 59.0381 0
    endloop
  endfacet
  facet normal 0 0 -1
    outer loop
      vertex 101.896 58.9877 0
      vertex 101.06 97.3703 0
      vertex 101.201 97.4398 0
    endloop
  endfacet
  facet normal 0 0 -1
    outer loop
      vertex 100.29 97.3199 0
      vertex 101.126 59.0381 0
      vertex 100.978 58.9877 0
    endloop
  endfacet
  facet normal 0 0 -1
    outer loop
      vertex 101.748 59.0381 0
      vertex 100.912 97.3199 0
      vertex 101.06 97.3703 0
    endloop
  endfacet
  facet normal 0 0 -1
    outer loop
      vertex 100.142 97.3703 0
      vertex 100.978 58.9877 0
      vertex 100.837 58.9182 0
    endloop
  endfacet
  facet normal 0 0 -1
    outer loop
      vertex 101.594 59.0687 0
      vertex 100.758 97.2893 0
      vertex 100.912 97.3199 0
    endloop
  endfacet
  facet normal 0 0 -1
    outer loop
      vertex 100.001 97.4398 0
      vertex 100.837 58.9182 0
      vertex 100.707 58.831 0
    endloop
  endfacet
  facet normal 0 0 -1
    outer loop
      vertex 101.437 59.079 0
      vertex 100.601 97.279 0
      vertex 100.758 97.2893 0
    endloop
  endfacet
  facet normal 0 0 -1
    outer loop
      vertex 99.8705 97.527 0
      vertex 100.707 58.831 0
      vertex 100.589 58.7275 0
    endloop
  endfacet
  facet normal 0 0 -1
    outer loop
      vertex 64.5371 100.98 0
      vertex 100.589 58.7275 0
      vertex 100.485 58.6095 0
    endloop
  endfacet
  facet normal 0 0 -1
    outer loop
      vertex 101.28 59.0687 0
      vertex 100.444 97.2893 0
      vertex 100.601 97.279 0
    endloop
  endfacet
  facet normal 0 0 -1
    outer loop
      vertex 64.5371 100.98 0
      vertex 100.485 58.6095 0
      vertex 100.398 58.479 0
    endloop
  endfacet
  facet normal 0 0 -1
    outer loop
      vertex 64.5371 100.98 0
      vertex 100.398 58.479 0
      vertex 100.328 58.3382 0
    endloop
  endfacet
  facet normal 0 0 -1
    outer loop
      vertex 101.126 59.0381 0
      vertex 100.29 97.3199 0
      vertex 100.444 97.2893 0
    endloop
  endfacet
  facet normal 0 0 -1
    outer loop
      vertex 64.5371 100.98 0
      vertex 100.328 58.3382 0
      vertex 100.278 58.1896 0
    endloop
  endfacet
  facet normal 0 0 -1
    outer loop
      vertex 67.3318 33.666 0
      vertex 100.278 58.1896 0
      vertex 100.247 58.0356 0
    endloop
  endfacet
  facet normal 0 0 -1
    outer loop
      vertex 67.5114 33.6303 0
      vertex 100.247 58.0356 0
      vertex 100.237 57.879 0
    endloop
  endfacet
  facet normal 0 0 -1
    outer loop
      vertex 100.978 58.9877 0
      vertex 100.142 97.3703 0
      vertex 100.29 97.3199 0
    endloop
  endfacet
  facet normal -0 0 -1
    outer loop
      vertex 100.837 56.8398 0
      vertex 81.6586 29.0381 0
      vertex 100.707 56.927 0
    endloop
  endfacet
  facet normal 0 0 -1
    outer loop
      vertex 81.0061 29.4742 0
      vertex 100.707 56.927 0
      vertex 81.6586 29.0381 0
    endloop
  endfacet
  facet normal -0 0 -1
    outer loop
      vertex 100.707 56.927 0
      vertex 81.0061 29.4742 0
      vertex 100.589 57.0305 0
    endloop
  endfacet
  facet normal 0 0 -1
    outer loop
      vertex 80.3022 29.8213 0
      vertex 100.589 57.0305 0
      vertex 81.0061 29.4742 0
    endloop
  endfacet
  facet normal -0 0 -1
    outer loop
      vertex 100.589 57.0305 0
      vertex 80.3022 29.8213 0
      vertex 100.485 57.1485 0
    endloop
  endfacet
  facet normal 0 0 -1
    outer loop
      vertex 79.559 30.0736 0
      vertex 100.485 57.1485 0
      vertex 80.3022 29.8213 0
    endloop
  endfacet
  facet normal -0 0 -1
    outer loop
      vertex 100.485 57.1485 0
      vertex 79.559 30.0736 0
      vertex 100.398 57.279 0
    endloop
  endfacet
  facet normal -0 0 -1
    outer loop
      vertex 100.398 57.279 0
      vertex 79.559 30.0736 0
      vertex 100.328 57.4198 0
    endloop
  endfacet
  facet normal 0 0 -1
    outer loop
      vertex 78.7892 30.2267 0
      vertex 100.328 57.4198 0
      vertex 79.559 30.0736 0
    endloop
  endfacet
  facet normal -0 0 -1
    outer loop
      vertex 100.328 57.4198 0
      vertex 78.7892 30.2267 0
      vertex 100.278 57.5684 0
    endloop
  endfacet
  facet normal 0 0 -1
    outer loop
      vertex 93.3298 -85 0
      vertex 100.218 -83.6298 0
      vertex 97.9886 -84.3867 0
    endloop
  endfacet
  facet normal 0 0 -1
    outer loop
      vertex 125.726 17.9716 0
      vertex 102.627 57.7224 0
      vertex 102.637 57.879 0
    endloop
  endfacet
  facet normal 0 0 -1
    outer loop
      vertex 125.757 17.5044 0
      vertex 102.596 57.5684 0
      vertex 102.627 57.7224 0
    endloop
  endfacet
  facet normal 0 0 -1
    outer loop
      vertex 125.757 17.5044 0
      vertex 102.546 57.4198 0
      vertex 102.596 57.5684 0
    endloop
  endfacet
  facet normal 0 0 -1
    outer loop
      vertex 125.757 17.5044 0
      vertex 102.476 57.279 0
      vertex 102.546 57.4198 0
    endloop
  endfacet
  facet normal 0 0 -1
    outer loop
      vertex 125.757 17.5044 0
      vertex 102.389 57.1485 0
      vertex 102.476 57.279 0
    endloop
  endfacet
  facet normal 0 0 -1
    outer loop
      vertex 100.218 -83.6298 0
      vertex 104.288 -81.2804 0
      vertex 102.33 -82.5885 0
    endloop
  endfacet
  facet normal 0 0 -1
    outer loop
      vertex 125.757 17.5044 0
      vertex 102.286 57.0305 0
      vertex 102.389 57.1485 0
    endloop
  endfacet
  facet normal 0 0 -1
    outer loop
      vertex 125.757 17.5044 0
      vertex 102.168 56.927 0
      vertex 102.286 57.0305 0
    endloop
  endfacet
  facet normal 0 0 -1
    outer loop
      vertex 125.757 17.5044 0
      vertex 102.037 56.8398 0
      vertex 102.168 56.927 0
    endloop
  endfacet
  facet normal 0 0 -1
    outer loop
      vertex 125.757 17.5044 0
      vertex 101.896 56.7703 0
      vertex 102.037 56.8398 0
    endloop
  endfacet
  facet normal 0 0 -1
    outer loop
      vertex 125.757 17.5044 0
      vertex 101.748 56.7199 0
      vertex 101.896 56.7703 0
    endloop
  endfacet
  facet normal 0 0 -1
    outer loop
      vertex 83.9547 25.0612 0
      vertex 125.757 17.5044 0
      vertex 84.0061 24.278 0
    endloop
  endfacet
  facet normal 0 0 -1
    outer loop
      vertex 83.8016 25.8309 0
      vertex 125.757 17.5044 0
      vertex 83.9547 25.0612 0
    endloop
  endfacet
  facet normal 0 0 -1
    outer loop
      vertex 125.757 17.5044 0
      vertex 83.8016 25.8309 0
      vertex 101.748 56.7199 0
    endloop
  endfacet
  facet normal 0 0 -1
    outer loop
      vertex 101.748 56.7199 0
      vertex 83.8016 25.8309 0
      vertex 101.594 56.6893 0
    endloop
  endfacet
  facet normal 0 0 -1
    outer loop
      vertex 83.5493 26.5741 0
      vertex 101.594 56.6893 0
      vertex 83.8016 25.8309 0
    endloop
  endfacet
  facet normal 0 0 -1
    outer loop
      vertex 101.594 56.6893 0
      vertex 83.5493 26.5741 0
      vertex 101.437 56.679 0
    endloop
  endfacet
  facet normal 0 0 -1
    outer loop
      vertex 83.9547 23.4948 0
      vertex 125.757 17.5044 0
      vertex 125.807 17.3558 0
    endloop
  endfacet
  facet normal 0 0 -1
    outer loop
      vertex 83.2022 27.278 0
      vertex 101.437 56.679 0
      vertex 83.5493 26.5741 0
    endloop
  endfacet
  facet normal -0 0 -1
    outer loop
      vertex 101.437 56.679 0
      vertex 83.2022 27.278 0
      vertex 101.28 56.6893 0
    endloop
  endfacet
  facet normal 0 0 -1
    outer loop
      vertex 82.7662 27.9306 0
      vertex 101.28 56.6893 0
      vertex 83.2022 27.278 0
    endloop
  endfacet
  facet normal -0 0 -1
    outer loop
      vertex 101.28 56.6893 0
      vertex 82.7662 27.9306 0
      vertex 101.126 56.7199 0
    endloop
  endfacet
  facet normal 0 0 -1
    outer loop
      vertex 82.2487 28.5206 0
      vertex 101.126 56.7199 0
      vertex 82.7662 27.9306 0
    endloop
  endfacet
  facet normal -0 0 -1
    outer loop
      vertex 101.126 56.7199 0
      vertex 82.2487 28.5206 0
      vertex 100.978 56.7703 0
    endloop
  endfacet
  facet normal -0 0 -1
    outer loop
      vertex 100.978 56.7703 0
      vertex 82.2487 28.5206 0
      vertex 100.837 56.8398 0
    endloop
  endfacet
  facet normal 0 0 -1
    outer loop
      vertex 81.6586 29.0381 0
      vertex 100.837 56.8398 0
      vertex 82.2487 28.5206 0
    endloop
  endfacet
  facet normal 0 0 -1
    outer loop
      vertex 163.841 56.921 0
      vertex 168.244 119.53 0
      vertex 163.884 56.7029 0
    endloop
  endfacet
  facet normal 0 0 -1
    outer loop
      vertex 168.244 119.53 0
      vertex 163.884 107.03 0
      vertex 163.899 107.252 0
    endloop
  endfacet
  facet normal 0 0 -1
    outer loop
      vertex 163.841 106.812 0
      vertex 168.244 119.53 0
      vertex 163.841 56.921 0
    endloop
  endfacet
  facet normal 0 0 -1
    outer loop
      vertex 168.244 119.53 0
      vertex 163.841 106.812 0
      vertex 163.884 107.03 0
    endloop
  endfacet
  facet normal 0 0 -1
    outer loop
      vertex 163.77 57.1316 0
      vertex 163.841 106.812 0
      vertex 163.841 56.921 0
    endloop
  endfacet
  facet normal 0 0 -1
    outer loop
      vertex 163.77 57.1316 0
      vertex 163.77 106.602 0
      vertex 163.841 106.812 0
    endloop
  endfacet
  facet normal 0 0 -1
    outer loop
      vertex 163.671 57.331 0
      vertex 163.77 106.602 0
      vertex 163.77 57.1316 0
    endloop
  endfacet
  facet normal 0 0 -1
    outer loop
      vertex 163.671 57.331 0
      vertex 163.671 106.402 0
      vertex 163.77 106.602 0
    endloop
  endfacet
  facet normal 0 0 -1
    outer loop
      vertex 163.548 57.5159 0
      vertex 163.671 106.402 0
      vertex 163.671 57.331 0
    endloop
  endfacet
  facet normal 0 0 -1
    outer loop
      vertex 163.548 57.5159 0
      vertex 163.548 106.217 0
      vertex 163.671 106.402 0
    endloop
  endfacet
  facet normal 0 0 -1
    outer loop
      vertex 163.401 57.6831 0
      vertex 163.548 106.217 0
      vertex 163.548 57.5159 0
    endloop
  endfacet
  facet normal 0 0 -1
    outer loop
      vertex 163.401 57.6831 0
      vertex 163.401 106.05 0
      vertex 163.548 106.217 0
    endloop
  endfacet
  facet normal 0 0 -1
    outer loop
      vertex 163.234 57.8297 0
      vertex 163.401 106.05 0
      vertex 163.401 57.6831 0
    endloop
  endfacet
  facet normal 0 0 -1
    outer loop
      vertex 163.234 57.8297 0
      vertex 163.234 105.904 0
      vertex 163.401 106.05 0
    endloop
  endfacet
  facet normal 0 0 -1
    outer loop
      vertex 163.049 57.9532 0
      vertex 163.234 105.904 0
      vertex 163.234 57.8297 0
    endloop
  endfacet
  facet normal 0 0 -1
    outer loop
      vertex 163.049 57.9532 0
      vertex 163.049 105.78 0
      vertex 163.234 105.904 0
    endloop
  endfacet
  facet normal 0 0 -1
    outer loop
      vertex 152.43 70.2941 0
      vertex 163.049 57.9532 0
      vertex 162.85 58.0516 0
    endloop
  endfacet
  facet normal 0 0 -1
    outer loop
      vertex 163.049 57.9532 0
      vertex 152.219 70.9134 0
      vertex 163.049 105.78 0
    endloop
  endfacet
  facet normal 0 0 -1
    outer loop
      vertex 152.557 69.6526 0
      vertex 162.85 58.0516 0
      vertex 162.639 58.1231 0
    endloop
  endfacet
  facet normal 0 0 -1
    outer loop
      vertex 151.93 71.5 0
      vertex 163.049 105.78 0
      vertex 152.219 70.9134 0
    endloop
  endfacet
  facet normal 0 0 -1
    outer loop
      vertex 152.557 69.6526 0
      vertex 162.639 58.1231 0
      vertex 162.421 58.1664 0
    endloop
  endfacet
  facet normal 0 0 -1
    outer loop
      vertex 163.049 105.78 0
      vertex 151.93 71.5 0
      vertex 162.85 105.682 0
    endloop
  endfacet
  facet normal 0 0 -1
    outer loop
      vertex 152.6 69 0
      vertex 162.421 58.1664 0
      vertex 162.199 58.181 0
    endloop
  endfacet
  facet normal 0 0 -1
    outer loop
      vertex 151.567 72.0438 0
      vertex 162.85 105.682 0
      vertex 151.93 71.5 0
    endloop
  endfacet
  facet normal 0 0 -1
    outer loop
      vertex 152.6 69 0
      vertex 162.199 58.181 0
      vertex 161.977 58.1664 0
    endloop
  endfacet
  facet normal 0 0 -1
    outer loop
      vertex 162.85 105.682 0
      vertex 151.567 72.0438 0
      vertex 162.639 105.61 0
    endloop
  endfacet
  facet normal 0 0 -1
    outer loop
      vertex 152.6 69 0
      vertex 161.977 58.1664 0
      vertex 161.759 58.1231 0
    endloop
  endfacet
  facet normal 0 0 -1
    outer loop
      vertex 162.639 105.61 0
      vertex 151.567 72.0438 0
      vertex 162.421 105.567 0
    endloop
  endfacet
  facet normal 0 0 -1
    outer loop
      vertex 152.6 69 0
      vertex 161.759 58.1231 0
      vertex 161.548 58.0516 0
    endloop
  endfacet
  facet normal 0 0 -1
    outer loop
      vertex 151.136 72.5355 0
      vertex 162.421 105.567 0
      vertex 151.567 72.0438 0
    endloop
  endfacet
  facet normal 0 0 -1
    outer loop
      vertex 152.6 61 0
      vertex 161.548 58.0516 0
      vertex 161.349 57.9532 0
    endloop
  endfacet
  facet normal 0 0 -1
    outer loop
      vertex 162.421 105.567 0
      vertex 151.136 72.5355 0
      vertex 162.199 105.552 0
    endloop
  endfacet
  facet normal 0 0 -1
    outer loop
      vertex 152.6 61 0
      vertex 161.349 57.9532 0
      vertex 161.164 57.8297 0
    endloop
  endfacet
  facet normal 0 0 -1
    outer loop
      vertex 150.644 72.9668 0
      vertex 162.199 105.552 0
      vertex 151.136 72.5355 0
    endloop
  endfacet
  facet normal 0 0 -1
    outer loop
      vertex 152.6 61 0
      vertex 161.164 57.8297 0
      vertex 160.997 57.6831 0
    endloop
  endfacet
  facet normal -0 0 -1
    outer loop
      vertex 162.199 105.552 0
      vertex 150.644 72.9668 0
      vertex 161.977 105.567 0
    endloop
  endfacet
  facet normal 0 0 -1
    outer loop
      vertex 152.6 61 0
      vertex 160.997 57.6831 0
      vertex 160.85 57.5159 0
    endloop
  endfacet
  facet normal 0 0 -1
    outer loop
      vertex 150.1 73.3301 0
      vertex 161.977 105.567 0
      vertex 150.644 72.9668 0
    endloop
  endfacet
  facet normal 0 0 -1
    outer loop
      vertex 152.557 60.3474 0
      vertex 160.85 57.5159 0
      vertex 160.727 57.331 0
    endloop
  endfacet
  facet normal 0 0 -1
    outer loop
      vertex 163.049 57.9532 0
      vertex 152.43 70.2941 0
      vertex 152.219 70.9134 0
    endloop
  endfacet
  facet normal 0 0 -1
    outer loop
      vertex 152.557 60.3474 0
      vertex 160.727 57.331 0
      vertex 160.628 57.1316 0
    endloop
  endfacet
  facet normal -0 0 -1
    outer loop
      vertex 161.977 105.567 0
      vertex 150.1 73.3301 0
      vertex 161.759 105.61 0
    endloop
  endfacet
  facet normal 0 0 -1
    outer loop
      vertex 152.43 59.7059 0
      vertex 160.628 57.1316 0
      vertex 160.557 56.921 0
    endloop
  endfacet
  facet normal 0 0 -1
    outer loop
      vertex 149.513 73.6194 0
      vertex 161.759 105.61 0
      vertex 150.1 73.3301 0
    endloop
  endfacet
  facet normal 0 0 -1
    outer loop
      vertex 152.219 59.0866 0
      vertex 160.557 56.921 0
      vertex 160.514 56.7029 0
    endloop
  endfacet
  facet normal -0 0 -1
    outer loop
      vertex 161.759 105.61 0
      vertex 149.513 73.6194 0
      vertex 161.548 105.682 0
    endloop
  endfacet
  facet normal 0 0 -1
    outer loop
      vertex 152.219 59.0866 0
      vertex 160.514 56.7029 0
      vertex 160.499 56.481 0
    endloop
  endfacet
  facet normal 0 0 -1
    outer loop
      vertex 148.894 73.8296 0
      vertex 161.548 105.682 0
      vertex 149.513 73.6194 0
    endloop
  endfacet
  facet normal 0 0 -1
    outer loop
      vertex 163.841 6.14965 0
      vertex 168.244 6 0
      vertex 163.884 5.93155 0
    endloop
  endfacet
  facet normal 0 0 -1
    outer loop
      vertex 168.244 6 0
      vertex 163.884 56.2591 0
      vertex 163.899 56.481 0
    endloop
  endfacet
  facet normal 0 0 -1
    outer loop
      vertex 163.77 6.36022 0
      vertex 168.244 6 0
      vertex 163.841 6.14965 0
    endloop
  endfacet
  facet normal 0 0 -1
    outer loop
      vertex 168.244 6 0
      vertex 163.841 56.041 0
      vertex 163.884 56.2591 0
    endloop
  endfacet
  facet normal 0 0 -1
    outer loop
      vertex 163.671 6.55966 0
      vertex 168.244 6 0
      vertex 163.77 6.36022 0
    endloop
  endfacet
  facet normal 0 0 -1
    outer loop
      vertex 168.244 6 0
      vertex 163.77 55.8304 0
      vertex 163.841 56.041 0
    endloop
  endfacet
  facet normal 0 0 -1
    outer loop
      vertex 163.548 6.74455 0
      vertex 168.244 6 0
      vertex 163.671 6.55966 0
    endloop
  endfacet
  facet normal 0 0 -1
    outer loop
      vertex 168.244 6 0
      vertex 163.671 55.631 0
      vertex 163.77 55.8304 0
    endloop
  endfacet
  facet normal 0 0 -1
    outer loop
      vertex 163.401 6.91174 0
      vertex 168.244 6 0
      vertex 163.548 6.74455 0
    endloop
  endfacet
  facet normal 0 0 -1
    outer loop
      vertex 168.244 6 0
      vertex 163.548 55.4461 0
      vertex 163.671 55.631 0
    endloop
  endfacet
  facet normal 0 0 -1
    outer loop
      vertex 163.234 7.05836 0
      vertex 168.244 6 0
      vertex 163.401 6.91174 0
    endloop
  endfacet
  facet normal 0 0 -1
    outer loop
      vertex 168.244 6 0
      vertex 163.401 55.2789 0
      vertex 163.548 55.4461 0
    endloop
  endfacet
  facet normal 0 0 -1
    outer loop
      vertex 163.049 7.1819 0
      vertex 168.244 6 0
      vertex 163.234 7.05836 0
    endloop
  endfacet
  facet normal 0 0 -1
    outer loop
      vertex 168.244 6 0
      vertex 163.234 55.1323 0
      vertex 163.401 55.2789 0
    endloop
  endfacet
  facet normal 0 0 -1
    outer loop
      vertex 162.85 7.28025 0
      vertex 168.244 6 0
      vertex 163.049 7.1819 0
    endloop
  endfacet
  facet normal 0 0 -1
    outer loop
      vertex 168.244 6 0
      vertex 163.049 55.0087 0
      vertex 163.234 55.1323 0
    endloop
  endfacet
  facet normal 0 0 -1
    outer loop
      vertex 162.85 54.9104 0
      vertex 168.244 6 0
      vertex 162.85 7.28025 0
    endloop
  endfacet
  facet normal 0 0 -1
    outer loop
      vertex 168.244 6 0
      vertex 162.85 54.9104 0
      vertex 163.049 55.0087 0
    endloop
  endfacet
  facet normal 0 0 -1
    outer loop
      vertex 162.639 7.35173 0
      vertex 162.85 54.9104 0
      vertex 162.85 7.28025 0
    endloop
  endfacet
  facet normal 0 0 -1
    outer loop
      vertex 162.639 7.35173 0
      vertex 162.639 54.8389 0
      vertex 162.85 54.9104 0
    endloop
  endfacet
  facet normal 0 0 -1
    outer loop
      vertex 162.421 7.39512 0
      vertex 162.639 54.8389 0
      vertex 162.639 7.35173 0
    endloop
  endfacet
  facet normal 0 0 -1
    outer loop
      vertex 162.421 7.39512 0
      vertex 162.421 54.7955 0
      vertex 162.639 54.8389 0
    endloop
  endfacet
  facet normal 0 0 -1
    outer loop
      vertex 162.199 7.40966 0
      vertex 162.421 54.7955 0
      vertex 162.421 7.39512 0
    endloop
  endfacet
  facet normal 0 0 -1
    outer loop
      vertex 162.199 7.40966 0
      vertex 162.199 54.781 0
      vertex 162.421 54.7955 0
    endloop
  endfacet
  facet normal 0 0 -1
    outer loop
      vertex 161.977 7.39512 0
      vertex 162.199 54.781 0
      vertex 162.199 7.40966 0
    endloop
  endfacet
  facet normal 0 0 -1
    outer loop
      vertex 161.977 7.39512 0
      vertex 161.977 54.7955 0
      vertex 162.199 54.781 0
    endloop
  endfacet
  facet normal 0 0 -1
    outer loop
      vertex 136.02 30.4614 0
      vertex 161.977 7.39512 0
      vertex 161.759 7.35173 0
    endloop
  endfacet
  facet normal 0 0 -1
    outer loop
      vertex 161.977 7.39512 0
      vertex 136.03 30.618 0
      vertex 161.977 54.7955 0
    endloop
  endfacet
  facet normal 0 0 -1
    outer loop
      vertex 135.989 30.3074 0
      vertex 161.759 7.35173 0
      vertex 161.548 7.28025 0
    endloop
  endfacet
  facet normal 0 0 -1
    outer loop
      vertex 136.02 30.7746 0
      vertex 161.977 54.7955 0
      vertex 136.03 30.618 0
    endloop
  endfacet
  facet normal 0 0 -1
    outer loop
      vertex 135.939 30.1588 0
      vertex 161.548 7.28025 0
      vertex 161.349 7.1819 0
    endloop
  endfacet
  facet normal -0 0 -1
    outer loop
      vertex 161.977 54.7955 0
      vertex 136.02 30.7746 0
      vertex 161.759 54.8389 0
    endloop
  endfacet
  facet normal 0 0 -1
    outer loop
      vertex 135.869 30.018 0
      vertex 161.349 7.1819 0
      vertex 161.164 7.05836 0
    endloop
  endfacet
  facet normal 0 0 -1
    outer loop
      vertex 135.989 30.9286 0
      vertex 161.759 54.8389 0
      vertex 136.02 30.7746 0
    endloop
  endfacet
  facet normal 0 0 -1
    outer loop
      vertex 135.782 29.8875 0
      vertex 161.164 7.05836 0
      vertex 160.997 6.91174 0
    endloop
  endfacet
  facet normal -0 0 -1
    outer loop
      vertex 161.759 54.8389 0
      vertex 135.989 30.9286 0
      vertex 161.548 54.9104 0
    endloop
  endfacet
  facet normal 0 0 -1
    outer loop
      vertex 135.679 29.7695 0
      vertex 160.997 6.91174 0
      vertex 160.85 6.74455 0
    endloop
  endfacet
  facet normal 0 0 -1
    outer loop
      vertex 135.939 31.0772 0
      vertex 161.548 54.9104 0
      vertex 135.989 30.9286 0
    endloop
  endfacet
  facet normal 0 0 -1
    outer loop
      vertex 135.561 29.666 0
      vertex 160.85 6.74455 0
      vertex 160.727 6.55966 0
    endloop
  endfacet
  facet normal 0 -0 -1
    outer loop
      vertex 148.894 56.1704 0
      vertex 161.548 54.9104 0
      vertex 135.939 31.0772 0
    endloop
  endfacet
  facet normal 0 0 -1
    outer loop
      vertex 128.106 17.6584 0
      vertex 160.727 6.55966 0
      vertex 160.628 6.36022 0
    endloop
  endfacet
  facet normal 0 0 -1
    outer loop
      vertex 161.548 54.9104 0
      vertex 148.894 56.1704 0
      vertex 161.349 55.0087 0
    endloop
  endfacet
  facet normal 0 0 -1
    outer loop
      vertex 128.075 17.5044 0
      vertex 160.628 6.36022 0
      vertex 160.557 6.14965 0
    endloop
  endfacet
  facet normal 0 -0 -1
    outer loop
      vertex 149.513 56.3806 0
      vertex 161.349 55.0087 0
      vertex 148.894 56.1704 0
    endloop
  endfacet
  facet normal 0 0 -1
    outer loop
      vertex 127.955 17.215 0
      vertex 160.557 6.14965 0
      vertex 160.514 5.93155 0
    endloop
  endfacet
  facet normal 0 0 -1
    outer loop
      vertex 161.349 55.0087 0
      vertex 149.513 56.3806 0
      vertex 161.164 55.1323 0
    endloop
  endfacet
  facet normal 0 0 -1
    outer loop
      vertex 127.868 17.0845 0
      vertex 160.514 5.93155 0
      vertex 160.499 5.70966 0
    endloop
  endfacet
  facet normal 0 -0 -1
    outer loop
      vertex 150.1 56.6699 0
      vertex 161.164 55.1323 0
      vertex 149.513 56.3806 0
    endloop
  endfacet
  facet normal 0 0 -1
    outer loop
      vertex 163.899 5.70966 0
      vertex 168.244 6 0
      vertex 168.193 5.21684 0
    endloop
  endfacet
  facet normal 0 0 -1
    outer loop
      vertex 168.244 6 0
      vertex 163.899 56.481 0
      vertex 168.244 119.53 0
    endloop
  endfacet
  facet normal 0 0 -1
    outer loop
      vertex 163.884 5.48776 0
      vertex 168.193 5.21684 0
      vertex 168.04 4.44708 0
    endloop
  endfacet
  facet normal 0 0 -1
    outer loop
      vertex 163.884 56.7029 0
      vertex 168.244 119.53 0
      vertex 163.899 56.481 0
    endloop
  endfacet
  facet normal 0 0 -1
    outer loop
      vertex 163.841 5.26967 0
      vertex 168.04 4.44708 0
      vertex 167.787 3.7039 0
    endloop
  endfacet
  facet normal 0 0 -1
    outer loop
      vertex 163.884 107.474 0
      vertex 168.244 119.53 0
      vertex 163.899 107.252 0
    endloop
  endfacet
  facet normal 0 0 -1
    outer loop
      vertex 163.77 5.0591 0
      vertex 167.787 3.7039 0
      vertex 167.44 3 0
    endloop
  endfacet
  facet normal 0 0 -1
    outer loop
      vertex 163.841 107.692 0
      vertex 168.244 119.53 0
      vertex 163.884 107.474 0
    endloop
  endfacet
  facet normal 0 0 -1
    outer loop
      vertex 163.671 4.85966 0
      vertex 167.44 3 0
      vertex 167.004 2.34743 0
    endloop
  endfacet
  facet normal 0 0 -1
    outer loop
      vertex 163.77 107.903 0
      vertex 168.244 119.53 0
      vertex 163.841 107.692 0
    endloop
  endfacet
  facet normal 0 0 -1
    outer loop
      vertex 163.671 108.102 0
      vertex 168.244 119.53 0
      vertex 163.77 107.903 0
    endloop
  endfacet
  facet normal 0 0 -1
    outer loop
      vertex 163.548 108.287 0
      vertex 168.244 119.53 0
      vertex 163.671 108.102 0
    endloop
  endfacet
  facet normal 0 0 -1
    outer loop
      vertex 163.401 108.454 0
      vertex 168.244 119.53 0
      vertex 163.548 108.287 0
    endloop
  endfacet
  facet normal 0 0 -1
    outer loop
      vertex 163.234 108.601 0
      vertex 168.244 119.53 0
      vertex 163.401 108.454 0
    endloop
  endfacet
  facet normal 0 0 -1
    outer loop
      vertex 163.884 5.93155 0
      vertex 168.244 6 0
      vertex 163.899 5.70966 0
    endloop
  endfacet
  facet normal 0 0 -1
    outer loop
      vertex 168.193 5.21684 0
      vertex 163.884 5.48776 0
      vertex 163.899 5.70966 0
    endloop
  endfacet
  facet normal 0 0 -1
    outer loop
      vertex 168.04 4.44708 0
      vertex 163.841 5.26967 0
      vertex 163.884 5.48776 0
    endloop
  endfacet
  facet normal 0 0 -1
    outer loop
      vertex 167.787 3.7039 0
      vertex 163.77 5.0591 0
      vertex 163.841 5.26967 0
    endloop
  endfacet
  facet normal 0 0 -1
    outer loop
      vertex 167.44 3 0
      vertex 163.671 4.85966 0
      vertex 163.77 5.0591 0
    endloop
  endfacet
  facet normal 0 0 -1
    outer loop
      vertex 167.004 2.34743 0
      vertex 163.548 4.67476 0
      vertex 163.671 4.85966 0
    endloop
  endfacet
  facet normal 0 0 -1
    outer loop
      vertex 167.004 2.34743 0
      vertex 163.401 4.50758 0
      vertex 163.548 4.67476 0
    endloop
  endfacet
  facet normal 0 0 -1
    outer loop
      vertex 167.004 2.34743 0
      vertex 163.234 4.36096 0
      vertex 163.401 4.50758 0
    endloop
  endfacet
  facet normal 0 0 -1
    outer loop
      vertex 167.004 2.34743 0
      vertex 163.049 4.23742 0
      vertex 163.234 4.36096 0
    endloop
  endfacet
  facet normal 0 0 -1
    outer loop
      vertex 167.004 2.34743 0
      vertex 162.85 4.13906 0
      vertex 163.049 4.23742 0
    endloop
  endfacet
  facet normal 0 0 -1
    outer loop
      vertex 167.004 2.34743 0
      vertex 162.639 4.06758 0
      vertex 162.85 4.13906 0
    endloop
  endfacet
  facet normal 0 0 -1
    outer loop
      vertex 167.004 2.34743 0
      vertex 162.421 4.0242 0
      vertex 162.639 4.06758 0
    endloop
  endfacet
  facet normal 0 0 -1
    outer loop
      vertex 167.004 2.34743 0
      vertex 162.199 4.00966 0
      vertex 162.421 4.0242 0
    endloop
  endfacet
  facet normal 0 0 -1
    outer loop
      vertex 167.004 2.34743 0
      vertex 161.977 4.0242 0
      vertex 162.199 4.00966 0
    endloop
  endfacet
  facet normal 0 0 -1
    outer loop
      vertex 167.004 2.34743 0
      vertex 161.759 4.06758 0
      vertex 161.977 4.0242 0
    endloop
  endfacet
  facet normal 0 0 -1
    outer loop
      vertex 161.164 55.1323 0
      vertex 150.1 56.6699 0
      vertex 160.997 55.2789 0
    endloop
  endfacet
  facet normal 0 0 -1
    outer loop
      vertex 161.548 58.0516 0
      vertex 152.6 61 0
      vertex 152.6 69 0
    endloop
  endfacet
  facet normal 0 0 -1
    outer loop
      vertex 127.765 16.9665 0
      vertex 160.499 5.70966 0
      vertex 160.514 5.48776 0
    endloop
  endfacet
  facet normal 0 0 -1
    outer loop
      vertex 160.85 57.5159 0
      vertex 152.557 60.3474 0
      vertex 152.6 61 0
    endloop
  endfacet
  facet normal 0 0 -1
    outer loop
      vertex 160.628 57.1316 0
      vertex 152.43 59.7059 0
      vertex 152.557 60.3474 0
    endloop
  endfacet
  facet normal 0 0 -1
    outer loop
      vertex 160.557 56.921 0
      vertex 152.219 59.0866 0
      vertex 152.43 59.7059 0
    endloop
  endfacet
  facet normal 0 0 -1
    outer loop
      vertex 160.499 56.481 0
      vertex 151.93 58.5 0
      vertex 152.219 59.0866 0
    endloop
  endfacet
  facet normal 0 0 -1
    outer loop
      vertex 160.514 56.2591 0
      vertex 151.93 58.5 0
      vertex 160.499 56.481 0
    endloop
  endfacet
  facet normal 0 -0 -1
    outer loop
      vertex 151.93 58.5 0
      vertex 160.514 56.2591 0
      vertex 151.567 57.9562 0
    endloop
  endfacet
  facet normal 0 0 -1
    outer loop
      vertex 160.557 56.041 0
      vertex 151.567 57.9562 0
      vertex 160.514 56.2591 0
    endloop
  endfacet
  facet normal 0 0 -1
    outer loop
      vertex 160.628 55.8304 0
      vertex 151.567 57.9562 0
      vertex 160.557 56.041 0
    endloop
  endfacet
  facet normal 0 0 -1
    outer loop
      vertex 127.647 16.863 0
      vertex 160.514 5.48776 0
      vertex 160.557 5.26967 0
    endloop
  endfacet
  facet normal 0 0 -1
    outer loop
      vertex 160.85 55.4461 0
      vertex 150.644 57.0332 0
      vertex 160.727 55.631 0
    endloop
  endfacet
  facet normal 0 -0 -1
    outer loop
      vertex 151.567 57.9562 0
      vertex 160.628 55.8304 0
      vertex 151.136 57.4645 0
    endloop
  endfacet
  facet normal 0 -0 -1
    outer loop
      vertex 151.136 57.4645 0
      vertex 160.727 55.631 0
      vertex 150.644 57.0332 0
    endloop
  endfacet
  facet normal 0 0 -1
    outer loop
      vertex 160.727 55.631 0
      vertex 151.136 57.4645 0
      vertex 160.628 55.8304 0
    endloop
  endfacet
  facet normal 0 0 -1
    outer loop
      vertex 160.997 55.2789 0
      vertex 150.1 56.6699 0
      vertex 160.85 55.4461 0
    endloop
  endfacet
  facet normal 0 0 -1
    outer loop
      vertex 148.894 56.1704 0
      vertex 135.939 31.0772 0
      vertex 148.253 56.0428 0
    endloop
  endfacet
  facet normal 0 0 -1
    outer loop
      vertex 135.869 31.218 0
      vertex 148.253 56.0428 0
      vertex 135.939 31.0772 0
    endloop
  endfacet
  facet normal 0 0 -1
    outer loop
      vertex 148.253 56.0428 0
      vertex 135.869 31.218 0
      vertex 147.6 56 0
    endloop
  endfacet
  facet normal 0 0 -1
    outer loop
      vertex 135.782 31.3485 0
      vertex 147.6 56 0
      vertex 135.869 31.218 0
    endloop
  endfacet
  facet normal 0 0 -1
    outer loop
      vertex 135.679 31.4665 0
      vertex 147.6 56 0
      vertex 135.782 31.3485 0
    endloop
  endfacet
  facet normal -0 0 -1
    outer loop
      vertex 147.6 56 0
      vertex 135.679 31.4665 0
      vertex 146.947 56.0428 0
    endloop
  endfacet
  facet normal 0 0 -1
    outer loop
      vertex 135.561 31.57 0
      vertex 146.947 56.0428 0
      vertex 135.679 31.4665 0
    endloop
  endfacet
  facet normal 0 0 -1
    outer loop
      vertex 135.43 31.6572 0
      vertex 146.306 56.1704 0
      vertex 135.561 31.57 0
    endloop
  endfacet
  facet normal -0 0 -1
    outer loop
      vertex 146.306 56.1704 0
      vertex 135.43 31.6572 0
      vertex 145.687 56.3806 0
    endloop
  endfacet
  facet normal 0 0 -1
    outer loop
      vertex 133.791 31.218 0
      vertex 142.6 69 0
      vertex 142.6 61 0
    endloop
  endfacet
  facet normal 0 0 -1
    outer loop
      vertex 133.878 31.3485 0
      vertex 142.6 61 0
      vertex 142.643 60.3474 0
    endloop
  endfacet
  facet normal 0 0 -1
    outer loop
      vertex 142.6 69 0
      vertex 138.487 120.304 0
      vertex 138.5 120.5 0
    endloop
  endfacet
  facet normal 0 0 -1
    outer loop
      vertex 142.6 69 0
      vertex 138.449 120.112 0
      vertex 138.487 120.304 0
    endloop
  endfacet
  facet normal 0 0 -1
    outer loop
      vertex 142.6 69 0
      vertex 138.386 119.926 0
      vertex 138.449 120.112 0
    endloop
  endfacet
  facet normal 0 0 -1
    outer loop
      vertex 142.6 69 0
      vertex 138.299 119.75 0
      vertex 138.386 119.926 0
    endloop
  endfacet
  facet normal 0 0 -1
    outer loop
      vertex 142.6 69 0
      vertex 138.19 119.587 0
      vertex 138.299 119.75 0
    endloop
  endfacet
  facet normal 0 0 -1
    outer loop
      vertex 142.6 69 0
      vertex 138.061 119.439 0
      vertex 138.19 119.587 0
    endloop
  endfacet
  facet normal 0 0 -1
    outer loop
      vertex 142.6 69 0
      vertex 137.913 119.31 0
      vertex 138.061 119.439 0
    endloop
  endfacet
  facet normal 0 0 -1
    outer loop
      vertex 142.6 69 0
      vertex 137.75 119.201 0
      vertex 137.913 119.31 0
    endloop
  endfacet
  facet normal 0 0 -1
    outer loop
      vertex 142.6 69 0
      vertex 137.574 119.114 0
      vertex 137.75 119.201 0
    endloop
  endfacet
  facet normal 0 0 -1
    outer loop
      vertex 142.6 69 0
      vertex 137.388 119.051 0
      vertex 137.574 119.114 0
    endloop
  endfacet
  facet normal 0 0 -1
    outer loop
      vertex 142.6 69 0
      vertex 137.196 119.013 0
      vertex 137.388 119.051 0
    endloop
  endfacet
  facet normal 0 0 -1
    outer loop
      vertex 142.6 69 0
      vertex 137 119 0
      vertex 137.196 119.013 0
    endloop
  endfacet
  facet normal 0 0 -1
    outer loop
      vertex 135.289 31.7267 0
      vertex 145.687 56.3806 0
      vertex 135.43 31.6572 0
    endloop
  endfacet
  facet normal -0 0 -1
    outer loop
      vertex 146.947 56.0428 0
      vertex 135.561 31.57 0
      vertex 146.306 56.1704 0
    endloop
  endfacet
  facet normal 0 -0 -1
    outer loop
      vertex 150.644 57.0332 0
      vertex 160.85 55.4461 0
      vertex 150.1 56.6699 0
    endloop
  endfacet
  facet normal 0 0 -1
    outer loop
      vertex 127.516 16.7758 0
      vertex 160.557 5.26967 0
      vertex 160.628 5.0591 0
    endloop
  endfacet
  facet normal 0 0 -1
    outer loop
      vertex 127.375 16.7063 0
      vertex 160.628 5.0591 0
      vertex 160.727 4.85966 0
    endloop
  endfacet
  facet normal 0 0 -1
    outer loop
      vertex 127.227 16.6559 0
      vertex 160.727 4.85966 0
      vertex 160.85 4.67476 0
    endloop
  endfacet
  facet normal 0 0 -1
    outer loop
      vertex 127.073 16.6253 0
      vertex 160.85 4.67476 0
      vertex 160.997 4.50758 0
    endloop
  endfacet
  facet normal 0 0 -1
    outer loop
      vertex 161.977 7.39512 0
      vertex 136.02 30.4614 0
      vertex 136.03 30.618 0
    endloop
  endfacet
  facet normal 0 0 -1
    outer loop
      vertex 161.759 7.35173 0
      vertex 135.989 30.3074 0
      vertex 136.02 30.4614 0
    endloop
  endfacet
  facet normal 0 0 -1
    outer loop
      vertex 161.548 7.28025 0
      vertex 135.939 30.1588 0
      vertex 135.989 30.3074 0
    endloop
  endfacet
  facet normal 0 0 -1
    outer loop
      vertex 161.349 7.1819 0
      vertex 135.869 30.018 0
      vertex 135.939 30.1588 0
    endloop
  endfacet
  facet normal 0 0 -1
    outer loop
      vertex 161.164 7.05836 0
      vertex 135.782 29.8875 0
      vertex 135.869 30.018 0
    endloop
  endfacet
  facet normal 0 0 -1
    outer loop
      vertex 160.997 6.91174 0
      vertex 135.679 29.7695 0
      vertex 135.782 29.8875 0
    endloop
  endfacet
  facet normal 0 0 -1
    outer loop
      vertex 160.85 6.74455 0
      vertex 135.561 29.666 0
      vertex 135.679 29.7695 0
    endloop
  endfacet
  facet normal 0 0 -1
    outer loop
      vertex 160.727 6.55966 0
      vertex 128.106 17.6584 0
      vertex 135.561 29.666 0
    endloop
  endfacet
  facet normal 0 0 -1
    outer loop
      vertex 135.561 29.666 0
      vertex 128.106 17.6584 0
      vertex 135.43 29.5788 0
    endloop
  endfacet
  facet normal 0 -0 -1
    outer loop
      vertex 128.116 17.815 0
      vertex 135.43 29.5788 0
      vertex 128.106 17.6584 0
    endloop
  endfacet
  facet normal 0 0 -1
    outer loop
      vertex 135.43 29.5788 0
      vertex 128.116 17.815 0
      vertex 135.289 29.5093 0
    endloop
  endfacet
  facet normal 0 0 -1
    outer loop
      vertex 128.106 17.9716 0
      vertex 135.289 29.5093 0
      vertex 128.116 17.815 0
    endloop
  endfacet
  facet normal 0 0 -1
    outer loop
      vertex 135.289 29.5093 0
      vertex 128.106 17.9716 0
      vertex 135.141 29.4589 0
    endloop
  endfacet
  facet normal 0 0 -1
    outer loop
      vertex 128.075 18.1256 0
      vertex 135.141 29.4589 0
      vertex 128.106 17.9716 0
    endloop
  endfacet
  facet normal 0 0 -1
    outer loop
      vertex 135.141 29.4589 0
      vertex 128.075 18.1256 0
      vertex 134.987 29.4283 0
    endloop
  endfacet
  facet normal 0 0 -1
    outer loop
      vertex 128.025 18.2742 0
      vertex 134.987 29.4283 0
      vertex 128.075 18.1256 0
    endloop
  endfacet
  facet normal 0 0 -1
    outer loop
      vertex 134.987 29.4283 0
      vertex 128.025 18.2742 0
      vertex 134.83 29.418 0
    endloop
  endfacet
  facet normal 0 0 -1
    outer loop
      vertex 127.955 18.415 0
      vertex 134.83 29.418 0
      vertex 128.025 18.2742 0
    endloop
  endfacet
  facet normal 0 0 -1
    outer loop
      vertex 127.516 18.8542 0
      vertex 134.23 29.5788 0
      vertex 127.647 18.767 0
    endloop
  endfacet
  facet normal -0 0 -1
    outer loop
      vertex 134.371 29.5093 0
      vertex 127.647 18.767 0
      vertex 134.23 29.5788 0
    endloop
  endfacet
  facet normal 0 0 -1
    outer loop
      vertex 127.647 18.767 0
      vertex 134.371 29.5093 0
      vertex 127.765 18.6635 0
    endloop
  endfacet
  facet normal -0 0 -1
    outer loop
      vertex 134.519 29.4589 0
      vertex 127.765 18.6635 0
      vertex 134.371 29.5093 0
    endloop
  endfacet
  facet normal 0 0 -1
    outer loop
      vertex 127.765 18.6635 0
      vertex 134.519 29.4589 0
      vertex 127.868 18.5455 0
    endloop
  endfacet
  facet normal -0 0 -1
    outer loop
      vertex 134.673 29.4283 0
      vertex 127.868 18.5455 0
      vertex 134.519 29.4589 0
    endloop
  endfacet
  facet normal -0 0 -1
    outer loop
      vertex 134.83 29.418 0
      vertex 127.955 18.415 0
      vertex 134.673 29.4283 0
    endloop
  endfacet
  facet normal 0 0 -1
    outer loop
      vertex 126.916 16.615 0
      vertex 160.997 4.50758 0
      vertex 161.164 4.36096 0
    endloop
  endfacet
  facet normal 0 0 -1
    outer loop
      vertex 107.61 -77.9577 0
      vertex 161.164 4.36096 0
      vertex 161.349 4.23742 0
    endloop
  endfacet
  facet normal 0 0 -1
    outer loop
      vertex 107.61 -77.9577 0
      vertex 161.349 4.23742 0
      vertex 161.548 4.13906 0
    endloop
  endfacet
  facet normal 0 0 -1
    outer loop
      vertex 127.868 18.5455 0
      vertex 134.673 29.4283 0
      vertex 127.955 18.415 0
    endloop
  endfacet
  facet normal 0 0 -1
    outer loop
      vertex 160.628 6.36022 0
      vertex 128.075 17.5044 0
      vertex 128.106 17.6584 0
    endloop
  endfacet
  facet normal 0 0 -1
    outer loop
      vertex 160.557 6.14965 0
      vertex 128.025 17.3558 0
      vertex 128.075 17.5044 0
    endloop
  endfacet
  facet normal 0 0 -1
    outer loop
      vertex 160.557 6.14965 0
      vertex 127.955 17.215 0
      vertex 128.025 17.3558 0
    endloop
  endfacet
  facet normal 0 0 -1
    outer loop
      vertex 160.514 5.93155 0
      vertex 127.868 17.0845 0
      vertex 127.955 17.215 0
    endloop
  endfacet
  facet normal 0 0 -1
    outer loop
      vertex 160.499 5.70966 0
      vertex 127.765 16.9665 0
      vertex 127.868 17.0845 0
    endloop
  endfacet
  facet normal 0 0 -1
    outer loop
      vertex 160.514 5.48776 0
      vertex 127.647 16.863 0
      vertex 127.765 16.9665 0
    endloop
  endfacet
  facet normal 0 0 -1
    outer loop
      vertex 160.557 5.26967 0
      vertex 127.516 16.7758 0
      vertex 127.647 16.863 0
    endloop
  endfacet
  facet normal 0 0 -1
    outer loop
      vertex 160.628 5.0591 0
      vertex 127.375 16.7063 0
      vertex 127.516 16.7758 0
    endloop
  endfacet
  facet normal 0 0 -1
    outer loop
      vertex 160.727 4.85966 0
      vertex 127.227 16.6559 0
      vertex 127.375 16.7063 0
    endloop
  endfacet
  facet normal 0 0 -1
    outer loop
      vertex 160.85 4.67476 0
      vertex 127.073 16.6253 0
      vertex 127.227 16.6559 0
    endloop
  endfacet
  facet normal 0 0 -1
    outer loop
      vertex 160.997 4.50758 0
      vertex 126.916 16.615 0
      vertex 127.073 16.6253 0
    endloop
  endfacet
  facet normal -0 0 -1
    outer loop
      vertex 161.164 4.36096 0
      vertex 107.61 -77.9577 0
      vertex 126.916 16.615 0
    endloop
  endfacet
  facet normal -0 0 -1
    outer loop
      vertex 126.916 16.615 0
      vertex 107.61 -77.9577 0
      vertex 126.759 16.6253 0
    endloop
  endfacet
  facet normal -0 0 -1
    outer loop
      vertex 126.759 16.6253 0
      vertex 107.61 -77.9577 0
      vertex 126.605 16.6559 0
    endloop
  endfacet
  facet normal 0 0 -1
    outer loop
      vertex 142.6 69 0
      vertex 124.804 119.013 0
      vertex 125 119 0
    endloop
  endfacet
  facet normal 0 0 -1
    outer loop
      vertex 125.726 17.9716 0
      vertex 102.627 58.0356 0
      vertex 124.804 119.013 0
    endloop
  endfacet
  facet normal 0 0 -1
    outer loop
      vertex 102.596 58.1896 0
      vertex 124.804 119.013 0
      vertex 102.627 58.0356 0
    endloop
  endfacet
  facet normal 0 0 -1
    outer loop
      vertex 102.546 58.3382 0
      vertex 124.804 119.013 0
      vertex 102.596 58.1896 0
    endloop
  endfacet
  facet normal 0 0 -1
    outer loop
      vertex 102.476 58.479 0
      vertex 124.804 119.013 0
      vertex 102.546 58.3382 0
    endloop
  endfacet
  facet normal 0 0 -1
    outer loop
      vertex 101.791 98.3224 0
      vertex 124.804 119.013 0
      vertex 102.476 58.479 0
    endloop
  endfacet
  facet normal 0 0 -1
    outer loop
      vertex 101.791 98.6356 0
      vertex 124.804 119.013 0
      vertex 101.801 98.479 0
    endloop
  endfacet
  facet normal -0 0 -1
    outer loop
      vertex 124.804 119.013 0
      vertex 101.791 98.6356 0
      vertex 124.612 119.051 0
    endloop
  endfacet
  facet normal 0 0 -1
    outer loop
      vertex 101.76 98.7896 0
      vertex 124.612 119.051 0
      vertex 101.791 98.6356 0
    endloop
  endfacet
  facet normal -0 0 -1
    outer loop
      vertex 124.612 119.051 0
      vertex 101.76 98.7896 0
      vertex 124.426 119.114 0
    endloop
  endfacet
  facet normal 0 0 -1
    outer loop
      vertex 101.71 98.9382 0
      vertex 124.426 119.114 0
      vertex 101.76 98.7896 0
    endloop
  endfacet
  facet normal -0 0 -1
    outer loop
      vertex 124.426 119.114 0
      vertex 101.71 98.9382 0
      vertex 124.25 119.201 0
    endloop
  endfacet
  facet normal 0 0 -1
    outer loop
      vertex 102.627 57.7224 0
      vertex 125.726 17.6584 0
      vertex 125.757 17.5044 0
    endloop
  endfacet
  facet normal 0 0 -1
    outer loop
      vertex 83.9547 23.4948 0
      vertex 125.807 17.3558 0
      vertex 125.877 17.215 0
    endloop
  endfacet
  facet normal 0 0 -1
    outer loop
      vertex 83.9547 23.4948 0
      vertex 125.877 17.215 0
      vertex 125.964 17.0845 0
    endloop
  endfacet
  facet normal 0 0 -1
    outer loop
      vertex 100.218 -83.6298 0
      vertex 107.61 -77.9577 0
      vertex 104.288 -81.2804 0
    endloop
  endfacet
  facet normal 0 0 -1
    outer loop
      vertex 83.9547 23.4948 0
      vertex 107.61 -77.9577 0
      vertex 100.218 -83.6298 0
    endloop
  endfacet
  facet normal 0 0 -1
    outer loop
      vertex 83.9547 23.4948 0
      vertex 125.964 17.0845 0
      vertex 126.068 16.9665 0
    endloop
  endfacet
  facet normal 0 0 -1
    outer loop
      vertex 83.9547 23.4948 0
      vertex 126.068 16.9665 0
      vertex 126.186 16.863 0
    endloop
  endfacet
  facet normal 0 0 -1
    outer loop
      vertex 83.9547 23.4948 0
      vertex 126.186 16.863 0
      vertex 107.61 -77.9577 0
    endloop
  endfacet
  facet normal -0 0 -1
    outer loop
      vertex 126.316 16.7758 0
      vertex 107.61 -77.9577 0
      vertex 126.186 16.863 0
    endloop
  endfacet
  facet normal -0 0 -1
    outer loop
      vertex 126.457 16.7063 0
      vertex 107.61 -77.9577 0
      vertex 126.316 16.7758 0
    endloop
  endfacet
  facet normal -0 0 -1
    outer loop
      vertex 126.605 16.6559 0
      vertex 107.61 -77.9577 0
      vertex 126.457 16.7063 0
    endloop
  endfacet
  facet normal -0 0 -1
    outer loop
      vertex 161.759 4.06758 0
      vertex 107.61 -77.9577 0
      vertex 161.548 4.13906 0
    endloop
  endfacet
  facet normal 0 0 -1
    outer loop
      vertex 107.61 -77.9577 0
      vertex 161.759 4.06758 0
      vertex 167.004 2.34743 0
    endloop
  endfacet
  facet normal 0 0 -1
    outer loop
      vertex 163.049 108.725 0
      vertex 168.244 119.53 0
      vertex 163.234 108.601 0
    endloop
  endfacet
  facet normal 0 0 -1
    outer loop
      vertex 162.85 108.823 0
      vertex 168.244 119.53 0
      vertex 163.049 108.725 0
    endloop
  endfacet
  facet normal 0 0 -1
    outer loop
      vertex 162.639 108.894 0
      vertex 168.244 119.53 0
      vertex 162.85 108.823 0
    endloop
  endfacet
  facet normal 0 0 -1
    outer loop
      vertex 162.421 108.938 0
      vertex 168.244 119.53 0
      vertex 162.639 108.894 0
    endloop
  endfacet
  facet normal 0 0 -1
    outer loop
      vertex 162.199 108.952 0
      vertex 168.244 119.53 0
      vertex 162.421 108.938 0
    endloop
  endfacet
  facet normal 0 0 -1
    outer loop
      vertex 161.977 108.938 0
      vertex 168.244 119.53 0
      vertex 162.199 108.952 0
    endloop
  endfacet
  facet normal 0 0 -1
    outer loop
      vertex 161.759 108.894 0
      vertex 168.244 119.53 0
      vertex 161.977 108.938 0
    endloop
  endfacet
  facet normal 0 0 -1
    outer loop
      vertex 168.244 119.53 0
      vertex 162.244 125.53 0
      vertex 168.193 120.313 0
    endloop
  endfacet
  facet normal 0 0 -1
    outer loop
      vertex 168.193 120.313 0
      vertex 162.244 125.53 0
      vertex 168.04 121.083 0
    endloop
  endfacet
  facet normal 0 0 -1
    outer loop
      vertex 168.04 121.083 0
      vertex 162.244 125.53 0
      vertex 167.787 121.826 0
    endloop
  endfacet
  facet normal 0 0 -1
    outer loop
      vertex 167.787 121.826 0
      vertex 162.244 125.53 0
      vertex 167.44 122.53 0
    endloop
  endfacet
  facet normal 0 0 -1
    outer loop
      vertex 167.44 122.53 0
      vertex 162.244 125.53 0
      vertex 167.004 123.183 0
    endloop
  endfacet
  facet normal 0 0 -1
    outer loop
      vertex 166.487 123.773 0
      vertex 162.244 125.53 0
      vertex 165.897 124.29 0
    endloop
  endfacet
  facet normal 0 0 -1
    outer loop
      vertex 165.897 124.29 0
      vertex 162.244 125.53 0
      vertex 165.244 124.726 0
    endloop
  endfacet
  facet normal 0 0 -1
    outer loop
      vertex 165.244 124.726 0
      vertex 162.244 125.53 0
      vertex 164.54 125.073 0
    endloop
  endfacet
  facet normal 0 0 -1
    outer loop
      vertex 164.54 125.073 0
      vertex 162.244 125.53 0
      vertex 163.797 125.326 0
    endloop
  endfacet
  facet normal 0 0 -1
    outer loop
      vertex 163.797 125.326 0
      vertex 162.244 125.53 0
      vertex 163.027 125.479 0
    endloop
  endfacet
  facet normal 0 0 -1
    outer loop
      vertex 167.004 123.183 0
      vertex 162.244 125.53 0
      vertex 166.487 123.773 0
    endloop
  endfacet
  facet normal -0 0 -1
    outer loop
      vertex 168.244 119.53 0
      vertex 161.759 108.894 0
      vertex 162.244 125.53 0
    endloop
  endfacet
  facet normal 0 0 -1
    outer loop
      vertex 161.548 108.823 0
      vertex 162.244 125.53 0
      vertex 161.759 108.894 0
    endloop
  endfacet
  facet normal 0 0 -1
    outer loop
      vertex 161.349 108.725 0
      vertex 162.244 125.53 0
      vertex 161.548 108.823 0
    endloop
  endfacet
  facet normal 0 0 -1
    outer loop
      vertex 161.164 108.601 0
      vertex 162.244 125.53 0
      vertex 161.349 108.725 0
    endloop
  endfacet
  facet normal 0 0 -1
    outer loop
      vertex 160.997 108.454 0
      vertex 162.244 125.53 0
      vertex 161.164 108.601 0
    endloop
  endfacet
  facet normal 0 0 -1
    outer loop
      vertex 138.5 120.5 0
      vertex 160.997 108.454 0
      vertex 160.85 108.287 0
    endloop
  endfacet
  facet normal 0 0 -1
    outer loop
      vertex 138.5 120.5 0
      vertex 160.85 108.287 0
      vertex 160.727 108.102 0
    endloop
  endfacet
  facet normal 0 0 -1
    outer loop
      vertex 138.5 120.5 0
      vertex 160.727 108.102 0
      vertex 160.628 107.903 0
    endloop
  endfacet
  facet normal 0 0 -1
    outer loop
      vertex 138.5 120.5 0
      vertex 160.628 107.903 0
      vertex 160.557 107.692 0
    endloop
  endfacet
  facet normal 0 0 -1
    outer loop
      vertex 138.5 120.5 0
      vertex 160.557 107.692 0
      vertex 160.514 107.474 0
    endloop
  endfacet
  facet normal 0 0 -1
    outer loop
      vertex 162.421 58.1664 0
      vertex 152.6 69 0
      vertex 152.557 69.6526 0
    endloop
  endfacet
  facet normal 0 0 -1
    outer loop
      vertex 162.85 58.0516 0
      vertex 152.557 69.6526 0
      vertex 152.43 70.2941 0
    endloop
  endfacet
  facet normal -0 0 -1
    outer loop
      vertex 161.548 105.682 0
      vertex 148.894 73.8296 0
      vertex 161.349 105.78 0
    endloop
  endfacet
  facet normal 0 0 -1
    outer loop
      vertex 148.253 73.9572 0
      vertex 161.349 105.78 0
      vertex 148.894 73.8296 0
    endloop
  endfacet
  facet normal -0 0 -1
    outer loop
      vertex 161.349 105.78 0
      vertex 148.253 73.9572 0
      vertex 161.164 105.904 0
    endloop
  endfacet
  facet normal -0 0 -1
    outer loop
      vertex 161.164 105.904 0
      vertex 148.253 73.9572 0
      vertex 160.997 106.05 0
    endloop
  endfacet
  facet normal 0 0 -1
    outer loop
      vertex 147.6 74 0
      vertex 160.997 106.05 0
      vertex 148.253 73.9572 0
    endloop
  endfacet
  facet normal -0 0 -1
    outer loop
      vertex 160.997 106.05 0
      vertex 147.6 74 0
      vertex 160.85 106.217 0
    endloop
  endfacet
  facet normal 0 0 -1
    outer loop
      vertex 146.947 73.9572 0
      vertex 160.85 106.217 0
      vertex 147.6 74 0
    endloop
  endfacet
  facet normal -0 0 -1
    outer loop
      vertex 160.85 106.217 0
      vertex 146.947 73.9572 0
      vertex 160.727 106.402 0
    endloop
  endfacet
  facet normal 0 0 -1
    outer loop
      vertex 146.306 73.8296 0
      vertex 160.727 106.402 0
      vertex 146.947 73.9572 0
    endloop
  endfacet
  facet normal -0 0 -1
    outer loop
      vertex 160.727 106.402 0
      vertex 146.306 73.8296 0
      vertex 160.628 106.602 0
    endloop
  endfacet
  facet normal 0 0 -1
    outer loop
      vertex 138.5 120.5 0
      vertex 160.628 106.602 0
      vertex 146.306 73.8296 0
    endloop
  endfacet
  facet normal 0 0 -1
    outer loop
      vertex 160.628 106.602 0
      vertex 138.5 120.5 0
      vertex 160.557 106.812 0
    endloop
  endfacet
  facet normal 0 0 -1
    outer loop
      vertex 160.557 106.812 0
      vertex 138.5 120.5 0
      vertex 160.514 107.03 0
    endloop
  endfacet
  facet normal 0 0 -1
    outer loop
      vertex 160.514 107.03 0
      vertex 138.5 120.5 0
      vertex 160.499 107.252 0
    endloop
  endfacet
  facet normal 0 0 -1
    outer loop
      vertex 160.499 107.252 0
      vertex 138.5 120.5 0
      vertex 160.514 107.474 0
    endloop
  endfacet
  facet normal 0 0 -1
    outer loop
      vertex 138.5 120.5 0
      vertex 146.306 73.8296 0
      vertex 145.687 73.6194 0
    endloop
  endfacet
  facet normal 0 0 -1
    outer loop
      vertex 138.5 120.5 0
      vertex 145.687 73.6194 0
      vertex 145.1 73.3301 0
    endloop
  endfacet
  facet normal 0 0 -1
    outer loop
      vertex 138.5 120.5 0
      vertex 145.1 73.3301 0
      vertex 144.556 72.9668 0
    endloop
  endfacet
  facet normal 0 0 -1
    outer loop
      vertex 138.5 120.5 0
      vertex 144.556 72.9668 0
      vertex 144.064 72.5355 0
    endloop
  endfacet
  facet normal 0 0 -1
    outer loop
      vertex 138.5 120.5 0
      vertex 144.064 72.5355 0
      vertex 143.633 72.0438 0
    endloop
  endfacet
  facet normal 0 0 -1
    outer loop
      vertex 138.5 120.5 0
      vertex 143.633 72.0438 0
      vertex 143.27 71.5 0
    endloop
  endfacet
  facet normal 0 0 -1
    outer loop
      vertex 138.5 120.5 0
      vertex 143.27 71.5 0
      vertex 142.981 70.9134 0
    endloop
  endfacet
  facet normal 0 0 -1
    outer loop
      vertex 138.5 120.5 0
      vertex 142.643 69.6526 0
      vertex 142.6 69 0
    endloop
  endfacet
  facet normal 0 0 -1
    outer loop
      vertex 138.5 120.5 0
      vertex 142.77 70.2941 0
      vertex 142.643 69.6526 0
    endloop
  endfacet
  facet normal 0 0 -1
    outer loop
      vertex 138.5 120.5 0
      vertex 142.981 70.9134 0
      vertex 142.77 70.2941 0
    endloop
  endfacet
  facet normal 0 0 -1
    outer loop
      vertex 160.997 108.454 0
      vertex 138.5 120.5 0
      vertex 162.244 125.53 0
    endloop
  endfacet
  facet normal 0 0 -1
    outer loop
      vertex 138.487 120.696 0
      vertex 162.244 125.53 0
      vertex 138.5 120.5 0
    endloop
  endfacet
  facet normal 0 0 -1
    outer loop
      vertex 138.449 120.888 0
      vertex 162.244 125.53 0
      vertex 138.487 120.696 0
    endloop
  endfacet
  facet normal 0 0 -1
    outer loop
      vertex 138.386 121.074 0
      vertex 162.244 125.53 0
      vertex 138.449 120.888 0
    endloop
  endfacet
  facet normal 0 0 -1
    outer loop
      vertex 138.299 121.25 0
      vertex 162.244 125.53 0
      vertex 138.386 121.074 0
    endloop
  endfacet
  facet normal 0 0 -1
    outer loop
      vertex 138.19 121.413 0
      vertex 162.244 125.53 0
      vertex 138.299 121.25 0
    endloop
  endfacet
  facet normal 0 0 -1
    outer loop
      vertex 138.061 121.561 0
      vertex 162.244 125.53 0
      vertex 138.19 121.413 0
    endloop
  endfacet
  facet normal 0 0 -1
    outer loop
      vertex 137.913 121.69 0
      vertex 162.244 125.53 0
      vertex 138.061 121.561 0
    endloop
  endfacet
  facet normal 0 0 -1
    outer loop
      vertex 137.75 121.799 0
      vertex 162.244 125.53 0
      vertex 137.913 121.69 0
    endloop
  endfacet
  facet normal 0 0 -1
    outer loop
      vertex 137.574 121.886 0
      vertex 162.244 125.53 0
      vertex 137.75 121.799 0
    endloop
  endfacet
  facet normal 0 0 -1
    outer loop
      vertex 137.388 121.949 0
      vertex 162.244 125.53 0
      vertex 137.574 121.886 0
    endloop
  endfacet
  facet normal 0 0 -1
    outer loop
      vertex 137.196 121.987 0
      vertex 162.244 125.53 0
      vertex 137.388 121.949 0
    endloop
  endfacet
  facet normal 0 0 -1
    outer loop
      vertex 137 122 0
      vertex 162.244 125.53 0
      vertex 137.196 121.987 0
    endloop
  endfacet
  facet normal 0 0 -1
    outer loop
      vertex 125 122 0
      vertex 162.244 125.53 0
      vertex 137 122 0
    endloop
  endfacet
  facet normal 0 0 -1
    outer loop
      vertex 124.804 121.987 0
      vertex 162.244 125.53 0
      vertex 125 122 0
    endloop
  endfacet
  facet normal 0 0 -1
    outer loop
      vertex 125.726 17.9716 0
      vertex 102.637 57.879 0
      vertex 102.627 58.0356 0
    endloop
  endfacet
  facet normal 0 0 -1
    outer loop
      vertex 104.288 -81.2804 0
      vertex 107.61 -77.9577 0
      vertex 106.058 -79.7279 0
    endloop
  endfacet
  facet normal 0 0 -1
    outer loop
      vertex 102.627 57.7224 0
      vertex 125.716 17.815 0
      vertex 125.726 17.6584 0
    endloop
  endfacet
  facet normal 0 0 -1
    outer loop
      vertex 101.64 99.079 0
      vertex 124.25 119.201 0
      vertex 101.71 98.9382 0
    endloop
  endfacet
  facet normal -0 0 -1
    outer loop
      vertex 124.25 119.201 0
      vertex 101.64 99.079 0
      vertex 124.087 119.31 0
    endloop
  endfacet
  facet normal 0 0 -1
    outer loop
      vertex 101.553 99.2095 0
      vertex 124.087 119.31 0
      vertex 101.64 99.079 0
    endloop
  endfacet
  facet normal -0 0 -1
    outer loop
      vertex 124.087 119.31 0
      vertex 101.553 99.2095 0
      vertex 123.939 119.439 0
    endloop
  endfacet
  facet normal 0 0 -1
    outer loop
      vertex 101.45 99.3275 0
      vertex 123.939 119.439 0
      vertex 101.553 99.2095 0
    endloop
  endfacet
  facet normal -0 0 -1
    outer loop
      vertex 123.939 119.439 0
      vertex 101.45 99.3275 0
      vertex 123.81 119.587 0
    endloop
  endfacet
  facet normal 0 0 -1
    outer loop
      vertex 101.791 98.3224 0
      vertex 102.476 58.479 0
      vertex 102.389 58.6095 0
    endloop
  endfacet
  facet normal 0 0 -1
    outer loop
      vertex 101.332 99.431 0
      vertex 123.81 119.587 0
      vertex 101.45 99.3275 0
    endloop
  endfacet
  facet normal 0 0 -1
    outer loop
      vertex 101.791 98.3224 0
      vertex 102.389 58.6095 0
      vertex 102.286 58.7275 0
    endloop
  endfacet
  facet normal 0 0 -1
    outer loop
      vertex 101.791 98.3224 0
      vertex 102.286 58.7275 0
      vertex 102.168 58.831 0
    endloop
  endfacet
  facet normal 0 0 -1
    outer loop
      vertex 101.791 98.3224 0
      vertex 102.168 58.831 0
      vertex 102.037 58.9182 0
    endloop
  endfacet
  facet normal 0 0 -1
    outer loop
      vertex 101.201 97.4398 0
      vertex 102.037 58.9182 0
      vertex 101.896 58.9877 0
    endloop
  endfacet
  facet normal -0 0 -1
    outer loop
      vertex 123.81 119.587 0
      vertex 101.332 99.431 0
      vertex 123.701 119.75 0
    endloop
  endfacet
  facet normal 0 0 -1
    outer loop
      vertex 101.201 99.5182 0
      vertex 123.701 119.75 0
      vertex 101.332 99.431 0
    endloop
  endfacet
  facet normal -0 0 -1
    outer loop
      vertex 123.701 119.75 0
      vertex 101.201 99.5182 0
      vertex 123.614 119.926 0
    endloop
  endfacet
  facet normal 0 0 -1
    outer loop
      vertex 101.06 99.5877 0
      vertex 123.614 119.926 0
      vertex 101.201 99.5182 0
    endloop
  endfacet
  facet normal -0 0 -1
    outer loop
      vertex 123.614 119.926 0
      vertex 101.06 99.5877 0
      vertex 123.551 120.112 0
    endloop
  endfacet
  facet normal 0 0 -1
    outer loop
      vertex 100.912 99.6381 0
      vertex 123.551 120.112 0
      vertex 101.06 99.5877 0
    endloop
  endfacet
  facet normal -0 0 -1
    outer loop
      vertex 123.551 120.112 0
      vertex 100.912 99.6381 0
      vertex 123.513 120.304 0
    endloop
  endfacet
  facet normal 0 0 -1
    outer loop
      vertex 100.758 99.6687 0
      vertex 123.513 120.304 0
      vertex 100.912 99.6381 0
    endloop
  endfacet
  facet normal -0 0 -1
    outer loop
      vertex 123.513 120.304 0
      vertex 100.758 99.6687 0
      vertex 123.5 120.5 0
    endloop
  endfacet
  facet normal 0 0 -1
    outer loop
      vertex 100.601 99.679 0
      vertex 123.5 120.5 0
      vertex 100.758 99.6687 0
    endloop
  endfacet
  facet normal -0 0 -1
    outer loop
      vertex 123.5 120.5 0
      vertex 100.601 99.679 0
      vertex 123.513 120.696 0
    endloop
  endfacet
  facet normal 0 0 -1
    outer loop
      vertex 100.444 99.6687 0
      vertex 123.513 120.696 0
      vertex 100.601 99.679 0
    endloop
  endfacet
  facet normal -0 0 -1
    outer loop
      vertex 123.513 120.696 0
      vertex 100.444 99.6687 0
      vertex 123.551 120.888 0
    endloop
  endfacet
  facet normal 0 0 -1
    outer loop
      vertex 100.29 99.6381 0
      vertex 123.551 120.888 0
      vertex 100.444 99.6687 0
    endloop
  endfacet
  facet normal -0 0 -1
    outer loop
      vertex 123.551 120.888 0
      vertex 100.29 99.6381 0
      vertex 123.614 121.074 0
    endloop
  endfacet
  facet normal 0 0 -1
    outer loop
      vertex 100.142 99.5877 0
      vertex 123.614 121.074 0
      vertex 100.29 99.6381 0
    endloop
  endfacet
  facet normal -0 0 -1
    outer loop
      vertex 123.614 121.074 0
      vertex 100.142 99.5877 0
      vertex 123.701 121.25 0
    endloop
  endfacet
  facet normal 0 0 -1
    outer loop
      vertex 63.9371 102.019 0
      vertex 123.701 121.25 0
      vertex 100.142 99.5877 0
    endloop
  endfacet
  facet normal 0 0 -1
    outer loop
      vertex 63.7963 102.089 0
      vertex 123.701 121.25 0
      vertex 63.9371 102.019 0
    endloop
  endfacet
  facet normal 0 0 -1
    outer loop
      vertex 63.9371 102.019 0
      vertex 100.142 99.5877 0
      vertex 100.001 99.5182 0
    endloop
  endfacet
  facet normal 0 0 -1
    outer loop
      vertex 64.0676 101.932 0
      vertex 100.001 99.5182 0
      vertex 99.8705 99.431 0
    endloop
  endfacet
  facet normal 0 0 -1
    outer loop
      vertex 64.1856 101.829 0
      vertex 99.8705 99.431 0
      vertex 99.7525 99.3275 0
    endloop
  endfacet
  facet normal 0 0 -1
    outer loop
      vertex 93.3298 -85 0
      vertex 97.9886 -84.3867 0
      vertex 95.6793 -84.846 0
    endloop
  endfacet
  facet normal 0 0 -1
    outer loop
      vertex 67.6848 14.9846 0
      vertex 100.218 -83.6298 0
      vertex 93.3298 -85 0
    endloop
  endfacet
  facet normal 0 0 -1
    outer loop
      vertex 78.0061 30.278 0
      vertex 100.278 57.5684 0
      vertex 78.7892 30.2267 0
    endloop
  endfacet
  facet normal 0 0 -1
    outer loop
      vertex 67.8491 33.4904 0
      vertex 100.278 57.5684 0
      vertex 78.0061 30.278 0
    endloop
  endfacet
  facet normal -0 0 -1
    outer loop
      vertex 100.278 57.5684 0
      vertex 67.8491 33.4904 0
      vertex 100.247 57.7224 0
    endloop
  endfacet
  facet normal 0 0 -1
    outer loop
      vertex 100.837 58.9182 0
      vertex 100.001 97.4398 0
      vertex 100.142 97.3703 0
    endloop
  endfacet
  facet normal -0 0 -1
    outer loop
      vertex 100.247 57.7224 0
      vertex 67.6848 33.5714 0
      vertex 100.237 57.879 0
    endloop
  endfacet
  facet normal 0 0 -1
    outer loop
      vertex 67.5114 33.6303 0
      vertex 100.237 57.879 0
      vertex 67.6848 33.5714 0
    endloop
  endfacet
  facet normal 0 0 -1
    outer loop
      vertex 100.707 58.831 0
      vertex 99.8705 97.527 0
      vertex 100.001 97.4398 0
    endloop
  endfacet
  facet normal 0 0 -1
    outer loop
      vertex 100.589 58.7275 0
      vertex 64.5371 100.98 0
      vertex 99.7525 97.6305 0
    endloop
  endfacet
  facet normal 0 0 -1
    outer loop
      vertex 100.589 58.7275 0
      vertex 99.7525 97.6305 0
      vertex 99.8705 97.527 0
    endloop
  endfacet
  facet normal 0 0 -1
    outer loop
      vertex 99.7525 97.6305 0
      vertex 64.5371 100.98 0
      vertex 99.649 97.7485 0
    endloop
  endfacet
  facet normal 0 0 -1
    outer loop
      vertex 99.649 97.7485 0
      vertex 64.5371 100.98 0
      vertex 99.5618 97.879 0
    endloop
  endfacet
  facet normal 0 0 -1
    outer loop
      vertex 99.5618 97.879 0
      vertex 64.5371 100.98 0
      vertex 99.4924 98.0198 0
    endloop
  endfacet
  facet normal 0 0 -1
    outer loop
      vertex 99.4924 98.0198 0
      vertex 64.5371 100.98 0
      vertex 99.4419 98.1684 0
    endloop
  endfacet
  facet normal 0 0 -1
    outer loop
      vertex 99.4419 98.1684 0
      vertex 64.5371 100.98 0
      vertex 99.4113 98.3224 0
    endloop
  endfacet
  facet normal 0 0 -1
    outer loop
      vertex 67.6848 33.5714 0
      vertex 100.247 57.7224 0
      vertex 67.8491 33.4904 0
    endloop
  endfacet
  facet normal 0 0 -1
    outer loop
      vertex 68.0013 33.3887 0
      vertex 78.0061 30.278 0
      vertex 77.2229 30.2267 0
    endloop
  endfacet
  facet normal 0 0 -1
    outer loop
      vertex 68.2598 33.1303 0
      vertex 77.2229 30.2267 0
      vertex 76.4531 30.0736 0
    endloop
  endfacet
  facet normal 0 0 -1
    outer loop
      vertex 68.3615 32.978 0
      vertex 76.4531 30.0736 0
      vertex 75.71 29.8213 0
    endloop
  endfacet
  facet normal 0 0 -1
    outer loop
      vertex 99.4113 98.3224 0
      vertex 64.5371 100.98 0
      vertex 99.4011 98.479 0
    endloop
  endfacet
  facet normal 0 0 -1
    outer loop
      vertex 68.5014 32.6403 0
      vertex 75.71 29.8213 0
      vertex 75.0061 29.4742 0
    endloop
  endfacet
  facet normal 0 0 -1
    outer loop
      vertex 68.5491 32.278 0
      vertex 75.0061 29.4742 0
      vertex 74.3535 29.0381 0
    endloop
  endfacet
  facet normal 0 0 -1
    outer loop
      vertex 68.5491 32.278 0
      vertex 74.3535 29.0381 0
      vertex 73.7634 28.5206 0
    endloop
  endfacet
  facet normal 0 0 -1
    outer loop
      vertex 68.5491 32.278 0
      vertex 73.7634 28.5206 0
      vertex 73.2459 27.9306 0
    endloop
  endfacet
  facet normal 0 0 -1
    outer loop
      vertex 68.5491 32.278 0
      vertex 73.2459 27.9306 0
      vertex 72.8099 27.278 0
    endloop
  endfacet
  facet normal 0 0 -1
    outer loop
      vertex 68.5491 32.278 0
      vertex 72.8099 27.278 0
      vertex 72.4628 26.5741 0
    endloop
  endfacet
  facet normal 0 0 -1
    outer loop
      vertex 68.139 17.2679 0
      vertex 73.2459 20.6254 0
      vertex 68.2598 17.1303 0
    endloop
  endfacet
  facet normal 0 0 -1
    outer loop
      vertex 72.0061 24.278 0
      vertex 68.5491 32.278 0
      vertex 72.0574 25.0612 0
    endloop
  endfacet
  facet normal 0 0 -1
    outer loop
      vertex 72.0574 25.0612 0
      vertex 68.5491 32.278 0
      vertex 72.2105 25.8309 0
    endloop
  endfacet
  facet normal 0 0 -1
    outer loop
      vertex 72.2105 25.8309 0
      vertex 68.5491 32.278 0
      vertex 72.4628 26.5741 0
    endloop
  endfacet
  facet normal 0 0 -1
    outer loop
      vertex 75.0061 29.4742 0
      vertex 68.5491 32.278 0
      vertex 68.5371 32.4607 0
    endloop
  endfacet
  facet normal 0 0 -1
    outer loop
      vertex 75.0061 29.4742 0
      vertex 68.5371 32.4607 0
      vertex 68.5014 32.6403 0
    endloop
  endfacet
  facet normal 0 0 -1
    outer loop
      vertex 75.71 29.8213 0
      vertex 68.5014 32.6403 0
      vertex 68.4425 32.8138 0
    endloop
  endfacet
  facet normal 0 0 -1
    outer loop
      vertex 75.71 29.8213 0
      vertex 68.4425 32.8138 0
      vertex 68.3615 32.978 0
    endloop
  endfacet
  facet normal 0 0 -1
    outer loop
      vertex 76.4531 30.0736 0
      vertex 68.3615 32.978 0
      vertex 68.2598 33.1303 0
    endloop
  endfacet
  facet normal 0 0 -1
    outer loop
      vertex 77.2229 30.2267 0
      vertex 68.2598 33.1303 0
      vertex 68.139 33.2679 0
    endloop
  endfacet
  facet normal 0 0 -1
    outer loop
      vertex 77.2229 30.2267 0
      vertex 68.139 33.2679 0
      vertex 68.0013 33.3887 0
    endloop
  endfacet
  facet normal 0 0 -1
    outer loop
      vertex 78.0061 30.278 0
      vertex 68.0013 33.3887 0
      vertex 67.8491 33.4904 0
    endloop
  endfacet
  facet normal 0 0 -1
    outer loop
      vertex 99.4011 98.479 0
      vertex 64.5371 100.98 0
      vertex 99.4113 98.6356 0
    endloop
  endfacet
  facet normal 0 0 -1
    outer loop
      vertex 99.4113 98.6356 0
      vertex 64.5371 100.98 0
      vertex 99.4419 98.7896 0
    endloop
  endfacet
  facet normal 0 0 -1
    outer loop
      vertex 100.247 58.0356 0
      vertex 67.5114 33.6303 0
      vertex 67.3318 33.666 0
    endloop
  endfacet
  facet normal 0 0 -1
    outer loop
      vertex 100.278 58.1896 0
      vertex 67.3318 33.666 0
      vertex 67.1491 33.678 0
    endloop
  endfacet
  facet normal -0 0 -1
    outer loop
      vertex 100.278 58.1896 0
      vertex 67.1491 33.678 0
      vertex 64.5371 100.98 0
    endloop
  endfacet
  facet normal 0 0 -1
    outer loop
      vertex 64.5268 101.137 0
      vertex 99.4419 98.7896 0
      vertex 64.5371 100.98 0
    endloop
  endfacet
  facet normal 0 0 -1
    outer loop
      vertex 64.5371 100.98 0
      vertex 67.1491 33.678 0
      vertex 66.9663 33.666 0
    endloop
  endfacet
  facet normal 0 0 -1
    outer loop
      vertex 64.5371 100.98 0
      vertex 66.9663 33.666 0
      vertex 66.7867 33.6303 0
    endloop
  endfacet
  facet normal 0 0 -1
    outer loop
      vertex 64.5371 100.98 0
      vertex 66.7867 33.6303 0
      vertex 66.6133 33.5714 0
    endloop
  endfacet
  facet normal 0 0 -1
    outer loop
      vertex 64.5371 100.98 0
      vertex 66.6133 33.5714 0
      vertex 66.4491 33.4904 0
    endloop
  endfacet
  facet normal 0 0 -1
    outer loop
      vertex 64.5371 100.98 0
      vertex 66.4491 33.4904 0
      vertex 66.2968 33.3887 0
    endloop
  endfacet
  facet normal 0 0 -1
    outer loop
      vertex 64.5371 100.98 0
      vertex 66.2968 33.3887 0
      vertex 66.1591 33.2679 0
    endloop
  endfacet
  facet normal 0 0 -1
    outer loop
      vertex 64.5371 100.98 0
      vertex 66.1591 33.2679 0
      vertex 66.0384 33.1303 0
    endloop
  endfacet
  facet normal 0 0 -1
    outer loop
      vertex 64.5371 100.98 0
      vertex 66.0384 33.1303 0
      vertex 65.9366 32.978 0
    endloop
  endfacet
  facet normal 0 0 -1
    outer loop
      vertex 64.5371 100.98 0
      vertex 65.761 32.4607 0
      vertex 65.7491 32.278 0
    endloop
  endfacet
  facet normal 0 0 -1
    outer loop
      vertex 64.5371 100.98 0
      vertex 65.7968 32.6403 0
      vertex 65.761 32.4607 0
    endloop
  endfacet
  facet normal 0 0 -1
    outer loop
      vertex 64.5371 100.98 0
      vertex 65.8556 32.8138 0
      vertex 65.7968 32.6403 0
    endloop
  endfacet
  facet normal 0 0 -1
    outer loop
      vertex 64.5371 100.98 0
      vertex 65.9366 32.978 0
      vertex 65.8556 32.8138 0
    endloop
  endfacet
  facet normal 0 0 -1
    outer loop
      vertex 99.4419 98.7896 0
      vertex 64.5268 101.137 0
      vertex 99.4924 98.9382 0
    endloop
  endfacet
  facet normal 0 0 -1
    outer loop
      vertex 64.4962 101.291 0
      vertex 99.4924 98.9382 0
      vertex 64.5268 101.137 0
    endloop
  endfacet
  facet normal 0 0 -1
    outer loop
      vertex 99.4924 98.9382 0
      vertex 64.4962 101.291 0
      vertex 99.5618 99.079 0
    endloop
  endfacet
  facet normal 0 0 -1
    outer loop
      vertex 64.4457 101.439 0
      vertex 99.5618 99.079 0
      vertex 64.4962 101.291 0
    endloop
  endfacet
  facet normal 0 0 -1
    outer loop
      vertex 99.5618 99.079 0
      vertex 64.4457 101.439 0
      vertex 99.649 99.2095 0
    endloop
  endfacet
  facet normal 0 0 -1
    outer loop
      vertex 64.3763 101.58 0
      vertex 99.649 99.2095 0
      vertex 64.4457 101.439 0
    endloop
  endfacet
  facet normal 0 0 -1
    outer loop
      vertex 99.649 99.2095 0
      vertex 64.3763 101.58 0
      vertex 99.7525 99.3275 0
    endloop
  endfacet
  facet normal 0 0 -1
    outer loop
      vertex 64.2891 101.711 0
      vertex 99.7525 99.3275 0
      vertex 64.3763 101.58 0
    endloop
  endfacet
  facet normal 0 0 -1
    outer loop
      vertex 64.1856 101.829 0
      vertex 99.7525 99.3275 0
      vertex 64.2891 101.711 0
    endloop
  endfacet
  facet normal 0 0 -1
    outer loop
      vertex 99.8705 99.431 0
      vertex 64.1856 101.829 0
      vertex 64.0676 101.932 0
    endloop
  endfacet
  facet normal 0 0 -1
    outer loop
      vertex 100.001 99.5182 0
      vertex 64.0676 101.932 0
      vertex 63.9371 102.019 0
    endloop
  endfacet
  facet normal -0 0 -1
    outer loop
      vertex 123.701 121.25 0
      vertex 63.7963 102.089 0
      vertex 123.81 121.413 0
    endloop
  endfacet
  facet normal 0 0 -1
    outer loop
      vertex 63.6476 102.139 0
      vertex 123.81 121.413 0
      vertex 63.7963 102.089 0
    endloop
  endfacet
  facet normal -0 0 -1
    outer loop
      vertex 123.81 121.413 0
      vertex 63.6476 102.139 0
      vertex 123.939 121.561 0
    endloop
  endfacet
  facet normal 0 0 -1
    outer loop
      vertex 63.4937 102.17 0
      vertex 123.939 121.561 0
      vertex 63.6476 102.139 0
    endloop
  endfacet
  facet normal -0 0 -1
    outer loop
      vertex 123.939 121.561 0
      vertex 63.4937 102.17 0
      vertex 124.087 121.69 0
    endloop
  endfacet
  facet normal 0 0 -1
    outer loop
      vertex 18.5607 121.561 0
      vertex 124.087 121.69 0
      vertex 63.4937 102.17 0
    endloop
  endfacet
  facet normal 0 0 -1
    outer loop
      vertex 18.4131 121.69 0
      vertex 124.087 121.69 0
      vertex 18.5607 121.561 0
    endloop
  endfacet
  facet normal 0 0 -1
    outer loop
      vertex 124.087 121.69 0
      vertex 18.4131 121.69 0
      vertex 124.25 121.799 0
    endloop
  endfacet
  facet normal 0 0 -1
    outer loop
      vertex 18.5607 121.561 0
      vertex 63.4937 102.17 0
      vertex 63.3371 102.18 0
    endloop
  endfacet
  facet normal 0 0 -1
    outer loop
      vertex 18.69 121.413 0
      vertex 63.3371 102.18 0
      vertex 63.1804 102.17 0
    endloop
  endfacet
  facet normal 0 0 -1
    outer loop
      vertex 18.799 121.25 0
      vertex 63.1804 102.17 0
      vertex 63.0265 102.139 0
    endloop
  endfacet
  facet normal 0 0 -1
    outer loop
      vertex 25.9772 89.5896 0
      vertex 62.2284 100.521 0
      vertex 26.0078 89.4356 0
    endloop
  endfacet
  facet normal 0 0 -1
    outer loop
      vertex 26.0181 89.279 0
      vertex 61.9001 59.2182 0
      vertex 61.7695 59.131 0
    endloop
  endfacet
  facet normal 0 0 -1
    outer loop
      vertex 26.0181 89.279 0
      vertex 61.7695 59.131 0
      vertex 61.6515 59.0275 0
    endloop
  endfacet
  facet normal 0 0 -1
    outer loop
      vertex 26.0181 89.279 0
      vertex 61.6515 59.0275 0
      vertex 61.548 58.9095 0
    endloop
  endfacet
  facet normal 0 0 -1
    outer loop
      vertex 26.0181 89.279 0
      vertex 61.548 58.9095 0
      vertex 61.4608 58.779 0
    endloop
  endfacet
  facet normal 0 0 -1
    outer loop
      vertex 26.0181 89.279 0
      vertex 61.4608 58.779 0
      vertex 61.3914 58.6382 0
    endloop
  endfacet
  facet normal 0 0 -1
    outer loop
      vertex 26.0181 89.279 0
      vertex 61.3914 58.6382 0
      vertex 61.3409 58.4896 0
    endloop
  endfacet
  facet normal 0 0 -1
    outer loop
      vertex 26.0181 89.279 0
      vertex 61.3409 58.4896 0
      vertex 61.3103 58.3356 0
    endloop
  endfacet
  facet normal -0 0 -1
    outer loop
      vertex 61.548 57.4485 0
      vertex 25.7701 32.8585 0
      vertex 61.4608 57.579 0
    endloop
  endfacet
  facet normal 0 0 -1
    outer loop
      vertex 25.6666 32.9765 0
      vertex 61.4608 57.579 0
      vertex 25.7701 32.8585 0
    endloop
  endfacet
  facet normal -0 0 -1
    outer loop
      vertex 62.2284 100.521 0
      vertex 25.9772 89.5896 0
      vertex 62.1779 100.669 0
    endloop
  endfacet
  facet normal 0 0 -1
    outer loop
      vertex 25.9267 89.7382 0
      vertex 62.1779 100.669 0
      vertex 25.9772 89.5896 0
    endloop
  endfacet
  facet normal -0 0 -1
    outer loop
      vertex 62.1779 100.669 0
      vertex 25.9267 89.7382 0
      vertex 62.1473 100.823 0
    endloop
  endfacet
  facet normal 0 0 -1
    outer loop
      vertex 25.8573 89.879 0
      vertex 62.1473 100.823 0
      vertex 25.9267 89.7382 0
    endloop
  endfacet
  facet normal -0 0 -1
    outer loop
      vertex 62.1473 100.823 0
      vertex 25.8573 89.879 0
      vertex 62.1371 100.98 0
    endloop
  endfacet
  facet normal 0 0 -1
    outer loop
      vertex 25.7701 90.0095 0
      vertex 62.1371 100.98 0
      vertex 25.8573 89.879 0
    endloop
  endfacet
  facet normal -0 0 -1
    outer loop
      vertex 62.1371 100.98 0
      vertex 25.7701 90.0095 0
      vertex 62.1473 101.137 0
    endloop
  endfacet
  facet normal 0 0 -1
    outer loop
      vertex 25.6666 90.1275 0
      vertex 62.1473 101.137 0
      vertex 25.7701 90.0095 0
    endloop
  endfacet
  facet normal -0 0 -1
    outer loop
      vertex 62.1473 101.137 0
      vertex 25.6666 90.1275 0
      vertex 62.1779 101.291 0
    endloop
  endfacet
  facet normal 0 0 -1
    outer loop
      vertex 25.5486 90.231 0
      vertex 62.1779 101.291 0
      vertex 25.6666 90.1275 0
    endloop
  endfacet
  facet normal -0 0 -1
    outer loop
      vertex 62.1779 101.291 0
      vertex 25.5486 90.231 0
      vertex 62.2284 101.439 0
    endloop
  endfacet
  facet normal 0 0 -1
    outer loop
      vertex 18.9872 120.304 0
      vertex 62.2284 101.439 0
      vertex 25.5486 90.231 0
    endloop
  endfacet
  facet normal 0 0 -1
    outer loop
      vertex 18.9872 120.304 0
      vertex 62.2978 101.58 0
      vertex 62.2284 101.439 0
    endloop
  endfacet
  facet normal 0 0 -1
    outer loop
      vertex 18.9872 120.304 0
      vertex 62.385 101.711 0
      vertex 62.2978 101.58 0
    endloop
  endfacet
  facet normal 0 0 -1
    outer loop
      vertex 18.9872 120.304 0
      vertex 62.4885 101.829 0
      vertex 62.385 101.711 0
    endloop
  endfacet
  facet normal 0 0 -1
    outer loop
      vertex 62.4885 101.829 0
      vertex 19 120.5 0
      vertex 62.6065 101.932 0
    endloop
  endfacet
  facet normal 0 0 -1
    outer loop
      vertex 18.9872 120.696 0
      vertex 62.6065 101.932 0
      vertex 19 120.5 0
    endloop
  endfacet
  facet normal 0 0 -1
    outer loop
      vertex 62.6065 101.932 0
      vertex 18.9872 120.696 0
      vertex 62.7371 102.019 0
    endloop
  endfacet
  facet normal 0 0 -1
    outer loop
      vertex 18.9489 120.888 0
      vertex 62.7371 102.019 0
      vertex 18.9872 120.696 0
    endloop
  endfacet
  facet normal 0 0 -1
    outer loop
      vertex 18.9872 120.304 0
      vertex 25.5486 90.231 0
      vertex 25.4181 90.3182 0
    endloop
  endfacet
  facet normal 0 0 -1
    outer loop
      vertex 18.9872 120.304 0
      vertex 25.4181 90.3182 0
      vertex 25.2773 90.3877 0
    endloop
  endfacet
  facet normal 0 0 -1
    outer loop
      vertex 18.9872 120.304 0
      vertex 25.2773 90.3877 0
      vertex 25.1286 90.4381 0
    endloop
  endfacet
  facet normal 0 0 -1
    outer loop
      vertex 18.9872 120.304 0
      vertex 25.1286 90.4381 0
      vertex 24.9747 90.4687 0
    endloop
  endfacet
  facet normal 0 0 -1
    outer loop
      vertex 18.9872 120.304 0
      vertex 24.9747 90.4687 0
      vertex 24.8181 90.479 0
    endloop
  endfacet
  facet normal 0 0 -1
    outer loop
      vertex 18.9872 120.304 0
      vertex 24.8181 90.479 0
      vertex 24.6614 90.4687 0
    endloop
  endfacet
  facet normal 0 0 -1
    outer loop
      vertex 18.9872 120.304 0
      vertex 24.6614 90.4687 0
      vertex 24.5075 90.4381 0
    endloop
  endfacet
  facet normal 0 0 -1
    outer loop
      vertex 18.9872 120.304 0
      vertex 23.6181 89.279 0
      vertex 23.6283 89.1224 0
    endloop
  endfacet
  facet normal 0 0 -1
    outer loop
      vertex 18.9872 120.304 0
      vertex 23.6283 89.4356 0
      vertex 23.6181 89.279 0
    endloop
  endfacet
  facet normal 0 0 -1
    outer loop
      vertex 18.9872 120.304 0
      vertex 23.6589 89.5896 0
      vertex 23.6283 89.4356 0
    endloop
  endfacet
  facet normal 0 0 -1
    outer loop
      vertex 18.9872 120.304 0
      vertex 23.7094 89.7382 0
      vertex 23.6589 89.5896 0
    endloop
  endfacet
  facet normal 0 0 -1
    outer loop
      vertex 18.9872 120.304 0
      vertex 23.7788 89.879 0
      vertex 23.7094 89.7382 0
    endloop
  endfacet
  facet normal 0 0 -1
    outer loop
      vertex 18.9872 120.304 0
      vertex 23.866 90.0095 0
      vertex 23.7788 89.879 0
    endloop
  endfacet
  facet normal 0 0 -1
    outer loop
      vertex 18.9872 120.304 0
      vertex 23.9695 90.1275 0
      vertex 23.866 90.0095 0
    endloop
  endfacet
  facet normal 0 0 -1
    outer loop
      vertex 18.9872 120.304 0
      vertex 24.0875 90.231 0
      vertex 23.9695 90.1275 0
    endloop
  endfacet
  facet normal 0 0 -1
    outer loop
      vertex 18.9872 120.304 0
      vertex 24.2181 90.3182 0
      vertex 24.0875 90.231 0
    endloop
  endfacet
  facet normal 0 0 -1
    outer loop
      vertex 18.9872 120.304 0
      vertex 24.3588 90.3877 0
      vertex 24.2181 90.3182 0
    endloop
  endfacet
  facet normal 0 0 -1
    outer loop
      vertex 18.9872 120.304 0
      vertex 24.5075 90.4381 0
      vertex 24.3588 90.3877 0
    endloop
  endfacet
  facet normal 0 0 -1
    outer loop
      vertex 62.7371 102.019 0
      vertex 18.9489 120.888 0
      vertex 62.8778 102.089 0
    endloop
  endfacet
  facet normal 0 0 -1
    outer loop
      vertex 18.8858 121.074 0
      vertex 62.8778 102.089 0
      vertex 18.9489 120.888 0
    endloop
  endfacet
  facet normal 0 0 -1
    outer loop
      vertex 62.8778 102.089 0
      vertex 18.8858 121.074 0
      vertex 63.0265 102.139 0
    endloop
  endfacet
  facet normal 0 0 -1
    outer loop
      vertex 18.799 121.25 0
      vertex 63.0265 102.139 0
      vertex 18.8858 121.074 0
    endloop
  endfacet
  facet normal 0 0 -1
    outer loop
      vertex 63.1804 102.17 0
      vertex 18.799 121.25 0
      vertex 18.69 121.413 0
    endloop
  endfacet
  facet normal 0 0 -1
    outer loop
      vertex 63.3371 102.18 0
      vertex 18.69 121.413 0
      vertex 18.5607 121.561 0
    endloop
  endfacet
  facet normal 0 0 -1
    outer loop
      vertex 18.25 121.799 0
      vertex 124.25 121.799 0
      vertex 18.4131 121.69 0
    endloop
  endfacet
  facet normal 0 0 -1
    outer loop
      vertex 124.25 121.799 0
      vertex 18.25 121.799 0
      vertex 124.426 121.886 0
    endloop
  endfacet
  facet normal 0 0 -1
    outer loop
      vertex 18.074 121.886 0
      vertex 124.426 121.886 0
      vertex 18.25 121.799 0
    endloop
  endfacet
  facet normal 0 0 -1
    outer loop
      vertex 124.426 121.886 0
      vertex 18.074 121.886 0
      vertex 124.612 121.949 0
    endloop
  endfacet
  facet normal 0 0 -1
    outer loop
      vertex 17.8882 121.949 0
      vertex 124.612 121.949 0
      vertex 18.074 121.886 0
    endloop
  endfacet
  facet normal 0 0 -1
    outer loop
      vertex 6 125.53 0
      vertex 124.612 121.949 0
      vertex 17.8882 121.949 0
    endloop
  endfacet
  facet normal 0 0 -1
    outer loop
      vertex 124.612 121.949 0
      vertex 6 125.53 0
      vertex 124.804 121.987 0
    endloop
  endfacet
  facet normal 0 0 -1
    outer loop
      vertex 6 125.53 0
      vertex 17.8882 121.949 0
      vertex 17.6958 121.987 0
    endloop
  endfacet
  facet normal 0 0 -1
    outer loop
      vertex 6 125.53 0
      vertex 17.6958 121.987 0
      vertex 17.5 122 0
    endloop
  endfacet
  facet normal 0 0 -1
    outer loop
      vertex 124.804 121.987 0
      vertex 6 125.53 0
      vertex 162.244 125.53 0
    endloop
  endfacet
  facet normal 0 0 -1
    outer loop
      vertex 5.5 122 0
      vertex 6 125.53 0
      vertex 17.5 122 0
    endloop
  endfacet
  facet normal 0 0 -1
    outer loop
      vertex 5.21684 125.479 0
      vertex 5.5 122 0
      vertex 5.30421 121.987 0
    endloop
  endfacet
  facet normal 0 0 -1
    outer loop
      vertex 5.5 122 0
      vertex 5.21684 125.479 0
      vertex 6 125.53 0
    endloop
  endfacet
  facet normal 0 0 -1
    outer loop
      vertex 4.44708 125.326 0
      vertex 5.30421 121.987 0
      vertex 5.11177 121.949 0
    endloop
  endfacet
  facet normal 0 0 -1
    outer loop
      vertex 3.7039 125.073 0
      vertex 5.11177 121.949 0
      vertex 4.92597 121.886 0
    endloop
  endfacet
  facet normal 0 0 -1
    outer loop
      vertex 3 124.726 0
      vertex 4.92597 121.886 0
      vertex 4.75 121.799 0
    endloop
  endfacet
  facet normal 0 0 -1
    outer loop
      vertex 3 124.726 0
      vertex 4.75 121.799 0
      vertex 4.58686 121.69 0
    endloop
  endfacet
  facet normal 0 0 -1
    outer loop
      vertex 5.30421 121.987 0
      vertex 4.44708 125.326 0
      vertex 5.21684 125.479 0
    endloop
  endfacet
  facet normal 0 0 -1
    outer loop
      vertex 2.34743 124.29 0
      vertex 4.58686 121.69 0
      vertex 4.43934 121.561 0
    endloop
  endfacet
  facet normal 0 0 -1
    outer loop
      vertex 1.75735 123.773 0
      vertex 4.43934 121.561 0
      vertex 4.30997 121.413 0
    endloop
  endfacet
  facet normal 0 0 -1
    outer loop
      vertex 1.23988 123.183 0
      vertex 4.30997 121.413 0
      vertex 4.20096 121.25 0
    endloop
  endfacet
  facet normal 0 0 -1
    outer loop
      vertex 1.23988 123.183 0
      vertex 4.20096 121.25 0
      vertex 4.11418 121.074 0
    endloop
  endfacet
  facet normal 0 0 -1
    outer loop
      vertex 0.803848 122.53 0
      vertex 4.11418 121.074 0
      vertex 4.05111 120.888 0
    endloop
  endfacet
  facet normal 0 0 -1
    outer loop
      vertex 0.456726 121.826 0
      vertex 4.05111 120.888 0
      vertex 4.01283 120.696 0
    endloop
  endfacet
  facet normal 0 0 -1
    outer loop
      vertex 5.11177 121.949 0
      vertex 3.7039 125.073 0
      vertex 4.44708 125.326 0
    endloop
  endfacet
  facet normal 0 0 -1
    outer loop
      vertex 0.204453 121.083 0
      vertex 4.01283 120.696 0
      vertex 4 120.5 0
    endloop
  endfacet
  facet normal -0 0 -1
    outer loop
      vertex 4.05111 120.112 0
      vertex 0 119.53 0
      vertex 4.01283 120.304 0
    endloop
  endfacet
  facet normal 0 0 -1
    outer loop
      vertex 2.51877 -67 0
      vertex 3.88894 -73.8883 0
      vertex 3.13212 -71.6587 0
    endloop
  endfacet
  facet normal 0 -0 -1
    outer loop
      vertex 0.0513306 120.313 0
      vertex 4.01283 120.304 0
      vertex 0 119.53 0
    endloop
  endfacet
  facet normal 0 0 -1
    outer loop
      vertex 2.51877 -67 0
      vertex 3.13212 -71.6587 0
      vertex 2.67277 -69.3495 0
    endloop
  endfacet
  facet normal 0 0 -1
    outer loop
      vertex 20.5188 -85 0
      vertex 2.51877 -67 0
      vertex 0 6 0
    endloop
  endfacet
  facet normal 0 0 -1
    outer loop
      vertex 4.01283 120.304 0
      vertex 0.0513306 120.313 0
      vertex 4 120.5 0
    endloop
  endfacet
  facet normal 0 0 -1
    outer loop
      vertex 4.92597 121.886 0
      vertex 3 124.726 0
      vertex 3.7039 125.073 0
    endloop
  endfacet
  facet normal 0 0 -1
    outer loop
      vertex 4.58686 121.69 0
      vertex 2.34743 124.29 0
      vertex 3 124.726 0
    endloop
  endfacet
  facet normal 0 0 -1
    outer loop
      vertex 4.43934 121.561 0
      vertex 1.75735 123.773 0
      vertex 2.34743 124.29 0
    endloop
  endfacet
  facet normal 0 0 -1
    outer loop
      vertex 4.30997 121.413 0
      vertex 1.23988 123.183 0
      vertex 1.75735 123.773 0
    endloop
  endfacet
  facet normal 0 0 -1
    outer loop
      vertex 4.11418 121.074 0
      vertex 0.803848 122.53 0
      vertex 1.23988 123.183 0
    endloop
  endfacet
  facet normal 0 0 -1
    outer loop
      vertex 4.05111 120.888 0
      vertex 0.456726 121.826 0
      vertex 0.803848 122.53 0
    endloop
  endfacet
  facet normal 0 0 -1
    outer loop
      vertex 4.01283 120.696 0
      vertex 0.204453 121.083 0
      vertex 0.456726 121.826 0
    endloop
  endfacet
  facet normal -0 0 -1
    outer loop
      vertex 4 120.5 0
      vertex 0.0513306 120.313 0
      vertex 0.204453 121.083 0
    endloop
  endfacet
  facet normal -0 0 -1
    outer loop
      vertex 145.687 56.3806 0
      vertex 135.289 31.7267 0
      vertex 145.1 56.6699 0
    endloop
  endfacet
  facet normal 0 0 -1
    outer loop
      vertex 135.141 31.7771 0
      vertex 145.1 56.6699 0
      vertex 135.289 31.7267 0
    endloop
  endfacet
  facet normal 0 0 -1
    outer loop
      vertex 134.987 31.8077 0
      vertex 145.1 56.6699 0
      vertex 135.141 31.7771 0
    endloop
  endfacet
  facet normal -0 0 -1
    outer loop
      vertex 145.1 56.6699 0
      vertex 134.987 31.8077 0
      vertex 144.556 57.0332 0
    endloop
  endfacet
  facet normal 0 0 -1
    outer loop
      vertex 134.83 31.818 0
      vertex 144.556 57.0332 0
      vertex 134.987 31.8077 0
    endloop
  endfacet
  facet normal -0 0 -1
    outer loop
      vertex 144.556 57.0332 0
      vertex 134.83 31.818 0
      vertex 144.064 57.4645 0
    endloop
  endfacet
  facet normal 0 0 -1
    outer loop
      vertex 134.673 31.8077 0
      vertex 144.064 57.4645 0
      vertex 134.83 31.818 0
    endloop
  endfacet
  facet normal -0 0 -1
    outer loop
      vertex 144.064 57.4645 0
      vertex 134.673 31.8077 0
      vertex 143.633 57.9562 0
    endloop
  endfacet
  facet normal 0 0 -1
    outer loop
      vertex 134.519 31.7771 0
      vertex 143.633 57.9562 0
      vertex 134.673 31.8077 0
    endloop
  endfacet
  facet normal -0 0 -1
    outer loop
      vertex 143.633 57.9562 0
      vertex 134.519 31.7771 0
      vertex 143.27 58.5 0
    endloop
  endfacet
  facet normal 0 0 -1
    outer loop
      vertex 134.371 31.7267 0
      vertex 143.27 58.5 0
      vertex 134.519 31.7771 0
    endloop
  endfacet
  facet normal 0 0 -1
    outer loop
      vertex 134.23 31.6572 0
      vertex 143.27 58.5 0
      vertex 134.371 31.7267 0
    endloop
  endfacet
  facet normal -0 0 -1
    outer loop
      vertex 143.27 58.5 0
      vertex 134.23 31.6572 0
      vertex 142.981 59.0866 0
    endloop
  endfacet
  facet normal 0 0 -1
    outer loop
      vertex 134.1 31.57 0
      vertex 142.981 59.0866 0
      vertex 134.23 31.6572 0
    endloop
  endfacet
  facet normal -0 0 -1
    outer loop
      vertex 142.981 59.0866 0
      vertex 134.1 31.57 0
      vertex 142.77 59.7059 0
    endloop
  endfacet
  facet normal 0 0 -1
    outer loop
      vertex 133.982 31.4665 0
      vertex 142.77 59.7059 0
      vertex 134.1 31.57 0
    endloop
  endfacet
  facet normal -0 0 -1
    outer loop
      vertex 142.77 59.7059 0
      vertex 133.982 31.4665 0
      vertex 142.643 60.3474 0
    endloop
  endfacet
  facet normal 0 0 -1
    outer loop
      vertex 133.878 31.3485 0
      vertex 142.643 60.3474 0
      vertex 133.982 31.4665 0
    endloop
  endfacet
  facet normal 0 0 -1
    outer loop
      vertex 142.6 61 0
      vertex 133.878 31.3485 0
      vertex 133.791 31.218 0
    endloop
  endfacet
  facet normal -0 0 -1
    outer loop
      vertex 142.6 69 0
      vertex 133.791 31.218 0
      vertex 124.804 119.013 0
    endloop
  endfacet
  facet normal 0 0 -1
    outer loop
      vertex 124.804 119.013 0
      vertex 133.791 31.218 0
      vertex 133.721 31.0772 0
    endloop
  endfacet
  facet normal 0 0 -1
    outer loop
      vertex 126.068 18.6635 0
      vertex 133.721 31.0772 0
      vertex 133.671 30.9286 0
    endloop
  endfacet
  facet normal 0 0 -1
    outer loop
      vertex 126.186 18.767 0
      vertex 133.671 30.9286 0
      vertex 133.64 30.7746 0
    endloop
  endfacet
  facet normal 0 0 -1
    outer loop
      vertex 126.316 18.8542 0
      vertex 133.64 30.7746 0
      vertex 133.63 30.618 0
    endloop
  endfacet
  facet normal -0 0 -1
    outer loop
      vertex 134.23 29.5788 0
      vertex 127.516 18.8542 0
      vertex 134.1 29.666 0
    endloop
  endfacet
  facet normal 0 0 -1
    outer loop
      vertex 127.375 18.9237 0
      vertex 134.1 29.666 0
      vertex 127.516 18.8542 0
    endloop
  endfacet
  facet normal -0 0 -1
    outer loop
      vertex 134.1 29.666 0
      vertex 127.375 18.9237 0
      vertex 133.982 29.7695 0
    endloop
  endfacet
  facet normal 0 0 -1
    outer loop
      vertex 127.227 18.9741 0
      vertex 133.982 29.7695 0
      vertex 127.375 18.9237 0
    endloop
  endfacet
  facet normal -0 0 -1
    outer loop
      vertex 133.982 29.7695 0
      vertex 127.227 18.9741 0
      vertex 133.878 29.8875 0
    endloop
  endfacet
  facet normal 0 0 -1
    outer loop
      vertex 127.073 19.0047 0
      vertex 133.878 29.8875 0
      vertex 127.227 18.9741 0
    endloop
  endfacet
  facet normal -0 0 -1
    outer loop
      vertex 133.878 29.8875 0
      vertex 127.073 19.0047 0
      vertex 133.791 30.018 0
    endloop
  endfacet
  facet normal 0 0 -1
    outer loop
      vertex 126.916 19.015 0
      vertex 133.791 30.018 0
      vertex 127.073 19.0047 0
    endloop
  endfacet
  facet normal -0 0 -1
    outer loop
      vertex 133.791 30.018 0
      vertex 126.916 19.015 0
      vertex 133.721 30.1588 0
    endloop
  endfacet
  facet normal 0 0 -1
    outer loop
      vertex 126.759 19.0047 0
      vertex 133.721 30.1588 0
      vertex 126.916 19.015 0
    endloop
  endfacet
  facet normal -0 0 -1
    outer loop
      vertex 133.721 30.1588 0
      vertex 126.759 19.0047 0
      vertex 133.671 30.3074 0
    endloop
  endfacet
  facet normal 0 0 -1
    outer loop
      vertex 126.605 18.9741 0
      vertex 133.671 30.3074 0
      vertex 126.759 19.0047 0
    endloop
  endfacet
  facet normal -0 0 -1
    outer loop
      vertex 133.671 30.3074 0
      vertex 126.605 18.9741 0
      vertex 133.64 30.4614 0
    endloop
  endfacet
  facet normal 0 0 -1
    outer loop
      vertex 126.457 18.9237 0
      vertex 133.64 30.4614 0
      vertex 126.605 18.9741 0
    endloop
  endfacet
  facet normal -0 0 -1
    outer loop
      vertex 133.64 30.4614 0
      vertex 126.457 18.9237 0
      vertex 133.63 30.618 0
    endloop
  endfacet
  facet normal 0 0 -1
    outer loop
      vertex 126.316 18.8542 0
      vertex 133.63 30.618 0
      vertex 126.457 18.9237 0
    endloop
  endfacet
  facet normal 0 0 -1
    outer loop
      vertex 133.64 30.7746 0
      vertex 126.316 18.8542 0
      vertex 126.186 18.767 0
    endloop
  endfacet
  facet normal 0 0 -1
    outer loop
      vertex 133.671 30.9286 0
      vertex 126.186 18.767 0
      vertex 126.068 18.6635 0
    endloop
  endfacet
  facet normal 0 0 -1
    outer loop
      vertex 133.721 31.0772 0
      vertex 126.068 18.6635 0
      vertex 125.964 18.5455 0
    endloop
  endfacet
  facet normal 0 0 -1
    outer loop
      vertex 124.804 119.013 0
      vertex 133.721 31.0772 0
      vertex 125.964 18.5455 0
    endloop
  endfacet
  facet normal 0 0 -1
    outer loop
      vertex 124.804 119.013 0
      vertex 125.964 18.5455 0
      vertex 125.877 18.415 0
    endloop
  endfacet
  facet normal 0 0 -1
    outer loop
      vertex 124.804 119.013 0
      vertex 125.877 18.415 0
      vertex 125.807 18.2742 0
    endloop
  endfacet
  facet normal 0 0 -1
    outer loop
      vertex 124.804 119.013 0
      vertex 125.807 18.2742 0
      vertex 125.757 18.1256 0
    endloop
  endfacet
  facet normal 0 0 -1
    outer loop
      vertex 124.804 119.013 0
      vertex 125.757 18.1256 0
      vertex 125.726 17.9716 0
    endloop
  endfacet
  facet normal 0 0 -1
    outer loop
      vertex 142.6 69 0
      vertex 125 119 0
      vertex 137 119 0
    endloop
  endfacet
  facet normal 0 0 -1
    outer loop
      vertex 102.627 57.7224 0
      vertex 125.726 17.9716 0
      vertex 125.716 17.815 0
    endloop
  endfacet
  facet normal -0.44216 0.896936 0
    outer loop
      vertex 3.7039 125.073 0
      vertex 3 124.726 2
      vertex 3.7039 125.073 2
    endloop
  endfacet
  facet normal -0.44216 0.896936 0
    outer loop
      vertex 3 124.726 2
      vertex 3.7039 125.073 0
      vertex 3 124.726 0
    endloop
  endfacet
  facet normal 0.44211 0.896961 -0
    outer loop
      vertex 165.244 124.726 0
      vertex 164.54 125.073 2
      vertex 165.244 124.726 2
    endloop
  endfacet
  facet normal 0.44211 0.896961 0
    outer loop
      vertex 164.54 125.073 2
      vertex 165.244 124.726 0
      vertex 164.54 125.073 0
    endloop
  endfacet
  facet normal -0.980786 -0.195087 0
    outer loop
      vertex 83.9547 25.0612 0
      vertex 83.8016 25.8309 2
      vertex 83.8016 25.8309 0
    endloop
  endfacet
  facet normal -0.980786 -0.195087 0
    outer loop
      vertex 83.8016 25.8309 2
      vertex 83.9547 25.0612 0
      vertex 83.9547 25.0612 2
    endloop
  endfacet
  facet normal -0.997853 -0.0654873 0
    outer loop
      vertex 84.0061 24.278 0
      vertex 83.9547 25.0612 2
      vertex 83.9547 25.0612 0
    endloop
  endfacet
  facet normal -0.997853 -0.0654873 0
    outer loop
      vertex 83.9547 25.0612 2
      vertex 84.0061 24.278 0
      vertex 84.0061 24.278 2
    endloop
  endfacet
  facet normal 0.659343 -0.751842 0
    outer loop
      vertex 73.7634 28.5206 0
      vertex 74.3535 29.0381 2
      vertex 73.7634 28.5206 2
    endloop
  endfacet
  facet normal 0.659343 -0.751842 0
    outer loop
      vertex 74.3535 29.0381 2
      vertex 73.7634 28.5206 0
      vertex 74.3535 29.0381 0
    endloop
  endfacet
  facet normal -0.0653688 0.997861 0
    outer loop
      vertex 78.7892 18.3293 0
      vertex 78.0061 18.278 2
      vertex 78.7892 18.3293 2
    endloop
  endfacet
  facet normal -0.0653688 0.997861 0
    outer loop
      vertex 78.0061 18.278 2
      vertex 78.7892 18.3293 0
      vertex 78.0061 18.278 0
    endloop
  endfacet
  facet normal 0.946923 0.32146 0
    outer loop
      vertex 72.4628 21.9819 2
      vertex 72.2105 22.7251 0
      vertex 72.2105 22.7251 2
    endloop
  endfacet
  facet normal 0.946923 0.32146 0
    outer loop
      vertex 72.2105 22.7251 0
      vertex 72.4628 21.9819 2
      vertex 72.4628 21.9819 0
    endloop
  endfacet
  facet normal -0.980786 0.195087 0
    outer loop
      vertex 83.8016 22.7251 0
      vertex 83.9547 23.4948 2
      vertex 83.9547 23.4948 0
    endloop
  endfacet
  facet normal -0.980786 0.195087 0
    outer loop
      vertex 83.9547 23.4948 2
      vertex 83.8016 22.7251 0
      vertex 83.8016 22.7251 2
    endloop
  endfacet
  facet normal 0.997862 -0.0653605 0
    outer loop
      vertex 72.0061 24.278 2
      vertex 72.0574 25.0612 0
      vertex 72.0574 25.0612 2
    endloop
  endfacet
  facet normal 0.997862 -0.0653605 0
    outer loop
      vertex 72.0574 25.0612 0
      vertex 72.0061 24.278 2
      vertex 72.0061 24.278 0
    endloop
  endfacet
  facet normal -0.195062 0.980791 0
    outer loop
      vertex 79.559 18.4824 0
      vertex 78.7892 18.3293 2
      vertex 79.559 18.4824 2
    endloop
  endfacet
  facet normal -0.195062 0.980791 0
    outer loop
      vertex 78.7892 18.3293 2
      vertex 79.559 18.4824 0
      vertex 78.7892 18.3293 0
    endloop
  endfacet
  facet normal -0.195062 -0.980791 0
    outer loop
      vertex 78.7892 30.2267 0
      vertex 79.559 30.0736 2
      vertex 78.7892 30.2267 2
    endloop
  endfacet
  facet normal -0.195062 -0.980791 -0
    outer loop
      vertex 79.559 30.0736 2
      vertex 78.7892 30.2267 0
      vertex 79.559 30.0736 0
    endloop
  endfacet
  facet normal 0.980786 -0.195087 0
    outer loop
      vertex 72.0574 25.0612 2
      vertex 72.2105 25.8309 0
      vertex 72.2105 25.8309 2
    endloop
  endfacet
  facet normal 0.980786 -0.195087 0
    outer loop
      vertex 72.2105 25.8309 0
      vertex 72.0574 25.0612 2
      vertex 72.0574 25.0612 0
    endloop
  endfacet
  facet normal -0.442263 -0.896885 0
    outer loop
      vertex 80.3022 29.8213 0
      vertex 81.0061 29.4742 2
      vertex 80.3022 29.8213 2
    endloop
  endfacet
  facet normal -0.442263 -0.896885 -0
    outer loop
      vertex 81.0061 29.4742 2
      vertex 80.3022 29.8213 0
      vertex 81.0061 29.4742 0
    endloop
  endfacet
  facet normal 0.831501 -0.555523 0
    outer loop
      vertex 72.8099 27.278 2
      vertex 73.2459 27.9306 0
      vertex 73.2459 27.9306 2
    endloop
  endfacet
  facet normal 0.831501 -0.555523 0
    outer loop
      vertex 73.2459 27.9306 0
      vertex 72.8099 27.278 2
      vertex 72.8099 27.278 0
    endloop
  endfacet
  facet normal -0.831501 0.555523 0
    outer loop
      vertex 82.7662 20.6254 0
      vertex 83.2022 21.278 2
      vertex 83.2022 21.278 0
    endloop
  endfacet
  facet normal -0.831501 0.555523 0
    outer loop
      vertex 83.2022 21.278 2
      vertex 82.7662 20.6254 0
      vertex 82.7662 20.6254 2
    endloop
  endfacet
  facet normal -0.442263 0.896885 0
    outer loop
      vertex 81.0061 19.0818 0
      vertex 80.3022 18.7347 2
      vertex 81.0061 19.0818 2
    endloop
  endfacet
  facet normal -0.442263 0.896885 0
    outer loop
      vertex 80.3022 18.7347 2
      vertex 81.0061 19.0818 0
      vertex 80.3022 18.7347 0
    endloop
  endfacet
  facet normal -0.751787 0.659406 0
    outer loop
      vertex 82.2487 20.0354 0
      vertex 82.7662 20.6254 2
      vertex 82.7662 20.6254 0
    endloop
  endfacet
  facet normal -0.751787 0.659406 0
    outer loop
      vertex 82.7662 20.6254 2
      vertex 82.2487 20.0354 0
      vertex 82.2487 20.0354 2
    endloop
  endfacet
  facet normal -0.32146 -0.946923 0
    outer loop
      vertex 79.559 30.0736 0
      vertex 80.3022 29.8213 2
      vertex 79.559 30.0736 2
    endloop
  endfacet
  facet normal -0.32146 -0.946923 -0
    outer loop
      vertex 80.3022 29.8213 2
      vertex 79.559 30.0736 0
      vertex 80.3022 29.8213 0
    endloop
  endfacet
  facet normal 0.442263 -0.896885 0
    outer loop
      vertex 75.0061 29.4742 0
      vertex 75.71 29.8213 2
      vertex 75.0061 29.4742 2
    endloop
  endfacet
  facet normal 0.442263 -0.896885 0
    outer loop
      vertex 75.71 29.8213 2
      vertex 75.0061 29.4742 0
      vertex 75.71 29.8213 0
    endloop
  endfacet
  facet normal 0.751787 -0.659406 0
    outer loop
      vertex 73.2459 27.9306 2
      vertex 73.7634 28.5206 0
      vertex 73.7634 28.5206 2
    endloop
  endfacet
  facet normal 0.751787 -0.659406 0
    outer loop
      vertex 73.7634 28.5206 0
      vertex 73.2459 27.9306 2
      vertex 73.2459 27.9306 0
    endloop
  endfacet
  facet normal 0.555611 0.831442 -0
    outer loop
      vertex 75.0061 19.0818 0
      vertex 74.3535 19.5179 2
      vertex 75.0061 19.0818 2
    endloop
  endfacet
  facet normal 0.555611 0.831442 0
    outer loop
      vertex 74.3535 19.5179 2
      vertex 75.0061 19.0818 0
      vertex 74.3535 19.5179 0
    endloop
  endfacet
  facet normal -0.32146 0.946923 0
    outer loop
      vertex 80.3022 18.7347 0
      vertex 79.559 18.4824 2
      vertex 80.3022 18.7347 2
    endloop
  endfacet
  facet normal -0.32146 0.946923 0
    outer loop
      vertex 79.559 18.4824 2
      vertex 80.3022 18.7347 0
      vertex 79.559 18.4824 0
    endloop
  endfacet
  facet normal -0.0653688 -0.997861 0
    outer loop
      vertex 78.0061 30.278 0
      vertex 78.7892 30.2267 2
      vertex 78.0061 30.278 2
    endloop
  endfacet
  facet normal -0.0653688 -0.997861 -0
    outer loop
      vertex 78.7892 30.2267 2
      vertex 78.0061 30.278 0
      vertex 78.7892 30.2267 0
    endloop
  endfacet
  facet normal 0.896885 0.442263 0
    outer loop
      vertex 72.8099 21.278 2
      vertex 72.4628 21.9819 0
      vertex 72.4628 21.9819 2
    endloop
  endfacet
  facet normal 0.896885 0.442263 0
    outer loop
      vertex 72.4628 21.9819 0
      vertex 72.8099 21.278 2
      vertex 72.8099 21.278 0
    endloop
  endfacet
  facet normal 0.896885 -0.442263 0
    outer loop
      vertex 72.4628 26.5741 2
      vertex 72.8099 27.278 0
      vertex 72.8099 27.278 2
    endloop
  endfacet
  facet normal 0.896885 -0.442263 0
    outer loop
      vertex 72.8099 27.278 0
      vertex 72.4628 26.5741 2
      vertex 72.4628 26.5741 0
    endloop
  endfacet
  facet normal 0.555611 -0.831442 0
    outer loop
      vertex 74.3535 29.0381 0
      vertex 75.0061 29.4742 2
      vertex 74.3535 29.0381 2
    endloop
  endfacet
  facet normal 0.555611 -0.831442 0
    outer loop
      vertex 75.0061 29.4742 2
      vertex 74.3535 29.0381 0
      vertex 75.0061 29.4742 0
    endloop
  endfacet
  facet normal -0.55567 0.831403 0
    outer loop
      vertex 81.6586 19.5179 0
      vertex 81.0061 19.0818 2
      vertex 81.6586 19.5179 2
    endloop
  endfacet
  facet normal -0.55567 0.831403 0
    outer loop
      vertex 81.0061 19.0818 2
      vertex 81.6586 19.5179 0
      vertex 81.0061 19.0818 0
    endloop
  endfacet
  facet normal 0.659343 0.751842 -0
    outer loop
      vertex 74.3535 19.5179 0
      vertex 73.7634 20.0354 2
      vertex 74.3535 19.5179 2
    endloop
  endfacet
  facet normal 0.659343 0.751842 0
    outer loop
      vertex 73.7634 20.0354 2
      vertex 74.3535 19.5179 0
      vertex 73.7634 20.0354 0
    endloop
  endfacet
  facet normal 0.195062 0.980791 -0
    outer loop
      vertex 77.2229 18.3293 0
      vertex 76.4531 18.4824 2
      vertex 77.2229 18.3293 2
    endloop
  endfacet
  facet normal 0.195062 0.980791 0
    outer loop
      vertex 76.4531 18.4824 2
      vertex 77.2229 18.3293 0
      vertex 76.4531 18.4824 0
    endloop
  endfacet
  facet normal -0.997853 0.0654873 0
    outer loop
      vertex 83.9547 23.4948 0
      vertex 84.0061 24.278 2
      vertex 84.0061 24.278 0
    endloop
  endfacet
  facet normal -0.997853 0.0654873 0
    outer loop
      vertex 84.0061 24.278 2
      vertex 83.9547 23.4948 0
      vertex 83.9547 23.4948 2
    endloop
  endfacet
  facet normal -0.659343 -0.751842 0
    outer loop
      vertex 81.6586 29.0381 0
      vertex 82.2487 28.5206 2
      vertex 81.6586 29.0381 2
    endloop
  endfacet
  facet normal -0.659343 -0.751842 -0
    outer loop
      vertex 82.2487 28.5206 2
      vertex 81.6586 29.0381 0
      vertex 82.2487 28.5206 0
    endloop
  endfacet
  facet normal 0.195062 -0.980791 0
    outer loop
      vertex 76.4531 30.0736 0
      vertex 77.2229 30.2267 2
      vertex 76.4531 30.0736 2
    endloop
  endfacet
  facet normal 0.195062 -0.980791 0
    outer loop
      vertex 77.2229 30.2267 2
      vertex 76.4531 30.0736 0
      vertex 77.2229 30.2267 0
    endloop
  endfacet
  facet normal 0.321498 -0.94691 0
    outer loop
      vertex 75.71 29.8213 0
      vertex 76.4531 30.0736 2
      vertex 75.71 29.8213 2
    endloop
  endfacet
  facet normal 0.321498 -0.94691 0
    outer loop
      vertex 76.4531 30.0736 2
      vertex 75.71 29.8213 0
      vertex 76.4531 30.0736 0
    endloop
  endfacet
  facet normal -0.831501 -0.555523 0
    outer loop
      vertex 83.2022 27.278 0
      vertex 82.7662 27.9306 2
      vertex 82.7662 27.9306 0
    endloop
  endfacet
  facet normal -0.831501 -0.555523 0
    outer loop
      vertex 82.7662 27.9306 2
      vertex 83.2022 27.278 0
      vertex 83.2022 27.278 2
    endloop
  endfacet
  facet normal -0.659343 0.751842 0
    outer loop
      vertex 82.2487 20.0354 0
      vertex 81.6586 19.5179 2
      vertex 82.2487 20.0354 2
    endloop
  endfacet
  facet normal -0.659343 0.751842 0
    outer loop
      vertex 81.6586 19.5179 2
      vertex 82.2487 20.0354 0
      vertex 81.6586 19.5179 0
    endloop
  endfacet
  facet normal -0.896885 -0.442263 0
    outer loop
      vertex 83.5493 26.5741 0
      vertex 83.2022 27.278 2
      vertex 83.2022 27.278 0
    endloop
  endfacet
  facet normal -0.896885 -0.442263 0
    outer loop
      vertex 83.2022 27.278 2
      vertex 83.5493 26.5741 0
      vertex 83.5493 26.5741 2
    endloop
  endfacet
  facet normal 0.831501 0.555523 0
    outer loop
      vertex 73.2459 20.6254 2
      vertex 72.8099 21.278 0
      vertex 72.8099 21.278 2
    endloop
  endfacet
  facet normal 0.831501 0.555523 0
    outer loop
      vertex 72.8099 21.278 0
      vertex 73.2459 20.6254 2
      vertex 73.2459 20.6254 0
    endloop
  endfacet
  facet normal 0.0653605 0.997862 -0
    outer loop
      vertex 78.0061 18.278 0
      vertex 77.2229 18.3293 2
      vertex 78.0061 18.278 2
    endloop
  endfacet
  facet normal 0.0653605 0.997862 0
    outer loop
      vertex 77.2229 18.3293 2
      vertex 78.0061 18.278 0
      vertex 77.2229 18.3293 0
    endloop
  endfacet
  facet normal -0.55567 -0.831403 0
    outer loop
      vertex 81.0061 29.4742 0
      vertex 81.6586 29.0381 2
      vertex 81.0061 29.4742 2
    endloop
  endfacet
  facet normal -0.55567 -0.831403 -0
    outer loop
      vertex 81.6586 29.0381 2
      vertex 81.0061 29.4742 0
      vertex 81.6586 29.0381 0
    endloop
  endfacet
  facet normal -0.896885 0.442263 0
    outer loop
      vertex 83.2022 21.278 0
      vertex 83.5493 21.9819 2
      vertex 83.5493 21.9819 0
    endloop
  endfacet
  facet normal -0.896885 0.442263 0
    outer loop
      vertex 83.5493 21.9819 2
      vertex 83.2022 21.278 0
      vertex 83.2022 21.278 2
    endloop
  endfacet
  facet normal 0.980786 0.195087 0
    outer loop
      vertex 72.2105 22.7251 2
      vertex 72.0574 23.4948 0
      vertex 72.0574 23.4948 2
    endloop
  endfacet
  facet normal 0.980786 0.195087 0
    outer loop
      vertex 72.0574 23.4948 0
      vertex 72.2105 22.7251 2
      vertex 72.2105 22.7251 0
    endloop
  endfacet
  facet normal 0.0653605 -0.997862 0
    outer loop
      vertex 77.2229 30.2267 0
      vertex 78.0061 30.278 2
      vertex 77.2229 30.2267 2
    endloop
  endfacet
  facet normal 0.0653605 -0.997862 0
    outer loop
      vertex 78.0061 30.278 2
      vertex 77.2229 30.2267 0
      vertex 78.0061 30.278 0
    endloop
  endfacet
  facet normal -0.751787 -0.659406 0
    outer loop
      vertex 82.7662 27.9306 0
      vertex 82.2487 28.5206 2
      vertex 82.2487 28.5206 0
    endloop
  endfacet
  facet normal -0.751787 -0.659406 0
    outer loop
      vertex 82.2487 28.5206 2
      vertex 82.7662 27.9306 0
      vertex 82.7662 27.9306 2
    endloop
  endfacet
  facet normal 0.751787 0.659406 0
    outer loop
      vertex 73.7634 20.0354 2
      vertex 73.2459 20.6254 0
      vertex 73.2459 20.6254 2
    endloop
  endfacet
  facet normal 0.751787 0.659406 0
    outer loop
      vertex 73.2459 20.6254 0
      vertex 73.7634 20.0354 2
      vertex 73.7634 20.0354 0
    endloop
  endfacet
  facet normal -0.946923 -0.32146 0
    outer loop
      vertex 83.8016 25.8309 0
      vertex 83.5493 26.5741 2
      vertex 83.5493 26.5741 0
    endloop
  endfacet
  facet normal -0.946923 -0.32146 0
    outer loop
      vertex 83.5493 26.5741 2
      vertex 83.8016 25.8309 0
      vertex 83.8016 25.8309 2
    endloop
  endfacet
  facet normal 0.997862 0.0653605 0
    outer loop
      vertex 72.0574 23.4948 2
      vertex 72.0061 24.278 0
      vertex 72.0061 24.278 2
    endloop
  endfacet
  facet normal 0.997862 0.0653605 0
    outer loop
      vertex 72.0061 24.278 0
      vertex 72.0574 23.4948 2
      vertex 72.0574 23.4948 0
    endloop
  endfacet
  facet normal 0.321498 0.94691 -0
    outer loop
      vertex 76.4531 18.4824 0
      vertex 75.71 18.7347 2
      vertex 76.4531 18.4824 2
    endloop
  endfacet
  facet normal 0.321498 0.94691 0
    outer loop
      vertex 75.71 18.7347 2
      vertex 76.4531 18.4824 0
      vertex 75.71 18.7347 0
    endloop
  endfacet
  facet normal -0.946923 0.32146 0
    outer loop
      vertex 83.5493 21.9819 0
      vertex 83.8016 22.7251 2
      vertex 83.8016 22.7251 0
    endloop
  endfacet
  facet normal -0.946923 0.32146 0
    outer loop
      vertex 83.8016 22.7251 2
      vertex 83.5493 21.9819 0
      vertex 83.5493 21.9819 2
    endloop
  endfacet
  facet normal 0.946923 -0.32146 0
    outer loop
      vertex 72.2105 25.8309 2
      vertex 72.4628 26.5741 0
      vertex 72.4628 26.5741 2
    endloop
  endfacet
  facet normal 0.946923 -0.32146 0
    outer loop
      vertex 72.4628 26.5741 0
      vertex 72.2105 25.8309 2
      vertex 72.2105 25.8309 0
    endloop
  endfacet
  facet normal 0.442263 0.896885 -0
    outer loop
      vertex 75.71 18.7347 0
      vertex 75.0061 19.0818 2
      vertex 75.71 18.7347 2
    endloop
  endfacet
  facet normal 0.442263 0.896885 0
    outer loop
      vertex 75.0061 19.0818 2
      vertex 75.71 18.7347 0
      vertex 75.0061 19.0818 0
    endloop
  endfacet
  facet normal -0.83163 0.55533 0
    outer loop
      vertex 68.2598 15.4257 0
      vertex 68.3615 15.578 2
      vertex 68.3615 15.578 0
    endloop
  endfacet
  facet normal -0.83163 0.55533 0
    outer loop
      vertex 68.3615 15.578 2
      vertex 68.2598 15.4257 0
      vertex 68.2598 15.4257 2
    endloop
  endfacet
  facet normal -0.321629 -0.946866 0
    outer loop
      vertex 67.5114 17.6303 0
      vertex 67.6848 17.5714 2
      vertex 67.5114 17.6303 2
    endloop
  endfacet
  facet normal -0.321629 -0.946866 -0
    outer loop
      vertex 67.6848 17.5714 2
      vertex 67.5114 17.6303 0
      vertex 67.6848 17.5714 0
    endloop
  endfacet
  facet normal -0.980811 -0.194961 0
    outer loop
      vertex 68.5371 16.4607 0
      vertex 68.5014 16.6403 2
      vertex 68.5014 16.6403 0
    endloop
  endfacet
  facet normal -0.980811 -0.194961 0
    outer loop
      vertex 68.5014 16.6403 2
      vertex 68.5371 16.4607 0
      vertex 68.5371 16.4607 2
    endloop
  endfacet
  facet normal -0.659162 0.752001 0
    outer loop
      vertex 68.139 15.288 0
      vertex 68.0013 15.1673 2
      vertex 68.139 15.288 2
    endloop
  endfacet
  facet normal -0.659162 0.752001 0
    outer loop
      vertex 68.0013 15.1673 2
      vertex 68.139 15.288 0
      vertex 68.0013 15.1673 0
    endloop
  endfacet
  facet normal -0.194961 -0.980811 0
    outer loop
      vertex 67.3318 17.666 0
      vertex 67.5114 17.6303 2
      vertex 67.3318 17.666 2
    endloop
  endfacet
  facet normal -0.194961 -0.980811 -0
    outer loop
      vertex 67.5114 17.6303 2
      vertex 67.3318 17.666 0
      vertex 67.5114 17.6303 0
    endloop
  endfacet
  facet normal -0.194961 0.980811 0
    outer loop
      vertex 67.5114 14.9257 0
      vertex 67.3318 14.89 2
      vertex 67.5114 14.9257 2
    endloop
  endfacet
  facet normal -0.194961 0.980811 0
    outer loop
      vertex 67.3318 14.89 2
      vertex 67.5114 14.9257 0
      vertex 67.3318 14.89 0
    endloop
  endfacet
  facet normal -0.946922 -0.321462 0
    outer loop
      vertex 68.5014 16.6403 0
      vertex 68.4425 16.8138 2
      vertex 68.4425 16.8138 0
    endloop
  endfacet
  facet normal -0.946922 -0.321462 0
    outer loop
      vertex 68.4425 16.8138 2
      vertex 68.5014 16.6403 0
      vertex 68.5014 16.6403 2
    endloop
  endfacet
  facet normal 0.831378 -0.555708 0
    outer loop
      vertex 65.9366 16.978 2
      vertex 66.0384 17.1303 0
      vertex 66.0384 17.1303 2
    endloop
  endfacet
  facet normal 0.831378 -0.555708 0
    outer loop
      vertex 66.0384 17.1303 0
      vertex 65.9366 16.978 2
      vertex 65.9366 16.978 0
    endloop
  endfacet
  facet normal -0.65947 -0.751731 0
    outer loop
      vertex 68.0013 17.3887 0
      vertex 68.139 17.2679 2
      vertex 68.0013 17.3887 2
    endloop
  endfacet
  facet normal -0.65947 -0.751731 -0
    outer loop
      vertex 68.139 17.2679 2
      vertex 68.0013 17.3887 0
      vertex 68.139 17.2679 0
    endloop
  endfacet
  facet normal 0.0655045 -0.997852 0
    outer loop
      vertex 66.9663 17.666 0
      vertex 67.1491 17.678 2
      vertex 66.9663 17.666 2
    endloop
  endfacet
  facet normal 0.0655045 -0.997852 0
    outer loop
      vertex 67.1491 17.678 2
      vertex 66.9663 17.666 0
      vertex 67.1491 17.678 0
    endloop
  endfacet
  facet normal 0.896817 0.442401 0
    outer loop
      vertex 65.9366 15.578 2
      vertex 65.8556 15.7422 0
      vertex 65.8556 15.7422 2
    endloop
  endfacet
  facet normal 0.896817 0.442401 0
    outer loop
      vertex 65.8556 15.7422 0
      vertex 65.9366 15.578 2
      vertex 65.9366 15.578 0
    endloop
  endfacet
  facet normal -0.99785 -0.0655402 0
    outer loop
      vertex 68.5491 16.278 0
      vertex 68.5371 16.4607 2
      vertex 68.5371 16.4607 0
    endloop
  endfacet
  facet normal -0.99785 -0.0655402 0
    outer loop
      vertex 68.5371 16.4607 2
      vertex 68.5491 16.278 0
      vertex 68.5491 16.278 2
    endloop
  endfacet
  facet normal 0.997886 0.0649964 0
    outer loop
      vertex 65.761 16.0953 2
      vertex 65.7491 16.278 0
      vertex 65.7491 16.278 2
    endloop
  endfacet
  facet normal 0.997886 0.0649964 0
    outer loop
      vertex 65.7491 16.278 0
      vertex 65.761 16.0953 2
      vertex 65.761 16.0953 0
    endloop
  endfacet
  facet normal -0.83163 -0.55533 0
    outer loop
      vertex 68.3615 16.978 0
      vertex 68.2598 17.1303 2
      vertex 68.2598 17.1303 0
    endloop
  endfacet
  facet normal -0.83163 -0.55533 0
    outer loop
      vertex 68.2598 17.1303 2
      vertex 68.3615 16.978 0
      vertex 68.3615 16.978 2
    endloop
  endfacet
  facet normal 0.194961 0.980811 -0
    outer loop
      vertex 66.9663 14.89 0
      vertex 66.7867 14.9257 2
      vertex 66.9663 14.89 2
    endloop
  endfacet
  facet normal 0.194961 0.980811 0
    outer loop
      vertex 66.7867 14.9257 2
      vertex 66.9663 14.89 0
      vertex 66.7867 14.9257 0
    endloop
  endfacet
  facet normal -0.896817 0.442401 0
    outer loop
      vertex 68.3615 15.578 0
      vertex 68.4425 15.7422 2
      vertex 68.4425 15.7422 0
    endloop
  endfacet
  facet normal -0.896817 0.442401 0
    outer loop
      vertex 68.4425 15.7422 2
      vertex 68.3615 15.578 0
      vertex 68.3615 15.578 2
    endloop
  endfacet
  facet normal 0.751764 -0.659432 0
    outer loop
      vertex 66.0384 17.1303 2
      vertex 66.1591 17.2679 0
      vertex 66.1591 17.2679 2
    endloop
  endfacet
  facet normal 0.751764 -0.659432 0
    outer loop
      vertex 66.1591 17.2679 0
      vertex 66.0384 17.1303 2
      vertex 66.0384 17.1303 0
    endloop
  endfacet
  facet normal -0.555582 0.831462 0
    outer loop
      vertex 68.0013 15.1673 0
      vertex 67.8491 15.0656 2
      vertex 68.0013 15.1673 2
    endloop
  endfacet
  facet normal -0.555582 0.831462 0
    outer loop
      vertex 67.8491 15.0656 2
      vertex 68.0013 15.1673 0
      vertex 67.8491 15.0656 0
    endloop
  endfacet
  facet normal -0.99785 0.0655402 0
    outer loop
      vertex 68.5371 16.0953 0
      vertex 68.5491 16.278 2
      vertex 68.5491 16.278 0
    endloop
  endfacet
  facet normal -0.99785 0.0655402 0
    outer loop
      vertex 68.5491 16.278 2
      vertex 68.5371 16.0953 0
      vertex 68.5371 16.0953 2
    endloop
  endfacet
  facet normal -0.321629 0.946866 0
    outer loop
      vertex 67.6848 14.9846 0
      vertex 67.5114 14.9257 2
      vertex 67.6848 14.9846 2
    endloop
  endfacet
  facet normal -0.321629 0.946866 0
    outer loop
      vertex 67.5114 14.9257 2
      vertex 67.6848 14.9846 0
      vertex 67.5114 14.9257 0
    endloop
  endfacet
  facet normal 0.55533 -0.83163 0
    outer loop
      vertex 66.2968 17.3887 0
      vertex 66.4491 17.4904 2
      vertex 66.2968 17.3887 2
    endloop
  endfacet
  facet normal 0.55533 -0.83163 0
    outer loop
      vertex 66.4491 17.4904 2
      vertex 66.2968 17.3887 0
      vertex 66.4491 17.4904 0
    endloop
  endfacet
  facet normal 0.659162 0.752001 -0
    outer loop
      vertex 66.2968 15.1673 0
      vertex 66.1591 15.288 2
      vertex 66.2968 15.1673 2
    endloop
  endfacet
  facet normal 0.659162 0.752001 0
    outer loop
      vertex 66.1591 15.288 2
      vertex 66.2968 15.1673 0
      vertex 66.1591 15.288 0
    endloop
  endfacet
  facet normal -0.980811 0.194961 0
    outer loop
      vertex 68.5014 15.9157 0
      vertex 68.5371 16.0953 2
      vertex 68.5371 16.0953 0
    endloop
  endfacet
  facet normal -0.980811 0.194961 0
    outer loop
      vertex 68.5371 16.0953 2
      vertex 68.5014 15.9157 0
      vertex 68.5014 15.9157 2
    endloop
  endfacet
  facet normal 0.0655045 0.997852 -0
    outer loop
      vertex 67.1491 14.878 0
      vertex 66.9663 14.89 2
      vertex 67.1491 14.878 2
    endloop
  endfacet
  facet normal 0.0655045 0.997852 0
    outer loop
      vertex 66.9663 14.89 2
      vertex 67.1491 14.878 0
      vertex 66.9663 14.89 0
    endloop
  endfacet
  facet normal -0.442184 0.896924 0
    outer loop
      vertex 67.8491 15.0656 0
      vertex 67.6848 14.9846 2
      vertex 67.8491 15.0656 2
    endloop
  endfacet
  facet normal -0.442184 0.896924 0
    outer loop
      vertex 67.6848 14.9846 2
      vertex 67.8491 15.0656 0
      vertex 67.6848 14.9846 0
    endloop
  endfacet
  facet normal -0.442184 -0.896924 0
    outer loop
      vertex 67.6848 17.5714 0
      vertex 67.8491 17.4904 2
      vertex 67.6848 17.5714 2
    endloop
  endfacet
  facet normal -0.442184 -0.896924 -0
    outer loop
      vertex 67.8491 17.4904 2
      vertex 67.6848 17.5714 0
      vertex 67.8491 17.4904 0
    endloop
  endfacet
  facet normal 0.55533 0.83163 -0
    outer loop
      vertex 66.4491 15.0656 0
      vertex 66.2968 15.1673 2
      vertex 66.4491 15.0656 2
    endloop
  endfacet
  facet normal 0.55533 0.83163 0
    outer loop
      vertex 66.2968 15.1673 2
      vertex 66.4491 15.0656 0
      vertex 66.2968 15.1673 0
    endloop
  endfacet
  facet normal 0.321629 -0.946866 0
    outer loop
      vertex 66.6133 17.5714 0
      vertex 66.7867 17.6303 2
      vertex 66.6133 17.5714 2
    endloop
  endfacet
  facet normal 0.321629 -0.946866 0
    outer loop
      vertex 66.7867 17.6303 2
      vertex 66.6133 17.5714 0
      vertex 66.7867 17.6303 0
    endloop
  endfacet
  facet normal 0.442401 -0.896817 0
    outer loop
      vertex 66.4491 17.4904 0
      vertex 66.6133 17.5714 2
      vertex 66.4491 17.4904 2
    endloop
  endfacet
  facet normal 0.442401 -0.896817 0
    outer loop
      vertex 66.6133 17.5714 2
      vertex 66.4491 17.4904 0
      vertex 66.6133 17.5714 0
    endloop
  endfacet
  facet normal -0.555582 -0.831462 0
    outer loop
      vertex 67.8491 17.4904 0
      vertex 68.0013 17.3887 2
      vertex 67.8491 17.4904 2
    endloop
  endfacet
  facet normal -0.555582 -0.831462 -0
    outer loop
      vertex 68.0013 17.3887 2
      vertex 67.8491 17.4904 0
      vertex 68.0013 17.3887 0
    endloop
  endfacet
  facet normal 0.194961 -0.980811 0
    outer loop
      vertex 66.7867 17.6303 0
      vertex 66.9663 17.666 2
      vertex 66.7867 17.6303 2
    endloop
  endfacet
  facet normal 0.194961 -0.980811 0
    outer loop
      vertex 66.9663 17.666 2
      vertex 66.7867 17.6303 0
      vertex 66.9663 17.666 0
    endloop
  endfacet
  facet normal 0.947088 0.320973 0
    outer loop
      vertex 65.8556 15.7422 2
      vertex 65.7968 15.9157 0
      vertex 65.7968 15.9157 2
    endloop
  endfacet
  facet normal 0.947088 0.320973 0
    outer loop
      vertex 65.7968 15.9157 0
      vertex 65.8556 15.7422 2
      vertex 65.8556 15.7422 0
    endloop
  endfacet
  facet normal 0.980706 -0.195486 0
    outer loop
      vertex 65.761 16.4607 2
      vertex 65.7968 16.6403 0
      vertex 65.7968 16.6403 2
    endloop
  endfacet
  facet normal 0.980706 -0.195486 0
    outer loop
      vertex 65.7968 16.6403 0
      vertex 65.761 16.4607 2
      vertex 65.761 16.4607 0
    endloop
  endfacet
  facet normal 0.442401 0.896817 -0
    outer loop
      vertex 66.6133 14.9846 0
      vertex 66.4491 15.0656 2
      vertex 66.6133 14.9846 2
    endloop
  endfacet
  facet normal 0.442401 0.896817 0
    outer loop
      vertex 66.4491 15.0656 2
      vertex 66.6133 14.9846 0
      vertex 66.4491 15.0656 0
    endloop
  endfacet
  facet normal 0.321629 0.946866 -0
    outer loop
      vertex 66.7867 14.9257 0
      vertex 66.6133 14.9846 2
      vertex 66.7867 14.9257 2
    endloop
  endfacet
  facet normal 0.321629 0.946866 0
    outer loop
      vertex 66.6133 14.9846 2
      vertex 66.7867 14.9257 0
      vertex 66.6133 14.9846 0
    endloop
  endfacet
  facet normal -0.0655402 0.99785 0
    outer loop
      vertex 67.3318 14.89 0
      vertex 67.1491 14.878 2
      vertex 67.3318 14.89 2
    endloop
  endfacet
  facet normal -0.0655402 0.99785 0
    outer loop
      vertex 67.1491 14.878 2
      vertex 67.3318 14.89 0
      vertex 67.1491 14.878 0
    endloop
  endfacet
  facet normal -0.0655402 -0.99785 0
    outer loop
      vertex 67.1491 17.678 0
      vertex 67.3318 17.666 2
      vertex 67.1491 17.678 2
    endloop
  endfacet
  facet normal -0.0655402 -0.99785 -0
    outer loop
      vertex 67.3318 17.666 2
      vertex 67.1491 17.678 0
      vertex 67.3318 17.666 0
    endloop
  endfacet
  facet normal -0.751731 0.65947 0
    outer loop
      vertex 68.139 15.288 0
      vertex 68.2598 15.4257 2
      vertex 68.2598 15.4257 0
    endloop
  endfacet
  facet normal -0.751731 0.65947 0
    outer loop
      vertex 68.2598 15.4257 2
      vertex 68.139 15.288 0
      vertex 68.139 15.288 2
    endloop
  endfacet
  facet normal -0.896817 -0.442401 0
    outer loop
      vertex 68.4425 16.8138 0
      vertex 68.3615 16.978 2
      vertex 68.3615 16.978 0
    endloop
  endfacet
  facet normal -0.896817 -0.442401 0
    outer loop
      vertex 68.3615 16.978 2
      vertex 68.4425 16.8138 0
      vertex 68.4425 16.8138 2
    endloop
  endfacet
  facet normal -0.751493 -0.659741 0
    outer loop
      vertex 68.2598 17.1303 0
      vertex 68.139 17.2679 2
      vertex 68.139 17.2679 0
    endloop
  endfacet
  facet normal -0.751493 -0.659741 0
    outer loop
      vertex 68.139 17.2679 2
      vertex 68.2598 17.1303 0
      vertex 68.2598 17.1303 2
    endloop
  endfacet
  facet normal 0.947088 -0.320973 0
    outer loop
      vertex 65.7968 16.6403 2
      vertex 65.8556 16.8138 0
      vertex 65.8556 16.8138 2
    endloop
  endfacet
  facet normal 0.947088 -0.320973 0
    outer loop
      vertex 65.8556 16.8138 0
      vertex 65.7968 16.6403 2
      vertex 65.7968 16.6403 0
    endloop
  endfacet
  facet normal 0.65947 -0.751731 0
    outer loop
      vertex 66.1591 17.2679 0
      vertex 66.2968 17.3887 2
      vertex 66.1591 17.2679 2
    endloop
  endfacet
  facet normal 0.65947 -0.751731 0
    outer loop
      vertex 66.2968 17.3887 2
      vertex 66.1591 17.2679 0
      vertex 66.2968 17.3887 0
    endloop
  endfacet
  facet normal 0.980706 0.195486 0
    outer loop
      vertex 65.7968 15.9157 2
      vertex 65.761 16.0953 0
      vertex 65.761 16.0953 2
    endloop
  endfacet
  facet normal 0.980706 0.195486 0
    outer loop
      vertex 65.761 16.0953 0
      vertex 65.7968 15.9157 2
      vertex 65.7968 15.9157 0
    endloop
  endfacet
  facet normal -0.946922 0.321462 0
    outer loop
      vertex 68.4425 15.7422 0
      vertex 68.5014 15.9157 2
      vertex 68.5014 15.9157 0
    endloop
  endfacet
  facet normal -0.946922 0.321462 0
    outer loop
      vertex 68.5014 15.9157 2
      vertex 68.4425 15.7422 0
      vertex 68.4425 15.7422 2
    endloop
  endfacet
  facet normal 0.896817 -0.442401 0
    outer loop
      vertex 65.8556 16.8138 2
      vertex 65.9366 16.978 0
      vertex 65.9366 16.978 2
    endloop
  endfacet
  facet normal 0.896817 -0.442401 0
    outer loop
      vertex 65.9366 16.978 0
      vertex 65.8556 16.8138 2
      vertex 65.8556 16.8138 0
    endloop
  endfacet
  facet normal 0.997886 -0.0649964 0
    outer loop
      vertex 65.7491 16.278 2
      vertex 65.761 16.4607 0
      vertex 65.761 16.4607 2
    endloop
  endfacet
  facet normal 0.997886 -0.0649964 0
    outer loop
      vertex 65.761 16.4607 0
      vertex 65.7491 16.278 2
      vertex 65.7491 16.278 0
    endloop
  endfacet
  facet normal 0.752001 0.659162 0
    outer loop
      vertex 66.1591 15.288 2
      vertex 66.0384 15.4257 0
      vertex 66.0384 15.4257 2
    endloop
  endfacet
  facet normal 0.752001 0.659162 0
    outer loop
      vertex 66.0384 15.4257 0
      vertex 66.1591 15.288 2
      vertex 66.1591 15.288 0
    endloop
  endfacet
  facet normal 0.831378 0.555708 0
    outer loop
      vertex 66.0384 15.4257 2
      vertex 65.9366 15.578 0
      vertex 65.9366 15.578 2
    endloop
  endfacet
  facet normal 0.831378 0.555708 0
    outer loop
      vertex 65.9366 15.578 0
      vertex 66.0384 15.4257 2
      vertex 66.0384 15.4257 0
    endloop
  endfacet
  facet normal -0.946922 0.321462 0
    outer loop
      vertex 68.4425 31.7422 0
      vertex 68.5014 31.9157 2
      vertex 68.5014 31.9157 0
    endloop
  endfacet
  facet normal -0.946922 0.321462 0
    outer loop
      vertex 68.5014 31.9157 2
      vertex 68.4425 31.7422 0
      vertex 68.4425 31.7422 2
    endloop
  endfacet
  facet normal -0.194961 0.980811 0
    outer loop
      vertex 67.5114 30.9257 0
      vertex 67.3318 30.89 2
      vertex 67.5114 30.9257 2
    endloop
  endfacet
  facet normal -0.194961 0.980811 0
    outer loop
      vertex 67.3318 30.89 2
      vertex 67.5114 30.9257 0
      vertex 67.3318 30.89 0
    endloop
  endfacet
  facet normal -0.980811 -0.194961 0
    outer loop
      vertex 68.5371 32.4607 0
      vertex 68.5014 32.6403 2
      vertex 68.5014 32.6403 0
    endloop
  endfacet
  facet normal -0.980811 -0.194961 0
    outer loop
      vertex 68.5014 32.6403 2
      vertex 68.5371 32.4607 0
      vertex 68.5371 32.4607 2
    endloop
  endfacet
  facet normal -0.99785 -0.0655402 0
    outer loop
      vertex 68.5491 32.278 0
      vertex 68.5371 32.4607 2
      vertex 68.5371 32.4607 0
    endloop
  endfacet
  facet normal -0.99785 -0.0655402 0
    outer loop
      vertex 68.5371 32.4607 2
      vertex 68.5491 32.278 0
      vertex 68.5491 32.278 2
    endloop
  endfacet
  facet normal 0.831378 0.555708 0
    outer loop
      vertex 66.0384 31.4257 2
      vertex 65.9366 31.578 0
      vertex 65.9366 31.578 2
    endloop
  endfacet
  facet normal 0.831378 0.555708 0
    outer loop
      vertex 65.9366 31.578 0
      vertex 66.0384 31.4257 2
      vertex 66.0384 31.4257 0
    endloop
  endfacet
  facet normal -0.980811 0.194961 0
    outer loop
      vertex 68.5014 31.9157 0
      vertex 68.5371 32.0953 2
      vertex 68.5371 32.0953 0
    endloop
  endfacet
  facet normal -0.980811 0.194961 0
    outer loop
      vertex 68.5371 32.0953 2
      vertex 68.5014 31.9157 0
      vertex 68.5014 31.9157 2
    endloop
  endfacet
  facet normal 0.751764 -0.659432 0
    outer loop
      vertex 66.0384 33.1303 2
      vertex 66.1591 33.2679 0
      vertex 66.1591 33.2679 2
    endloop
  endfacet
  facet normal 0.751764 -0.659432 0
    outer loop
      vertex 66.1591 33.2679 0
      vertex 66.0384 33.1303 2
      vertex 66.0384 33.1303 0
    endloop
  endfacet
  facet normal 0.194961 0.980811 -0
    outer loop
      vertex 66.9663 30.89 0
      vertex 66.7867 30.9257 2
      vertex 66.9663 30.89 2
    endloop
  endfacet
  facet normal 0.194961 0.980811 0
    outer loop
      vertex 66.7867 30.9257 2
      vertex 66.9663 30.89 0
      vertex 66.7867 30.9257 0
    endloop
  endfacet
  facet normal 0.997886 0.0649964 0
    outer loop
      vertex 65.761 32.0953 2
      vertex 65.7491 32.278 0
      vertex 65.7491 32.278 2
    endloop
  endfacet
  facet normal 0.997886 0.0649964 0
    outer loop
      vertex 65.7491 32.278 0
      vertex 65.761 32.0953 2
      vertex 65.761 32.0953 0
    endloop
  endfacet
  facet normal -0.65947 -0.751731 0
    outer loop
      vertex 68.0013 33.3887 0
      vertex 68.139 33.2679 2
      vertex 68.0013 33.3887 2
    endloop
  endfacet
  facet normal -0.65947 -0.751731 -0
    outer loop
      vertex 68.139 33.2679 2
      vertex 68.0013 33.3887 0
      vertex 68.139 33.2679 0
    endloop
  endfacet
  facet normal 0.65947 -0.751731 0
    outer loop
      vertex 66.1591 33.2679 0
      vertex 66.2968 33.3887 2
      vertex 66.1591 33.2679 2
    endloop
  endfacet
  facet normal 0.65947 -0.751731 0
    outer loop
      vertex 66.2968 33.3887 2
      vertex 66.1591 33.2679 0
      vertex 66.2968 33.3887 0
    endloop
  endfacet
  facet normal 0.55533 0.83163 -0
    outer loop
      vertex 66.4491 31.0656 0
      vertex 66.2968 31.1673 2
      vertex 66.4491 31.0656 2
    endloop
  endfacet
  facet normal 0.55533 0.83163 0
    outer loop
      vertex 66.2968 31.1673 2
      vertex 66.4491 31.0656 0
      vertex 66.2968 31.1673 0
    endloop
  endfacet
  facet normal -0.83163 0.55533 0
    outer loop
      vertex 68.2598 31.4257 0
      vertex 68.3615 31.578 2
      vertex 68.3615 31.578 0
    endloop
  endfacet
  facet normal -0.83163 0.55533 0
    outer loop
      vertex 68.3615 31.578 2
      vertex 68.2598 31.4257 0
      vertex 68.2598 31.4257 2
    endloop
  endfacet
  facet normal 0.896817 0.442401 0
    outer loop
      vertex 65.9366 31.578 2
      vertex 65.8556 31.7422 0
      vertex 65.8556 31.7422 2
    endloop
  endfacet
  facet normal 0.896817 0.442401 0
    outer loop
      vertex 65.8556 31.7422 0
      vertex 65.9366 31.578 2
      vertex 65.9366 31.578 0
    endloop
  endfacet
  facet normal -0.321629 -0.946866 0
    outer loop
      vertex 67.5114 33.6303 0
      vertex 67.6848 33.5714 2
      vertex 67.5114 33.6303 2
    endloop
  endfacet
  facet normal -0.321629 -0.946866 -0
    outer loop
      vertex 67.6848 33.5714 2
      vertex 67.5114 33.6303 0
      vertex 67.6848 33.5714 0
    endloop
  endfacet
  facet normal -0.555582 -0.831462 0
    outer loop
      vertex 67.8491 33.4904 0
      vertex 68.0013 33.3887 2
      vertex 67.8491 33.4904 2
    endloop
  endfacet
  facet normal -0.555582 -0.831462 -0
    outer loop
      vertex 68.0013 33.3887 2
      vertex 67.8491 33.4904 0
      vertex 68.0013 33.3887 0
    endloop
  endfacet
  facet normal 0.947088 0.320973 0
    outer loop
      vertex 65.8556 31.7422 2
      vertex 65.7968 31.9157 0
      vertex 65.7968 31.9157 2
    endloop
  endfacet
  facet normal 0.947088 0.320973 0
    outer loop
      vertex 65.7968 31.9157 0
      vertex 65.8556 31.7422 2
      vertex 65.8556 31.7422 0
    endloop
  endfacet
  facet normal -0.442184 -0.896924 0
    outer loop
      vertex 67.6848 33.5714 0
      vertex 67.8491 33.4904 2
      vertex 67.6848 33.5714 2
    endloop
  endfacet
  facet normal -0.442184 -0.896924 -0
    outer loop
      vertex 67.8491 33.4904 2
      vertex 67.6848 33.5714 0
      vertex 67.8491 33.4904 0
    endloop
  endfacet
  facet normal 0.980706 0.195486 0
    outer loop
      vertex 65.7968 31.9157 2
      vertex 65.761 32.0953 0
      vertex 65.761 32.0953 2
    endloop
  endfacet
  facet normal 0.980706 0.195486 0
    outer loop
      vertex 65.761 32.0953 0
      vertex 65.7968 31.9157 2
      vertex 65.7968 31.9157 0
    endloop
  endfacet
  facet normal -0.946922 -0.321462 0
    outer loop
      vertex 68.5014 32.6403 0
      vertex 68.4425 32.8138 2
      vertex 68.4425 32.8138 0
    endloop
  endfacet
  facet normal -0.946922 -0.321462 0
    outer loop
      vertex 68.4425 32.8138 2
      vertex 68.5014 32.6403 0
      vertex 68.5014 32.6403 2
    endloop
  endfacet
  facet normal -0.99785 0.0655402 0
    outer loop
      vertex 68.5371 32.0953 0
      vertex 68.5491 32.278 2
      vertex 68.5491 32.278 0
    endloop
  endfacet
  facet normal -0.99785 0.0655402 0
    outer loop
      vertex 68.5491 32.278 2
      vertex 68.5371 32.0953 0
      vertex 68.5371 32.0953 2
    endloop
  endfacet
  facet normal 0.194961 -0.980811 0
    outer loop
      vertex 66.7867 33.6303 0
      vertex 66.9663 33.666 2
      vertex 66.7867 33.6303 2
    endloop
  endfacet
  facet normal 0.194961 -0.980811 0
    outer loop
      vertex 66.9663 33.666 2
      vertex 66.7867 33.6303 0
      vertex 66.9663 33.666 0
    endloop
  endfacet
  facet normal -0.194961 -0.980811 0
    outer loop
      vertex 67.3318 33.666 0
      vertex 67.5114 33.6303 2
      vertex 67.3318 33.666 2
    endloop
  endfacet
  facet normal -0.194961 -0.980811 -0
    outer loop
      vertex 67.5114 33.6303 2
      vertex 67.3318 33.666 0
      vertex 67.5114 33.6303 0
    endloop
  endfacet
  facet normal 0.752001 0.659162 0
    outer loop
      vertex 66.1591 31.288 2
      vertex 66.0384 31.4257 0
      vertex 66.0384 31.4257 2
    endloop
  endfacet
  facet normal 0.752001 0.659162 0
    outer loop
      vertex 66.0384 31.4257 0
      vertex 66.1591 31.288 2
      vertex 66.1591 31.288 0
    endloop
  endfacet
  facet normal 0.55533 -0.83163 0
    outer loop
      vertex 66.2968 33.3887 0
      vertex 66.4491 33.4904 2
      vertex 66.2968 33.3887 2
    endloop
  endfacet
  facet normal 0.55533 -0.83163 0
    outer loop
      vertex 66.4491 33.4904 2
      vertex 66.2968 33.3887 0
      vertex 66.4491 33.4904 0
    endloop
  endfacet
  facet normal 0.321629 -0.946866 0
    outer loop
      vertex 66.6133 33.5714 0
      vertex 66.7867 33.6303 2
      vertex 66.6133 33.5714 2
    endloop
  endfacet
  facet normal 0.321629 -0.946866 0
    outer loop
      vertex 66.7867 33.6303 2
      vertex 66.6133 33.5714 0
      vertex 66.7867 33.6303 0
    endloop
  endfacet
  facet normal -0.83163 -0.55533 0
    outer loop
      vertex 68.3615 32.978 0
      vertex 68.2598 33.1303 2
      vertex 68.2598 33.1303 0
    endloop
  endfacet
  facet normal -0.83163 -0.55533 0
    outer loop
      vertex 68.2598 33.1303 2
      vertex 68.3615 32.978 0
      vertex 68.3615 32.978 2
    endloop
  endfacet
  facet normal 0.997886 -0.0649964 0
    outer loop
      vertex 65.7491 32.278 2
      vertex 65.761 32.4607 0
      vertex 65.761 32.4607 2
    endloop
  endfacet
  facet normal 0.997886 -0.0649964 0
    outer loop
      vertex 65.761 32.4607 0
      vertex 65.7491 32.278 2
      vertex 65.7491 32.278 0
    endloop
  endfacet
  facet normal -0.442184 0.896924 0
    outer loop
      vertex 67.8491 31.0656 0
      vertex 67.6848 30.9846 2
      vertex 67.8491 31.0656 2
    endloop
  endfacet
  facet normal -0.442184 0.896924 0
    outer loop
      vertex 67.6848 30.9846 2
      vertex 67.8491 31.0656 0
      vertex 67.6848 30.9846 0
    endloop
  endfacet
  facet normal 0.442401 -0.896817 0
    outer loop
      vertex 66.4491 33.4904 0
      vertex 66.6133 33.5714 2
      vertex 66.4491 33.4904 2
    endloop
  endfacet
  facet normal 0.442401 -0.896817 0
    outer loop
      vertex 66.6133 33.5714 2
      vertex 66.4491 33.4904 0
      vertex 66.6133 33.5714 0
    endloop
  endfacet
  facet normal 0.980706 -0.195486 0
    outer loop
      vertex 65.761 32.4607 2
      vertex 65.7968 32.6403 0
      vertex 65.7968 32.6403 2
    endloop
  endfacet
  facet normal 0.980706 -0.195486 0
    outer loop
      vertex 65.7968 32.6403 0
      vertex 65.761 32.4607 2
      vertex 65.761 32.4607 0
    endloop
  endfacet
  facet normal -0.896817 -0.442401 0
    outer loop
      vertex 68.4425 32.8138 0
      vertex 68.3615 32.978 2
      vertex 68.3615 32.978 0
    endloop
  endfacet
  facet normal -0.896817 -0.442401 0
    outer loop
      vertex 68.3615 32.978 2
      vertex 68.4425 32.8138 0
      vertex 68.4425 32.8138 2
    endloop
  endfacet
  facet normal 0.896817 -0.442401 0
    outer loop
      vertex 65.8556 32.8138 2
      vertex 65.9366 32.978 0
      vertex 65.9366 32.978 2
    endloop
  endfacet
  facet normal 0.896817 -0.442401 0
    outer loop
      vertex 65.9366 32.978 0
      vertex 65.8556 32.8138 2
      vertex 65.8556 32.8138 0
    endloop
  endfacet
  facet normal 0.659162 0.752001 -0
    outer loop
      vertex 66.2968 31.1673 0
      vertex 66.1591 31.288 2
      vertex 66.2968 31.1673 2
    endloop
  endfacet
  facet normal 0.659162 0.752001 0
    outer loop
      vertex 66.1591 31.288 2
      vertex 66.2968 31.1673 0
      vertex 66.1591 31.288 0
    endloop
  endfacet
  facet normal -0.659162 0.752001 0
    outer loop
      vertex 68.139 31.288 0
      vertex 68.0013 31.1673 2
      vertex 68.139 31.288 2
    endloop
  endfacet
  facet normal -0.659162 0.752001 0
    outer loop
      vertex 68.0013 31.1673 2
      vertex 68.139 31.288 0
      vertex 68.0013 31.1673 0
    endloop
  endfacet
  facet normal -0.555582 0.831462 0
    outer loop
      vertex 68.0013 31.1673 0
      vertex 67.8491 31.0656 2
      vertex 68.0013 31.1673 2
    endloop
  endfacet
  facet normal -0.555582 0.831462 0
    outer loop
      vertex 67.8491 31.0656 2
      vertex 68.0013 31.1673 0
      vertex 67.8491 31.0656 0
    endloop
  endfacet
  facet normal -0.751731 0.65947 0
    outer loop
      vertex 68.139 31.288 0
      vertex 68.2598 31.4257 2
      vertex 68.2598 31.4257 0
    endloop
  endfacet
  facet normal -0.751731 0.65947 0
    outer loop
      vertex 68.2598 31.4257 2
      vertex 68.139 31.288 0
      vertex 68.139 31.288 2
    endloop
  endfacet
  facet normal 0.0655045 0.997852 -0
    outer loop
      vertex 67.1491 30.878 0
      vertex 66.9663 30.89 2
      vertex 67.1491 30.878 2
    endloop
  endfacet
  facet normal 0.0655045 0.997852 0
    outer loop
      vertex 66.9663 30.89 2
      vertex 67.1491 30.878 0
      vertex 66.9663 30.89 0
    endloop
  endfacet
  facet normal -0.896817 0.442401 0
    outer loop
      vertex 68.3615 31.578 0
      vertex 68.4425 31.7422 2
      vertex 68.4425 31.7422 0
    endloop
  endfacet
  facet normal -0.896817 0.442401 0
    outer loop
      vertex 68.4425 31.7422 2
      vertex 68.3615 31.578 0
      vertex 68.3615 31.578 2
    endloop
  endfacet
  facet normal -0.0655402 0.99785 0
    outer loop
      vertex 67.3318 30.89 0
      vertex 67.1491 30.878 2
      vertex 67.3318 30.89 2
    endloop
  endfacet
  facet normal -0.0655402 0.99785 0
    outer loop
      vertex 67.1491 30.878 2
      vertex 67.3318 30.89 0
      vertex 67.1491 30.878 0
    endloop
  endfacet
  facet normal -0.751493 -0.659741 0
    outer loop
      vertex 68.2598 33.1303 0
      vertex 68.139 33.2679 2
      vertex 68.139 33.2679 0
    endloop
  endfacet
  facet normal -0.751493 -0.659741 0
    outer loop
      vertex 68.139 33.2679 2
      vertex 68.2598 33.1303 0
      vertex 68.2598 33.1303 2
    endloop
  endfacet
  facet normal -0.0655402 -0.99785 0
    outer loop
      vertex 67.1491 33.678 0
      vertex 67.3318 33.666 2
      vertex 67.1491 33.678 2
    endloop
  endfacet
  facet normal -0.0655402 -0.99785 -0
    outer loop
      vertex 67.3318 33.666 2
      vertex 67.1491 33.678 0
      vertex 67.3318 33.666 0
    endloop
  endfacet
  facet normal -0.321629 0.946866 0
    outer loop
      vertex 67.6848 30.9846 0
      vertex 67.5114 30.9257 2
      vertex 67.6848 30.9846 2
    endloop
  endfacet
  facet normal -0.321629 0.946866 0
    outer loop
      vertex 67.5114 30.9257 2
      vertex 67.6848 30.9846 0
      vertex 67.5114 30.9257 0
    endloop
  endfacet
  facet normal 0.0655045 -0.997852 0
    outer loop
      vertex 66.9663 33.666 0
      vertex 67.1491 33.678 2
      vertex 66.9663 33.666 2
    endloop
  endfacet
  facet normal 0.0655045 -0.997852 0
    outer loop
      vertex 67.1491 33.678 2
      vertex 66.9663 33.666 0
      vertex 67.1491 33.678 0
    endloop
  endfacet
  facet normal 0.947088 -0.320973 0
    outer loop
      vertex 65.7968 32.6403 2
      vertex 65.8556 32.8138 0
      vertex 65.8556 32.8138 2
    endloop
  endfacet
  facet normal 0.947088 -0.320973 0
    outer loop
      vertex 65.8556 32.8138 0
      vertex 65.7968 32.6403 2
      vertex 65.7968 32.6403 0
    endloop
  endfacet
  facet normal 0.321629 0.946866 -0
    outer loop
      vertex 66.7867 30.9257 0
      vertex 66.6133 30.9846 2
      vertex 66.7867 30.9257 2
    endloop
  endfacet
  facet normal 0.321629 0.946866 0
    outer loop
      vertex 66.6133 30.9846 2
      vertex 66.7867 30.9257 0
      vertex 66.6133 30.9846 0
    endloop
  endfacet
  facet normal 0.442401 0.896817 -0
    outer loop
      vertex 66.6133 30.9846 0
      vertex 66.4491 31.0656 2
      vertex 66.6133 30.9846 2
    endloop
  endfacet
  facet normal 0.442401 0.896817 0
    outer loop
      vertex 66.4491 31.0656 2
      vertex 66.6133 30.9846 0
      vertex 66.4491 31.0656 0
    endloop
  endfacet
  facet normal 0.831378 -0.555708 0
    outer loop
      vertex 65.9366 32.978 2
      vertex 66.0384 33.1303 0
      vertex 66.0384 33.1303 2
    endloop
  endfacet
  facet normal 0.831378 -0.555708 0
    outer loop
      vertex 66.0384 33.1303 0
      vertex 65.9366 32.978 2
      vertex 65.9366 32.978 0
    endloop
  endfacet
  facet normal -0.980825 0.194891 0
    outer loop
      vertex 63.6592 57.8684 0
      vertex 63.6898 58.0224 2
      vertex 63.6898 58.0224 0
    endloop
  endfacet
  facet normal -0.980825 0.194891 0
    outer loop
      vertex 63.6898 58.0224 2
      vertex 63.6592 57.8684 0
      vertex 63.6592 57.8684 2
    endloop
  endfacet
  facet normal -0.0656309 0.997844 0
    outer loop
      vertex 62.6567 56.9893 0
      vertex 62.5001 56.979 2
      vertex 62.6567 56.9893 2
    endloop
  endfacet
  facet normal -0.0656309 0.997844 0
    outer loop
      vertex 62.5001 56.979 2
      vertex 62.6567 56.9893 0
      vertex 62.5001 56.979 0
    endloop
  endfacet
  facet normal -0.980825 -0.194891 0
    outer loop
      vertex 63.6898 58.3356 0
      vertex 63.6592 58.4896 2
      vertex 63.6592 58.4896 0
    endloop
  endfacet
  facet normal -0.980825 -0.194891 0
    outer loop
      vertex 63.6592 58.4896 2
      vertex 63.6898 58.3356 0
      vertex 63.6898 58.3356 2
    endloop
  endfacet
  facet normal -0.997844 -0.0656309 0
    outer loop
      vertex 63.7001 58.179 0
      vertex 63.6898 58.3356 2
      vertex 63.6898 58.3356 0
    endloop
  endfacet
  facet normal -0.997844 -0.0656309 0
    outer loop
      vertex 63.6898 58.3356 2
      vertex 63.7001 58.179 0
      vertex 63.7001 58.179 2
    endloop
  endfacet
  facet normal -0.831462 0.555582 0
    outer loop
      vertex 63.4521 57.4485 0
      vertex 63.5393 57.579 2
      vertex 63.5393 57.579 0
    endloop
  endfacet
  facet normal -0.831462 0.555582 0
    outer loop
      vertex 63.5393 57.579 2
      vertex 63.4521 57.4485 0
      vertex 63.4521 57.4485 2
    endloop
  endfacet
  facet normal 0.195013 -0.980801 0
    outer loop
      vertex 62.1895 59.3381 0
      vertex 62.3434 59.3687 2
      vertex 62.1895 59.3381 2
    endloop
  endfacet
  facet normal 0.195013 -0.980801 0
    outer loop
      vertex 62.3434 59.3687 2
      vertex 62.1895 59.3381 0
      vertex 62.3434 59.3687 0
    endloop
  endfacet
  facet normal -0.896961 0.44211 0
    outer loop
      vertex 63.5393 57.579 0
      vertex 63.6087 57.7198 2
      vertex 63.6087 57.7198 0
    endloop
  endfacet
  facet normal -0.896961 0.44211 0
    outer loop
      vertex 63.6087 57.7198 2
      vertex 63.5393 57.579 0
      vertex 63.5393 57.579 2
    endloop
  endfacet
  facet normal 0.442875 -0.896583 0
    outer loop
      vertex 61.9001 59.2182 0
      vertex 62.0408 59.2877 2
      vertex 61.9001 59.2182 2
    endloop
  endfacet
  facet normal 0.442875 -0.896583 0
    outer loop
      vertex 62.0408 59.2877 2
      vertex 61.9001 59.2182 0
      vertex 62.0408 59.2877 0
    endloop
  endfacet
  facet normal -0.659406 0.751787 0
    outer loop
      vertex 63.3486 57.3305 0
      vertex 63.2306 57.227 2
      vertex 63.3486 57.3305 2
    endloop
  endfacet
  facet normal -0.659406 0.751787 0
    outer loop
      vertex 63.2306 57.227 2
      vertex 63.3486 57.3305 0
      vertex 63.2306 57.227 0
    endloop
  endfacet
  facet normal -0.555582 -0.831462 0
    outer loop
      vertex 63.1001 59.2182 0
      vertex 63.2306 59.131 2
      vertex 63.1001 59.2182 2
    endloop
  endfacet
  facet normal -0.555582 -0.831462 -0
    outer loop
      vertex 63.2306 59.131 2
      vertex 63.1001 59.2182 0
      vertex 63.2306 59.131 0
    endloop
  endfacet
  facet normal 0.321001 0.947079 -0
    outer loop
      vertex 62.1895 57.0199 0
      vertex 62.0408 57.0703 2
      vertex 62.1895 57.0199 2
    endloop
  endfacet
  facet normal 0.321001 0.947079 0
    outer loop
      vertex 62.0408 57.0703 2
      vertex 62.1895 57.0199 0
      vertex 62.0408 57.0703 0
    endloop
  endfacet
  facet normal 0.946819 -0.321766 0
    outer loop
      vertex 61.3409 58.4896 2
      vertex 61.3914 58.6382 0
      vertex 61.3914 58.6382 2
    endloop
  endfacet
  facet normal 0.946819 -0.321766 0
    outer loop
      vertex 61.3914 58.6382 0
      vertex 61.3409 58.4896 2
      vertex 61.3409 58.4896 0
    endloop
  endfacet
  facet normal -0.195013 -0.980801 0
    outer loop
      vertex 62.6567 59.3687 0
      vertex 62.8106 59.3381 2
      vertex 62.6567 59.3687 2
    endloop
  endfacet
  facet normal -0.195013 -0.980801 -0
    outer loop
      vertex 62.8106 59.3381 2
      vertex 62.6567 59.3687 0
      vertex 62.8106 59.3381 0
    endloop
  endfacet
  facet normal 0.997886 0.0649964 0
    outer loop
      vertex 61.3103 58.0224 2
      vertex 61.3001 58.179 0
      vertex 61.3001 58.179 2
    endloop
  endfacet
  facet normal 0.997886 0.0649964 0
    outer loop
      vertex 61.3001 58.179 0
      vertex 61.3103 58.0224 2
      vertex 61.3103 58.0224 0
    endloop
  endfacet
  facet normal 0.946819 0.321766 0
    outer loop
      vertex 61.3914 57.7198 2
      vertex 61.3409 57.8684 0
      vertex 61.3409 57.8684 2
    endloop
  endfacet
  facet normal 0.946819 0.321766 0
    outer loop
      vertex 61.3409 57.8684 0
      vertex 61.3914 57.7198 2
      vertex 61.3914 57.7198 0
    endloop
  endfacet
  facet normal 0.896961 -0.44211 0
    outer loop
      vertex 61.3914 58.6382 2
      vertex 61.4608 58.779 0
      vertex 61.4608 58.779 2
    endloop
  endfacet
  facet normal 0.896961 -0.44211 0
    outer loop
      vertex 61.4608 58.779 0
      vertex 61.3914 58.6382 2
      vertex 61.3914 58.6382 0
    endloop
  endfacet
  facet normal -0.751787 0.659406 0
    outer loop
      vertex 63.3486 57.3305 0
      vertex 63.4521 57.4485 2
      vertex 63.4521 57.4485 0
    endloop
  endfacet
  facet normal -0.751787 0.659406 0
    outer loop
      vertex 63.4521 57.4485 2
      vertex 63.3486 57.3305 0
      vertex 63.3486 57.3305 2
    endloop
  endfacet
  facet normal 0.442875 0.896583 -0
    outer loop
      vertex 62.0408 57.0703 0
      vertex 61.9001 57.1398 2
      vertex 62.0408 57.0703 2
    endloop
  endfacet
  facet normal 0.442875 0.896583 0
    outer loop
      vertex 61.9001 57.1398 2
      vertex 62.0408 57.0703 0
      vertex 61.9001 57.1398 0
    endloop
  endfacet
  facet normal -0.946819 -0.321766 0
    outer loop
      vertex 63.6592 58.4896 0
      vertex 63.6087 58.6382 2
      vertex 63.6087 58.6382 0
    endloop
  endfacet
  facet normal -0.946819 -0.321766 0
    outer loop
      vertex 63.6087 58.6382 2
      vertex 63.6592 58.4896 0
      vertex 63.6592 58.4896 2
    endloop
  endfacet
  facet normal 0.555288 -0.831658 0
    outer loop
      vertex 61.7695 59.131 0
      vertex 61.9001 59.2182 2
      vertex 61.7695 59.131 2
    endloop
  endfacet
  facet normal 0.555288 -0.831658 0
    outer loop
      vertex 61.9001 59.2182 2
      vertex 61.7695 59.131 0
      vertex 61.9001 59.2182 0
    endloop
  endfacet
  facet normal -0.946819 0.321766 0
    outer loop
      vertex 63.6087 57.7198 0
      vertex 63.6592 57.8684 2
      vertex 63.6592 57.8684 0
    endloop
  endfacet
  facet normal -0.946819 0.321766 0
    outer loop
      vertex 63.6592 57.8684 2
      vertex 63.6087 57.7198 0
      vertex 63.6087 57.7198 2
    endloop
  endfacet
  facet normal -0.831462 -0.555582 0
    outer loop
      vertex 63.5393 58.779 0
      vertex 63.4521 58.9095 2
      vertex 63.4521 58.9095 0
    endloop
  endfacet
  facet normal -0.831462 -0.555582 0
    outer loop
      vertex 63.4521 58.9095 2
      vertex 63.5393 58.779 0
      vertex 63.5393 58.779 2
    endloop
  endfacet
  facet normal -0.442622 -0.896708 0
    outer loop
      vertex 62.9593 59.2877 0
      vertex 63.1001 59.2182 2
      vertex 62.9593 59.2877 2
    endloop
  endfacet
  facet normal -0.442622 -0.896708 -0
    outer loop
      vertex 63.1001 59.2182 2
      vertex 62.9593 59.2877 0
      vertex 63.1001 59.2182 0
    endloop
  endfacet
  facet normal -0.751787 -0.659406 0
    outer loop
      vertex 63.4521 58.9095 0
      vertex 63.3486 59.0275 2
      vertex 63.3486 59.0275 0
    endloop
  endfacet
  facet normal -0.751787 -0.659406 0
    outer loop
      vertex 63.3486 59.0275 2
      vertex 63.4521 58.9095 0
      vertex 63.4521 58.9095 2
    endloop
  endfacet
  facet normal -0.321001 0.947079 0
    outer loop
      vertex 62.9593 57.0703 0
      vertex 62.8106 57.0199 2
      vertex 62.9593 57.0703 2
    endloop
  endfacet
  facet normal -0.321001 0.947079 0
    outer loop
      vertex 62.8106 57.0199 2
      vertex 62.9593 57.0703 0
      vertex 62.8106 57.0199 0
    endloop
  endfacet
  facet normal -0.659406 -0.751787 0
    outer loop
      vertex 63.2306 59.131 0
      vertex 63.3486 59.0275 2
      vertex 63.2306 59.131 2
    endloop
  endfacet
  facet normal -0.659406 -0.751787 -0
    outer loop
      vertex 63.3486 59.0275 2
      vertex 63.2306 59.131 0
      vertex 63.3486 59.0275 0
    endloop
  endfacet
  facet normal -0.997844 0.0656309 0
    outer loop
      vertex 63.6898 58.0224 0
      vertex 63.7001 58.179 2
      vertex 63.7001 58.179 0
    endloop
  endfacet
  facet normal -0.997844 0.0656309 0
    outer loop
      vertex 63.7001 58.179 2
      vertex 63.6898 58.0224 0
      vertex 63.6898 58.0224 2
    endloop
  endfacet
  facet normal 0.0655892 -0.997847 0
    outer loop
      vertex 62.3434 59.3687 0
      vertex 62.5001 59.379 2
      vertex 62.3434 59.3687 2
    endloop
  endfacet
  facet normal 0.0655892 -0.997847 0
    outer loop
      vertex 62.5001 59.379 2
      vertex 62.3434 59.3687 0
      vertex 62.5001 59.379 0
    endloop
  endfacet
  facet normal 0.555288 0.831658 -0
    outer loop
      vertex 61.9001 57.1398 0
      vertex 61.7695 57.227 2
      vertex 61.9001 57.1398 2
    endloop
  endfacet
  facet normal 0.555288 0.831658 0
    outer loop
      vertex 61.7695 57.227 2
      vertex 61.9001 57.1398 0
      vertex 61.7695 57.227 0
    endloop
  endfacet
  facet normal 0.321001 -0.947079 0
    outer loop
      vertex 62.0408 59.2877 0
      vertex 62.1895 59.3381 2
      vertex 62.0408 59.2877 2
    endloop
  endfacet
  facet normal 0.321001 -0.947079 0
    outer loop
      vertex 62.1895 59.3381 2
      vertex 62.0408 59.2877 0
      vertex 62.1895 59.3381 0
    endloop
  endfacet
  facet normal 0.659406 0.751787 -0
    outer loop
      vertex 61.7695 57.227 0
      vertex 61.6515 57.3305 2
      vertex 61.7695 57.227 2
    endloop
  endfacet
  facet normal 0.659406 0.751787 0
    outer loop
      vertex 61.6515 57.3305 2
      vertex 61.7695 57.227 0
      vertex 61.6515 57.3305 0
    endloop
  endfacet
  facet normal 0.896961 0.44211 0
    outer loop
      vertex 61.4608 57.579 2
      vertex 61.3914 57.7198 0
      vertex 61.3914 57.7198 2
    endloop
  endfacet
  facet normal 0.896961 0.44211 0
    outer loop
      vertex 61.3914 57.7198 0
      vertex 61.4608 57.579 2
      vertex 61.4608 57.579 0
    endloop
  endfacet
  facet normal 0.997886 -0.0649964 0
    outer loop
      vertex 61.3001 58.179 2
      vertex 61.3103 58.3356 0
      vertex 61.3103 58.3356 2
    endloop
  endfacet
  facet normal 0.997886 -0.0649964 0
    outer loop
      vertex 61.3103 58.3356 0
      vertex 61.3001 58.179 2
      vertex 61.3001 58.179 0
    endloop
  endfacet
  facet normal -0.442622 0.896708 0
    outer loop
      vertex 63.1001 57.1398 0
      vertex 62.9593 57.0703 2
      vertex 63.1001 57.1398 2
    endloop
  endfacet
  facet normal -0.442622 0.896708 0
    outer loop
      vertex 62.9593 57.0703 2
      vertex 63.1001 57.1398 0
      vertex 62.9593 57.0703 0
    endloop
  endfacet
  facet normal 0.751787 -0.659406 0
    outer loop
      vertex 61.548 58.9095 2
      vertex 61.6515 59.0275 0
      vertex 61.6515 59.0275 2
    endloop
  endfacet
  facet normal 0.751787 -0.659406 0
    outer loop
      vertex 61.6515 59.0275 0
      vertex 61.548 58.9095 2
      vertex 61.548 58.9095 0
    endloop
  endfacet
  facet normal -0.555582 0.831462 0
    outer loop
      vertex 63.2306 57.227 0
      vertex 63.1001 57.1398 2
      vertex 63.2306 57.227 2
    endloop
  endfacet
  facet normal -0.555582 0.831462 0
    outer loop
      vertex 63.1001 57.1398 2
      vertex 63.2306 57.227 0
      vertex 63.1001 57.1398 0
    endloop
  endfacet
  facet normal 0.659406 -0.751787 0
    outer loop
      vertex 61.6515 59.0275 0
      vertex 61.7695 59.131 2
      vertex 61.6515 59.0275 2
    endloop
  endfacet
  facet normal 0.659406 -0.751787 0
    outer loop
      vertex 61.7695 59.131 2
      vertex 61.6515 59.0275 0
      vertex 61.7695 59.131 0
    endloop
  endfacet
  facet normal -0.896961 -0.44211 0
    outer loop
      vertex 63.6087 58.6382 0
      vertex 63.5393 58.779 2
      vertex 63.5393 58.779 0
    endloop
  endfacet
  facet normal -0.896961 -0.44211 0
    outer loop
      vertex 63.5393 58.779 2
      vertex 63.6087 58.6382 0
      vertex 63.6087 58.6382 2
    endloop
  endfacet
  facet normal -0.321001 -0.947079 0
    outer loop
      vertex 62.8106 59.3381 0
      vertex 62.9593 59.2877 2
      vertex 62.8106 59.3381 2
    endloop
  endfacet
  facet normal -0.321001 -0.947079 -0
    outer loop
      vertex 62.9593 59.2877 2
      vertex 62.8106 59.3381 0
      vertex 62.9593 59.2877 0
    endloop
  endfacet
  facet normal 0.980825 0.194891 0
    outer loop
      vertex 61.3409 57.8684 2
      vertex 61.3103 58.0224 0
      vertex 61.3103 58.0224 2
    endloop
  endfacet
  facet normal 0.980825 0.194891 0
    outer loop
      vertex 61.3103 58.0224 0
      vertex 61.3409 57.8684 2
      vertex 61.3409 57.8684 0
    endloop
  endfacet
  facet normal 0.980825 -0.194891 0
    outer loop
      vertex 61.3103 58.3356 2
      vertex 61.3409 58.4896 0
      vertex 61.3409 58.4896 2
    endloop
  endfacet
  facet normal 0.980825 -0.194891 0
    outer loop
      vertex 61.3409 58.4896 0
      vertex 61.3103 58.3356 2
      vertex 61.3103 58.3356 0
    endloop
  endfacet
  facet normal 0.0655892 0.997847 -0
    outer loop
      vertex 62.5001 56.979 0
      vertex 62.3434 56.9893 2
      vertex 62.5001 56.979 2
    endloop
  endfacet
  facet normal 0.0655892 0.997847 0
    outer loop
      vertex 62.3434 56.9893 2
      vertex 62.5001 56.979 0
      vertex 62.3434 56.9893 0
    endloop
  endfacet
  facet normal -0.195013 0.980801 0
    outer loop
      vertex 62.8106 57.0199 0
      vertex 62.6567 56.9893 2
      vertex 62.8106 57.0199 2
    endloop
  endfacet
  facet normal -0.195013 0.980801 0
    outer loop
      vertex 62.6567 56.9893 2
      vertex 62.8106 57.0199 0
      vertex 62.6567 56.9893 0
    endloop
  endfacet
  facet normal 0.831462 0.555582 0
    outer loop
      vertex 61.548 57.4485 2
      vertex 61.4608 57.579 0
      vertex 61.4608 57.579 2
    endloop
  endfacet
  facet normal 0.831462 0.555582 0
    outer loop
      vertex 61.4608 57.579 0
      vertex 61.548 57.4485 2
      vertex 61.548 57.4485 0
    endloop
  endfacet
  facet normal 0.751787 0.659406 0
    outer loop
      vertex 61.6515 57.3305 2
      vertex 61.548 57.4485 0
      vertex 61.548 57.4485 2
    endloop
  endfacet
  facet normal 0.751787 0.659406 0
    outer loop
      vertex 61.548 57.4485 0
      vertex 61.6515 57.3305 2
      vertex 61.6515 57.3305 0
    endloop
  endfacet
  facet normal -0.0656309 -0.997844 0
    outer loop
      vertex 62.5001 59.379 0
      vertex 62.6567 59.3687 2
      vertex 62.5001 59.379 2
    endloop
  endfacet
  facet normal -0.0656309 -0.997844 -0
    outer loop
      vertex 62.6567 59.3687 2
      vertex 62.5001 59.379 0
      vertex 62.6567 59.3687 0
    endloop
  endfacet
  facet normal 0.195013 0.980801 -0
    outer loop
      vertex 62.3434 56.9893 0
      vertex 62.1895 57.0199 2
      vertex 62.3434 56.9893 2
    endloop
  endfacet
  facet normal 0.195013 0.980801 0
    outer loop
      vertex 62.1895 57.0199 2
      vertex 62.3434 56.9893 0
      vertex 62.1895 57.0199 0
    endloop
  endfacet
  facet normal 0.831462 -0.555582 0
    outer loop
      vertex 61.4608 58.779 2
      vertex 61.548 58.9095 0
      vertex 61.548 58.9095 2
    endloop
  endfacet
  facet normal 0.831462 -0.555582 0
    outer loop
      vertex 61.548 58.9095 0
      vertex 61.4608 58.779 2
      vertex 61.4608 58.779 0
    endloop
  endfacet
  facet normal -0.980335 0.19734 0
    outer loop
      vertex 135.989 30.3074 0
      vertex 136.02 30.4614 2
      vertex 136.02 30.4614 0
    endloop
  endfacet
  facet normal -0.980335 0.19734 0
    outer loop
      vertex 136.02 30.4614 2
      vertex 135.989 30.3074 0
      vertex 135.989 30.3074 2
    endloop
  endfacet
  facet normal -0.0654644 0.997855 0
    outer loop
      vertex 134.987 29.4283 0
      vertex 134.83 29.418 2
      vertex 134.987 29.4283 2
    endloop
  endfacet
  facet normal -0.0654644 0.997855 0
    outer loop
      vertex 134.83 29.418 2
      vertex 134.987 29.4283 0
      vertex 134.83 29.418 0
    endloop
  endfacet
  facet normal -0.980335 -0.19734 0
    outer loop
      vertex 136.02 30.7746 0
      vertex 135.989 30.9286 2
      vertex 135.989 30.9286 0
    endloop
  endfacet
  facet normal -0.980335 -0.19734 0
    outer loop
      vertex 135.989 30.9286 2
      vertex 136.02 30.7746 0
      vertex 136.02 30.7746 2
    endloop
  endfacet
  facet normal -0.997967 -0.0637272 0
    outer loop
      vertex 136.03 30.618 0
      vertex 136.02 30.7746 2
      vertex 136.02 30.7746 0
    endloop
  endfacet
  facet normal -0.997967 -0.0637272 0
    outer loop
      vertex 136.02 30.7746 2
      vertex 136.03 30.618 0
      vertex 136.03 30.618 2
    endloop
  endfacet
  facet normal 0.322361 0.946617 -0
    outer loop
      vertex 134.519 29.4589 0
      vertex 134.371 29.5093 2
      vertex 134.519 29.4589 2
    endloop
  endfacet
  facet normal 0.322361 0.946617 0
    outer loop
      vertex 134.371 29.5093 2
      vertex 134.519 29.4589 0
      vertex 134.371 29.5093 0
    endloop
  endfacet
  facet normal 0.750209 -0.661201 0
    outer loop
      vertex 133.878 31.3485 2
      vertex 133.982 31.4665 0
      vertex 133.982 31.4665 2
    endloop
  endfacet
  facet normal 0.750209 -0.661201 0
    outer loop
      vertex 133.982 31.4665 0
      vertex 133.878 31.3485 2
      vertex 133.878 31.3485 0
    endloop
  endfacet
  facet normal -0.0654644 -0.997855 0
    outer loop
      vertex 134.83 31.818 0
      vertex 134.987 31.8077 2
      vertex 134.83 31.818 2
    endloop
  endfacet
  facet normal -0.0654644 -0.997855 -0
    outer loop
      vertex 134.987 31.8077 2
      vertex 134.83 31.818 0
      vertex 134.987 31.8077 0
    endloop
  endfacet
  facet normal 0.980335 -0.19734 0
    outer loop
      vertex 133.64 30.7746 2
      vertex 133.671 30.9286 0
      vertex 133.671 30.9286 2
    endloop
  endfacet
  facet normal 0.980335 -0.19734 0
    outer loop
      vertex 133.671 30.9286 0
      vertex 133.64 30.7746 2
      vertex 133.64 30.7746 0
    endloop
  endfacet
  facet normal 0.442117 -0.896957 0
    outer loop
      vertex 134.23 31.6572 0
      vertex 134.371 31.7267 2
      vertex 134.23 31.6572 2
    endloop
  endfacet
  facet normal 0.442117 -0.896957 0
    outer loop
      vertex 134.371 31.7267 2
      vertex 134.23 31.6572 0
      vertex 134.371 31.7267 0
    endloop
  endfacet
  facet normal 0.947787 0.318905 0
    outer loop
      vertex 133.721 30.1588 2
      vertex 133.671 30.3074 0
      vertex 133.671 30.3074 2
    endloop
  endfacet
  facet normal 0.947787 0.318905 0
    outer loop
      vertex 133.671 30.3074 0
      vertex 133.721 30.1588 2
      vertex 133.721 30.1588 0
    endloop
  endfacet
  facet normal -0.659406 -0.751787 0
    outer loop
      vertex 135.561 31.57 0
      vertex 135.679 31.4665 2
      vertex 135.561 31.57 2
    endloop
  endfacet
  facet normal -0.659406 -0.751787 -0
    outer loop
      vertex 135.679 31.4665 2
      vertex 135.561 31.57 0
      vertex 135.679 31.4665 0
    endloop
  endfacet
  facet normal 0.895442 -0.445177 0
    outer loop
      vertex 133.721 31.0772 2
      vertex 133.791 31.218 0
      vertex 133.791 31.218 2
    endloop
  endfacet
  facet normal 0.895442 -0.445177 0
    outer loop
      vertex 133.791 31.218 0
      vertex 133.721 31.0772 2
      vertex 133.721 31.0772 0
    endloop
  endfacet
  facet normal 0.997967 0.0637272 0
    outer loop
      vertex 133.64 30.4614 2
      vertex 133.63 30.618 0
      vertex 133.63 30.618 2
    endloop
  endfacet
  facet normal 0.997967 0.0637272 0
    outer loop
      vertex 133.63 30.618 0
      vertex 133.64 30.4614 2
      vertex 133.64 30.4614 0
    endloop
  endfacet
  facet normal 0.997967 -0.0637272 0
    outer loop
      vertex 133.63 30.618 2
      vertex 133.64 30.7746 0
      vertex 133.64 30.7746 2
    endloop
  endfacet
  facet normal 0.997967 -0.0637272 0
    outer loop
      vertex 133.64 30.7746 0
      vertex 133.63 30.618 2
      vertex 133.63 30.618 0
    endloop
  endfacet
  facet normal 0.659406 -0.751787 0
    outer loop
      vertex 133.982 31.4665 0
      vertex 134.1 31.57 2
      vertex 133.982 31.4665 2
    endloop
  endfacet
  facet normal 0.659406 -0.751787 0
    outer loop
      vertex 134.1 31.57 2
      vertex 133.982 31.4665 0
      vertex 134.1 31.57 0
    endloop
  endfacet
  facet normal 0.947787 -0.318905 0
    outer loop
      vertex 133.671 30.9286 2
      vertex 133.721 31.0772 0
      vertex 133.721 31.0772 2
    endloop
  endfacet
  facet normal 0.947787 -0.318905 0
    outer loop
      vertex 133.721 31.0772 0
      vertex 133.671 30.9286 2
      vertex 133.671 30.9286 0
    endloop
  endfacet
  facet normal 0.557057 0.830474 -0
    outer loop
      vertex 134.23 29.5788 0
      vertex 134.1 29.666 2
      vertex 134.23 29.5788 2
    endloop
  endfacet
  facet normal 0.557057 0.830474 0
    outer loop
      vertex 134.1 29.666 2
      vertex 134.23 29.5788 0
      vertex 134.1 29.666 0
    endloop
  endfacet
  facet normal 0.442117 0.896957 -0
    outer loop
      vertex 134.371 29.5093 0
      vertex 134.23 29.5788 2
      vertex 134.371 29.5093 2
    endloop
  endfacet
  facet normal 0.442117 0.896957 0
    outer loop
      vertex 134.23 29.5788 2
      vertex 134.371 29.5093 0
      vertex 134.23 29.5788 0
    endloop
  endfacet
  facet normal -0.947787 0.318905 0
    outer loop
      vertex 135.939 30.1588 0
      vertex 135.989 30.3074 2
      vertex 135.989 30.3074 0
    endloop
  endfacet
  facet normal -0.947787 0.318905 0
    outer loop
      vertex 135.989 30.3074 2
      vertex 135.939 30.1588 0
      vertex 135.939 30.1588 2
    endloop
  endfacet
  facet normal -0.322361 -0.946617 0
    outer loop
      vertex 135.141 31.7771 0
      vertex 135.289 31.7267 2
      vertex 135.141 31.7771 2
    endloop
  endfacet
  facet normal -0.322361 -0.946617 -0
    outer loop
      vertex 135.289 31.7267 2
      vertex 135.141 31.7771 0
      vertex 135.289 31.7267 0
    endloop
  endfacet
  facet normal -0.83205 -0.5547 0
    outer loop
      vertex 135.869 31.218 0
      vertex 135.782 31.3485 2
      vertex 135.782 31.3485 0
    endloop
  endfacet
  facet normal -0.83205 -0.5547 0
    outer loop
      vertex 135.782 31.3485 2
      vertex 135.869 31.218 0
      vertex 135.869 31.218 2
    endloop
  endfacet
  facet normal 0.322361 -0.946617 0
    outer loop
      vertex 134.371 31.7267 0
      vertex 134.519 31.7771 2
      vertex 134.371 31.7267 2
    endloop
  endfacet
  facet normal 0.322361 -0.946617 0
    outer loop
      vertex 134.519 31.7771 2
      vertex 134.371 31.7267 0
      vertex 134.519 31.7771 0
    endloop
  endfacet
  facet normal -0.442117 -0.896957 0
    outer loop
      vertex 135.289 31.7267 0
      vertex 135.43 31.6572 2
      vertex 135.289 31.7267 2
    endloop
  endfacet
  facet normal -0.442117 -0.896957 -0
    outer loop
      vertex 135.43 31.6572 2
      vertex 135.289 31.7267 0
      vertex 135.43 31.6572 0
    endloop
  endfacet
  facet normal -0.83205 0.5547 0
    outer loop
      vertex 135.782 29.8875 0
      vertex 135.869 30.018 2
      vertex 135.869 30.018 0
    endloop
  endfacet
  facet normal -0.83205 0.5547 0
    outer loop
      vertex 135.869 30.018 2
      vertex 135.782 29.8875 0
      vertex 135.782 29.8875 2
    endloop
  endfacet
  facet normal -0.753367 -0.6576 0
    outer loop
      vertex 135.782 31.3485 0
      vertex 135.679 31.4665 2
      vertex 135.679 31.4665 0
    endloop
  endfacet
  facet normal -0.753367 -0.6576 0
    outer loop
      vertex 135.679 31.4665 2
      vertex 135.782 31.3485 0
      vertex 135.782 31.3485 2
    endloop
  endfacet
  facet normal 0.659406 0.751787 -0
    outer loop
      vertex 134.1 29.666 0
      vertex 133.982 29.7695 2
      vertex 134.1 29.666 2
    endloop
  endfacet
  facet normal 0.659406 0.751787 0
    outer loop
      vertex 133.982 29.7695 2
      vertex 134.1 29.666 0
      vertex 133.982 29.7695 0
    endloop
  endfacet
  facet normal -0.997967 0.0637272 0
    outer loop
      vertex 136.02 30.4614 0
      vertex 136.03 30.618 2
      vertex 136.03 30.618 0
    endloop
  endfacet
  facet normal -0.997967 0.0637272 0
    outer loop
      vertex 136.03 30.618 2
      vertex 136.02 30.4614 0
      vertex 136.02 30.4614 2
    endloop
  endfacet
  facet normal -0.554113 -0.832441 0
    outer loop
      vertex 135.43 31.6572 0
      vertex 135.561 31.57 2
      vertex 135.43 31.6572 2
    endloop
  endfacet
  facet normal -0.554113 -0.832441 -0
    outer loop
      vertex 135.561 31.57 2
      vertex 135.43 31.6572 0
      vertex 135.561 31.57 0
    endloop
  endfacet
  facet normal 0.895442 0.445177 0
    outer loop
      vertex 133.791 30.018 2
      vertex 133.721 30.1588 0
      vertex 133.721 30.1588 2
    endloop
  endfacet
  facet normal 0.895442 0.445177 0
    outer loop
      vertex 133.721 30.1588 0
      vertex 133.791 30.018 2
      vertex 133.791 30.018 0
    endloop
  endfacet
  facet normal 0.557057 -0.830474 0
    outer loop
      vertex 134.1 31.57 0
      vertex 134.23 31.6572 2
      vertex 134.1 31.57 2
    endloop
  endfacet
  facet normal 0.557057 -0.830474 0
    outer loop
      vertex 134.23 31.6572 2
      vertex 134.1 31.57 0
      vertex 134.23 31.6572 0
    endloop
  endfacet
  facet normal 0.0654644 -0.997855 0
    outer loop
      vertex 134.673 31.8077 0
      vertex 134.83 31.818 2
      vertex 134.673 31.8077 2
    endloop
  endfacet
  facet normal 0.0654644 -0.997855 0
    outer loop
      vertex 134.83 31.818 2
      vertex 134.673 31.8077 0
      vertex 134.83 31.818 0
    endloop
  endfacet
  facet normal -0.753367 0.6576 0
    outer loop
      vertex 135.679 29.7695 0
      vertex 135.782 29.8875 2
      vertex 135.782 29.8875 0
    endloop
  endfacet
  facet normal -0.753367 0.6576 0
    outer loop
      vertex 135.782 29.8875 2
      vertex 135.679 29.7695 0
      vertex 135.679 29.7695 2
    endloop
  endfacet
  facet normal 0.750209 0.661201 0
    outer loop
      vertex 133.982 29.7695 2
      vertex 133.878 29.8875 0
      vertex 133.878 29.8875 2
    endloop
  endfacet
  facet normal 0.750209 0.661201 0
    outer loop
      vertex 133.878 29.8875 0
      vertex 133.982 29.7695 2
      vertex 133.982 29.7695 0
    endloop
  endfacet
  facet normal -0.442117 0.896957 0
    outer loop
      vertex 135.43 29.5788 0
      vertex 135.289 29.5093 2
      vertex 135.43 29.5788 2
    endloop
  endfacet
  facet normal -0.442117 0.896957 0
    outer loop
      vertex 135.289 29.5093 2
      vertex 135.43 29.5788 0
      vertex 135.289 29.5093 0
    endloop
  endfacet
  facet normal 0.0654644 0.997855 -0
    outer loop
      vertex 134.83 29.418 0
      vertex 134.673 29.4283 2
      vertex 134.83 29.418 2
    endloop
  endfacet
  facet normal 0.0654644 0.997855 0
    outer loop
      vertex 134.673 29.4283 2
      vertex 134.83 29.418 0
      vertex 134.673 29.4283 0
    endloop
  endfacet
  facet normal -0.895442 -0.445177 0
    outer loop
      vertex 135.939 31.0772 0
      vertex 135.869 31.218 2
      vertex 135.869 31.218 0
    endloop
  endfacet
  facet normal -0.895442 -0.445177 0
    outer loop
      vertex 135.869 31.218 2
      vertex 135.939 31.0772 0
      vertex 135.939 31.0772 2
    endloop
  endfacet
  facet normal 0.194891 0.980825 -0
    outer loop
      vertex 134.673 29.4283 0
      vertex 134.519 29.4589 2
      vertex 134.673 29.4283 2
    endloop
  endfacet
  facet normal 0.194891 0.980825 0
    outer loop
      vertex 134.519 29.4589 2
      vertex 134.673 29.4283 0
      vertex 134.519 29.4589 0
    endloop
  endfacet
  facet normal -0.947787 -0.318905 0
    outer loop
      vertex 135.989 30.9286 0
      vertex 135.939 31.0772 2
      vertex 135.939 31.0772 0
    endloop
  endfacet
  facet normal -0.947787 -0.318905 0
    outer loop
      vertex 135.939 31.0772 2
      vertex 135.989 30.9286 0
      vertex 135.989 30.9286 2
    endloop
  endfacet
  facet normal 0.83205 -0.5547 0
    outer loop
      vertex 133.791 31.218 2
      vertex 133.878 31.3485 0
      vertex 133.878 31.3485 2
    endloop
  endfacet
  facet normal 0.83205 -0.5547 0
    outer loop
      vertex 133.878 31.3485 0
      vertex 133.791 31.218 2
      vertex 133.791 31.218 0
    endloop
  endfacet
  facet normal -0.895442 0.445177 0
    outer loop
      vertex 135.869 30.018 0
      vertex 135.939 30.1588 2
      vertex 135.939 30.1588 0
    endloop
  endfacet
  facet normal -0.895442 0.445177 0
    outer loop
      vertex 135.939 30.1588 2
      vertex 135.869 30.018 0
      vertex 135.869 30.018 2
    endloop
  endfacet
  facet normal 0.194891 -0.980825 0
    outer loop
      vertex 134.519 31.7771 0
      vertex 134.673 31.8077 2
      vertex 134.519 31.7771 2
    endloop
  endfacet
  facet normal 0.194891 -0.980825 0
    outer loop
      vertex 134.673 31.8077 2
      vertex 134.519 31.7771 0
      vertex 134.673 31.8077 0
    endloop
  endfacet
  facet normal -0.322361 0.946617 0
    outer loop
      vertex 135.289 29.5093 0
      vertex 135.141 29.4589 2
      vertex 135.289 29.5093 2
    endloop
  endfacet
  facet normal -0.322361 0.946617 0
    outer loop
      vertex 135.141 29.4589 2
      vertex 135.289 29.5093 0
      vertex 135.141 29.4589 0
    endloop
  endfacet
  facet normal -0.194891 0.980825 0
    outer loop
      vertex 135.141 29.4589 0
      vertex 134.987 29.4283 2
      vertex 135.141 29.4589 2
    endloop
  endfacet
  facet normal -0.194891 0.980825 0
    outer loop
      vertex 134.987 29.4283 2
      vertex 135.141 29.4589 0
      vertex 134.987 29.4283 0
    endloop
  endfacet
  facet normal 0.980335 0.19734 0
    outer loop
      vertex 133.671 30.3074 2
      vertex 133.64 30.4614 0
      vertex 133.64 30.4614 2
    endloop
  endfacet
  facet normal 0.980335 0.19734 0
    outer loop
      vertex 133.64 30.4614 0
      vertex 133.671 30.3074 2
      vertex 133.671 30.3074 0
    endloop
  endfacet
  facet normal -0.659406 0.751787 0
    outer loop
      vertex 135.679 29.7695 0
      vertex 135.561 29.666 2
      vertex 135.679 29.7695 2
    endloop
  endfacet
  facet normal -0.659406 0.751787 0
    outer loop
      vertex 135.561 29.666 2
      vertex 135.679 29.7695 0
      vertex 135.561 29.666 0
    endloop
  endfacet
  facet normal 0.83205 0.5547 0
    outer loop
      vertex 133.878 29.8875 2
      vertex 133.791 30.018 0
      vertex 133.791 30.018 2
    endloop
  endfacet
  facet normal 0.83205 0.5547 0
    outer loop
      vertex 133.791 30.018 0
      vertex 133.878 29.8875 2
      vertex 133.878 29.8875 0
    endloop
  endfacet
  facet normal -0.194891 -0.980825 0
    outer loop
      vertex 134.987 31.8077 0
      vertex 135.141 31.7771 2
      vertex 134.987 31.8077 2
    endloop
  endfacet
  facet normal -0.194891 -0.980825 -0
    outer loop
      vertex 135.141 31.7771 2
      vertex 134.987 31.8077 0
      vertex 135.141 31.7771 0
    endloop
  endfacet
  facet normal -0.554113 0.832441 0
    outer loop
      vertex 135.561 29.666 0
      vertex 135.43 29.5788 2
      vertex 135.561 29.666 2
    endloop
  endfacet
  facet normal -0.554113 0.832441 0
    outer loop
      vertex 135.43 29.5788 2
      vertex 135.561 29.666 0
      vertex 135.43 29.5788 0
    endloop
  endfacet
  facet normal 0.946421 -0.322934 0
    outer loop
      vertex 62.1779 101.291 2
      vertex 62.2284 101.439 0
      vertex 62.2284 101.439 2
    endloop
  endfacet
  facet normal 0.946421 -0.322934 0
    outer loop
      vertex 62.2284 101.439 0
      vertex 62.1779 101.291 2
      vertex 62.1779 101.291 0
    endloop
  endfacet
  facet normal -0.442622 0.896708 0
    outer loop
      vertex 63.9371 99.9408 0
      vertex 63.7963 99.8713 2
      vertex 63.9371 99.9408 2
    endloop
  endfacet
  facet normal -0.442622 0.896708 0
    outer loop
      vertex 63.7963 99.8713 2
      vertex 63.9371 99.9408 0
      vertex 63.7963 99.8713 0
    endloop
  endfacet
  facet normal -0.832441 -0.554113 0
    outer loop
      vertex 64.3763 101.58 0
      vertex 64.2891 101.711 2
      vertex 64.2891 101.711 0
    endloop
  endfacet
  facet normal -0.832441 -0.554113 0
    outer loop
      vertex 64.2891 101.711 2
      vertex 64.3763 101.58 0
      vertex 64.3763 101.58 2
    endloop
  endfacet
  facet normal -0.980825 -0.194891 0
    outer loop
      vertex 64.5268 101.137 0
      vertex 64.4962 101.291 2
      vertex 64.4962 101.291 0
    endloop
  endfacet
  facet normal -0.980825 -0.194891 0
    outer loop
      vertex 64.4962 101.291 2
      vertex 64.5268 101.137 0
      vertex 64.5268 101.137 2
    endloop
  endfacet
  facet normal 0.832441 -0.554113 0
    outer loop
      vertex 62.2978 101.58 2
      vertex 62.385 101.711 0
      vertex 62.385 101.711 2
    endloop
  endfacet
  facet normal 0.832441 -0.554113 0
    outer loop
      vertex 62.385 101.711 0
      vertex 62.2978 101.58 2
      vertex 62.2978 101.58 0
    endloop
  endfacet
  facet normal -0.997855 0.0654644 0
    outer loop
      vertex 64.5268 100.823 0
      vertex 64.5371 100.98 2
      vertex 64.5371 100.98 0
    endloop
  endfacet
  facet normal -0.997855 0.0654644 0
    outer loop
      vertex 64.5371 100.98 2
      vertex 64.5268 100.823 0
      vertex 64.5268 100.823 2
    endloop
  endfacet
  facet normal -0.0637272 -0.997967 0
    outer loop
      vertex 63.3371 102.18 0
      vertex 63.4937 102.17 2
      vertex 63.3371 102.18 2
    endloop
  endfacet
  facet normal -0.0637272 -0.997967 -0
    outer loop
      vertex 63.4937 102.17 2
      vertex 63.3371 102.18 0
      vertex 63.4937 102.17 0
    endloop
  endfacet
  facet normal -0.6576 -0.753367 0
    outer loop
      vertex 64.0676 101.932 0
      vertex 64.1856 101.829 2
      vertex 64.0676 101.932 2
    endloop
  endfacet
  facet normal -0.6576 -0.753367 -0
    outer loop
      vertex 64.1856 101.829 2
      vertex 64.0676 101.932 0
      vertex 64.1856 101.829 0
    endloop
  endfacet
  facet normal -0.0656309 0.997844 0
    outer loop
      vertex 63.4937 99.7903 0
      vertex 63.3371 99.78 2
      vertex 63.4937 99.7903 2
    endloop
  endfacet
  facet normal -0.0656309 0.997844 0
    outer loop
      vertex 63.3371 99.78 2
      vertex 63.4937 99.7903 0
      vertex 63.3371 99.78 0
    endloop
  endfacet
  facet normal 0.321001 0.947079 -0
    outer loop
      vertex 63.0265 99.8209 0
      vertex 62.8778 99.8713 2
      vertex 63.0265 99.8209 2
    endloop
  endfacet
  facet normal 0.321001 0.947079 0
    outer loop
      vertex 62.8778 99.8713 2
      vertex 63.0265 99.8209 0
      vertex 62.8778 99.8713 0
    endloop
  endfacet
  facet normal 0.997896 0.0648315 0
    outer loop
      vertex 62.1473 100.823 2
      vertex 62.1371 100.98 0
      vertex 62.1371 100.98 2
    endloop
  endfacet
  facet normal 0.997896 0.0648315 0
    outer loop
      vertex 62.1371 100.98 0
      vertex 62.1473 100.823 2
      vertex 62.1473 100.823 0
    endloop
  endfacet
  facet normal -0.946421 -0.322934 0
    outer loop
      vertex 64.4962 101.291 0
      vertex 64.4457 101.439 2
      vertex 64.4457 101.439 0
    endloop
  endfacet
  facet normal -0.946421 -0.322934 0
    outer loop
      vertex 64.4457 101.439 2
      vertex 64.4962 101.291 0
      vertex 64.4962 101.291 2
    endloop
  endfacet
  facet normal -0.318713 -0.947851 0
    outer loop
      vertex 63.6476 102.139 0
      vertex 63.7963 102.089 2
      vertex 63.6476 102.139 2
    endloop
  endfacet
  facet normal -0.318713 -0.947851 -0
    outer loop
      vertex 63.7963 102.089 2
      vertex 63.6476 102.139 0
      vertex 63.7963 102.089 0
    endloop
  endfacet
  facet normal 0.0636867 -0.99797 0
    outer loop
      vertex 63.1804 102.17 0
      vertex 63.3371 102.18 2
      vertex 63.1804 102.17 2
    endloop
  endfacet
  facet normal 0.0636867 -0.99797 0
    outer loop
      vertex 63.3371 102.18 2
      vertex 63.1804 102.17 0
      vertex 63.3371 102.18 0
    endloop
  endfacet
  facet normal -0.997855 -0.0654644 0
    outer loop
      vertex 64.5371 100.98 0
      vertex 64.5268 101.137 2
      vertex 64.5268 101.137 0
    endloop
  endfacet
  facet normal -0.997855 -0.0654644 0
    outer loop
      vertex 64.5268 101.137 2
      vertex 64.5371 100.98 0
      vertex 64.5371 100.98 2
    endloop
  endfacet
  facet normal 0.997896 -0.0648315 0
    outer loop
      vertex 62.1371 100.98 2
      vertex 62.1473 101.137 0
      vertex 62.1473 101.137 2
    endloop
  endfacet
  facet normal 0.997896 -0.0648315 0
    outer loop
      vertex 62.1473 101.137 0
      vertex 62.1371 100.98 2
      vertex 62.1371 100.98 0
    endloop
  endfacet
  facet normal 0.897209 -0.441605 0
    outer loop
      vertex 62.2284 101.439 2
      vertex 62.2978 101.58 0
      vertex 62.2978 101.58 2
    endloop
  endfacet
  facet normal 0.897209 -0.441605 0
    outer loop
      vertex 62.2978 101.58 0
      vertex 62.2284 101.439 2
      vertex 62.2284 101.439 0
    endloop
  endfacet
  facet normal -0.832441 0.554113 0
    outer loop
      vertex 64.2891 100.249 0
      vertex 64.3763 100.38 2
      vertex 64.3763 100.38 0
    endloop
  endfacet
  facet normal -0.832441 0.554113 0
    outer loop
      vertex 64.3763 100.38 2
      vertex 64.2891 100.249 0
      vertex 64.2891 100.249 2
    endloop
  endfacet
  facet normal -0.751787 0.659406 0
    outer loop
      vertex 64.1856 100.131 0
      vertex 64.2891 100.249 2
      vertex 64.2891 100.249 0
    endloop
  endfacet
  facet normal -0.751787 0.659406 0
    outer loop
      vertex 64.2891 100.249 2
      vertex 64.1856 100.131 0
      vertex 64.1856 100.131 2
    endloop
  endfacet
  facet normal -0.6576 0.753367 0
    outer loop
      vertex 64.1856 100.131 0
      vertex 64.0676 100.028 2
      vertex 64.1856 100.131 2
    endloop
  endfacet
  facet normal -0.6576 0.753367 0
    outer loop
      vertex 64.0676 100.028 2
      vertex 64.1856 100.131 0
      vertex 64.0676 100.028 0
    endloop
  endfacet
  facet normal 0.195013 0.980801 -0
    outer loop
      vertex 63.1804 99.7903 0
      vertex 63.0265 99.8209 2
      vertex 63.1804 99.7903 2
    endloop
  endfacet
  facet normal 0.195013 0.980801 0
    outer loop
      vertex 63.0265 99.8209 2
      vertex 63.1804 99.7903 0
      vertex 63.0265 99.8209 0
    endloop
  endfacet
  facet normal -0.555582 0.831462 0
    outer loop
      vertex 64.0676 100.028 0
      vertex 63.9371 99.9408 2
      vertex 64.0676 100.028 2
    endloop
  endfacet
  facet normal -0.555582 0.831462 0
    outer loop
      vertex 63.9371 99.9408 2
      vertex 64.0676 100.028 0
      vertex 63.9371 99.9408 0
    endloop
  endfacet
  facet normal -0.5547 -0.83205 0
    outer loop
      vertex 63.9371 102.019 0
      vertex 64.0676 101.932 2
      vertex 63.9371 102.019 2
    endloop
  endfacet
  facet normal -0.5547 -0.83205 -0
    outer loop
      vertex 64.0676 101.932 2
      vertex 63.9371 102.019 0
      vertex 64.0676 101.932 0
    endloop
  endfacet
  facet normal 0.6576 -0.753367 0
    outer loop
      vertex 62.4885 101.829 0
      vertex 62.6065 101.932 2
      vertex 62.4885 101.829 2
    endloop
  endfacet
  facet normal 0.6576 -0.753367 0
    outer loop
      vertex 62.6065 101.932 2
      vertex 62.4885 101.829 0
      vertex 62.6065 101.932 0
    endloop
  endfacet
  facet normal 0.0655892 0.997847 -0
    outer loop
      vertex 63.3371 99.78 0
      vertex 63.1804 99.7903 2
      vertex 63.3371 99.78 2
    endloop
  endfacet
  facet normal 0.0655892 0.997847 0
    outer loop
      vertex 63.1804 99.7903 2
      vertex 63.3371 99.78 0
      vertex 63.1804 99.7903 0
    endloop
  endfacet
  facet normal 0.751787 -0.659406 0
    outer loop
      vertex 62.385 101.711 2
      vertex 62.4885 101.829 0
      vertex 62.4885 101.829 2
    endloop
  endfacet
  facet normal 0.751787 -0.659406 0
    outer loop
      vertex 62.4885 101.829 0
      vertex 62.385 101.711 2
      vertex 62.385 101.711 0
    endloop
  endfacet
  facet normal -0.751787 -0.659406 0
    outer loop
      vertex 64.2891 101.711 0
      vertex 64.1856 101.829 2
      vertex 64.1856 101.829 0
    endloop
  endfacet
  facet normal -0.751787 -0.659406 0
    outer loop
      vertex 64.1856 101.829 2
      vertex 64.2891 101.711 0
      vertex 64.2891 101.711 2
    endloop
  endfacet
  facet normal -0.897209 0.441605 0
    outer loop
      vertex 64.3763 100.38 0
      vertex 64.4457 100.521 2
      vertex 64.4457 100.521 0
    endloop
  endfacet
  facet normal -0.897209 0.441605 0
    outer loop
      vertex 64.4457 100.521 2
      vertex 64.3763 100.38 0
      vertex 64.3763 100.38 2
    endloop
  endfacet
  facet normal -0.946421 0.322934 0
    outer loop
      vertex 64.4457 100.521 0
      vertex 64.4962 100.669 2
      vertex 64.4962 100.669 0
    endloop
  endfacet
  facet normal -0.946421 0.322934 0
    outer loop
      vertex 64.4962 100.669 2
      vertex 64.4457 100.521 0
      vertex 64.4457 100.521 2
    endloop
  endfacet
  facet normal 0.980825 -0.194891 0
    outer loop
      vertex 62.1473 101.137 2
      vertex 62.1779 101.291 0
      vertex 62.1779 101.291 2
    endloop
  endfacet
  facet normal 0.980825 -0.194891 0
    outer loop
      vertex 62.1779 101.291 0
      vertex 62.1473 101.137 2
      vertex 62.1473 101.137 0
    endloop
  endfacet
  facet normal -0.897209 -0.441605 0
    outer loop
      vertex 64.4457 101.439 0
      vertex 64.3763 101.58 2
      vertex 64.3763 101.58 0
    endloop
  endfacet
  facet normal -0.897209 -0.441605 0
    outer loop
      vertex 64.3763 101.58 2
      vertex 64.4457 101.439 0
      vertex 64.4457 101.439 2
    endloop
  endfacet
  facet normal -0.445177 -0.895442 0
    outer loop
      vertex 63.7963 102.089 0
      vertex 63.9371 102.019 2
      vertex 63.7963 102.089 2
    endloop
  endfacet
  facet normal -0.445177 -0.895442 -0
    outer loop
      vertex 63.9371 102.019 2
      vertex 63.7963 102.089 0
      vertex 63.9371 102.019 0
    endloop
  endfacet
  facet normal 0.318713 -0.947851 0
    outer loop
      vertex 62.8778 102.089 0
      vertex 63.0265 102.139 2
      vertex 62.8778 102.089 2
    endloop
  endfacet
  facet normal 0.318713 -0.947851 0
    outer loop
      vertex 63.0265 102.139 2
      vertex 62.8778 102.089 0
      vertex 63.0265 102.139 0
    endloop
  endfacet
  facet normal 0.751787 0.659406 0
    outer loop
      vertex 62.4885 100.131 2
      vertex 62.385 100.249 0
      vertex 62.385 100.249 2
    endloop
  endfacet
  facet normal 0.751787 0.659406 0
    outer loop
      vertex 62.385 100.249 0
      vertex 62.4885 100.131 2
      vertex 62.4885 100.131 0
    endloop
  endfacet
  facet normal 0.980825 0.194891 0
    outer loop
      vertex 62.1779 100.669 2
      vertex 62.1473 100.823 0
      vertex 62.1473 100.823 2
    endloop
  endfacet
  facet normal 0.980825 0.194891 0
    outer loop
      vertex 62.1473 100.823 0
      vertex 62.1779 100.669 2
      vertex 62.1779 100.669 0
    endloop
  endfacet
  facet normal 0.442875 0.896583 -0
    outer loop
      vertex 62.8778 99.8713 0
      vertex 62.7371 99.9408 2
      vertex 62.8778 99.8713 2
    endloop
  endfacet
  facet normal 0.442875 0.896583 0
    outer loop
      vertex 62.7371 99.9408 2
      vertex 62.8778 99.8713 0
      vertex 62.7371 99.9408 0
    endloop
  endfacet
  facet normal -0.980825 0.194891 0
    outer loop
      vertex 64.4962 100.669 0
      vertex 64.5268 100.823 2
      vertex 64.5268 100.823 0
    endloop
  endfacet
  facet normal -0.980825 0.194891 0
    outer loop
      vertex 64.5268 100.823 2
      vertex 64.4962 100.669 0
      vertex 64.4962 100.669 2
    endloop
  endfacet
  facet normal 0.197463 -0.98031 0
    outer loop
      vertex 63.0265 102.139 0
      vertex 63.1804 102.17 2
      vertex 63.0265 102.139 2
    endloop
  endfacet
  facet normal 0.197463 -0.98031 0
    outer loop
      vertex 63.1804 102.17 2
      vertex 63.0265 102.139 0
      vertex 63.1804 102.17 0
    endloop
  endfacet
  facet normal -0.197463 -0.98031 0
    outer loop
      vertex 63.4937 102.17 0
      vertex 63.6476 102.139 2
      vertex 63.4937 102.17 2
    endloop
  endfacet
  facet normal -0.197463 -0.98031 -0
    outer loop
      vertex 63.6476 102.139 2
      vertex 63.4937 102.17 0
      vertex 63.6476 102.139 0
    endloop
  endfacet
  facet normal -0.321001 0.947079 0
    outer loop
      vertex 63.7963 99.8713 0
      vertex 63.6476 99.8209 2
      vertex 63.7963 99.8713 2
    endloop
  endfacet
  facet normal -0.321001 0.947079 0
    outer loop
      vertex 63.6476 99.8209 2
      vertex 63.7963 99.8713 0
      vertex 63.6476 99.8209 0
    endloop
  endfacet
  facet normal 0.6576 0.753367 -0
    outer loop
      vertex 62.6065 100.028 0
      vertex 62.4885 100.131 2
      vertex 62.6065 100.028 2
    endloop
  endfacet
  facet normal 0.6576 0.753367 0
    outer loop
      vertex 62.4885 100.131 2
      vertex 62.6065 100.028 0
      vertex 62.4885 100.131 0
    endloop
  endfacet
  facet normal -0.195013 0.980801 0
    outer loop
      vertex 63.6476 99.8209 0
      vertex 63.4937 99.7903 2
      vertex 63.6476 99.8209 2
    endloop
  endfacet
  facet normal -0.195013 0.980801 0
    outer loop
      vertex 63.4937 99.7903 2
      vertex 63.6476 99.8209 0
      vertex 63.4937 99.7903 0
    endloop
  endfacet
  facet normal 0.946421 0.322934 0
    outer loop
      vertex 62.2284 100.521 2
      vertex 62.1779 100.669 0
      vertex 62.1779 100.669 2
    endloop
  endfacet
  facet normal 0.946421 0.322934 0
    outer loop
      vertex 62.1779 100.669 0
      vertex 62.2284 100.521 2
      vertex 62.2284 100.521 0
    endloop
  endfacet
  facet normal 0.897209 0.441605 0
    outer loop
      vertex 62.2978 100.38 2
      vertex 62.2284 100.521 0
      vertex 62.2284 100.521 2
    endloop
  endfacet
  facet normal 0.897209 0.441605 0
    outer loop
      vertex 62.2284 100.521 0
      vertex 62.2978 100.38 2
      vertex 62.2978 100.38 0
    endloop
  endfacet
  facet normal 0.832441 0.554113 0
    outer loop
      vertex 62.385 100.249 2
      vertex 62.2978 100.38 0
      vertex 62.2978 100.38 2
    endloop
  endfacet
  facet normal 0.832441 0.554113 0
    outer loop
      vertex 62.2978 100.38 0
      vertex 62.385 100.249 2
      vertex 62.385 100.249 0
    endloop
  endfacet
  facet normal 0.445431 -0.895316 0
    outer loop
      vertex 62.7371 102.019 0
      vertex 62.8778 102.089 2
      vertex 62.7371 102.019 2
    endloop
  endfacet
  facet normal 0.445431 -0.895316 0
    outer loop
      vertex 62.8778 102.089 2
      vertex 62.7371 102.019 0
      vertex 62.8778 102.089 0
    endloop
  endfacet
  facet normal 0.554406 -0.832246 0
    outer loop
      vertex 62.6065 101.932 0
      vertex 62.7371 102.019 2
      vertex 62.6065 101.932 2
    endloop
  endfacet
  facet normal 0.554406 -0.832246 0
    outer loop
      vertex 62.7371 102.019 2
      vertex 62.6065 101.932 0
      vertex 62.7371 102.019 0
    endloop
  endfacet
  facet normal 0.555288 0.831658 -0
    outer loop
      vertex 62.7371 99.9408 0
      vertex 62.6065 100.028 2
      vertex 62.7371 99.9408 2
    endloop
  endfacet
  facet normal 0.555288 0.831658 0
    outer loop
      vertex 62.6065 100.028 2
      vertex 62.7371 99.9408 0
      vertex 62.6065 100.028 0
    endloop
  endfacet
  facet normal -0.659406 -0.751787 0
    outer loop
      vertex 25.5486 33.08 0
      vertex 25.6666 32.9765 2
      vertex 25.5486 33.08 2
    endloop
  endfacet
  facet normal -0.659406 -0.751787 -0
    outer loop
      vertex 25.6666 32.9765 2
      vertex 25.5486 33.08 0
      vertex 25.6666 32.9765 0
    endloop
  endfacet
  facet normal -0.555582 -0.831462 0
    outer loop
      vertex 25.4181 33.1672 0
      vertex 25.5486 33.08 2
      vertex 25.4181 33.1672 2
    endloop
  endfacet
  facet normal -0.555582 -0.831462 -0
    outer loop
      vertex 25.5486 33.08 2
      vertex 25.4181 33.1672 0
      vertex 25.5486 33.08 0
    endloop
  endfacet
  facet normal -0.321001 -0.947079 0
    outer loop
      vertex 25.1286 33.2871 0
      vertex 25.2773 33.2367 2
      vertex 25.1286 33.2871 2
    endloop
  endfacet
  facet normal -0.321001 -0.947079 -0
    outer loop
      vertex 25.2773 33.2367 2
      vertex 25.1286 33.2871 0
      vertex 25.2773 33.2367 0
    endloop
  endfacet
  facet normal 0.195013 -0.980801 0
    outer loop
      vertex 24.5075 33.2871 0
      vertex 24.6614 33.3177 2
      vertex 24.5075 33.2871 2
    endloop
  endfacet
  facet normal 0.195013 -0.980801 0
    outer loop
      vertex 24.6614 33.3177 2
      vertex 24.5075 33.2871 0
      vertex 24.6614 33.3177 0
    endloop
  endfacet
  facet normal -0.195013 -0.980801 0
    outer loop
      vertex 24.9747 33.3177 0
      vertex 25.1286 33.2871 2
      vertex 24.9747 33.3177 2
    endloop
  endfacet
  facet normal -0.195013 -0.980801 -0
    outer loop
      vertex 25.1286 33.2871 2
      vertex 24.9747 33.3177 0
      vertex 25.1286 33.2871 0
    endloop
  endfacet
  facet normal 0.896961 0.44211 0
    outer loop
      vertex 23.7788 31.528 2
      vertex 23.7094 31.6688 0
      vertex 23.7094 31.6688 2
    endloop
  endfacet
  facet normal 0.896961 0.44211 0
    outer loop
      vertex 23.7094 31.6688 0
      vertex 23.7788 31.528 2
      vertex 23.7788 31.528 0
    endloop
  endfacet
  facet normal 0.980825 0.194891 0
    outer loop
      vertex 23.6589 31.8174 2
      vertex 23.6283 31.9714 0
      vertex 23.6283 31.9714 2
    endloop
  endfacet
  facet normal 0.980825 0.194891 0
    outer loop
      vertex 23.6283 31.9714 0
      vertex 23.6589 31.8174 2
      vertex 23.6589 31.8174 0
    endloop
  endfacet
  facet normal -0.997844 -0.0656309 0
    outer loop
      vertex 26.0181 32.128 0
      vertex 26.0078 32.2846 2
      vertex 26.0078 32.2846 0
    endloop
  endfacet
  facet normal -0.997844 -0.0656309 0
    outer loop
      vertex 26.0078 32.2846 2
      vertex 26.0181 32.128 0
      vertex 26.0181 32.128 2
    endloop
  endfacet
  facet normal -0.831462 -0.555582 0
    outer loop
      vertex 25.8573 32.728 0
      vertex 25.7701 32.8585 2
      vertex 25.7701 32.8585 0
    endloop
  endfacet
  facet normal -0.831462 -0.555582 0
    outer loop
      vertex 25.7701 32.8585 2
      vertex 25.8573 32.728 0
      vertex 25.8573 32.728 2
    endloop
  endfacet
  facet normal -0.980825 0.194891 0
    outer loop
      vertex 25.9772 31.8174 0
      vertex 26.0078 31.9714 2
      vertex 26.0078 31.9714 0
    endloop
  endfacet
  facet normal -0.980825 0.194891 0
    outer loop
      vertex 26.0078 31.9714 2
      vertex 25.9772 31.8174 0
      vertex 25.9772 31.8174 2
    endloop
  endfacet
  facet normal -0.442622 0.896708 0
    outer loop
      vertex 25.4181 31.0888 0
      vertex 25.2773 31.0193 2
      vertex 25.4181 31.0888 2
    endloop
  endfacet
  facet normal -0.442622 0.896708 0
    outer loop
      vertex 25.2773 31.0193 2
      vertex 25.4181 31.0888 0
      vertex 25.2773 31.0193 0
    endloop
  endfacet
  facet normal 0.321001 0.947079 -0
    outer loop
      vertex 24.5075 30.9689 0
      vertex 24.3588 31.0193 2
      vertex 24.5075 30.9689 2
    endloop
  endfacet
  facet normal 0.321001 0.947079 0
    outer loop
      vertex 24.3588 31.0193 2
      vertex 24.5075 30.9689 0
      vertex 24.3588 31.0193 0
    endloop
  endfacet
  facet normal 0.555288 0.831658 -0
    outer loop
      vertex 24.2181 31.0888 0
      vertex 24.0875 31.176 2
      vertex 24.2181 31.0888 2
    endloop
  endfacet
  facet normal 0.555288 0.831658 0
    outer loop
      vertex 24.0875 31.176 2
      vertex 24.2181 31.0888 0
      vertex 24.0875 31.176 0
    endloop
  endfacet
  facet normal -0.980825 -0.194891 0
    outer loop
      vertex 26.0078 32.2846 0
      vertex 25.9772 32.4386 2
      vertex 25.9772 32.4386 0
    endloop
  endfacet
  facet normal -0.980825 -0.194891 0
    outer loop
      vertex 25.9772 32.4386 2
      vertex 26.0078 32.2846 0
      vertex 26.0078 32.2846 2
    endloop
  endfacet
  facet normal 0.946819 0.321766 0
    outer loop
      vertex 23.7094 31.6688 2
      vertex 23.6589 31.8174 0
      vertex 23.6589 31.8174 2
    endloop
  endfacet
  facet normal 0.946819 0.321766 0
    outer loop
      vertex 23.6589 31.8174 0
      vertex 23.7094 31.6688 2
      vertex 23.7094 31.6688 0
    endloop
  endfacet
  facet normal -0.946819 -0.321766 0
    outer loop
      vertex 25.9772 32.4386 0
      vertex 25.9267 32.5872 2
      vertex 25.9267 32.5872 0
    endloop
  endfacet
  facet normal -0.946819 -0.321766 0
    outer loop
      vertex 25.9267 32.5872 2
      vertex 25.9772 32.4386 0
      vertex 25.9772 32.4386 2
    endloop
  endfacet
  facet normal 0.442875 0.896583 -0
    outer loop
      vertex 24.3588 31.0193 0
      vertex 24.2181 31.0888 2
      vertex 24.3588 31.0193 2
    endloop
  endfacet
  facet normal 0.442875 0.896583 0
    outer loop
      vertex 24.2181 31.0888 2
      vertex 24.3588 31.0193 0
      vertex 24.2181 31.0888 0
    endloop
  endfacet
  facet normal -0.997844 0.0656309 0
    outer loop
      vertex 26.0078 31.9714 0
      vertex 26.0181 32.128 2
      vertex 26.0181 32.128 0
    endloop
  endfacet
  facet normal -0.997844 0.0656309 0
    outer loop
      vertex 26.0181 32.128 2
      vertex 26.0078 31.9714 0
      vertex 26.0078 31.9714 2
    endloop
  endfacet
  facet normal -0.831462 0.555582 0
    outer loop
      vertex 25.7701 31.3975 0
      vertex 25.8573 31.528 2
      vertex 25.8573 31.528 0
    endloop
  endfacet
  facet normal -0.831462 0.555582 0
    outer loop
      vertex 25.8573 31.528 2
      vertex 25.7701 31.3975 0
      vertex 25.7701 31.3975 2
    endloop
  endfacet
  facet normal -0.321001 0.947079 0
    outer loop
      vertex 25.2773 31.0193 0
      vertex 25.1286 30.9689 2
      vertex 25.2773 31.0193 2
    endloop
  endfacet
  facet normal -0.321001 0.947079 0
    outer loop
      vertex 25.1286 30.9689 2
      vertex 25.2773 31.0193 0
      vertex 25.1286 30.9689 0
    endloop
  endfacet
  facet normal -0.0656309 -0.997844 0
    outer loop
      vertex 24.8181 33.328 0
      vertex 24.9747 33.3177 2
      vertex 24.8181 33.328 2
    endloop
  endfacet
  facet normal -0.0656309 -0.997844 -0
    outer loop
      vertex 24.9747 33.3177 2
      vertex 24.8181 33.328 0
      vertex 24.9747 33.3177 0
    endloop
  endfacet
  facet normal 0.751787 0.659406 0
    outer loop
      vertex 23.9695 31.2795 2
      vertex 23.866 31.3975 0
      vertex 23.866 31.3975 2
    endloop
  endfacet
  facet normal 0.751787 0.659406 0
    outer loop
      vertex 23.866 31.3975 0
      vertex 23.9695 31.2795 2
      vertex 23.9695 31.2795 0
    endloop
  endfacet
  facet normal -0.0656309 0.997844 0
    outer loop
      vertex 24.9747 30.9383 0
      vertex 24.8181 30.928 2
      vertex 24.9747 30.9383 2
    endloop
  endfacet
  facet normal -0.0656309 0.997844 0
    outer loop
      vertex 24.8181 30.928 2
      vertex 24.9747 30.9383 0
      vertex 24.8181 30.928 0
    endloop
  endfacet
  facet normal -0.195013 0.980801 0
    outer loop
      vertex 25.1286 30.9689 0
      vertex 24.9747 30.9383 2
      vertex 25.1286 30.9689 2
    endloop
  endfacet
  facet normal -0.195013 0.980801 0
    outer loop
      vertex 24.9747 30.9383 2
      vertex 25.1286 30.9689 0
      vertex 24.9747 30.9383 0
    endloop
  endfacet
  facet normal -0.659406 0.751787 0
    outer loop
      vertex 25.6666 31.2795 0
      vertex 25.5486 31.176 2
      vertex 25.6666 31.2795 2
    endloop
  endfacet
  facet normal -0.659406 0.751787 0
    outer loop
      vertex 25.5486 31.176 2
      vertex 25.6666 31.2795 0
      vertex 25.5486 31.176 0
    endloop
  endfacet
  facet normal 0.555288 -0.831658 0
    outer loop
      vertex 24.0875 33.08 0
      vertex 24.2181 33.1672 2
      vertex 24.0875 33.08 2
    endloop
  endfacet
  facet normal 0.555288 -0.831658 0
    outer loop
      vertex 24.2181 33.1672 2
      vertex 24.0875 33.08 0
      vertex 24.2181 33.1672 0
    endloop
  endfacet
  facet normal -0.751787 -0.659406 0
    outer loop
      vertex 25.7701 32.8585 0
      vertex 25.6666 32.9765 2
      vertex 25.6666 32.9765 0
    endloop
  endfacet
  facet normal -0.751787 -0.659406 0
    outer loop
      vertex 25.6666 32.9765 2
      vertex 25.7701 32.8585 0
      vertex 25.7701 32.8585 2
    endloop
  endfacet
  facet normal -0.751787 0.659406 0
    outer loop
      vertex 25.6666 31.2795 0
      vertex 25.7701 31.3975 2
      vertex 25.7701 31.3975 0
    endloop
  endfacet
  facet normal -0.751787 0.659406 0
    outer loop
      vertex 25.7701 31.3975 2
      vertex 25.6666 31.2795 0
      vertex 25.6666 31.2795 2
    endloop
  endfacet
  facet normal 0.997886 0.0649964 0
    outer loop
      vertex 23.6283 31.9714 2
      vertex 23.6181 32.128 0
      vertex 23.6181 32.128 2
    endloop
  endfacet
  facet normal 0.997886 0.0649964 0
    outer loop
      vertex 23.6181 32.128 0
      vertex 23.6283 31.9714 2
      vertex 23.6283 31.9714 0
    endloop
  endfacet
  facet normal 0.831462 0.555582 0
    outer loop
      vertex 23.866 31.3975 2
      vertex 23.7788 31.528 0
      vertex 23.7788 31.528 2
    endloop
  endfacet
  facet normal 0.831462 0.555582 0
    outer loop
      vertex 23.7788 31.528 0
      vertex 23.866 31.3975 2
      vertex 23.866 31.3975 0
    endloop
  endfacet
  facet normal 0.946819 -0.321766 0
    outer loop
      vertex 23.6589 32.4386 2
      vertex 23.7094 32.5872 0
      vertex 23.7094 32.5872 2
    endloop
  endfacet
  facet normal 0.946819 -0.321766 0
    outer loop
      vertex 23.7094 32.5872 0
      vertex 23.6589 32.4386 2
      vertex 23.6589 32.4386 0
    endloop
  endfacet
  facet normal -0.946819 0.321766 0
    outer loop
      vertex 25.9267 31.6688 0
      vertex 25.9772 31.8174 2
      vertex 25.9772 31.8174 0
    endloop
  endfacet
  facet normal -0.946819 0.321766 0
    outer loop
      vertex 25.9772 31.8174 2
      vertex 25.9267 31.6688 0
      vertex 25.9267 31.6688 2
    endloop
  endfacet
  facet normal 0.442875 -0.896583 0
    outer loop
      vertex 24.2181 33.1672 0
      vertex 24.3588 33.2367 2
      vertex 24.2181 33.1672 2
    endloop
  endfacet
  facet normal 0.442875 -0.896583 0
    outer loop
      vertex 24.3588 33.2367 2
      vertex 24.2181 33.1672 0
      vertex 24.3588 33.2367 0
    endloop
  endfacet
  facet normal 0.659406 0.751787 -0
    outer loop
      vertex 24.0875 31.176 0
      vertex 23.9695 31.2795 2
      vertex 24.0875 31.176 2
    endloop
  endfacet
  facet normal 0.659406 0.751787 0
    outer loop
      vertex 23.9695 31.2795 2
      vertex 24.0875 31.176 0
      vertex 23.9695 31.2795 0
    endloop
  endfacet
  facet normal 0.980825 -0.194891 0
    outer loop
      vertex 23.6283 32.2846 2
      vertex 23.6589 32.4386 0
      vertex 23.6589 32.4386 2
    endloop
  endfacet
  facet normal 0.980825 -0.194891 0
    outer loop
      vertex 23.6589 32.4386 0
      vertex 23.6283 32.2846 2
      vertex 23.6283 32.2846 0
    endloop
  endfacet
  facet normal 0.831462 -0.555582 0
    outer loop
      vertex 23.7788 32.728 2
      vertex 23.866 32.8585 0
      vertex 23.866 32.8585 2
    endloop
  endfacet
  facet normal 0.831462 -0.555582 0
    outer loop
      vertex 23.866 32.8585 0
      vertex 23.7788 32.728 2
      vertex 23.7788 32.728 0
    endloop
  endfacet
  facet normal 0.659406 -0.751787 0
    outer loop
      vertex 23.9695 32.9765 0
      vertex 24.0875 33.08 2
      vertex 23.9695 32.9765 2
    endloop
  endfacet
  facet normal 0.659406 -0.751787 0
    outer loop
      vertex 24.0875 33.08 2
      vertex 23.9695 32.9765 0
      vertex 24.0875 33.08 0
    endloop
  endfacet
  facet normal 0.321001 -0.947079 0
    outer loop
      vertex 24.3588 33.2367 0
      vertex 24.5075 33.2871 2
      vertex 24.3588 33.2367 2
    endloop
  endfacet
  facet normal 0.321001 -0.947079 0
    outer loop
      vertex 24.5075 33.2871 2
      vertex 24.3588 33.2367 0
      vertex 24.5075 33.2871 0
    endloop
  endfacet
  facet normal 0.195013 0.980801 -0
    outer loop
      vertex 24.6614 30.9383 0
      vertex 24.5075 30.9689 2
      vertex 24.6614 30.9383 2
    endloop
  endfacet
  facet normal 0.195013 0.980801 0
    outer loop
      vertex 24.5075 30.9689 2
      vertex 24.6614 30.9383 0
      vertex 24.5075 30.9689 0
    endloop
  endfacet
  facet normal 0.997886 -0.0649964 0
    outer loop
      vertex 23.6181 32.128 2
      vertex 23.6283 32.2846 0
      vertex 23.6283 32.2846 2
    endloop
  endfacet
  facet normal 0.997886 -0.0649964 0
    outer loop
      vertex 23.6283 32.2846 0
      vertex 23.6181 32.128 2
      vertex 23.6181 32.128 0
    endloop
  endfacet
  facet normal -0.896961 0.44211 0
    outer loop
      vertex 25.8573 31.528 0
      vertex 25.9267 31.6688 2
      vertex 25.9267 31.6688 0
    endloop
  endfacet
  facet normal -0.896961 0.44211 0
    outer loop
      vertex 25.9267 31.6688 2
      vertex 25.8573 31.528 0
      vertex 25.8573 31.528 2
    endloop
  endfacet
  facet normal -0.896961 -0.44211 0
    outer loop
      vertex 25.9267 32.5872 0
      vertex 25.8573 32.728 2
      vertex 25.8573 32.728 0
    endloop
  endfacet
  facet normal -0.896961 -0.44211 0
    outer loop
      vertex 25.8573 32.728 2
      vertex 25.9267 32.5872 0
      vertex 25.9267 32.5872 2
    endloop
  endfacet
  facet normal -0.442622 -0.896708 0
    outer loop
      vertex 25.2773 33.2367 0
      vertex 25.4181 33.1672 2
      vertex 25.2773 33.2367 2
    endloop
  endfacet
  facet normal -0.442622 -0.896708 -0
    outer loop
      vertex 25.4181 33.1672 2
      vertex 25.2773 33.2367 0
      vertex 25.4181 33.1672 0
    endloop
  endfacet
  facet normal 0.751787 -0.659406 0
    outer loop
      vertex 23.866 32.8585 2
      vertex 23.9695 32.9765 0
      vertex 23.9695 32.9765 2
    endloop
  endfacet
  facet normal 0.751787 -0.659406 0
    outer loop
      vertex 23.9695 32.9765 0
      vertex 23.866 32.8585 2
      vertex 23.866 32.8585 0
    endloop
  endfacet
  facet normal -0.555582 0.831462 0
    outer loop
      vertex 25.5486 31.176 0
      vertex 25.4181 31.0888 2
      vertex 25.5486 31.176 2
    endloop
  endfacet
  facet normal -0.555582 0.831462 0
    outer loop
      vertex 25.4181 31.0888 2
      vertex 25.5486 31.176 0
      vertex 25.4181 31.0888 0
    endloop
  endfacet
  facet normal 0.0655892 -0.997847 0
    outer loop
      vertex 24.6614 33.3177 0
      vertex 24.8181 33.328 2
      vertex 24.6614 33.3177 2
    endloop
  endfacet
  facet normal 0.0655892 -0.997847 0
    outer loop
      vertex 24.8181 33.328 2
      vertex 24.6614 33.3177 0
      vertex 24.8181 33.328 0
    endloop
  endfacet
  facet normal 0.0655892 0.997847 -0
    outer loop
      vertex 24.8181 30.928 0
      vertex 24.6614 30.9383 2
      vertex 24.8181 30.928 2
    endloop
  endfacet
  facet normal 0.0655892 0.997847 0
    outer loop
      vertex 24.6614 30.9383 2
      vertex 24.8181 30.928 0
      vertex 24.6614 30.9383 0
    endloop
  endfacet
  facet normal 0.896961 -0.44211 0
    outer loop
      vertex 23.7094 32.5872 2
      vertex 23.7788 32.728 0
      vertex 23.7788 32.728 2
    endloop
  endfacet
  facet normal 0.896961 -0.44211 0
    outer loop
      vertex 23.7788 32.728 0
      vertex 23.7094 32.5872 2
      vertex 23.7094 32.5872 0
    endloop
  endfacet
  facet normal 0.0655892 0.997847 -0
    outer loop
      vertex 24.8181 88.079 0
      vertex 24.6614 88.0893 2
      vertex 24.8181 88.079 2
    endloop
  endfacet
  facet normal 0.0655892 0.997847 0
    outer loop
      vertex 24.6614 88.0893 2
      vertex 24.8181 88.079 0
      vertex 24.6614 88.0893 0
    endloop
  endfacet
  facet normal -0.980825 -0.194891 0
    outer loop
      vertex 26.0078 89.4356 0
      vertex 25.9772 89.5896 2
      vertex 25.9772 89.5896 0
    endloop
  endfacet
  facet normal -0.980825 -0.194891 0
    outer loop
      vertex 25.9772 89.5896 2
      vertex 26.0078 89.4356 0
      vertex 26.0078 89.4356 2
    endloop
  endfacet
  facet normal -0.997844 -0.0656309 0
    outer loop
      vertex 26.0181 89.279 0
      vertex 26.0078 89.4356 2
      vertex 26.0078 89.4356 0
    endloop
  endfacet
  facet normal -0.997844 -0.0656309 0
    outer loop
      vertex 26.0078 89.4356 2
      vertex 26.0181 89.279 0
      vertex 26.0181 89.279 2
    endloop
  endfacet
  facet normal 0.946819 -0.321766 0
    outer loop
      vertex 23.6589 89.5896 2
      vertex 23.7094 89.7382 0
      vertex 23.7094 89.7382 2
    endloop
  endfacet
  facet normal 0.946819 -0.321766 0
    outer loop
      vertex 23.7094 89.7382 0
      vertex 23.6589 89.5896 2
      vertex 23.6589 89.5896 0
    endloop
  endfacet
  facet normal -0.555582 -0.831462 0
    outer loop
      vertex 25.4181 90.3182 0
      vertex 25.5486 90.231 2
      vertex 25.4181 90.3182 2
    endloop
  endfacet
  facet normal -0.555582 -0.831462 -0
    outer loop
      vertex 25.5486 90.231 2
      vertex 25.4181 90.3182 0
      vertex 25.5486 90.231 0
    endloop
  endfacet
  facet normal 0.195013 -0.980801 0
    outer loop
      vertex 24.5075 90.4381 0
      vertex 24.6614 90.4687 2
      vertex 24.5075 90.4381 2
    endloop
  endfacet
  facet normal 0.195013 -0.980801 0
    outer loop
      vertex 24.6614 90.4687 2
      vertex 24.5075 90.4381 0
      vertex 24.6614 90.4687 0
    endloop
  endfacet
  facet normal -0.659406 -0.751787 0
    outer loop
      vertex 25.5486 90.231 0
      vertex 25.6666 90.1275 2
      vertex 25.5486 90.231 2
    endloop
  endfacet
  facet normal -0.659406 -0.751787 -0
    outer loop
      vertex 25.6666 90.1275 2
      vertex 25.5486 90.231 0
      vertex 25.6666 90.1275 0
    endloop
  endfacet
  facet normal -0.946819 0.321766 0
    outer loop
      vertex 25.9267 88.8198 0
      vertex 25.9772 88.9684 2
      vertex 25.9772 88.9684 0
    endloop
  endfacet
  facet normal -0.946819 0.321766 0
    outer loop
      vertex 25.9772 88.9684 2
      vertex 25.9267 88.8198 0
      vertex 25.9267 88.8198 2
    endloop
  endfacet
  facet normal -0.321001 -0.947079 0
    outer loop
      vertex 25.1286 90.4381 0
      vertex 25.2773 90.3877 2
      vertex 25.1286 90.4381 2
    endloop
  endfacet
  facet normal -0.321001 -0.947079 -0
    outer loop
      vertex 25.2773 90.3877 2
      vertex 25.1286 90.4381 0
      vertex 25.2773 90.3877 0
    endloop
  endfacet
  facet normal -0.997844 0.0656309 0
    outer loop
      vertex 26.0078 89.1224 0
      vertex 26.0181 89.279 2
      vertex 26.0181 89.279 0
    endloop
  endfacet
  facet normal -0.997844 0.0656309 0
    outer loop
      vertex 26.0181 89.279 2
      vertex 26.0078 89.1224 0
      vertex 26.0078 89.1224 2
    endloop
  endfacet
  facet normal -0.980825 0.194891 0
    outer loop
      vertex 25.9772 88.9684 0
      vertex 26.0078 89.1224 2
      vertex 26.0078 89.1224 0
    endloop
  endfacet
  facet normal -0.980825 0.194891 0
    outer loop
      vertex 26.0078 89.1224 2
      vertex 25.9772 88.9684 0
      vertex 25.9772 88.9684 2
    endloop
  endfacet
  facet normal 0.831462 -0.555582 0
    outer loop
      vertex 23.7788 89.879 2
      vertex 23.866 90.0095 0
      vertex 23.866 90.0095 2
    endloop
  endfacet
  facet normal 0.831462 -0.555582 0
    outer loop
      vertex 23.866 90.0095 0
      vertex 23.7788 89.879 2
      vertex 23.7788 89.879 0
    endloop
  endfacet
  facet normal 0.555288 -0.831658 0
    outer loop
      vertex 24.0875 90.231 0
      vertex 24.2181 90.3182 2
      vertex 24.0875 90.231 2
    endloop
  endfacet
  facet normal 0.555288 -0.831658 0
    outer loop
      vertex 24.2181 90.3182 2
      vertex 24.0875 90.231 0
      vertex 24.2181 90.3182 0
    endloop
  endfacet
  facet normal 0.659406 0.751787 -0
    outer loop
      vertex 24.0875 88.327 0
      vertex 23.9695 88.4305 2
      vertex 24.0875 88.327 2
    endloop
  endfacet
  facet normal 0.659406 0.751787 0
    outer loop
      vertex 23.9695 88.4305 2
      vertex 24.0875 88.327 0
      vertex 23.9695 88.4305 0
    endloop
  endfacet
  facet normal -0.442622 0.896708 0
    outer loop
      vertex 25.4181 88.2398 0
      vertex 25.2773 88.1703 2
      vertex 25.4181 88.2398 2
    endloop
  endfacet
  facet normal -0.442622 0.896708 0
    outer loop
      vertex 25.2773 88.1703 2
      vertex 25.4181 88.2398 0
      vertex 25.2773 88.1703 0
    endloop
  endfacet
  facet normal -0.659406 0.751787 0
    outer loop
      vertex 25.6666 88.4305 0
      vertex 25.5486 88.327 2
      vertex 25.6666 88.4305 2
    endloop
  endfacet
  facet normal -0.659406 0.751787 0
    outer loop
      vertex 25.5486 88.327 2
      vertex 25.6666 88.4305 0
      vertex 25.5486 88.327 0
    endloop
  endfacet
  facet normal -0.896961 -0.44211 0
    outer loop
      vertex 25.9267 89.7382 0
      vertex 25.8573 89.879 2
      vertex 25.8573 89.879 0
    endloop
  endfacet
  facet normal -0.896961 -0.44211 0
    outer loop
      vertex 25.8573 89.879 2
      vertex 25.9267 89.7382 0
      vertex 25.9267 89.7382 2
    endloop
  endfacet
  facet normal -0.195013 0.980801 0
    outer loop
      vertex 25.1286 88.1199 0
      vertex 24.9747 88.0893 2
      vertex 25.1286 88.1199 2
    endloop
  endfacet
  facet normal -0.195013 0.980801 0
    outer loop
      vertex 24.9747 88.0893 2
      vertex 25.1286 88.1199 0
      vertex 24.9747 88.0893 0
    endloop
  endfacet
  facet normal 0.997886 -0.0649964 0
    outer loop
      vertex 23.6181 89.279 2
      vertex 23.6283 89.4356 0
      vertex 23.6283 89.4356 2
    endloop
  endfacet
  facet normal 0.997886 -0.0649964 0
    outer loop
      vertex 23.6283 89.4356 0
      vertex 23.6181 89.279 2
      vertex 23.6181 89.279 0
    endloop
  endfacet
  facet normal -0.831462 -0.555582 0
    outer loop
      vertex 25.8573 89.879 0
      vertex 25.7701 90.0095 2
      vertex 25.7701 90.0095 0
    endloop
  endfacet
  facet normal -0.831462 -0.555582 0
    outer loop
      vertex 25.7701 90.0095 2
      vertex 25.8573 89.879 0
      vertex 25.8573 89.879 2
    endloop
  endfacet
  facet normal 0.751787 0.659406 0
    outer loop
      vertex 23.9695 88.4305 2
      vertex 23.866 88.5485 0
      vertex 23.866 88.5485 2
    endloop
  endfacet
  facet normal 0.751787 0.659406 0
    outer loop
      vertex 23.866 88.5485 0
      vertex 23.9695 88.4305 2
      vertex 23.9695 88.4305 0
    endloop
  endfacet
  facet normal 0.659406 -0.751787 0
    outer loop
      vertex 23.9695 90.1275 0
      vertex 24.0875 90.231 2
      vertex 23.9695 90.1275 2
    endloop
  endfacet
  facet normal 0.659406 -0.751787 0
    outer loop
      vertex 24.0875 90.231 2
      vertex 23.9695 90.1275 0
      vertex 24.0875 90.231 0
    endloop
  endfacet
  facet normal 0.997886 0.0649964 0
    outer loop
      vertex 23.6283 89.1224 2
      vertex 23.6181 89.279 0
      vertex 23.6181 89.279 2
    endloop
  endfacet
  facet normal 0.997886 0.0649964 0
    outer loop
      vertex 23.6181 89.279 0
      vertex 23.6283 89.1224 2
      vertex 23.6283 89.1224 0
    endloop
  endfacet
  facet normal 0.980825 -0.194891 0
    outer loop
      vertex 23.6283 89.4356 2
      vertex 23.6589 89.5896 0
      vertex 23.6589 89.5896 2
    endloop
  endfacet
  facet normal 0.980825 -0.194891 0
    outer loop
      vertex 23.6589 89.5896 0
      vertex 23.6283 89.4356 2
      vertex 23.6283 89.4356 0
    endloop
  endfacet
  facet normal -0.442622 -0.896708 0
    outer loop
      vertex 25.2773 90.3877 0
      vertex 25.4181 90.3182 2
      vertex 25.2773 90.3877 2
    endloop
  endfacet
  facet normal -0.442622 -0.896708 -0
    outer loop
      vertex 25.4181 90.3182 2
      vertex 25.2773 90.3877 0
      vertex 25.4181 90.3182 0
    endloop
  endfacet
  facet normal -0.321001 0.947079 0
    outer loop
      vertex 25.2773 88.1703 0
      vertex 25.1286 88.1199 2
      vertex 25.2773 88.1703 2
    endloop
  endfacet
  facet normal -0.321001 0.947079 0
    outer loop
      vertex 25.1286 88.1199 2
      vertex 25.2773 88.1703 0
      vertex 25.1286 88.1199 0
    endloop
  endfacet
  facet normal 0.896961 -0.44211 0
    outer loop
      vertex 23.7094 89.7382 2
      vertex 23.7788 89.879 0
      vertex 23.7788 89.879 2
    endloop
  endfacet
  facet normal 0.896961 -0.44211 0
    outer loop
      vertex 23.7788 89.879 0
      vertex 23.7094 89.7382 2
      vertex 23.7094 89.7382 0
    endloop
  endfacet
  facet normal -0.555582 0.831462 0
    outer loop
      vertex 25.5486 88.327 0
      vertex 25.4181 88.2398 2
      vertex 25.5486 88.327 2
    endloop
  endfacet
  facet normal -0.555582 0.831462 0
    outer loop
      vertex 25.4181 88.2398 2
      vertex 25.5486 88.327 0
      vertex 25.4181 88.2398 0
    endloop
  endfacet
  facet normal 0.442875 -0.896583 0
    outer loop
      vertex 24.2181 90.3182 0
      vertex 24.3588 90.3877 2
      vertex 24.2181 90.3182 2
    endloop
  endfacet
  facet normal 0.442875 -0.896583 0
    outer loop
      vertex 24.3588 90.3877 2
      vertex 24.2181 90.3182 0
      vertex 24.3588 90.3877 0
    endloop
  endfacet
  facet normal -0.831462 0.555582 0
    outer loop
      vertex 25.7701 88.5485 0
      vertex 25.8573 88.679 2
      vertex 25.8573 88.679 0
    endloop
  endfacet
  facet normal -0.831462 0.555582 0
    outer loop
      vertex 25.8573 88.679 2
      vertex 25.7701 88.5485 0
      vertex 25.7701 88.5485 2
    endloop
  endfacet
  facet normal -0.751787 0.659406 0
    outer loop
      vertex 25.6666 88.4305 0
      vertex 25.7701 88.5485 2
      vertex 25.7701 88.5485 0
    endloop
  endfacet
  facet normal -0.751787 0.659406 0
    outer loop
      vertex 25.7701 88.5485 2
      vertex 25.6666 88.4305 0
      vertex 25.6666 88.4305 2
    endloop
  endfacet
  facet normal 0.751787 -0.659406 0
    outer loop
      vertex 23.866 90.0095 2
      vertex 23.9695 90.1275 0
      vertex 23.9695 90.1275 2
    endloop
  endfacet
  facet normal 0.751787 -0.659406 0
    outer loop
      vertex 23.9695 90.1275 0
      vertex 23.866 90.0095 2
      vertex 23.866 90.0095 0
    endloop
  endfacet
  facet normal -0.896961 0.44211 0
    outer loop
      vertex 25.8573 88.679 0
      vertex 25.9267 88.8198 2
      vertex 25.9267 88.8198 0
    endloop
  endfacet
  facet normal -0.896961 0.44211 0
    outer loop
      vertex 25.9267 88.8198 2
      vertex 25.8573 88.679 0
      vertex 25.8573 88.679 2
    endloop
  endfacet
  facet normal 0.980825 0.194891 0
    outer loop
      vertex 23.6589 88.9684 2
      vertex 23.6283 89.1224 0
      vertex 23.6283 89.1224 2
    endloop
  endfacet
  facet normal 0.980825 0.194891 0
    outer loop
      vertex 23.6283 89.1224 0
      vertex 23.6589 88.9684 2
      vertex 23.6589 88.9684 0
    endloop
  endfacet
  facet normal -0.0656309 0.997844 0
    outer loop
      vertex 24.9747 88.0893 0
      vertex 24.8181 88.079 2
      vertex 24.9747 88.0893 2
    endloop
  endfacet
  facet normal -0.0656309 0.997844 0
    outer loop
      vertex 24.8181 88.079 2
      vertex 24.9747 88.0893 0
      vertex 24.8181 88.079 0
    endloop
  endfacet
  facet normal -0.195013 -0.980801 0
    outer loop
      vertex 24.9747 90.4687 0
      vertex 25.1286 90.4381 2
      vertex 24.9747 90.4687 2
    endloop
  endfacet
  facet normal -0.195013 -0.980801 -0
    outer loop
      vertex 25.1286 90.4381 2
      vertex 24.9747 90.4687 0
      vertex 25.1286 90.4381 0
    endloop
  endfacet
  facet normal 0.831462 0.555582 0
    outer loop
      vertex 23.866 88.5485 2
      vertex 23.7788 88.679 0
      vertex 23.7788 88.679 2
    endloop
  endfacet
  facet normal 0.831462 0.555582 0
    outer loop
      vertex 23.7788 88.679 0
      vertex 23.866 88.5485 2
      vertex 23.866 88.5485 0
    endloop
  endfacet
  facet normal -0.751787 -0.659406 0
    outer loop
      vertex 25.7701 90.0095 0
      vertex 25.6666 90.1275 2
      vertex 25.6666 90.1275 0
    endloop
  endfacet
  facet normal -0.751787 -0.659406 0
    outer loop
      vertex 25.6666 90.1275 2
      vertex 25.7701 90.0095 0
      vertex 25.7701 90.0095 2
    endloop
  endfacet
  facet normal -0.946819 -0.321766 0
    outer loop
      vertex 25.9772 89.5896 0
      vertex 25.9267 89.7382 2
      vertex 25.9267 89.7382 0
    endloop
  endfacet
  facet normal -0.946819 -0.321766 0
    outer loop
      vertex 25.9267 89.7382 2
      vertex 25.9772 89.5896 0
      vertex 25.9772 89.5896 2
    endloop
  endfacet
  facet normal 0.321001 -0.947079 0
    outer loop
      vertex 24.3588 90.3877 0
      vertex 24.5075 90.4381 2
      vertex 24.3588 90.3877 2
    endloop
  endfacet
  facet normal 0.321001 -0.947079 0
    outer loop
      vertex 24.5075 90.4381 2
      vertex 24.3588 90.3877 0
      vertex 24.5075 90.4381 0
    endloop
  endfacet
  facet normal -0.0656309 -0.997844 0
    outer loop
      vertex 24.8181 90.479 0
      vertex 24.9747 90.4687 2
      vertex 24.8181 90.479 2
    endloop
  endfacet
  facet normal -0.0656309 -0.997844 -0
    outer loop
      vertex 24.9747 90.4687 2
      vertex 24.8181 90.479 0
      vertex 24.9747 90.4687 0
    endloop
  endfacet
  facet normal 0.442875 0.896583 -0
    outer loop
      vertex 24.3588 88.1703 0
      vertex 24.2181 88.2398 2
      vertex 24.3588 88.1703 2
    endloop
  endfacet
  facet normal 0.442875 0.896583 0
    outer loop
      vertex 24.2181 88.2398 2
      vertex 24.3588 88.1703 0
      vertex 24.2181 88.2398 0
    endloop
  endfacet
  facet normal 0.946819 0.321766 0
    outer loop
      vertex 23.7094 88.8198 2
      vertex 23.6589 88.9684 0
      vertex 23.6589 88.9684 2
    endloop
  endfacet
  facet normal 0.946819 0.321766 0
    outer loop
      vertex 23.6589 88.9684 0
      vertex 23.7094 88.8198 2
      vertex 23.7094 88.8198 0
    endloop
  endfacet
  facet normal 0.555288 0.831658 -0
    outer loop
      vertex 24.2181 88.2398 0
      vertex 24.0875 88.327 2
      vertex 24.2181 88.2398 2
    endloop
  endfacet
  facet normal 0.555288 0.831658 0
    outer loop
      vertex 24.0875 88.327 2
      vertex 24.2181 88.2398 0
      vertex 24.0875 88.327 0
    endloop
  endfacet
  facet normal 0.0655892 -0.997847 0
    outer loop
      vertex 24.6614 90.4687 0
      vertex 24.8181 90.479 2
      vertex 24.6614 90.4687 2
    endloop
  endfacet
  facet normal 0.0655892 -0.997847 0
    outer loop
      vertex 24.8181 90.479 2
      vertex 24.6614 90.4687 0
      vertex 24.8181 90.479 0
    endloop
  endfacet
  facet normal 0.195013 0.980801 -0
    outer loop
      vertex 24.6614 88.0893 0
      vertex 24.5075 88.1199 2
      vertex 24.6614 88.0893 2
    endloop
  endfacet
  facet normal 0.195013 0.980801 0
    outer loop
      vertex 24.5075 88.1199 2
      vertex 24.6614 88.0893 0
      vertex 24.5075 88.1199 0
    endloop
  endfacet
  facet normal 0.896961 0.44211 0
    outer loop
      vertex 23.7788 88.679 2
      vertex 23.7094 88.8198 0
      vertex 23.7094 88.8198 2
    endloop
  endfacet
  facet normal 0.896961 0.44211 0
    outer loop
      vertex 23.7094 88.8198 0
      vertex 23.7788 88.679 2
      vertex 23.7788 88.679 0
    endloop
  endfacet
  facet normal 0.321001 0.947079 -0
    outer loop
      vertex 24.5075 88.1199 0
      vertex 24.3588 88.1703 2
      vertex 24.5075 88.1199 2
    endloop
  endfacet
  facet normal 0.321001 0.947079 0
    outer loop
      vertex 24.3588 88.1703 2
      vertex 24.5075 88.1199 0
      vertex 24.3588 88.1703 0
    endloop
  endfacet
  facet normal 0.980825 0.194891 0
    outer loop
      vertex 99.4419 98.1684 2
      vertex 99.4113 98.3224 0
      vertex 99.4113 98.3224 2
    endloop
  endfacet
  facet normal 0.980825 0.194891 0
    outer loop
      vertex 99.4113 98.3224 0
      vertex 99.4419 98.1684 2
      vertex 99.4419 98.1684 0
    endloop
  endfacet
  facet normal -0.659406 -0.751787 0
    outer loop
      vertex 101.332 99.431 0
      vertex 101.45 99.3275 2
      vertex 101.332 99.431 2
    endloop
  endfacet
  facet normal -0.659406 -0.751787 -0
    outer loop
      vertex 101.45 99.3275 2
      vertex 101.332 99.431 0
      vertex 101.45 99.3275 0
    endloop
  endfacet
  facet normal -0.194891 0.980825 0
    outer loop
      vertex 100.912 97.3199 0
      vertex 100.758 97.2893 2
      vertex 100.912 97.3199 2
    endloop
  endfacet
  facet normal -0.194891 0.980825 0
    outer loop
      vertex 100.758 97.2893 2
      vertex 100.912 97.3199 0
      vertex 100.758 97.2893 0
    endloop
  endfacet
  facet normal 0.0654644 0.997855 -0
    outer loop
      vertex 100.601 97.279 0
      vertex 100.444 97.2893 2
      vertex 100.601 97.279 2
    endloop
  endfacet
  facet normal 0.0654644 0.997855 0
    outer loop
      vertex 100.444 97.2893 2
      vertex 100.601 97.279 0
      vertex 100.444 97.2893 0
    endloop
  endfacet
  facet normal -0.997967 -0.0637272 0
    outer loop
      vertex 101.801 98.479 0
      vertex 101.791 98.6356 2
      vertex 101.791 98.6356 0
    endloop
  endfacet
  facet normal -0.997967 -0.0637272 0
    outer loop
      vertex 101.791 98.6356 2
      vertex 101.801 98.479 0
      vertex 101.801 98.479 2
    endloop
  endfacet
  facet normal 0.751787 -0.659406 0
    outer loop
      vertex 99.649 99.2095 2
      vertex 99.7525 99.3275 0
      vertex 99.7525 99.3275 2
    endloop
  endfacet
  facet normal 0.751787 -0.659406 0
    outer loop
      vertex 99.7525 99.3275 0
      vertex 99.649 99.2095 2
      vertex 99.649 99.2095 0
    endloop
  endfacet
  facet normal -0.83205 -0.5547 0
    outer loop
      vertex 101.64 99.079 0
      vertex 101.553 99.2095 2
      vertex 101.553 99.2095 0
    endloop
  endfacet
  facet normal -0.83205 -0.5547 0
    outer loop
      vertex 101.553 99.2095 2
      vertex 101.64 99.079 0
      vertex 101.64 99.079 2
    endloop
  endfacet
  facet normal -0.895442 0.445177 0
    outer loop
      vertex 101.64 97.879 0
      vertex 101.71 98.0198 2
      vertex 101.71 98.0198 0
    endloop
  endfacet
  facet normal -0.895442 0.445177 0
    outer loop
      vertex 101.71 98.0198 2
      vertex 101.64 97.879 0
      vertex 101.64 97.879 2
    endloop
  endfacet
  facet normal 0.194891 -0.980825 0
    outer loop
      vertex 100.29 99.6381 0
      vertex 100.444 99.6687 2
      vertex 100.29 99.6381 2
    endloop
  endfacet
  facet normal 0.194891 -0.980825 0
    outer loop
      vertex 100.444 99.6687 2
      vertex 100.29 99.6381 0
      vertex 100.444 99.6687 0
    endloop
  endfacet
  facet normal 0.997886 0.0649964 0
    outer loop
      vertex 99.4113 98.3224 2
      vertex 99.4011 98.479 0
      vertex 99.4011 98.479 2
    endloop
  endfacet
  facet normal 0.997886 0.0649964 0
    outer loop
      vertex 99.4011 98.479 0
      vertex 99.4113 98.3224 2
      vertex 99.4113 98.3224 0
    endloop
  endfacet
  facet normal 0.980825 -0.194891 0
    outer loop
      vertex 99.4113 98.6356 2
      vertex 99.4419 98.7896 0
      vertex 99.4419 98.7896 2
    endloop
  endfacet
  facet normal 0.980825 -0.194891 0
    outer loop
      vertex 99.4419 98.7896 0
      vertex 99.4113 98.6356 2
      vertex 99.4113 98.6356 0
    endloop
  endfacet
  facet normal -0.980335 -0.19734 0
    outer loop
      vertex 101.791 98.6356 0
      vertex 101.76 98.7896 2
      vertex 101.76 98.7896 0
    endloop
  endfacet
  facet normal -0.980335 -0.19734 0
    outer loop
      vertex 101.76 98.7896 2
      vertex 101.791 98.6356 0
      vertex 101.791 98.6356 2
    endloop
  endfacet
  facet normal 0.831462 0.555582 0
    outer loop
      vertex 99.649 97.7485 2
      vertex 99.5618 97.879 0
      vertex 99.5618 97.879 2
    endloop
  endfacet
  facet normal 0.831462 0.555582 0
    outer loop
      vertex 99.5618 97.879 0
      vertex 99.649 97.7485 2
      vertex 99.649 97.7485 0
    endloop
  endfacet
  facet normal -0.554113 0.832441 0
    outer loop
      vertex 101.332 97.527 0
      vertex 101.201 97.4398 2
      vertex 101.332 97.527 2
    endloop
  endfacet
  facet normal -0.554113 0.832441 0
    outer loop
      vertex 101.201 97.4398 2
      vertex 101.332 97.527 0
      vertex 101.201 97.4398 0
    endloop
  endfacet
  facet normal -0.659406 0.751787 0
    outer loop
      vertex 101.45 97.6305 0
      vertex 101.332 97.527 2
      vertex 101.45 97.6305 2
    endloop
  endfacet
  facet normal -0.659406 0.751787 0
    outer loop
      vertex 101.332 97.527 2
      vertex 101.45 97.6305 0
      vertex 101.332 97.527 0
    endloop
  endfacet
  facet normal -0.895442 -0.445177 0
    outer loop
      vertex 101.71 98.9382 0
      vertex 101.64 99.079 2
      vertex 101.64 99.079 0
    endloop
  endfacet
  facet normal -0.895442 -0.445177 0
    outer loop
      vertex 101.64 99.079 2
      vertex 101.71 98.9382 0
      vertex 101.71 98.9382 2
    endloop
  endfacet
  facet normal -0.442117 0.896957 0
    outer loop
      vertex 101.201 97.4398 0
      vertex 101.06 97.3703 2
      vertex 101.201 97.4398 2
    endloop
  endfacet
  facet normal -0.442117 0.896957 0
    outer loop
      vertex 101.06 97.3703 2
      vertex 101.201 97.4398 0
      vertex 101.06 97.3703 0
    endloop
  endfacet
  facet normal -0.947787 -0.318905 0
    outer loop
      vertex 101.76 98.7896 0
      vertex 101.71 98.9382 2
      vertex 101.71 98.9382 0
    endloop
  endfacet
  facet normal -0.947787 -0.318905 0
    outer loop
      vertex 101.71 98.9382 2
      vertex 101.76 98.7896 0
      vertex 101.76 98.7896 2
    endloop
  endfacet
  facet normal -0.980335 0.19734 0
    outer loop
      vertex 101.76 98.1684 0
      vertex 101.791 98.3224 2
      vertex 101.791 98.3224 0
    endloop
  endfacet
  facet normal -0.980335 0.19734 0
    outer loop
      vertex 101.791 98.3224 2
      vertex 101.76 98.1684 0
      vertex 101.76 98.1684 2
    endloop
  endfacet
  facet normal -0.0654644 0.997855 0
    outer loop
      vertex 100.758 97.2893 0
      vertex 100.601 97.279 2
      vertex 100.758 97.2893 2
    endloop
  endfacet
  facet normal -0.0654644 0.997855 0
    outer loop
      vertex 100.601 97.279 2
      vertex 100.758 97.2893 0
      vertex 100.601 97.279 0
    endloop
  endfacet
  facet normal 0.946819 0.321766 0
    outer loop
      vertex 99.4924 98.0198 2
      vertex 99.4419 98.1684 0
      vertex 99.4419 98.1684 2
    endloop
  endfacet
  facet normal 0.946819 0.321766 0
    outer loop
      vertex 99.4419 98.1684 0
      vertex 99.4924 98.0198 2
      vertex 99.4924 98.0198 0
    endloop
  endfacet
  facet normal -0.753367 -0.6576 0
    outer loop
      vertex 101.553 99.2095 0
      vertex 101.45 99.3275 2
      vertex 101.45 99.3275 0
    endloop
  endfacet
  facet normal -0.753367 -0.6576 0
    outer loop
      vertex 101.45 99.3275 2
      vertex 101.553 99.2095 0
      vertex 101.553 99.2095 2
    endloop
  endfacet
  facet normal 0.322361 -0.946617 0
    outer loop
      vertex 100.142 99.5877 0
      vertex 100.29 99.6381 2
      vertex 100.142 99.5877 2
    endloop
  endfacet
  facet normal 0.322361 -0.946617 0
    outer loop
      vertex 100.29 99.6381 2
      vertex 100.142 99.5877 0
      vertex 100.29 99.6381 0
    endloop
  endfacet
  facet normal -0.83205 0.5547 0
    outer loop
      vertex 101.553 97.7485 0
      vertex 101.64 97.879 2
      vertex 101.64 97.879 0
    endloop
  endfacet
  facet normal -0.83205 0.5547 0
    outer loop
      vertex 101.64 97.879 2
      vertex 101.553 97.7485 0
      vertex 101.553 97.7485 2
    endloop
  endfacet
  facet normal -0.322361 -0.946617 0
    outer loop
      vertex 100.912 99.6381 0
      vertex 101.06 99.5877 2
      vertex 100.912 99.6381 2
    endloop
  endfacet
  facet normal -0.322361 -0.946617 -0
    outer loop
      vertex 101.06 99.5877 2
      vertex 100.912 99.6381 0
      vertex 101.06 99.5877 0
    endloop
  endfacet
  facet normal -0.997967 0.0637272 0
    outer loop
      vertex 101.791 98.3224 0
      vertex 101.801 98.479 2
      vertex 101.801 98.479 0
    endloop
  endfacet
  facet normal -0.997967 0.0637272 0
    outer loop
      vertex 101.801 98.479 2
      vertex 101.791 98.3224 0
      vertex 101.791 98.3224 2
    endloop
  endfacet
  facet normal -0.753367 0.6576 0
    outer loop
      vertex 101.45 97.6305 0
      vertex 101.553 97.7485 2
      vertex 101.553 97.7485 0
    endloop
  endfacet
  facet normal -0.753367 0.6576 0
    outer loop
      vertex 101.553 97.7485 2
      vertex 101.45 97.6305 0
      vertex 101.45 97.6305 2
    endloop
  endfacet
  facet normal 0.322361 0.946617 -0
    outer loop
      vertex 100.29 97.3199 0
      vertex 100.142 97.3703 2
      vertex 100.29 97.3199 2
    endloop
  endfacet
  facet normal 0.322361 0.946617 0
    outer loop
      vertex 100.142 97.3703 2
      vertex 100.29 97.3199 0
      vertex 100.142 97.3703 0
    endloop
  endfacet
  facet normal 0.442117 -0.896957 0
    outer loop
      vertex 100.001 99.5182 0
      vertex 100.142 99.5877 2
      vertex 100.001 99.5182 2
    endloop
  endfacet
  facet normal 0.442117 -0.896957 0
    outer loop
      vertex 100.142 99.5877 2
      vertex 100.001 99.5182 0
      vertex 100.142 99.5877 0
    endloop
  endfacet
  facet normal 0.946819 -0.321766 0
    outer loop
      vertex 99.4419 98.7896 2
      vertex 99.4924 98.9382 0
      vertex 99.4924 98.9382 2
    endloop
  endfacet
  facet normal 0.946819 -0.321766 0
    outer loop
      vertex 99.4924 98.9382 0
      vertex 99.4419 98.7896 2
      vertex 99.4419 98.7896 0
    endloop
  endfacet
  facet normal 0.0654644 -0.997855 0
    outer loop
      vertex 100.444 99.6687 0
      vertex 100.601 99.679 2
      vertex 100.444 99.6687 2
    endloop
  endfacet
  facet normal 0.0654644 -0.997855 0
    outer loop
      vertex 100.601 99.679 2
      vertex 100.444 99.6687 0
      vertex 100.601 99.679 0
    endloop
  endfacet
  facet normal -0.442117 -0.896957 0
    outer loop
      vertex 101.06 99.5877 0
      vertex 101.201 99.5182 2
      vertex 101.06 99.5877 2
    endloop
  endfacet
  facet normal -0.442117 -0.896957 -0
    outer loop
      vertex 101.201 99.5182 2
      vertex 101.06 99.5877 0
      vertex 101.201 99.5182 0
    endloop
  endfacet
  facet normal -0.322361 0.946617 0
    outer loop
      vertex 101.06 97.3703 0
      vertex 100.912 97.3199 2
      vertex 101.06 97.3703 2
    endloop
  endfacet
  facet normal -0.322361 0.946617 0
    outer loop
      vertex 100.912 97.3199 2
      vertex 101.06 97.3703 0
      vertex 100.912 97.3199 0
    endloop
  endfacet
  facet normal -0.554113 -0.832441 0
    outer loop
      vertex 101.201 99.5182 0
      vertex 101.332 99.431 2
      vertex 101.201 99.5182 2
    endloop
  endfacet
  facet normal -0.554113 -0.832441 -0
    outer loop
      vertex 101.332 99.431 2
      vertex 101.201 99.5182 0
      vertex 101.332 99.431 0
    endloop
  endfacet
  facet normal 0.751787 0.659406 0
    outer loop
      vertex 99.7525 97.6305 2
      vertex 99.649 97.7485 0
      vertex 99.649 97.7485 2
    endloop
  endfacet
  facet normal 0.751787 0.659406 0
    outer loop
      vertex 99.649 97.7485 0
      vertex 99.7525 97.6305 2
      vertex 99.7525 97.6305 0
    endloop
  endfacet
  facet normal 0.896961 0.44211 0
    outer loop
      vertex 99.5618 97.879 2
      vertex 99.4924 98.0198 0
      vertex 99.4924 98.0198 2
    endloop
  endfacet
  facet normal 0.896961 0.44211 0
    outer loop
      vertex 99.4924 98.0198 0
      vertex 99.5618 97.879 2
      vertex 99.5618 97.879 0
    endloop
  endfacet
  facet normal -0.194891 -0.980825 0
    outer loop
      vertex 100.758 99.6687 0
      vertex 100.912 99.6381 2
      vertex 100.758 99.6687 2
    endloop
  endfacet
  facet normal -0.194891 -0.980825 -0
    outer loop
      vertex 100.912 99.6381 2
      vertex 100.758 99.6687 0
      vertex 100.912 99.6381 0
    endloop
  endfacet
  facet normal 0.896961 -0.44211 0
    outer loop
      vertex 99.4924 98.9382 2
      vertex 99.5618 99.079 0
      vertex 99.5618 99.079 2
    endloop
  endfacet
  facet normal 0.896961 -0.44211 0
    outer loop
      vertex 99.5618 99.079 0
      vertex 99.4924 98.9382 2
      vertex 99.4924 98.9382 0
    endloop
  endfacet
  facet normal 0.997886 -0.0649964 0
    outer loop
      vertex 99.4011 98.479 2
      vertex 99.4113 98.6356 0
      vertex 99.4113 98.6356 2
    endloop
  endfacet
  facet normal 0.997886 -0.0649964 0
    outer loop
      vertex 99.4113 98.6356 0
      vertex 99.4011 98.479 2
      vertex 99.4011 98.479 0
    endloop
  endfacet
  facet normal 0.659406 0.751787 -0
    outer loop
      vertex 99.8705 97.527 0
      vertex 99.7525 97.6305 2
      vertex 99.8705 97.527 2
    endloop
  endfacet
  facet normal 0.659406 0.751787 0
    outer loop
      vertex 99.7525 97.6305 2
      vertex 99.8705 97.527 0
      vertex 99.7525 97.6305 0
    endloop
  endfacet
  facet normal -0.947787 0.318905 0
    outer loop
      vertex 101.71 98.0198 0
      vertex 101.76 98.1684 2
      vertex 101.76 98.1684 0
    endloop
  endfacet
  facet normal -0.947787 0.318905 0
    outer loop
      vertex 101.76 98.1684 2
      vertex 101.71 98.0198 0
      vertex 101.71 98.0198 2
    endloop
  endfacet
  facet normal 0.555582 0.831462 -0
    outer loop
      vertex 100.001 97.4398 0
      vertex 99.8705 97.527 2
      vertex 100.001 97.4398 2
    endloop
  endfacet
  facet normal 0.555582 0.831462 0
    outer loop
      vertex 99.8705 97.527 2
      vertex 100.001 97.4398 0
      vertex 99.8705 97.527 0
    endloop
  endfacet
  facet normal 0.442117 0.896957 -0
    outer loop
      vertex 100.142 97.3703 0
      vertex 100.001 97.4398 2
      vertex 100.142 97.3703 2
    endloop
  endfacet
  facet normal 0.442117 0.896957 0
    outer loop
      vertex 100.001 97.4398 2
      vertex 100.142 97.3703 0
      vertex 100.001 97.4398 0
    endloop
  endfacet
  facet normal 0.555582 -0.831462 0
    outer loop
      vertex 99.8705 99.431 0
      vertex 100.001 99.5182 2
      vertex 99.8705 99.431 2
    endloop
  endfacet
  facet normal 0.555582 -0.831462 0
    outer loop
      vertex 100.001 99.5182 2
      vertex 99.8705 99.431 0
      vertex 100.001 99.5182 0
    endloop
  endfacet
  facet normal 0.659406 -0.751787 0
    outer loop
      vertex 99.7525 99.3275 0
      vertex 99.8705 99.431 2
      vertex 99.7525 99.3275 2
    endloop
  endfacet
  facet normal 0.659406 -0.751787 0
    outer loop
      vertex 99.8705 99.431 2
      vertex 99.7525 99.3275 0
      vertex 99.8705 99.431 0
    endloop
  endfacet
  facet normal -0.0654644 -0.997855 0
    outer loop
      vertex 100.601 99.679 0
      vertex 100.758 99.6687 2
      vertex 100.601 99.679 2
    endloop
  endfacet
  facet normal -0.0654644 -0.997855 -0
    outer loop
      vertex 100.758 99.6687 2
      vertex 100.601 99.679 0
      vertex 100.758 99.6687 0
    endloop
  endfacet
  facet normal 0.831462 -0.555582 0
    outer loop
      vertex 99.5618 99.079 2
      vertex 99.649 99.2095 0
      vertex 99.649 99.2095 2
    endloop
  endfacet
  facet normal 0.831462 -0.555582 0
    outer loop
      vertex 99.649 99.2095 0
      vertex 99.5618 99.079 2
      vertex 99.5618 99.079 0
    endloop
  endfacet
  facet normal 0.194891 0.980825 -0
    outer loop
      vertex 100.444 97.2893 0
      vertex 100.29 97.3199 2
      vertex 100.444 97.2893 2
    endloop
  endfacet
  facet normal 0.194891 0.980825 0
    outer loop
      vertex 100.29 97.3199 2
      vertex 100.444 97.2893 0
      vertex 100.29 97.3199 0
    endloop
  endfacet
  facet normal -0.442117 0.896957 0
    outer loop
      vertex 102.037 56.8398 0
      vertex 101.896 56.7703 2
      vertex 102.037 56.8398 2
    endloop
  endfacet
  facet normal -0.442117 0.896957 0
    outer loop
      vertex 101.896 56.7703 2
      vertex 102.037 56.8398 0
      vertex 101.896 56.7703 0
    endloop
  endfacet
  facet normal -0.980335 -0.19734 0
    outer loop
      vertex 102.627 58.0356 0
      vertex 102.596 58.1896 2
      vertex 102.596 58.1896 0
    endloop
  endfacet
  facet normal -0.980335 -0.19734 0
    outer loop
      vertex 102.596 58.1896 2
      vertex 102.627 58.0356 0
      vertex 102.627 58.0356 2
    endloop
  endfacet
  facet normal -0.997967 -0.0637272 0
    outer loop
      vertex 102.637 57.879 0
      vertex 102.627 58.0356 2
      vertex 102.627 58.0356 0
    endloop
  endfacet
  facet normal -0.997967 -0.0637272 0
    outer loop
      vertex 102.627 58.0356 2
      vertex 102.637 57.879 0
      vertex 102.637 57.879 2
    endloop
  endfacet
  facet normal -0.947787 -0.318905 0
    outer loop
      vertex 102.596 58.1896 0
      vertex 102.546 58.3382 2
      vertex 102.546 58.3382 0
    endloop
  endfacet
  facet normal -0.947787 -0.318905 0
    outer loop
      vertex 102.546 58.3382 2
      vertex 102.596 58.1896 0
      vertex 102.596 58.1896 2
    endloop
  endfacet
  facet normal 0.557057 0.830474 -0
    outer loop
      vertex 100.837 56.8398 0
      vertex 100.707 56.927 2
      vertex 100.837 56.8398 2
    endloop
  endfacet
  facet normal 0.557057 0.830474 0
    outer loop
      vertex 100.707 56.927 2
      vertex 100.837 56.8398 0
      vertex 100.707 56.927 0
    endloop
  endfacet
  facet normal -0.554113 0.832441 0
    outer loop
      vertex 102.168 56.927 0
      vertex 102.037 56.8398 2
      vertex 102.168 56.927 2
    endloop
  endfacet
  facet normal -0.554113 0.832441 0
    outer loop
      vertex 102.037 56.8398 2
      vertex 102.168 56.927 0
      vertex 102.037 56.8398 0
    endloop
  endfacet
  facet normal -0.554113 -0.832441 0
    outer loop
      vertex 102.037 58.9182 0
      vertex 102.168 58.831 2
      vertex 102.037 58.9182 2
    endloop
  endfacet
  facet normal -0.554113 -0.832441 -0
    outer loop
      vertex 102.168 58.831 2
      vertex 102.037 58.9182 0
      vertex 102.168 58.831 0
    endloop
  endfacet
  facet normal 0.322361 0.946617 -0
    outer loop
      vertex 101.126 56.7199 0
      vertex 100.978 56.7703 2
      vertex 101.126 56.7199 2
    endloop
  endfacet
  facet normal 0.322361 0.946617 0
    outer loop
      vertex 100.978 56.7703 2
      vertex 101.126 56.7199 0
      vertex 100.978 56.7703 0
    endloop
  endfacet
  facet normal -0.194891 0.980825 0
    outer loop
      vertex 101.748 56.7199 0
      vertex 101.594 56.6893 2
      vertex 101.748 56.7199 2
    endloop
  endfacet
  facet normal -0.194891 0.980825 0
    outer loop
      vertex 101.594 56.6893 2
      vertex 101.748 56.7199 0
      vertex 101.594 56.6893 0
    endloop
  endfacet
  facet normal 0.194891 -0.980825 0
    outer loop
      vertex 101.126 59.0381 0
      vertex 101.28 59.0687 2
      vertex 101.126 59.0381 2
    endloop
  endfacet
  facet normal 0.194891 -0.980825 0
    outer loop
      vertex 101.28 59.0687 2
      vertex 101.126 59.0381 0
      vertex 101.28 59.0687 0
    endloop
  endfacet
  facet normal -0.0654644 -0.997855 0
    outer loop
      vertex 101.437 59.079 0
      vertex 101.594 59.0687 2
      vertex 101.437 59.079 2
    endloop
  endfacet
  facet normal -0.0654644 -0.997855 -0
    outer loop
      vertex 101.594 59.0687 2
      vertex 101.437 59.079 0
      vertex 101.594 59.0687 0
    endloop
  endfacet
  facet normal -0.947787 0.318905 0
    outer loop
      vertex 102.546 57.4198 0
      vertex 102.596 57.5684 2
      vertex 102.596 57.5684 0
    endloop
  endfacet
  facet normal -0.947787 0.318905 0
    outer loop
      vertex 102.596 57.5684 2
      vertex 102.546 57.4198 0
      vertex 102.546 57.4198 2
    endloop
  endfacet
  facet normal -0.753367 -0.6576 0
    outer loop
      vertex 102.389 58.6095 0
      vertex 102.286 58.7275 2
      vertex 102.286 58.7275 0
    endloop
  endfacet
  facet normal -0.753367 -0.6576 0
    outer loop
      vertex 102.286 58.7275 2
      vertex 102.389 58.6095 0
      vertex 102.389 58.6095 2
    endloop
  endfacet
  facet normal -0.659406 0.751787 0
    outer loop
      vertex 102.286 57.0305 0
      vertex 102.168 56.927 2
      vertex 102.286 57.0305 2
    endloop
  endfacet
  facet normal -0.659406 0.751787 0
    outer loop
      vertex 102.168 56.927 2
      vertex 102.286 57.0305 0
      vertex 102.168 56.927 0
    endloop
  endfacet
  facet normal -0.442117 -0.896957 0
    outer loop
      vertex 101.896 58.9877 0
      vertex 102.037 58.9182 2
      vertex 101.896 58.9877 2
    endloop
  endfacet
  facet normal -0.442117 -0.896957 -0
    outer loop
      vertex 102.037 58.9182 2
      vertex 101.896 58.9877 0
      vertex 102.037 58.9182 0
    endloop
  endfacet
  facet normal -0.895442 -0.445177 0
    outer loop
      vertex 102.546 58.3382 0
      vertex 102.476 58.479 2
      vertex 102.476 58.479 0
    endloop
  endfacet
  facet normal -0.895442 -0.445177 0
    outer loop
      vertex 102.476 58.479 2
      vertex 102.546 58.3382 0
      vertex 102.546 58.3382 2
    endloop
  endfacet
  facet normal 0.997967 -0.0637272 0
    outer loop
      vertex 100.237 57.879 2
      vertex 100.247 58.0356 0
      vertex 100.247 58.0356 2
    endloop
  endfacet
  facet normal 0.997967 -0.0637272 0
    outer loop
      vertex 100.247 58.0356 0
      vertex 100.237 57.879 2
      vertex 100.237 57.879 0
    endloop
  endfacet
  facet normal -0.895442 0.445177 0
    outer loop
      vertex 102.476 57.279 0
      vertex 102.546 57.4198 2
      vertex 102.546 57.4198 0
    endloop
  endfacet
  facet normal -0.895442 0.445177 0
    outer loop
      vertex 102.546 57.4198 2
      vertex 102.476 57.279 0
      vertex 102.476 57.279 2
    endloop
  endfacet
  facet normal 0.980335 -0.19734 0
    outer loop
      vertex 100.247 58.0356 2
      vertex 100.278 58.1896 0
      vertex 100.278 58.1896 2
    endloop
  endfacet
  facet normal 0.980335 -0.19734 0
    outer loop
      vertex 100.278 58.1896 0
      vertex 100.247 58.0356 2
      vertex 100.247 58.0356 0
    endloop
  endfacet
  facet normal 0.442117 -0.896957 0
    outer loop
      vertex 100.837 58.9182 0
      vertex 100.978 58.9877 2
      vertex 100.837 58.9182 2
    endloop
  endfacet
  facet normal 0.442117 -0.896957 0
    outer loop
      vertex 100.978 58.9877 2
      vertex 100.837 58.9182 0
      vertex 100.978 58.9877 0
    endloop
  endfacet
  facet normal -0.322361 -0.946617 0
    outer loop
      vertex 101.748 59.0381 0
      vertex 101.896 58.9877 2
      vertex 101.748 59.0381 2
    endloop
  endfacet
  facet normal -0.322361 -0.946617 -0
    outer loop
      vertex 101.896 58.9877 2
      vertex 101.748 59.0381 0
      vertex 101.896 58.9877 0
    endloop
  endfacet
  facet normal 0.750209 -0.661201 0
    outer loop
      vertex 100.485 58.6095 2
      vertex 100.589 58.7275 0
      vertex 100.589 58.7275 2
    endloop
  endfacet
  facet normal 0.750209 -0.661201 0
    outer loop
      vertex 100.589 58.7275 0
      vertex 100.485 58.6095 2
      vertex 100.485 58.6095 0
    endloop
  endfacet
  facet normal 0.442117 0.896957 -0
    outer loop
      vertex 100.978 56.7703 0
      vertex 100.837 56.8398 2
      vertex 100.978 56.7703 2
    endloop
  endfacet
  facet normal 0.442117 0.896957 0
    outer loop
      vertex 100.837 56.8398 2
      vertex 100.978 56.7703 0
      vertex 100.837 56.8398 0
    endloop
  endfacet
  facet normal 0.83205 0.5547 0
    outer loop
      vertex 100.485 57.1485 2
      vertex 100.398 57.279 0
      vertex 100.398 57.279 2
    endloop
  endfacet
  facet normal 0.83205 0.5547 0
    outer loop
      vertex 100.398 57.279 0
      vertex 100.485 57.1485 2
      vertex 100.485 57.1485 0
    endloop
  endfacet
  facet normal 0.997967 0.0637272 0
    outer loop
      vertex 100.247 57.7224 2
      vertex 100.237 57.879 0
      vertex 100.237 57.879 2
    endloop
  endfacet
  facet normal 0.997967 0.0637272 0
    outer loop
      vertex 100.237 57.879 0
      vertex 100.247 57.7224 2
      vertex 100.247 57.7224 0
    endloop
  endfacet
  facet normal -0.322361 0.946617 0
    outer loop
      vertex 101.896 56.7703 0
      vertex 101.748 56.7199 2
      vertex 101.896 56.7703 2
    endloop
  endfacet
  facet normal -0.322361 0.946617 0
    outer loop
      vertex 101.748 56.7199 2
      vertex 101.896 56.7703 0
      vertex 101.748 56.7199 0
    endloop
  endfacet
  facet normal 0.557057 -0.830474 0
    outer loop
      vertex 100.707 58.831 0
      vertex 100.837 58.9182 2
      vertex 100.707 58.831 2
    endloop
  endfacet
  facet normal 0.557057 -0.830474 0
    outer loop
      vertex 100.837 58.9182 2
      vertex 100.707 58.831 0
      vertex 100.837 58.9182 0
    endloop
  endfacet
  facet normal -0.83205 -0.5547 0
    outer loop
      vertex 102.476 58.479 0
      vertex 102.389 58.6095 2
      vertex 102.389 58.6095 0
    endloop
  endfacet
  facet normal -0.83205 -0.5547 0
    outer loop
      vertex 102.389 58.6095 2
      vertex 102.476 58.479 0
      vertex 102.476 58.479 2
    endloop
  endfacet
  facet normal 0.194891 0.980825 -0
    outer loop
      vertex 101.28 56.6893 0
      vertex 101.126 56.7199 2
      vertex 101.28 56.6893 2
    endloop
  endfacet
  facet normal 0.194891 0.980825 0
    outer loop
      vertex 101.126 56.7199 2
      vertex 101.28 56.6893 0
      vertex 101.126 56.7199 0
    endloop
  endfacet
  facet normal -0.83205 0.5547 0
    outer loop
      vertex 102.389 57.1485 0
      vertex 102.476 57.279 2
      vertex 102.476 57.279 0
    endloop
  endfacet
  facet normal -0.83205 0.5547 0
    outer loop
      vertex 102.476 57.279 2
      vertex 102.389 57.1485 0
      vertex 102.389 57.1485 2
    endloop
  endfacet
  facet normal 0.322361 -0.946617 0
    outer loop
      vertex 100.978 58.9877 0
      vertex 101.126 59.0381 2
      vertex 100.978 58.9877 2
    endloop
  endfacet
  facet normal 0.322361 -0.946617 0
    outer loop
      vertex 101.126 59.0381 2
      vertex 100.978 58.9877 0
      vertex 101.126 59.0381 0
    endloop
  endfacet
  facet normal -0.997967 0.0637272 0
    outer loop
      vertex 102.627 57.7224 0
      vertex 102.637 57.879 2
      vertex 102.637 57.879 0
    endloop
  endfacet
  facet normal -0.997967 0.0637272 0
    outer loop
      vertex 102.637 57.879 2
      vertex 102.627 57.7224 0
      vertex 102.627 57.7224 2
    endloop
  endfacet
  facet normal -0.980335 0.19734 0
    outer loop
      vertex 102.596 57.5684 0
      vertex 102.627 57.7224 2
      vertex 102.627 57.7224 0
    endloop
  endfacet
  facet normal -0.980335 0.19734 0
    outer loop
      vertex 102.627 57.7224 2
      vertex 102.596 57.5684 0
      vertex 102.596 57.5684 2
    endloop
  endfacet
  facet normal -0.0654644 0.997855 0
    outer loop
      vertex 101.594 56.6893 0
      vertex 101.437 56.679 2
      vertex 101.594 56.6893 2
    endloop
  endfacet
  facet normal -0.0654644 0.997855 0
    outer loop
      vertex 101.437 56.679 2
      vertex 101.594 56.6893 0
      vertex 101.437 56.679 0
    endloop
  endfacet
  facet normal -0.659406 -0.751787 0
    outer loop
      vertex 102.168 58.831 0
      vertex 102.286 58.7275 2
      vertex 102.168 58.831 2
    endloop
  endfacet
  facet normal -0.659406 -0.751787 -0
    outer loop
      vertex 102.286 58.7275 2
      vertex 102.168 58.831 0
      vertex 102.286 58.7275 0
    endloop
  endfacet
  facet normal -0.753367 0.6576 0
    outer loop
      vertex 102.286 57.0305 0
      vertex 102.389 57.1485 2
      vertex 102.389 57.1485 0
    endloop
  endfacet
  facet normal -0.753367 0.6576 0
    outer loop
      vertex 102.389 57.1485 2
      vertex 102.286 57.0305 0
      vertex 102.286 57.0305 2
    endloop
  endfacet
  facet normal 0.895442 0.445177 0
    outer loop
      vertex 100.398 57.279 2
      vertex 100.328 57.4198 0
      vertex 100.328 57.4198 2
    endloop
  endfacet
  facet normal 0.895442 0.445177 0
    outer loop
      vertex 100.328 57.4198 0
      vertex 100.398 57.279 2
      vertex 100.398 57.279 0
    endloop
  endfacet
  facet normal 0.947787 -0.318905 0
    outer loop
      vertex 100.278 58.1896 2
      vertex 100.328 58.3382 0
      vertex 100.328 58.3382 2
    endloop
  endfacet
  facet normal 0.947787 -0.318905 0
    outer loop
      vertex 100.328 58.3382 0
      vertex 100.278 58.1896 2
      vertex 100.278 58.1896 0
    endloop
  endfacet
  facet normal 0.750209 0.661201 0
    outer loop
      vertex 100.589 57.0305 2
      vertex 100.485 57.1485 0
      vertex 100.485 57.1485 2
    endloop
  endfacet
  facet normal 0.750209 0.661201 0
    outer loop
      vertex 100.485 57.1485 0
      vertex 100.589 57.0305 2
      vertex 100.589 57.0305 0
    endloop
  endfacet
  facet normal 0.0654644 -0.997855 0
    outer loop
      vertex 101.28 59.0687 0
      vertex 101.437 59.079 2
      vertex 101.28 59.0687 2
    endloop
  endfacet
  facet normal 0.0654644 -0.997855 0
    outer loop
      vertex 101.437 59.079 2
      vertex 101.28 59.0687 0
      vertex 101.437 59.079 0
    endloop
  endfacet
  facet normal 0.659406 -0.751787 0
    outer loop
      vertex 100.589 58.7275 0
      vertex 100.707 58.831 2
      vertex 100.589 58.7275 2
    endloop
  endfacet
  facet normal 0.659406 -0.751787 0
    outer loop
      vertex 100.707 58.831 2
      vertex 100.589 58.7275 0
      vertex 100.707 58.831 0
    endloop
  endfacet
  facet normal 0.0654644 0.997855 -0
    outer loop
      vertex 101.437 56.679 0
      vertex 101.28 56.6893 2
      vertex 101.437 56.679 2
    endloop
  endfacet
  facet normal 0.0654644 0.997855 0
    outer loop
      vertex 101.28 56.6893 2
      vertex 101.437 56.679 0
      vertex 101.28 56.6893 0
    endloop
  endfacet
  facet normal 0.980335 0.19734 0
    outer loop
      vertex 100.278 57.5684 2
      vertex 100.247 57.7224 0
      vertex 100.247 57.7224 2
    endloop
  endfacet
  facet normal 0.980335 0.19734 0
    outer loop
      vertex 100.247 57.7224 0
      vertex 100.278 57.5684 2
      vertex 100.278 57.5684 0
    endloop
  endfacet
  facet normal 0.83205 -0.5547 0
    outer loop
      vertex 100.398 58.479 2
      vertex 100.485 58.6095 0
      vertex 100.485 58.6095 2
    endloop
  endfacet
  facet normal 0.83205 -0.5547 0
    outer loop
      vertex 100.485 58.6095 0
      vertex 100.398 58.479 2
      vertex 100.398 58.479 0
    endloop
  endfacet
  facet normal 0.659406 0.751787 -0
    outer loop
      vertex 100.707 56.927 0
      vertex 100.589 57.0305 2
      vertex 100.707 56.927 2
    endloop
  endfacet
  facet normal 0.659406 0.751787 0
    outer loop
      vertex 100.589 57.0305 2
      vertex 100.707 56.927 0
      vertex 100.589 57.0305 0
    endloop
  endfacet
  facet normal 0.895442 -0.445177 0
    outer loop
      vertex 100.328 58.3382 2
      vertex 100.398 58.479 0
      vertex 100.398 58.479 2
    endloop
  endfacet
  facet normal 0.895442 -0.445177 0
    outer loop
      vertex 100.398 58.479 0
      vertex 100.328 58.3382 2
      vertex 100.328 58.3382 0
    endloop
  endfacet
  facet normal -0.194891 -0.980825 0
    outer loop
      vertex 101.594 59.0687 0
      vertex 101.748 59.0381 2
      vertex 101.594 59.0687 2
    endloop
  endfacet
  facet normal -0.194891 -0.980825 -0
    outer loop
      vertex 101.748 59.0381 2
      vertex 101.594 59.0687 0
      vertex 101.748 59.0381 0
    endloop
  endfacet
  facet normal 0.947787 0.318905 0
    outer loop
      vertex 100.328 57.4198 2
      vertex 100.278 57.5684 0
      vertex 100.278 57.5684 2
    endloop
  endfacet
  facet normal 0.947787 0.318905 0
    outer loop
      vertex 100.278 57.5684 0
      vertex 100.328 57.4198 2
      vertex 100.328 57.4198 0
    endloop
  endfacet
  facet normal -0.0654644 -0.997855 0
    outer loop
      vertex 126.916 19.015 0
      vertex 127.073 19.0047 2
      vertex 126.916 19.015 2
    endloop
  endfacet
  facet normal -0.0654644 -0.997855 -0
    outer loop
      vertex 127.073 19.0047 2
      vertex 126.916 19.015 0
      vertex 127.073 19.0047 0
    endloop
  endfacet
  facet normal -0.895442 0.445177 0
    outer loop
      vertex 127.955 17.215 0
      vertex 128.025 17.3558 2
      vertex 128.025 17.3558 0
    endloop
  endfacet
  facet normal -0.895442 0.445177 0
    outer loop
      vertex 128.025 17.3558 2
      vertex 127.955 17.215 0
      vertex 127.955 17.215 2
    endloop
  endfacet
  facet normal -0.980335 -0.19734 0
    outer loop
      vertex 128.106 17.9716 0
      vertex 128.075 18.1256 2
      vertex 128.075 18.1256 0
    endloop
  endfacet
  facet normal -0.980335 -0.19734 0
    outer loop
      vertex 128.075 18.1256 2
      vertex 128.106 17.9716 0
      vertex 128.106 17.9716 2
    endloop
  endfacet
  facet normal -0.997967 -0.0637272 0
    outer loop
      vertex 128.116 17.815 0
      vertex 128.106 17.9716 2
      vertex 128.106 17.9716 0
    endloop
  endfacet
  facet normal -0.997967 -0.0637272 0
    outer loop
      vertex 128.106 17.9716 2
      vertex 128.116 17.815 0
      vertex 128.116 17.815 2
    endloop
  endfacet
  facet normal -0.947787 -0.318905 0
    outer loop
      vertex 128.075 18.1256 0
      vertex 128.025 18.2742 2
      vertex 128.025 18.2742 0
    endloop
  endfacet
  facet normal -0.947787 -0.318905 0
    outer loop
      vertex 128.025 18.2742 2
      vertex 128.075 18.1256 0
      vertex 128.075 18.1256 2
    endloop
  endfacet
  facet normal -0.0654644 0.997855 0
    outer loop
      vertex 127.073 16.6253 0
      vertex 126.916 16.615 2
      vertex 127.073 16.6253 2
    endloop
  endfacet
  facet normal -0.0654644 0.997855 0
    outer loop
      vertex 126.916 16.615 2
      vertex 127.073 16.6253 0
      vertex 126.916 16.615 0
    endloop
  endfacet
  facet normal 0.980335 -0.19734 0
    outer loop
      vertex 125.726 17.9716 2
      vertex 125.757 18.1256 0
      vertex 125.757 18.1256 2
    endloop
  endfacet
  facet normal 0.980335 -0.19734 0
    outer loop
      vertex 125.757 18.1256 0
      vertex 125.726 17.9716 2
      vertex 125.726 17.9716 0
    endloop
  endfacet
  facet normal -0.442117 0.896957 0
    outer loop
      vertex 127.516 16.7758 0
      vertex 127.375 16.7063 2
      vertex 127.516 16.7758 2
    endloop
  endfacet
  facet normal -0.442117 0.896957 0
    outer loop
      vertex 127.375 16.7063 2
      vertex 127.516 16.7758 0
      vertex 127.375 16.7063 0
    endloop
  endfacet
  facet normal 0.83205 0.5547 0
    outer loop
      vertex 125.964 17.0845 2
      vertex 125.877 17.215 0
      vertex 125.877 17.215 2
    endloop
  endfacet
  facet normal 0.83205 0.5547 0
    outer loop
      vertex 125.877 17.215 0
      vertex 125.964 17.0845 2
      vertex 125.964 17.0845 0
    endloop
  endfacet
  facet normal 0.659406 -0.751787 0
    outer loop
      vertex 126.068 18.6635 0
      vertex 126.186 18.767 2
      vertex 126.068 18.6635 2
    endloop
  endfacet
  facet normal 0.659406 -0.751787 0
    outer loop
      vertex 126.186 18.767 2
      vertex 126.068 18.6635 0
      vertex 126.186 18.767 0
    endloop
  endfacet
  facet normal 0.980335 0.19734 0
    outer loop
      vertex 125.757 17.5044 2
      vertex 125.726 17.6584 0
      vertex 125.726 17.6584 2
    endloop
  endfacet
  facet normal 0.980335 0.19734 0
    outer loop
      vertex 125.726 17.6584 0
      vertex 125.757 17.5044 2
      vertex 125.757 17.5044 0
    endloop
  endfacet
  facet normal 0.442117 0.896957 -0
    outer loop
      vertex 126.457 16.7063 0
      vertex 126.316 16.7758 2
      vertex 126.457 16.7063 2
    endloop
  endfacet
  facet normal 0.442117 0.896957 0
    outer loop
      vertex 126.316 16.7758 2
      vertex 126.457 16.7063 0
      vertex 126.316 16.7758 0
    endloop
  endfacet
  facet normal 0.659406 0.751787 -0
    outer loop
      vertex 126.186 16.863 0
      vertex 126.068 16.9665 2
      vertex 126.186 16.863 2
    endloop
  endfacet
  facet normal 0.659406 0.751787 0
    outer loop
      vertex 126.068 16.9665 2
      vertex 126.186 16.863 0
      vertex 126.068 16.9665 0
    endloop
  endfacet
  facet normal 0.0654644 0.997855 -0
    outer loop
      vertex 126.916 16.615 0
      vertex 126.759 16.6253 2
      vertex 126.916 16.615 2
    endloop
  endfacet
  facet normal 0.0654644 0.997855 0
    outer loop
      vertex 126.759 16.6253 2
      vertex 126.916 16.615 0
      vertex 126.759 16.6253 0
    endloop
  endfacet
  facet normal 0.194891 -0.980825 0
    outer loop
      vertex 126.605 18.9741 0
      vertex 126.759 19.0047 2
      vertex 126.605 18.9741 2
    endloop
  endfacet
  facet normal 0.194891 -0.980825 0
    outer loop
      vertex 126.759 19.0047 2
      vertex 126.605 18.9741 0
      vertex 126.759 19.0047 0
    endloop
  endfacet
  facet normal 0.322361 -0.946617 0
    outer loop
      vertex 126.457 18.9237 0
      vertex 126.605 18.9741 2
      vertex 126.457 18.9237 2
    endloop
  endfacet
  facet normal 0.322361 -0.946617 0
    outer loop
      vertex 126.605 18.9741 2
      vertex 126.457 18.9237 0
      vertex 126.605 18.9741 0
    endloop
  endfacet
  facet normal -0.194891 0.980825 0
    outer loop
      vertex 127.227 16.6559 0
      vertex 127.073 16.6253 2
      vertex 127.227 16.6559 2
    endloop
  endfacet
  facet normal -0.194891 0.980825 0
    outer loop
      vertex 127.073 16.6253 2
      vertex 127.227 16.6559 0
      vertex 127.073 16.6253 0
    endloop
  endfacet
  facet normal -0.83205 0.5547 0
    outer loop
      vertex 127.868 17.0845 0
      vertex 127.955 17.215 2
      vertex 127.955 17.215 0
    endloop
  endfacet
  facet normal -0.83205 0.5547 0
    outer loop
      vertex 127.955 17.215 2
      vertex 127.868 17.0845 0
      vertex 127.868 17.0845 2
    endloop
  endfacet
  facet normal -0.322361 0.946617 0
    outer loop
      vertex 127.375 16.7063 0
      vertex 127.227 16.6559 2
      vertex 127.375 16.7063 2
    endloop
  endfacet
  facet normal -0.322361 0.946617 0
    outer loop
      vertex 127.227 16.6559 2
      vertex 127.375 16.7063 0
      vertex 127.227 16.6559 0
    endloop
  endfacet
  facet normal -0.322361 -0.946617 0
    outer loop
      vertex 127.227 18.9741 0
      vertex 127.375 18.9237 2
      vertex 127.227 18.9741 2
    endloop
  endfacet
  facet normal -0.322361 -0.946617 -0
    outer loop
      vertex 127.375 18.9237 2
      vertex 127.227 18.9741 0
      vertex 127.375 18.9237 0
    endloop
  endfacet
  facet normal -0.997967 0.0637272 0
    outer loop
      vertex 128.106 17.6584 0
      vertex 128.116 17.815 2
      vertex 128.116 17.815 0
    endloop
  endfacet
  facet normal -0.997967 0.0637272 0
    outer loop
      vertex 128.116 17.815 2
      vertex 128.106 17.6584 0
      vertex 128.106 17.6584 2
    endloop
  endfacet
  facet normal -0.659406 -0.751787 0
    outer loop
      vertex 127.647 18.767 0
      vertex 127.765 18.6635 2
      vertex 127.647 18.767 2
    endloop
  endfacet
  facet normal -0.659406 -0.751787 -0
    outer loop
      vertex 127.765 18.6635 2
      vertex 127.647 18.767 0
      vertex 127.765 18.6635 0
    endloop
  endfacet
  facet normal 0.442117 -0.896957 0
    outer loop
      vertex 126.316 18.8542 0
      vertex 126.457 18.9237 2
      vertex 126.316 18.8542 2
    endloop
  endfacet
  facet normal 0.442117 -0.896957 0
    outer loop
      vertex 126.457 18.9237 2
      vertex 126.316 18.8542 0
      vertex 126.457 18.9237 0
    endloop
  endfacet
  facet normal 0.322361 0.946617 -0
    outer loop
      vertex 126.605 16.6559 0
      vertex 126.457 16.7063 2
      vertex 126.605 16.6559 2
    endloop
  endfacet
  facet normal 0.322361 0.946617 0
    outer loop
      vertex 126.457 16.7063 2
      vertex 126.605 16.6559 0
      vertex 126.457 16.7063 0
    endloop
  endfacet
  facet normal 0.947787 0.318905 0
    outer loop
      vertex 125.807 17.3558 2
      vertex 125.757 17.5044 0
      vertex 125.757 17.5044 2
    endloop
  endfacet
  facet normal 0.947787 0.318905 0
    outer loop
      vertex 125.757 17.5044 0
      vertex 125.807 17.3558 2
      vertex 125.807 17.3558 0
    endloop
  endfacet
  facet normal 0.895442 -0.445177 0
    outer loop
      vertex 125.807 18.2742 2
      vertex 125.877 18.415 0
      vertex 125.877 18.415 2
    endloop
  endfacet
  facet normal 0.895442 -0.445177 0
    outer loop
      vertex 125.877 18.415 0
      vertex 125.807 18.2742 2
      vertex 125.807 18.2742 0
    endloop
  endfacet
  facet normal -0.442117 -0.896957 0
    outer loop
      vertex 127.375 18.9237 0
      vertex 127.516 18.8542 2
      vertex 127.375 18.9237 2
    endloop
  endfacet
  facet normal -0.442117 -0.896957 -0
    outer loop
      vertex 127.516 18.8542 2
      vertex 127.375 18.9237 0
      vertex 127.516 18.8542 0
    endloop
  endfacet
  facet normal -0.753367 -0.6576 0
    outer loop
      vertex 127.868 18.5455 0
      vertex 127.765 18.6635 2
      vertex 127.765 18.6635 0
    endloop
  endfacet
  facet normal -0.753367 -0.6576 0
    outer loop
      vertex 127.765 18.6635 2
      vertex 127.868 18.5455 0
      vertex 127.868 18.5455 2
    endloop
  endfacet
  facet normal 0.0654644 -0.997855 0
    outer loop
      vertex 126.759 19.0047 0
      vertex 126.916 19.015 2
      vertex 126.759 19.0047 2
    endloop
  endfacet
  facet normal 0.0654644 -0.997855 0
    outer loop
      vertex 126.916 19.015 2
      vertex 126.759 19.0047 0
      vertex 126.916 19.015 0
    endloop
  endfacet
  facet normal 0.997967 -0.0637272 0
    outer loop
      vertex 125.716 17.815 2
      vertex 125.726 17.9716 0
      vertex 125.726 17.9716 2
    endloop
  endfacet
  facet normal 0.997967 -0.0637272 0
    outer loop
      vertex 125.726 17.9716 0
      vertex 125.716 17.815 2
      vertex 125.716 17.815 0
    endloop
  endfacet
  facet normal 0.83205 -0.5547 0
    outer loop
      vertex 125.877 18.415 2
      vertex 125.964 18.5455 0
      vertex 125.964 18.5455 2
    endloop
  endfacet
  facet normal 0.83205 -0.5547 0
    outer loop
      vertex 125.964 18.5455 0
      vertex 125.877 18.415 2
      vertex 125.877 18.415 0
    endloop
  endfacet
  facet normal -0.895442 -0.445177 0
    outer loop
      vertex 128.025 18.2742 0
      vertex 127.955 18.415 2
      vertex 127.955 18.415 0
    endloop
  endfacet
  facet normal -0.895442 -0.445177 0
    outer loop
      vertex 127.955 18.415 2
      vertex 128.025 18.2742 0
      vertex 128.025 18.2742 2
    endloop
  endfacet
  facet normal -0.83205 -0.5547 0
    outer loop
      vertex 127.955 18.415 0
      vertex 127.868 18.5455 2
      vertex 127.868 18.5455 0
    endloop
  endfacet
  facet normal -0.83205 -0.5547 0
    outer loop
      vertex 127.868 18.5455 2
      vertex 127.955 18.415 0
      vertex 127.955 18.415 2
    endloop
  endfacet
  facet normal 0.895442 0.445177 0
    outer loop
      vertex 125.877 17.215 2
      vertex 125.807 17.3558 0
      vertex 125.807 17.3558 2
    endloop
  endfacet
  facet normal 0.895442 0.445177 0
    outer loop
      vertex 125.807 17.3558 0
      vertex 125.877 17.215 2
      vertex 125.877 17.215 0
    endloop
  endfacet
  facet normal 0.557057 -0.830474 0
    outer loop
      vertex 126.186 18.767 0
      vertex 126.316 18.8542 2
      vertex 126.186 18.767 2
    endloop
  endfacet
  facet normal 0.557057 -0.830474 0
    outer loop
      vertex 126.316 18.8542 2
      vertex 126.186 18.767 0
      vertex 126.316 18.8542 0
    endloop
  endfacet
  facet normal 0.750209 -0.661201 0
    outer loop
      vertex 125.964 18.5455 2
      vertex 126.068 18.6635 0
      vertex 126.068 18.6635 2
    endloop
  endfacet
  facet normal 0.750209 -0.661201 0
    outer loop
      vertex 126.068 18.6635 0
      vertex 125.964 18.5455 2
      vertex 125.964 18.5455 0
    endloop
  endfacet
  facet normal 0.557057 0.830474 -0
    outer loop
      vertex 126.316 16.7758 0
      vertex 126.186 16.863 2
      vertex 126.316 16.7758 2
    endloop
  endfacet
  facet normal 0.557057 0.830474 0
    outer loop
      vertex 126.186 16.863 2
      vertex 126.316 16.7758 0
      vertex 126.186 16.863 0
    endloop
  endfacet
  facet normal -0.554113 -0.832441 0
    outer loop
      vertex 127.516 18.8542 0
      vertex 127.647 18.767 2
      vertex 127.516 18.8542 2
    endloop
  endfacet
  facet normal -0.554113 -0.832441 -0
    outer loop
      vertex 127.647 18.767 2
      vertex 127.516 18.8542 0
      vertex 127.647 18.767 0
    endloop
  endfacet
  facet normal 0.947787 -0.318905 0
    outer loop
      vertex 125.757 18.1256 2
      vertex 125.807 18.2742 0
      vertex 125.807 18.2742 2
    endloop
  endfacet
  facet normal 0.947787 -0.318905 0
    outer loop
      vertex 125.807 18.2742 0
      vertex 125.757 18.1256 2
      vertex 125.757 18.1256 0
    endloop
  endfacet
  facet normal -0.753367 0.6576 0
    outer loop
      vertex 127.765 16.9665 0
      vertex 127.868 17.0845 2
      vertex 127.868 17.0845 0
    endloop
  endfacet
  facet normal -0.753367 0.6576 0
    outer loop
      vertex 127.868 17.0845 2
      vertex 127.765 16.9665 0
      vertex 127.765 16.9665 2
    endloop
  endfacet
  facet normal -0.947787 0.318905 0
    outer loop
      vertex 128.025 17.3558 0
      vertex 128.075 17.5044 2
      vertex 128.075 17.5044 0
    endloop
  endfacet
  facet normal -0.947787 0.318905 0
    outer loop
      vertex 128.075 17.5044 2
      vertex 128.025 17.3558 0
      vertex 128.025 17.3558 2
    endloop
  endfacet
  facet normal -0.980335 0.19734 0
    outer loop
      vertex 128.075 17.5044 0
      vertex 128.106 17.6584 2
      vertex 128.106 17.6584 0
    endloop
  endfacet
  facet normal -0.980335 0.19734 0
    outer loop
      vertex 128.106 17.6584 2
      vertex 128.075 17.5044 0
      vertex 128.075 17.5044 2
    endloop
  endfacet
  facet normal 0.194891 0.980825 -0
    outer loop
      vertex 126.759 16.6253 0
      vertex 126.605 16.6559 2
      vertex 126.759 16.6253 2
    endloop
  endfacet
  facet normal 0.194891 0.980825 0
    outer loop
      vertex 126.605 16.6559 2
      vertex 126.759 16.6253 0
      vertex 126.605 16.6559 0
    endloop
  endfacet
  facet normal 0.997967 0.0637272 0
    outer loop
      vertex 125.726 17.6584 2
      vertex 125.716 17.815 0
      vertex 125.716 17.815 2
    endloop
  endfacet
  facet normal 0.997967 0.0637272 0
    outer loop
      vertex 125.716 17.815 0
      vertex 125.726 17.6584 2
      vertex 125.726 17.6584 0
    endloop
  endfacet
  facet normal 0.750209 0.661201 0
    outer loop
      vertex 126.068 16.9665 2
      vertex 125.964 17.0845 0
      vertex 125.964 17.0845 2
    endloop
  endfacet
  facet normal 0.750209 0.661201 0
    outer loop
      vertex 125.964 17.0845 0
      vertex 126.068 16.9665 2
      vertex 126.068 16.9665 0
    endloop
  endfacet
  facet normal -0.194891 -0.980825 0
    outer loop
      vertex 127.073 19.0047 0
      vertex 127.227 18.9741 2
      vertex 127.073 19.0047 2
    endloop
  endfacet
  facet normal -0.194891 -0.980825 -0
    outer loop
      vertex 127.227 18.9741 2
      vertex 127.073 19.0047 0
      vertex 127.227 18.9741 0
    endloop
  endfacet
  facet normal -0.554113 0.832441 0
    outer loop
      vertex 127.647 16.863 0
      vertex 127.516 16.7758 2
      vertex 127.647 16.863 2
    endloop
  endfacet
  facet normal -0.554113 0.832441 0
    outer loop
      vertex 127.516 16.7758 2
      vertex 127.647 16.863 0
      vertex 127.516 16.7758 0
    endloop
  endfacet
  facet normal -0.659406 0.751787 0
    outer loop
      vertex 127.765 16.9665 0
      vertex 127.647 16.863 2
      vertex 127.765 16.9665 2
    endloop
  endfacet
  facet normal -0.659406 0.751787 0
    outer loop
      vertex 127.647 16.863 2
      vertex 127.765 16.9665 0
      vertex 127.647 16.863 0
    endloop
  endfacet
  facet normal -0.83259 -0.553889 0
    outer loop
      vertex 163.671 6.55966 0
      vertex 163.548 6.74455 2
      vertex 163.548 6.74455 0
    endloop
  endfacet
  facet normal -0.83259 -0.553889 0
    outer loop
      vertex 163.548 6.74455 2
      vertex 163.671 6.55966 0
      vertex 163.671 6.55966 2
    endloop
  endfacet
  facet normal -0.981113 -0.193434 0
    outer loop
      vertex 163.884 5.93155 0
      vertex 163.841 6.14965 2
      vertex 163.841 6.14965 0
    endloop
  endfacet
  facet normal -0.981113 -0.193434 0
    outer loop
      vertex 163.841 6.14965 2
      vertex 163.884 5.93155 0
      vertex 163.884 5.93155 2
    endloop
  endfacet
  facet normal -0.0653555 -0.997862 0
    outer loop
      vertex 162.199 7.40966 0
      vertex 162.421 7.39512 2
      vertex 162.199 7.40966 2
    endloop
  endfacet
  facet normal -0.0653555 -0.997862 -0
    outer loop
      vertex 162.421 7.39512 2
      vertex 162.199 7.40966 0
      vertex 162.421 7.39512 0
    endloop
  endfacet
  facet normal -0.195164 0.980771 0
    outer loop
      vertex 162.639 4.06758 0
      vertex 162.421 4.0242 2
      vertex 162.639 4.06758 2
    endloop
  endfacet
  facet normal -0.195164 0.980771 0
    outer loop
      vertex 162.421 4.0242 2
      vertex 162.639 4.06758 0
      vertex 162.421 4.0242 0
    endloop
  endfacet
  facet normal -0.4431 0.896472 0
    outer loop
      vertex 163.049 4.23742 0
      vertex 162.85 4.13906 2
      vertex 163.049 4.23742 2
    endloop
  endfacet
  facet normal -0.4431 0.896472 0
    outer loop
      vertex 162.85 4.13906 2
      vertex 163.049 4.23742 0
      vertex 162.85 4.13906 0
    endloop
  endfacet
  facet normal 0.981112 0.193442 0
    outer loop
      vertex 160.557 5.26967 2
      vertex 160.514 5.48776 0
      vertex 160.514 5.48776 2
    endloop
  endfacet
  facet normal 0.981112 0.193442 0
    outer loop
      vertex 160.514 5.48776 0
      vertex 160.557 5.26967 2
      vertex 160.557 5.26967 0
    endloop
  endfacet
  facet normal -0.947584 -0.319506 0
    outer loop
      vertex 163.841 6.14965 0
      vertex 163.77 6.36022 2
      vertex 163.77 6.36022 0
    endloop
  endfacet
  facet normal -0.947584 -0.319506 0
    outer loop
      vertex 163.77 6.36022 2
      vertex 163.841 6.14965 0
      vertex 163.841 6.14965 2
    endloop
  endfacet
  facet normal -0.443064 -0.89649 0
    outer loop
      vertex 162.85 7.28025 0
      vertex 163.049 7.1819 2
      vertex 162.85 7.28025 2
    endloop
  endfacet
  facet normal -0.443064 -0.89649 -0
    outer loop
      vertex 163.049 7.1819 2
      vertex 162.85 7.28025 0
      vertex 163.049 7.1819 0
    endloop
  endfacet
  facet normal -0.659765 0.751472 0
    outer loop
      vertex 163.401 4.50758 0
      vertex 163.234 4.36096 2
      vertex 163.401 4.50758 2
    endloop
  endfacet
  facet normal -0.659765 0.751472 0
    outer loop
      vertex 163.234 4.36096 2
      vertex 163.401 4.50758 0
      vertex 163.234 4.36096 0
    endloop
  endfacet
  facet normal -0.320856 0.947128 0
    outer loop
      vertex 162.85 4.13906 0
      vertex 162.639 4.06758 2
      vertex 162.85 4.13906 2
    endloop
  endfacet
  facet normal -0.320856 0.947128 0
    outer loop
      vertex 162.639 4.06758 2
      vertex 162.85 4.13906 0
      vertex 162.639 4.06758 0
    endloop
  endfacet
  facet normal -0.659765 -0.751472 0
    outer loop
      vertex 163.234 7.05836 0
      vertex 163.401 6.91174 2
      vertex 163.234 7.05836 2
    endloop
  endfacet
  facet normal -0.659765 -0.751472 -0
    outer loop
      vertex 163.401 6.91174 2
      vertex 163.234 7.05836 0
      vertex 163.401 6.91174 0
    endloop
  endfacet
  facet normal -0.750997 -0.660306 0
    outer loop
      vertex 163.548 6.74455 0
      vertex 163.401 6.91174 2
      vertex 163.401 6.91174 0
    endloop
  endfacet
  facet normal -0.750997 -0.660306 0
    outer loop
      vertex 163.401 6.91174 2
      vertex 163.548 6.74455 0
      vertex 163.548 6.74455 2
    endloop
  endfacet
  facet normal -0.750977 0.660328 0
    outer loop
      vertex 163.401 4.50758 0
      vertex 163.548 4.67476 2
      vertex 163.548 4.67476 0
    endloop
  endfacet
  facet normal -0.750977 0.660328 0
    outer loop
      vertex 163.548 4.67476 2
      vertex 163.401 4.50758 0
      vertex 163.401 4.50758 2
    endloop
  endfacet
  facet normal -0.832604 0.553869 0
    outer loop
      vertex 163.548 4.67476 0
      vertex 163.671 4.85966 2
      vertex 163.671 4.85966 0
    endloop
  endfacet
  facet normal -0.832604 0.553869 0
    outer loop
      vertex 163.671 4.85966 2
      vertex 163.548 4.67476 0
      vertex 163.548 4.67476 2
    endloop
  endfacet
  facet normal -0.997723 -0.0674471 0
    outer loop
      vertex 163.899 5.70966 0
      vertex 163.884 5.93155 2
      vertex 163.884 5.93155 0
    endloop
  endfacet
  facet normal -0.997723 -0.0674471 0
    outer loop
      vertex 163.884 5.93155 2
      vertex 163.899 5.70966 0
      vertex 163.899 5.70966 2
    endloop
  endfacet
  facet normal 0.320856 0.947128 -0
    outer loop
      vertex 161.759 4.06758 0
      vertex 161.548 4.13906 2
      vertex 161.759 4.06758 2
    endloop
  endfacet
  facet normal 0.320856 0.947128 0
    outer loop
      vertex 161.548 4.13906 2
      vertex 161.759 4.06758 0
      vertex 161.548 4.13906 0
    endloop
  endfacet
  facet normal -0.947584 0.319506 0
    outer loop
      vertex 163.77 5.0591 0
      vertex 163.841 5.26967 2
      vertex 163.841 5.26967 0
    endloop
  endfacet
  facet normal -0.947584 0.319506 0
    outer loop
      vertex 163.841 5.26967 2
      vertex 163.77 5.0591 0
      vertex 163.77 5.0591 2
    endloop
  endfacet
  facet normal 0.83259 -0.553889 0
    outer loop
      vertex 160.727 6.55966 2
      vertex 160.85 6.74455 0
      vertex 160.85 6.74455 2
    endloop
  endfacet
  facet normal 0.83259 -0.553889 0
    outer loop
      vertex 160.85 6.74455 0
      vertex 160.727 6.55966 2
      vertex 160.727 6.55966 0
    endloop
  endfacet
  facet normal 0.0653555 0.997862 -0
    outer loop
      vertex 162.199 4.00966 0
      vertex 161.977 4.0242 2
      vertex 162.199 4.00966 2
    endloop
  endfacet
  facet normal 0.0653555 0.997862 0
    outer loop
      vertex 161.977 4.0242 2
      vertex 162.199 4.00966 0
      vertex 161.977 4.0242 0
    endloop
  endfacet
  facet normal -0.555343 -0.831621 0
    outer loop
      vertex 163.049 7.1819 0
      vertex 163.234 7.05836 2
      vertex 163.049 7.1819 2
    endloop
  endfacet
  facet normal -0.555343 -0.831621 -0
    outer loop
      vertex 163.234 7.05836 2
      vertex 163.049 7.1819 0
      vertex 163.234 7.05836 0
    endloop
  endfacet
  facet normal 0.195208 -0.980762 0
    outer loop
      vertex 161.759 7.35173 0
      vertex 161.977 7.39512 2
      vertex 161.759 7.35173 2
    endloop
  endfacet
  facet normal 0.195208 -0.980762 0
    outer loop
      vertex 161.977 7.39512 2
      vertex 161.759 7.35173 0
      vertex 161.977 7.39512 0
    endloop
  endfacet
  facet normal -0.997723 0.0674441 0
    outer loop
      vertex 163.884 5.48776 0
      vertex 163.899 5.70966 2
      vertex 163.899 5.70966 0
    endloop
  endfacet
  facet normal -0.997723 0.0674441 0
    outer loop
      vertex 163.899 5.70966 2
      vertex 163.884 5.48776 0
      vertex 163.884 5.48776 2
    endloop
  endfacet
  facet normal 0.320856 -0.947128 0
    outer loop
      vertex 161.548 7.28025 0
      vertex 161.759 7.35173 2
      vertex 161.548 7.28025 2
    endloop
  endfacet
  facet normal 0.320856 -0.947128 0
    outer loop
      vertex 161.759 7.35173 2
      vertex 161.548 7.28025 0
      vertex 161.759 7.35173 0
    endloop
  endfacet
  facet normal 0.895717 -0.444625 0
    outer loop
      vertex 160.628 6.36022 2
      vertex 160.727 6.55966 0
      vertex 160.727 6.55966 2
    endloop
  endfacet
  facet normal 0.895717 -0.444625 0
    outer loop
      vertex 160.727 6.55966 0
      vertex 160.628 6.36022 2
      vertex 160.628 6.36022 0
    endloop
  endfacet
  facet normal 0.997723 0.0674441 0
    outer loop
      vertex 160.514 5.48776 2
      vertex 160.499 5.70966 0
      vertex 160.499 5.70966 2
    endloop
  endfacet
  facet normal 0.997723 0.0674441 0
    outer loop
      vertex 160.499 5.70966 0
      vertex 160.514 5.48776 2
      vertex 160.514 5.48776 0
    endloop
  endfacet
  facet normal 0.443064 -0.89649 0
    outer loop
      vertex 161.349 7.1819 0
      vertex 161.548 7.28025 2
      vertex 161.349 7.1819 2
    endloop
  endfacet
  facet normal 0.443064 -0.89649 0
    outer loop
      vertex 161.548 7.28025 2
      vertex 161.349 7.1819 0
      vertex 161.548 7.28025 0
    endloop
  endfacet
  facet normal 0.750997 -0.660306 0
    outer loop
      vertex 160.85 6.74455 2
      vertex 160.997 6.91174 0
      vertex 160.997 6.91174 2
    endloop
  endfacet
  facet normal 0.750997 -0.660306 0
    outer loop
      vertex 160.997 6.91174 0
      vertex 160.85 6.74455 2
      vertex 160.85 6.74455 0
    endloop
  endfacet
  facet normal 0.895717 0.444625 0
    outer loop
      vertex 160.727 4.85966 2
      vertex 160.628 5.0591 0
      vertex 160.628 5.0591 2
    endloop
  endfacet
  facet normal 0.895717 0.444625 0
    outer loop
      vertex 160.628 5.0591 0
      vertex 160.727 4.85966 2
      vertex 160.727 4.85966 0
    endloop
  endfacet
  facet normal -0.981112 0.193442 0
    outer loop
      vertex 163.841 5.26967 0
      vertex 163.884 5.48776 2
      vertex 163.884 5.48776 0
    endloop
  endfacet
  facet normal -0.981112 0.193442 0
    outer loop
      vertex 163.884 5.48776 2
      vertex 163.841 5.26967 0
      vertex 163.841 5.26967 2
    endloop
  endfacet
  facet normal 0.750977 0.660328 0
    outer loop
      vertex 160.997 4.50758 2
      vertex 160.85 4.67476 0
      vertex 160.85 4.67476 2
    endloop
  endfacet
  facet normal 0.750977 0.660328 0
    outer loop
      vertex 160.85 4.67476 0
      vertex 160.997 4.50758 2
      vertex 160.997 4.50758 0
    endloop
  endfacet
  facet normal 0.832604 0.553869 0
    outer loop
      vertex 160.85 4.67476 2
      vertex 160.727 4.85966 0
      vertex 160.727 4.85966 2
    endloop
  endfacet
  facet normal 0.832604 0.553869 0
    outer loop
      vertex 160.727 4.85966 0
      vertex 160.85 4.67476 2
      vertex 160.85 4.67476 0
    endloop
  endfacet
  facet normal -0.895717 0.444625 0
    outer loop
      vertex 163.671 4.85966 0
      vertex 163.77 5.0591 2
      vertex 163.77 5.0591 0
    endloop
  endfacet
  facet normal -0.895717 0.444625 0
    outer loop
      vertex 163.77 5.0591 2
      vertex 163.671 4.85966 0
      vertex 163.671 4.85966 2
    endloop
  endfacet
  facet normal -0.895717 -0.444625 0
    outer loop
      vertex 163.77 6.36022 0
      vertex 163.671 6.55966 2
      vertex 163.671 6.55966 0
    endloop
  endfacet
  facet normal -0.895717 -0.444625 0
    outer loop
      vertex 163.671 6.55966 2
      vertex 163.77 6.36022 0
      vertex 163.77 6.36022 2
    endloop
  endfacet
  facet normal -0.555343 0.831621 0
    outer loop
      vertex 163.234 4.36096 0
      vertex 163.049 4.23742 2
      vertex 163.234 4.36096 2
    endloop
  endfacet
  facet normal -0.555343 0.831621 0
    outer loop
      vertex 163.049 4.23742 2
      vertex 163.234 4.36096 0
      vertex 163.049 4.23742 0
    endloop
  endfacet
  facet normal 0.659765 0.751472 -0
    outer loop
      vertex 161.164 4.36096 0
      vertex 160.997 4.50758 2
      vertex 161.164 4.36096 2
    endloop
  endfacet
  facet normal 0.659765 0.751472 0
    outer loop
      vertex 160.997 4.50758 2
      vertex 161.164 4.36096 0
      vertex 160.997 4.50758 0
    endloop
  endfacet
  facet normal 0.947584 0.319506 0
    outer loop
      vertex 160.628 5.0591 2
      vertex 160.557 5.26967 0
      vertex 160.557 5.26967 2
    endloop
  endfacet
  facet normal 0.947584 0.319506 0
    outer loop
      vertex 160.557 5.26967 0
      vertex 160.628 5.0591 2
      vertex 160.628 5.0591 0
    endloop
  endfacet
  facet normal 0.981113 -0.193434 0
    outer loop
      vertex 160.514 5.93155 2
      vertex 160.557 6.14965 0
      vertex 160.557 6.14965 2
    endloop
  endfacet
  facet normal 0.981113 -0.193434 0
    outer loop
      vertex 160.557 6.14965 0
      vertex 160.514 5.93155 2
      vertex 160.514 5.93155 0
    endloop
  endfacet
  facet normal 0.997723 -0.0674471 0
    outer loop
      vertex 160.499 5.70966 2
      vertex 160.514 5.93155 0
      vertex 160.514 5.93155 2
    endloop
  endfacet
  facet normal 0.997723 -0.0674471 0
    outer loop
      vertex 160.514 5.93155 0
      vertex 160.499 5.70966 2
      vertex 160.499 5.70966 0
    endloop
  endfacet
  facet normal -0.320856 -0.947128 0
    outer loop
      vertex 162.639 7.35173 0
      vertex 162.85 7.28025 2
      vertex 162.639 7.35173 2
    endloop
  endfacet
  facet normal -0.320856 -0.947128 -0
    outer loop
      vertex 162.85 7.28025 2
      vertex 162.639 7.35173 0
      vertex 162.85 7.28025 0
    endloop
  endfacet
  facet normal 0.659765 -0.751472 0
    outer loop
      vertex 160.997 6.91174 0
      vertex 161.164 7.05836 2
      vertex 160.997 6.91174 2
    endloop
  endfacet
  facet normal 0.659765 -0.751472 0
    outer loop
      vertex 161.164 7.05836 2
      vertex 160.997 6.91174 0
      vertex 161.164 7.05836 0
    endloop
  endfacet
  facet normal -0.195208 -0.980762 0
    outer loop
      vertex 162.421 7.39512 0
      vertex 162.639 7.35173 2
      vertex 162.421 7.39512 2
    endloop
  endfacet
  facet normal -0.195208 -0.980762 -0
    outer loop
      vertex 162.639 7.35173 2
      vertex 162.421 7.39512 0
      vertex 162.639 7.35173 0
    endloop
  endfacet
  facet normal 0.195164 0.980771 -0
    outer loop
      vertex 161.977 4.0242 0
      vertex 161.759 4.06758 2
      vertex 161.977 4.0242 2
    endloop
  endfacet
  facet normal 0.195164 0.980771 0
    outer loop
      vertex 161.759 4.06758 2
      vertex 161.977 4.0242 0
      vertex 161.759 4.06758 0
    endloop
  endfacet
  facet normal 0.555343 -0.831621 0
    outer loop
      vertex 161.164 7.05836 0
      vertex 161.349 7.1819 2
      vertex 161.164 7.05836 2
    endloop
  endfacet
  facet normal 0.555343 -0.831621 0
    outer loop
      vertex 161.349 7.1819 2
      vertex 161.164 7.05836 0
      vertex 161.349 7.1819 0
    endloop
  endfacet
  facet normal 0.0653555 -0.997862 0
    outer loop
      vertex 161.977 7.39512 0
      vertex 162.199 7.40966 2
      vertex 161.977 7.39512 2
    endloop
  endfacet
  facet normal 0.0653555 -0.997862 0
    outer loop
      vertex 162.199 7.40966 2
      vertex 161.977 7.39512 0
      vertex 162.199 7.40966 0
    endloop
  endfacet
  facet normal -0.0653555 0.997862 0
    outer loop
      vertex 162.421 4.0242 0
      vertex 162.199 4.00966 2
      vertex 162.421 4.0242 2
    endloop
  endfacet
  facet normal -0.0653555 0.997862 0
    outer loop
      vertex 162.199 4.00966 2
      vertex 162.421 4.0242 0
      vertex 162.199 4.00966 0
    endloop
  endfacet
  facet normal 0.4431 0.896472 -0
    outer loop
      vertex 161.548 4.13906 0
      vertex 161.349 4.23742 2
      vertex 161.548 4.13906 2
    endloop
  endfacet
  facet normal 0.4431 0.896472 0
    outer loop
      vertex 161.349 4.23742 2
      vertex 161.548 4.13906 0
      vertex 161.349 4.23742 0
    endloop
  endfacet
  facet normal 0.555343 0.831621 -0
    outer loop
      vertex 161.349 4.23742 0
      vertex 161.164 4.36096 2
      vertex 161.349 4.23742 2
    endloop
  endfacet
  facet normal 0.555343 0.831621 0
    outer loop
      vertex 161.164 4.36096 2
      vertex 161.349 4.23742 0
      vertex 161.164 4.36096 0
    endloop
  endfacet
  facet normal 0.947584 -0.319506 0
    outer loop
      vertex 160.557 6.14965 2
      vertex 160.628 6.36022 0
      vertex 160.628 6.36022 2
    endloop
  endfacet
  facet normal 0.947584 -0.319506 0
    outer loop
      vertex 160.628 6.36022 0
      vertex 160.557 6.14965 2
      vertex 160.557 6.14965 0
    endloop
  endfacet
  facet normal -0.981113 -0.193434 0
    outer loop
      vertex 163.884 56.7029 0
      vertex 163.841 56.921 2
      vertex 163.841 56.921 0
    endloop
  endfacet
  facet normal -0.981113 -0.193434 0
    outer loop
      vertex 163.841 56.921 2
      vertex 163.884 56.7029 0
      vertex 163.884 56.7029 2
    endloop
  endfacet
  facet normal -0.997723 -0.0674441 0
    outer loop
      vertex 163.899 56.481 0
      vertex 163.884 56.7029 2
      vertex 163.884 56.7029 0
    endloop
  endfacet
  facet normal -0.997723 -0.0674441 0
    outer loop
      vertex 163.884 56.7029 2
      vertex 163.899 56.481 0
      vertex 163.899 56.481 2
    endloop
  endfacet
  facet normal -0.555219 -0.831704 0
    outer loop
      vertex 163.049 57.9532 0
      vertex 163.234 57.8297 2
      vertex 163.049 57.9532 2
    endloop
  endfacet
  facet normal -0.555219 -0.831704 -0
    outer loop
      vertex 163.234 57.8297 2
      vertex 163.049 57.9532 0
      vertex 163.234 57.8297 0
    endloop
  endfacet
  facet normal -0.065624 -0.997844 0
    outer loop
      vertex 162.199 58.181 0
      vertex 162.421 58.1664 2
      vertex 162.199 58.181 2
    endloop
  endfacet
  facet normal -0.065624 -0.997844 -0
    outer loop
      vertex 162.421 58.1664 2
      vertex 162.199 58.181 0
      vertex 162.421 58.1664 0
    endloop
  endfacet
  facet normal -0.832604 -0.553869 0
    outer loop
      vertex 163.671 57.331 0
      vertex 163.548 57.5159 2
      vertex 163.548 57.5159 0
    endloop
  endfacet
  facet normal -0.832604 -0.553869 0
    outer loop
      vertex 163.548 57.5159 2
      vertex 163.671 57.331 0
      vertex 163.671 57.331 2
    endloop
  endfacet
  facet normal 0.895681 -0.444696 0
    outer loop
      vertex 160.628 57.1316 2
      vertex 160.727 57.331 0
      vertex 160.727 57.331 2
    endloop
  endfacet
  facet normal 0.895681 -0.444696 0
    outer loop
      vertex 160.727 57.331 0
      vertex 160.628 57.1316 2
      vertex 160.628 57.1316 0
    endloop
  endfacet
  facet normal 0.947598 0.319466 0
    outer loop
      vertex 160.628 55.8304 2
      vertex 160.557 56.041 0
      vertex 160.557 56.041 2
    endloop
  endfacet
  facet normal 0.947598 0.319466 0
    outer loop
      vertex 160.557 56.041 0
      vertex 160.628 55.8304 2
      vertex 160.628 55.8304 0
    endloop
  endfacet
  facet normal -0.194818 -0.980839 0
    outer loop
      vertex 162.421 58.1664 0
      vertex 162.639 58.1231 2
      vertex 162.421 58.1664 2
    endloop
  endfacet
  facet normal -0.194818 -0.980839 -0
    outer loop
      vertex 162.639 58.1231 2
      vertex 162.421 58.1664 0
      vertex 162.639 58.1231 0
    endloop
  endfacet
  facet normal -0.947598 0.319466 0
    outer loop
      vertex 163.77 55.8304 0
      vertex 163.841 56.041 2
      vertex 163.841 56.041 0
    endloop
  endfacet
  facet normal -0.947598 0.319466 0
    outer loop
      vertex 163.841 56.041 2
      vertex 163.77 55.8304 0
      vertex 163.77 55.8304 2
    endloop
  endfacet
  facet normal -0.320937 -0.947101 0
    outer loop
      vertex 162.639 58.1231 0
      vertex 162.85 58.0516 2
      vertex 162.639 58.1231 2
    endloop
  endfacet
  facet normal -0.320937 -0.947101 -0
    outer loop
      vertex 162.85 58.0516 2
      vertex 162.639 58.1231 0
      vertex 162.85 58.0516 0
    endloop
  endfacet
  facet normal -0.55553 0.831497 0
    outer loop
      vertex 163.234 55.1323 0
      vertex 163.049 55.0087 2
      vertex 163.234 55.1323 2
    endloop
  endfacet
  facet normal -0.55553 0.831497 0
    outer loop
      vertex 163.049 55.0087 2
      vertex 163.234 55.1323 0
      vertex 163.049 55.0087 0
    endloop
  endfacet
  facet normal -0.659714 -0.751516 0
    outer loop
      vertex 163.234 57.8297 0
      vertex 163.401 57.6831 2
      vertex 163.234 57.8297 2
    endloop
  endfacet
  facet normal -0.659714 -0.751516 -0
    outer loop
      vertex 163.401 57.6831 2
      vertex 163.234 57.8297 0
      vertex 163.401 57.6831 0
    endloop
  endfacet
  facet normal 0.0651764 0.997874 -0
    outer loop
      vertex 162.199 54.781 0
      vertex 161.977 54.7955 2
      vertex 162.199 54.781 2
    endloop
  endfacet
  facet normal 0.0651764 0.997874 0
    outer loop
      vertex 161.977 54.7955 2
      vertex 162.199 54.781 0
      vertex 161.977 54.7955 0
    endloop
  endfacet
  facet normal 0.751016 0.660284 0
    outer loop
      vertex 160.997 55.2789 2
      vertex 160.85 55.4461 0
      vertex 160.85 55.4461 2
    endloop
  endfacet
  facet normal 0.751016 0.660284 0
    outer loop
      vertex 160.85 55.4461 0
      vertex 160.997 55.2789 2
      vertex 160.997 55.2789 0
    endloop
  endfacet
  facet normal -0.442883 0.896579 0
    outer loop
      vertex 163.049 55.0087 0
      vertex 162.85 54.9104 2
      vertex 163.049 55.0087 2
    endloop
  endfacet
  facet normal -0.442883 0.896579 0
    outer loop
      vertex 162.85 54.9104 2
      vertex 163.049 55.0087 0
      vertex 162.85 54.9104 0
    endloop
  endfacet
  facet normal -0.195251 0.980753 0
    outer loop
      vertex 162.639 54.8389 0
      vertex 162.421 54.7955 2
      vertex 162.639 54.8389 2
    endloop
  endfacet
  facet normal -0.195251 0.980753 0
    outer loop
      vertex 162.421 54.7955 2
      vertex 162.639 54.8389 0
      vertex 162.421 54.7955 0
    endloop
  endfacet
  facet normal -0.832604 0.553869 0
    outer loop
      vertex 163.548 55.4461 0
      vertex 163.671 55.631 2
      vertex 163.671 55.631 0
    endloop
  endfacet
  facet normal -0.832604 0.553869 0
    outer loop
      vertex 163.671 55.631 2
      vertex 163.548 55.4461 0
      vertex 163.548 55.4461 2
    endloop
  endfacet
  facet normal -0.751016 -0.660284 0
    outer loop
      vertex 163.548 57.5159 0
      vertex 163.401 57.6831 2
      vertex 163.401 57.6831 0
    endloop
  endfacet
  facet normal -0.751016 -0.660284 0
    outer loop
      vertex 163.401 57.6831 2
      vertex 163.548 57.5159 0
      vertex 163.548 57.5159 2
    endloop
  endfacet
  facet normal -0.895681 0.444696 0
    outer loop
      vertex 163.671 55.631 0
      vertex 163.77 55.8304 2
      vertex 163.77 55.8304 0
    endloop
  endfacet
  facet normal -0.895681 0.444696 0
    outer loop
      vertex 163.77 55.8304 2
      vertex 163.671 55.631 0
      vertex 163.671 55.631 2
    endloop
  endfacet
  facet normal -0.659714 0.751516 0
    outer loop
      vertex 163.401 55.2789 0
      vertex 163.234 55.1323 2
      vertex 163.401 55.2789 2
    endloop
  endfacet
  facet normal -0.659714 0.751516 0
    outer loop
      vertex 163.234 55.1323 2
      vertex 163.401 55.2789 0
      vertex 163.234 55.1323 0
    endloop
  endfacet
  facet normal 0.947598 -0.319466 0
    outer loop
      vertex 160.557 56.921 2
      vertex 160.628 57.1316 0
      vertex 160.628 57.1316 2
    endloop
  endfacet
  facet normal 0.947598 -0.319466 0
    outer loop
      vertex 160.628 57.1316 0
      vertex 160.557 56.921 2
      vertex 160.557 56.921 0
    endloop
  endfacet
  facet normal 0.442883 0.896579 -0
    outer loop
      vertex 161.548 54.9104 0
      vertex 161.349 55.0087 2
      vertex 161.548 54.9104 2
    endloop
  endfacet
  facet normal 0.442883 0.896579 0
    outer loop
      vertex 161.349 55.0087 2
      vertex 161.548 54.9104 0
      vertex 161.349 55.0087 0
    endloop
  endfacet
  facet normal 0.659714 -0.751516 0
    outer loop
      vertex 160.997 57.6831 0
      vertex 161.164 57.8297 2
      vertex 160.997 57.6831 2
    endloop
  endfacet
  facet normal 0.659714 -0.751516 0
    outer loop
      vertex 161.164 57.8297 2
      vertex 160.997 57.6831 0
      vertex 161.164 57.8297 0
    endloop
  endfacet
  facet normal 0.981113 0.193434 0
    outer loop
      vertex 160.557 56.041 2
      vertex 160.514 56.2591 0
      vertex 160.514 56.2591 2
    endloop
  endfacet
  facet normal 0.981113 0.193434 0
    outer loop
      vertex 160.514 56.2591 0
      vertex 160.557 56.041 2
      vertex 160.557 56.041 0
    endloop
  endfacet
  facet normal -0.443245 -0.8964 0
    outer loop
      vertex 162.85 58.0516 0
      vertex 163.049 57.9532 2
      vertex 162.85 58.0516 2
    endloop
  endfacet
  facet normal -0.443245 -0.8964 -0
    outer loop
      vertex 163.049 57.9532 2
      vertex 162.85 58.0516 0
      vertex 163.049 57.9532 0
    endloop
  endfacet
  facet normal -0.997723 0.0674441 0
    outer loop
      vertex 163.884 56.2591 0
      vertex 163.899 56.481 2
      vertex 163.899 56.481 0
    endloop
  endfacet
  facet normal -0.997723 0.0674441 0
    outer loop
      vertex 163.899 56.481 2
      vertex 163.884 56.2591 0
      vertex 163.884 56.2591 2
    endloop
  endfacet
  facet normal 0.443245 -0.8964 0
    outer loop
      vertex 161.349 57.9532 0
      vertex 161.548 58.0516 2
      vertex 161.349 57.9532 2
    endloop
  endfacet
  facet normal 0.443245 -0.8964 0
    outer loop
      vertex 161.548 58.0516 2
      vertex 161.349 57.9532 0
      vertex 161.548 58.0516 0
    endloop
  endfacet
  facet normal 0.555219 -0.831704 0
    outer loop
      vertex 161.164 57.8297 0
      vertex 161.349 57.9532 2
      vertex 161.164 57.8297 2
    endloop
  endfacet
  facet normal 0.555219 -0.831704 0
    outer loop
      vertex 161.349 57.9532 2
      vertex 161.164 57.8297 0
      vertex 161.349 57.9532 0
    endloop
  endfacet
  facet normal 0.320937 -0.947101 0
    outer loop
      vertex 161.548 58.0516 0
      vertex 161.759 58.1231 2
      vertex 161.548 58.0516 2
    endloop
  endfacet
  facet normal 0.320937 -0.947101 0
    outer loop
      vertex 161.759 58.1231 2
      vertex 161.548 58.0516 0
      vertex 161.759 58.1231 0
    endloop
  endfacet
  facet normal -0.320937 0.947101 0
    outer loop
      vertex 162.85 54.9104 0
      vertex 162.639 54.8389 2
      vertex 162.85 54.9104 2
    endloop
  endfacet
  facet normal -0.320937 0.947101 0
    outer loop
      vertex 162.639 54.8389 2
      vertex 162.85 54.9104 0
      vertex 162.639 54.8389 0
    endloop
  endfacet
  facet normal 0.895681 0.444696 0
    outer loop
      vertex 160.727 55.631 2
      vertex 160.628 55.8304 0
      vertex 160.628 55.8304 2
    endloop
  endfacet
  facet normal 0.895681 0.444696 0
    outer loop
      vertex 160.628 55.8304 0
      vertex 160.727 55.631 2
      vertex 160.727 55.631 0
    endloop
  endfacet
  facet normal -0.981113 0.193434 0
    outer loop
      vertex 163.841 56.041 0
      vertex 163.884 56.2591 2
      vertex 163.884 56.2591 0
    endloop
  endfacet
  facet normal -0.981113 0.193434 0
    outer loop
      vertex 163.884 56.2591 2
      vertex 163.841 56.041 0
      vertex 163.841 56.041 2
    endloop
  endfacet
  facet normal -0.895681 -0.444696 0
    outer loop
      vertex 163.77 57.1316 0
      vertex 163.671 57.331 2
      vertex 163.671 57.331 0
    endloop
  endfacet
  facet normal -0.895681 -0.444696 0
    outer loop
      vertex 163.671 57.331 2
      vertex 163.77 57.1316 0
      vertex 163.77 57.1316 2
    endloop
  endfacet
  facet normal 0.320937 0.947101 -0
    outer loop
      vertex 161.759 54.8389 0
      vertex 161.548 54.9104 2
      vertex 161.759 54.8389 2
    endloop
  endfacet
  facet normal 0.320937 0.947101 0
    outer loop
      vertex 161.548 54.9104 2
      vertex 161.759 54.8389 0
      vertex 161.548 54.9104 0
    endloop
  endfacet
  facet normal 0.997723 -0.0674441 0
    outer loop
      vertex 160.499 56.481 2
      vertex 160.514 56.7029 0
      vertex 160.514 56.7029 2
    endloop
  endfacet
  facet normal 0.997723 -0.0674441 0
    outer loop
      vertex 160.514 56.7029 0
      vertex 160.499 56.481 2
      vertex 160.499 56.481 0
    endloop
  endfacet
  facet normal 0.195251 0.980753 -0
    outer loop
      vertex 161.977 54.7955 0
      vertex 161.759 54.8389 2
      vertex 161.977 54.7955 2
    endloop
  endfacet
  facet normal 0.195251 0.980753 0
    outer loop
      vertex 161.759 54.8389 2
      vertex 161.977 54.7955 0
      vertex 161.759 54.8389 0
    endloop
  endfacet
  facet normal 0.997723 0.0674441 0
    outer loop
      vertex 160.514 56.2591 2
      vertex 160.499 56.481 0
      vertex 160.499 56.481 2
    endloop
  endfacet
  facet normal 0.997723 0.0674441 0
    outer loop
      vertex 160.499 56.481 0
      vertex 160.514 56.2591 2
      vertex 160.514 56.2591 0
    endloop
  endfacet
  facet normal 0.659714 0.751516 -0
    outer loop
      vertex 161.164 55.1323 0
      vertex 160.997 55.2789 2
      vertex 161.164 55.1323 2
    endloop
  endfacet
  facet normal 0.659714 0.751516 0
    outer loop
      vertex 160.997 55.2789 2
      vertex 161.164 55.1323 0
      vertex 160.997 55.2789 0
    endloop
  endfacet
  facet normal -0.0651764 0.997874 0
    outer loop
      vertex 162.421 54.7955 0
      vertex 162.199 54.781 2
      vertex 162.421 54.7955 2
    endloop
  endfacet
  facet normal -0.0651764 0.997874 0
    outer loop
      vertex 162.199 54.781 2
      vertex 162.421 54.7955 0
      vertex 162.199 54.781 0
    endloop
  endfacet
  facet normal 0.194818 -0.980839 0
    outer loop
      vertex 161.759 58.1231 0
      vertex 161.977 58.1664 2
      vertex 161.759 58.1231 2
    endloop
  endfacet
  facet normal 0.194818 -0.980839 0
    outer loop
      vertex 161.977 58.1664 2
      vertex 161.759 58.1231 0
      vertex 161.977 58.1664 0
    endloop
  endfacet
  facet normal -0.947598 -0.319466 0
    outer loop
      vertex 163.841 56.921 0
      vertex 163.77 57.1316 2
      vertex 163.77 57.1316 0
    endloop
  endfacet
  facet normal -0.947598 -0.319466 0
    outer loop
      vertex 163.77 57.1316 2
      vertex 163.841 56.921 0
      vertex 163.841 56.921 2
    endloop
  endfacet
  facet normal 0.065624 -0.997844 0
    outer loop
      vertex 161.977 58.1664 0
      vertex 162.199 58.181 2
      vertex 161.977 58.1664 2
    endloop
  endfacet
  facet normal 0.065624 -0.997844 0
    outer loop
      vertex 162.199 58.181 2
      vertex 161.977 58.1664 0
      vertex 162.199 58.181 0
    endloop
  endfacet
  facet normal 0.832604 -0.553869 0
    outer loop
      vertex 160.727 57.331 2
      vertex 160.85 57.5159 0
      vertex 160.85 57.5159 2
    endloop
  endfacet
  facet normal 0.832604 -0.553869 0
    outer loop
      vertex 160.85 57.5159 0
      vertex 160.727 57.331 2
      vertex 160.727 57.331 0
    endloop
  endfacet
  facet normal 0.832604 0.553869 0
    outer loop
      vertex 160.85 55.4461 2
      vertex 160.727 55.631 0
      vertex 160.727 55.631 2
    endloop
  endfacet
  facet normal 0.832604 0.553869 0
    outer loop
      vertex 160.727 55.631 0
      vertex 160.85 55.4461 2
      vertex 160.85 55.4461 0
    endloop
  endfacet
  facet normal 0.55553 0.831497 -0
    outer loop
      vertex 161.349 55.0087 0
      vertex 161.164 55.1323 2
      vertex 161.349 55.0087 2
    endloop
  endfacet
  facet normal 0.55553 0.831497 0
    outer loop
      vertex 161.164 55.1323 2
      vertex 161.349 55.0087 0
      vertex 161.164 55.1323 0
    endloop
  endfacet
  facet normal -0.751016 0.660284 0
    outer loop
      vertex 163.401 55.2789 0
      vertex 163.548 55.4461 2
      vertex 163.548 55.4461 0
    endloop
  endfacet
  facet normal -0.751016 0.660284 0
    outer loop
      vertex 163.548 55.4461 2
      vertex 163.401 55.2789 0
      vertex 163.401 55.2789 2
    endloop
  endfacet
  facet normal 0.981113 -0.193434 0
    outer loop
      vertex 160.514 56.7029 2
      vertex 160.557 56.921 0
      vertex 160.557 56.921 2
    endloop
  endfacet
  facet normal 0.981113 -0.193434 0
    outer loop
      vertex 160.557 56.921 0
      vertex 160.514 56.7029 2
      vertex 160.514 56.7029 0
    endloop
  endfacet
  facet normal 0.751016 -0.660284 0
    outer loop
      vertex 160.85 57.5159 2
      vertex 160.997 57.6831 0
      vertex 160.997 57.6831 2
    endloop
  endfacet
  facet normal 0.751016 -0.660284 0
    outer loop
      vertex 160.997 57.6831 0
      vertex 160.85 57.5159 2
      vertex 160.85 57.5159 0
    endloop
  endfacet
  facet normal -0.981097 -0.193519 0
    outer loop
      vertex 163.884 107.474 0
      vertex 163.841 107.692 2
      vertex 163.841 107.692 0
    endloop
  endfacet
  facet normal -0.981097 -0.193519 0
    outer loop
      vertex 163.841 107.692 2
      vertex 163.884 107.474 0
      vertex 163.884 107.474 2
    endloop
  endfacet
  facet normal -0.997725 -0.0674139 0
    outer loop
      vertex 163.899 107.252 0
      vertex 163.884 107.474 2
      vertex 163.884 107.474 0
    endloop
  endfacet
  facet normal -0.997725 -0.0674139 0
    outer loop
      vertex 163.884 107.474 2
      vertex 163.899 107.252 0
      vertex 163.899 107.252 2
    endloop
  endfacet
  facet normal -0.832742 -0.553661 0
    outer loop
      vertex 163.671 108.102 0
      vertex 163.548 108.287 2
      vertex 163.548 108.287 0
    endloop
  endfacet
  facet normal -0.832742 -0.553661 0
    outer loop
      vertex 163.548 108.287 2
      vertex 163.671 108.102 0
      vertex 163.671 108.102 2
    endloop
  endfacet
  facet normal 0.947781 -0.318922 0
    outer loop
      vertex 160.557 107.692 2
      vertex 160.628 107.903 0
      vertex 160.628 107.903 2
    endloop
  endfacet
  facet normal 0.947781 -0.318922 0
    outer loop
      vertex 160.628 107.903 0
      vertex 160.557 107.692 2
      vertex 160.557 107.692 0
    endloop
  endfacet
  facet normal -0.660729 -0.750624 0
    outer loop
      vertex 163.234 108.601 0
      vertex 163.401 108.454 2
      vertex 163.234 108.601 2
    endloop
  endfacet
  facet normal -0.660729 -0.750624 -0
    outer loop
      vertex 163.401 108.454 2
      vertex 163.234 108.601 0
      vertex 163.401 108.454 0
    endloop
  endfacet
  facet normal 0.750624 0.660729 0
    outer loop
      vertex 160.997 106.05 2
      vertex 160.85 106.217 0
      vertex 160.85 106.217 2
    endloop
  endfacet
  facet normal 0.750624 0.660729 0
    outer loop
      vertex 160.85 106.217 0
      vertex 160.997 106.05 2
      vertex 160.997 106.05 0
    endloop
  endfacet
  facet normal 0.441796 -0.897116 0
    outer loop
      vertex 161.349 108.725 0
      vertex 161.548 108.823 2
      vertex 161.349 108.725 2
    endloop
  endfacet
  facet normal 0.441796 -0.897116 0
    outer loop
      vertex 161.548 108.823 2
      vertex 161.349 108.725 0
      vertex 161.548 108.823 0
    endloop
  endfacet
  facet normal -0.832742 0.553661 0
    outer loop
      vertex 163.548 106.217 0
      vertex 163.671 106.402 2
      vertex 163.671 106.402 0
    endloop
  endfacet
  facet normal -0.832742 0.553661 0
    outer loop
      vertex 163.671 106.402 2
      vertex 163.548 106.217 0
      vertex 163.548 106.217 2
    endloop
  endfacet
  facet normal 0.832742 0.553661 0
    outer loop
      vertex 160.85 106.217 2
      vertex 160.727 106.402 0
      vertex 160.727 106.402 2
    endloop
  endfacet
  facet normal 0.832742 0.553661 0
    outer loop
      vertex 160.727 106.402 0
      vertex 160.85 106.217 2
      vertex 160.85 106.217 0
    endloop
  endfacet
  facet normal -0.896212 0.443625 0
    outer loop
      vertex 163.671 106.402 0
      vertex 163.77 106.602 2
      vertex 163.77 106.602 0
    endloop
  endfacet
  facet normal -0.896212 0.443625 0
    outer loop
      vertex 163.77 106.602 2
      vertex 163.671 106.402 0
      vertex 163.671 106.402 2
    endloop
  endfacet
  facet normal -0.895325 -0.445413 0
    outer loop
      vertex 163.77 107.903 0
      vertex 163.671 108.102 2
      vertex 163.671 108.102 0
    endloop
  endfacet
  facet normal -0.895325 -0.445413 0
    outer loop
      vertex 163.671 108.102 2
      vertex 163.77 107.903 0
      vertex 163.77 107.903 2
    endloop
  endfacet
  facet normal -0.947321 0.320285 0
    outer loop
      vertex 163.77 106.602 0
      vertex 163.841 106.812 2
      vertex 163.841 106.812 0
    endloop
  endfacet
  facet normal -0.947321 0.320285 0
    outer loop
      vertex 163.841 106.812 2
      vertex 163.77 106.602 0
      vertex 163.77 106.602 2
    endloop
  endfacet
  facet normal -0.318922 -0.947781 0
    outer loop
      vertex 162.639 108.894 0
      vertex 162.85 108.823 2
      vertex 162.639 108.894 2
    endloop
  endfacet
  facet normal -0.318922 -0.947781 -0
    outer loop
      vertex 162.85 108.823 2
      vertex 162.639 108.894 0
      vertex 162.85 108.823 0
    endloop
  endfacet
  facet normal -0.997725 0.0674139 0
    outer loop
      vertex 163.884 107.03 0
      vertex 163.899 107.252 2
      vertex 163.899 107.252 0
    endloop
  endfacet
  facet normal -0.997725 0.0674139 0
    outer loop
      vertex 163.899 107.252 2
      vertex 163.884 107.03 0
      vertex 163.884 107.03 2
    endloop
  endfacet
  facet normal 0.896212 0.443625 0
    outer loop
      vertex 160.727 106.402 2
      vertex 160.628 106.602 0
      vertex 160.628 106.602 2
    endloop
  endfacet
  facet normal 0.896212 0.443625 0
    outer loop
      vertex 160.628 106.602 0
      vertex 160.727 106.402 2
      vertex 160.727 106.402 0
    endloop
  endfacet
  facet normal 0.832742 -0.553661 0
    outer loop
      vertex 160.727 108.102 2
      vertex 160.85 108.287 0
      vertex 160.85 108.287 2
    endloop
  endfacet
  facet normal 0.832742 -0.553661 0
    outer loop
      vertex 160.85 108.287 0
      vertex 160.727 108.102 2
      vertex 160.727 108.102 0
    endloop
  endfacet
  facet normal 0.658185 0.752856 -0
    outer loop
      vertex 161.164 105.904 0
      vertex 160.997 106.05 2
      vertex 161.164 105.904 2
    endloop
  endfacet
  facet normal 0.658185 0.752856 0
    outer loop
      vertex 160.997 106.05 2
      vertex 161.164 105.904 0
      vertex 160.997 106.05 0
    endloop
  endfacet
  facet normal -0.556771 -0.830666 0
    outer loop
      vertex 163.049 108.725 0
      vertex 163.234 108.601 2
      vertex 163.049 108.725 2
    endloop
  endfacet
  facet normal -0.556771 -0.830666 -0
    outer loop
      vertex 163.234 108.601 2
      vertex 163.049 108.725 0
      vertex 163.234 108.601 0
    endloop
  endfacet
  facet normal 0.322948 0.946417 -0
    outer loop
      vertex 161.759 105.61 0
      vertex 161.548 105.682 2
      vertex 161.759 105.61 2
    endloop
  endfacet
  facet normal 0.322948 0.946417 0
    outer loop
      vertex 161.548 105.682 2
      vertex 161.759 105.61 0
      vertex 161.548 105.682 0
    endloop
  endfacet
  facet normal 0.660729 -0.750624 0
    outer loop
      vertex 160.997 108.454 0
      vertex 161.164 108.601 2
      vertex 160.997 108.454 2
    endloop
  endfacet
  facet normal 0.660729 -0.750624 0
    outer loop
      vertex 161.164 108.601 2
      vertex 160.997 108.454 0
      vertex 161.164 108.601 0
    endloop
  endfacet
  facet normal -0.193519 0.981097 0
    outer loop
      vertex 162.639 105.61 0
      vertex 162.421 105.567 2
      vertex 162.639 105.61 2
    endloop
  endfacet
  facet normal -0.193519 0.981097 0
    outer loop
      vertex 162.421 105.567 2
      vertex 162.639 105.61 0
      vertex 162.421 105.567 0
    endloop
  endfacet
  facet normal -0.441796 -0.897116 0
    outer loop
      vertex 162.85 108.823 0
      vertex 163.049 108.725 2
      vertex 162.85 108.823 2
    endloop
  endfacet
  facet normal -0.441796 -0.897116 -0
    outer loop
      vertex 163.049 108.725 2
      vertex 162.85 108.823 0
      vertex 163.049 108.725 0
    endloop
  endfacet
  facet normal -0.0674139 0.997725 0
    outer loop
      vertex 162.421 105.567 0
      vertex 162.199 105.552 2
      vertex 162.421 105.567 2
    endloop
  endfacet
  facet normal -0.0674139 0.997725 0
    outer loop
      vertex 162.199 105.552 2
      vertex 162.421 105.567 0
      vertex 162.199 105.552 0
    endloop
  endfacet
  facet normal 0.556771 0.830666 -0
    outer loop
      vertex 161.349 105.78 0
      vertex 161.164 105.904 2
      vertex 161.349 105.78 2
    endloop
  endfacet
  facet normal 0.556771 0.830666 0
    outer loop
      vertex 161.164 105.904 2
      vertex 161.349 105.78 0
      vertex 161.164 105.904 0
    endloop
  endfacet
  facet normal 0.750624 -0.660729 0
    outer loop
      vertex 160.85 108.287 2
      vertex 160.997 108.454 0
      vertex 160.997 108.454 2
    endloop
  endfacet
  facet normal 0.750624 -0.660729 0
    outer loop
      vertex 160.997 108.454 0
      vertex 160.85 108.287 2
      vertex 160.85 108.287 0
    endloop
  endfacet
  facet normal -0.947781 -0.318922 0
    outer loop
      vertex 163.841 107.692 0
      vertex 163.77 107.903 2
      vertex 163.77 107.903 0
    endloop
  endfacet
  facet normal -0.947781 -0.318922 0
    outer loop
      vertex 163.77 107.903 2
      vertex 163.841 107.692 0
      vertex 163.841 107.692 2
    endloop
  endfacet
  facet normal -0.658185 0.752856 0
    outer loop
      vertex 163.401 106.05 0
      vertex 163.234 105.904 2
      vertex 163.401 106.05 2
    endloop
  endfacet
  facet normal -0.658185 0.752856 0
    outer loop
      vertex 163.234 105.904 2
      vertex 163.401 106.05 0
      vertex 163.234 105.904 0
    endloop
  endfacet
  facet normal 0.062938 -0.998017 0
    outer loop
      vertex 161.977 108.938 0
      vertex 162.199 108.952 2
      vertex 161.977 108.938 2
    endloop
  endfacet
  facet normal 0.062938 -0.998017 0
    outer loop
      vertex 162.199 108.952 2
      vertex 161.977 108.938 0
      vertex 162.199 108.952 0
    endloop
  endfacet
  facet normal -0.322948 0.946417 0
    outer loop
      vertex 162.85 105.682 0
      vertex 162.639 105.61 2
      vertex 162.85 105.682 2
    endloop
  endfacet
  facet normal -0.322948 0.946417 0
    outer loop
      vertex 162.639 105.61 2
      vertex 162.85 105.682 0
      vertex 162.639 105.61 0
    endloop
  endfacet
  facet normal 0.997725 -0.0674139 0
    outer loop
      vertex 160.499 107.252 2
      vertex 160.514 107.474 0
      vertex 160.514 107.474 2
    endloop
  endfacet
  facet normal 0.997725 -0.0674139 0
    outer loop
      vertex 160.514 107.474 0
      vertex 160.499 107.252 2
      vertex 160.499 107.252 0
    endloop
  endfacet
  facet normal 0.441796 0.897116 -0
    outer loop
      vertex 161.548 105.682 0
      vertex 161.349 105.78 2
      vertex 161.548 105.682 2
    endloop
  endfacet
  facet normal 0.441796 0.897116 0
    outer loop
      vertex 161.349 105.78 2
      vertex 161.548 105.682 0
      vertex 161.349 105.78 0
    endloop
  endfacet
  facet normal -0.556771 0.830666 0
    outer loop
      vertex 163.234 105.904 0
      vertex 163.049 105.78 2
      vertex 163.234 105.904 2
    endloop
  endfacet
  facet normal -0.556771 0.830666 0
    outer loop
      vertex 163.049 105.78 2
      vertex 163.234 105.904 0
      vertex 163.049 105.78 0
    endloop
  endfacet
  facet normal -0.062938 -0.998017 0
    outer loop
      vertex 162.199 108.952 0
      vertex 162.421 108.938 2
      vertex 162.199 108.952 2
    endloop
  endfacet
  facet normal -0.062938 -0.998017 -0
    outer loop
      vertex 162.421 108.938 2
      vertex 162.199 108.952 0
      vertex 162.421 108.938 0
    endloop
  endfacet
  facet normal -0.441796 0.897116 0
    outer loop
      vertex 163.049 105.78 0
      vertex 162.85 105.682 2
      vertex 163.049 105.78 2
    endloop
  endfacet
  facet normal -0.441796 0.897116 0
    outer loop
      vertex 162.85 105.682 2
      vertex 163.049 105.78 0
      vertex 162.85 105.682 0
    endloop
  endfacet
  facet normal 0.197845 -0.980233 0
    outer loop
      vertex 161.759 108.894 0
      vertex 161.977 108.938 2
      vertex 161.759 108.894 2
    endloop
  endfacet
  facet normal 0.197845 -0.980233 0
    outer loop
      vertex 161.977 108.938 2
      vertex 161.759 108.894 0
      vertex 161.977 108.938 0
    endloop
  endfacet
  facet normal -0.981097 0.193519 0
    outer loop
      vertex 163.841 106.812 0
      vertex 163.884 107.03 2
      vertex 163.884 107.03 0
    endloop
  endfacet
  facet normal -0.981097 0.193519 0
    outer loop
      vertex 163.884 107.03 2
      vertex 163.841 106.812 0
      vertex 163.841 106.812 2
    endloop
  endfacet
  facet normal 0.318922 -0.947781 0
    outer loop
      vertex 161.548 108.823 0
      vertex 161.759 108.894 2
      vertex 161.548 108.823 2
    endloop
  endfacet
  facet normal 0.318922 -0.947781 0
    outer loop
      vertex 161.759 108.894 2
      vertex 161.548 108.823 0
      vertex 161.759 108.894 0
    endloop
  endfacet
  facet normal 0.981097 -0.193519 0
    outer loop
      vertex 160.514 107.474 2
      vertex 160.557 107.692 0
      vertex 160.557 107.692 2
    endloop
  endfacet
  facet normal 0.981097 -0.193519 0
    outer loop
      vertex 160.557 107.692 0
      vertex 160.514 107.474 2
      vertex 160.514 107.474 0
    endloop
  endfacet
  facet normal -0.197845 -0.980233 0
    outer loop
      vertex 162.421 108.938 0
      vertex 162.639 108.894 2
      vertex 162.421 108.938 2
    endloop
  endfacet
  facet normal -0.197845 -0.980233 -0
    outer loop
      vertex 162.639 108.894 2
      vertex 162.421 108.938 0
      vertex 162.639 108.894 0
    endloop
  endfacet
  facet normal 0.997725 0.0674139 0
    outer loop
      vertex 160.514 107.03 2
      vertex 160.499 107.252 0
      vertex 160.499 107.252 2
    endloop
  endfacet
  facet normal 0.997725 0.0674139 0
    outer loop
      vertex 160.499 107.252 0
      vertex 160.514 107.03 2
      vertex 160.514 107.03 0
    endloop
  endfacet
  facet normal 0.895325 -0.445413 0
    outer loop
      vertex 160.628 107.903 2
      vertex 160.727 108.102 0
      vertex 160.727 108.102 2
    endloop
  endfacet
  facet normal 0.895325 -0.445413 0
    outer loop
      vertex 160.727 108.102 0
      vertex 160.628 107.903 2
      vertex 160.628 107.903 0
    endloop
  endfacet
  facet normal -0.750624 -0.660729 0
    outer loop
      vertex 163.548 108.287 0
      vertex 163.401 108.454 2
      vertex 163.401 108.454 0
    endloop
  endfacet
  facet normal -0.750624 -0.660729 0
    outer loop
      vertex 163.401 108.454 2
      vertex 163.548 108.287 0
      vertex 163.548 108.287 2
    endloop
  endfacet
  facet normal -0.750624 0.660729 0
    outer loop
      vertex 163.401 106.05 0
      vertex 163.548 106.217 2
      vertex 163.548 106.217 0
    endloop
  endfacet
  facet normal -0.750624 0.660729 0
    outer loop
      vertex 163.548 106.217 2
      vertex 163.401 106.05 0
      vertex 163.401 106.05 2
    endloop
  endfacet
  facet normal 0.947321 0.320285 0
    outer loop
      vertex 160.628 106.602 2
      vertex 160.557 106.812 0
      vertex 160.557 106.812 2
    endloop
  endfacet
  facet normal 0.947321 0.320285 0
    outer loop
      vertex 160.557 106.812 0
      vertex 160.628 106.602 2
      vertex 160.628 106.602 0
    endloop
  endfacet
  facet normal 0.981097 0.193519 0
    outer loop
      vertex 160.557 106.812 2
      vertex 160.514 107.03 0
      vertex 160.514 107.03 2
    endloop
  endfacet
  facet normal 0.981097 0.193519 0
    outer loop
      vertex 160.514 107.03 0
      vertex 160.557 106.812 2
      vertex 160.557 106.812 0
    endloop
  endfacet
  facet normal 0.0674139 0.997725 -0
    outer loop
      vertex 162.199 105.552 0
      vertex 161.977 105.567 2
      vertex 162.199 105.552 2
    endloop
  endfacet
  facet normal 0.0674139 0.997725 0
    outer loop
      vertex 161.977 105.567 2
      vertex 162.199 105.552 0
      vertex 161.977 105.567 0
    endloop
  endfacet
  facet normal 0.193519 0.981097 -0
    outer loop
      vertex 161.977 105.567 0
      vertex 161.759 105.61 2
      vertex 161.977 105.567 2
    endloop
  endfacet
  facet normal 0.193519 0.981097 0
    outer loop
      vertex 161.759 105.61 2
      vertex 161.977 105.567 0
      vertex 161.759 105.61 0
    endloop
  endfacet
  facet normal 0.556771 -0.830666 0
    outer loop
      vertex 161.164 108.601 0
      vertex 161.349 108.725 2
      vertex 161.164 108.601 2
    endloop
  endfacet
  facet normal 0.556771 -0.830666 0
    outer loop
      vertex 161.349 108.725 2
      vertex 161.164 108.601 0
      vertex 161.349 108.725 0
    endloop
  endfacet
  facet normal -0.89686 0.442315 0
    outer loop
      vertex 18.799 119.75 0
      vertex 18.8858 119.926 2
      vertex 18.8858 119.926 0
    endloop
  endfacet
  facet normal -0.89686 0.442315 0
    outer loop
      vertex 18.8858 119.926 2
      vertex 18.799 119.75 0
      vertex 18.799 119.75 2
    endloop
  endfacet
  facet normal 0.658273 -0.752779 0
    outer loop
      vertex 4.43934 121.561 0
      vertex 4.58686 121.69 2
      vertex 4.43934 121.561 2
    endloop
  endfacet
  facet normal 0.658273 -0.752779 0
    outer loop
      vertex 4.58686 121.69 2
      vertex 4.43934 121.561 0
      vertex 4.58686 121.69 0
    endloop
  endfacet
  facet normal 0.0662518 0.997803 -0
    outer loop
      vertex 5.5 119 0
      vertex 5.30421 119.013 2
      vertex 5.5 119 2
    endloop
  endfacet
  facet normal 0.0662518 0.997803 0
    outer loop
      vertex 5.30421 119.013 2
      vertex 5.5 119 0
      vertex 5.30421 119.013 0
    endloop
  endfacet
  facet normal 0.443195 0.896425 -0
    outer loop
      vertex 4.92597 119.114 0
      vertex 4.75 119.201 2
      vertex 4.92597 119.114 2
    endloop
  endfacet
  facet normal 0.443195 0.896425 0
    outer loop
      vertex 4.75 119.201 2
      vertex 4.92597 119.114 0
      vertex 4.75 119.201 0
    endloop
  endfacet
  facet normal 0.0662518 -0.997803 0
    outer loop
      vertex 5.30421 121.987 0
      vertex 5.5 122 2
      vertex 5.30421 121.987 2
    endloop
  endfacet
  facet normal 0.0662518 -0.997803 0
    outer loop
      vertex 5.5 122 2
      vertex 5.30421 121.987 0
      vertex 5.5 122 0
    endloop
  endfacet
  facet normal -0.94699 0.321264 0
    outer loop
      vertex 18.8858 119.926 0
      vertex 18.9489 120.112 2
      vertex 18.9489 120.112 0
    endloop
  endfacet
  facet normal -0.94699 0.321264 0
    outer loop
      vertex 18.9489 120.112 2
      vertex 18.8858 119.926 0
      vertex 18.8858 119.926 2
    endloop
  endfacet
  facet normal -0.997874 -0.0651673 0
    outer loop
      vertex 19 120.5 0
      vertex 18.9872 120.696 2
      vertex 18.9872 120.696 0
    endloop
  endfacet
  facet normal -0.997874 -0.0651673 0
    outer loop
      vertex 18.9872 120.696 2
      vertex 19 120.5 0
      vertex 19 120.5 2
    endloop
  endfacet
  facet normal 0.997864 0.0653194 0
    outer loop
      vertex 4.01283 120.304 2
      vertex 4 120.5 0
      vertex 4 120.5 2
    endloop
  endfacet
  facet normal 0.997864 0.0653194 0
    outer loop
      vertex 4 120.5 0
      vertex 4.01283 120.304 2
      vertex 4.01283 120.304 0
    endloop
  endfacet
  facet normal -0.555641 -0.831422 0
    outer loop
      vertex 18.25 121.799 0
      vertex 18.4131 121.69 2
      vertex 18.25 121.799 2
    endloop
  endfacet
  facet normal -0.555641 -0.831422 -0
    outer loop
      vertex 18.4131 121.69 2
      vertex 18.25 121.799 0
      vertex 18.4131 121.69 0
    endloop
  endfacet
  facet normal -0.443134 0.896455 0
    outer loop
      vertex 18.25 119.201 0
      vertex 18.074 119.114 2
      vertex 18.25 119.201 2
    endloop
  endfacet
  facet normal -0.443134 0.896455 0
    outer loop
      vertex 18.074 119.114 2
      vertex 18.25 119.201 0
      vertex 18.074 119.114 0
    endloop
  endfacet
  facet normal -0.997874 0.0651673 0
    outer loop
      vertex 18.9872 120.304 0
      vertex 19 120.5 2
      vertex 19 120.5 0
    endloop
  endfacet
  facet normal -0.997874 0.0651673 0
    outer loop
      vertex 19 120.5 2
      vertex 18.9872 120.304 0
      vertex 18.9872 120.304 2
    endloop
  endfacet
  facet normal 0 1 -0
    outer loop
      vertex 17.5 119 0
      vertex 5.5 119 2
      vertex 17.5 119 2
    endloop
  endfacet
  facet normal 0 1 0
    outer loop
      vertex 5.5 119 2
      vertex 17.5 119 0
      vertex 5.5 119 0
    endloop
  endfacet
  facet normal -0.980679 -0.195625 0
    outer loop
      vertex 18.9872 120.696 0
      vertex 18.9489 120.888 2
      vertex 18.9489 120.888 0
    endloop
  endfacet
  facet normal -0.980679 -0.195625 0
    outer loop
      vertex 18.9489 120.888 2
      vertex 18.9872 120.696 0
      vertex 18.9872 120.696 2
    endloop
  endfacet
  facet normal -0.753081 0.657928 0
    outer loop
      vertex 18.5607 119.439 0
      vertex 18.69 119.587 2
      vertex 18.69 119.587 0
    endloop
  endfacet
  facet normal -0.753081 0.657928 0
    outer loop
      vertex 18.69 119.587 2
      vertex 18.5607 119.439 0
      vertex 18.5607 119.439 2
    endloop
  endfacet
  facet normal -0.0662484 -0.997803 0
    outer loop
      vertex 17.5 122 0
      vertex 17.6958 121.987 2
      vertex 17.5 122 2
    endloop
  endfacet
  facet normal -0.0662484 -0.997803 -0
    outer loop
      vertex 17.6958 121.987 2
      vertex 17.5 122 0
      vertex 17.6958 121.987 0
    endloop
  endfacet
  facet normal -0.658071 -0.752956 0
    outer loop
      vertex 18.4131 121.69 0
      vertex 18.5607 121.561 2
      vertex 18.4131 121.69 2
    endloop
  endfacet
  facet normal -0.658071 -0.752956 -0
    outer loop
      vertex 18.5607 121.561 2
      vertex 18.4131 121.69 0
      vertex 18.5607 121.561 0
    endloop
  endfacet
  facet normal 0 -1 0
    outer loop
      vertex 5.5 122 0
      vertex 17.5 122 2
      vertex 5.5 122 2
    endloop
  endfacet
  facet normal 0 -1 -0
    outer loop
      vertex 17.5 122 2
      vertex 5.5 122 0
      vertex 17.5 122 0
    endloop
  endfacet
  facet normal -0.89686 -0.442315 0
    outer loop
      vertex 18.8858 121.074 0
      vertex 18.799 121.25 2
      vertex 18.799 121.25 0
    endloop
  endfacet
  facet normal -0.89686 -0.442315 0
    outer loop
      vertex 18.799 121.25 2
      vertex 18.8858 121.074 0
      vertex 18.8858 121.074 2
    endloop
  endfacet
  facet normal -0.321117 0.94704 0
    outer loop
      vertex 18.074 119.114 0
      vertex 17.8882 119.051 2
      vertex 18.074 119.114 2
    endloop
  endfacet
  facet normal -0.321117 0.94704 0
    outer loop
      vertex 17.8882 119.051 2
      vertex 18.074 119.114 0
      vertex 17.8882 119.051 0
    endloop
  endfacet
  facet normal 0.752904 -0.65813 0
    outer loop
      vertex 4.30997 121.413 2
      vertex 4.43934 121.561 0
      vertex 4.43934 121.561 2
    endloop
  endfacet
  facet normal 0.752904 -0.65813 0
    outer loop
      vertex 4.43934 121.561 0
      vertex 4.30997 121.413 2
      vertex 4.30997 121.413 0
    endloop
  endfacet
  facet normal -0.0662484 0.997803 0
    outer loop
      vertex 17.6958 119.013 0
      vertex 17.5 119 2
      vertex 17.6958 119.013 2
    endloop
  endfacet
  facet normal -0.0662484 0.997803 0
    outer loop
      vertex 17.5 119 2
      vertex 17.6958 119.013 0
      vertex 17.5 119 0
    endloop
  endfacet
  facet normal -0.555641 0.831422 0
    outer loop
      vertex 18.4131 119.31 0
      vertex 18.25 119.201 2
      vertex 18.4131 119.31 2
    endloop
  endfacet
  facet normal -0.555641 0.831422 0
    outer loop
      vertex 18.25 119.201 2
      vertex 18.4131 119.31 0
      vertex 18.25 119.201 0
    endloop
  endfacet
  facet normal -0.94699 -0.321264 0
    outer loop
      vertex 18.9489 120.888 0
      vertex 18.8858 121.074 2
      vertex 18.8858 121.074 0
    endloop
  endfacet
  facet normal -0.94699 -0.321264 0
    outer loop
      vertex 18.8858 121.074 2
      vertex 18.9489 120.888 0
      vertex 18.9489 120.888 2
    endloop
  endfacet
  facet normal 0.321117 0.94704 -0
    outer loop
      vertex 5.11177 119.051 0
      vertex 4.92597 119.114 2
      vertex 5.11177 119.051 2
    endloop
  endfacet
  facet normal 0.321117 0.94704 0
    outer loop
      vertex 4.92597 119.114 2
      vertex 5.11177 119.051 0
      vertex 4.92597 119.114 0
    endloop
  endfacet
  facet normal -0.193762 0.981049 0
    outer loop
      vertex 17.8882 119.051 0
      vertex 17.6958 119.013 2
      vertex 17.8882 119.051 2
    endloop
  endfacet
  facet normal -0.193762 0.981049 0
    outer loop
      vertex 17.6958 119.013 2
      vertex 17.8882 119.051 0
      vertex 17.6958 119.013 0
    endloop
  endfacet
  facet normal 0.980698 0.195527 0
    outer loop
      vertex 4.05111 120.112 2
      vertex 4.01283 120.304 0
      vertex 4.01283 120.304 2
    endloop
  endfacet
  facet normal 0.980698 0.195527 0
    outer loop
      vertex 4.01283 120.304 0
      vertex 4.05111 120.112 2
      vertex 4.05111 120.112 0
    endloop
  endfacet
  facet normal 0.193723 0.981056 -0
    outer loop
      vertex 5.30421 119.013 0
      vertex 5.11177 119.051 2
      vertex 5.30421 119.013 2
    endloop
  endfacet
  facet normal 0.193723 0.981056 0
    outer loop
      vertex 5.11177 119.051 2
      vertex 5.30421 119.013 0
      vertex 5.11177 119.051 0
    endloop
  endfacet
  facet normal 0.831241 0.555912 0
    outer loop
      vertex 4.30997 119.587 2
      vertex 4.20096 119.75 0
      vertex 4.20096 119.75 2
    endloop
  endfacet
  facet normal 0.831241 0.555912 0
    outer loop
      vertex 4.20096 119.75 0
      vertex 4.30997 119.587 2
      vertex 4.30997 119.587 0
    endloop
  endfacet
  facet normal 0.321117 -0.94704 0
    outer loop
      vertex 4.92597 121.886 0
      vertex 5.11177 121.949 2
      vertex 4.92597 121.886 2
    endloop
  endfacet
  facet normal 0.321117 -0.94704 0
    outer loop
      vertex 5.11177 121.949 2
      vertex 4.92597 121.886 0
      vertex 5.11177 121.949 0
    endloop
  endfacet
  facet normal 0.8969 0.442233 0
    outer loop
      vertex 4.20096 119.75 2
      vertex 4.11418 119.926 0
      vertex 4.11418 119.926 2
    endloop
  endfacet
  facet normal 0.8969 0.442233 0
    outer loop
      vertex 4.11418 119.926 0
      vertex 4.20096 119.75 2
      vertex 4.20096 119.75 0
    endloop
  endfacet
  facet normal -0.831265 0.555877 0
    outer loop
      vertex 18.69 119.587 0
      vertex 18.799 119.75 2
      vertex 18.799 119.75 0
    endloop
  endfacet
  facet normal -0.831265 0.555877 0
    outer loop
      vertex 18.799 119.75 2
      vertex 18.69 119.587 0
      vertex 18.69 119.587 2
    endloop
  endfacet
  facet normal 0.8969 -0.442233 0
    outer loop
      vertex 4.11418 121.074 2
      vertex 4.20096 121.25 0
      vertex 4.20096 121.25 2
    endloop
  endfacet
  facet normal 0.8969 -0.442233 0
    outer loop
      vertex 4.20096 121.25 0
      vertex 4.11418 121.074 2
      vertex 4.11418 121.074 0
    endloop
  endfacet
  facet normal -0.980679 0.195625 0
    outer loop
      vertex 18.9489 120.112 0
      vertex 18.9872 120.304 2
      vertex 18.9872 120.304 0
    endloop
  endfacet
  facet normal -0.980679 0.195625 0
    outer loop
      vertex 18.9872 120.304 2
      vertex 18.9489 120.112 0
      vertex 18.9489 120.112 2
    endloop
  endfacet
  facet normal -0.753081 -0.657928 0
    outer loop
      vertex 18.69 121.413 0
      vertex 18.5607 121.561 2
      vertex 18.5607 121.561 0
    endloop
  endfacet
  facet normal -0.753081 -0.657928 0
    outer loop
      vertex 18.5607 121.561 2
      vertex 18.69 121.413 0
      vertex 18.69 121.413 2
    endloop
  endfacet
  facet normal -0.831265 -0.555877 0
    outer loop
      vertex 18.799 121.25 0
      vertex 18.69 121.413 2
      vertex 18.69 121.413 0
    endloop
  endfacet
  facet normal -0.831265 -0.555877 0
    outer loop
      vertex 18.69 121.413 2
      vertex 18.799 121.25 0
      vertex 18.799 121.25 2
    endloop
  endfacet
  facet normal -0.321117 -0.94704 0
    outer loop
      vertex 17.8882 121.949 0
      vertex 18.074 121.886 2
      vertex 17.8882 121.949 2
    endloop
  endfacet
  facet normal -0.321117 -0.94704 -0
    outer loop
      vertex 18.074 121.886 2
      vertex 17.8882 121.949 0
      vertex 18.074 121.886 0
    endloop
  endfacet
  facet normal 0.980698 -0.195527 0
    outer loop
      vertex 4.01283 120.696 2
      vertex 4.05111 120.888 0
      vertex 4.05111 120.888 2
    endloop
  endfacet
  facet normal 0.980698 -0.195527 0
    outer loop
      vertex 4.05111 120.888 0
      vertex 4.01283 120.696 2
      vertex 4.01283 120.696 0
    endloop
  endfacet
  facet normal -0.658071 0.752956 0
    outer loop
      vertex 18.5607 119.439 0
      vertex 18.4131 119.31 2
      vertex 18.5607 119.439 2
    endloop
  endfacet
  facet normal -0.658071 0.752956 0
    outer loop
      vertex 18.4131 119.31 2
      vertex 18.5607 119.439 0
      vertex 18.4131 119.31 0
    endloop
  endfacet
  facet normal 0.947036 -0.321127 0
    outer loop
      vertex 4.05111 120.888 2
      vertex 4.11418 121.074 0
      vertex 4.11418 121.074 2
    endloop
  endfacet
  facet normal 0.947036 -0.321127 0
    outer loop
      vertex 4.11418 121.074 0
      vertex 4.05111 120.888 2
      vertex 4.05111 120.888 0
    endloop
  endfacet
  facet normal 0.947036 0.321127 0
    outer loop
      vertex 4.11418 119.926 2
      vertex 4.05111 120.112 0
      vertex 4.05111 120.112 2
    endloop
  endfacet
  facet normal 0.947036 0.321127 0
    outer loop
      vertex 4.05111 120.112 0
      vertex 4.11418 119.926 2
      vertex 4.11418 119.926 0
    endloop
  endfacet
  facet normal 0.555547 -0.831485 0
    outer loop
      vertex 4.58686 121.69 0
      vertex 4.75 121.799 2
      vertex 4.58686 121.69 2
    endloop
  endfacet
  facet normal 0.555547 -0.831485 0
    outer loop
      vertex 4.75 121.799 2
      vertex 4.58686 121.69 0
      vertex 4.75 121.799 0
    endloop
  endfacet
  facet normal 0.752904 0.65813 0
    outer loop
      vertex 4.43934 119.439 2
      vertex 4.30997 119.587 0
      vertex 4.30997 119.587 2
    endloop
  endfacet
  facet normal 0.752904 0.65813 0
    outer loop
      vertex 4.30997 119.587 0
      vertex 4.43934 119.439 2
      vertex 4.43934 119.439 0
    endloop
  endfacet
  facet normal 0.193723 -0.981056 0
    outer loop
      vertex 5.11177 121.949 0
      vertex 5.30421 121.987 2
      vertex 5.11177 121.949 2
    endloop
  endfacet
  facet normal 0.193723 -0.981056 0
    outer loop
      vertex 5.30421 121.987 2
      vertex 5.11177 121.949 0
      vertex 5.30421 121.987 0
    endloop
  endfacet
  facet normal -0.193762 -0.981049 0
    outer loop
      vertex 17.6958 121.987 0
      vertex 17.8882 121.949 2
      vertex 17.6958 121.987 2
    endloop
  endfacet
  facet normal -0.193762 -0.981049 -0
    outer loop
      vertex 17.8882 121.949 2
      vertex 17.6958 121.987 0
      vertex 17.8882 121.949 0
    endloop
  endfacet
  facet normal 0.658273 0.752779 -0
    outer loop
      vertex 4.58686 119.31 0
      vertex 4.43934 119.439 2
      vertex 4.58686 119.31 2
    endloop
  endfacet
  facet normal 0.658273 0.752779 0
    outer loop
      vertex 4.43934 119.439 2
      vertex 4.58686 119.31 0
      vertex 4.43934 119.439 0
    endloop
  endfacet
  facet normal 0.443195 -0.896425 0
    outer loop
      vertex 4.75 121.799 0
      vertex 4.92597 121.886 2
      vertex 4.75 121.799 2
    endloop
  endfacet
  facet normal 0.443195 -0.896425 0
    outer loop
      vertex 4.92597 121.886 2
      vertex 4.75 121.799 0
      vertex 4.92597 121.886 0
    endloop
  endfacet
  facet normal 0.555547 0.831485 -0
    outer loop
      vertex 4.75 119.201 0
      vertex 4.58686 119.31 2
      vertex 4.75 119.201 2
    endloop
  endfacet
  facet normal 0.555547 0.831485 0
    outer loop
      vertex 4.58686 119.31 2
      vertex 4.75 119.201 0
      vertex 4.58686 119.31 0
    endloop
  endfacet
  facet normal 0.831241 -0.555912 0
    outer loop
      vertex 4.20096 121.25 2
      vertex 4.30997 121.413 0
      vertex 4.30997 121.413 2
    endloop
  endfacet
  facet normal 0.831241 -0.555912 0
    outer loop
      vertex 4.30997 121.413 0
      vertex 4.20096 121.25 2
      vertex 4.20096 121.25 0
    endloop
  endfacet
  facet normal -0.443134 -0.896455 0
    outer loop
      vertex 18.074 121.886 0
      vertex 18.25 121.799 2
      vertex 18.074 121.886 2
    endloop
  endfacet
  facet normal -0.443134 -0.896455 -0
    outer loop
      vertex 18.25 121.799 2
      vertex 18.074 121.886 0
      vertex 18.25 121.799 0
    endloop
  endfacet
  facet normal 0.997864 -0.0653194 0
    outer loop
      vertex 4 120.5 2
      vertex 4.01283 120.696 0
      vertex 4.01283 120.696 2
    endloop
  endfacet
  facet normal 0.997864 -0.0653194 0
    outer loop
      vertex 4.01283 120.696 0
      vertex 4 120.5 2
      vertex 4 120.5 0
    endloop
  endfacet
  facet normal 0.194151 0.980972 -0
    outer loop
      vertex 124.804 119.013 0
      vertex 124.612 119.051 2
      vertex 124.804 119.013 2
    endloop
  endfacet
  facet normal 0.194151 0.980972 0
    outer loop
      vertex 124.612 119.051 2
      vertex 124.804 119.013 0
      vertex 124.612 119.051 0
    endloop
  endfacet
  facet normal 0.0661811 -0.997808 0
    outer loop
      vertex 124.804 121.987 0
      vertex 125 122 2
      vertex 124.804 121.987 2
    endloop
  endfacet
  facet normal 0.0661811 -0.997808 0
    outer loop
      vertex 125 122 2
      vertex 124.804 121.987 0
      vertex 125 122 0
    endloop
  endfacet
  facet normal -0.753837 -0.657061 0
    outer loop
      vertex 138.19 121.413 0
      vertex 138.061 121.561 2
      vertex 138.061 121.561 0
    endloop
  endfacet
  facet normal -0.753837 -0.657061 0
    outer loop
      vertex 138.061 121.561 2
      vertex 138.19 121.413 0
      vertex 138.19 121.413 2
    endloop
  endfacet
  facet normal 0 1 -0
    outer loop
      vertex 137 119 0
      vertex 125 119 2
      vertex 137 119 2
    endloop
  endfacet
  facet normal 0 1 0
    outer loop
      vertex 125 119 2
      vertex 137 119 0
      vertex 125 119 0
    endloop
  endfacet
  facet normal 0.555877 -0.831265 0
    outer loop
      vertex 124.087 121.69 0
      vertex 124.25 121.799 2
      vertex 124.087 121.69 2
    endloop
  endfacet
  facet normal 0.555877 -0.831265 0
    outer loop
      vertex 124.25 121.799 2
      vertex 124.087 121.69 0
      vertex 124.25 121.799 0
    endloop
  endfacet
  facet normal -0.753837 0.657061 0
    outer loop
      vertex 138.061 119.439 0
      vertex 138.19 119.587 2
      vertex 138.19 119.587 0
    endloop
  endfacet
  facet normal -0.753837 0.657061 0
    outer loop
      vertex 138.19 119.587 2
      vertex 138.061 119.439 0
      vertex 138.061 119.439 2
    endloop
  endfacet
  facet normal -0.194151 0.980972 0
    outer loop
      vertex 137.388 119.051 0
      vertex 137.196 119.013 2
      vertex 137.388 119.051 2
    endloop
  endfacet
  facet normal -0.194151 0.980972 0
    outer loop
      vertex 137.196 119.013 2
      vertex 137.388 119.051 0
      vertex 137.196 119.013 0
    endloop
  endfacet
  facet normal 0.194151 -0.980972 0
    outer loop
      vertex 124.612 121.949 0
      vertex 124.804 121.987 2
      vertex 124.612 121.949 2
    endloop
  endfacet
  facet normal 0.194151 -0.980972 0
    outer loop
      vertex 124.804 121.987 2
      vertex 124.612 121.949 0
      vertex 124.804 121.987 0
    endloop
  endfacet
  facet normal 0.0661811 0.997808 -0
    outer loop
      vertex 125 119 0
      vertex 124.804 119.013 2
      vertex 125 119 2
    endloop
  endfacet
  facet normal 0.0661811 0.997808 0
    outer loop
      vertex 124.804 119.013 2
      vertex 125 119 0
      vertex 124.804 119.013 0
    endloop
  endfacet
  facet normal 0.320807 -0.947145 0
    outer loop
      vertex 124.426 121.886 0
      vertex 124.612 121.949 2
      vertex 124.426 121.886 2
    endloop
  endfacet
  facet normal 0.320807 -0.947145 0
    outer loop
      vertex 124.612 121.949 2
      vertex 124.426 121.886 0
      vertex 124.612 121.949 0
    endloop
  endfacet
  facet normal 0.443134 0.896455 -0
    outer loop
      vertex 124.426 119.114 0
      vertex 124.25 119.201 2
      vertex 124.426 119.114 2
    endloop
  endfacet
  facet normal 0.443134 0.896455 0
    outer loop
      vertex 124.25 119.201 2
      vertex 124.426 119.114 0
      vertex 124.25 119.201 0
    endloop
  endfacet
  facet normal 0.657061 -0.753837 0
    outer loop
      vertex 123.939 121.561 0
      vertex 124.087 121.69 2
      vertex 123.939 121.561 2
    endloop
  endfacet
  facet normal 0.657061 -0.753837 0
    outer loop
      vertex 124.087 121.69 2
      vertex 123.939 121.561 0
      vertex 124.087 121.69 0
    endloop
  endfacet
  facet normal -0.0661811 0.997808 0
    outer loop
      vertex 137.196 119.013 0
      vertex 137 119 2
      vertex 137.196 119.013 2
    endloop
  endfacet
  facet normal -0.0661811 0.997808 0
    outer loop
      vertex 137 119 2
      vertex 137.196 119.013 0
      vertex 137 119 0
    endloop
  endfacet
  facet normal 0.947145 -0.320807 0
    outer loop
      vertex 123.551 120.888 2
      vertex 123.614 121.074 0
      vertex 123.614 121.074 2
    endloop
  endfacet
  facet normal 0.947145 -0.320807 0
    outer loop
      vertex 123.614 121.074 0
      vertex 123.551 120.888 2
      vertex 123.551 120.888 0
    endloop
  endfacet
  facet normal 0.443134 -0.896455 0
    outer loop
      vertex 124.25 121.799 0
      vertex 124.426 121.886 2
      vertex 124.25 121.799 2
    endloop
  endfacet
  facet normal 0.443134 -0.896455 0
    outer loop
      vertex 124.426 121.886 2
      vertex 124.25 121.799 0
      vertex 124.426 121.886 0
    endloop
  endfacet
  facet normal 0.896455 0.443134 0
    outer loop
      vertex 123.701 119.75 2
      vertex 123.614 119.926 0
      vertex 123.614 119.926 2
    endloop
  endfacet
  facet normal 0.896455 0.443134 0
    outer loop
      vertex 123.614 119.926 0
      vertex 123.701 119.75 2
      vertex 123.701 119.75 0
    endloop
  endfacet
  facet normal 0.555877 0.831265 -0
    outer loop
      vertex 124.25 119.201 0
      vertex 124.087 119.31 2
      vertex 124.25 119.201 2
    endloop
  endfacet
  facet normal 0.555877 0.831265 0
    outer loop
      vertex 124.087 119.31 2
      vertex 124.25 119.201 0
      vertex 124.087 119.31 0
    endloop
  endfacet
  facet normal 0.753837 0.657061 0
    outer loop
      vertex 123.939 119.439 2
      vertex 123.81 119.587 0
      vertex 123.81 119.587 2
    endloop
  endfacet
  facet normal 0.753837 0.657061 0
    outer loop
      vertex 123.81 119.587 0
      vertex 123.939 119.439 2
      vertex 123.939 119.439 0
    endloop
  endfacet
  facet normal 0.980972 0.194151 0
    outer loop
      vertex 123.551 120.112 2
      vertex 123.513 120.304 0
      vertex 123.513 120.304 2
    endloop
  endfacet
  facet normal 0.980972 0.194151 0
    outer loop
      vertex 123.513 120.304 0
      vertex 123.551 120.112 2
      vertex 123.551 120.112 0
    endloop
  endfacet
  facet normal 0 -1 0
    outer loop
      vertex 125 122 0
      vertex 137 122 2
      vertex 125 122 2
    endloop
  endfacet
  facet normal 0 -1 -0
    outer loop
      vertex 137 122 2
      vertex 125 122 0
      vertex 137 122 0
    endloop
  endfacet
  facet normal 0.896455 -0.443134 0
    outer loop
      vertex 123.614 121.074 2
      vertex 123.701 121.25 0
      vertex 123.701 121.25 2
    endloop
  endfacet
  facet normal 0.896455 -0.443134 0
    outer loop
      vertex 123.701 121.25 0
      vertex 123.614 121.074 2
      vertex 123.614 121.074 0
    endloop
  endfacet
  facet normal -0.194151 -0.980972 0
    outer loop
      vertex 137.196 121.987 0
      vertex 137.388 121.949 2
      vertex 137.196 121.987 2
    endloop
  endfacet
  facet normal -0.194151 -0.980972 -0
    outer loop
      vertex 137.388 121.949 2
      vertex 137.196 121.987 0
      vertex 137.388 121.949 0
    endloop
  endfacet
  facet normal -0.443134 0.896455 0
    outer loop
      vertex 137.75 119.201 0
      vertex 137.574 119.114 2
      vertex 137.75 119.201 2
    endloop
  endfacet
  facet normal -0.443134 0.896455 0
    outer loop
      vertex 137.574 119.114 2
      vertex 137.75 119.201 0
      vertex 137.574 119.114 0
    endloop
  endfacet
  facet normal 0.831265 0.555877 0
    outer loop
      vertex 123.81 119.587 2
      vertex 123.701 119.75 0
      vertex 123.701 119.75 2
    endloop
  endfacet
  facet normal 0.831265 0.555877 0
    outer loop
      vertex 123.701 119.75 0
      vertex 123.81 119.587 2
      vertex 123.81 119.587 0
    endloop
  endfacet
  facet normal -0.555877 -0.831265 0
    outer loop
      vertex 137.75 121.799 0
      vertex 137.913 121.69 2
      vertex 137.75 121.799 2
    endloop
  endfacet
  facet normal -0.555877 -0.831265 -0
    outer loop
      vertex 137.913 121.69 2
      vertex 137.75 121.799 0
      vertex 137.913 121.69 0
    endloop
  endfacet
  facet normal -0.997808 -0.0661811 0
    outer loop
      vertex 138.5 120.5 0
      vertex 138.487 120.696 2
      vertex 138.487 120.696 0
    endloop
  endfacet
  facet normal -0.997808 -0.0661811 0
    outer loop
      vertex 138.487 120.696 2
      vertex 138.5 120.5 0
      vertex 138.5 120.5 2
    endloop
  endfacet
  facet normal -0.320807 -0.947145 0
    outer loop
      vertex 137.388 121.949 0
      vertex 137.574 121.886 2
      vertex 137.388 121.949 2
    endloop
  endfacet
  facet normal -0.320807 -0.947145 -0
    outer loop
      vertex 137.574 121.886 2
      vertex 137.388 121.949 0
      vertex 137.574 121.886 0
    endloop
  endfacet
  facet normal 0.997808 -0.0661811 0
    outer loop
      vertex 123.5 120.5 2
      vertex 123.513 120.696 0
      vertex 123.513 120.696 2
    endloop
  endfacet
  facet normal 0.997808 -0.0661811 0
    outer loop
      vertex 123.513 120.696 0
      vertex 123.5 120.5 2
      vertex 123.5 120.5 0
    endloop
  endfacet
  facet normal -0.997808 0.0661811 0
    outer loop
      vertex 138.487 120.304 0
      vertex 138.5 120.5 2
      vertex 138.5 120.5 0
    endloop
  endfacet
  facet normal -0.997808 0.0661811 0
    outer loop
      vertex 138.5 120.5 2
      vertex 138.487 120.304 0
      vertex 138.487 120.304 2
    endloop
  endfacet
  facet normal 0.753837 -0.657061 0
    outer loop
      vertex 123.81 121.413 2
      vertex 123.939 121.561 0
      vertex 123.939 121.561 2
    endloop
  endfacet
  facet normal 0.753837 -0.657061 0
    outer loop
      vertex 123.939 121.561 0
      vertex 123.81 121.413 2
      vertex 123.81 121.413 0
    endloop
  endfacet
  facet normal 0.980972 -0.194151 0
    outer loop
      vertex 123.513 120.696 2
      vertex 123.551 120.888 0
      vertex 123.551 120.888 2
    endloop
  endfacet
  facet normal 0.980972 -0.194151 0
    outer loop
      vertex 123.551 120.888 0
      vertex 123.513 120.696 2
      vertex 123.513 120.696 0
    endloop
  endfacet
  facet normal -0.0661811 -0.997808 0
    outer loop
      vertex 137 122 0
      vertex 137.196 121.987 2
      vertex 137 122 2
    endloop
  endfacet
  facet normal -0.0661811 -0.997808 -0
    outer loop
      vertex 137.196 121.987 2
      vertex 137 122 0
      vertex 137.196 121.987 0
    endloop
  endfacet
  facet normal -0.831265 0.555877 0
    outer loop
      vertex 138.19 119.587 0
      vertex 138.299 119.75 2
      vertex 138.299 119.75 0
    endloop
  endfacet
  facet normal -0.831265 0.555877 0
    outer loop
      vertex 138.299 119.75 2
      vertex 138.19 119.587 0
      vertex 138.19 119.587 2
    endloop
  endfacet
  facet normal 0.657061 0.753837 -0
    outer loop
      vertex 124.087 119.31 0
      vertex 123.939 119.439 2
      vertex 124.087 119.31 2
    endloop
  endfacet
  facet normal 0.657061 0.753837 0
    outer loop
      vertex 123.939 119.439 2
      vertex 124.087 119.31 0
      vertex 123.939 119.439 0
    endloop
  endfacet
  facet normal 0.997808 0.0661811 0
    outer loop
      vertex 123.513 120.304 2
      vertex 123.5 120.5 0
      vertex 123.5 120.5 2
    endloop
  endfacet
  facet normal 0.997808 0.0661811 0
    outer loop
      vertex 123.5 120.5 0
      vertex 123.513 120.304 2
      vertex 123.513 120.304 0
    endloop
  endfacet
  facet normal -0.320807 0.947145 0
    outer loop
      vertex 137.574 119.114 0
      vertex 137.388 119.051 2
      vertex 137.574 119.114 2
    endloop
  endfacet
  facet normal -0.320807 0.947145 0
    outer loop
      vertex 137.388 119.051 2
      vertex 137.574 119.114 0
      vertex 137.388 119.051 0
    endloop
  endfacet
  facet normal -0.657061 -0.753837 0
    outer loop
      vertex 137.913 121.69 0
      vertex 138.061 121.561 2
      vertex 137.913 121.69 2
    endloop
  endfacet
  facet normal -0.657061 -0.753837 -0
    outer loop
      vertex 138.061 121.561 2
      vertex 137.913 121.69 0
      vertex 138.061 121.561 0
    endloop
  endfacet
  facet normal -0.896455 -0.443134 0
    outer loop
      vertex 138.386 121.074 0
      vertex 138.299 121.25 2
      vertex 138.299 121.25 0
    endloop
  endfacet
  facet normal -0.896455 -0.443134 0
    outer loop
      vertex 138.299 121.25 2
      vertex 138.386 121.074 0
      vertex 138.386 121.074 2
    endloop
  endfacet
  facet normal -0.657061 0.753837 0
    outer loop
      vertex 138.061 119.439 0
      vertex 137.913 119.31 2
      vertex 138.061 119.439 2
    endloop
  endfacet
  facet normal -0.657061 0.753837 0
    outer loop
      vertex 137.913 119.31 2
      vertex 138.061 119.439 0
      vertex 137.913 119.31 0
    endloop
  endfacet
  facet normal -0.555877 0.831265 0
    outer loop
      vertex 137.913 119.31 0
      vertex 137.75 119.201 2
      vertex 137.913 119.31 2
    endloop
  endfacet
  facet normal -0.555877 0.831265 0
    outer loop
      vertex 137.75 119.201 2
      vertex 137.913 119.31 0
      vertex 137.75 119.201 0
    endloop
  endfacet
  facet normal 0.320807 0.947145 -0
    outer loop
      vertex 124.612 119.051 0
      vertex 124.426 119.114 2
      vertex 124.612 119.051 2
    endloop
  endfacet
  facet normal 0.320807 0.947145 0
    outer loop
      vertex 124.426 119.114 2
      vertex 124.612 119.051 0
      vertex 124.426 119.114 0
    endloop
  endfacet
  facet normal 0.947145 0.320807 0
    outer loop
      vertex 123.614 119.926 2
      vertex 123.551 120.112 0
      vertex 123.551 120.112 2
    endloop
  endfacet
  facet normal 0.947145 0.320807 0
    outer loop
      vertex 123.551 120.112 0
      vertex 123.614 119.926 2
      vertex 123.614 119.926 0
    endloop
  endfacet
  facet normal 0.831265 -0.555877 0
    outer loop
      vertex 123.701 121.25 2
      vertex 123.81 121.413 0
      vertex 123.81 121.413 2
    endloop
  endfacet
  facet normal 0.831265 -0.555877 0
    outer loop
      vertex 123.81 121.413 0
      vertex 123.701 121.25 2
      vertex 123.701 121.25 0
    endloop
  endfacet
  facet normal -0.980972 -0.194151 0
    outer loop
      vertex 138.487 120.696 0
      vertex 138.449 120.888 2
      vertex 138.449 120.888 0
    endloop
  endfacet
  facet normal -0.980972 -0.194151 0
    outer loop
      vertex 138.449 120.888 2
      vertex 138.487 120.696 0
      vertex 138.487 120.696 2
    endloop
  endfacet
  facet normal -0.980972 0.194151 0
    outer loop
      vertex 138.449 120.112 0
      vertex 138.487 120.304 2
      vertex 138.487 120.304 0
    endloop
  endfacet
  facet normal -0.980972 0.194151 0
    outer loop
      vertex 138.487 120.304 2
      vertex 138.449 120.112 0
      vertex 138.449 120.112 2
    endloop
  endfacet
  facet normal -0.947145 -0.320807 0
    outer loop
      vertex 138.449 120.888 0
      vertex 138.386 121.074 2
      vertex 138.386 121.074 0
    endloop
  endfacet
  facet normal -0.947145 -0.320807 0
    outer loop
      vertex 138.386 121.074 2
      vertex 138.449 120.888 0
      vertex 138.449 120.888 2
    endloop
  endfacet
  facet normal -0.443134 -0.896455 0
    outer loop
      vertex 137.574 121.886 0
      vertex 137.75 121.799 2
      vertex 137.574 121.886 2
    endloop
  endfacet
  facet normal -0.443134 -0.896455 -0
    outer loop
      vertex 137.75 121.799 2
      vertex 137.574 121.886 0
      vertex 137.75 121.799 0
    endloop
  endfacet
  facet normal -0.896455 0.443134 0
    outer loop
      vertex 138.299 119.75 0
      vertex 138.386 119.926 2
      vertex 138.386 119.926 0
    endloop
  endfacet
  facet normal -0.896455 0.443134 0
    outer loop
      vertex 138.386 119.926 2
      vertex 138.299 119.75 0
      vertex 138.299 119.75 2
    endloop
  endfacet
  facet normal -0.947145 0.320807 0
    outer loop
      vertex 138.386 119.926 0
      vertex 138.449 120.112 2
      vertex 138.449 120.112 0
    endloop
  endfacet
  facet normal -0.947145 0.320807 0
    outer loop
      vertex 138.449 120.112 2
      vertex 138.386 119.926 0
      vertex 138.386 119.926 2
    endloop
  endfacet
  facet normal -0.831265 -0.555877 0
    outer loop
      vertex 138.299 121.25 0
      vertex 138.19 121.413 2
      vertex 138.19 121.413 0
    endloop
  endfacet
  facet normal -0.831265 -0.555877 0
    outer loop
      vertex 138.19 121.413 2
      vertex 138.299 121.25 0
      vertex 138.299 121.25 2
    endloop
  endfacet
  facet normal -0.55537 -0.831603 0
    outer loop
      vertex 150.1 73.3301 0
      vertex 150.644 72.9668 2
      vertex 150.1 73.3301 2
    endloop
  endfacet
  facet normal -0.55537 -0.831603 -0
    outer loop
      vertex 150.644 72.9668 2
      vertex 150.1 73.3301 0
      vertex 150.644 72.9668 0
    endloop
  endfacet
  facet normal 0.442072 -0.89698 0
    outer loop
      vertex 145.1 73.3301 0
      vertex 145.687 73.6194 2
      vertex 145.1 73.3301 2
    endloop
  endfacet
  facet normal 0.442072 -0.89698 0
    outer loop
      vertex 145.687 73.6194 2
      vertex 145.1 73.3301 0
      vertex 145.687 73.6194 0
    endloop
  endfacet
  facet normal -0.321546 -0.946894 0
    outer loop
      vertex 148.894 73.8296 0
      vertex 149.513 73.6194 2
      vertex 148.894 73.8296 2
    endloop
  endfacet
  facet normal -0.321546 -0.946894 -0
    outer loop
      vertex 149.513 73.6194 2
      vertex 148.894 73.8296 0
      vertex 149.513 73.6194 0
    endloop
  endfacet
  facet normal 0.321546 0.946894 -0
    outer loop
      vertex 146.306 56.1704 0
      vertex 145.687 56.3806 2
      vertex 146.306 56.1704 2
    endloop
  endfacet
  facet normal 0.321546 0.946894 0
    outer loop
      vertex 145.687 56.3806 2
      vertex 146.306 56.1704 0
      vertex 145.687 56.3806 0
    endloop
  endfacet
  facet normal -0.0654033 -0.997859 0
    outer loop
      vertex 147.6 74 0
      vertex 148.253 73.9572 2
      vertex 147.6 74 2
    endloop
  endfacet
  facet normal -0.0654033 -0.997859 -0
    outer loop
      vertex 148.253 73.9572 2
      vertex 147.6 74 0
      vertex 148.253 73.9572 0
    endloop
  endfacet
  facet normal 0.980961 -0.194204 0
    outer loop
      vertex 142.643 69.6526 2
      vertex 142.77 70.2941 0
      vertex 142.77 70.2941 2
    endloop
  endfacet
  facet normal 0.980961 -0.194204 0
    outer loop
      vertex 142.77 70.2941 0
      vertex 142.643 69.6526 2
      vertex 142.643 69.6526 0
    endloop
  endfacet
  facet normal -0.442072 -0.89698 0
    outer loop
      vertex 149.513 73.6194 0
      vertex 150.1 73.3301 2
      vertex 149.513 73.6194 2
    endloop
  endfacet
  facet normal -0.442072 -0.89698 -0
    outer loop
      vertex 150.1 73.3301 2
      vertex 149.513 73.6194 0
      vertex 150.1 73.3301 0
    endloop
  endfacet
  facet normal -0.946569 -0.322503 0
    outer loop
      vertex 152.43 70.2941 0
      vertex 152.219 70.9134 2
      vertex 152.219 70.9134 0
    endloop
  endfacet
  facet normal -0.946569 -0.322503 0
    outer loop
      vertex 152.219 70.9134 2
      vertex 152.43 70.2941 0
      vertex 152.43 70.2941 2
    endloop
  endfacet
  facet normal -0.0654033 0.997859 0
    outer loop
      vertex 148.253 56.0428 0
      vertex 147.6 56 2
      vertex 148.253 56.0428 2
    endloop
  endfacet
  facet normal -0.0654033 0.997859 0
    outer loop
      vertex 147.6 56 2
      vertex 148.253 56.0428 0
      vertex 147.6 56 0
    endloop
  endfacet
  facet normal -0.751998 -0.659165 0
    outer loop
      vertex 151.567 72.0438 0
      vertex 151.136 72.5355 2
      vertex 151.136 72.5355 0
    endloop
  endfacet
  facet normal -0.751998 -0.659165 0
    outer loop
      vertex 151.136 72.5355 2
      vertex 151.567 72.0438 0
      vertex 151.567 72.0438 2
    endloop
  endfacet
  facet normal -0.659197 -0.75197 0
    outer loop
      vertex 150.644 72.9668 0
      vertex 151.136 72.5355 2
      vertex 150.644 72.9668 2
    endloop
  endfacet
  facet normal -0.659197 -0.75197 -0
    outer loop
      vertex 151.136 72.5355 2
      vertex 150.644 72.9668 0
      vertex 151.136 72.5355 0
    endloop
  endfacet
  facet normal 1 -0 0
    outer loop
      vertex 142.6 61 2
      vertex 142.6 69 0
      vertex 142.6 69 2
    endloop
  endfacet
  facet normal 1 0 0
    outer loop
      vertex 142.6 69 0
      vertex 142.6 61 2
      vertex 142.6 61 0
    endloop
  endfacet
  facet normal 0.659197 -0.75197 0
    outer loop
      vertex 144.064 72.5355 0
      vertex 144.556 72.9668 2
      vertex 144.064 72.5355 2
    endloop
  endfacet
  facet normal 0.659197 -0.75197 0
    outer loop
      vertex 144.556 72.9668 2
      vertex 144.064 72.5355 0
      vertex 144.556 72.9668 0
    endloop
  endfacet
  facet normal 0.0654033 -0.997859 0
    outer loop
      vertex 146.947 73.9572 0
      vertex 147.6 74 2
      vertex 146.947 73.9572 2
    endloop
  endfacet
  facet normal 0.0654033 -0.997859 0
    outer loop
      vertex 147.6 74 2
      vertex 146.947 73.9572 0
      vertex 147.6 74 0
    endloop
  endfacet
  facet normal -0.897042 -0.441945 0
    outer loop
      vertex 152.219 70.9134 0
      vertex 151.93 71.5 2
      vertex 151.93 71.5 0
    endloop
  endfacet
  facet normal -0.897042 -0.441945 0
    outer loop
      vertex 151.93 71.5 2
      vertex 152.219 70.9134 0
      vertex 152.219 70.9134 2
    endloop
  endfacet
  facet normal 0.946569 0.322503 0
    outer loop
      vertex 142.981 59.0866 2
      vertex 142.77 59.7059 0
      vertex 142.77 59.7059 2
    endloop
  endfacet
  facet normal 0.946569 0.322503 0
    outer loop
      vertex 142.77 59.7059 0
      vertex 142.981 59.0866 2
      vertex 142.981 59.0866 0
    endloop
  endfacet
  facet normal 0.980961 0.194204 0
    outer loop
      vertex 142.77 59.7059 2
      vertex 142.643 60.3474 0
      vertex 142.643 60.3474 2
    endloop
  endfacet
  facet normal 0.980961 0.194204 0
    outer loop
      vertex 142.643 60.3474 0
      vertex 142.77 59.7059 2
      vertex 142.77 59.7059 0
    endloop
  endfacet
  facet normal -0.946569 0.322503 0
    outer loop
      vertex 152.219 59.0866 0
      vertex 152.43 59.7059 2
      vertex 152.43 59.7059 0
    endloop
  endfacet
  facet normal -0.946569 0.322503 0
    outer loop
      vertex 152.43 59.7059 2
      vertex 152.219 59.0866 0
      vertex 152.219 59.0866 2
    endloop
  endfacet
  facet normal 0.997836 0.0657477 0
    outer loop
      vertex 142.643 60.3474 2
      vertex 142.6 61 0
      vertex 142.6 61 2
    endloop
  endfacet
  facet normal 0.997836 0.0657477 0
    outer loop
      vertex 142.6 61 0
      vertex 142.643 60.3474 2
      vertex 142.643 60.3474 0
    endloop
  endfacet
  facet normal 0.659197 0.75197 -0
    outer loop
      vertex 144.556 57.0332 0
      vertex 144.064 57.4645 2
      vertex 144.556 57.0332 2
    endloop
  endfacet
  facet normal 0.659197 0.75197 0
    outer loop
      vertex 144.064 57.4645 2
      vertex 144.556 57.0332 0
      vertex 144.064 57.4645 0
    endloop
  endfacet
  facet normal -0.980961 -0.194204 0
    outer loop
      vertex 152.557 69.6526 0
      vertex 152.43 70.2941 2
      vertex 152.43 70.2941 0
    endloop
  endfacet
  facet normal -0.980961 -0.194204 0
    outer loop
      vertex 152.43 70.2941 2
      vertex 152.557 69.6526 0
      vertex 152.557 69.6526 2
    endloop
  endfacet
  facet normal 0.442072 0.89698 -0
    outer loop
      vertex 145.687 56.3806 0
      vertex 145.1 56.6699 2
      vertex 145.687 56.3806 2
    endloop
  endfacet
  facet normal 0.442072 0.89698 0
    outer loop
      vertex 145.1 56.6699 2
      vertex 145.687 56.3806 0
      vertex 145.1 56.6699 0
    endloop
  endfacet
  facet normal 0.0654033 0.997859 -0
    outer loop
      vertex 147.6 56 0
      vertex 146.947 56.0428 2
      vertex 147.6 56 2
    endloop
  endfacet
  facet normal 0.0654033 0.997859 0
    outer loop
      vertex 146.947 56.0428 2
      vertex 147.6 56 0
      vertex 146.947 56.0428 0
    endloop
  endfacet
  facet normal 0.55537 -0.831603 0
    outer loop
      vertex 144.556 72.9668 0
      vertex 145.1 73.3301 2
      vertex 144.556 72.9668 2
    endloop
  endfacet
  facet normal 0.55537 -0.831603 0
    outer loop
      vertex 145.1 73.3301 2
      vertex 144.556 72.9668 0
      vertex 145.1 73.3301 0
    endloop
  endfacet
  facet normal -0.831721 -0.555194 0
    outer loop
      vertex 151.93 71.5 0
      vertex 151.567 72.0438 2
      vertex 151.567 72.0438 0
    endloop
  endfacet
  facet normal -0.831721 -0.555194 0
    outer loop
      vertex 151.567 72.0438 2
      vertex 151.93 71.5 0
      vertex 151.93 71.5 2
    endloop
  endfacet
  facet normal -0.997836 -0.0657477 0
    outer loop
      vertex 152.6 69 0
      vertex 152.557 69.6526 2
      vertex 152.557 69.6526 0
    endloop
  endfacet
  facet normal -0.997836 -0.0657477 0
    outer loop
      vertex 152.557 69.6526 2
      vertex 152.6 69 0
      vertex 152.6 69 2
    endloop
  endfacet
  facet normal -0.897042 0.441945 0
    outer loop
      vertex 151.93 58.5 0
      vertex 152.219 59.0866 2
      vertex 152.219 59.0866 0
    endloop
  endfacet
  facet normal -0.897042 0.441945 0
    outer loop
      vertex 152.219 59.0866 2
      vertex 151.93 58.5 0
      vertex 151.93 58.5 2
    endloop
  endfacet
  facet normal -0.55537 0.831603 0
    outer loop
      vertex 150.644 57.0332 0
      vertex 150.1 56.6699 2
      vertex 150.644 57.0332 2
    endloop
  endfacet
  facet normal -0.55537 0.831603 0
    outer loop
      vertex 150.1 56.6699 2
      vertex 150.644 57.0332 0
      vertex 150.1 56.6699 0
    endloop
  endfacet
  facet normal 0.751998 0.659165 0
    outer loop
      vertex 144.064 57.4645 2
      vertex 143.633 57.9562 0
      vertex 143.633 57.9562 2
    endloop
  endfacet
  facet normal 0.751998 0.659165 0
    outer loop
      vertex 143.633 57.9562 0
      vertex 144.064 57.4645 2
      vertex 144.064 57.4645 0
    endloop
  endfacet
  facet normal 0.55537 0.831603 -0
    outer loop
      vertex 145.1 56.6699 0
      vertex 144.556 57.0332 2
      vertex 145.1 56.6699 2
    endloop
  endfacet
  facet normal 0.55537 0.831603 0
    outer loop
      vertex 144.556 57.0332 2
      vertex 145.1 56.6699 0
      vertex 144.556 57.0332 0
    endloop
  endfacet
  facet normal 0.321546 -0.946894 0
    outer loop
      vertex 145.687 73.6194 0
      vertex 146.306 73.8296 2
      vertex 145.687 73.6194 2
    endloop
  endfacet
  facet normal 0.321546 -0.946894 0
    outer loop
      vertex 146.306 73.8296 2
      vertex 145.687 73.6194 0
      vertex 146.306 73.8296 0
    endloop
  endfacet
  facet normal 0.946569 -0.322503 0
    outer loop
      vertex 142.77 70.2941 2
      vertex 142.981 70.9134 0
      vertex 142.981 70.9134 2
    endloop
  endfacet
  facet normal 0.946569 -0.322503 0
    outer loop
      vertex 142.981 70.9134 0
      vertex 142.77 70.2941 2
      vertex 142.77 70.2941 0
    endloop
  endfacet
  facet normal -1 0 0
    outer loop
      vertex 152.6 61 0
      vertex 152.6 69 2
      vertex 152.6 69 0
    endloop
  endfacet
  facet normal -1 -0 0
    outer loop
      vertex 152.6 69 2
      vertex 152.6 61 0
      vertex 152.6 61 2
    endloop
  endfacet
  facet normal -0.997836 0.0657477 0
    outer loop
      vertex 152.557 60.3474 0
      vertex 152.6 61 2
      vertex 152.6 61 0
    endloop
  endfacet
  facet normal -0.997836 0.0657477 0
    outer loop
      vertex 152.6 61 2
      vertex 152.557 60.3474 0
      vertex 152.557 60.3474 2
    endloop
  endfacet
  facet normal -0.195233 -0.980757 0
    outer loop
      vertex 148.253 73.9572 0
      vertex 148.894 73.8296 2
      vertex 148.253 73.9572 2
    endloop
  endfacet
  facet normal -0.195233 -0.980757 -0
    outer loop
      vertex 148.894 73.8296 2
      vertex 148.253 73.9572 0
      vertex 148.894 73.8296 0
    endloop
  endfacet
  facet normal -0.751998 0.659165 0
    outer loop
      vertex 151.136 57.4645 0
      vertex 151.567 57.9562 2
      vertex 151.567 57.9562 0
    endloop
  endfacet
  facet normal -0.751998 0.659165 0
    outer loop
      vertex 151.567 57.9562 2
      vertex 151.136 57.4645 0
      vertex 151.136 57.4645 2
    endloop
  endfacet
  facet normal 0.831721 0.555194 0
    outer loop
      vertex 143.633 57.9562 2
      vertex 143.27 58.5 0
      vertex 143.27 58.5 2
    endloop
  endfacet
  facet normal 0.831721 0.555194 0
    outer loop
      vertex 143.27 58.5 0
      vertex 143.633 57.9562 2
      vertex 143.633 57.9562 0
    endloop
  endfacet
  facet normal -0.442072 0.89698 0
    outer loop
      vertex 150.1 56.6699 0
      vertex 149.513 56.3806 2
      vertex 150.1 56.6699 2
    endloop
  endfacet
  facet normal -0.442072 0.89698 0
    outer loop
      vertex 149.513 56.3806 2
      vertex 150.1 56.6699 0
      vertex 149.513 56.3806 0
    endloop
  endfacet
  facet normal 0.897042 -0.441945 0
    outer loop
      vertex 142.981 70.9134 2
      vertex 143.27 71.5 0
      vertex 143.27 71.5 2
    endloop
  endfacet
  facet normal 0.897042 -0.441945 0
    outer loop
      vertex 143.27 71.5 0
      vertex 142.981 70.9134 2
      vertex 142.981 70.9134 0
    endloop
  endfacet
  facet normal 0.751998 -0.659165 0
    outer loop
      vertex 143.633 72.0438 2
      vertex 144.064 72.5355 0
      vertex 144.064 72.5355 2
    endloop
  endfacet
  facet normal 0.751998 -0.659165 0
    outer loop
      vertex 144.064 72.5355 0
      vertex 143.633 72.0438 2
      vertex 143.633 72.0438 0
    endloop
  endfacet
  facet normal 0.195233 -0.980757 0
    outer loop
      vertex 146.306 73.8296 0
      vertex 146.947 73.9572 2
      vertex 146.306 73.8296 2
    endloop
  endfacet
  facet normal 0.195233 -0.980757 0
    outer loop
      vertex 146.947 73.9572 2
      vertex 146.306 73.8296 0
      vertex 146.947 73.9572 0
    endloop
  endfacet
  facet normal 0.831721 -0.555194 0
    outer loop
      vertex 143.27 71.5 2
      vertex 143.633 72.0438 0
      vertex 143.633 72.0438 2
    endloop
  endfacet
  facet normal 0.831721 -0.555194 0
    outer loop
      vertex 143.633 72.0438 0
      vertex 143.27 71.5 2
      vertex 143.27 71.5 0
    endloop
  endfacet
  facet normal 0.997836 -0.0657477 0
    outer loop
      vertex 142.6 69 2
      vertex 142.643 69.6526 0
      vertex 142.643 69.6526 2
    endloop
  endfacet
  facet normal 0.997836 -0.0657477 0
    outer loop
      vertex 142.643 69.6526 0
      vertex 142.6 69 2
      vertex 142.6 69 0
    endloop
  endfacet
  facet normal -0.659197 0.75197 0
    outer loop
      vertex 151.136 57.4645 0
      vertex 150.644 57.0332 2
      vertex 151.136 57.4645 2
    endloop
  endfacet
  facet normal -0.659197 0.75197 0
    outer loop
      vertex 150.644 57.0332 2
      vertex 151.136 57.4645 0
      vertex 150.644 57.0332 0
    endloop
  endfacet
  facet normal -0.980961 0.194204 0
    outer loop
      vertex 152.43 59.7059 0
      vertex 152.557 60.3474 2
      vertex 152.557 60.3474 0
    endloop
  endfacet
  facet normal -0.980961 0.194204 0
    outer loop
      vertex 152.557 60.3474 2
      vertex 152.43 59.7059 0
      vertex 152.43 59.7059 2
    endloop
  endfacet
  facet normal 0.195233 0.980757 -0
    outer loop
      vertex 146.947 56.0428 0
      vertex 146.306 56.1704 2
      vertex 146.947 56.0428 2
    endloop
  endfacet
  facet normal 0.195233 0.980757 0
    outer loop
      vertex 146.306 56.1704 2
      vertex 146.947 56.0428 0
      vertex 146.306 56.1704 0
    endloop
  endfacet
  facet normal -0.321546 0.946894 0
    outer loop
      vertex 149.513 56.3806 0
      vertex 148.894 56.1704 2
      vertex 149.513 56.3806 2
    endloop
  endfacet
  facet normal -0.321546 0.946894 0
    outer loop
      vertex 148.894 56.1704 2
      vertex 149.513 56.3806 0
      vertex 148.894 56.1704 0
    endloop
  endfacet
  facet normal 0.897042 0.441945 0
    outer loop
      vertex 143.27 58.5 2
      vertex 142.981 59.0866 0
      vertex 142.981 59.0866 2
    endloop
  endfacet
  facet normal 0.897042 0.441945 0
    outer loop
      vertex 142.981 59.0866 0
      vertex 143.27 58.5 2
      vertex 143.27 58.5 0
    endloop
  endfacet
  facet normal -0.195233 0.980757 0
    outer loop
      vertex 148.894 56.1704 0
      vertex 148.253 56.0428 2
      vertex 148.894 56.1704 2
    endloop
  endfacet
  facet normal -0.195233 0.980757 0
    outer loop
      vertex 148.253 56.0428 2
      vertex 148.894 56.1704 0
      vertex 148.253 56.0428 0
    endloop
  endfacet
  facet normal -0.831721 0.555194 0
    outer loop
      vertex 151.567 57.9562 0
      vertex 151.93 58.5 2
      vertex 151.93 58.5 0
    endloop
  endfacet
  facet normal -0.831721 0.555194 0
    outer loop
      vertex 151.93 58.5 2
      vertex 151.567 57.9562 0
      vertex 151.567 57.9562 2
    endloop
  endfacet
endsolid OpenSCAD_Model
